22630141	150994945
65179117	4362108928
18602173	1073778688
21656521	4362108928
52553809	3221356544
41228065	1074270208
1076689	57344
10771417	11
45523657	671088644
3373525	2147520512
58386457	4295004160
25213069	6442455040
13603177	1610612992
4422313	67141696
12175309	671092736
9997381	1610613248
36465265	142610432
11951749	67141633
39898693	201326593
23548357	1610613248
50539177	1064964
51139225	1610613248
58206637	36865
76728097	671088644
1083817	561152
47615725	1090519041
22823569	671088768
77679037	37120
38988253	1610612992
53441245	37376
32436001	536870917
52494193	1610613248
47826973	4362076161
52596253	2147520512
73802377	1140850689
12700513	4130
61790077	1610613248
21234349	4362108928
65753245	1610613248
34995601	1610613248
59630617	4311744513
62069365	4295000065
10261765	1074823168
5722849	2147520512
109873	134250497
59505229	1073778688
13914865	67158016
33579721	524354
5046013	163856
80674417	1073745922
28194517	150995072
76023073	561152
20864665	83886081
36744553	671088768
53305489	36865
48723805	561152
58905829	2147520512
31046365	25165825
51852673	1073778688
42560353	2147520512
30018961	67141633
29663533	1610613248
56688373	5368713216
39513457	36865
35250913	36865
22505077	671088644
44940781	1610612992
40964653	2147487746
68563297	1610613248
33537277	671088768
7366825	67141696
15414013	83886081
652249	1073778688
51156073	8392736
67727701	1610613248
14603041	1610613248
8425333	1610613248
39842317	67145728
27502777	134218753
34255261	518
56880505	4295000065
3056977	1610613248
40870045	4362076162
15022297	4295000065
54955297	1073774593
8216353	1610613248
63848449	1610613248
47801701	2147487746
71259301	4362108928
54351037	1085440
22047913	671088768
487333	1610613248
68174497	4099
53603893	36865
67624021	1085440
8666713	4362108928
11408077	8462336
32026789	2147487760
3208609	1081345
51665401	2147487760
35755057	16809985
24587101	201326593
36833977	37376
41433157	3221229568
60215761	67142144
21216853	2147520512
52140385	4311744513
1703629	1610613248
78562261	67108960
64605961	1140883456
68977369	1073873408
33895621	37376
59762809	201326593
2267389	1610613248
7811029	135184
3548161	1048610
73268425	32833
66368845	4362076161
58590253	3221356544
36599725	4295000065
27923653	36928
108901	134250497
29852101	671092736
59142673	1081348
36632449	1610613248
50693725	1610613248
54202645	65793
49747645	3221229568
4583665	1610613248
20511181	53248
21232081	1074823168
49470301	1085440
27300601	36866
81259885	1610613248
243361	553650176
12368737	4295000065
15460345	150994945
23286241	135266432
80317693	5435817984
68038417	4311744513
74545633	1073746176
61417477	4295000080
78649417	2148012032
58418209	37376
17609437	4362108928
196705	36866
69732289	37120
10530685	36865
1888957	102400
7829821	1610613248
76422241	1610613248
18748621	8425472
33442345	40961
21156589	1073746176
70784965	67141633
39287953	2147520512
53521273	671088644
74178217	1610612992
76755961	1610613248
22076425	67141633
11058805	536875520
78147541	5368713216
39714337	36865
1421749	4362108928
45658765	671088644
22256893	2147487745
15139585	1610613248
77643721	5402263552
62353189	83918848
28563877	524354
49471273	135266308
21447217	1610613248
38025649	1610613248
184393	671088644
42548365	671088644
1138249	16781313
11298241	262150
40490317	1610613248
78958837	16912384
73362385	1610613248
44678017	2181070848
64766989	32833
46608733	2148012032
18046513	1610613248
79349905	518
57642229	20736
63027433	40961
64460161	36865
31059649	1610612992
180505	1610613248
58410433	67145728
11787157	671088641
61564249	17858560
40767013	65570
30293065	4362108928
22129885	201326593
77603545	1610613248
47720377	37376
9010801	2147520512
72343081	37376
1819297	1610612992
67316869	2134016
81711865	1073778688
9224965	1610613248
51135661	1610613248
15299641	36865
79839469	3221229568
76231729	1610613248
2421613	5368971264
2353249	1610613248
57439081	1610613248
78866497	135299072
43217749	671088768
18573013	1610612992
18591805	327681
15361201	1073938432
31654837	1073745921
38390149	536871170
45076861	28672
79189849	36865
6689341	1610613248
65444797	1074823168
42939109	2097409
13522177	553648132
47547037	1610612992
18526681	83886144
28661077	150994945
3356029	1108344832
77559157	1610613248
38892673	32833
2321173	37376
79610725	8396928
5759137	524354
53927893	16779266
22740625	2621504
63765505	33025
6439537	83918848
23210425	1073745921
73167661	150994945
15493717	671088644
41954149	1610613248
54981865	2147520512
3225457	17334272
53164549	671088768
32922649	1207959680
46849141	69648
80521813	1610613248
6169969	17301568
62391097	671088768
71194501	671088768
39840049	1610612992
18894421	4161
21747565	150994945
31392397	67141633
56404873	134221826
69788017	37376
47044189	8425472
63283717	557120
78646825	1610612992
683353	671092736
39020653	6442451008
73128457	5368713216
27083845	83918848
74749429	2164264960
11214973	2147520512
73291429	1610613248
22565341	671088641
71777701	2147520512
5506417	1610612992
13151521	1610613248
31089133	134221825
6575617	2148012032
23732389	4362108928
31766617	1081348
7898185	1082134528
79964209	4362108928
2316637	5368713216
31987261	36866
14946805	4295001088
4521457	1610613248
64374301	2147520512
1143433	4311744513
14877793	4102
37383157	196610
329221	16809985
36690121	2147520512
28848673	16809985
64080109	57344
60927589	1610613248
3574729	1610613248
34280857	528416
47750185	1610612992
18880813	32833
73758961	2147520512
38494153	67141633
38609821	16912384
39996541	1081345
79825537	1074823168
40377889	1610613248
80832853	4362108928
32636557	67141633
44647237	2147520512
5854393	1610613248
60451633	1073745921
76457233	1610612992
35271649	2147487745
33767641	5368741888
972037	36866
8123689	1081348
64514917	117440512
63091585	4311744513
22064113	1090519041
56938825	1073774593
35233417	4362076161
26591041	671092736
77760037	1610613248
50097565	3221291008
64027297	3221356544
69629905	57344
57509389	2129921
49773889	67141633
7619221	1610613248
41182705	671088768
7618573	36865
68101273	2147618816
29427013	1073745921
4484845	1610613248
59091481	4362108928
31841137	4362108928
74995021	1610613248
552781	1081345
69865777	671088768
45098893	557120
47210725	36865
55346041	1610612992
8407837	1610613248
49953385	2147487746
22872817	2147520512
7103089	1610612992
59746933	2148012032
74375857	36866
13713985	67141633
64529173	37120
73194229	2147553280
46524817	671088768
62431273	671088768
35829901	1085440
73717813	327681
78405445	36868
27194977	2147520512
50526865	4395630592
1271737	1081345
3226429	2129921
22674853	1081348
68873365	1140854784
61644277	1610613248
35004673	671092736
57630241	4311744513
3106873	1610613248
75207565	2134016
9315037	1610613248
44415577	1073778688
77241961	36865
64323433	4362076161
8501473	2147487760
52741729	1085440
30874321	4362108928
3679705	135299072
76815901	1073778688
45654877	5368741888
22371589	36865
62980453	1610613248
20581813	671088768
31886173	1073745921
57565441	4362108928
65854333	37376
52286833	37376
78149485	135266308
7881661	1610612992
27820945	4295000320
16779997	37120
22493089	1610613248
33054193	32834
1978057	32802
77096485	671088644
78880105	1610613248
80114221	37376
78679873	2147520512
49600225	1146880
45341893	524354
70856245	1081348
27781093	536903684
2921221	671092736
38965573	4362108928
53976493	1074823168
8640793	553648129
75389329	2147520512
56333593	4311744513
164629	1610612992
46703017	671088768
26417377	16781313
30531853	4303355905
41069629	1610613248
22022965	4311744513
4502665	67133440
46777861	671088768
31757545	1610613248
65914921	1074282496
10334665	134218753
10135081	3221258240
65759077	1610613248
67436425	1610612992
69888781	671088768
15588001	4311777280
50292937	1610613248
60800905	327681
18864613	1074823168
72649909	671088644
5594869	1085440
5264065	2148012032
53203753	2147487745
38422549	327681
2184445	134250500
57994093	37376
12009745	1610613248
58470373	16779520
30371797	1090519041
71262865	4102
67086505	4311744513
62766613	36865
54989641	1081348
70694893	4311744513
30866221	150994945
36468505	16809985
21779965	201326593
68609953	4362207232
5200885	671088644
43477273	16814080
38725813	196610
5279293	4362092544
24359977	1610613248
73799137	1610612992
31383649	800
28698013	4362108928
67367737	1140850689
3019393	32833
41767849	36865
1404901	561152
34325893	671088644
20226061	74
32764213	134221825
34424713	1081348
53859853	36865
21420001	4295000576
67561813	36865
67075489	102400
36785701	67108929
61698385	1610613248
57307537	671088768
35406433	135299072
20680633	1610612992
35998705	1082134528
64428085	32833
68031937	1081348
3380977	2147520512
42736285	4362108928
31165597	4311744513
51259429	1073778688
67659985	1085440
65842021	1610612992
57342529	671088768
49331305	1073745921
26692777	2147489792
7143265	1610613248
29803177	1073745921
13805353	2147520512
31835629	37376
44539669	1610613248
53793109	67141633
10543321	1074266176
65210221	1610613248
73354933	4311744513
58638205	4162
6558445	2147549200
65084833	3221356544
14646781	1610613248
14987953	1610613248
67964545	1610613248
73676341	1074270208
49235401	1610613248
66182869	16809985
73518553	69648
15764905	2147520512
67153573	3221229568
27703009	4294971393
75221821	16912384
47961433	1073762304
33298813	36866
60839461	1610613248
69114745	1081348
77478805	2147483666
44147629	671088768
18270397	83886081
53136037	4099
44609977	1610613248
27948277	201326593
8459029	1081345
53276329	134218753
47921905	671088768
33054841	4294971393
32653405	1610612992
642529	2147749888
6704893	1081348
42288193	1085440
39336877	36865
3483361	1610613248
38479249	2147520512
45568693	2147487760
30272653	50331649
58171969	671088768
27358273	2147520512
43094305	1610613248
276085	1610613248
43681717	1610613248
15868585	2147549185
25313833	135266308
44450893	1085440
1363429	1610613248
469189	1610613248
3516733	1610613248
24035329	17301568
64163701	36866
6152149	134254592
62949997	671088768
18974125	671088768
246277	671088768
68454757	1610613248
31097233	1089536
62134813	36865
37056241	1074069504
71061337	4328554496
42268753	2147520512
10938601	1610613248
12324673	536871169
75251305	2147520512
21657493	2147553280
7661341	67141633
60019093	1610613248
38761129	671088644
36859249	536875264
1937881	4294967330
357085	1610613248
37351405	196610
48354769	68190208
61714585	37376
32919085	671088768
36048277	4161
53509285	1081346
45618913	36865
23419405	1081348
5190517	1610613248
57921517	17334272
51887341	4395630592
48647665	25165825
65411101	1610613248
67059289	1610612992
37329049	524353
34046929	1073778688
4177369	4362108928
68359177	135266308
63339121	4311744513
52573249	557120
32238037	671092736
63193321	4311744513
68762881	2147618816
76607245	1073746176
75249685	3221356544
57053521	671088644
9131005	1610613248
33460489	1610613248
6125257	67141633
77749993	1610613248
76112821	1610612992
4328029	8519681
242065	671088768
12722545	1610613248
18054289	67141633
60459085	1073778688
64410913	36865
54777745	1081348
35368525	4311744513
78163741	1610613248
27374473	4102
43239457	1610613248
33529177	134251008
19036981	16809985
57180853	1610613248
40170205	4294967361
47313757	1610613248
38124793	1085440
57270925	671088768
69038281	2147520512
10045009	1610613248
62878069	1610613248
32394205	36865
45513937	1610613248
50036977	1081348
36049249	4295000065
3691693	6442455040
79080985	5368713216
41530357	1610613248
65605177	2147520512
24274441	150995072
16944589	1610613248
46285705	1610612992
63706861	1610613248
31321441	4099
5435785	2147553280
38509057	1610613248
62364853	67141633
12291949	1610613248
67412773	1610613248
4341637	2147487746
51603517	5368709121
1460629	1049604
80331301	16912384
37793341	1073762304
44682553	17301568
1643365	83918848
64367821	1610613248
49666645	2101252
66750841	1610613248
49128157	1610613248
80152777	1610613248
56172241	2147483666
78096025	1610613248
21577789	1610613248
12011689	134218242
1298629	557120
65689417	36896
74729665	67141633
67193749	36865
55388809	1090519041
81245305	671088768
40311469	671088768
33557041	134283265
48976201	1610612992
77359249	1610613248
52559965	1085440
29763325	2147520512
16633873	135266308
47850625	36866
34552045	671088768
70483321	4311744513
44215993	1610613248
59738833	2147520512
50371993	36865
32731489	1610613248
536257	327696
74081989	1073774593
32126257	4295000065
2476045	1610613248
70904521	1073745921
32092561	671088644
20354041	3221229568
39545533	1081348
13980313	2147520512
16761529	1610613248
58684537	1610613248
68670541	37376
81354493	1610613248
33936769	2147520512
68201713	4362108928
49665997	1610612992
51410413	1610613248
4505581	16809988
2706085	589856
1126909	1610613248
39841345	36865
68440501	1610613248
7352569	671092736
45401833	1081348
53345665	4362108928
42165721	1085440
44253253	671092736
17785369	36865
28030573	4295000320
72053101	16908290
59562253	36866
57645469	83886081
62641549	1610613248
47681821	135299072
55017181	4311744513
68027725	1610613248
55202185	37120
3751633	4311744513
72861805	671088768
73404829	671088768
1707517	83886081
77289265	1074823168
56857501	67141633
37792693	4130
7739425	671092736
76549249	1073745921
46420165	83918848
61185169	536903684
4964365	2147520512
31144213	1085440
26621821	1610612992
37267813	2101249
34211845	67141633
30113893	8421377
43780537	2147520512
33873589	69648
55857961	1073775104
38320165	1610613248
34472341	53248
69995053	671088768
52149133	524354
32467429	671088641
52007545	327696
52251841	1610613248
15972589	134217860
68108725	1610613248
716401	1115136
8282125	671088644
1773289	1610613248
6762565	40961
808417	327696
24788953	1610613248
30339073	4295000320
596845	8425472
24593581	8425472
61105141	1073778688
531397	2147618816
26158825	1074823168
72011953	4362076224
70169041	4362108928
9084673	2147549200
28831825	36865
50427397	70
33570001	134283265
33882013	4429185028
51798565	1610613248
49176757	1610613248
67011013	3221229568
990829	1081345
66525985	2181070848
38488321	2147520512
25532857	1610612992
14912137	150994945
58653757	524297
15806053	83886081
28613449	1610613248
68897665	1610613248
57183769	671088768
23127157	67141633
67353481	1081345
17410177	1140850689
13033909	2147487746
49789441	24580
40762477	53248
45156241	36865
49704553	135266308
60957397	1610613248
18330661	327696
3411433	1610612992
29157121	2181070848
10737397	1073778688
190873	1610612992
14324725	4311744513
28324441	25198592
6529609	1085440
2652949	10242
39088369	4362108928
69040873	2147553280
65687149	4129
8174557	536875010
5827177	671088644
55278325	1085440
14714821	1610612992
67136725	67
26742025	671088644
22808341	1610612992
14013685	2148012032
57472129	557064
17452297	4362076161
22150297	671088644
72441253	4353
35805277	5435817984
24128965	201326593
31032109	671088644
36045361	671092736
20215693	4311744513
78177349	36865
43297129	671088644
60615901	67108867
53409493	1610613248
5820373	1610613248
13347865	2147520512
36900073	150994945
3277	134217858
69192829	4295524352
12918565	1085440
80565553	16912384
9031213	1085440
6307993	1212416
54891145	1610613248
15884461	1610613248
6147613	2625536
41147389	1085440
15701077	83886081
72550117	4303360000
113113	1085440
15004801	67141633
22011949	671088644
58345633	3221225488
981757	1610613248
32570461	4295000065
79333381	1081348
25903837	134217824
26537581	537919492
46792117	36865
70047541	2147520512
29958697	36865
48328201	32802
23741785	150995072
45050941	524384
31970737	134254592
61144993	4311744513
27500509	1610613248
1959265	1610612992
11218213	2148012032
63627805	262209
75358873	1610613248
127045	134250497
9450793	3221229568
6365665	4311744513
7369741	2147553280
49899925	67108867
80086681	1610613248
21542797	1610613248
27405901	57344
57429685	16644
31291633	2134016
67361257	1146880
54348769	4102
34350193	1610612992
10325593	1610613248
41731561	2147520512
72165529	1610612992
3285397	1073778688
3232585	1610613248
972361	4311744513
45657145	2147520512
64611145	17301568
51144085	33591296
55342477	4311744513
30164437	2147520512
20645641	1610613248
38079109	1090519041
76819789	1081348
63881821	4362108928
4202641	671088768
61386697	16809985
38646433	1610613248
23739193	671088768
39957661	1610613248
30019285	201326593
43363549	671092736
62969437	4429185025
52975333	1085440
22151269	671088644
108577	16781313
6395149	1073745921
81701173	1107296257
79846273	67141633
31958101	1081345
15381937	1081348
53166169	4362076161
42404509	671088768
9137809	67108869
81391429	32833
24769189	1610613248
4913821	2147520512
43301989	671088768
4618009	4328554496
27013861	150995072
46706581	4130
21028933	2148012032
18383473	1085440
12184057	671088768
15282145	1073745921
58250377	1610613248
80540281	1610613248
80216605	1085440
65537785	4102
70571773	1610612992
73948177	5368713216
59903101	671088768
80869465	2164264960
61278805	17301568
44512129	1610613248
68070493	4311744513
2220733	36928
3652165	2147520512
51687757	1610612992
68318029	67141633
77506345	2147520512
10675513	4311744513
52925761	150995072
48817765	671092736
24483097	1610613248
12047005	1610613248
30173509	36866
75586645	1085440
47640349	4311744513
57354517	1610613248
4820833	4311744513
3718585	16777221
70513777	671088644
22193713	671088768
29590633	150994945
76191229	4295000320
28844785	2147520512
57339613	671088768
26301709	1610613248
77440573	4362076161
27059869	1048582
11950129	1081348
29461681	1610612992
6075361	75497473
12457837	671088768
7801633	100663297
33444937	57344
2658457	36866
43603633	37376
11847421	1030
23054581	2147553280
12130597	1610613248
44972857	4295000320
66995785	1610612992
2849617	67371040
29372905	67141633
35400601	135299072
13478113	16814080
19187641	2147520512
32601889	524306
81497377	37120
28039969	1140850689
3367369	1610613248
29088109	17858560
49424941	1610612992
1050121	2147487746
8598025	2147520512
30191329	53248
78923197	1073876992
35837677	4311744513
16055209	83886081
50608189	16814080
32513437	83886081
60275377	2147487745
55763029	5368741888
25011865	1610613248
71691841	2148007938
15615865	2147520512
52433605	3221229568
28665613	671088644
38915029	1610612992
63446041	2147520512
42462829	557120
32574997	1081345
1576945	1610613248
26173081	1610613248
15513481	4362076161
73937809	4395630592
75928141	1081348
20703637	57344
60820993	1610613248
4783573	4295000065
68861053	4102
26250841	1610613248
54513685	36865
43445521	1610613248
260857	671088644
7473745	135266308
10032697	150994945
25724665	4295000320
42593077	2147487760
5811949	1610613248
5039857	142610432
54826021	134217857
40242457	134217860
69532705	1610613248
68924557	1073762304
2062297	67141633
76775077	1074266176
1370881	1610612992
13302829	1610612992
1906129	1085440
62583877	1140883456
28793917	1610613248
1996849	4106
48249469	671088768
69077485	2147487760
33914089	17334272
27173917	32833
31401469	800
25760629	98305
78793597	4311744513
46223821	4102
54271009	1085440
56945305	1610613248
74338597	4362076161
38878741	1610613248
188281	135299072
47567449	36865
23402881	83886081
10793449	32833
68703265	528386
76697965	2147520512
51161257	1073762304
59060701	5435817984
60609421	4362108928
8690689	1085440
43460425	134250500
32550373	327696
51519925	16809988
29297737	1610613248
42934249	4295004160
19713169	67436544
5075497	4294971394
43017193	37120
73399321	1073876992
37702621	671088768
1006057	33591296
40655881	671088768
78183181	671088768
17287705	1085440
25389325	134221952
4071097	1610612992
35169913	134217733
6550345	1073774593
66629665	67141633
14247289	1081345
18654985	150994945
2832445	1610612992
1219249	1090519041
15683257	4295000065
27004141	671088768
3105253	33056
41712445	69648
34143481	671088768
33755329	671088768
49193281	37120
12059317	3221225474
57383353	2147520512
38332153	671088768
81551485	67633154
17643457	1610612992
21308221	150994945
79745509	1610613248
64321813	1085440
39011905	32773
75398725	1610613248
46535185	36866
48433177	2147520512
21597877	1085440
54798805	57344
39019681	671088644
26879077	16843776
33774769	1081345
64064557	4362108928
4105765	83886081
36424441	2147520512
48214153	5435817984
5155525	2164264960
64576477	2147487746
17969077	1610613248
6238657	4294971393
70927201	1610613248
60024601	4114
16739821	2147553280
37263601	1085440
57758869	1610612992
36386533	69
12621457	671088768
50905297	1081348
50880997	1081348
1599301	4296048640
25123969	262162
46454833	524322
36105301	1610612992
50623417	4362108928
69230413	1610613248
12424141	671088768
56115865	1610613248
11858437	4311744513
37985149	16809985
56891197	1074823168
80463817	2147618816
12978505	67108929
59123557	4295004160
65803141	671088768
5476609	37376
13590865	1073745921
74887777	4294967361
56212741	37120
50757553	1085440
12961009	3221229568
28459873	83886081
40147201	67141633
52381441	8409088
21700261	2147520512
54914797	2147520512
58869865	1610613248
53335945	36865
47040301	36865
60986881	1610613248
34587685	1085440
8107165	4311744513
40321837	1610613248
53041753	36896
2407357	1610613248
30421693	1610613248
53972929	671088768
54430741	17301568
65370277	1073762304
52606297	1085440
72597097	16809985
57641581	1610613248
67027537	671088768
17070949	4295004160
51893497	17301568
1525753	4311744513
73627741	1073766400
32615497	57344
52457581	800
6850045	20481
56336509	671088768
52083361	8392736
43379101	2147520512
45225253	3221225474
58936933	2147520512
14293	1610612992
2841193	2147520512
28586557	360448
11968597	1610613248
58725685	37376
32181985	4311744513
66912193	671088768
1153153	83886081
37242541	671088768
61566517	1073778688
80833177	67141633
34674841	4295004160
244333	1610613248
27543601	37376
74102077	4295524352
15031369	671088768
33602725	671092736
23997421	672137216
3869569	1610612992
50692429	33591296
48927277	36865
39914893	1074823168
67651561	2147524608
37476469	327681
62402761	671088768
6534469	67141633
67434805	1082134528
44590213	4395630592
46525141	32833
32193649	1212416
23098321	4362076161
50578057	1610612992
41997889	36865
77777209	135299072
12709909	2147520512
25191037	1610612992
28387945	4429185025
80598277	1610613248
1733113	1610613248
68923585	331776
12421225	671092736
39194317	8437760
49576249	1081345
20001205	2147520512
9079813	5435817984
28185121	4362108928
19017865	1610613248
74632141	2181042176
73817281	2147520512
79678117	53248
32254885	201326593
27015481	150995072
30295981	32802
32722741	4311744513
21850921	4362076161
7800985	4362108928
33189625	528386
47194525	67141633
31695013	671088644
4532149	1048610
63735373	1610612992
65247157	1610613248
52743349	2147483682
71591725	1610613248
81144865	1073778688
17440633	2147520512
48874789	1074823168
21157885	16809985
34334965	671088768
41241673	67141633
7180201	16781313
18195553	100679680
67802221	1081345
18778753	1140883456
62938981	1085440
34951861	2147520512
3812545	3221749760
3846889	1610612992
36590653	4311744513
49365973	1610613248
53461009	671088644
35272621	1610612992
2393749	2147520512
6872077	1610613248
31527181	1610613248
16971481	83886081
65004481	671088896
47012437	4295004160
66874933	37120
933481	2147487746
18971857	1085440
4096693	100663298
58729573	4362076161
52331869	4362338304
54036757	3221225474
8927209	4311744513
49882753	1074823168
65118205	16781313
54409357	1610613248
77446081	1610613248
39845557	1074008064
5357377	327681
18848737	1107300352
49515013	1073750528
25653709	196610
36395605	1610613248
74831725	67141633
62369065	135299072
8564005	37376
22742245	4295000320
44105509	3221229568
6126553	16809985
62183737	1074823168
51387085	1085440
15295105	1610613248
59204233	1081348
23699989	2147520512
33603697	36865
68503357	2147520512
63163837	1073778688
8224453	671088896
779257	1081348
10115641	1073750528
62597161	36865
6222133	1610613248
77850757	2684358656
57156229	4311744513
78605029	16814080
24153589	2147487746
42757993	671088768
18712009	1610613248
11817613	1074823168
14520097	1074823168
64964629	2156396544
69069709	98305
39272077	1610613248
76690837	4311744513
56238337	4130
57912445	4328554496
11212381	67109889
33953293	671088768
47938753	36865
66913165	1610613248
780553	40961
81449425	36866
28328653	2147487745
203509	1610612992
37328725	671088768
78271957	1610612992
66798145	1610612992
35928721	2147487746
79535881	37376
65967733	32802
6994873	8425472
20708173	1610612992
22628197	134283265
2165977	67108869
70027129	67141696
15576337	83886081
22102021	553648384
39678373	4311744513
67422169	536875520
73585	2147520512
1152505	83886081
104689	134250497
49617721	75530240
41283793	4362108928
79392673	3221356544
57646117	1610613248
4373065	687865856
33522049	1074823168
49093165	1085440
14459833	1610613248
120889	67141633
81716401	327696
54636157	671088768
47001745	16809985
18652069	2147549186
77098429	2147520512
77646313	36865
2384029	4429185028
24973633	83886081
36261793	1081345
72354421	1610613248
59132953	4295004160
32299597	1610613248
38549233	2147487760
8626861	83886081
45629281	4362076161
6249673	528386
50870953	4311744513
64050301	1610613248
16458589	4362080256
76756933	17301568
8170669	671092736
17393005	1610613248
6097393	1610613248
73186453	2148007938
9259957	1610612992
45435205	4429185028
74692081	1610613248
16672105	138
76887181	2147487746
76459501	1610613248
46968049	134217734
31190221	36880
55475317	1073778688
55652869	1610613248
61356241	17305600
24710221	671088768
6792049	1085440
20964133	537919492
35196805	1073745921
28114165	2147553280
80752501	671088768
2711593	557064
67586761	4311744513
66305989	16809985
81604945	67375104
69067765	4362108928
55070317	32833
61237657	2147749888
51199165	53248
62936065	4362076161
59106061	1610612992
73086661	1085440
30852289	75497473
3512521	57344
12498985	24577
26280973	4328554496
76377529	1073778688
24621121	1610613248
8251993	1610613248
40073977	2363392
49114549	100663360
3720205	1085440
2869057	67141696
51194629	150994945
3317473	1610612740
43586461	4295004160
117001	134250497
34082245	671088644
60223861	1085440
73654309	36880
68837725	16781313
59175073	327696
42171553	4362108928
29903293	537133057
45321481	1610613248
58105549	2147483682
9475741	1610613248
48400777	671088768
53460685	4311744513
46897093	4362076161
21030553	1610613248
38962981	1081348
27675145	1610613248
46796977	37120
54734977	1058
8216677	577
34488541	1610613248
19492201	2147520512
26925409	134217733
41616217	36865
53107201	3221229568
35758945	4295000065
13303477	1085440
17459749	57344
49181293	671088768
79394941	16809986
75176461	671088644
37519561	53248
54950437	2147487746
1152829	16781313
17127325	137216
65652157	4311744513
47872981	53248
43706341	1610612992
39747709	1073745924
67448413	1610613248
6620653	1610613248
25867549	6442451008
66337417	2147520512
50797729	2147520512
31629565	36866
36341497	2147520512
25435009	1610613248
64429705	1610613248
19826893	83886081
44251633	1085440
3145105	1085440
58124341	36865
48995965	1610612992
24807421	1073778688
19999909	83886081
26190253	2148012032
27664453	83886081
55055413	1610612992
44868853	561152
79115329	2147520512
26536933	4328521792
41912353	16809985
51077665	83918848
26919253	2147520512
3878317	2101504
24512581	327696
8543917	134254592
65244889	40961
40810105	671088644
28788733	671092736
5558257	83886081
50657437	2147520512
36962605	83886081
61577209	1085440
43267645	671092736
65049841	37120
34673221	524294
20746405	4311744513
49247713	1140883456
27034273	671088768
28438813	5435817984
42179653	671088768
6187141	671088768
22040785	1081348
63285985	3221229568
1348849	134218241
39206953	35
18994537	150994945
1846513	1073778688
36147097	134218244
24405337	671088768
42084721	1610613248
4300165	671092736
56958913	1610612992
22785013	8392736
71681473	5435817984
30220489	2101504
27541981	1610613248
27124021	67141696
21527245	1610613248
1903537	1085440
60428953	1073778688
80294041	4295004160
68526361	1610613248
48473353	2147520512
7885549	2155876352
75939481	2147520512
12773413	67108929
26319205	524306
80078257	2147520512
9332209	1610613248
67018789	1610613248
51360517	1085440
35223049	671092736
3315205	2147520512
77576329	36865
25156693	1610613248
79922737	1114113
33391153	1073745921
16185457	1610613248
56659213	536872964
56985805	1085440
29618173	1085440
63588277	73732
29681029	2147487746
55715077	1081348
65281177	83918848
56426581	36865
79293529	671088644
16240537	83886081
9795529	1610612992
11518885	1610613248
43657741	1610613248
29583829	2147520512
77274037	327681
41698513	4295000065
70457401	2147487746
17970049	36865
53693641	3221229568
22707253	1610613248
80463493	1090551808
18147925	1610612992
80946253	65570
71025373	1610613248
59579425	4311744513
64044793	134217888
4195189	2147520512
13907413	1146880
14546341	150994945
55439677	671088644
54562933	528386
685945	1610613248
26608213	134254592
2343529	1048582
53254297	36866
16240861	8425472
43182109	1610612992
79724773	1085440
75677041	37376
16604065	1085440
52314373	36866
58775905	2147524608
2681461	4295004160
46202437	1610613248
25371181	671088768
15552037	1085440
70345	1030
65608741	4311744513
13001185	1610613248
79036597	1610613248
2929969	2147520512
75277225	2147520512
80443405	4362108928
47502649	671088768
47490661	4362108928
18594073	671088768
41720869	2147520512
73223065	150994945
12503845	1081348
61982533	1081345
41091337	20512
23884993	36865
43045057	67108929
47612485	36880
61761889	1610612992
28148509	2147520512
71641621	1074823168
26041537	83886081
45089821	2147520512
77536153	36865
29550133	83886081
26317585	4328587264
10554661	577
63048493	1140883456
693721	16843776
6900265	1085440
39407833	83886081
52893685	1085440
20274013	36866
21345157	201326593
22474945	16844800
34228369	2147618816
71119657	1073778688
7046389	1082261504
1615825	4362076161
58647925	2147524608
81051229	1073778688
9396685	1073778688
21264157	2147565568
44379937	327681
79687189	1610612992
71474437	36865
14939677	134250500
64969813	2134016
43000021	4362076161
12751381	671088644
76457881	37376
47456965	1610612992
8424685	4362076161
73666297	5368741888
58246165	16814080
21657169	36865
4472857	4294971393
44744437	1074823168
7671385	2101250
35571025	67141633
36494101	67633216
71737201	2147520512
71927713	1085440
12003265	150994945
18446977	2147487760
29631781	70
66257389	1081348
11837377	57344
50109877	4362108928
45333145	2214658048
1689049	2147520512
77558509	1610613248
23460229	35
33180877	1107329024
79915933	4130
42349429	67141696
14091121	4362076161
53816437	553648384
12273805	67141633
80504641	327681
3510901	1610613248
5282533	1610613248
75482317	4295004160
53545573	1610613248
38544697	1610612992
81556993	1081348
32489137	28672
7180849	4311744513
59533741	528386
44852977	83886081
68194261	37376
16972129	67141633
11757349	671088768
37330345	134217864
67649617	67141633
50406013	800
41445793	17334272
44950177	1610613248
31391425	800
63690013	1140850689
73789741	2147520512
63518617	37376
11512405	671088644
17057341	1610613248
47584621	1610613248
3451285	36896
26875189	536870918
53862445	1610613248
73039033	16781313
24873193	671088644
23266477	4295000320
42791365	1610613248
59353273	16785409
953245	577
81038593	4311777280
25916149	671092736
4163113	1610613248
130285	67141633
43770169	2147520512
15792445	83886081
31227805	1074823168
16642297	16912384
3433141	1610612992
23922253	1085440
45565453	1081345
60635989	2147483666
64665577	1610613248
9747901	36865
27558181	1073778688
7988257	150994945
61951429	36865
76906297	1081345
18101269	134217733
65680021	134217733
67035961	1073778688
15026185	1090519041
10743877	4295000065
34236145	1081348
19956817	150994945
44534161	67141633
66753109	524384
43453945	524546
39062125	1081345
4126825	32833
31508065	36866
55551457	671088768
20289889	201326593
23429449	1085440
19482481	16797696
70035877	67141696
706357	17301506
28002061	1610612992
36704701	32802
81748801	1610612992
39503089	100663298
62273809	4395630592
11736937	1082134528
7518781	2148012032
56748961	2147520512
37677997	671088768
69982093	3221356544
7932205	1610613248
62544025	1610613248
60285745	331776
31395313	800
12445201	671088768
26534341	1610613248
45587809	134217857
14775409	1610613248
8809273	1610613248
39161917	1610613248
45073945	1610613248
79623685	3221229568
60627565	2134016
56370853	1074823168
67149037	4362076224
8005429	1081345
27635941	1085440
24076153	201326593
58802797	2147524608
61452145	2147520512
10914949	134254592
10237141	4362108928
74534941	1610613248
23516929	57344
33391801	1085440
1345285	16912384
33490297	1090519041
13901581	1610613248
2014021	1048582
40962709	16814080
45001693	4362108928
19600417	4294971393
70482025	6442455040
13467421	1081345
55988209	33591296
42005665	671088768
63645949	1610612992
69227173	6442455040
32071177	36866
12237517	4362338304
77943745	5368741888
44941429	37376
2097937	134217857
1137925	2129921
77448025	83886081
10467181	524548
68906737	37120
45449785	1074823168
35965009	4311744513
11564245	1081345
75238669	36865
37931041	67141633
76514257	2148007938
3391669	2147520512
189577	518
62199937	67108929
25236073	2147487746
5599405	37376
27070237	1081345
69300073	671088768
9480277	1610613248
18198145	671088768
46962541	2147520512
21823057	16809985
34315849	1610613248
75565909	37120
44030017	104
11516293	134217731
60158413	1073742592
37458649	4294987776
51209209	2148012032
72841393	83886081
29585449	2147520512
50094973	1081348
47398969	4353
32479093	36866
33316309	70
29901673	1081345
24244633	67158016
44355637	1610613248
11264869	2147487760
917281	1081348
23226301	1610613248
43072273	671088768
59047417	3221356544
74844037	327696
78993505	1074823168
3909421	4311744513
68172553	4362108928
39196261	671088768
67943809	5368713216
41386177	32864
69862213	1073762304
11015065	1610613248
30998737	137216
58535497	4311744513
36587413	671088768
58044313	1074823168
65177821	4362108928
19843417	2147520512
79705009	4311744513
9978913	1610613248
10985257	201326593
38224585	4311744513
24106933	201326593
41331421	4295000065
47646181	671088768
67065445	67141633
35624809	1610613248
48537505	36865
39300913	36865
91729	134250497
5355757	1085440
41154193	37376
13113613	1115684864
36384913	671088644
38424817	1140883456
19009441	1073778688
31026277	2147520512
522325	2180
28988317	1081360
60487597	2147520512
66480301	1081348
53053093	36865
227161	1610612992
19654849	5368709121
37349461	196610
70757749	1074008064
54428149	2147520512
49435957	135266308
43192801	671088768
12469825	2147520512
2254753	1074004032
1477801	83918848
34296085	1610613248
37599589	1090519041
68071141	1074270208
80979301	16781313
58149937	4362076161
74667133	2147487746
12534301	70
20759365	2625536
42711013	16777282
1242253	134283265
11204281	1610613248
44402941	671088768
11371465	32833
78493249	1073745936
25520869	4295000576
76583593	1073778688
39769093	4311744513
6161545	1610613248
70979689	1610613248
31598785	1610613248
46744813	16809985
27306757	20484
4973761	150994945
13867885	2147487746
39354373	1085440
35550937	671092736
79372585	16814080
55466569	1085440
78350689	2147745796
49756069	2147520512
14906629	5368713216
17561485	1610613248
38930905	4295000065
46935001	5402263552
66604717	16809985
21016621	16809985
9248617	1610613248
30694825	4295004160
38994409	2147520512
59153689	671089152
68147929	1212416
40125817	1610613248
68254525	37120
24639265	67072
53646013	671088768
35301457	1081345
38731321	16843776
115057	67141633
39625885	2147553280
76164337	16912384
11048761	2147520512
73256437	561152
38802277	1610613248
40578121	1049632
5539789	1085440
72118549	1081345
40047409	2147487746
21199681	4295004160
12490561	163856
71519473	2164262912
67571533	5368741888
52630273	5368713216
38035369	570425600
3294793	2147520512
36893917	1610613248
75378961	1081348
41068009	671092736
41008393	67141633
1574353	134217864
65043037	4295004160
7113133	150994945
17092657	4362076161
14399893	1610612992
27362161	4294971456
46596421	57344
66982825	67141633
36765289	1085440
26778313	1610612992
40932577	3221229568
55794781	671092736
55049581	1073746176
58416913	16912384
62812945	36865
2955241	4362108928
17844985	1085440
18163153	83886081
7671709	2147487746
9290413	1610613248
56934289	1082163200
46909405	37376
27163225	57344
55016533	1073762304
62185357	1610612992
36195049	1610613248
75229273	100696064
55680085	1081348
50092381	17301568
1121077	1610612992
15346621	8421377
74005201	4295004160
51150241	2147520512
48248821	8425472
29040157	134217734
69999913	16912384
9878149	101711872
47002717	671088768
28031221	1149239296
70556221	2147553280
22000609	150994945
43007473	671088768
9129709	65554
15418873	36866
62869645	1610613248
44098381	4362108928
5766913	1610612992
22187881	45056
32756437	32802
646093	1610613248
19770193	3221229568
30531529	1081360
3552697	1610613248
51303817	1073746176
34032025	4295000065
28635481	671088768
8983909	4362108928
51116221	2147487760
15120145	36866
7659397	16842754
79034653	1610612992
26800345	671092736
78623821	37376
57021445	1610613248
67170097	83886081
67172041	83886081
77901625	4311744513
61479361	8425472
25240609	671092736
12348649	4311744513
94969	8425472
52885261	5368713216
18472897	16809985
7985665	37376
1582777	4362076161
72210241	561152
17642161	150994945
35020873	4311744513
6961825	671088768
22484341	150994945
991153	671088644
67950613	2147520512
53444809	4311744513
14363929	3221229568
60171049	37120
41649913	16814080
74574145	1610612992
5727061	1610612992
51951493	2147520512
2676601	2147520512
2432953	67108929
18099973	4295000065
14876173	2147520512
12219697	1610612992
56565577	1610613248
43353181	2147520512
75383497	1610613248
56094481	2147520512
46874413	134479873
37119097	3221356544
29396557	83886081
37281421	1081345
24548221	1073745922
41161969	1610613248
47642293	262209
38854441	4362108928
59552857	1140883456
78312133	524353
33440725	2147520512
68155057	36865
68522797	1073745921
52725529	1610612992
36116641	671088768
34820965	4311744513
58704625	4311744513
77884129	2147520512
71570017	1610612992
80616097	1610613248
4302757	671088644
56416213	557120
60133789	1073742592
32970601	150994945
10087453	4311744513
2387269	4295004160
24983029	2147491844
2852533	1073778688
54684109	67108874
21480265	83918848
15417253	134217734
693073	150994945
77335273	1073778688
33002353	2147520512
38391445	1610613248
23910589	1610612992
17941861	17858560
74906569	4130
34371901	2147520512
35346169	1610613248
67444201	1610613248
5208985	4362108928
22289617	1610613248
40069441	53248
62689501	8585216
40563865	17301568
2004949	1085440
8709481	1610613248
15559813	1081345
2134873	1610612992
77721157	1610613248
1353061	327696
6696469	32802
54019909	5368709121
12426733	671092736
30034837	1610613248
62066125	134221825
48577681	16793602
7964281	1085440
56260369	4362108928
66196801	16809985
57050929	1610613248
40010797	8425472
48870253	1074823168
965233	4295004160
1713997	2147520512
6019309	2147520512
43022053	1610613248
35605693	2147520512
29716021	1610613248
30445345	2148012032
51283405	2147520512
25633	17301505
31179853	800
43612381	37120
18256465	83886081
72747757	1610612992
9006913	2147549200
11429137	1085440
59488381	16781313
53393617	4395630592
7902721	67141633
26695693	1610612992
33220081	28672
7591681	1610613248
24613993	32836
39881197	524353
42444361	1610612992
70432453	1610612992
51170977	1073778688
75805669	4328554496
62102089	83886081
65388097	4362108928
18269425	1610613248
31171753	67174404
65754217	1073762304
70333633	1073750528
15917509	83886081
8578261	1610612992
67352185	1140850689
11656585	4362108928
2359729	100696064
17897149	83886081
28322173	2147520512
67011985	1085440
78199057	24580
57916657	1610613248
9472825	1610613248
57083653	2147618816
37317385	4129
70842313	2147520512
38213893	1073778688
30081493	2147487745
14239189	4311744513
79138981	2155876352
64371385	17301568
38328589	4295000065
28951705	4328521729
51957325	36865
28785817	1073762304
31962313	327696
40364929	53248
2467621	4311744513
52241797	36865
7015933	16814080
34146397	134221825
41173633	16777282
4560661	3221229568
2082709	2147487746
69018841	1073778688
6178717	1610613248
51047857	67141633
62673625	4362080256
27818353	16779520
65297377	135266432
30394153	53248
31155553	1074266176
66575881	2147520512
62805493	1610613248
56014129	671088644
37470961	2147520512
36490213	1610613248
41048893	671088768
39778489	4295000065
21461149	1610613248
37348813	196610
17379397	4362076161
46453861	37376
41458105	24580
65999161	1074823168
53494381	1074921472
17908813	37376
32551345	1610612992
63486217	24577
37998433	1073766400
5143213	536875264
7213897	1610613248
8112349	1074823168
723853	1610613248
68366305	1610613248
37980289	671088768
5125393	1081348
47620585	2155905024
26422237	69648
66605041	671088644
75967669	37376
72288001	4362108928
4617361	1073876992
74672641	1610612992
74124433	671088768
80100937	1610613248
57715453	1610613248
24661945	1610612992
30306025	1064964
41055697	69648
49944637	1073746176
468865	1610613248
25624873	2147520512
3653785	134250498
5864761	1610613248
58972249	1074823168
77799241	1610613248
10388773	524354
55508041	1610613248
35967277	36866
53179777	2147520512
39182005	1610613248
62523613	8425472
79460065	1073778688
19948393	1610612992
73403209	17301568
77068621	1073778688
56522161	2147487760
13100977	2147520512
49502053	196610
11622565	671088768
81206425	36865
62798041	1610613248
32461921	32834
22527433	1048582
33740425	1610613248
22281193	36865
73293697	671088768
71445925	67108929
69176629	1081348
18286597	2148012032
57744613	1073152
31434517	4311744513
81371665	577
3925621	67112961
63280801	67145728
42477733	67141633
48793789	2134016
40721005	4362108928
74891017	671088768
12178225	671088641
1074745	4102
12423817	671088768
33774121	24577
46517689	1610613248
33644845	671088644
25339105	1085440
77161609	1073790976
53770753	4362108928
6901885	83886081
78441409	33284
55731277	671088768
2667853	524322
568981	1610613248
66437209	1610613248
40672405	4294971393
3085165	561152
33640633	1085440
66317653	83886081
53690725	4362108928
5778253	32833
22669669	1081345
646417	134348801
11943325	1610613248
31430953	32802
44438905	1610613248
74592289	37376
12349	32785
50915017	4161
39236761	196610
20904193	2147520512
35848045	1610612992
58520269	1610613248
27902917	4362092544
1089325	150995072
55964881	1082134528
17321401	134217734
41415337	4311744513
58228021	671088644
4826989	1085440
69109885	42
28553833	2148012032
40004317	671092736
49986757	1610612992
80801749	671088768
59225941	1081348
79475617	4328554496
64348705	1610612992
59937769	32771
24241393	327682
53464249	1610612992
66134269	800
4328677	1610613248
26446861	327696
58617793	1074823168
15931117	83886081
14104729	1610613248
32393557	67141633
55844029	83886081
44814745	4311744513
42682177	4311744513
12841777	1610613248
61208821	671088644
74748457	2164264960
51083173	42
12959713	1610613248
69163669	1610613248
63077329	67145728
25104853	1610612992
59985721	1610613248
60880285	1085440
20536129	4362141696
40256389	24580
888769	134217762
54348445	83886081
37685125	32864
50997637	1610612992
46191745	1610613248
42031585	671088768
69599773	1146880
15608413	83886081
61039693	32833
14932225	1146880
45151381	2147520512
5814217	1610612992
41030425	1056772
24114709	16809985
8679997	3221229568
58735729	2147524608
44540641	67141634
70783345	36865
71464717	3221229568
40400245	1048582
40404133	1081345
40169557	53248
62993089	33591296
47090845	134283265
75236401	1073774593
36348625	1073778688
5354137	1610612992
67791853	1610613248
49184857	4099
52511041	45056
59360725	671088644
65856277	1074266144
61921297	36865
28639045	83886081
53732845	2147520512
27868897	1610613248
62523937	8425472
67747789	75497473
58686805	1610613248
40212649	4362108928
60871213	4295004160
44928145	1081345
24833989	3221229568
48299041	67141633
13859461	100663360
61038397	1610613248
38473417	4311744513
39848473	1610613248
58955077	1140883456
14789665	1085440
70330069	1610612740
76338325	1610613248
54594037	671088896
31391749	800
20125	4362076161
11185165	557120
55372285	37120
56169973	8388865
55206397	1082134528
40467637	67141633
47819521	33591296
57207745	671088768
19153	83886081
11261629	671088768
3195973	67141633
61588549	2147483778
63044281	37120
14191885	33793
29671957	2148007952
74662597	1069056
30313801	4429185280
51607729	4311744513
3727981	134217860
73378585	1081348
29024929	83886081
17271505	2181070848
74731609	2147618816
40856437	4311744513
24043105	1085440
30370501	1610613248
33422905	1073775104
43831081	67141664
58217005	36866
16457293	3221229568
5301973	1610613248
52146865	65793
1699417	1610613248
28189981	4328521984
15395869	1081348
32563009	16809985
48183697	671088644
79104961	671088768
47713249	1074823168
49098673	1610613248
45025345	4311744513
32096125	1073774593
5936365	36865
48906865	1073745921
73476757	1610613248
41963869	1610613248
41241025	17301506
52665589	4362076161
1957645	1074823168
1447993	37376
80966341	1610613248
48314269	57344
55794133	1610612992
561853	134217858
26848621	33824
6311881	2147487760
34730569	1085440
25355953	1048582
26435197	5368709376
31068073	150994945
6399361	1610613248
44589889	671088768
27842005	16779520
42774841	2147487745
14579065	167936
62714125	1107329024
52830505	4102
25272037	32802
2171809	36865
32891545	8425472
22145437	17301568
67960657	4295000065
35366905	36928
33569353	134283265
6471613	57344
23655925	1073872900
17168149	135266308
80196841	1610613248
59021821	1074823168
73743085	1073778688
69491557	1610613248
4003057	3221229568
17357689	135266308
23777101	4311744513
19636705	673185792
5279617	32833
75864961	4311744513
52387273	67141633
7233661	1610613248
78265477	4311744513
40543129	67141633
63541	135266308
45092089	138
80434981	1610612992
81182449	2147520512
23771593	67133440
11674081	1610613248
11555497	17301568
2360053	1610612992
20671237	1610613248
862525	5368713216
4352977	671088768
74798029	68190208
2817541	1610613248
77816089	2147520512
75022561	1610613248
74037601	16814080
66654937	83886081
23690917	1073745921
28320553	1082130433
1371853	70
13575961	67108897
30709729	18874370
7921189	1610612992
1098397	37376
73370485	167772161
69725809	1610613248
665209	671092736
42659173	1610612992
79410817	67158016
56608021	37376
59090833	4362108928
79074829	2147520512
6707809	67141633
41815153	1610613248
27659269	1610613248
36217405	1081345
9588817	150994945
59543785	1140883456
20546821	4311744513
8591221	83886081
48956113	671088768
78701257	5368713216
40748221	1140883456
41737717	4362076161
171433	1085440
40797793	1610612992
55618525	68190208
22274065	4311744513
46664785	1073778688
53928541	1074823168
54037405	5368709121
70874065	1085440
59531149	37120
51910669	1610613248
25224085	1073778688
34919137	1073766400
68891833	1085440
74966833	67141633
22539745	2101312
67952881	1610613248
43328233	671088644
72768493	1074823168
26010757	1610612992
19531405	2147487746
22405933	32834
46650853	4311744513
43413121	36865
1404253	16908290
23853889	536870918
32760973	1610613248
60665797	671088768
64495801	800
80850673	36865
44140177	4362108928
29216413	1610613248
25883425	2147520512
44601553	1610613248
62726113	1610613248
44531245	671088768
43353829	4362076161
74474029	1073741892
566713	2147520512
78104125	33652736
4196161	1140850689
46320697	1610613248
13639141	1085440
21016297	32833
35865541	327681
14732317	2148012032
70618753	32833
11196505	4311744513
8915221	97
1243225	16809985
30874645	1073774593
65759725	1610613248
61779061	3221487616
61403545	1090551808
34767829	83886081
55305541	2147520512
78073669	4311744513
32384161	536875264
55654489	1610613248
58130497	69634
28759249	671088768
29393641	1610613248
26924761	1085440
63888301	16809985
24139333	671088644
10800577	134254592
64708993	1073778688
41546233	1610613248
33390181	65793
13241593	4328521729
463357	1610612992
30737269	1074823168
47052613	36865
75407797	3221229568
37099333	1081348
24033709	1610613248
61209145	1610612992
18667945	2147487760
78994153	524353
26306245	150994945
37025785	2147520512
42466717	3221356544
9694117	32834
26249869	1610613248
47400913	83886081
14108293	1610613248
9175393	102400
8630749	4395630592
42221449	1074790416
47946853	2147520512
63170641	4362076161
28719073	4311744513
15924313	83918848
70850089	1610612992
59658805	2147520512
43938973	4099
14110561	1081345
57903373	135266308
67559545	67141633
32267521	1610613248
56482309	69648
71108965	1610612992
80266825	1073778688
69674617	36865
46616185	1073762304
52312429	2147487746
79994341	1081348
77932729	100663298
77796325	1073775104
60198265	1081348
14221045	1085440
54156961	1610612992
43171741	1140854784
68209813	671088768
20512801	1074823168
503533	32833
397909	1610612992
57267685	671088768
63492373	1610612992
1019341	1081348
13213081	5435817984
1698121	1610613248
11224045	36868
8747713	2147487746
5603941	8421408
71191909	1085440
14729401	1610612992
80181289	577
70822873	37376
60551425	1074823168
10157761	518
81229753	671088768
8346925	1610613248
72664489	134250500
64507789	150995072
72439309	1073774593
42354289	83886081
29961289	24580
1141813	1610613248
61772905	134283265
53376121	36865
55739377	2147618816
31415077	800
57323737	671088768
72109153	4294971456
30971197	1085440
49866877	671088768
19915345	150994945
45004609	2181070848
77418217	2147549185
52947145	36865
18183565	1610613248
56055277	4311744513
3954457	1115136
61584985	16908289
59584933	671088641
27429229	32834
47787121	8425472
71727805	4362108928
31572865	4311744513
17521633	2147520512
54077257	1085440
33826933	2147487760
20484937	524548
43386877	150994945
39849121	36865
52339969	83918848
46259137	4311744513
44277229	67108929
30730141	8425472
10839781	1610612992
30304729	1610613248
75978685	4295000576
62433217	36880
838225	3221229568
52439113	67633153
69310441	1610613248
71567425	2147487746
63327457	33281
35953993	4329570304
12413125	2147491844
81279649	671088768
26320177	83886081
39888973	4362076161
63554257	4295000576
68206897	1074823168
8806357	36865
33871969	2148012032
9475093	2147520512
65554957	1085440
6197509	1610612992
53337889	4295000065
6056893	32833
76012057	2147520512
47244745	4362108928
6223429	4113
50554081	135184
1259101	4429185028
28344853	800
11279449	1085440
81201889	671088768
76499353	150995072
63943381	3221229568
66726865	17301536
64370089	1610613248
46564021	167936
75116197	5121
28460197	4311744513
42682501	1082163200
22058281	1073766400
36596485	1074823168
78764437	1073745952
26048341	100696064
38679805	36865
62716717	1610613248
80102557	1610613248
9154657	4102
63028081	1610612992
64510057	1610613248
7508413	1146880
36158113	1610613248
61362397	83918848
1775881	1610612992
1723717	3758096384
40630285	36865
1370557	2701131776
56971873	1610612992
30197485	1610613248
29129257	4362076161
67798009	65793
44804377	37376
44437933	57344
48569257	1610613248
79906537	4311744513
63261037	327681
39605149	66592
49553569	2147520512
38755945	4311744513
123481	67141633
33237253	67108929
12397573	671088768
18054613	536871170
60647005	1081348
34881877	671088768
64464373	1610613248
1392265	1610613248
57129985	524353
428689	4294971456
22514149	671088644
24338593	16908290
57198349	671088768
49230541	1610613248
1596385	528386
74529109	269516800
13559113	1610612992
2971117	1610613248
66816937	36865
14830489	1085440
63302509	4395630592
23281057	49156
63645301	67141633
36705673	36865
32437621	8392736
66202957	5368709184
69970105	33591296
9162757	97
27777853	134283265
27460009	201326593
71479297	1081348
70417225	4362108928
42335173	1610613248
50908213	134217738
4419721	671088768
39360205	1610613248
28282321	134254592
17782453	67141633
38862541	4311744513
14086585	2147520512
78080797	2147488256
741997	2147520512
14154949	1081856
63239977	4311744513
140329	83886081
69626341	1074823168
40163077	4295000065
45621829	37120
19235269	8425472
42202981	201326593
16176385	1610613248
44409745	1610613248
9856441	4362076161
41447737	4311744513
31608505	20512
17080993	1610613248
1602541	294913
8010937	2147520512
52575517	2147487745
49487797	134283265
10878013	1610613248
31703437	1085440
13078297	67108929
58246813	83886081
70548121	1610613248
49478401	1610612992
41791825	2147520512
35961445	135299072
75506941	1081348
80479045	36866
8587009	1073774593
62637013	4311744513
5876749	1610613248
30138841	134217864
24000013	671088768
66402217	3221291008
79794109	1610613248
73431073	2148073472
3550429	3221229568
24063193	1073762304
35068825	1081345
48685897	1081348
54805933	2147520512
79245253	1081348
53355709	2147520512
12698893	671088768
21256381	2147520512
559261	1085440
2848645	2134016
42392521	1610613248
59560309	4295000065
52939045	3221229568
43822981	1073778688
45011737	4311744513
45338977	1610613248
16848685	671088644
14425165	1610613248
74192797	5368709121
19519741	150994945
69665221	100696064
43459129	1610613248
2145889	1610613248
43350913	1610612992
47867473	3221225474
40197421	1074823168
52816249	557120
2784493	1082163200
40230145	1074823168
66618973	5368741888
73904761	1081348
36153901	167936
35968573	1610613248
27207937	1081348
233965	1610613248
14843125	1085440
15154489	1610613248
16115797	16781313
33208417	16809985
52176349	1073774593
3581533	137216
7811677	1610612992
40353913	8425472
7573537	8425472
33694417	5435817984
977221	16779268
77735089	36865
52344181	2147520512
33985369	4311744513
56312209	671088768
46696537	1610613248
42107725	1146880
29603917	1610612992
73641673	1073778688
45144253	4362108928
48521305	16801792
144865	553650176
58725361	2147553280
17070625	4295000065
17569261	327684
11367901	4429185025
40683097	1073774593
39971269	4429185028
47612161	1610612992
11331613	1610612992
41858245	1081348
6299569	67141633
48397861	4130
1187821	16912384
5352193	1610613248
61014097	16912384
43629229	671088644
4007917	327696
72321697	1073766400
44963137	67108929
65002537	4311744513
29335321	1610612992
45667513	1073840128
56754469	2147520512
1673497	1610613248
48562777	134221826
59132305	37120
46530325	4362108928
49967641	1073778688
21042541	1048582
38158165	2134016
81273169	1090584576
50683357	4362108928
4602133	1082134528
18889237	1073745921
34346305	36865
81353845	1073745921
61456033	24580
7118641	2147520512
33269329	42
80634889	2147520512
2984401	285216768
30888577	4362108928
38106973	1610613248
41186593	671088768
27428257	2164264960
25942393	671092736
70594777	4311744513
45567397	671088768
50536909	3221229568
15029101	671088644
71329933	3221229568
14193181	2148012032
51125941	16814080
920197	57344
32565925	2147520512
57617929	1610613248
80058493	83918848
32030677	32802
694045	4362076161
8773957	1610612992
53767513	1610613248
10901341	1081348
7630237	65793
42635197	150995072
43758829	134217733
1180369	1610613248
34603561	1610613248
51238369	1073778688
71950069	1081345
27155773	4294967301
75312541	2148012032
46672237	1610612992
36601669	5368741888
1039753	40961
39248425	1610613248
10559845	2564
36617221	4295000065
60946057	83886081
88813	2147520512
237205	1610613248
8542945	83886081
58212793	1085440
34010317	57344
37935577	524424
60494401	1610613248
77199517	2147520512
66304693	16809985
24932485	1610613248
44273989	2147520512
61479037	163841
23204269	1073778688
135145	16809985
68533813	4295000128
26860933	67108960
22064761	4311744513
53442865	67112961
5661937	3221229568
63591841	671088644
27220573	1610613248
66041281	1610613248
4170889	1081348
46720189	671088768
12774385	4362076161
33433597	8421408
15782401	53248
64697329	1081348
39103921	2147549186
63307369	134217988
49938805	1610613248
73318321	671088768
1402957	4362076161
24453937	2181070848
60551749	1074823168
2397637	1610612992
66493261	1610612992
56830609	2147488256
57228481	671088768
41061529	524354
49065625	67108867
2841841	36866
79360921	2147520512
15111397	1074823168
7491241	25165825
801289	1610613248
76858993	4429185025
57361645	528448
26820757	1085440
18781993	1081345
36179821	4295000320
21701881	36865
61185493	536903684
30750229	1085440
65453869	70
57433249	1107329024
17227441	20512
78987673	167936
78090193	1610613248
61253857	2147520512
61611553	1073778688
56721745	1610613248
44862373	16781313
78987025	1073778688
12352537	671088644
31539169	57344
66209437	4311744513
11172205	67141633
1965745	536875010
45146197	2181070848
50506129	268568576
25437601	32864
36295165	1610613248
40947157	2147553280
77862421	67112961
11787805	40961
45296857	16814080
53681653	4099
8164513	57344
68880817	6442455040
57280321	671089152
8865001	4362076161
79192441	201326593
28329625	1074823168
62274457	1610613248
44479405	32802
18895717	2147487745
52980517	1610613248
54854857	671088896
37710397	5368713216
74998261	1085440
27929809	1085440
11329345	36865
58874077	1081348
70067953	1085440
41802841	2147520512
11511433	35
77167117	4362108928
31721581	561152
18609625	36865
7994089	1610613248
50914693	16797696
49129453	83886081
8956693	4395630592
45262837	545259776
55596493	1610613248
57270601	1081348
14740093	327696
25249681	671088644
32372821	2147520512
47786149	4295000320
57486709	67108929
25792057	114688
6261337	4130
14776057	671088644
48998233	134283265
21774133	201326593
18533809	1085440
595873	1610613248
53286373	2148040704
27209557	75497473
24552757	1073778688
52551217	1610613248
7538545	2147520512
69275449	1082134528
14460481	16912384
47652985	1610613248
42518233	1610613248
81619849	4362108928
62490889	1610613248
51258457	4295004160
18251281	1081348
20360197	4311744513
17725105	553648132
51606109	1610613248
29020069	1074823168
53915257	8393216
73801405	4102
68066281	2147520512
31254697	1073745921
21631573	16801792
4399957	4295000065
29088757	1610613248
62687233	1610612992
70045921	1074790404
75697129	135299072
26540173	2147483666
58732165	5435817984
62607853	36866
60729301	1085440
34474933	1610612992
31295521	4311744513
383977	1610612992
64072333	4362108928
29922085	671092736
70704613	1074823168
2447857	4296048640
6423013	2147520512
42622885	1610612992
60723145	1073778688
42468985	1073745922
55012321	36865
32930101	134283265
68577553	3221229568
10153549	24577
51434713	1073778688
59281021	1140883456
40138777	83886081
70651477	4362076161
4472209	2147618816
23917069	75497728
19659385	2147520512
19411201	67112962
69437449	37120
40424869	4295000128
73069489	36865
25999417	671088644
70550389	671088768
53799913	3221229568
1625545	671088644
1328761	4311744513
61666633	2147520512
51270769	2147520512
8044309	137216
27587989	1085440
47562589	2148012032
54095401	17301568
4237309	2148012032
17136073	36865
2031193	16814080
20515717	1610612992
621793	65793
23729473	6442455040
49493629	36880
69862861	5435817984
33268357	4311744513
72368353	67108960
72912025	4362108928
78592393	37376
53474293	16814080
12603637	671092736
34965793	36866
70828057	134221840
25553269	1174405120
13883437	36865
63074089	671088768
412489	134250497
12189889	17334272
14350321	1085440
22501837	671088644
35196481	4295524352
67869613	1140883456
28819837	134283265
32577265	4297097216
32395177	83918848
58514761	4311744513
41025241	2147520512
28048393	98
43663249	20482
28803313	36928
20633329	1140883456
56602513	518
62388505	4162
56273329	2147520512
34947001	1610612992
55542709	200
5082301	671088768
39742525	299008
60450661	671088644
80415217	1610613248
100801	36865
26038297	4102
73716841	1074823168
56682217	1610613248
71037037	1610612992
38900773	2147487760
51320017	67141696
16180273	83886081
9053893	524354
55744885	1610612992
9574561	5368741888
56077309	671088644
7838893	557120
57773773	1081348
24421213	2147487746
5205745	671088768
68543533	4395630592
69697621	134217733
53233561	1085440
43173037	1610613248
49862017	1610612992
73190989	16809985
18041329	36865
75258433	4362108928
15764581	4353
47063953	4296048640
50045077	3221258240
71960437	37120
417673	4102
29740969	4311744513
27610345	1610613248
70250041	1610613248
6481333	4294971393
11662741	67141633
71730073	1610613248
33975001	137216
6134329	1610613248
77460337	1073762304
1798561	1081348
80773561	671088644
5379733	4295000128
134821	134250497
7185061	1081348
65136997	4362076161
692101	1610613248
17736769	32833
6476473	1073745921
6404545	1085440
42294997	671088644
1033597	1073742852
44952769	1610613248
45411229	1610612992
28356517	2147487745
55791865	537919492
41119201	36880
5625001	1610612992
71893045	134217864
17161345	36865
48346345	1610613248
22511881	2147487746
29608777	67141633
9479305	2625536
5865733	518
31991797	1085440
29265013	1610613248
39711745	2625536
6145345	2147520512
33142969	561152
72543313	1081348
64115749	67108929
70868233	4362076161
70029397	2129921
39736045	1610613248
14433265	16781313
68482621	321
21311137	24608
58848157	134250498
78964669	548864
64478305	5368713216
50197033	1081348
38558305	67141634
69138721	1610613248
20989729	16809985
62503525	8425472
50379769	327696
28164709	37120
22786309	4295000065
5983993	1610612992
1198513	1610613248
59898889	1074823168
35385373	155648
25666993	83886081
1917793	2147520512
49321909	201326593
51968341	4864
52886557	671088644
33367501	1207959680
10750033	1081348
52369777	2147520512
42170581	134217733
16040305	16912384
32932693	150994945
52650361	1074008064
66258685	36865
15540697	67141633
62620813	1073746176
45345457	671088768
52049989	3221229568
12513889	2147520512
19435825	1610613248
74148733	57344
16135561	83886081
66552877	524354
48674233	24608
26724853	3221229568
36204769	671092736
36727381	32802
60366745	1085440
25979653	1610613248
13267837	134283265
39553309	2134016
78018589	671088768
66444013	528448
67677805	1610613248
56778445	50
35652025	36865
55545301	1610613248
59022469	1073778688
30295333	1610613248
65360233	1073778688
5031109	4362108928
9660421	561152
8905177	4311744513
6480685	1085440
28567765	4311744513
49323529	2147520512
32143753	36865
62907877	1610613248
71480269	1610613248
36066097	1342181376
77789521	1212416
8137	1081600
48946717	4311744513
80836093	1146880
23413573	4362108928
16670161	2684358656
23014405	1610612992
18932005	577
8602237	4295004160
51297337	4311744513
80480665	1073778688
17545933	8425472
8172613	100663297
52466977	57344
65323945	2147520512
66544129	4328523776
17624341	83886081
54779365	1081345
20899981	67113472
74682685	36865
53883505	1085440
56242873	36865
56078605	37120
4835089	1085440
39508921	1610613248
55393021	1610613248
24010057	4362108928
12107917	36866
56192977	2147581952
57382381	67108929
1593793	1610613248
633133	1074823168
58002841	1074823168
38745577	671088768
473077	4864
44648533	671088768
42644917	1073774593
6382189	528385
62899777	33587202
43185349	1610612992
9477361	16809985
63003781	2147520512
9982153	8425472
58045933	1610612992
48680065	1610613248
41432509	1074823168
13140829	8425472
26943229	671088644
67409533	4294971393
31086541	1610613248
11395441	83886081
41510593	52
19899793	150994945
3923677	4362076161
1436653	2147581952
18610597	671092736
77743513	4295000320
14524957	4362108928
3799261	1610613248
81348013	1073778688
81745561	1610613248
71679853	167936
41835889	1073778688
37290817	137216
57188953	36866
53073829	1085440
26448481	67141633
40413853	37376
22191769	1610613248
8108461	671088641
6611257	4295004160
46563373	83886081
22800241	36866
53188525	138
56518597	1073745921
77126617	1073745921
42066577	135266308
2389537	1610613248
70281793	2147749888
16446277	671088768
31497049	1610613248
52282297	16781313
71295913	1610613248
39644029	1081348
43443253	557120
43815529	671088768
45442009	1074270208
11926477	2147520512
7875829	4295000065
4834117	4395630592
68448925	37120
58315501	4311744513
37923589	1081348
59108977	16781313
10096525	1610613248
39881845	2147520512
39664117	4362076161
81347689	3221229568
59828905	53248
8242921	1610613248
79846597	1081348
19520713	150994945
16125841	2147483682
41079673	16777250
42764797	1085440
38618893	36866
67631149	4311744513
11170909	32833
71589457	2147520512
79014889	1073778688
52275493	577
63692605	4395630592
22920769	4295000320
16631605	135266308
57234637	5368713216
8719525	4311744513
70632361	327696
32588281	1081345
16455673	4311744513
864145	1085440
64058725	1081345
30925513	1085440
31789297	4295000065
16215265	134283265
78453397	1073778688
75083149	1610613248
2152369	1610613248
32883769	2147520512
8026165	518
21766357	24580
17100757	16781313
24959701	327696
40362985	67174464
67542373	2148012032
4902481	2147520512
42843205	1610613248
4060405	67141696
15701401	83886081
6958909	32834
40774465	671092736
12444229	671088768
21301093	671088896
32458033	16777476
67692709	8425472
1430821	1085440
19007821	1610613248
21001717	16809985
34230313	36866
18625177	528448
66269701	4353
67806433	671088768
9147853	4311744513
80497513	37376
59448853	150994945
18918721	577
72910729	528448
3660589	1090551808
76419001	5368741888
3149317	17858560
75809881	4102
22054393	1074069504
42113557	67112961
46611973	4311744513
6751225	67141633
66104461	32833
34947325	524322
41033017	1090535424
63237061	67108929
23488741	134217864
68779081	671088768
6963769	16910336
33151717	671088768
80063353	1610613248
56910961	1610613248
3599353	1610613248
76214881	67158016
26964937	4311744513
80188741	3221229568
52204537	671088768
30504313	150994945
24959377	1610613248
57726145	4226
21366865	536903936
76133233	1074823168
70269157	1610613248
34880581	1140850689
42734989	134217733
69166261	1073778688
6490405	1085440
17375509	4295004160
36916921	134217733
15439285	83886081
36877717	1073778688
19984357	1074823168
13553929	2147520512
40493557	1610612992
56913877	1082163200
72034957	1610613248
44471953	4362076161
61565545	83918848
64252801	16912384
49027717	2147495936
57318229	671088768
10523233	3221229568
62827849	536875264
79168789	150995072
69847633	1610612992
311725	1610612992
78312781	8392705
38813941	4295000065
1867249	1610613248
22641481	4106
1490761	1048836
3973249	1610613248
7240465	67133440
15916213	671088644
35543161	36865
16622209	327696
12640897	32833
15069601	3221229568
19905949	4311744513
37931365	1085440
58632373	1081345
62405029	1081345
5437729	671092736
14056453	4362076161
7797745	4296048640
5729005	4311777280
654841	1610613248
4312477	32834
27097777	671088644
79676821	1610613248
62266033	135299072
21963025	32802
1703305	20512
41188213	671092736
1546813	134254592
27747721	1140883456
76396969	2147520512
35072389	4362108928
51006385	1085440
61709401	671088768
21435229	37376
80619985	1610613248
28601461	1073778688
35662393	134254592
10756513	4102
70495309	2147520512
13335553	1610612992
42414553	1140850689
68049433	4311744513
75747673	1081348
80425261	36866
64190269	1085440
29025901	1085440
60458113	1610613248
69814909	4311744513
42178681	671088768
51364405	1074823168
27317449	2147520512
1591525	134250498
49502377	196610
53295445	83918848
15884137	1073905664
4303081	98
16924825	2147487760
56215981	1610613248
14116069	2148012032
38234953	67141633
9118369	671088768
55567009	1073778688
42872041	1081345
73616077	3221356544
57892357	135266308
74221309	36866
41262409	1610613248
30099637	1073778688
24410197	3221229568
13183597	2147520512
51098725	2147520512
66618649	1073778688
35142373	1081345
43478245	2147520512
63835813	1073758212
13187809	1074823168
36940249	331776
81524269	16781313
12226177	67112961
54208153	1610613248
34288309	671092736
58702357	557568
74894581	2147520512
6704569	16809985
18188101	4106
73618345	1073758212
38359045	671088768
11548369	3221225474
64673677	143360
7441021	4311744513
76257325	1146880
58103605	4311744513
60225157	83886081
48754585	32802
7696333	1081348
14102137	4362076161
60686533	1610613248
41133457	671088768
47377909	83918848
50130937	1610613248
2455957	1610613248
23557429	1085440
65373517	66562
35367229	37376
1145701	524353
18004069	16781313
575785	536875264
40494205	67141633
2804581	17301568
17295805	1610613248
35890165	16781313
14827573	1081348
6778441	1610613248
52394725	36865
49528621	1081345
2003977	1610613248
56353033	150995456
6156685	1610613248
58153501	138
36962281	4311744513
70504705	1073774593
62332777	671088768
81268633	1610612992
23440141	1610613248
2993473	1074823168
56770345	1073742084
26039917	36865
39111049	196610
62514865	1140883456
76398913	671088768
44437609	36865
57481201	28672
55070965	4311744513
66441421	672137216
62499637	2147520512
79556941	1085440
64717417	1610613248
400177	100696064
63447337	1081345
25862689	4362108928
45043489	134479876
18547741	1610613248
1685161	1610613248
45564481	67112961
16368517	1610613248
6168349	134217864
28352953	1610612992
47201977	1081345
54023797	1056772
19872253	114688
57651949	1610613248
23528917	16780288
69326965	1081348
38593	135299072
6229261	327696
68013469	83886081
31027897	1610613248
37655317	4311744513
1981297	2147483682
6018337	1610613248
23621581	671088644
18236053	1610613248
39454489	1074823168
61174153	1610613248
69701509	1610612992
79563097	3221749760
318853	138
70132105	3221356544
77212153	1073778688
18032257	67112961
37007317	1610613248
38719981	196610
20610001	1610613248
52595605	4311744513
37349785	196610
39218617	2147520512
81114085	1081345
66977317	4161
15122737	1610613248
72510589	1074790404
68712337	1610613248
19955845	150994945
41406589	1610613248
49376017	671088768
52219117	8392705
6183577	2147520512
73955305	1081345
44925553	134217734
18192313	1610613248
22647637	1610613248
80980597	2147520512
19077157	1610612992
76239829	4311777280
24626629	4362108928
34054381	134221825
64440721	1085440
24015889	1610613248
52845085	37376
31384621	800
40056805	4311744513
13641085	3221229568
28412893	1107329024
47954629	671088768
71576497	4311744513
80538337	2147520512
39220561	671088768
57841165	1073774593
36727705	1085440
56438245	36865
42845797	524322
32831281	16797696
16043221	83886081
72936973	83886081
49350097	4102
15603553	2101504
66687337	2147484674
6124285	134221825
54141733	1610613248
386893	67141633
71554465	524384
50234941	3221229568
70173577	2181070848
80101909	1081348
33326677	1074823168
66567457	2181070848
2785789	671088641
74317537	2147487745
74624041	2147520512
44439229	36865
31758517	671088768
12090421	1610613248
40693789	1212416
41468473	671088768
39327481	671088644
76870333	16912384
12310417	4144
80074045	3221258240
336997	4296048640
63671221	37376
1757089	5435817984
47741113	2147520512
21361681	36865
13110373	67141633
35273269	4295000065
77187853	16387
69743305	16781313
25115545	1610613248
17279929	1074823168
75454453	331776
3727333	4102
3501829	2147520512
67302613	167936
1399393	1081345
50334733	1610613248
58929805	1610613248
53067673	1610613248
72447085	1610613248
61725277	2147487745
48512557	16814080
47441413	6442455040
35470585	1115136
1809901	83886081
75499165	17301568
40180249	4295000065
4098313	4362076161
48171385	1610613248
42412933	671088768
52447861	1073745921
26286805	67141633
79251409	1090519041
23457313	2147487746
64193833	1610613248
79194385	28672
47692513	4295000065
14874877	16777281
51720157	1610613248
70870825	1081348
67984309	671088768
61297273	36865
46300285	671088768
78587533	67108929
43376833	67141633
55813573	2147487746
79331437	1610612992
14876821	671089152
68854897	671088768
40180573	671088768
81553105	2147487746
1598977	2147520512
20520577	134283265
31611421	36865
6145669	4395630592
44665705	2181070848
15774301	1610612992
26401177	8425472
59351005	1610613248
58363129	135266308
74770813	1610613248
43404697	3221229568
73386361	4295000576
35551909	2147487760
35883685	69633
67315573	67141633
2773801	4295000576
42709393	1610613248
71448517	8392705
12407617	16777256
32547457	3221229568
38495449	16814080
23005981	1610613248
43433209	1073778688
11351053	1610612992
26735221	134217858
21642913	577
62754301	1085440
6435973	1146880
46902277	1610612992
61342957	36866
3347281	4311744513
2233693	2147520512
53835553	163856
75079909	1074823168
66042253	16809985
10929529	1610612992
28700281	4362076161
36162649	16818176
10473337	1085440
21813337	2147549185
49794949	67141634
76449781	1610613248
50517469	1610613248
58204693	671088768
33839893	4295000065
11544481	4362338304
1076365	2129921
28384057	4429185025
38373301	1081348
48689137	8425472
5669389	536871680
27438949	1073745921
13919077	2148073472
61528933	1085440
67886785	1610612992
50482153	67112961
40061341	671088768
65559169	37120
21756961	67112961
58177477	1610613248
73428481	83886081
77538421	1073872900
68569453	57344
39017089	57344
47864233	2147520512
52037677	4362108928
20975149	16781313
43689493	2147520512
17867341	2147520512
55900081	100696064
79740325	4311744513
11722681	1085440
3700765	2148012032
67737421	150995072
33957181	2147520512
39917809	134221825
35864569	1610613248
7320169	32864
44217937	1085440
9014365	4362076161
1893493	2147520512
63596377	2147549186
33262201	1610613248
15686173	36865
63384481	150995072
15287653	134217762
57330217	1610616832
13729861	671088641
25557805	150994945
1194301	134217857
52665913	1085440
76711249	1073778688
72589645	4311744513
7264441	327681
39597049	36865
45452377	1610612992
36837217	134217860
34057	2148663296
25884073	671088644
19174357	16781313
34692337	800
71672725	1610612992
72337573	671088644
72261757	37120
12552121	1610613248
64583929	1073774593
71657497	67141696
54396397	299008
37904149	3221229568
38402461	36865
261181	1610613248
4836061	671088768
26289721	32802
45448165	671092736
12292921	671088768
75660841	37120
5510629	1081348
3905533	4362076161
54531505	1610613248
19158481	671088768
28098613	134217860
1980973	83886081
40795201	134283265
39489805	1081345
40447225	65570
58845889	1610613248
16444981	135266308
55329841	1073745922
53481745	1085440
36141589	1610613248
65595133	16781376
52204861	2147520512
58979053	1074790404
7929613	69648
71257033	331776
61137865	1610613248
77646961	4295262208
43489909	67108898
14590405	16809986
3566305	1610613248
19553761	1081348
19222633	536903936
57016909	28672
67741633	1610613248
63234793	67108929
69235921	2134016
28896625	1610613248
39125629	8425472
33364585	1085440
30739213	1610612992
73069813	1107329024
32671549	134742080
21604033	2147520512
44622937	4429185025
4315393	1610613248
75352717	4311744513
33298489	4610
48646693	1610613248
62760457	4311744513
41256901	1081348
79859881	16814080
35543485	1610613248
47018593	16809985
67765609	3221229568
29453257	1610613248
11699353	327681
74127997	4295004160
15280525	4295004160
76679497	1081348
48372265	1610613248
12714769	1610613248
32319685	4328525824
40828573	671088644
484741	67141633
41812237	83918848
22624633	36865
26362297	671088768
13062097	1610613248
2710945	2148012032
37236061	57344
16789717	1610613248
69703453	1610613248
21280033	2147520512
20884753	2147520512
75120409	1081348
128665	134250497
12855061	36865
36946081	4311744513
9289441	1610613248
74603953	201326593
58710457	3221258240
70366357	1081348
71133913	1610612992
48687517	150994945
78252193	1610613248
66671137	1081345
43296481	36865
67767553	299008
15792121	83886081
7126741	4311744513
52661701	167936
19857997	1610612992
48721213	1610613248
33152689	75501568
80804017	2147520512
50221333	671092736
2878129	4311744513
32655349	4362338304
69593293	1610613248
8015473	1610612992
4379869	4362076161
13874365	134221825
9071713	36866
79306165	150994945
79718293	36868
76785121	327696
49050397	65793
57627649	1610613248
35480629	32773
49002121	134250500
17473681	4362108928
65084509	28672
27103285	16777282
67177873	1610612992
74714437	36865
31048957	1610612992
72524521	83918848
17017813	4362108928
43702777	36865
68355613	37376
13871449	4130
57800989	1610613248
5717665	1140883456
75384469	671092736
66845773	671088644
5220649	671088768
29640853	134217858
46925281	4395630592
25200757	67145728
574813	37120
1115893	4311744513
24168817	1610613248
60562765	2148012032
4331593	17301568
18178057	525056
69753349	4362108928
46685197	1610613248
47188369	1074008064
44157349	671088768
56757385	17104896
40252177	167804928
76459825	4362108928
62785405	672137216
13650805	16809985
73100917	37120
73528597	4328554496
79349257	671088644
42178033	671088768
30763513	1610612992
178237	1610612992
35757001	671088768
3449341	672137216
53776585	4311744513
12454273	1074855936
41874445	4295000065
68261977	1074823168
34705	135299072
10383913	4429185025
49553245	4362108928
73384093	32833
70212133	1085440
61316713	1610613248
29212849	1140883456
68177737	134217988
3120805	1081348
20259433	137216
2301085	67112961
65503441	671089152
65454517	2147520512
33793237	1610613248
71380801	16777281
39185569	4295000065
648685	16777984
21959137	1610613248
4098637	2147520512
45635761	4362076224
590689	524354
6053005	3221229568
70249069	8409088
28081441	134217734
70941133	1610612992
12688849	1610613248
50650957	2147487746
64452385	1610613248
44556841	2164264960
78535693	1610613248
54721369	150995072
12184381	671088768
8431165	2134016
30011509	163841
76108933	1610613248
22181077	1082163200
52790329	2147487746
5624677	671088768
9392797	1610613248
48889693	4429185025
65664145	2147487745
70028101	1081348
68071789	1610613248
34576345	1610612992
870301	1610613248
39419173	16777282
75107125	1073742084
1465165	1081348
28204885	4429185025
59181553	2148012032
63189109	2148007937
390457	16809985
50716729	2134016
16508809	2147520512
5497021	2147520512
28865197	36865
8300917	1085440
19172089	4429185028
44470333	671088768
12513565	5435817984
3923353	4311744513
71318593	671088768
12008773	1610612992
20244529	32834
77196925	36880
12652885	16814080
9783541	1610613248
82657	25198592
291961	83886081
61172857	2147520512
16399621	67141633
166249	1081345
72758449	2147520512
10077085	201326593
14144257	2147520512
61039369	4295000065
67801897	1610613248
41960953	4295000065
31215817	2147520512
35495209	1610613248
65485945	1610613248
39779137	1085440
22575385	671088768
648361	4295000065
28200025	5385486336
1588609	2147520512
71201305	1074823168
20002501	2147483682
61557769	1610613248
49031281	536870918
3109465	1081348
28988965	1085440
765649	4311744513
48889045	134250497
8945029	1146880
24274117	1610613248
77720509	1610613248
24021073	1610613248
57781225	671088768
19257949	1610613248
21111553	36866
5957101	65602
2528209	1085440
63228313	4295524352
33572593	134283265
53966773	134217733
79891957	2147520512
40267729	32802
58251673	1107296257
44076025	671088768
61108705	16912384
9875881	1610613248
43178869	2147520512
6072769	1610612992
2649709	4395630592
1666369	67141633
42646537	150994945
54675361	4295004160
141301	83886081
72840097	3221356544
38308177	1610613248
15327181	2147487760
56425285	36866
12936385	40961
29026549	36865
27619417	671088644
57329893	5368713216
39020977	2147483714
136765	67141633
48532969	134250498
11204929	1610613248
75704257	4311744513
34864381	67112962
50201569	1085440
53074801	83918848
23248657	1610613248
26965909	327681
79517413	2147520512
20323585	134225924
11577529	671088644
69680773	4362108928
78984757	671088768
59681161	1610613248
58401361	4311744513
56259397	4295004160
30456685	17301568
13435345	1610613248
34158061	67108929
8541973	1610612992
36043741	4295000065
78147217	1610613248
77641129	1073873408
73377613	671088768
23156641	150994945
64285525	1610613248
15567589	83886081
5448421	1081348
79289641	4294971648
44796277	4395630592
23577193	35
27511849	1073745921
45078481	671088768
43217425	67141633
52457905	1085440
14814289	671088644
58290229	4311744513
3158389	134221825
37412641	36865
63661177	524353
8000569	1610612992
45227845	1610612992
38623429	36865
28105417	1074270208
2655541	1610612992
7756921	4311744513
31658725	1610613248
23440465	536871170
63325513	36865
68308309	4295000576
36612361	1610613248
50486041	1610613248
56154097	8409088
20162881	671088768
16647157	1085440
14624425	671092736
6542245	4362076161
63637849	1610613248
585829	134217860
62821369	6442455040
48026881	1610613248
4553209	7516192768
74484721	2147520512
59917681	32771
37372789	16809985
29904265	37376
30258073	134217733
6337477	1174405120
39767149	2147520512
31243357	4295004160
52140709	1610613248
78270013	33652736
2218789	1610613248
10779193	4295000320
52097941	8425472
64269649	1610612992
69132565	36866
24846301	53248
51196573	2147520512
22172329	3221229568
33517189	135266308
52558993	1610613248
34946029	1610613248
990505	16810240
57512953	561152
34193053	4295000065
56242549	4362108928
70352749	1610613248
4241197	2147520512
11834785	1081348
24654493	1610613248
5958397	136323072
12357073	1081348
13265245	201326593
56552293	2147520512
45519445	671088644
46958005	671088768
14549905	671092736
25711057	2147618816
19334413	1610613248
9252505	671088768
72840745	4311744513
25781041	4311744513
10531981	1085440
79297741	1107329024
47250253	2147520512
37557145	4362076161
58315177	4311744513
16279093	327681
54376957	2147520512
10247833	4362076161
394993	1610613248
45199333	671088768
47780965	67141633
77337541	2148008000
4243141	40961
3131173	1610612992
40008529	1081348
35631937	2147524608
42175765	1081348
4796857	167936
76742353	67142144
43944157	1610612992
1126261	1212416
79582537	1073774593
5336641	83886081
50708629	2147520512
6924889	4328554496
74464309	83918848
6994549	4099
72622693	67141633
35644249	1090535424
6429817	3221229568
4453741	17301568
50544037	3221356544
66657529	16912384
66625453	2147487746
22475269	1610613248
40804273	4295000065
77363785	2147520512
37836757	4311744513
1947601	32833
4465081	1610613248
71434261	1610613248
10802521	3221229568
38348029	536875264
32351113	1081345
33634801	1146880
66446281	150994945
49758661	1610613248
47636461	37376
44050105	671092736
19802269	150994945
30165085	4362076161
1811845	1610613248
2958157	671088644
15266593	1073745921
63232525	67108929
46576657	1610612992
69889105	53248
18897337	32833
44335549	163856
50749777	1610613248
56960533	4353
69018193	5368741888
65957689	4099
20651797	671088644
61787161	4099
3474289	70656
911449	4162
8074765	2147520512
64431649	1610613248
46404289	671088768
65833273	1107296768
51221521	33088
30751201	524322
55631809	36866
17209	65570
51213097	1073746176
59532769	32834
2123533	16809985
75101941	2147520512
65206333	1610613248
35140753	8421377
51180697	4161
45711253	1610613248
76684033	167936
15034933	1610613248
7469209	4295524352
73772245	1073905664
1750933	1610613248
54812737	32864
7165297	1085440
413785	1085440
66743389	671088768
28531477	1073778688
4777417	4362108928
57045097	536907776
62159437	67108929
58558501	33028
45002017	1073778688
46739953	1081345
49462201	1610613248
72140257	37376
56890549	36865
78047749	16777282
75790765	16912384
69817825	1610613248
15979393	135184
15859837	16779268
2479933	2134016
51311269	331776
51642721	67141633
69431293	67141633
27261073	1107296320
15064741	1081856
22193065	671088644
12476953	16809985
50794813	4362076162
43519069	2134016
36559225	1073774593
2503909	36866
71457265	6442455040
70516369	671088644
70614541	4362108928
10077409	1610613248
29774989	331776
192817	1610613248
28990585	671088768
50451373	671088768
128989	67141633
12372301	2147488256
66015037	1610612992
61619005	4311744513
61884361	17301568
24223249	3221229568
46108153	3221487616
9193213	671088768
17292565	36865
11348785	5435817984
8561413	327696
16269373	1610613248
44039413	2147520512
30270385	4102
27826129	57344
37872397	3221229568
57589093	1610613248
17164585	4362076161
7515865	150994945
17428645	67141633
37382509	196610
43104025	4294967313
31977217	1610612992
17580601	1610613248
57156553	4311744513
48842389	536875520
26841493	671088644
49133017	1610613248
50961997	1610613248
6812785	1610613248
65838133	2147520512
73680553	4295004160
4161493	1610612992
40721977	1610613248
45539209	1073745921
49622905	4362108928
3305809	57344
2893681	150995072
14550229	671088644
37434025	262161
26527537	1048610
35733997	2147520512
50235913	67108929
19066789	536875264
37818613	2147520512
80033869	5435817984
21823381	16809985
1208557	4102
70747057	1610613248
66380833	150994945
3756817	1610613248
57436165	5368741888
17475301	135184
23546089	4362076161
81556669	1610613248
34259473	8425472
2975005	1073745921
12749437	1081348
24685273	1610613248
11931337	1610613248
28303381	2147520512
1828369	2147520512
32932045	67141633
54514333	1610613248
23924197	67108929
62665525	2134016
65349217	33536
40964977	2147487746
1218277	1610612992
78813685	1610613248
80164441	1610613248
77191093	557312
62799985	16809985
80562961	4362108928
15187861	134250497
6785569	167936
34077061	4311744513
28043857	4362108928
48891637	1610613248
52387597	1610613248
9671113	67141633
9629641	134250500
38442637	196610
28176373	2147483968
73627417	33026
17400457	1610613248
12213217	2147520512
27391321	671088644
3560797	4295000320
54085681	671088644
3144781	67141633
73961785	1081348
36073549	4295000065
3555937	67113024
3867949	524354
68851981	2147520512
61489405	1073778688
311401	1085440
42686389	671088768
13023541	1081345
49251925	1610613248
47913805	2147520512
57884581	4311744513
16872985	2147487745
46338841	4328554496
76716109	1081345
30152773	83886592
80129449	671088768
5279941	671088644
81526537	3221229568
4178989	1610613248
33063589	671088768
32844889	1081348
11689633	1610613248
77677741	1081345
8094205	2147520512
6886333	1081345
6431113	1610612992
26140033	3221229568
32432761	4395630592
67867345	1610613248
80800777	671088644
64634473	17301568
18367597	32833
66099925	1073778688
35991253	671092736
17031097	1610613248
72121465	36865
72861481	671088644
39145069	2147520512
75698101	524322
28366885	2147520512
65608417	40961
32021605	16777250
43182433	671088768
2081737	524802
46242937	1610612992
28051633	671088768
15883813	83886081
60620761	4362108928
52755013	8425472
15223825	671088644
39812833	16781313
76262185	16809986
22615885	4295000320
39415933	671088768
63760645	1610613248
60631453	2147520512
5769829	4362076161
30094453	1610613248
37091881	150994945
63488809	671088768
40908277	561152
8633665	1141374976
16478029	135266308
23249953	20481
57476665	1610613248
68909329	1610613248
42649129	67141633
20789821	4395630592
42486481	134250500
44510509	134217794
23513689	4311744513
26285509	1081348
44090281	16809985
32077981	4101
8470045	1610613248
58402657	16785409
25455421	3221229568
117973	67141633
53379037	2147487745
52540201	35
59977	1085440
65188189	3221229568
2979541	1085440
211285	134217920
81650953	134217733
64962361	4329570304
3832633	1610613248
74221633	671088644
45442333	37376
40968865	671088768
5720905	1610613248
79714729	67141633
67357369	4295000065
14458861	5435817984
79138657	2147487760
26605621	2147749888
14979205	134283265
42890185	1074823168
75341053	1610612992
32744773	1085440
70496281	1610613248
78569389	2147520512
51460633	1074823168
25358545	671088768
69345109	1610613248
41373865	1074823168
47276173	671088768
40828249	150994945
58510549	1073745921
1572085	268568576
68564269	4311744513
3616525	1610613248
10738045	4311744513
3142513	1610613248
26567713	16809985
3896461	4311744513
23813065	4311744513
70270129	16777282
22918501	1610612992
21937105	150994945
67651237	2134016
5948029	4362076161
62901397	2147778560
53273413	4362108928
31370365	36865
59206177	537133312
78962077	2147520512
55129933	1085440
1480393	5435817984
68037445	2147520512
6549697	3221225474
22235509	37376
34202449	67112962
13937545	1610612992
69651289	1610613248
3251701	2147483682
32305105	37376
78344533	33652736
18224065	4099
69223933	4295004160
65772361	671088768
47536021	2147520512
12435805	671092736
43509025	1048582
31898161	134221825
74868013	12304
33054517	150995072
5345389	57344
6878881	4362076224
12649645	671088644
65600641	5435817984
11987389	1085440
236557	1085440
38972377	671088641
31954213	1610613248
72937	3221229568
25037785	4162
25661161	2147553280
38662957	2147483682
51222169	17301568
62738101	8421377
3934693	150994945
10207981	1073778688
10634689	200
50976253	1610612992
76657141	1073778688
2228833	36865
25536421	1610613248
60695605	537919492
50989861	16781313
40022461	1212416
65962225	1081348
71099893	65554
66326725	1074008064
38367145	4311744513
68815693	1610613248
14825629	1074823168
69435181	36865
68203009	1610613248
12083293	671088768
11683153	1610613248
1259749	74
25225381	8425472
24221629	196610
43190857	1081345
35183845	4311744513
42150493	16912384
6931693	4294967361
9451117	2147520512
1343665	1085440
58021957	536871172
49948849	8425472
52727797	53248
33932233	671088768
35894053	1610613248
1290529	1074266176
24182749	16809985
21146221	1074270208
19918261	32802
36403705	5435817984
42673429	53248
10501201	4362076161
67999213	4362108928
36210925	2147495936
25057549	1610613248
80314129	537919492
338293	1610613248
76240153	83886081
70820605	36866
16588837	4099
15915565	83886081
78428773	134221832
80315749	1081348
32907745	536871170
66910249	536871680
24127345	4354
77256865	1073774593
6155713	1610613248
28278433	1085440
63369901	2147495936
23566825	100696064
17099785	2147520512
42817609	671088768
36346033	524802
36671005	1074823168
34247485	1610612992
47689273	1090523136
38794501	67141633
15310009	67112962
75493333	1081345
58463893	4328554496
6426577	553650176
39863053	1081345
81605269	2147811328
61591141	1081345
81392725	1073778688
26080417	671092736
40730077	36865
75091897	1610613248
66214621	4311744513
42510133	24578
48606841	1610613248
80529265	2147520512
58821589	2147524608
22155805	561152
39486565	67142144
62919541	1073745921
32682889	1140854784
60144481	67141633
39228013	4362108928
10929853	16781313
14352913	672137216
52800049	2147520512
26141329	36865
45397	1610613248
57256993	2147487745
48514177	4303388672
32677381	1085440
50130613	4362108928
41771413	4295000065
61530877	536870917
32559445	1090535424
25144381	1610613248
26265745	2101250
74813257	671088768
41886757	4295000065
30533473	16777282
7729057	1073778688
74114713	2147483682
19993753	2147487746
13822201	4395630592
5645413	671088768
71605657	1212416
38064853	134217864
62358049	4294971393
75710737	3221229568
53468137	67113024
21302065	32802
52033141	2164260866
28126153	1610613248
67431565	2147520512
55147429	671088768
46343377	4328554496
43267321	16781313
37255825	4362076161
65437021	524360
78739165	4395630592
21957193	1085440
55836901	1610613248
51179401	4362108928
70457077	1085440
24931837	1610613248
19019809	150994945
62627617	1610612992
40693141	33587264
70909381	4311777280
70385797	1610613248
73230841	201326593
26305921	67141633
75802429	36866
3162925	36896
48992725	1073778688
25495921	1610613248
10609741	2134016
13647565	1085440
25177105	2147520512
43481485	1085440
10545913	67141633
429985	8523776
80970229	671088644
14280337	1081345
58857877	1610613248
76605949	1610613248
36540109	1107329024
53522569	4295004160
24580945	2147520512
24288049	42
38537893	36865
81318205	671088768
25978033	1085440
74747485	1610613248
7826581	524360
73620613	3221291008
28949113	2134016
39211489	6442483712
5272489	1610613248
74786041	1610613248
48384253	67141633
38092393	4311744513
47889829	2148012032
12346705	671088768
9503929	1610612992
1917469	268568576
54813061	134217857
67320109	4362076161
24032737	1610613248
54000145	83886081
44224417	57344
80547409	97
40620889	671092736
35217217	1085440
1254241	1085440
35601805	2147520512
1709461	1610613248
81297145	134217733
67030129	36866
80191333	2147520512
45220393	2147520512
61073389	1085440
471457	1610613248
24250465	1610613248
81133849	1610613248
10931797	4295004160
2811061	32773
51211153	37120
38564137	67133440
32231881	67141634
37195561	1085440
41353453	37376
20206297	83886081
79624333	1082134528
81655165	17301568
11549989	2147483714
22035925	1081348
61343281	4295004160
4541221	2147520512
1227025	1610612992
3872485	561152
73933921	4099
63572725	1081348
64126117	1610612992
49156993	671092736
43443577	1610612992
41048245	1085440
12808405	1610613248
39493045	1610613248
15915889	83886081
66024109	1081348
55805797	37376
7210333	4311744513
39444445	2164264960
79705333	4311744513
1666045	134250497
296821	36866
75774241	4311744513
759169	201326593
62210305	2148012032
61812757	150995072
52532425	4429185025
13734073	1073745921
59640013	4362600448
62963929	167936
6485221	1081345
46233541	36865
5505769	2147516418
15421465	1610613248
68545477	1610613248
21608569	4362108928
19988893	1081345
70975801	1074266176
55012645	4311744513
16731397	57344
28886905	2147520512
44549065	1073778688
16088581	1610613248
52153669	16797696
33005269	1610613248
48534265	1610613248
27380629	1085440
66252529	1081348
6062401	2180
7847641	1610613248
3618793	1074823168
14051917	671088768
43328557	3221291008
52902433	1610613248
52695073	1085440
1740889	1610613248
80587909	4362108928
56886013	1610612992
77253949	4362076161
2439433	1610613248
55398529	1610612992
66471877	134250497
60741289	16912384
419617	83886081
18832861	2147520512
43986601	671088768
16548013	36866
34953481	1610613248
9263197	16912384
1761301	2147487760
9538273	1610613248
50688865	536872964
30818917	4295131136
51872761	4311744513
23168629	2129921
66741769	1610612992
48519685	1073774593
77409145	16912384
12367441	16780288
20465821	2147680256
113437	1085440
30320281	2147553280
30978325	2147520512
73006633	2147520512
34935337	1090535424
65915245	524298
37076977	150995072
26563177	134250497
32163193	671092736
57571597	2101312
18567829	16814080
2423557	151027712
13079593	4295000320
13953097	8425472
76099213	67141633
20014489	1610612992
59501665	1073745921
65391661	1610613248
2524645	671088644
35999677	4311744513
26844409	671088644
49433041	134283265
60793777	2148012032
33385645	2147520512
4460545	1081348
75679633	2147520512
39780757	1081348
67441933	142610432
80398693	1610613248
19255357	2248146944
27245197	603980032
78769297	67141633
5480821	1085440
11980585	2147487745
31397581	800
26022745	2147487746
42995161	2147520512
28341937	49154
2827909	524802
52486417	671088768
43364521	4130
42578497	1610613248
45396973	671088644
52166629	24580
10034641	4362108928
14661685	2054
81075853	4311744513
42491017	1610612992
70630741	1610612992
13850389	1073762304
22337245	671088768
17943481	4311744513
13173229	150994945
57972385	671088644
54162469	1073778688
30861361	1610613248
24675553	2147520512
75634921	1610613248
80360137	4130
5761081	36896
30746341	201326593
49506265	83918848
43645753	4311744513
27008029	671088644
50927653	37120
79284457	36865
43686901	671088768
25485877	1610613248
78847705	2147487745
19043137	5368713216
57832741	5368741888
67791205	4362108928
57360997	1610613248
60538141	101711872
21132937	33284
67923721	2147520512
69638329	1610613248
529129	1610612992
80062705	2147520512
77054689	4362108928
59143969	1073745921
40397977	36865
36752977	1610613248
66920293	1082134528
21148165	4362108928
22798297	83886081
63615169	4311744513
32972545	671088768
65187865	1610613248
4120345	4130
47170873	4296048640
1422397	134250497
633457	1212416
74142253	83886081
51235777	36865
52499701	53248
66434617	8425472
27170029	671088768
948061	2147520512
12796417	1610612992
36857305	1073774848
73886293	36865
3686185	4311744513
79690753	671088768
69055453	36880
75104533	2147520512
56241577	28672
30865573	1610613248
57811681	32833
63637525	36865
12521341	36865
64581337	17301568
38560573	36865
72338545	1085440
52704145	2147749888
51763573	2097218
69842449	1610612992
53370937	1090519041
54702901	2147553280
74425429	1610612992
53699473	2147520512
69369733	1073766400
47651041	67141633
38937709	196610
76309489	4311744513
79249141	4362108928
48372589	1610613248
65385505	37376
12615301	671088768
76593637	36865
690481	1610613248
50676553	671092736
43375537	16781313
53845273	134217762
58898377	150994945
8969005	577
12392713	2147549185
28716157	134217734
28129393	1610613248
17209297	16809985
15288949	1085440
3495997	2164264960
15388417	2147520512
78212665	1073745921
45504865	2147487760
39841021	1610613248
18862993	536875520
69530437	83918848
45155593	4130
2253457	4362076672
76167253	16912384
79391377	53248
62763697	1610612992
2970469	1610613248
51566257	1074823168
42415525	67141633
74678473	1073774593
70403293	5368741888
38939329	196610
13619053	2147520512
226837	167936
56635561	1610613248
20405233	1610613248
37251289	1610613248
943201	135299072
14658769	4362076161
54497809	70
54169921	1081348
46979713	4362076161
14026969	1073745921
6103873	150994945
2424529	1073766400
8567569	36865
20720161	8425472
37380241	196610
57655189	3221258240
2812357	67142144
78841549	1610613248
816517	1610613248
47607301	134250497
47580085	1610613248
44009605	1610613248
12598777	67141633
50624389	671088768
2272897	4395630592
73291105	1081345
48477889	4362076161
39609361	1610612992
39549745	53248
1504693	2147487760
1872109	4362076161
31914037	1610613248
38100169	4362108928
30384109	134221825
22843333	2147520512
37731133	1074823168
9860329	2147520512
55354789	1610613248
35684749	671092736
28122265	2148012032
41943457	4295000065
63113941	2155876352
60167809	1610613248
17106589	1610612992
76301065	1610613248
53322985	1610613248
62528149	8425472
30255157	2147520512
7193809	671088644
27939529	1610612992
53523865	36865
7305265	98
38744929	1081345
75820897	4328554496
27134065	1085440
37426249	2147520512
22439953	1074823168
37733725	2147487760
29229049	4162
13839373	4328554496
28916389	2147520512
79914313	4295000320
45059689	327681
77007061	524354
46948285	36865
35028325	1081348
3441565	4106
64560925	800
47975689	671088768
630865	4295102464
49060117	3221258240
34292197	67145728
78918985	135266308
30603457	16810496
67979125	671088768
22503781	536870918
13149901	537919492
46890613	671088768
20013841	1610612992
81476641	537919492
44247421	2147520512
70451893	1610613248
61401925	135680
54572329	557120
74484073	2147487746
23587885	134217733
23932297	150994945
57950353	1081348
853453	32833
57573217	5368713216
28066213	2164260866
7500313	33284
67971673	1610613248
36139321	2147520512
32791105	4311744513
43765633	2147520512
72725077	671088768
31888441	134221825
27233857	1085440
39565	4295004160
20856241	4296048640
28476073	4362108928
365185	4295000065
79982677	2147520512
32617441	2147487745
49769029	5368741888
13340737	1073778688
53658001	1074823168
7050601	2148007938
66064609	4362108928
65936305	1610613248
67769497	4295000065
66417769	561152
54960805	671088768
15443173	1610613248
2256373	2147520512
55497349	671088768
62165269	671350784
29288665	4624
38889757	37376
67892941	1073778688
67052161	1081345
16765093	4362076161
13406185	1610613248
72224497	2147520512
59170213	671088768
35797177	1081348
43369381	1610613248
75582757	331776
35276509	671088644
81630865	1074823168
27843301	4295000320
67469149	37376
79958377	36865
23905405	327696
41053105	36865
44422057	33793
57142297	134221825
3307105	1610612992
18134965	134250497
73438201	101711872
43790905	134238208
72160669	1610613248
19407637	4311744513
21760849	134221952
76467925	1610613248
1882153	100696064
68894749	671088768
17939593	201326593
18332281	4311744513
65228365	4311744513
68259709	1073741860
22492441	671088644
53724745	1342193664
66213649	36865
54290773	4295000065
31715749	201326593
5692717	1610612992
1721125	1081348
57041857	671350784
57112813	8425472
68672485	1146880
1307377	327696
71651341	4311744513
4444669	1610613248
73029961	1140883456
75501109	4362108928
69536269	1610613248
5409217	1085440
25900273	671088644
30060433	2147520512
33766345	1085440
40883329	2147520512
35912521	1140883456
42028669	1610612992
78509449	536870918
17408557	137216
70413661	36865
69583249	4311744513
40476709	36865
1451557	4395630592
47164069	8425472
23811769	1073745921
74034685	5435817984
78571657	4362108928
54773209	2134016
53149645	8392705
19208377	2147487760
28809793	671088644
81705709	1073778688
36865405	37120
25979977	57344
9743041	83886081
10739341	66564
12255337	32833
35301133	671088768
8753221	1081348
11998081	36896
29830393	32833
34943113	1610613248
44823817	3221229568
69854761	3221487616
43402429	67
70945993	1610613248
30368233	671088644
72464905	4362076161
78030901	2147549200
3613285	1610612992
75670885	67637248
963937	134254592
36573805	1610612992
35654941	2147520512
80060437	1610613248
43594885	16777282
50195737	83886081
63564625	1610612992
44650153	1610612992
54428473	8425472
50888773	1073778688
33924781	1610613248
2237581	1610612992
40000753	2147520512
39744469	2147520512
77423077	1081345
57535957	135184
70519933	1073745922
5490541	16826368
65226097	3221749760
11738881	32833
43753969	4311744513
31836277	67141633
50926033	2147553280
34275673	67141633
10188217	1085440
78407065	1610613248
41962897	4295000065
12375865	671088644
31710889	1085440
1563985	1610613248
60054085	1073774593
47125837	17301568
24061249	142610432
41668705	671088768
60856309	16809985
62422849	67141696
5809033	83886081
41534245	1060864
64637713	3221229568
65726353	67141633
20098081	1610613248
2200969	524802
57904345	1074823168
36266005	1081348
51451885	1610612992
72668053	1081360
4352005	1610613248
5743585	83886081
77231917	2147520512
19017541	150994945
47796841	4295000065
65971621	1073762304
21698965	2147487746
45053209	4130
2181853	2147520512
68322565	1610613248
65448361	3221229568
15172957	1610613248
14170177	1081856
61648165	32833
29719261	4311744513
56984833	671088768
15836185	1610613248
27965449	201326593
59526613	33536
107605	134250497
3845593	4362076161
53229349	67141696
78201001	1081348
21469573	1082163200
79356385	67145728
56829961	1074823168
49662109	4311744513
2607265	65539
57290041	671088644
2350333	1610613248
10162945	671088641
57683377	20481
9206173	16779392
43697269	1610612992
52523677	45056
31697281	4295000065
34678405	1610613248
57966229	671088768
2283913	16779268
954865	83886081
40933873	4362108928
18574309	2147520512
60528097	1610613248
77145409	36865
16046137	1610612992
62209657	36928
68774545	67141633
55029817	1610613248
69381721	70
7734565	2147520512
59449825	536903936
302005	16777984
47420029	671088768
15900985	524353
135469	67141633
669421	1074823168
22664485	1081345
21555433	1085440
1004113	1081348
9801361	2148012032
22625605	1074823168
39869209	65602
79651225	134217860
4068181	86016
47878489	36928
63632989	67108929
78282649	1140854784
36577693	1610613248
53011621	37120
6551317	97
79108201	1073745921
51880537	1058
56423017	1610612992
42410341	671088768
67640869	65793
12362257	1081345
81440353	1082163200
69753025	4362108928
1384165	4102
54663373	1073778688
54969553	1610613248
24608161	1610612992
58582153	1085440
4664341	150994945
75813121	1610613248
9105409	1610613248
39612277	4295004160
17877385	3221229568
54695449	1610613248
40798117	671088768
74336329	16912384
3414025	536871680
14157541	1610612992
25492033	671088641
23967613	36865
41344381	1073746176
51496921	1610612992
31157173	4311744513
54260641	36865
68051053	8458240
5770153	4295000065
18164773	1610613248
77085145	528385
54333865	83886081
74736793	16814080
57498373	4362108928
71846389	1610613248
31706677	4311744513
57995713	57344
25286617	4295000065
286777	70
7451065	1085440
12478573	2625536
31811329	327696
48987217	4311744513
56878237	16781313
75533509	135299072
65400085	3221225474
67432537	1610613248
56904481	4362108928
80987401	2147495936
53895169	2147520512
10225153	1610613248
6227641	2148012032
36630505	1074823168
12044737	4102
17978473	671088768
59510737	1081345
8027137	2147581952
11941381	36866
34779817	36865
2289745	134217733
53497	135266308
49232809	524354
66233737	1610613248
57945817	1085440
77972905	1610612992
49122325	1081345
12546613	1610613248
77345317	2147549200
13711069	17301505
43364197	671092736
65587357	4295000065
46488853	36865
28986373	1610613248
20128213	2147549185
11907361	2148012032
30794941	8425472
46472005	671092736
22479157	2101504
30301165	1048582
62648677	1610613248
27016777	150995072
34054705	1610613248
65969029	1610613248
59549941	37376
33801661	36865
45399889	2147520512
20304145	536903936
43380721	671088644
8263009	32774
59058433	4362108928
74045053	1085440
23879161	4226
80342641	1073778688
6028381	2147520512
33094693	4295000065
62863489	4311744513
57565117	671092736
61572349	536903936
28411273	17334272
12601693	1085440
34267249	3221229568
63824797	327681
40748869	1610612992
2576161	16814080
18815689	1081348
62313013	1610613248
2633185	1610613248
43166557	1610613248
54646525	1610613248
49043593	4362108928
75978037	1082163200
80426557	1074823168
51177457	16781313
22727989	163856
65831977	1610612992
48061225	671088768
35236333	1610613248
29415673	36865
53568901	1073778688
44288245	4099
65003185	2164260866
21478645	561152
29414053	1610612992
7036993	16781313
75197845	671088768
70737661	671088768
57164005	5368709121
37830277	1610613248
57922489	17334272
12205441	33587201
1580185	16777250
32260393	4311744513
74918881	524353
50141953	36865
1252945	1074790404
1730845	3221229568
31436461	671088644
30792349	17334272
9496153	67112961
35056513	1140883456
54743725	1073774593
23980897	671088768
31244977	1081345
35562277	4294967361
6243841	1610612992
57598813	201326593
17827489	1610613248
71973721	134217737
62601373	4362108928
61767721	1081345
24071617	1610612992
71623801	327684
21451753	1610613248
34256557	1610613248
74160397	1074790404
62336989	4362108928
33395365	8425472
54179965	36865
29067049	4295004160
2926081	16809985
62796421	2147520512
37796257	134217864
59941981	2181070848
66442069	1081348
61005025	134221825
41832325	4295000065
14203549	1085440
57215197	1610613248
12177577	671088768
36829441	5368709121
51224113	1610613248
4414537	524354
31948705	1610613248
52032169	57344
79107877	671088768
63345277	1610613248
61163785	17858560
3077713	83918848
46602901	1074823168
21034765	67112961
6363721	285216768
47096677	1610613248
4202317	1610613248
30300193	8392705
46816417	671088768
48127321	671088768
59597893	1610613248
31747501	1146880
23745997	4311777280
2135845	135266308
2276461	2147487746
45388549	70
10502821	536875520
79976521	4295004160
39091933	671092736
53609077	1073778688
623737	1074823168
64265761	4295000576
34339501	1085440
50863501	1610613248
55305217	2147487760
60150637	1085440
79469461	1610613248
69802273	1074270208
30702925	134479873
78025069	671088644
24325309	1610613248
42030937	671088768
29956429	327696
1198837	17301568
36412129	671092736
33997681	4311744513
45096949	1610613248
23551273	1085440
29451313	3221229568
1894465	135299072
69899797	2147520512
79392025	1073762304
25519573	134217794
49056229	5435817984
63444745	4295004160
61015393	36866
32989069	1610613248
16628365	1610612992
55814869	1610613248
52531453	36880
26906293	67133440
36753625	1085440
34595137	536907776
627625	1610612992
24483745	561152
52791301	331776
74079721	33652736
57285181	561152
78424885	671088768
80048773	135299072
1469377	2147520512
50752693	2147487746
22983301	4362108928
5134465	1085440
39112993	36865
47873305	2148012032
57319525	671088768
50947093	1073775104
65227069	671088896
74098513	3221229568
74906245	2147520512
63255205	4395630592
79086493	2147520512
52576813	37120
56852317	67141696
54177697	4362076224
39633985	2147520512
52211017	671092736
14599153	1610613248
20570149	1610613248
13859137	134219784
53066701	4311744513
63677053	167936
6032269	1610613248
33829849	67141664
81612073	16777250
31330513	1610613248
16989949	2147487746
75321289	1610613248
32815081	4311744513
1690669	1610613248
35298217	35651648
62451037	2147520512
60923701	16809986
68374405	772
49097377	37376
51296689	57344
6636853	1085440
26829505	536872964
21842497	16809985
47059417	2147520512
6839353	32834
48507373	1610613248
80766757	36865
77343049	5435817984
51633649	1081345
73899253	53248
76880377	671088768
27100369	1073778688
31865761	1610612992
60846589	4311744513
58926889	1073778688
46937917	24580
79432201	28672
62519077	4370464768
14610493	24580
68508865	8421377
19476001	53248
43521985	671088768
11871073	4311744513
54841573	1610613248
79975549	5435817984
9086941	83886081
59815621	1610613248
54999037	2147618816
1649197	524802
73022509	36865
72982333	1073778688
55772101	1610612992
62865433	5368741888
28202941	1090650112
66525661	1073766400
6902857	4362076161
60152581	1085440
131257	134250497
41714713	1610613248
55355437	69648
1674469	32833
32309965	83918848
34390693	4295000576
1912933	671092736
32996197	134254592
7238845	536907776
79219009	1073778688
25283053	262216
54907669	36865
18694189	36865
75494629	1610613248
72060553	1073778688
74567989	1074823168
41206681	1085440
55463653	36865
18768385	134250497
28221409	4362108928
3240361	4130
5838517	1085440
4363669	1610612992
8432785	2148007952
72511237	135680
78048397	150995072
23691241	150994945
70565941	5435817984
80361109	1610612992
61068853	1610613248
109549	36865
28107037	1610613248
67120525	4311744513
4984129	4295004160
47332549	1610612992
126073	134250497
3206989	2147520512
71107669	36865
78560317	37120
45338653	57344
23928409	269516800
38180197	1610612992
38187325	1610612992
3584449	1610613248
79252057	4362108928
64416421	67141633
33797125	1081348
27907453	561152
56445049	536907776
23739841	5368713216
16649101	4295000065
74997613	16912384
61815025	83918848
31454281	1610612992
40472821	3221229568
2010781	2147745794
1328113	1073778688
70040413	201326593
44722081	1074823168
58464217	3221258240
13882465	4311744513
77524489	1081348
47172817	4362108928
8321329	1174405120
14604985	2147520512
34406893	67158016
33431329	1081348
33736213	1073762304
63274645	4395630592
58563685	16809985
25993261	671088644
37200745	150995072
3141865	1610613248
62091721	36865
55270873	37376
39265597	67141633
5503501	2147487746
1919737	1610613248
25070833	5435817984
38434537	4295000065
63556525	2147520512
50789629	1085440
54250921	1610612992
4317013	1081345
80934589	1610613248
8284069	1610613248
74619181	1610612992
22675825	1610612992
60029461	1081348
19260217	1610613248
20489797	36866
60386185	4395630592
47798785	3221356544
45319213	2147520512
9054865	4362108928
74748133	2164264960
58935313	36865
71075269	5435817984
75510829	5435817984
60745825	557120
36740341	1073745922
12875473	671088641
43725133	1146880
66661093	36865
28233721	671092736
23104801	1081345
18559729	1610612992
5217409	4311744513
72426997	1610613248
4672117	1074823168
9739477	67133440
40435561	3221229568
34033321	671092736
16472521	1610613248
13852981	1085440
15816097	36866
81135145	36865
13972861	83918848
2147185	1610612992
5488921	1610613248
27471349	671088768
72156133	4296048640
44995861	1610613248
57248245	135184
13502089	1610612992
37902529	4311744513
62272189	4311744513
41523877	1610612992
13200121	24580
39008989	1610613248
20088361	1085440
59060377	4362108928
58642741	1610613248
78260293	2147487760
3448369	201326593
58232233	37376
44493013	1610613248
60577021	134217988
80176105	4295000065
21443329	1140883456
29692693	4362076161
46932733	671088768
27824833	7
79105609	2147487745
18086689	4362076224
5149693	1610612992
41820985	1073745922
17093305	2147520512
42938461	4362076161
56835145	2147520512
10518373	2147487760
62586469	1085440
14050297	1074270208
35267761	1610612992
44432749	134218753
60642469	32833
3659293	1081348
10672597	1085440
29770129	1610613248
17900065	1085440
54062029	2147520512
63368281	2147549185
70917157	671088768
42875929	8392705
80806609	1610613248
75260701	2129921
43732261	1074823168
15146713	5435817984
77436361	37888
34787269	1610613248
49837393	1610612992
65591569	1610612992
52769917	65793
19131913	83886081
46656037	4162
76080421	101711872
26118001	67125312
44993593	671088768
2446885	2147520512
75579841	3221229568
30794293	4294971393
36966169	5435817984
40531141	1610613248
34583797	1081345
52907293	536872964
8994925	134250500
1191061	98306
47316025	671088768
43698565	83918848
18601849	2147487760
28006921	537919492
27834229	16779520
61501393	37120
56644633	1081345
28272601	36865
47414197	1082134528
10868293	1610613248
68725297	1074823168
40399921	2147487746
51727285	16912384
39005749	5435817984
51476185	1073762304
21670777	1610613248
18802081	36865
65950561	67141633
33516541	1074823168
41234869	1085440
42553549	4362108928
4509469	83886081
20899009	671088768
74181133	1610613248
8330077	4311744513
66087613	561152
14883625	167936
23894713	57344
67824577	4295004160
449749	3221229568
81019477	4311744513
12748465	327696
74952577	1073778688
81145513	1073778688
56983213	5435817984
24278653	1610613248
937045	16908290
76232377	135266308
19808749	4311744513
4239253	134217733
52895305	135266308
22901977	1074823168
849241	672137216
452665	150994945
56937529	1073775104
65905525	2147520512
77130829	67141633
12372949	671088768
77354713	67113216
11950453	1081345
32659561	67371009
63684505	1610612992
21747889	4295004160
75997477	4362108928
37409077	1610613248
31151665	20736
51314185	4395630592
48531025	37120
70732153	1174405120
33065857	1074823168
48969721	4362108928
67625965	1074036736
80683165	4328554496
61409053	36865
17888077	150994945
67820689	36865
12183733	671088768
77455153	8523776
3519325	2147520512
37524097	1610612992
67848877	6146
47886265	134742017
29155825	7
47928709	1085440
59161789	4130
7755301	1081345
8643061	67633216
25562017	36865
32605129	134217733
6650137	1610613248
54965017	150994945
76319533	4311744513
63608041	1081348
31394989	800
76724209	1085440
26567065	1610613248
73792981	1610613248
78823405	2147520512
47606653	53248
22062493	134217793
7448473	2147520512
64723897	268439584
77801509	1610612992
69183109	2147487746
14719681	1610613248
11193589	1610613248
23322205	577
29019745	1610612992
30665017	134217858
34925941	327681
12925045	671088644
4246057	37120
32977081	134221825
37490077	1610613248
81282565	36865
38197369	1081345
43082317	4295004160
1225081	16916480
25099669	1610613248
41855653	1610612992
55820701	671088768
35268733	4295004160
75007981	1074823168
18339085	2164264960
64123525	1073778688
2248273	4311744513
36284149	1610613248
66550285	3221356544
66455029	2147520512
18701641	134221825
5612689	561152
66976993	5368741888
10025893	1610613248
43417009	671088768
58773313	2147524608
37601209	1082163200
25921981	1085440
37763209	4362108928
66258037	83886081
56504017	3489660928
26023393	1058
23108041	4311744513
46584757	1081348
42236029	537133057
5873185	1610613248
1253269	36865
40313737	36865
50628601	8425472
66570697	16809985
19356121	2147520512
1970281	134758400
46387765	8392705
25385113	1610613248
46754209	33587201
45377533	1140916224
7929937	4311744513
12167857	671088768
76373965	1610613248
35963065	1610613248
81000361	1074823168
63667657	20512
52139737	1610613248
47409013	1610613248
43005205	4295004160
56675089	2147520512
69083965	3221229568
31122181	4295000320
52062949	1074790404
75650797	2147487745
34469101	1073778688
63499177	1610613248
1005733	1610612992
42766417	528896
60794101	16777249
64240813	1081348
60073525	1610613248
36514837	32801
12422197	671088768
3151909	1085440
32351437	2147618816
21879757	32802
69863833	671088768
7106977	150994945
8953453	134283265
42594049	4362108928
76789981	4328554496
55244629	1081345
26480881	1610612992
22591585	1610612992
73663381	4295000320
9230149	1048582
17346673	37376
74476297	1073778688
43602013	1610613248
28877833	4295004160
42698053	1610613248
22985569	4362108928
27344665	561152
24133501	2147520512
72951229	16809985
43199605	37376
78270661	2147553280
5461381	1610613248
7709617	1073778688
53735437	1610613248
7774741	2147520512
21133261	134217864
3124369	65554
37605745	4296048640
75472921	67133440
11409373	83886081
21733957	1074823168
49133665	2147520512
26779933	671088768
69305905	1610613248
64554445	1610613248
14824009	1085440
77440897	36865
53238097	537919492
51754501	37376
45706069	8425472
80140141	67141633
47003365	4362076161
18697105	8425472
70982281	1610612992
1553293	134254592
53028469	1610613248
39401677	1073745922
2296225	1610613248
45416089	1610613248
49236697	2147778560
39042361	32833
75561049	134217860
34028461	1074823168
44460937	1610612992
54595009	1610612992
13450897	40961
1537741	36865
30153097	134217733
17488261	4362076161
67036609	1610612992
3895165	561152
55477909	33344
69049297	67141633
70169365	1073778688
49203973	1610613248
74584189	4102
11003401	4162
46284409	102400
19758205	1048836
15200821	4362076161
37401949	671088768
60672925	1073742084
18917425	1081348
41874121	1085440
19856377	150994945
81163333	671088768
46709497	16777281
31764025	671088768
79876081	135299072
10524205	1146880
23607649	671088644
33714181	67108929
23366593	201326593
75529621	83886081
15599665	53248
41206357	672137216
73354285	3221356544
53913961	2147520512
2661373	83886081
42653989	1610613248
62053165	2147488256
63802441	671088768
40666249	3221229568
46888993	1610613248
16278121	1610613248
66643921	1610613248
24661621	134217864
38195425	1610613248
885529	135299072
15163885	4362076161
3315853	1085440
25861717	1073745921
18785557	2147520512
73601497	167936
41424733	1610613248
8527717	269516800
69905305	201326593
63613549	1610612992
64470853	36865
5464297	17858560
4001761	4362108928
73133317	2147520512
29304217	4362080256
9113833	4311744513
36701785	4295491648
43136101	671088768
36769501	134217793
6989689	36865
10387801	4395630592
22877677	553648384
46475245	671088768
69519421	4295000065
2836657	1610612992
74327581	2147520512
31370689	67112961
5641201	1074823168
41007097	1140850689
55936369	1610613248
70192045	4162
43130593	135266308
17978797	4362108928
6104197	1610613248
43202197	671088768
51331681	2592
12211597	4362108928
56456065	1073742084
3755845	1085440
1528993	24577
62787025	1610613248
56814409	1610612992
78107041	5369757696
45372349	2147520512
34088401	4328554496
67721869	8425472
14268997	16810016
17367733	1610613248
44245477	524864
81032761	3221749760
51390325	16777221
75937861	36865
22212829	36896
17749729	671088768
62946757	16809985
57428713	33554692
25541281	201326593
77597389	1074823168
59771881	1610613248
1796941	1610612992
32232205	671088641
19037305	16809985
78272281	1081345
22110769	671088768
56193949	5368741888
31807765	1085440
79918525	36865
75928789	2147487746
36418285	150994945
36110809	4295004160
48432205	671088768
232345	4226
67461373	5377097728
60649921	1610613248
76742677	36866
52060357	53248
8606125	1073745921
36094933	1610613248
50376853	3221229568
39776545	4295000065
60640849	1610613248
47589157	4395630592
63075061	4294971904
52313401	1073778688
19103725	2147553280
54712297	1610613248
27267877	36880
25935913	36866
21571633	1074823168
72108505	1073745921
66478681	150995072
51415273	134221825
56296657	2147520512
22399777	2164264960
80329357	1610613248
21182833	1610613248
56153773	33591296
58033297	1610613248
61653349	2147520512
39009637	1081345
31590037	150994945
79875757	1610613248
33369769	524353
55923733	4295004160
45573553	36865
47486773	4362108928
63775225	1146880
2703169	1081348
10453573	57344
49419109	4362108928
6158953	268567552
54385381	32773
67492477	5435817984
53162929	5368713216
78225949	1610613248
40140397	4295000065
2227537	321
40348405	67141633
43176925	1073745921
24508693	1610612992
67988521	4295000065
15167449	4295000320
48934729	4362076161
21702205	83886081
11545453	4295000065
68251285	37120
6614173	1610613248
53733169	557120
31044745	65570
56773261	1610613248
3352789	1146880
15919129	83886081
63962497	67108929
67576393	1610613248
7399549	4395630592
3492109	16809985
75991969	1085440
1267525	134250498
35804305	1610613248
57099529	536907776
26870329	16787456
79583509	8425472
6215005	83886082
31329541	671092736
13928473	36865
53616205	2101312
6761917	37376
187957	524354
13143097	4311744513
75462553	1074266176
8297353	1610613248
44901577	1610612992
32119777	4295004160
2723581	4362108928
16989625	67141633
25534477	5435817984
17152921	4295000320
66242809	2147520512
29718937	4328521729
39775249	4311744513
15106861	67158016
80120377	37376
2919601	671092736
68857489	1610613248
42628069	2147749888
81261181	36865
1269793	671088768
47192581	671088644
79962589	1073873152
21030877	16809985
42649777	40961
49949821	3221229568
60898429	1610612740
48589993	135299072
50922793	671088644
63557173	1610613248
4609261	1610612992
31340233	4295000576
57698929	1610613248
46349533	4328554496
70854625	1610613248
2059705	4311744513
46943425	36865
32333293	4311744513
51868225	1074823168
41271481	1610613248
27023905	134283265
24963265	528386
69202225	524353
70887673	4295004160
8942761	4311744513
2567737	2129921
32293117	4362108928
34047901	1610612992
24076477	201326593
55149697	671088768
52966909	36865
58777201	2147524608
12818773	1610613248
62916301	57344
2072017	1610612992
42316381	1085440
47897281	671088768
75204001	1610613248
25766461	671088644
20185885	1073766400
36254017	67141633
935425	2147520512
65469097	1085440
78783229	36865
75197521	2147520512
72973261	37120
4573	65570
27933697	135266308
79395265	1081348
26405389	1610613248
8283097	2147520512
24550489	1073745921
30153745	67141633
20239669	4362076161
78301117	28672
59475745	4362076161
68319973	1610613248
52270309	800
64476685	37120
4322845	1085440
8591869	134217733
59858389	83918848
22236157	1610613248
35735941	561152
11191645	67141633
70894801	4311744513
21480913	561152
44902549	32833
26252785	1085440
74302633	1610613248
2518489	37376
38600425	86016
57180529	1610612992
62184385	36928
42903793	1610613248
10465237	1610612992
74917585	1610613248
72985573	671088768
55228753	1610613248
4872673	1610613248
72226117	2147487760
65292517	98305
13965733	671088768
1356949	36880
23706793	83918848
2802637	4295004160
14185081	134254592
42497173	1610613248
45156565	1610613248
77702365	16809986
7691797	4311744513
66947185	4311744513
7727113	2147484674
1971901	1610613248
77612941	327681
55529101	16809985
50851837	2147614736
16790365	4295000065
12281905	1610613248
30749581	4295000065
5574781	4311744513
36564733	57344
58279537	1610612992
54276193	1085440
62524261	97
71204545	2147520512
49635217	134254592
327601	4102
1209853	16908544
47863585	528386
47516257	1610613248
72451297	134217860
56620009	1140850689
34629805	557120
63041041	1610612992
55191493	20482
32742181	1610612992
34860493	4295000065
22118545	671088768
19868041	70
17600041	4311744513
50600737	1074823168
2489329	1610613248
52698961	1073778688
24666481	537919492
52106041	1610613248
80193925	4395630592
635725	2147520512
70627825	8425472
9231445	1610613248
16734313	36865
36256609	2147487746
46800865	671088768
661321	1074823168
81202537	67112961
23621905	671088768
52561585	3221356544
32648869	16781313
45008821	150994945
18061417	8425472
22626901	83886081
405361	133122
1520569	4429185025
64971109	16814080
19879705	1610613248
19544041	83886081
36186949	1073762304
615313	67141633
49806937	1140854784
61460245	36880
53088733	28672
9728137	32833
36407269	1073745921
38593945	17825856
6219865	36880
29439325	150994945
73495549	4311744513
1347877	1610613248
3930805	4102
16634521	135266308
80307001	1610613248
36002917	671092736
27619741	671088768
27804421	1140850689
32936905	32802
23314429	1073778688
25602517	1146880
32458681	299008
27646957	671088768
52786765	16797696
6666337	2147520512
9637093	536875520
24545629	2147581952
16735933	1073745921
76270285	37120
18681229	2097410
44062093	36865
57756925	1073778688
26065189	40961
40839589	4311744513
50997961	1212416
55117	1610613248
32838085	1610613248
26412193	1610612992
38930581	1073778688
40815613	67141633
22311325	327681
42853897	1081348
10276993	1140883456
24438061	1610613248
78184477	150995072
40494529	75497473
6190381	83886081
39303505	2147487746
76994749	167936
67931821	4429185028
63198829	1085440
46496305	67145728
62616277	134217733
2826613	8425472
3614905	1610613248
30507229	1610612992
9757	135266305
42017005	1610613248
15206005	4429185025
67484377	1610612992
2599489	2148532228
38432917	4311744513
14285521	67
81451369	4362108928
26754985	37120
5450689	3221229568
21561589	36865
56579833	671088768
7771501	2147520512
26202565	32773
37401625	1085440
55992097	1610613248
38147797	4311744513
52586857	2181070848
15356665	1610612992
77693293	2147487745
23422969	2101249
11793313	1610612992
32917789	67141633
26880373	2147520512
68910301	32801
53912341	1074823168
79930189	1174405120
18472249	4362076161
13665709	1073766400
80027389	1073778688
59411917	3221229568
81400825	671088768
38841157	16809985
52417081	1082163200
492517	2164391936
41283469	134217733
57522025	4311744513
27735733	4311744513
1359541	150995072
25645933	4102
7236901	1610613248
17861185	2147520512
40114801	4295000065
44309305	1081345
35860681	2147520512
47665945	2147520512
35529877	1073746176
52601761	70
75520549	1081345
37218889	2147520512
46737685	671088768
73453105	4295000320
33407353	4294971393
68418145	1610613248
11902825	150994945
61303429	135299072
42015385	1107296320
51553	1610612992
15935653	83886081
28796833	671092736
67662577	1610612992
27342721	1140883456
75593125	1085440
22601953	1610613248
27834553	4295000320
23999689	671088641
27206965	1610613248
15587677	83886081
6139513	1610613248
51370237	4362108928
45572905	8404993
29180773	2147524608
38828197	1073778688
70949557	1090551808
76534021	1610613248
48239749	671088768
35913817	57344
1719505	16777312
51731497	37120
4756357	2147495936
17273773	83886081
44227657	1073778688
22617505	1610613248
61195213	1610613248
38559925	1081348
5183065	134250497
80445349	1081348
16529221	4295004160
57319849	671088768
61363369	67141696
673633	134254592
29203453	4311744513
4561633	1085440
62285149	57344
454285	1610613248
74671345	2147520512
78007249	36865
25078285	16777984
21384037	1610613248
35544133	1610613248
33129685	4294971393
47380501	671088768
9124201	16779520
18616753	4311744513
76202893	1610613248
44275933	2147487746
48919825	2147495936
20668645	1610612992
738433	1081348
6949513	16912384
60952861	167936
55904617	1610613248
79975225	4328554496
66849985	1081345
65507329	671088768
7831765	671088768
267661	268568576
143245	8429568
363241	100667392
57339289	671088768
37267489	1140850689
22531321	1048582
3205693	1610612992
35835085	17334272
8670277	5368713216
67857301	37120
75339109	1610613248
2381113	524354
16653313	1073778688
24427369	2147520512
5950621	67141633
56181637	1074823168
23622553	671088644
77867929	1610613248
46460989	4329570304
36273457	150995072
19820737	134283265
1724689	4362076161
21363301	150994945
36798661	268568576
50961349	1073778688
56158309	37376
12012985	1085440
64219429	17301568
45379801	2147520512
57837925	36865
61246081	1610613248
73380529	4311744513
4986397	1610613248
41707261	53248
36053785	1085440
32392261	37376
3092293	2147484674
1704601	150994945
53828425	32802
15661549	524353
43886485	37376
62477929	1610613248
28826317	2147581952
77090653	4295000320
20579545	561152
12975265	1610613248
68384449	1610613248
76170169	1107329024
32337181	4311744513
43013629	1610613248
63534493	134218753
30402577	36865
36703405	1074823168
59895973	36866
57839545	42
44926849	1081348
46581841	1610613248
514873	67141633
1298305	32833
18671509	1073745921
2396989	67108929
51892201	536903684
6578857	561152
10976185	1073774593
62635393	2147553280
38665873	1073778688
67577041	24580
31763701	671088768
21561265	150994945
58813489	2147524608
68738905	4311744513
76337029	1073775104
28255105	1610613248
20926549	4395630592
60924997	1610613248
18205597	150994945
13907089	4294967361
18445357	1073778688
31357405	1081345
33684049	83886081
12535597	67108929
59086945	4362108928
54751825	1073746176
42705181	1073745921
55414405	16797696
54494569	134283265
42051349	33587264
67374541	2101249
70764553	65554
62026597	1073876992
2768617	536875520
52884937	536875520
29325277	671088644
74920825	1610613248
59497777	36865
48632113	1085440
22751965	1610613248
75721429	3221487616
54421993	37376
41406265	5368741888
7975621	134217733
24078421	2148012032
77012569	16912384
76883293	201326593
37636525	24580
22508317	1610613248
10369657	671088768
48961	1085440
56182285	1073745921
7794505	1049604
67710529	1081348
67730617	1610612992
7853149	2164264960
17986897	83886081
75594097	4295000065
75601549	36865
27549433	2147487746
62070985	135299072
3958993	2147520512
63314497	67108930
47861317	671092736
24814225	671088644
35054569	36865
13612249	1610613248
5988853	4294971393
11222101	4311744513
57346741	671088768
39280825	20512
44527033	1081360
79971661	16912384
74601685	1074823168
46181701	1048610
62295193	4353
32097097	2101312
47914453	671088768
19038925	150994945
4389589	671088644
58008673	16781344
55584181	327681
20323909	137216
4515301	4429185028
1901593	1610613248
57583909	1610613248
76149757	16777222
30305053	268437506
32195593	201326593
8400385	561152
13480705	36866
24397885	32802
10175257	1085440
2637721	1610612992
29662237	524802
35332561	671088896
54155017	4295004160
76826917	2147487746
56248057	36865
72852409	1085440
62753653	1085440
33700573	1610613248
26097265	1610612992
27234505	4353
66179953	36865
9536977	1048582
75167065	1610613248
27400717	1610613248
42898285	2147483682
81166249	2147488000
39184597	4311744513
19759177	1081348
74699209	37376
8754517	1073750528
24083281	83886081
46728289	1610613248
4894705	6442451008
72426349	1174405120
18998749	2147520512
37986445	1074823168
36869293	1073766400
63625537	8425472
3852397	1074823168
55983349	671092736
81536257	1610613248
25131745	1610613248
60114025	1610613248
57562849	5368713216
67770469	4102
2596573	1610613248
47901493	4362076161
34566625	134217860
27029737	150995072
26538553	36865
16414201	2148012032
42529573	1610613248
34006105	4130
56991961	671088768
74863801	1610612992
47953333	4311744513
401473	1610612992
865117	2147487746
49515985	50
70218289	16389
55975249	1073745921
38976265	32833
47279413	1610613248
31409893	800
22315213	327696
37648837	671088768
2059381	36865
33153661	201326593
50163013	3221229568
54674065	1081348
34389073	28672
11948833	40961
2458225	167936
12180169	3221229568
60715369	1081348
24554701	67158016
2124829	1610613248
66774493	67145728
31800961	37120
30286261	4362108928
46909729	8392705
23234725	769
25892497	671088768
72513505	8425472
49092517	2147520512
31399201	800
41441581	2147749888
57465649	4311744513
56913553	134479876
72858889	37120
8725033	1610613248
79033681	5435817984
13056913	1073778688
9179929	32833
39029401	134217793
55196353	32833
75211777	67145728
59571001	1610613248
20940805	83886081
51697153	2148012032
59225617	4295000576
7933501	16908304
21377557	1073778688
822673	1610613248
14568697	97
2897893	5368971264
54084385	4328587264
12385909	671088768
28282969	2148532228
838873	167936
14284225	2180
58794697	2147520512
16073677	3221229568
598465	525056
81482797	1610613248
14617	532544
55789597	135184
40265461	5435817984
36631477	1610613248
35072065	98
56232505	53248
81714457	4311744513
48294505	100696064
43719949	134234128
67153249	16809985
18554869	83918848
41131837	4130
32042989	1610613248
60585769	1610613248
73794277	1610612992
60102037	1085440
77743189	4362108928
51213745	1610613248
29677141	3221229568
16892101	524354
44160913	4362108928
23063329	1610613248
14408965	1610612992
36376165	5435817984
6829633	1610613248
36242677	4294967361
64410589	201326593
51960565	524354
63867565	1610613248
22165849	671088768
36607825	4295000065
66467989	36866
68239945	1085440
50887801	1073745921
19328581	2147549185
63185545	1085440
38969461	4362108928
39099061	1610612992
212905	1610616832
53382925	1610613248
22243609	66304
65081269	1081348
10959337	3221291008
25487497	1081348
39491101	671088768
29658349	557120
46673857	671088768
39268837	1081348
52656841	1610613248
51893821	4311744513
19522657	16797696
18652393	150994945
18540289	1074823168
23373073	1610612992
73687681	1610612992
12459457	1610613248
15478813	1610612992
40579093	1073778688
6437269	1073745921
81125749	1610613248
77969665	1610613248
15927229	1610613248
45189937	671088768
49977685	4362108928
27917173	1610612992
1829017	1610613248
54488089	1074823168
705709	536903684
49585645	1610612992
26757901	4311744513
79566661	36865
80329033	671088768
67715713	671088768
42567481	1610612992
28854505	57344
18883081	4429185025
43434505	327696
70537105	1073745921
56026117	36865
2093077	1610613248
64353565	524354
50418001	36880
59547997	1140883456
43676857	8425472
79791193	4311744513
64613737	32833
27817057	4295000320
1777177	36866
64135189	2147483682
55485685	4362338304
31622437	3221229568
2636425	4295000576
62050249	3221229568
61064965	1610613248
11168317	135299072
37910953	16809985
1560097	2147618816
21149137	671088768
14289409	1610612992
66718117	1085440
72391033	1610613248
56136925	536872964
76164661	4295004160
15427621	4864
21670453	4311744513
18924229	150994945
29555317	671088641
29552401	150994945
65118853	1082138624
2962045	1610613248
38504197	671088768
54556129	65793
37256797	1610613248
66807541	1610613248
48469141	4311744513
67268917	671350784
4953673	67141633
27163873	83886081
57424501	67141696
66796201	1081345
68000509	32833
303625	1081348
40974373	1085440
76889773	1074270208
4006297	4362076161
55704385	1610612992
60550129	16814080
6477769	1085440
381709	1081345
68847445	671088768
36336637	17301568
63769393	262
52720345	135266308
32146993	4295004160
31922137	67145728
4710349	196610
5438053	2148012032
75298285	2147520512
48223873	4311744513
47707417	1073762304
41132161	4295000065
23193577	2147520512
56513089	2147520512
15435397	83886081
18614809	1610613248
9952669	1610613248
37313497	4311744513
31494457	201326593
42067225	1610613248
68668273	1073746432
15649885	1610613248
76582621	36865
29161657	83886081
24946741	36865
46757449	4362108928
42781969	1610613248
1996525	32833
73806589	1081348
51715621	4295004160
70537429	528640
15030397	1610613248
65148013	8425472
81707653	1090535424
1095805	3229614080
14853169	16908289
72831025	6146
69384313	2147618816
67365793	28672
1016749	327696
15329773	1610613248
208369	1049092
40514941	331776
59270329	1610613248
5138677	2147520512
56650141	671088768
43984981	1085440
4544137	1610613248
23053285	1081348
74531377	196610
15772033	1610613248
45433909	4311744513
58019365	134217733
7979833	2147520512
54884017	1610613248
61238629	8536064
80334217	4295000065
6804037	53248
41018113	524294
67332745	5435817984
52076233	4362076161
40860001	8392706
38878417	24577
1145053	2684354561
47525329	1610612992
6473233	327696
60667741	1610613248
67908169	671092736
42107077	2147520512
44303149	536870918
75506293	4362108928
65803789	528386
81254377	34607104
1109413	1610613248
24893929	4429185025
3192085	134221825
18526033	134217860
44865937	1081345
42246397	36865
14241133	1085440
61906393	1085440
6100633	1081348
8080597	4311744513
728713	2147484674
76529809	1610612992
26872597	1085440
70551361	8425472
19509697	522
51714325	561152
317557	8425472
58977433	36866
46606789	1085440
56443753	32802
70931413	1081348
38781217	1085440
21920905	17039361
12568321	134254592
21046105	1085440
78798781	1610613248
68651425	2147520512
79174297	4130
75123649	8425472
60301	1085440
18654661	150994945
32378005	1085440
68816017	1610613248
73946557	4429185025
19686925	5368709121
19986949	4311744513
1009	1085440
24686569	4311744513
47475757	671088768
56085733	37120
50777317	24580
17155189	5368741888
75806317	1081348
71819821	1073741860
6220189	16793601
32780737	1073745921
46551385	32834
80180317	671088768
71366545	16809985
49659193	4328554496
46437337	671088768
76035061	1610613248
23148865	4311744513
46790173	4362076161
62507413	1610612992
27504397	557120
78735925	2147487746
8021629	135266432
64568377	37120
60987205	1073745924
271873	36865
20466469	1085440
1010269	67108929
81006517	2147520512
46232893	1085440
28064917	67108929
60889681	4362108928
56316421	4362108928
3644713	1610613248
67491505	1082163200
27507961	2147520512
66169909	83918848
39404269	134217864
75981925	1073745921
42157	327696
34425685	4294971393
78802345	1610613248
39264301	1107329024
34288633	4295004160
24744889	2147520512
26004601	1610613248
13959901	1610612737
37708453	1085440
74444221	536903684
3710809	553648384
39852037	4295004160
22787605	134283265
54294661	4362076161
24490873	1081348
4652353	67109890
32834197	4099
37944973	1610613248
71725861	4295000065
57526237	16809985
55431901	1610613248
19720297	2147520512
18264241	1073774593
59337073	16809985
50694697	4362108928
74151001	1610613248
20660869	67141633
56443429	25165825
10768177	16389
61577533	4311744513
1867897	1610612992
35415181	1610613248
39750625	524360
69635089	4362108928
33583609	16809988
938341	3221229568
16731721	2147520512
5553721	67145728
53334973	1610613248
70361821	1081348
55826209	37120
48594853	2147520512
46854325	5435817984
72724105	1081348
63704593	1610613248
24139657	40961
77511205	1074823168
1178749	2164260880
49455397	2147520512
63963145	100696064
56743453	2147520512
3038833	67108929
218089	65793
57850561	134283265
39797605	524353
20597041	3221229568
47652661	1081348
60705649	1073762304
66445309	36865
23919337	1073778688
603973	671088896
75371185	5368741888
27940177	536907776
43201873	4362108928
59224645	8425472
36495397	37120
2604673	4395630592
60938281	1610612992
2255725	167936
53430229	2181070848
52065865	4296048640
74041165	537919492
40453381	2147647488
19216801	1610613248
74575117	557057
54366913	36865
14879413	671088644
46692973	135299072
44903845	73
44559109	2147524608
41178169	1610613248
76537585	1073778688
70416577	1610613248
37932013	1073745921
11416177	2147487746
142597	1610612992
66311173	67141696
33927373	6509559808
27712081	57344
4688641	66564
39395845	36865
74957761	1074823168
65864053	1610613248
76344481	16810496
54112249	4311744513
7145209	17301568
80485525	150994945
180829	32833
32243221	16801792
81592633	2147520512
43118605	2147520512
33117373	37120
79728661	2147520512
5590009	45056
3342421	1610613248
12887461	1610613248
33202909	36865
68807917	2147520512
18867853	150994945
59724253	1610613248
19910485	4362108928
39193021	134254592
46847845	4311744513
19864153	4102
65640169	1610613248
15750325	2147520512
73692217	5368713216
5421205	671088768
7003297	17334272
37346545	196610
29069317	4311744513
39902581	1610612992
61232149	36865
69469849	2147520512
12764989	36866
46661221	671088768
21321829	1342185472
23546413	134283265
30742129	2147520512
3945385	67143680
79641505	2147520512
27768457	1610612992
70512481	671088644
40624129	536870918
51485257	4295000065
78725881	36865
13508893	134254592
16510429	134479873
22292209	1610613248
80075665	1073762304
72107857	536872964
28119997	2147520512
40417093	1074823168
41384881	524802
80336485	671088768
17947693	101187584
16163425	83886081
41891941	1081345
39608389	268568576
66234385	1610613248
7259581	1056772
63406837	67665920
49173193	1610612992
42943969	4328554496
21521737	150994945
41003857	36865
20344321	1610613248
44592157	4130
40434265	66304
6107761	1610612992
502885	1610612992
27827101	1073778688
6561361	2164260865
12451681	671088768
15696541	524354
5900725	4295000576
40120309	1073746176
43716709	83886081
62540461	36865
48728017	1610613248
8127253	2147483682
43415389	37120
75063385	2147487760
320473	167936
40141369	4311744513
79832665	36865
2275813	67141633
30739861	67158016
2726821	1610613248
15214105	1140850689
54218845	1610612992
2314693	1081348
70965757	32833
38394361	671088768
19032769	16809985
27634969	1610612992
73500409	1073766400
35316685	4295004160
52740109	150994945
3049525	36865
1655029	2148012032
22393	16779268
71366869	3221229568
35784217	36865
36906229	3221229568
4293361	1048612
44039089	37376
27422101	1610612992
10896157	36865
47100565	786434
7651297	24577
81717373	671088644
11044549	1610613248
72505405	1074266176
22111417	1085440
2069101	671088768
20318401	16809986
67879657	1610613248
22173625	36868
53294797	5435817984
654193	1212416
139033	4295000065
41633713	1610612992
74313649	32773
74321749	17301568
23996773	1610612992
13518289	4362108928
4273921	561152
18786529	16810240
44262325	36865
68843233	1610613248
37940113	37376
49886965	57344
67901365	1610613248
18632953	3221229568
10997245	37376
64874233	1610613248
5544649	2147520512
41056669	1140850689
31329865	2147487760
4662721	1610612992
27352441	1140883456
42538969	16809986
22147057	4311744513
69798385	2148007952
65345329	561152
14986009	16814080
19861237	4362076161
1018045	16777730
1139869	4362076161
22275361	4311744513
16332877	671088768
76390489	1610612992
59409649	1610613248
59002057	4311777280
70689709	36865
14131945	1610612992
39381589	17334272
70191073	671088768
23957569	1058
23524705	4130
32674141	4295000320
21494521	1610612992
62352217	4311744513
65599021	331776
26198353	3221229568
2359405	4362108928
58798585	1085440
313669	150994945
73588213	1073778688
9719065	1610613248
76128049	150995072
13784941	671088768
13621645	1610612992
1818325	4328521792
1029709	134217888
13927177	1610613248
1227673	1610613248
68852629	1610613248
27828721	4295000320
51494005	1610613248
46860805	4311744513
45241777	1085440
15587353	1090519041
44947261	1610613248
33350977	134218753
56567197	1610613248
62650621	671088768
43436125	1610613248
9291709	1610613248
38233981	37376
72427969	150994945
72903601	1073778688
45000073	1610613248
17257897	1056772
15528385	2148012032
57193165	671088768
13046869	1074823168
28751797	1610613248
60523885	1610612992
56383165	2147749888
38103733	1610612992
11469313	1074823168
50838877	1610613248
26021773	1107296257
40319569	67141633
11142397	4311760896
62626969	1074823168
36706645	4362076161
67874149	1610613248
36462673	4395630592
8716285	2147520512
67212217	4295000320
2325385	553648640
46368001	1610612992
64986337	17301568
78432985	671088768
2650033	1085440
37190701	1610613248
35102521	4295000065
50024017	1610613248
72739009	53248
64315981	1146880
7059349	1073745921
52112521	1610613248
67452625	1081348
10239085	40961
2173753	671088644
78745321	36865
70778161	671088768
44546149	671088768
38316277	671088644
42988681	16801792
39137617	5368709121
51697801	134254592
28174753	1073774593
6398389	32834
6770341	67141633
57012697	134217733
21238561	1610613248
870949	1610612992
52677577	8258
31292281	16809985
8272729	1610613248
65611009	1085440
5949973	1085440
74414737	67141633
33799393	67141633
79491493	536879360
69827221	1074790401
66674053	70
24481801	1610613248
2400877	16781314
51990697	561152
49935889	67108867
66394765	16809986
28763137	16781313
18970237	150994945
49406149	2147516418
8200801	1610613248
42565537	1610612992
9099577	1146880
5871889	4296048640
46654741	1610612992
21582649	524608
55644445	16781314
46889317	3221229568
63894457	4362108928
43734853	68190208
1142785	134221825
26222005	2147549200
79722505	1107329024
53016481	671088768
54919981	8421408
45255385	135170
15808969	67141633
47685709	1610612992
72915913	67141633
63526069	2147520512
17461369	2147495936
23744053	1610613248
55676521	16809985
28393453	5435817984
71652637	1081348
78770593	102400
43775677	671088768
37314793	331776
26257321	16777729
71080129	8425472
123805	67141633
39904849	1610612992
68383477	1073766400
74715409	67141633
68696137	1081348
45266077	32802
54086653	36866
32982265	3221229568
78038353	2147520512
79395589	4295131136
51483637	65570
227809	2134016
41354101	1610613248
2928673	67141633
67216753	331776
48029473	36865
3160009	1107300352
37201069	2147487746
23527945	35
53966449	201326593
59860009	2134016
36786349	1610613248
55441945	1081348
45293293	1610613248
29693665	1073745921
6956965	2147520512
17444521	1610613248
65325889	4295000320
47130697	1610613248
24433201	1610613248
20276281	2134016
18307009	8421377
65079649	2147487745
185041	2148073472
29497645	1610612992
68519881	561152
31548889	2147520512
37928449	2147520512
73085689	83918848
24657085	1090519041
1853965	16781568
37378297	2147520512
57455605	2147487746
62580961	4295001088
50390461	561152
54555805	65793
64719685	1073778688
65715337	8392705
64332181	1610613248
3781117	2147483682
12004237	17301568
914689	2147520512
17722513	83886081
22163581	134217857
59392153	3221258240
36034021	24580
48583189	2147616768
56998117	1073778688
74267317	36865
15104593	553648129
44356609	671088768
55392049	57344
11258713	2134016
2111869	1610612992
38790613	32778
32258125	53248
19805509	2147487745
44611273	138
39013525	1610613248
62621785	4328554496
5333725	16781313
25746049	1610613248
54467029	1085440
76686949	1610613248
3282805	2147483682
81424477	1074270208
408925	1610613248
15483025	36865
58165813	53248
37406809	2147520512
58224781	537919492
11271025	1081348
21305953	67141633
2647441	1081348
827857	1081348
11772901	1610613248
593281	1610613248
49082797	2147487760
8348545	32834
35248321	135184
5949325	1085440
25708789	1610612992
23044213	1610612992
49027393	4362076161
48323665	528385
31209013	2148012032
76809097	1610612992
54678925	16809985
22261429	90112
42737581	671088768
48027853	134217860
13185541	32833
61888573	3221356544
69206761	2147520512
6641065	17301568
63125605	36865
64006561	1610613248
21667537	150994945
71522389	24580
2375605	100663297
78189013	53248
9500689	671092736
31352869	36865
22885453	2147520512
69598477	16389
37361773	1073778688
59025061	1074270208
4135573	150994945
29099125	1085440
26370397	1610613248
37560061	1610612992
45671077	36865
81117001	37120
77394889	1073758212
4554505	67112961
47311813	67141633
11741149	1085440
24008761	2147520512
15282793	1610612992
50688217	1610613248
77422429	1081345
3696877	268568576
30549349	4362076161
11274589	1610613248
55246897	37120
5114377	3221229568
49544173	4311744513
51547141	2181070848
70274665	4294967361
42112909	28672
54093457	67108929
26912773	2148012032
25349797	1073778688
39017737	4295491585
36924049	1610613248
12998593	4311744513
11609929	134217733
4146589	1074270208
73898929	1081348
80851321	671088768
33190921	67108960
17932141	1610613248
17533621	167936
53631109	1073745921
52641937	1073778688
60145777	70
39804085	1610612992
72047269	1073762304
65139589	4395630592
74523277	1610613248
36841105	37120
43367437	134217733
51849109	671088644
47284921	671088768
6518269	57344
58731193	150995072
57552157	67141696
10840429	137216
1026469	528386
61419745	1610613248
68802733	1610613248
38679157	4311744513
57611449	3145732
42382801	1058
23702581	1073745921
5506741	36865
21956545	4311744513
20192689	4102
58005757	1074266176
55967149	17301568
4901833	1090519041
563149	1085440
67541401	36865
55301329	36865
8157709	1073745921
31533985	1085440
35006617	1610612992
6718501	1610612992
12564757	671088768
27892549	37376
62199289	4362108928
38167237	67141633
63912925	1140883456
34565329	16793601
55762381	5368741888
69744601	1610613248
72590293	1140883456
37311877	200
63892513	4362076161
38131273	4295004160
67875769	1610613248
33462433	1610613248
16312789	4295000320
136117	134217858
407953	536904192
4119697	2181070848
44043949	1085440
79646365	1610613248
8507629	524864
10985905	2147520512
43809373	201326593
7349653	4311744513
132877	134250497
617581	1610612992
50822029	4295004160
12885517	32833
80692561	1074266113
40745305	4295000320
23288509	150995072
29366749	1085440
62002945	4311744513
58505365	1610613248
15360229	4102
74157157	5435817984
2197405	1073778688
44860429	1074790404
38971729	561152
3803797	2147520512
10138969	4395630592
12421873	671092736
37380889	196610
11715229	2147520512
71369785	1085440
58758409	1085440
75657601	2147520512
21740761	671088896
23274901	268568576
24478561	57344
1161253	28672
78470893	2147520512
42401917	1610613248
22804129	167936
59823073	1610613248
34872157	1610613248
6084433	2148012032
53015185	16777732
26541145	37120
9598213	2147520512
75158965	1081348
71839909	3221229568
48798973	4295000576
5664529	2147520512
40009177	1073778688
12046033	1610613248
42145309	67108929
72389089	16814080
65032993	2147520512
77680981	1073746432
23824081	671088644
53098129	4129
61273	1048612
65983609	16450
46305793	1610612992
56360809	37376
30279781	2147520512
65415637	1081348
46783045	16777250
17221609	1081348
45417061	1081345
28713565	1140883456
36066421	671088768
68484889	1073742084
52444297	4311744513
1847485	1610613248
18495577	1081348
34381	1610612992
59758921	1610613248
67227445	1610613248
62121853	8425472
77703013	16809986
50462389	37120
29483713	522
642853	8392705
21822733	16809985
13648861	4362108928
75613537	37120
68641057	4362108928
39729565	1610613248
2696365	57344
49444057	1610612992
57544057	3221229568
74676205	16912384
43792525	134217733
1170973	1610613248
295525	4362076161
27627193	671088644
74206081	1073778688
28410301	201326593
16488397	671088768
22633057	36865
3770425	1610612992
62785081	53248
259561	67141633
7434217	1081345
53533909	671088768
57095965	671088768
33502285	2147520512
43597801	1610613248
27832285	16779520
62696953	8452
60533281	1610613248
19480213	1610613248
63276913	4362108928
38741689	4295000320
39396817	1073778688
18903169	1074823168
27027469	167936
70805053	36865
32677057	1085440
35574265	75497473
53813197	1610613248
3660265	1610613248
52103773	67141633
51569821	2147520512
49744729	1081345
156205	1085440
8568217	524353
32240629	135169
75299581	5435817984
3680029	134217860
7842457	36865
15792769	83886081
32380921	67141633
50652901	35
1471321	671092736
76414141	134221826
54056845	8421888
846001	4311744513
39861433	671088768
28723285	201326593
68735665	37120
34785649	4362076161
52774129	134217860
65326537	69648
116029	67141633
52690861	1085440
74742301	1073746176
10331749	1610612992
2167597	1610612992
9750493	24580
42037417	1610613248
14349025	2148012032
77312917	2147487746
68018005	1610613248
40061989	4295004160
32995549	2181070848
79265341	4311744513
70099057	1610613248
77757121	2147520512
45451405	1610613248
21861613	1610612992
59791321	2147520512
17408881	2147520512
32974489	5402263552
52320205	135266308
78528565	4311744513
11638441	1610612992
77832613	37120
4770937	1610612740
61740505	32833
34073497	4362108928
29265337	4362076161
30729169	4311744513
42356557	671088768
2193517	67108929
69403105	4311744513
36284473	1212416
74203165	1074794496
46536157	1610612992
44699725	1058
79488901	1610612992
61556797	671088768
1484281	1610613248
23073697	1085440
39676105	37376
47132641	4362076161
40271617	67141633
44528977	671088644
63898345	524608
65405917	2147487760
77233537	1081348
32051737	1610613248
15153517	16777282
49367593	561152
81409897	1610613248
18577225	1610613248
5793157	35
80320285	1073778688
67169125	4311744513
68610601	2147483651
71477677	4295233536
43197661	3221229568
74395621	67141633
49865905	150995072
31586149	2147520512
38799037	1610613248
24374881	53248
21407365	150994945
44148925	1073745921
60962257	32833
46245853	4362108928
51219253	4311744513
41967109	67112962
57989233	134254592
22611673	5435817984
42562945	1610613248
14194801	1048582
29817433	8409088
73486477	37376
39803761	1610613248
21025369	1073745921
2578429	671088896
8099713	800
78150781	6442455040
62705701	2147520512
25655653	2147520512
75418489	1610613248
40195153	37376
59728141	2148012032
29394289	671092736
54610885	2147553280
18812449	1090551808
20382877	4311744513
35745661	671092736
57847645	4362076161
69539833	2147520512
78933889	1610613248
77239693	1081348
22006765	2147487746
62071309	36866
13951477	2147487746
57971089	671088768
31473073	36865
75519577	2164264960
51066325	1085440
31320469	2147520512
42533785	2147520512
12006505	2147520512
53905861	53248
29871217	1610613248
33608881	671088642
57249541	671088644
13755133	528448
65955097	67108936
11435293	2147483682
2082385	37376
41727025	1073742084
31838545	2147520512
9316333	137216
15791797	1610613248
40683745	8425472
38519425	1081348
33020173	1058
61116481	4362108928
42109993	671088768
66336769	1610613248
31993093	36880
21522385	150994945
40664305	1082163200
26404417	32802
2008189	1610612992
5725765	201326593
17364169	1610613248
53714053	36865
58019041	4294967361
22194037	671088644
38315629	1140883456
61800445	671088768
12382021	671088768
40773169	2147520512
17907841	537133057
25609321	671092736
68812777	4362076161
8120125	1610613248
32463217	24580
76560589	1610613248
29391373	1610613248
76606273	4295004160
81608833	1081348
71670457	1610613248
17237485	1174405120
61207201	1081348
66472525	1081345
5675869	67141696
48598417	1610613248
29503153	17301568
68077621	1074790404
50662621	67141633
29332081	4294987776
59360401	1610612992
45588781	1073746176
4445641	4099
27967069	1115136
42229873	1610613248
13245157	4162
62262469	1610613248
75422053	1610613248
12393037	1146880
67812913	1081345
30933937	4311744513
48790225	167936
30489733	67133440
35438185	1610613248
37976725	4311744513
31466269	1610613248
11823769	1610612992
44352073	3221229568
60240385	1610613248
64555417	36866
39529981	2147520512
3032029	1610613248
33215545	2147520512
1794997	2129921
44714629	1074266176
57444913	671089152
14556061	4311744513
69593617	4362076161
63780085	17305600
16171201	2147520512
31435165	2147520512
54436249	1610613248
13911625	2147520512
26667181	32802
63517645	1610613248
78285565	327696
3746773	1610613248
50678497	4295004160
72812881	67371009
67308445	8425472
19846333	36865
57705733	1610613248
47894365	671088768
38361961	1174405120
17002585	4295000320
65230309	5368741888
29856961	2147520512
1246465	800
6319333	17334272
69718357	1610613248
37815049	4362108928
14546017	2180
49665349	67141633
23223709	671088768
24998581	2147483682
2814625	1085440
76268017	1081345
13369249	1073778688
866089	1610613248
3228049	4362076161
52313725	3221225488
31433545	1610613248
50089789	1085440
35044201	1610613248
481501	1081345
68107429	1610612992
26360677	1610612992
11359477	1610612992
48620449	1085440
74821033	32778
46545553	4295000065
34667065	16814080
18527977	1610612992
41455837	1610613248
125749	1610612992
49408741	561152
79662241	1073778688
54621901	1081348
62605909	4295004160
56554885	1073746176
12907873	671088644
80424937	4362108928
20051101	1610613248
59020525	1610613248
9883657	1610613248
45618589	1074823168
25054633	4353
33168565	16809985
1479097	2147553280
14910193	1082163200
67483729	1610613248
22370941	4362108928
73200385	36865
4219813	2147487776
56045233	528386
4747933	36865
43338277	327682
59839597	2625536
96265	134250497
36454573	1610613248
30666313	4099
41189833	536903684
39213109	1074823168
15787261	83886081
49649797	1610613248
77855617	16908290
47028637	1085440
65454193	150994945
37111969	4295000065
38177929	1610612992
6696145	142606464
56288881	36865
32442481	5368713216
78856777	1082134528
19786069	37120
44883757	671088768
27722125	1610613248
41711149	1610613248
24529753	522
14077513	37376
59329297	37376
48763657	2147520512
37860409	3221229568
80317369	671088768
67974913	2147487745
51119137	4395630592
47586889	3221229568
3050173	2164264960
65127925	36865
24375853	278529
24406957	67108929
76451401	2147520512
72072541	1081348
36244297	1073745921
72751321	36865
1628785	150994945
38505169	1081348
48237805	1610612992
72114661	65793
24187609	17858560
9056809	2147520512
19211941	4362076161
66230173	67158016
118945	67141633
7581313	1048582
67204441	4294987776
76535641	4362108928
55809037	2147520512
69343489	16777281
41513833	83886081
48430909	2180
19188289	36865
28721017	1610613248
15895801	2148564992
8925589	1610613248
70876009	1107300352
70114285	4311744513
58809277	2147524608
33326353	50331649
26143273	4295000576
59555773	1140883456
65264005	37376
65622025	557312
43284493	134217864
9775765	134217864
1850725	4362108928
67233925	4311744513
2687617	134221825
41621725	671088768
47335789	671088768
80433037	524354
3008377	8425472
25356277	69648
80036785	67158016
70933357	1140854784
823321	33558529
19661005	4329570304
33419989	201326593
24627277	671088768
559585	83918848
68555197	83918848
10395901	1610613248
7759837	1610613248
44409097	671088768
3710485	1610613248
43020757	524353
63363097	1073778688
61923889	2147520512
70310953	671088768
73320913	2148012032
379441	134250497
67119877	201326593
55715401	331776
3073501	9220
48595825	1081345
80002117	1085440
53841385	557120
54025417	1085440
50674933	2147520512
24971689	4311744513
42713929	327681
70848145	1610613248
41503141	4311744513
19521361	16809985
65636605	671088768
47035765	1073745984
27819649	16779520
19460449	4362076161
3871189	1610613248
62598781	67108929
39805381	36865
36060265	3221229568
49367269	36865
666829	344064
6310909	150994945
4777093	4362108928
21666241	1081348
79042429	17334272
6134005	1085440
21303361	67108929
8336881	4099
1936909	5435817984
39028753	4311777280
75424969	671092736
20074753	671088768
46944721	1610613248
46295749	4328554496
70192369	1073745921
25297309	2147520512
5602645	1610612740
35944597	36896
27827749	4295000320
2465029	167936
34568569	1140854784
64199017	67108929
864469	1610613248
34138945	134221825
62477605	4864
61376329	1073778688
69113125	1610613248
63288901	2164264960
28342261	2147520512
37271053	671088768
42526981	671088768
49961161	17334272
31408273	800
5165245	1048836
77035573	2147488256
4479337	2147520512
75566233	67141633
62982397	4106
64542133	4362076161
6825097	1085440
80295985	4311744513
34190785	1610613248
38697949	1610613248
35920297	4294967361
67636009	536903936
1752877	134217794
32769721	1610613248
63112321	3221258240
50798701	1073778688
54201997	36896
2011429	16809985
54903457	1073745921
1732141	3221229568
60547537	1074823168
57533365	2147520512
64296217	1610613248
27010621	150995072
70701373	1085440
49607677	671088768
57647737	1610613248
53759089	3221356544
18430129	150994945
36222913	201326593
81198325	8425472
80306677	4295004160
53684893	561152
29480473	137216
32606749	561152
61712641	4295000065
63371521	70
53492437	4311744513
41778541	2147520512
25759981	1610613248
58157065	36865
56104525	1081348
22660597	2148012032
75784609	1140883456
40480921	2147487746
78426829	16809985
44649829	8454272
21105721	1610613248
17283169	1146880
27135361	4362076161
20161909	1610612992
37660825	671092736
49471597	671088768
40457593	4294971393
44018029	2147520512
23423617	327681
77412709	671088644
79394293	2147520512
46365085	2147520512
24674905	671088768
56967013	5368741888
7225237	28672
24748777	83886081
68042305	36866
75902869	4311744513
1353385	1610613248
41202469	1610613248
33064237	65793
23133637	1610613248
68009581	1107296257
68316085	33587456
168193	36880
67459429	1073778688
49985461	2147520512
4132333	167936
63275617	36865
29395261	17301568
49426885	37376
15909409	4295000320
78198409	1610612992
9594325	4311744513
48462337	67112962
12144853	36866
6204313	75497473
68645593	671088768
38405701	196610
22786957	1610613248
46184941	1146880
48954817	28672
58547485	1140854784
56196217	1610613248
47993509	536872964
52055173	1081345
6077305	4295000320
49987405	134217733
794485	1610613248
33416425	1610613248
32361805	4311744513
50591989	4362108928
61039045	2147520512
75943369	4311744513
23376313	4329570304
32178421	2147520512
16113853	1073774593
80761249	1073775104
40005289	1610613248
41376781	557057
1067293	2147520512
2695717	2147520512
3831985	134217857
79184341	36865
39583441	671092736
3627865	8425472
27823537	4295000320
15806377	2147516417
74071621	2147487746
40838941	1610612992
75016729	4395630592
69672673	1610613248
73432369	2147520512
5330809	1048582
57289069	2147487760
41327209	1610612992
35987365	1610613248
64786429	327696
67728349	2148012032
18794305	4295000576
70473601	83886081
42155677	4099
77963833	134217733
346069	2147520512
57080737	4311744513
5897485	4362076161
49976389	671088768
81526213	5435817984
42772897	5368709121
33863869	2147487746
18695809	150994945
66931633	671088644
71811721	1073741857
74663569	4311744513
20963485	16809985
48156157	671088644
70959277	67145728
69099841	2147487745
75032281	4328554496
4127797	2147520512
77711437	134217733
57828529	2147520512
74893933	671088768
2509741	3221229568
75594421	1610613248
1209205	1085440
22178161	2147520512
44936245	28672
13491397	134217858
14653585	4362108928
16970509	7
50641885	4362108928
63783649	1085440
65173609	37120
67406293	16814080
8072497	137216
6982885	4311744513
7461109	67141633
29612989	2147520512
45558973	1610613248
79968421	1074823168
6480037	2156003328
26467921	8425472
21490957	1610613248
54100909	4099
46811233	65553
61850665	671088896
4406113	1074823168
746209	327696
31121857	299008
112465	67141633
2171485	2147516418
12734209	1610612992
6781357	20512
39575665	1610613248
17804161	1085440
33212629	4362108928
48940561	1085440
53089381	6146
59235985	36866
7631533	4311744513
17728993	2084
56209825	1074823168
79976197	2148012032
674605	4295524352
33298165	24578
33323113	1610613248
73586269	1610612992
959401	1610613248
50625361	1610613248
24374557	671092736
4582693	327696
24113737	1085440
36943165	134221825
64017577	5368713216
17894233	1073778688
59609233	1610613248
65585413	1610613248
63357913	1081345
63609337	1610612992
41502493	2147520512
50263453	1610613248
64111861	561152
23367565	1085440
13158325	40961
26893009	229376
40439449	1610613248
46899685	1610616832
70547797	561152
29810953	671088641
41222233	32833
23434957	150995072
77717593	37120
919549	524360
4814029	16809985
6815701	5435817984
42873661	671088768
12379105	1610613248
60828769	2181070848
33173749	671088644
52880077	1610613248
8967061	1181696
1277893	135266336
25684489	1610612992
5143861	33344
70836481	671088768
62554069	167936
7821073	68608
18614161	134283265
75223441	8392706
4152745	1610613248
78134257	2684358656
73671805	37120
2397961	1610612992
64043497	1074823168
32093857	524353
19810693	83886081
917929	16814080
5649301	1610612992
61552585	2147520512
4586581	4295004160
62969761	1212416
34159681	53248
12651265	671088644
33881365	36880
77035249	134217734
33034753	2147549185
17862481	32833
27821269	1081345
211933	2147618816
22761361	150994945
36508033	37376
75598309	4311744513
67114693	2181042176
10911385	1610613248
56543545	4395630592
3175237	4130
69957469	2147520512
69572881	1610613248
4627405	67141633
27118837	57344
44380909	83918848
34146073	57344
62633125	36865
38070361	67141633
27449641	4311744513
20180377	20482
8709805	1073745921
24037597	16810240
18639109	150994945
1952785	2164264960
42163129	36865
1581157	1081345
77281165	4362108928
6851341	671088768
9416773	2147487746
60468481	1610613248
11271997	135299072
33284233	4311744513
38724841	8392705
60136705	5368741888
47181565	4362108928
73896013	1610613248
54046477	67112961
19077805	331776
24732253	1074823168
4907017	40961
35034481	17334272
54208801	1610613248
77854645	37120
13017709	83886081
41511889	150994945
27638533	134250497
76120273	1081348
49753153	1098907648
18877897	1610613248
52239853	135266308
56255833	1610613248
81589069	671088768
24272821	1610613248
64487377	1085440
1688077	2147520512
34900345	1081348
54219169	1610613248
25300873	1610613248
78760873	2148012032
4129417	1610613248
44807617	1107329024
45631873	4295000065
32367961	5368741888
18102889	1610612992
23703877	36866
3299977	2147520512
24428665	2147487746
18349129	150994945
4692853	2147483682
49439197	1085440
12200905	671088768
57455281	1174405120
1847161	4311744513
78862933	5368713216
74734525	1074823168
4200697	2147520512
21608245	32864
63676405	1610613248
23104477	36868
60809977	32833
13158001	40961
50022721	1610613248
3373201	553648384
8246485	2129921
64974025	20736
46601605	57344
55392697	8650753
307837	671088896
4963393	1610613248
47645533	1081345
7527853	561152
72221257	4353
50192497	4294971393
36090397	1074823168
22406581	1610612992
23287213	150995072
43761097	4328521792
27770725	2147520512
60858577	2148012032
12383965	671088768
47470573	671088768
26630245	2134016
45403129	671092736
1211473	16818176
20583109	2147516448
29687833	671092736
1725661	671088768
31603321	33591296
765973	1610613248
40209409	4311744513
8900317	1610612992
63012853	16809988
9408997	36865
76002337	1085440
24812929	537919492
3924649	2147553280
23364649	134219784
69791905	1073745921
4358485	1610613248
28806553	524384
56958265	2147520512
17740009	1115136
74413765	1085440
35567785	1610613248
70370569	1107296257
40197097	6442455040
4122289	2164260880
27099721	671088644
1217953	1085440
18155701	83886081
15652801	2129921
58446397	5435817984
40786777	37376
458821	4311744513
30959533	57344
47798137	32833
39213433	2147520512
55054441	2147520512
5064805	37376
1938853	1610613248
39521233	2147520512
50291641	2147749888
64355509	1610613248
38803573	1610613248
44533513	671088644
56162197	1610613248
30299221	8425472
69751405	1085440
14955877	4362108928
39080269	671088768
55545625	4362108928
47288809	1610613248
46693621	671092736
27365401	1212416
31069045	201326593
77644693	37120
58924945	37376
48805777	65793
22482721	1085440
65898073	201326593
48173005	2147520512
77426641	671088768
34885117	4296048640
63061129	50
49787497	1610612992
19339921	1610612992
58763269	2147524608
28295281	1073775104
25842601	2147553280
27006409	1610612992
24264721	1073745921
81745237	53248
23003065	4130
39170989	2147520512
30847753	2147520512
39163537	1610613248
40861	1049602
32781385	33591296
58433761	1610613248
15393925	4295000065
41739985	17858560
45401509	2147520512
55713457	36865
64238869	2147549185
34186249	2147520512
55126045	1085440
45617617	1610613248
30839329	671092736
50985973	1074003969
36172369	1074282496
17064793	65554
25863985	2147520512
81400501	671092736
71235649	524353
7927993	1081348
27450937	4311744513
31227481	1610613248
37249993	1140850689
50730985	671088644
81564445	1610612992
71810749	1610613248
24789601	2101249
2847673	2148012032
49030309	1073778688
9190945	1081348
16008229	1610612992
7858333	2147487760
52480909	67141633
69352561	75497473
77609377	1610613248
606889	1610613248
8073145	2148012032
52646797	1610613248
66840265	2147520512
79600033	67141633
18798841	2147520512
10025245	1610613248
49490713	2148012032
62804197	2148012032
30083761	671088768
7620193	1610612992
41166505	1073778688
22402045	1610612992
61408729	1610613248
14325697	2147520512
40013065	101711872
10696573	1085440
29449369	67141633
51040405	1048612
16953661	28672
5110813	1073774656
57006217	1085440
75547441	671092736
66643597	1610612992
74065789	4311744513
35880769	1140883456
32807629	536872964
24310729	1074823168
73839313	3221229568
8661853	4362338304
11826361	67141633
74493145	65554
3783385	553648384
6548077	135299072
6616117	150994945
41005801	2147520512
25266205	671092736
80495569	1610613248
30169	83886081
40186729	671088768
49550977	4311744513
25815061	4362108928
67754917	1610612992
51246469	672137216
53148673	1073778688
61975729	2147778560
32913253	4311744513
52642261	65793
46442845	1085440
31910149	4295004160
39122713	4130
75505645	327696
58578265	1610612992
49417489	4429185025
59329	1085440
33579073	1085440
29222245	16809985
13205953	1610613248
15544909	1081345
9786781	1074823168
70146685	201326848
51115573	1074790404
36652861	36865
15887701	83886081
46214425	2164264960
66781	150995072
15799897	2147618816
36257581	1107329024
36684613	1073778688
43276393	134218753
65307421	4362108928
54109009	3221229568
59205853	1140883456
19954549	2164264960
24592933	671088768
59233393	2147487746
69235597	201326593
19135153	83886081
44481349	1610612992
56319661	2147520512
42240565	4295004160
71449813	1074270208
12754621	16779266
5319793	35
64009153	1610613248
69712525	25088
8629453	397312
10948969	67141633
62568325	1610613248
62880013	1085440
41426029	1081348
38022085	2147520512
1543897	1140883456
43963921	4295000065
47148517	1610613248
56640745	1146880
68745385	1610613248
74849221	1074823168
44992297	2101250
41122441	3221229568
65435077	2164264960
8609689	1141112832
14172769	6146
18624529	150994945
4940065	1610613248
56670553	98
20614861	1610613248
19971721	83886081
23994829	671088644
74945449	134217733
30680569	4311744513
18670537	150994945
48479509	4311744513
43141285	671092736
80421049	36865
2257669	83886081
69027589	4311744513
33370093	53248
11621593	1085440
55559881	17301568
34002541	4295004160
14686309	1610613248
2476693	671088768
71830513	561152
80242525	1074823168
60565033	671088768
2292661	32833
74987245	1610612992
52909237	1073745921
63228961	1610612992
523621	4162
74361277	36865
72196309	671088768
24285133	4362076161
31575133	4362108928
45391789	1610613248
1241281	524548
78662377	1610613248
50987269	150994945
18255169	1610613248
31511953	1610613248
32909041	536871172
18877249	28672
55922437	67108929
20067625	37120
30429145	1081345
2830501	167936
27542305	1081348
40759885	1610613248
13937869	1610612992
73430425	561152
78953653	1610613248
65315845	1610613248
2986345	2148139008
39120121	150995072
31410865	800
54569089	1085440
68499793	2164264960
7814593	36866
21335113	1610613248
16673725	2147520512
725797	16779266
79390405	150994945
81626977	671088768
288073	4162
7127713	36865
78497785	671088768
74374561	36865
179533	1610612992
71009173	2621504
42387337	671092736
17852113	1074823168
72658333	311296
62665201	1085440
33698629	671088768
12603961	37376
53865361	2147520512
70110073	16912384
5166541	1610613248
79715053	671088644
9858385	1081856
64642249	134217793
32985829	150994945
47264833	4362076161
21835045	1610613248
20961865	1610613248
64244377	37376
15566617	1114116
57259261	671088768
67893265	4295004160
73330957	2147520512
15898069	1610613248
80961481	36865
1306405	4295000576
74304901	1610612992
21994453	1081348
12296809	1610613248
71898229	1081348
74682361	671088768
13381885	515
68088961	2147520512
37417177	1610612992
2858365	1610612992
42712957	671088644
43221313	4311744513
59827285	36866
41641813	17301568
54160849	37376
33516865	1073778688
2364913	1610613248
25057873	1610613248
31027249	1081348
6255829	2147520512
69498361	17301568
75636541	268568576
52712245	671088644
13189105	1610612992
33397633	1115136
70467121	2181070848
74971369	150994945
40923181	36865
22285081	3221229568
19018837	671088644
80345233	135266308
4286233	1610613248
69964921	2181070848
10937305	671088644
13555225	16810240
32637853	24577
41844961	671088768
8293465	67133440
52996069	2147487745
11098009	1610612992
68177089	4296048640
1038457	2148012032
41328505	1610613248
911773	1610613248
38233009	36865
24492169	1610612992
67828789	16809985
26769241	24580
10538461	201326593
38073277	1073778688
47699965	1610613248
79157449	8425472
55944793	4362108928
45506161	36865
37353025	196610
54017641	671088768
55715725	150994945
17272801	1081348
61394797	1074823168
1054657	2147516418
6941089	1085440
59568085	1140883456
58052413	1081348
70429537	1610613248
59016637	1085440
45380125	1610612992
7792561	4295000320
58918789	1610612992
27574057	1610613248
24381685	20481
55830745	37120
19238509	4311744513
13888621	1610612992
52903405	4328554496
4912525	1085440
54504937	1610613248
68792041	8425472
8200153	1610613248
20647909	5368709121
7975297	1610612992
49552273	36928
8540353	671088768
1888633	1085440
56127853	135184
28264177	1058
21093085	17301568
3901969	1081348
28978273	36865
28881721	83918848
3032353	135266308
32374441	2147520512
68680261	4311744513
58819969	2148012032
22671289	1610613248
3463921	134217733
80311213	1610612992
8169697	2147520512
54482581	1610613248
72856297	2147524608
3392641	5435817984
33518809	4311744513
48528433	4099
55259209	536875520
11400301	1610613248
66001753	1073778688
25903513	37376
40594969	2147520512
59396041	3221225474
38381401	1081348
30188737	67633216
20655361	2164264960
3694285	150994945
27094213	1085440
43468525	83918848
59838625	1610613248
7995061	2147520512
26692129	3221229568
244657	1610613248
79828453	557120
45378829	1610613248
77368645	2147520512
14584897	2147553280
48611701	57344
21688273	1073778688
74703745	4102
1929133	1081348
65359585	1073778688
2160793	20512
17446789	67108929
70534837	1085440
14766013	671088644
70596073	2147487760
41764285	2147749888
41783401	671088768
20171629	134218753
71568397	37120
27503101	3221258240
74801593	4311744514
20384173	3221356544
36743257	16777282
1424341	1085440
9986041	4130
34538437	1074823168
38281933	17334272
36775333	36866
44953417	2147487746
23831209	4161
20987461	2147520512
50348665	2147520512
45136477	1073778688
16130377	1610612992
1586341	67141633
43327909	1085440
81054145	2147520512
67775005	83886081
30969577	4311744513
63142777	1085440
5421529	36865
60631777	24580
60400117	671088644
5244301	201326593
74666485	3221258240
950977	135184
67669057	32833
81510985	1610613248
40788073	671088768
11466721	8425472
38142937	4311744513
14301073	4362076161
68732425	1610613248
72202465	671088768
23846113	1140850689
39818341	134218241
44618401	16809985
34087429	67108929
70277581	1048612
8842321	2147487760
72609733	1081348
66958201	1610613248
52732333	5368713216
4618981	3221229568
56726929	1610612992
78397021	4311744513
43864453	4295000065
23008897	1085440
1184257	1610613248
14770549	2147520512
7431301	1610613248
7001677	1610613248
8704297	2147520512
8979697	2147487760
17923069	4395630592
44029369	671088644
51771997	2101250
39359233	1048582
24330493	8425472
77865661	4362108928
51005089	8392705
43982713	2147487745
18669889	150994945
12182113	671088768
58143133	16814080
66872017	16809985
39076705	4362108928
72920449	4295004160
50946121	2147520512
2041237	2147520512
66513025	672137216
53655085	36866
37251613	2147520512
46969021	32833
5768857	1085440
53242633	1610612992
17645725	671092736
67283173	1610613248
14144905	8425472
47032849	4362076161
80550001	1081348
45509725	4130
27982621	1140883456
3774961	134217733
39201445	671092736
57910177	1610613248
13772629	1610613248
8625889	4295004160
18493633	36866
43280929	36896
44521525	83886081
14891401	1610612992
29615257	4362076161
30716533	1073778688
58777525	2147524608
68272345	16809985
60765913	1085440
58056625	1085440
7050925	5435817984
26654869	2147487746
10473661	1610613248
11219185	4295491648
15921073	83886081
33766669	1081345
35296597	4099
71218801	135299072
843409	36865
75118789	8425472
63427573	4311744513
38581957	67141634
31279969	1085440
33205177	36865
60308101	70
19014625	1610613248
39686797	2147520512
38168533	4311744513
78946849	5368713216
18770005	1610612992
6528313	3221229568
2846053	150995072
48687841	1610612992
66368197	1081345
47478997	1081348
52987969	1085440
43253389	83886081
140005	4295000065
66439477	36865
62487649	3221229568
53506369	1073774593
29989153	24577
18883729	70
79095241	5368741888
59591089	536872964
23535397	37376
157177	2147520512
14498065	671088768
63011233	36865
74044405	2147520512
11208493	1610612992
50709601	1073745921
17699833	150994945
20598337	2147520512
57291337	671088768
75904489	4328554496
81738433	4130
35016661	4295004160
46778833	1610612992
68373109	5368741888
74417005	16777282
46469089	1074266176
11802061	1610613248
69260221	5435817984
44218585	1081348
68349781	671088768
19917289	150994945
78882697	671092736
652573	32833
80437573	4362108928
66386017	1073766400
6957613	150994945
28760221	2147488000
10447093	32834
53831017	83918848
1016425	327696
32247757	1174405120
22063465	1140850689
63979021	1073775104
75178405	57344
42081481	1085440
27011269	150995072
39118501	1610613248
38832733	36865
67761073	135266308
27848161	4295000320
11103841	1073745921
46298341	1610613248
37792369	1081348
59756329	4362080256
65418229	1082163200
68854249	536871170
72341461	537919492
893953	53248
65026189	4311744513
2174401	4295032833
10937953	1085440
63336529	201326593
56968309	537919492
65326213	1085440
9353593	67141633
63857845	8425472
25316425	67108867
76173409	671088896
1636885	2148012032
36808381	1610612992
56345581	1610613248
35618329	4311744513
69146173	1610613248
791245	4294971394
62792857	2147487760
33756625	2147549200
17006797	4311744513
888445	4295004160
21537289	1610613248
39973537	1082163200
73926469	1610613248
68249017	36865
27266905	1610613248
13600261	1610613248
15355693	67142144
72142525	1610613248
1540333	24608
59078521	1085440
17924041	1610613248
9134569	671092736
33423229	2148073472
67442257	37120
61623217	671088644
14595265	671088768
29295793	2147520512
12401785	671088768
8310637	17334272
75810853	1073774608
77941801	1610613248
81109873	671088641
27088381	671088644
75737305	536872964
6580477	1610612992
75296989	671088644
23372101	2147520512
80584345	671088768
60914629	1081348
38408941	167804928
37819261	671088768
28381789	201326593
26537257	4295000128
19167553	671088768
54342613	528386
73855837	1610612992
69075217	4295000065
55371961	1085440
26469865	4395630592
38001025	4295004160
40779001	4226
15950881	83886081
27140221	1610613248
61002757	1610612740
23996125	672137216
2618605	327684
43469821	4395630592
41550445	67108929
72733177	3221225488
79332733	536903936
16101865	4114
7932853	2148012032
42497821	36865
21534697	1073741860
48241369	36866
63850717	1085440
78819517	17334272
47091817	1081345
24099157	1085440
45059041	1073778688
55159093	4362108928
57500965	1610613248
40690873	1610613248
1493353	1610613248
52784173	524328
36361585	1073762304
80166709	2147520512
46381933	16777729
39540673	4311744513
12902041	671088641
74590345	1073774848
65251369	1085440
24758497	1610612992
4603105	1610613248
55014589	2147520512
2257993	327696
76277089	1610612992
59934529	1074823168
72183673	1085440
68420089	671088768
19013977	150994945
8901937	2148012032
53982649	1610613248
60491485	1610613248
63910657	2147488256
32475853	536871680
63609661	3221258240
52267717	1085440
52307569	3221229568
12737773	3221229568
61473853	5368741888
4272625	2147520512
1265581	2621696
54041617	1610613248
67564729	16814080
78931945	36880
77047561	2147520512
73452781	36865
5801581	16781313
28935181	4311744513
9367849	671088641
41101057	5435817984
39608713	2180
67528441	671088768
2646793	150995072
19640269	83886081
44922961	2147581952
14550877	671088644
27621037	57344
9930637	4099
21854161	2147553280
64685665	536903936
38194777	671092736
106633	134250497
79160689	4429185025
70163209	67141633
17222581	5435817984
22556269	268568576
2201941	36868
23121325	2621444
521677	1081348
40918969	1073745921
16022809	83886081
8159653	1085440
54956593	4362108928
51061465	16809985
40223341	671088896
31394017	800
44280793	1610613248
60990121	1073778688
44581465	2147487745
26159149	1085440
81444241	2147520512
78416785	1610613248
56623573	1074266176
29483389	1073778688
44784937	2147520512
79109497	24580
44365681	4311744513
9956233	4362108928
60333697	2147520512
67282849	20512
58070557	57344
39941461	74
73297909	1610612992
44009929	4311744513
53451613	57344
62770177	1140850689
30162493	524322
10184977	1085440
27139897	1073872900
71888509	1074270208
57192841	671088644
18209485	24832
54996769	1610613248
1210825	2148007938
4245733	2147487746
78569065	1140883456
35561305	1610612992
18312193	1081348
44689357	1073778688
3667069	671088768
74189233	83918848
39639493	1610613248
14436181	83886081
65310013	36865
63331345	4395630592
26056441	4328554496
78904729	2147520512
70601581	1081348
4827637	1085440
57417373	12290
54870085	28672
33982453	1081345
52051933	1085440
49317697	1207959680
18690301	67141633
64227853	1140883456
74927629	3221229568
78633541	36865
40179277	671088768
7388209	1610613248
18803053	1610613248
65758429	4311744513
37434997	4353
59117077	67141633
13627477	2147520512
12921157	16814080
63637201	67108929
33605317	2147520512
76931893	1610613248
14143285	536871170
73080505	1610613248
43030801	36865
53913313	36865
57520405	65570
33483817	671092736
75018025	163856
10471393	83886081
15307093	561152
57876481	1610612992
2798425	1610612992
20830645	67112961
68160565	1074266176
63133381	1085440
49041001	1610612992
36313957	4311744513
12175633	671092736
39659581	1610613248
8689069	4295004160
74764657	16912384
69204817	134217800
16844797	4295004160
27699445	4296048640
47380177	1610612992
65811241	524322
72294481	1610613248
47323153	671088768
19910809	28672
11337121	1610613248
65616193	1610613248
2861281	134221825
45091441	4362108928
44575633	671088768
40382749	135299072
45289081	671088768
25801129	1085440
56646577	17858560
36344089	1081345
3765889	2148012032
63636877	5368741888
58299301	36880
19819441	2147520512
2710621	1610613248
67417957	2147520512
12187945	671088768
11007613	1610613248
1283725	66564
19874845	37376
79713109	2147553280
39041713	4311744513
54569413	671088768
31092697	1610613248
49208185	1610612992
59850289	1610612992
71458237	671088644
70998805	1073778688
20463229	1073745921
61405489	2147520512
37886005	2147520512
15941809	36928
35320249	17301568
66629341	83886081
76045429	4295004160
47243773	327696
63319681	1610613248
26161417	671092736
10399789	1610612992
70054993	1610612992
38915677	4129
47679553	1610613248
38749789	8392705
35924185	4311744513
24127993	201326593
78412573	67108870
79476913	67141633
27963181	4295000065
81356113	4311744513
42819877	268568576
185365	1085440
1803097	2147520512
35635177	67
29771749	2147549186
80818921	4362108928
19886833	4362076161
19899469	524353
48535237	4311744513
38694709	1610612992
5623057	1610613248
71834725	1610613248
34472017	1610612992
67464289	67141633
58530637	1610613248
70815421	4294971394
56493649	1610613248
33942277	36865
81522649	28672
43425757	1610613248
80231509	2147647488
36639253	16777219
59215897	4370464768
33843133	83886081
71631577	16809986
67520017	36866
35898265	1081348
50496409	2148012032
48962917	2147520512
36363529	1081348
79182397	4295004160
15812533	4362108928
10955773	32802
76007521	36865
65153845	1610613248
54533773	671088768
3430225	67141633
42866209	1610613248
47841553	1074823168
341209	671088641
56500777	16912384
31534633	1069056
52591393	65793
25722721	83886081
74034361	2147520512
35932285	1610613248
15061177	1074270208
5109193	2147483682
4779037	1610613248
80461873	36865
80520841	4162
7323409	1085440
12773089	2129921
75427237	671088768
6522805	67141633
22276657	57344
57102121	671088768
74655469	2147520512
56463841	1610613248
61220809	4130
24073885	671088768
59476717	4130
50730013	671088768
1674145	4362076161
38795797	1610613248
54187093	1073745921
73590481	150994945
27925597	53248
80587585	67108960
65377405	16779296
10439965	4295004160
22034629	83886081
12162997	1085440
1481365	36865
25594417	5435817984
45275149	1610613248
32345605	200
54307297	671092736
48385873	1610613248
35169265	37120
76460797	5368741888
64264141	557058
19849249	1610613248
10866025	557120
4629997	671092736
48516121	1081345
6552289	67141633
51138577	4311744513
52853833	16777732
29238445	4362076161
34083217	524354
13903525	671088896
67087477	1073745921
20519605	4295004160
56653381	1081345
12517129	1174405120
38790289	67112961
7645789	1081348
33741397	2147618816
36578989	1610613248
47394757	1610613248
54477721	4362108928
2963341	671088896
71584597	1081345
19875493	1610613248
38245645	4362108928
9318925	67108929
70594453	4311744513
79153561	1610613248
74988541	2147520512
14223313	671088768
77739301	33824
33354865	36866
1425637	36865
14954581	2148012032
7490917	4311744513
7649677	4226
28458253	2147487760
56850049	67145728
57850237	557120
32777821	37376
57917953	1085440
74679121	671092736
8298001	2147520512
160741	1610612992
75156697	537133057
7002649	1610612992
15829381	83886081
61188085	150995072
40963033	16814080
57042181	1610613248
7826905	1610613248
41610385	4362108928
566065	536875520
19052857	524328
21576493	201326593
24590665	1073778688
35294977	1610613248
14114125	1081348
40659769	1048612
32445073	1085440
41225149	1610613248
40450789	67141633
9565165	16777281
60025249	1610613248
27312913	1085440
64970461	671088768
78038029	4311744513
1924597	1085440
46888021	16809985
35534089	4362076161
62699221	8425472
46212157	2147520512
48188557	4295000576
4447261	2147553280
31403089	800
81127045	671088768
80822161	1107329024
16346809	1610613248
51697477	1082130433
58810249	2147524608
75206593	4297064704
49397077	135266308
53493733	4362076161
33368473	1081345
692425	4311744513
11141101	4362076161
57642877	134217738
24204781	135299072
34034617	16781313
56015749	1081345
18046837	4311744513
21072997	671088768
45354205	2147520512
12572857	57344
39528685	16814080
3411109	2147487746
43811317	1074823168
2961073	16809985
43344109	2147487760
485389	67141634
17170417	1610613248
69816853	150995072
72580897	150994945
56760301	83886081
26370721	1610613248
73647181	1610613248
65247805	1073778688
49194577	671088768
32552641	1074823168
57187981	1090519041
46870525	1610613248
72536509	36865
56481661	1073778688
77573413	1085440
47040949	2181070848
48300013	671088768
15829705	83886081
46393597	4295524352
79348609	67145728
78906997	1073745921
12404701	2147516418
54117433	4362076161
8475553	1081345
5200561	687865856
65745145	671088768
6754789	2134016
32970925	4311744513
77809933	24580
12621133	1073778688
72573769	67145728
17249149	1081348
43051537	134217733
10501849	1610612992
28224325	4362108928
51597685	1610613248
2682109	671088768
11336149	3221225474
44211133	671088768
24106609	1610612992
56191357	1085440
45185725	671088768
70853005	4362108928
21627685	1610613248
69198985	53248
7431625	1610613248
46773649	671088768
65437669	1610613248
32178097	1610612992
69612085	1610613248
77594473	4311744513
25461577	135266308
50616289	536903936
4406761	75530240
10094257	1610613248
59423257	1081348
488305	150994945
75489769	36865
40631581	2147520512
5824585	16778241
15772357	83886081
11554525	135266308
67471417	2147553280
406981	1146880
40253473	4311744513
78332869	1073745922
37978021	4295004160
20759689	201326593
67717657	167772161
12337957	1610613248
51804397	37120
34852717	1610612992
31551157	4311744513
7604317	1085440
79454233	2147520512
76452049	37120
43600717	671088768
42037741	1081348
78736249	36865
36731269	524354
27835849	327696
5056381	6442483712
68655637	4362076161
1640773	70
69825601	2147553280
61368877	1610613248
30407113	24578
66396385	1081348
76731985	1085440
41144473	16780288
52627033	1610613248
46822249	1140850689
6929425	57344
38419633	24580
13622617	1610613248
247573	36865
21923497	2147520512
1790461	1610612992
77943097	1610613248
39411721	1140883456
24224221	1081345
70780753	6442455040
27976789	671088768
43095601	2147553280
57386269	8425472
32343985	671088768
817165	1610613248
21069757	671088768
19057069	524322
57195433	3221749760
76249225	36865
38388853	1081348
1084141	1610613248
77338189	2147520512
70309333	671088768
46676773	1610613248
481177	1085440
42328045	2147520512
6049441	4295000065
22119193	1610612992
8318737	1610613248
64556389	1610613248
79137361	4295004160
34065721	16814080
77351149	36865
73368541	671092736
79272469	1610613248
12998269	32802
63552637	327696
23535721	67141633
51692617	1140883456
24017833	201326593
38395981	67141633
25133041	4311744513
57019825	1610613248
17968105	36865
77305141	32833
12828169	134217860
68684797	671088768
29817757	1073766400
11710369	671088644
37500769	1146880
32350789	2147495936
59180257	67141888
44329717	36865
1692937	5435817984
56906749	2148012032
29569573	528386
24065461	67141633
44751241	1610613248
47825677	1610612992
23453749	671092736
41051161	36865
80493625	4328554496
54267769	1073766400
53528725	36865
21638377	2147487746
6683509	1610613248
19395325	671088644
28885285	24577
3157741	167936
63396145	32833
56270737	16779266
8031349	1610613248
1193653	1610613248
18473869	150994945
36387505	4362108928
3963853	32833
78817897	1085440
51207589	1073746176
3172321	1073745921
56483605	1081348
21627361	327696
7985341	17301568
2871325	1610613248
30802717	70
63177121	1085440
17124409	2147520512
74950309	1140883456
27244549	553648129
826561	1610613248
44197525	671088768
2839573	83918848
72638245	2164264960
26276437	167936
58415293	36865
8342389	2147520512
15805081	83886081
46815445	198656
4143025	1081348
68923909	1610613248
81530749	1073778688
73874629	4362108928
69902713	1081345
53248789	1610613248
13495285	4311744513
21077857	522
72841069	4311744513
48917233	2147549185
71537293	671092736
44759665	4395630592
17144821	266241
127369	67141633
1312237	150994945
22453237	1610612992
33517513	32833
80280757	134217733
1555237	135267328
10769473	37376
23972473	1610613248
43060933	1141374976
80310241	36865
58270141	1610613248
47615401	1610613248
882289	8720
54509797	2147520512
22741597	1610612992
60744205	33591296
62915977	163844
3810601	4496293888
40941649	53248
5527477	167936
10064125	1610613248
27815113	16779520
35488729	1107329024
7355809	1074823168
39548449	327681
62893	671088768
23817277	524480
41613625	3221229568
43042141	671092736
6048469	1610612992
10089721	1085440
76445569	1074823168
27100045	671088644
27024877	150995072
114409	134250497
18712657	671088768
1335241	4099
3041425	1610613248
31754953	4295004160
35027029	1081345
35921593	4362108928
62486029	1610613248
32482333	1610613248
68806297	1073778688
21640645	2147520512
38778625	2180
3576673	17301568
11914165	201326593
1889605	1610612992
44848765	1085440
38327617	671088768
56552941	4362076161
33259609	4362076161
53736085	40964
23235697	1610613248
10640845	2147520512
47024101	1081345
70288273	5368741888
19776673	1610613248
28351333	4311744513
61198129	163841
38887813	1081345
75850381	36865
67916917	536875264
28684081	1090551808
44518933	4362076161
51542605	4130
426745	135299072
19060957	1074823168
57904669	37120
31400173	800
35022817	135299072
79988185	67141633
59559661	1140883456
30762217	4099
16471873	135266308
50050585	1610613248
60068017	1610613248
29449693	17301568
51637213	37120
2342881	36928
360325	98
402769	1610613248
22134745	201326593
24188257	4295004160
72689113	1610613248
5515813	1090551808
80180641	577
78083389	2147553280
3135385	36866
1318069	1085440
8781085	2147516417
56783629	1610613248
626653	67141633
17601337	67141633
36654481	83886081
44221825	36866
43166233	143360
26916013	2148012032
75764521	1081345
2395045	150994945
9959797	2164264960
43127677	4362108928
73606033	1082134528
25366321	4429185025
8263657	67141633
74638297	800
75881161	1073775104
1040725	1610612992
63896401	1074008064
47782909	135299072
42145957	1610613248
55747153	3221356544
38746873	1610613248
5779225	1081348
61470937	36866
48330469	2147520512
51195277	4295004160
75904813	57344
33386293	671088768
36675865	536875520
76006873	37120
20841013	578
8002513	1610613248
70164829	67141633
2903077	150995072
28167949	1074823168
31306537	1030
66280393	671088644
13538377	67112961
50143573	36865
9487405	6146
59665285	2147487745
22366405	4295000065
28159849	671088644
11723653	1074823168
1360189	1212416
51356305	1073778688
27123373	1081348
60232609	671088768
12395953	1744830464
32452849	1107329024
67614625	1085440
78191929	1610613248
73883701	1610613248
5626621	1074823168
58818997	2148012032
22599685	1610613248
11401597	1610613248
28719721	1174405120
49556161	1074806784
41900689	4295004160
64879741	1610613248
58738321	2147524608
57888793	4295000320
9630613	3221229568
54942337	1610612992
29684269	1081345
21257353	32833
58419505	671088768
75628765	2147520512
77299633	150995072
29358325	1090551808
40993489	2147553280
33629941	1610613248
56145349	671088768
4432033	1610613248
61959853	36865
51887017	1074823168
63376381	2147520512
68584681	1610613248
44923933	1610613248
49423969	671088768
17192773	135266308
44075053	671092736
52649065	36865
62859601	3221229568
6078601	2147520512
60410809	16777281
43594561	2147520512
5137705	134225924
424477	67112961
53647957	1610613248
77165173	557120
49842253	4362076161
7119613	67125249
11378269	2147553280
70552009	1140883456
4015693	4294971393
33623137	6442450945
76294909	2147520512
36185005	1610613248
52738813	671088896
53892901	16781314
35937793	1073778688
41421817	4295000065
4415833	4311744513
38760481	134217734
895573	135299072
20683225	17301568
22515445	1610613248
63925561	4311744513
14193505	67141633
75869497	37120
65745469	671088644
34836193	83886081
59984749	671088768
64744633	17301568
37477117	67108929
3861469	50
612721	1610613248
53735113	1073775104
26999929	671088644
24460417	1610613248
47556433	1085440
25033249	1081345
54480637	5368709121
61313797	2147524608
33817213	4295000065
47017297	4429185025
897193	1610613248
2762137	24577
37541269	671088768
55326925	4295004160
65583145	1610613248
78154669	4362076224
36490537	1610613248
50593609	4130
74897497	671088768
73482913	37376
75891205	2147520512
45379153	150994945
48292885	37376
73422649	36865
67738717	1610613248
44764525	671088768
69376213	671088641
58266577	2147520512
19223281	4295000320
72214453	327681
27439921	150994945
42481	135299072
5663557	321
44234461	17301568
4880773	201326593
47733013	671092736
76617937	1140883456
55764649	36865
27810253	3221356544
5726737	1085440
57345121	3221229568
4235365	4328587264
17750701	36865
12386881	20512
1790137	1610613248
74993401	67141633
35816617	671088768
70914565	1610613248
3912337	6145
6222457	1081348
21175057	65570
32866921	4294971393
47442061	36865
13201741	4362076161
30148885	1610613248
15322321	4328554496
27772021	1610613248
37983205	36865
13783321	1610613248
35188705	1610613248
67323673	2147520512
73742761	16814080
26584237	1610612992
6135625	1610612992
71781913	1610612992
43822333	1610612992
30058813	671092736
132553	67141633
21830509	1610613248
45413821	1610613248
30247705	1074069504
58303189	1610613248
37352701	196610
1909369	671092736
23682493	28672
38113453	36865
4839301	1610613248
51297661	4311744513
39051433	1610613248
42072733	83886081
398557	3221229568
60716665	1610613248
53691049	1085440
33942601	4311744513
53009677	37376
79341157	5368713216
1598653	4295004160
71859349	37376
13200769	40961
23154373	1610613248
1774261	4311744513
35408701	53248
10664821	67112961
28032517	2147487760
22816765	4161
38370709	1073745922
15475573	2147549185
32388373	536871680
30356893	20481
24282217	2147520512
76597525	4311744513
72913969	1074823168
77066353	2147487760
28142029	57344
78977953	67108929
5728681	1610613248
72110449	1610613248
4078225	134283265
45239185	1610613248
54519517	671088768
80780041	37376
44863993	1081348
6488785	1081348
19917937	16809985
36007453	16912384
51174865	67141633
34042393	4362108928
41013253	4311744513
73768033	561152
76586185	671088768
4439485	24832
11468665	1610613248
32234149	1610613248
16964029	67141633
73032877	5368741888
30033217	17858560
58295089	4311744513
43443901	135299072
27458713	524354
12109537	327696
67225501	2147487746
1325197	1610613248
2422909	36866
6651433	20512
78829885	2147487746
44616457	4311744513
32183281	36865
28449505	4429185025
46701397	671088644
54967609	1610613248
39025513	36865
48960325	1610613248
9674677	32833
70242265	53248
25915825	83886081
77359573	4328521729
73195525	4329570304
40715497	1074270208
61820533	4311744513
32672521	671088644
49820869	671088768
5642497	16781314
40942297	1073762304
73361413	150994945
26691157	2147616768
76920553	2147520512
2205505	83886081
41689117	1610613248
79896493	67108897
53386165	557120
79873489	1085440
67983337	537919492
55182745	67
35647813	2147520512
39324241	4311744513
4052953	40961
56886661	671092736
64961065	1073766400
58806685	2147524608
43592293	2147520512
13628125	1085440
6203341	4295524352
64507465	37120
38436157	1610613248
79073533	2147520512
25816681	4099
45298477	2147520512
55932481	28672
34063777	150994945
49458961	4295000068
51959593	4362108928
73617697	1073778688
2498725	2147487746
67218373	4295000065
75251953	4311744513
78656545	2147618816
2399581	32802
39641761	4362076161
15828733	1610613248
26962345	24577
75429181	8392705
66457621	1073766400
39777193	1081348
5032405	553650176
59595625	1140883456
368101	1610613248
36451333	2147520512
5890681	2147520512
74896201	1073774656
44305741	1610613248
66198421	4102
70153165	150995072
31206421	67112961
24768865	4311744513
28772857	1081348
102745	1610613248
47901817	2147520512
22287997	1744830464
46277929	671092736
17194393	1610612992
7306237	4311744513
927973	1074823168
49210129	1610613248
15259789	1085440
63352405	2147520512
1747693	4101
4167001	1610612992
63889597	1610612992
61364665	67108929
40065229	4102
6149557	135299072
66116773	671088768
294229	1030
78394429	1610613248
66870397	671088644
30785545	671088644
48226141	4362076161
10535221	1081856
674929	1610613248
7638337	4429185028
41519665	1610613248
36266329	1610613248
80517925	2147520512
16315705	537920000
61940089	36865
78811417	4362076161
2318581	1610613248
58457737	1610613248
36560197	1074823168
53386813	1073745921
23258053	2147487746
61597	2147489792
77315833	53248
77947309	1073746176
15506677	16809985
21848977	36865
74333413	1073778688
29288341	2147520512
67498957	1082163200
57060325	1085440
77732173	1610613248
14046085	536871170
43960681	1610613248
38279341	36865
4772881	1610612992
62518105	4311744513
5524885	2148012032
43722217	36865
50800645	1610613248
19368433	1610612992
55875457	4130
5463649	2147520512
34253641	1073905664
64600129	1610613248
75170629	16777282
50384305	1073745921
45328609	4311744513
193465	299008
57240145	671088768
57222649	2147524608
41924665	4295000065
64511353	17301568
31761109	32802
6877261	1610613248
22465873	8409088
64286173	1610612992
10009693	16781314
74007145	1073746176
74647045	2147520512
47212021	196610
1911313	1081348
71984413	1610613248
81146485	1073745921
81047989	1140883456
25477453	1610613248
50597821	4362076161
33851557	4609
64166941	1610613248
81532045	1073778688
42147253	2164262912
12449089	671088768
1313209	150994945
66048733	671088641
52504237	671088768
77007709	2148008192
79262101	33591296
27245521	83886081
51162553	2147520512
4370149	2148012032
79996285	2147549185
40029589	37376
17442253	1610613248
591661	671088644
57684025	1610613248
19324369	50331712
66367873	6442455040
1018369	4102
14490613	3221749760
61528285	2147520512
11925505	1085440
57629593	5368709121
4791997	1610612992
8836489	1610612992
22382605	1081348
74477269	36865
65077381	2147487746
15179113	2147520512
70237081	4295004160
53553025	83886081
18718813	1610613248
9272593	2148012032
37974133	36865
4360429	1610613248
2442673	671088768
42511105	16814080
74475649	1074790404
33420961	1082163200
53465545	16814080
77788873	83886081
7109245	40961
5388805	134250500
80570737	2147647488
24013	1610612992
31248217	2147520512
47527597	67141633
23888233	32864
67959037	2147553280
66959821	671088644
2304973	1610613248
731629	1115136
76526245	16809986
37722061	4295000576
58058569	2147488256
37351081	196610
42016357	671088768
22288969	201326593
43648345	1610613248
325009	134217858
36017173	36865
67878685	671088768
47896957	68190208
25547437	1085440
74984005	2147520512
70052401	36865
37043929	2147520512
67942513	1090551808
4667905	1081348
13969	1610612992
23885641	671088768
21150109	1610613248
18788149	1085440
4368205	67108929
53347609	32833
18929413	577
41877685	83886081
22717297	4311744513
54263881	1085440
4140757	4362108928
44641729	4395630592
47123569	1610613248
13187485	1610612992
6154417	67141633
74150353	37120
11457649	3221356544
766945	1085440
72082909	36865
9744337	143360
19293265	671088641
46697833	1085440
34327837	1074270208
57107305	2147520512
31636369	1081345
11087965	37376
36106921	671088768
52553485	4295524352
17619805	1610612992
41114665	671092736
23901193	36866
17235217	4311744513
81432253	134217733
30842569	1610613248
77289589	36865
5754277	67141633
2525617	1610613248
1631377	16843776
33135517	134283265
36070633	150994945
2438785	50
17813233	1610613248
41092633	4295000065
10064449	4099
65628829	134217864
46306117	36865
47610865	671092736
42780673	671088768
34598701	2147487746
63602209	671088644
3169405	2148012032
60406921	1610613248
64603693	1610613248
56800477	671088644
48133801	17301568
19671049	1610613248
11763505	1610613248
68290489	17301568
51541309	37120
72995293	561152
71380477	4362108928
41124709	671088768
7379461	4294967361
7023709	1610612992
39298321	1081348
64997029	2147520512
60475933	17301568
18781669	1610613248
31657753	2147520512
72881245	4362076161
65398465	1610613248
72317809	4362108928
19096597	4429185028
78748885	36865
33405733	2147495936
62561521	67145728
40271941	67141633
43076485	67108929
80135929	36865
48979765	36865
49369861	32773
3538441	4362108928
58632049	2147524608
62606881	1610612992
43478893	36865
48497005	1048612
78908941	1085440
28486441	36865
74581921	67108898
55887445	3221233664
49420405	135266308
78864877	2147520512
78967261	150994945
65629477	1610613248
55985941	6442455040
806473	1056772
72667405	1610613248
50222953	1610613248
46928197	4295000128
57791269	1108344832
34022953	4295000065
39639169	37376
47991565	2147487746
16714873	2148012032
37829305	671088768
59235661	671088644
15350833	671088644
71222041	102400
14148793	5368741888
754957	2147484224
80756389	32833
28420669	2148012032
56788813	1610613248
9813349	1073745921
63601885	1610613248
50933809	4294987776
38664577	1610613248
64967545	671088896
38859625	17301568
33196105	1048612
34879285	102400
323713	16785920
75627469	67141633
71639677	5435817984
23999365	671088768
64324405	36865
75621637	1610613248
15917185	83886081
51442489	2147553280
31366801	1140854784
26258293	24580
43189885	671088644
54931645	671088644
76531105	1610612992
43471765	671088768
40359745	57344
38423197	57344
78528241	1610613248
71625421	2147520512
39152845	70
45137773	4353
5866381	67113472
67107241	57344
29609749	67141633
36223237	37376
55595521	1081345
78168925	1074823168
48168793	2164264960
75564613	4395630592
6108733	67141633
45349993	36928
11821177	1610613248
30729817	2147487745
12017197	3221229568
18558433	1073778688
27302545	671092736
78055201	4295004160
13779433	150995072
5735161	2701131776
28312777	67113472
37589545	4295000320
56352709	1610612992
46463257	1610613248
43334065	1610613248
78727825	1140850689
10073845	16843776
1771021	1085440
9224317	524864
80785873	1610613248
10168453	4311744513
54240553	3221229568
16476733	135266308
75601225	4295004160
36319465	1610613248
28958185	2147520512
57730033	1081348
33560929	4294971393
49069513	135299072
64706725	1610612992
20324557	114688
2084005	86016
4153393	2147487760
66057805	1610613248
8890921	33591296
78143653	2147520512
35718769	24580
76354201	16814080
30992905	33591296
41499253	4311744513
1545193	17301568
36205741	8425472
2859985	4311777280
5188897	8425472
50173057	5435817984
57893653	5368741888
95617	134250497
22773997	2147487746
40110265	134217733
63496585	1610613248
78311485	4130
70321969	4295004160
3702385	1081345
46548145	1090519041
1915525	1610612992
10639873	32864
38319841	1073938432
22919797	1073745921
39015469	4311744513
50915989	24580
905941	2147487746
59973409	4362108928
25805017	1610613248
69590053	1073746176
12953557	137216
5984317	2147484674
43987573	1610612992
53028145	3288334336
18672481	1081345
56396449	83886081
58240657	36865
38230417	1610612992
79222249	671088768
66819853	1610613248
81132553	2147520512
12279313	150994945
76970449	327696
20822221	150994945
12896857	671088641
29997901	671088768
64444933	2147520512
36326917	37376
46712737	4130
64001053	37376
63921997	16781313
37808245	1081345
59608261	2147520512
2374309	1085440
40765717	1073778688
33624109	671088768
4903777	1610613248
12411181	671088768
30181285	32834
10936981	5435817984
62389801	1610612992
10332397	2134016
69505489	201326593
30159901	4311744513
53887717	36865
46404613	67371040
10384885	1610613248
15822253	83886081
40482217	4295004160
35773849	2147487746
3315529	1610613248
52324741	1073778688
5898133	16809985
78027013	1082163200
41213809	671092736
3196945	2147520512
66169261	1610613248
36721549	1610613248
39298969	1140850689
54803017	4362108928
3434113	4362076161
10902961	1610613248
30018313	4311744513
32392909	1081345
36294517	1082134528
74766601	1073766400
57534337	1073778688
39197233	200
70638193	671088768
1846837	524802
46669321	83886081
46280845	135266308
44113285	1610612992
69145849	2147520512
76206133	1610613248
4349413	32802
24242365	1610613248
29462977	1610613248
79489549	1610613248
39289249	67633216
11772253	1074823168
55837873	1073778688
2229805	1610613248
38876473	4295000065
62018173	1610613248
3062161	134217734
60900373	1610613248
74483749	1610613248
15489181	1610613248
49709089	4362108928
72029773	4362076161
20110393	2147487746
28134577	1610612992
81284185	36865
48325609	1610612992
38951317	536903936
6327433	2129921
49303117	1073745921
50962321	2147520512
57629917	4328554496
24409225	6442455040
7901101	1610613248
58964473	2147487745
35542513	536871680
55479853	1085440
45299773	577
2551213	671088768
62275429	4295000080
35529229	4311744513
10251073	2148012032
54735625	1610613248
58721797	1610612992
45353557	671088768
68398705	4395630592
32154121	3221258240
80539957	2147520512
77721805	37376
18526357	327696
980461	2147520512
270901	528448
76469869	2147520512
51459337	4362108928
51025501	1610613248
70315165	1107296768
66602449	7
269929	1073778688
9140725	67108929
11596969	1610612992
60855337	1085440
34973893	671088768
3197269	1085440
74706985	4311744513
17927929	134250497
11913841	1610613248
37370845	196610
37379593	196610
48681361	32802
24830101	1610613248
67692385	67108867
6268141	150995072
54077905	134217733
30856501	4395630592
80082145	536903936
9971785	3221258240
41120173	4295000065
70528681	1074823168
10061209	36866
65899693	4311744513
70622317	671088768
44667649	2164260866
74454913	2147520512
43371649	26624
27483661	1610612740
55788625	16814080
53666101	1081345
81514873	671088644
60816457	3221225474
57704113	1073774593
27366373	5435817984
36532009	57344
27031033	150995072
47771569	2147520512
62686909	671088768
47783233	671092736
28969849	8425472
36757837	36866
60915925	1073745921
4923865	2147520512
27679681	4311744513
9666577	8425472
61833817	67141633
62688853	36880
44932033	1610613248
19857673	150994945
38058049	2147520512
78607621	57344
20934325	1140850689
55503505	1074823168
24208345	201326593
34490485	1081348
65544913	1610613248
19568989	1610612992
81269281	2147487745
34138621	36865
22018429	17305600
81482473	2147520512
21749833	65793
58779469	2147524608
69212269	671088768
12666817	671088644
64037665	36880
15201793	4362076161
27586693	16809985
51410737	37120
3943117	2147520512
62387533	67145728
75753505	2147495936
70918453	4362108928
53497297	36865
9601129	8437760
72085177	2147520512
52137469	83886081
47079181	1085440
61400305	1073758212
75478105	1081345
7886845	4311777280
24291937	1610613248
44664409	671088768
59536981	4294971393
56844541	1074823168
61176421	135266308
21745	1610613248
64131301	671088768
445861	1610613248
7409269	134218753
58567249	1073778688
81252109	2147520512
65565001	1610613248
52889473	36866
67898773	36866
81035353	2147520512
62323705	3221258240
23477077	1610613248
46702693	34078784
39877309	1073778688
50910805	1073745921
55922761	1610612992
41400433	83886081
56839357	1074823168
15312601	671088896
36662581	4311744513
30695473	40961
2569357	2148012032
3125017	1610613248
13373785	671088768
33547645	671088644
14156569	1081856
34593517	1085440
19719649	2147520512
35744365	67112961
20927521	1057
69736825	4362108928
75152161	2148012032
55822321	269516800
72651205	4296048640
1908397	671092736
67189213	1610612992
715105	37376
13754809	37120
51113953	1610613248
15463585	4294971393
69531085	671088768
72096193	1081345
61734673	1610613248
34187869	20512
8102305	36880
70384501	67141633
24408253	83886081
41244913	2147553280
60150313	1085440
65914597	561152
61653673	1610613248
12977209	32833
15887377	83886081
36044713	83886081
16496173	32833
53550109	1085440
31415401	800
1974169	16912384
38630233	24577
77787577	134217860
70678045	134221825
49895389	2147520512
11403541	1081348
36230689	1610613248
55659025	1081348
6451849	1610613248
21001393	671088896
72280873	3221225474
34147369	2147520512
17211889	1610613248
55328221	4353
305569	1610613248
63746713	16814080
67060909	1610612992
24131233	1358954496
6999409	2148012032
79288993	17334272
23995153	672137216
65529361	1610613248
39494341	1081348
41807377	1610612992
58009969	1610612992
58851073	83918848
23820193	671088768
6042961	67141633
18285301	1610613248
69782833	1610613248
47150785	16809985
42868153	1610613248
42469309	671088644
13323241	276828160
73862641	4295000320
81666505	2147520512
46633357	67141633
75225385	1610612992
61070473	36865
12692089	671088768
49919041	1074270208
70651801	1610613248
42269401	1085440
56428525	20481
21641941	16908304
70634629	1610613248
58146373	671088768
56799829	1610613248
27555589	1610613248
9221725	2147553280
19016245	150994945
51078313	1610612992
31227157	1174405120
58082869	1085440
57270277	671088768
133849	134250497
77172625	1097728
69329557	4295000065
28310509	1610612992
19901089	150994945
2611153	1610613248
54665317	1073778688
49803373	83886081
24042781	4102
76087873	2147483684
24186637	4311744513
8549425	4362108928
1026145	1610613248
1639477	671088768
34970005	4395630592
73904437	3758096384
34220269	537919492
43776973	1073778688
79389757	2147520512
72181081	671088768
71963677	671088768
18430777	67112961
51981301	1074823168
53219305	1610612992
50172733	1610613248
70920721	4362108928
10808677	1610612992
31645441	36865
50909509	2147520512
12800953	1085440
27979057	36865
28386325	67112961
1133389	2147520512
59144941	16781313
35409673	1085440
54340669	4362108928
59685373	4295000320
39228985	1610613248
23662405	38912
81537229	1610613248
49404853	4106
60747445	4295004160
71227549	196610
18755749	671088768
76192849	1610612992
637669	83886081
81088489	83888128
72253657	2147520512
26673337	1074823168
34007725	1610612992
65823877	67141633
63854605	67141633
80205913	2147520512
50138713	1074823168
58593493	1610613248
59708053	4102
3896137	1610612992
41511241	1074036736
59689909	37376
15547825	671088768
43135453	1085440
22210237	1610613248
67073221	1081345
47346805	4295000065
36606853	1140850689
47372725	36865
26408305	671092736
37300213	1073778688
68107753	36865
60935041	5435817984
54618661	4311744513
44136937	32834
7245001	1610613248
43365169	1140883456
17550793	671088768
34266601	1610613248
5107897	1085440
42352669	4106
60533929	83886081
51960889	2147553280
3544273	1610613248
13568509	2181070848
74052829	1610612992
73876573	1081348
11332261	36865
5218705	2147520512
25616773	671088768
62262145	1610613248
2510389	1085440
35464429	4311744513
14933197	67108898
2172457	671088768
25756741	83886081
32020633	36865
28652329	5385486336
14277421	1610613248
47277469	1207959680
28040941	2147520512
53093917	1082134528
39050461	671088768
74862181	4311744513
63252937	1610613248
76880053	36880
23140765	1085440
35646193	1610613248
4359781	1610613248
49866553	135266308
21274849	327696
71128405	1610613248
55258237	4328554496
21458881	1114116
63268489	4362108928
48599065	1074270208
23482909	327696
6505957	33554438
65192725	135299072
66885949	1610613248
30873997	150994945
28342585	57344
33325057	16809985
636049	1610612992
6134977	1074823168
8960581	37376
54064297	1610613248
28877185	3221356544
47834101	1610612992
53300305	1610613248
63826093	83886081
43827517	1610613248
32349493	269615104
53716321	1610613248
40909897	3758096384
43451677	2147520512
45027613	67112961
12771145	2147520512
33711913	83886081
2947789	36865
74883565	2147487760
27983269	2147520512
28377901	1081348
5860549	1610613248
23242825	16809985
14549581	671088644
53722153	2147520512
73119709	1081348
71935489	1081345
15259465	1074069504
81543385	40961
23268097	1610613248
11996137	3221225474
2669149	1610612992
47329633	67145728
42371785	4295000065
28401229	67108960
43377481	36865
57906613	1610613248
115381	67141633
25154749	36865
51817033	1073745921
78140737	1610613248
47532781	36865
11977993	4102
52266421	67141633
51803101	8392705
68071465	2147520512
77848813	36865
56686105	4353
37001809	4295001088
41973913	2164264960
66166345	2147553280
47074321	671088644
32740561	36866
13262005	1081348
71223661	1081348
7205473	1610613248
46914913	134217733
607537	4311744513
7119289	1610613248
37002781	167936
42277825	75497473
23628061	201326593
25741513	2147520512
9616033	1085440
78344209	16814080
57545677	16418
60335965	1085440
61692229	1610613248
17786989	1107329024
10070605	1610613248
37353349	196610
24904621	5368741888
57724525	1140883456
28561933	196610
28678249	671088644
39801817	36865
66776437	1073778688
70566265	1141374976
16453405	135266308
53569549	2164264960
78113197	671088644
59407705	1081348
3214117	1610613248
59226265	37376
38563165	1074266176
68230225	4295004160
16769305	2148012032
21273229	16797696
38251801	2147520512
7689205	32802
20829349	561152
957781	98320
80816653	1074823168
37151173	4295004160
38496421	196610
40709989	671088768
816193	2625536
76440709	1610613248
5277025	671088768
8049169	524353
12359341	671088768
1564957	3221229568
78475429	1074823168
40326373	4362108928
47610217	1073778688
73302121	1081348
61649785	2147520512
76361329	32774
43708933	1610613248
59614093	24580
65200501	33591296
35109001	536872964
77425345	1048610
65997865	1090523136
12455893	671088768
32344309	671088768
37404865	1081345
70772005	1073774593
23656897	671088644
42633901	134217762
78054229	69648
40411909	36865
36174313	4311744513
8858845	1610613248
8862733	1610613248
2537605	16908290
39231577	37376
15794389	4362108928
53399773	36865
35957557	4294967361
40425193	2147614736
21206809	150994945
7676569	3221229568
14847661	2147487745
31921813	2134016
4176073	1074823168
1620685	1610613248
72706933	1610613248
79034005	1073778688
10040473	3221487616
58980997	1140850689
61726249	1610613248
56478745	167936
48140605	134250497
7165945	1085440
64174717	83918848
13056589	83886081
24881941	1073758464
1517653	137216
16347781	1610613248
4867489	65793
11040985	2147520512
3115297	671088768
11396089	1058
11506249	8400896
13690333	4362108928
1150561	167936
29868625	2147487760
4828609	1085440
5773393	2148012032
16081777	36865
50166253	1610613248
59015341	4295000065
8955073	4311744513
58496617	1610613248
44278201	134218753
40443013	1073778688
20386117	1085440
57569977	4362076161
71953309	1081348
61600861	4362076161
33765697	150995072
75844225	1610613248
53946037	266241
52285213	1074823168
16506217	528386
59847697	1085440
3991393	4311744513
63769717	524354
46455157	4295004160
43368733	1610613248
39596725	1085440
47268721	561152
1442485	67141633
14546665	134218753
50928625	4311744513
72806401	135184
49962133	671088768
29619469	4362108928
56966365	57344
34166809	32802
52010785	1610613248
28302409	67141633
31908853	37120
75826729	4130
78733657	16777282
35695765	2147520512
19445869	1610612992
63743473	32833
56827045	83918848
53885449	1085440
43373269	32833
28876861	134250500
44029693	104
49588885	36865
37346869	196610
20964781	4353
52112845	1081348
8285365	4102
46314541	3221229568
59667877	16908289
19067437	1610613248
4042261	1140854784
3028465	800
46908757	671088768
60673249	4311744513
12001969	1085440
59521429	4328554496
50188285	1073745921
46432477	1048582
64430029	36865
27908425	2164264960
32725009	134221825
42474817	1610613248
68557141	561152
15431833	83886081
55604269	1610613248
3393937	24580
32875345	36865
27873433	671088644
7798069	2148012032
69670405	2147484674
1154125	83886081
36483409	4311744513
81184393	2625536
77014513	4295000065
18561349	67141633
69819769	295168
949357	150994945
66626425	24577
18416845	67
28847701	2147520512
51369589	83918848
1142461	4311744513
81538525	36865
5747149	4311744513
2780929	1074266176
24661	2215116800
56554237	1610612992
40996729	1610613248
80836741	1610613248
77538097	1610612992
40674025	4294971393
71839261	2147487746
59489677	1610613248
63092557	83918848
63870481	603980032
52630597	1085440
1916821	1610613248
22009357	4362108928
57325033	671088768
3595789	67141633
34391341	83886081
54597925	4311744513
16722973	2148012032
18701317	2147614722
56061433	36865
70998481	2147487746
24941233	67141633
32367313	1610613248
41824873	36865
25839685	1081348
23855185	2147520512
80357545	37376
31201237	32834
1046233	1610612992
72428293	2147487746
36758161	1081348
24747157	83886081
8456437	1085440
55057357	1610613248
33746257	3221229568
14861269	1610613248
76748509	4295004160
57227833	1610613248
18064009	4311744513
33695713	4362076161
1388701	150994945
60340501	1081345
30338101	1610612992
62137729	37120
18594397	1610613248
66199393	36865
33624433	671088768
64495477	134218753
35339041	1146880
33279697	1610612992
10821961	2147487746
43985305	1073778688
895249	524354
80355277	1074823168
38268649	8425472
8061805	17334272
46597717	32802
70387417	1073778688
34994629	671088768
72710821	134217733
13844233	4311744513
41903929	4362108928
56674441	1073745921
34212493	101711872
55467865	1610612992
30711673	1085440
78542497	102400
33453685	2147520512
33804253	1610613248
1128853	536871170
61526665	57344
31189249	4362108928
46843309	1610613248
886177	135299072
20450917	1610613248
51403609	86016
7202233	1081345
23787145	4429185028
73492633	16809985
68311549	1074266144
39305449	67633216
22243933	16777282
31774069	2147749888
37021573	57344
31338613	1073766400
50955517	561152
69120253	1140850689
24212881	4362076161
331489	16809985
43454269	671088768
78072049	134254592
81532369	36865
78689269	1073778688
35872669	327681
64536301	32833
77303845	4362108928
34807357	1081345
17580925	1085440
32444749	17301568
65561761	1081348
73886617	1073778688
44621317	28672
1584397	4102
9365905	35
70637221	4362108928
2823697	4311744513
53311969	2147520512
68310253	1610613248
35895349	57344
10262413	2134016
32877937	2147618816
26392753	1610613248
49527325	36880
44944669	1610613248
65183329	1610612992
63131761	1610612992
46814149	671088768
3828745	4362108928
10357993	36896
38637037	671088768
29761705	57344
2183797	524322
7527529	1610613248
9416125	1073745921
38640277	4295000065
30174157	1610613248
75366973	135266308
43231681	4295000320
53545897	1610612992
67658365	1610613248
56746693	2147520512
19522333	1610612992
19432261	150994945
44218261	1610613248
32701357	1610613248
3296089	524354
37727569	1610613248
1033921	1073774593
63152497	36865
20105533	1610613248
64146529	1073745921
74413441	32834
45705097	8425472
75730177	671088768
45488017	2164264960
39870505	2181070848
15714037	1610613248
29016829	83886081
35367877	37376
50976901	143360
63876313	671088768
47452753	36865
31447153	1069056
75485557	83918848
55143541	1610612992
51905485	1610613248
23835097	67141634
51325525	32802
32104873	4311744513
57052873	671088768
1272709	1610613248
12031453	5435817984
19999261	2147483682
27928837	36928
20939509	1610612992
81724825	37376
54099289	4099
19176301	2147520512
75761281	4311744513
177589	1610612992
11570077	671088768
11053621	83918848
75827377	16912384
74902681	1610613248
44152489	671088768
69440365	36865
25826401	1610613248
45109261	1610613248
61124905	4362076161
23048749	4362108928
29398177	1610613248
23300821	142610432
26364241	525056
15926905	1610612992
2702197	1610613248
43310089	32834
53328493	16809985
40136185	4362076161
67286089	1610612992
79130233	36866
23444029	1081348
27870193	1610612992
57136141	2147520512
33365881	37376
41475925	134250500
7864489	4311744513
32924269	2147520512
15821929	1048836
38633797	1610613248
64930285	4362076161
66727513	1141374976
16103809	201326593
59557393	1140883456
68947885	4294967329
63134029	1610613248
199297	327682
8874073	1085440
8485597	37376
616609	1610613248
23907997	536871170
12695977	83886081
7683373	40961
11701	2147520512
72114337	1140883456
24799969	8421408
42882733	671088641
2822077	1081348
11626777	201326593
81670393	1610613248
48287377	671088768
57467917	2147520512
19013653	150994945
336025	3221229568
1532233	2148012032
62901073	1081348
43970401	5368713216
15914917	83886081
68424301	1610613248
16198741	83886081
72901981	671088768
13218589	1610613248
53350525	1610612992
67661929	671088768
45420301	4395630592
1147321	134283265
38219077	2181070848
70308037	1085440
51251005	1140883456
1609345	4362076161
30582397	24580
29220949	4130
50365837	1081345
13909681	1108344832
63952777	67108929
80252245	299008
29338237	4294987776
44416549	536872964
61465429	4362108928
11546101	524322
24487957	671088768
15842017	2147565568
55883881	1610612992
47087281	671088768
76178917	1174405120
18522469	1090519552
22542661	1073872900
869977	1610613248
19049293	1073774848
69494473	2147553280
31673953	4311744513
70587973	1081348
77618773	671088768
5242357	1081345
48674881	4362080256
17004529	57344
38496745	1610613248
18145657	150994945
4267117	2147520512
18500761	2147553280
22663513	8425472
22806073	528385
5974273	16809985
50577733	1073766400
777313	36880
65346949	2147520512
38685637	4311744513
46516393	57344
77742865	1085440
49140145	2147487745
19652905	36865
14879089	671088644
20790145	1081345
4872997	1610613248
9161785	1610613248
40228201	577
63862705	67112961
12551149	2147520512
36548533	83886081
74444869	4311744513
80576245	1610613248
31380733	1085440
42841261	671092736
55213849	32786
10014229	518
79462981	1610613248
58895461	1074823168
68293729	4395630592
65612305	536903936
38905309	524353
16468633	135266308
2741077	135299072
59074633	36865
36603289	1085440
43978177	1610613248
28787437	67141633
24401125	1610613248
19720945	2147487760
57835009	1073778688
18433045	1073745921
15931765	2181070848
55482769	36865
68668921	1610613248
51698125	4102
26857045	1073778688
34765561	1610613248
64295245	90112
5409865	1610612992
48857617	69633
57250189	671088768
3871837	1610612992
12265705	518
51301225	1610613248
50711869	3221356544
36879985	671088644
1559773	83886081
13996189	1081856
21802969	83886081
80046505	561152
58851397	2147549200
81483121	1085440
10877365	66816
63244189	201326593
59764429	2147520512
38987605	1140850689
47282329	16801792
40261897	1073745921
48350881	1081345
43003909	36880
7014637	1610613248
56534797	1073762304
1098073	36865
52616017	1073778688
41639545	4311744513
35122933	524322
3084841	2147520512
56266201	16809985
51398101	1610613248
4187089	1610613248
64357453	1610613248
50237533	16842753
68319325	1610613248
65197909	37120
1259425	98
854425	36866
48874465	1610613248
14761477	672137216
39890269	2147520512
16038037	36865
35961769	2147520512
46960273	671088768
31396609	800
68150197	36865
67111129	671088768
61999705	2147520512
49330009	16777250
55360945	16777219
39867265	327696
57978541	134479873
61744717	4311744513
53984593	36865
12758833	1082134528
43098517	4295000065
25432741	1610613248
12659041	69648
10323649	32802
34580881	3221225474
76206457	1610613248
3946357	1212416
11223397	2147491842
12829789	1610612992
73688005	7
77467141	1610613248
4282669	1610613248
50547601	1610613248
11509165	1610612992
22183669	671088644
68551309	67141633
30576889	524354
15027157	1610613248
58557205	1081345
900109	100663297
59427793	1085440
80920657	3221356544
54191953	1074823168
68782645	4311744513
5301649	37120
63926209	4362076161
71280685	37376
40417741	16781313
17970697	1146880
66670813	1610612992
6389641	2147520512
80447941	2147520512
64625077	2147520512
26985997	1610613248
8641117	16781313
25710085	2147520512
8359561	16781313
25846165	2147614736
43326937	1610613248
73490041	17858560
47542177	36868
69809077	1074823168
72102025	4311744513
7868377	671088768
45416413	1610613248
77785633	17301568
9122581	2084
17548849	2147520512
32554585	4311744513
53281513	671088768
18137557	1610613248
23031253	1610613248
79143517	2147520512
6200749	2147553280
6705217	16809985
33612121	32802
57097261	1073778688
48763981	2147520512
19599769	4294971393
77560777	16777249
2106037	1610612992
38603665	2180
52908589	32834
18641053	327696
19555381	134742017
32655673	4362076161
57311425	671088768
62149717	1610612740
13258117	561152
77919769	3221356544
4928725	2147520512
27940501	1610612992
65803465	561152
52078501	1610613248
23159233	17858560
62531065	1081348
670717	268568576
74005849	4311744513
58686157	37120
38227825	4362108928
1292473	67141633
53448697	4311744513
64490941	4311744513
8603209	2148012032
37673137	1140883456
23478697	4362076161
48733201	1074823168
56065645	3221229568
13512781	1085440
28478665	671088768
38418013	8425472
4395745	37376
34304509	1074069504
38059021	200
72354097	3221356544
45719029	1074823168
74223901	1073778688
13361473	1085440
30538657	3221229568
41399461	2134016
44424973	2147520512
11853901	671088768
28360081	4311744513
41217049	5435817984
1662157	101711872
38089477	16781314
2563525	1610612992
80487145	2147520512
43384609	4311744513
503209	65570
16644565	1610613248
54001441	4362108928
59284261	561152
30493	268568576
44176789	1610613248
2652301	36865
64386289	4297097216
9521749	4362108928
64090477	1610613248
59139109	17301568
47522413	671088768
67870909	671088768
68875309	4429185025
27545545	1610612992
51191389	1610613248
36724465	1610613248
27177481	67
73677961	1610613248
135793	67141633
40830517	35
75287917	4192
11240245	2147520512
31791241	671092736
72704341	8425472
28871029	83886081
54270685	150994945
39396493	1610613248
39883465	2147520512
30559393	134225921
924409	1610612992
67974589	37376
44654689	4311744513
42698701	1610613248
62734213	1610613248
7703461	36865
39015145	1610613248
44249041	299008
46340461	1610612992
74709577	1610613248
6805981	4294967361
19520389	150994945
4093129	1073905664
46733473	36865
54242821	2147749888
10908469	1073778688
2674981	1610612992
45116389	1610613248
4625137	2164260866
78683437	5435817984
53723125	36866
81537877	36865
51939505	4296048640
67564405	671088644
38640925	24580
78630301	1610613248
52917985	67633216
49645585	1610612992
1811197	4295000065
57189925	671092736
34982965	3221356544
44807293	20481
59060053	4362108928
70865317	4362108928
62594569	672137216
28825021	5368741888
39461293	1610613248
79393645	1610613248
81750097	36865
28986049	1085440
40219129	1610612992
51153157	5368713216
13515697	1610613248
20121085	1085440
753661	101711872
46913617	4362108928
61149529	1610612992
48374533	671088768
62943517	2147520512
69432913	4429185025
46977445	1610613248
48917557	5435817984
36629533	671092736
21847033	1610612992
31006513	4429185025
74434825	2147487745
14038957	557120
28110925	268439554
55721557	1610612992
59609881	1610613248
34557229	1085440
2431657	2148012032
11050705	36865
58134385	4311744513
35782273	4295000065
2363941	134217733
8708185	2147553280
5068045	150995072
73030609	1085440
66490345	134217733
79454557	1081408
15332689	1081348
57870001	2147520512
70386121	3221229568
77041729	1074266176
49222117	1610613248
56909341	1073873408
40848337	36175872
6753493	2134016
14885893	4362076161
30707785	1085440
66586897	150994945
70129513	4295000065
35839945	67141633
28267741	4130
50143897	24608
60429925	2147618816
54294985	1081345
62648353	36865
69152329	37120
33047065	1610612992
6031621	1085440
8313229	70
39734749	1073775104
64585549	68190208
69227497	671088768
38922481	67141633
63048817	1610613248
50664565	37120
11591461	1610612992
38717713	671088644
63785917	1610613248
41154841	1610613248
2977273	1085440
3188197	1074823168
9042877	100696064
60607153	1085440
26539525	4099
34209253	2147520512
30618685	671088768
52664617	262149
24431905	1085440
47188045	1085440
74881	2147618816
38228797	1610612992
10689121	57344
75037789	1074823168
16669189	135266308
76192525	1081348
6369229	1610613248
46200493	1073758224
24541741	671088644
31996009	36865
50905	197632
65685205	4311744513
20017729	671088896
78364945	2147487746
53938261	327696
6174829	16779268
22380985	75501568
74618209	1610613248
53246521	5368713216
26292637	32771
9228205	134254592
62336341	67141633
9668197	331776
51901597	67145728
41734477	1073742084
28874269	1085440
63010585	1207959680
12784429	1610613248
36973	1073778688
446833	2147745793
1715941	1610612992
5381677	134221826
8136325	2129921
16009849	4362076161
31019149	201326593
77981005	2147487745
61453765	134254592
31751389	1073745922
62530093	4362076161
37030645	671088768
38044117	17302016
43370677	4362076161
43508701	196610
8690365	8421377
17196337	1140850689
37977373	1610613248
23982841	4311744513
46439929	83918848
11820205	1081345
40858705	3221229568
25564933	1610613248
33673357	1085440
59496805	1610613248
16583977	36865
26106985	4303388672
33050629	150994945
395965	285212676
68710717	4102
63558793	24580
63682885	2147549185
23262913	16781376
73410013	671088768
79326577	1081348
50821057	1610613248
54564877	671088644
41820661	2147520512
64338661	4311744513
59831821	2147520512
36166537	4362076161
51656329	20481
17648641	101187584
14862565	1610613248
64614709	6442455040
2605969	67141633
57737809	671092736
65761669	671088768
24580621	4353
30206233	25198592
25471945	1610613248
9196129	57344
20301877	2134016
51804073	1610613248
10117909	135266308
32101309	1610612992
54838333	17301568
39560761	4362108928
46789525	4311744513
927001	25088
55234585	671092736
80341993	1610613248
13658905	4362076176
19786717	4328521792
59636449	1085440
35129737	4362108928
29023633	16809985
64768609	1074823168
42023485	2147520512
76197385	36865
50616613	671088768
74019133	1140883456
47023453	1610613248
47679229	1610613248
3603241	67112961
42480973	268568576
37775521	36865
56086057	2684358656
61902829	16912384
23675365	561152
20447029	1610613248
50581297	5435817984
79700797	36868
80014753	1081348
64684045	1610612992
76652281	24580
1829665	4311744513
76813957	2147487746
75348829	1085440
53791813	1610613248
57851857	2101312
32595085	1610613248
43783453	2147483682
26164657	1074823168
21998017	150994945
7080409	528448
17664193	2147483682
46364113	53248
14068441	1085440
3802825	2147520512
58787569	1610612992
45661033	4295004160
14103433	1610612992
17439661	4099
49615453	1073778688
68188753	1074823168
18250957	24577
66795553	671088768
6257773	4362076416
41736097	671088644
36683317	2147520512
15333985	2148012032
19845037	1085440
52401853	561152
75875005	37376
77124349	36865
11814049	4311744513
43053481	1085440
40743685	36865
1652761	134221825
13707181	67141633
49972177	4311744513
21003661	4311744513
3699793	2147549185
44200765	1081345
77804425	2147520512
52421617	37120
4939417	36866
66683125	4311744513
53616853	4311744513
35761861	524384
3313909	67141633
17522929	67158016
2245681	36928
29305513	1089536
67573477	67141696
37717201	1081345
53403337	4295004160
63426277	4328521729
55413109	671088768
33599161	8523776
75967993	150994945
58525129	561152
11610253	134217733
71504893	17334272
5486329	268568576
2013373	1610613248
6961501	2147520512
63736021	1610613248
67587409	4311744513
10870561	201326593
31849561	1610612992
70978069	150994945
29532961	196610
80420077	4295000576
76173733	4362108928
81467893	1073778688
19088173	4328652800
78801697	2147520512
52656193	67141633
27803773	4130
54493597	134283265
27887365	4362108928
52354225	1610613248
30642337	800
44130133	1610612992
1156069	196610
21424213	1610613248
50435497	142610432
75417193	671092736
44494309	1610612992
74110177	1073775104
59579749	4295000576
52549921	1610612992
45513613	4429185028
25918093	36865
24768217	24577
17597449	135266308
5131225	268568576
1090945	671088644
29166193	1610613248
50095297	134217762
4201021	4311744513
71464393	4311744513
80465113	1610613248
6134653	67108929
62768557	1085440
37756081	1610613248
24628897	1610612992
19293913	671088768
67427029	2147520512
66608281	1610613248
16798465	8425472
9279397	4295000065
25278517	671092736
25659865	16777225
4236013	4311777280
1233829	1610613248
51067297	327696
44944345	36865
50930893	1081345
60821317	67141633
26434873	671088768
50823001	69648
18521821	1081345
65137969	2147520512
43276069	1610612992
67926961	1083179008
16899229	2147487760
44580817	16809985
64527229	671088768
63678349	36865
34531309	36865
2600461	2147487746
49362085	2147487760
19880677	4295002112
28004653	4311744513
78592717	4362108928
58505689	671088768
62319169	1610612992
6096097	134217733
11988037	1073745922
29342125	4362108928
46634977	524548
14107969	2134016
7810057	1610613248
5817457	67141633
18678313	32802
37641061	1085440
52161445	28672
5714425	4295000320
20834857	134217733
64446877	1073762304
52017265	75497473
17869609	1610612992
61785865	1610613248
18524413	4295004160
59318605	1610612992
66598561	4362108928
51239665	2134016
23527621	134250497
26771509	671088644
3556585	1610613248
41942161	671092736
29421829	1081345
62710561	5435817984
61994845	67108929
51057253	67108929
33705109	17334272
4085353	2147520512
78189661	1081348
71831809	800
58036537	1610612992
67197637	1610613248
14854465	36866
3017773	2147520512
362269	1081348
56152477	32834
50540149	2164264960
58381597	2147520512
49404529	1610613248
37863973	37376
9656533	1610613248
74837881	1081345
55587745	24577
39992329	36865
44628769	1073745921
28540549	24608
45307225	1115136
9838297	1610613248
33396985	83886081
2909881	67141633
2273869	1610613248
4017961	2147487746
81283213	83886081
53339833	671088644
44232517	4295000320
58507957	327696
53799589	4362076161
53425693	36865
54192601	2147520512
28165033	17334272
71750809	1207959680
42582061	536871680
48457477	67108898
54537337	5368713216
112141	4295000065
12680101	4303388672
49624849	135266308
49650445	32834
29321065	150994945
21810745	1610613248
17487289	1085440
80444701	1610613248
7560901	17301568
67817125	8425472
1503073	4130
23454397	16814080
72010981	2147745808
10403029	1081348
36150013	4362076161
57337345	37376
51771673	1073778688
46411417	4311744513
1202725	2147487746
59086297	4362108928
3724093	524354
53023609	4295004160
67784401	1085440
38997325	1610612992
54436573	1610613248
47571661	1048836
48461365	3221356544
19800325	1610613248
41034637	1073745921
362917	1081345
316261	2148012032
33555097	1174405120
39163213	4295004160
22519009	671088644
68697109	2147487746
47184157	671092736
38257309	1610612992
51860125	1140883456
38596861	3221229568
116677	134250497
59900509	1610613248
65629153	1610613248
33523993	2147647488
19796761	1610612992
55034677	67141633
21497761	1081345
74575765	150994945
63420769	40961
57572245	1085440
26031817	83918848
77379337	1081345
21182509	1090519041
71971129	2147487745
6074713	67158016
61439185	17334272
15177493	83886081
75366649	135266308
51379309	1073746176
34054057	671092736
32233177	4295004160
50555377	1073778688
66858085	36865
49729501	1610613248
77867605	1073876992
11526661	67141633
14830813	134218753
55693693	134217734
22500865	1085440
11484541	1610613248
52081741	4362076161
47492929	671088768
13169989	40961
18243505	1073766400
12287413	4161
42597937	1610613248
39439585	36865
72541693	1140850944
64622485	36865
76776373	2147487745
18866233	16779266
15430537	83886081
37867213	1085440
27683245	671088768
75163825	1610613248
1448641	150994945
30725281	1081345
66440125	1085440
34059241	36865
70663789	36865
12413449	1085440
65231929	1074823168
26360353	1610612992
638965	1610612740
57115081	1140883456
59957533	671092736
5494753	67141633
20362141	134217988
4213981	4311744513
12471121	67112962
28186093	1610612992
55279297	69648
26612749	1610613248
54451801	1073778688
49744405	1610613248
21543445	2147520512
22638889	8392736
30737593	1610612992
53047261	1610613248
77786605	37376
60530365	163841
6034861	32834
461737	327681
79545601	32834
1921357	33824
80302141	561152
77207617	1085440
20993617	16809985
58796965	2147524608
39673189	2147520512
29230669	4162
37085077	1081348
25110361	671092736
3877669	2148012032
65136349	1610612992
634429	1085440
63422713	536903936
70082533	3221356544
39684853	1085440
46531297	1610613248
29610073	83886081
31443589	4362076161
64432297	4362076161
8494021	1610613248
37868833	4130
48107233	16912384
25824781	67141633
31187953	3221229568
23586265	40961
54241525	1081856
23282353	150995072
36800929	4362108928
74278009	32833
6410377	1073745921
2386945	2147520512
43934113	671088768
40566781	2164264960
926353	36866
43340545	1610612992
43485697	1074823168
78999013	1073745921
3706273	1610613248
34923997	83918848
856045	1610613248
56250001	16814080
61705837	1610613248
8412049	1610613248
78422617	1081348
7208389	2148012032
53654761	4362108928
49958245	17858560
78375961	2147487746
19008793	150994945
14991517	4329570304
36713125	1610612992
33044473	134283265
44272369	4311744513
27614233	537919492
6098041	1610613248
52334461	16809985
51265585	1610612992
37508869	1610613248
1933345	1610613248
46731529	1610613248
56303137	1610613248
18676045	1074008064
28176049	671088768
27205993	327696
78051637	2147487746
51078961	1081348
33260581	1146880
57660049	1081348
74031769	1610613248
36852121	528386
45649045	1081345
66915757	671088644
54898273	561152
38455273	36865
54032545	1610613248
73374373	544768
762085	2147553280
12872557	671088641
60630481	4295000576
57794185	1085440
59803309	1073778688
204157	4311744513
78084361	1073876992
21560617	150994945
61792669	4295004160
34164541	1140850689
42684445	671088768
19568341	4311744513
7460137	1610613248
40584277	671092736
43703749	4362108928
18927469	83886081
52690537	2181070848
23134285	528386
15569209	83886081
51151861	16783360
51268177	67145728
30683485	4130
5502529	671088644
15324589	1610613248
1543573	1610612992
42841909	2148012032
10549801	1085440
78296905	4295000065
8248429	3221229568
29516437	1610613248
29751661	4328587264
63145369	1610613248
71613757	1085440
6487813	1074823168
50788657	1610613248
5902669	83918848
66264193	167936
64584901	1610612992
75054961	4311744513
60520321	1610613248
39902905	1610613248
138709	4295000065
60639877	1610613248
18503353	1610613248
45675937	4362108928
77213449	4295000065
3416617	2129921
34184305	36865
47565829	2148012032
68342329	36865
46274041	671088768
41057965	2147520512
93673	134250497
38468881	7
48563749	671088768
17150329	1085440
2163385	2101504
40734937	4362108928
12993409	33619970
62234605	1610613248
77473	150995072
8491105	1081345
81410545	3221229568
40562245	2147520512
29969389	1610613248
60185629	2148008000
60985261	37376
40587193	67141633
45475705	4362108928
29702413	1081348
66282337	4311744513
12190213	671088768
481825	4311744513
30510145	8421888
9013069	4099
77600305	4161
44617105	528386
64969165	1610612992
65282149	1081345
43988221	671088768
18462529	36865
50534317	134217762
68914189	2147487746
73240561	32833
6455413	4294971393
69210001	2147487746
79596469	671088768
75734713	1610613248
5942845	671092736
18254521	137216
197353	1610612992
9543781	1074823168
38351593	16809985
17012953	83886081
21825973	57344
33744961	17334272
198325	8523776
16128109	2147520512
51907429	1610612992
72151273	1073741830
22052773	3221229568
26800021	1073774593
41446441	4362108928
8517673	1610613248
17312329	4294971393
40790665	2147520512
70423705	36866
57818809	36866
61457977	1073872900
66234061	201326593
68180005	4362076161
23968585	292
3106225	4099
72386497	1074823168
41333365	4294971393
62043769	36865
37995517	4162
72641485	36865
40025053	36865
24065137	2147520512
74924389	524322
12157489	1610612992
53771401	1081348
78078529	1610613248
24633109	4294971393
42724297	2147520512
8661529	1610613248
12755917	1610612992
45172117	1610613248
39950533	1610613248
7906285	671088644
38741365	83886081
38549881	671092736
78706441	1610613248
16992541	32833
60217381	1610613248
23912533	2147487760
15501169	800
64652941	1074823168
14738149	2147520512
69303313	1073745921
1416565	67108929
5913685	2147520512
2549269	2148012032
32654701	135299072
19690489	37376
70124005	67108944
51640777	2147483682
18135613	1610613248
63471637	1085440
71075593	3221229568
37875961	2147487760
69779917	4362108928
41076109	1610613248
56853937	150994945
20710765	1610613248
36347329	36865
38952613	36865
41844637	36865
77449645	2147520512
44357581	36865
75898009	150995072
50993425	1610612992
69244345	1081348
39515077	671088768
17727697	1610612992
78752449	1073745921
21753073	57344
42888889	2147520512
47212345	4362076161
72230977	4295000320
74112769	1085440
73341973	36865
12898153	671088644
67072573	1081345
19707661	1085440
52717105	1073778688
3862441	1073778688
22210561	4362338304
69783157	4362108928
750745	4295524352
14559625	1074823168
62030809	671088768
32086405	4295004160
35710993	4311744513
20597365	1081345
48666457	671088768
70273693	1610613248
860581	1610612992
60392017	16777281
501589	1085440
44193637	1073774593
3391993	7
49821517	671088644
60055705	4362076161
80379253	37376
50491225	1610613248
47404153	4311744513
44730829	1610613248
68158945	3221229568
24797701	1610613248
42697081	671088768
75494305	1610613248
81658405	53248
42965029	1073762304
75340405	2147520512
46980685	16781313
69506785	532544
41696893	4295000065
14639005	4329570304
26442973	2147553280
40919617	67141633
68582413	4362076161
55455553	4294971393
38696653	36865
14232709	67112961
51313861	4099
76901761	33591296
748153	2148008000
65180737	134217733
29966473	1073778688
39475225	167936
33940657	537919492
46752265	1610613248
56468701	536875520
61390261	150994945
79790545	83886081
59883661	1085440
19991809	2147520512
14944213	1073746432
15571153	557120
43246585	2147520512
20797273	68190208
35716501	69648
517789	17334272
54155989	3221229568
75314485	671088768
1129177	1610613248
36046333	1610613248
30128797	1610613248
46642429	37120
5082625	2147484688
59591737	671088644
180181	134250497
4012777	28672
12286117	32833
39717901	1610612992
31128013	67141633
78273901	4362076224
60826501	20512
18453457	4311744513
46917181	1610613248
8564977	327696
21875545	1090519041
13804381	1610612992
60057649	1610612992
2568061	671088768
16565185	1085440
11672137	1073872912
41896801	37120
64449469	4295004160
37994221	134217733
374581	135266308
16594993	1085440
75619369	4311744513
66689929	75501568
68550013	33591296
52280353	42
74864773	2147520512
5870269	67112961
37375381	1140916224
43946749	37376
12877741	1610613248
79276357	1081345
73418437	4130
4049389	67112961
53812225	671088768
50326633	138
12130921	4295004160
12468853	1081348
15912649	1085440
62166241	67108929
33593653	16809985
69726781	36866
78573277	2147520512
18557137	2148040704
55807741	1610613248
39107809	2147487760
15921397	83886081
32969953	1610613248
72208621	1081348
35904421	4295000065
80315425	150994945
72189829	4311744513
5367097	4429185025
65185273	2147487746
28285237	4311744513
31867381	201326593
68059477	5435817984
2694421	1085440
61813081	150995072
35830873	671088644
29365453	1610613248
40832137	17305600
14871961	1610613248
44176465	3221229568
56586313	1610613248
79908157	4362108928
26499025	150995072
33214249	167936
30196513	1174405120
726769	2155905024
45708337	561152
79021369	16809985
47779021	2147520512
3516085	134217794
7971733	16809985
32055949	4362076224
5796397	17334272
56981917	4295004160
42882085	37376
70182973	1610613248
3890305	2147520512
134497	134250497
79376149	3229614080
35195833	1610613248
14149441	1610613248
3779497	1610613248
2561581	1081348
67976857	671088641
46401697	671088768
42612193	671088768
69485077	4362076161
42487777	2147520512
50058685	1074823168
9492589	57344
207397	150995072
40081753	4362076161
62694685	8421888
942553	135299072
8272405	67112961
16838641	2147487746
22138309	134217860
47366245	671088768
28361377	36865
62690473	1085440
41948641	3221258240
15277285	1081348
72336925	1610613248
47086957	671088768
50918581	4311744513
42060421	2147520512
50393053	67113472
5340205	327681
38961037	33344
55347985	20512
38248885	2147520512
61442101	536903936
26501941	1610613248
39317761	36865
36855361	16809985
11661121	4311744513
31399525	800
52572925	1073746176
31140325	1073762304
26366185	67125249
16634197	135266308
22764925	1085440
12143557	1610613248
16060717	2147520512
44516341	2147487746
59422285	36866
1547785	1610613248
51337837	1074823168
1222165	1610613248
40598533	134254592
16471549	135266308
38084617	67
32824153	4311744513
31842109	1073778688
56412001	4295000065
68190373	150994945
46228681	1610613248
28204561	4429185025
62988877	671092736
3792781	1610612992
66934873	1085440
46783369	83886081
65460025	1610613248
58610017	1610613248
75854917	671088768
52046749	4362076161
68621941	67141633
1396477	4295000065
6159925	2148012032
37026757	16809985
62120881	1610612992
2671417	1610612992
16799113	1081348
79242661	671088768
32417857	67141633
21065221	4362108928
28744345	2148012032
33044797	134283265
27181045	671088644
23578813	35
9997705	1081348
1725337	134250497
3472669	557120
57427417	1610613248
37554877	32840
45603685	1610612992
29683621	4329570304
62294545	1610613248
8932717	36865
81555049	1610613248
61823125	17301568
77580865	1610613248
19034065	150994945
60486301	1107329024
30930049	671088768
56413297	589888
71973073	2147520512
7717717	33284
14663629	4395630592
78886585	1073746176
36660961	67207168
18420733	1610612992
81250489	1610613248
4099285	134254592
76788361	53248
38310445	4311744513
81161713	1073778688
61043905	2147520512
22420189	524384
18308305	553648129
32750929	135266308
43389469	1085440
63620677	2147487746
40551553	4294971393
76525273	53248
58032973	536907776
1741213	1610613248
39107161	2147553280
50921821	1610612992
6719473	201326593
18426241	1085440
47872657	4311744513
2508445	57344
52163389	1610613248
9499393	671088768
70060177	1610613248
10865377	67633153
31563793	36865
53973901	17301568
70086745	100696064
65798605	2147520512
56465785	5435817984
48619801	671088768
41032045	4328554496
72176221	17334272
46970317	17334272
65246833	4295004160
22840093	671088644
79818085	2147520512
18871417	1074823168
79442893	16783360
34439293	671088768
48394945	1610613248
5243653	201326593
672985	1052673
66426517	16912384
20713681	1174405120
63766477	1140850689
225541	1610613248
59778361	1085440
55559233	2147487745
58180717	1610613248
32965093	671088768
11904121	201326593
6230881	2101312
77401693	83886081
44430157	671088768
58494997	1073778688
4540249	1610613248
39449953	4295000065
28882369	2147520512
80050069	37376
27286021	4362108928
1151533	1140850944
1423369	150994945
69057397	537919492
71220745	67141633
362593	25088
1373149	65793
31664881	3221229568
74733877	4303355905
44982577	1140883456
878401	557120
26130637	4294971456
73627093	5368713216
57508093	1073778688
77555593	16814080
75552949	24832
5629861	1610613248
3827125	1610613248
9843805	671088768
48931813	5435817984
42427837	36865
44420437	1610613248
38153629	1074823168
19963621	2134016
43489585	36865
36539137	671088768
76805533	2147520512
40956553	536875520
30760597	32833
30037105	1081348
34744501	4295000065
42240241	2147520512
54473509	1081348
5480497	16779520
31998277	561152
15877657	4295000065
35845129	671088768
50678821	1074823168
5796073	67112961
69610141	4295000065
68601529	2147520512
65365741	4362108928
60579613	36865
20990053	16809985
72952525	536872964
22497301	201326593
31510657	1610612992
35115805	4362108928
1977409	6442451008
60020389	1090535424
52246333	67141696
41941189	4362108928
68936221	2147520512
56966041	1610613248
54489061	1081345
15132781	8421377
13720465	3221229568
14340601	1610612992
37075033	100696064
65375137	1074823168
27488845	1081345
80389	8523776
69341869	4362108928
4719097	1081348
46627849	83886081
40740121	671092736
65824849	4295004160
28840573	1073750528
6951781	1085440
26941609	1610613248
81195085	671088768
73448245	2147553280
71036713	1610613248
5974597	8425472
9117721	36866
36377461	4295000065
34683265	36866
2189305	150994945
45462097	671088768
45219097	671092736
69193153	1610613248
58423069	1610613248
2332189	25198592
25207885	1090519041
16592077	1610613248
61273621	1610613248
18700021	1610613248
47652337	2147487746
43210297	2147508224
28953001	1073778688
9287173	1174405120
12224233	67145728
13349485	36865
2554453	2147484674
47618965	33587456
56497213	1610613248
41123089	36865
6473881	1073745921
46981981	83886081
47767033	671092736
80983189	671092736
71001721	3221229568
76761793	1085440
78506857	1140850689
20800189	1085440
15981337	67141633
384949	1610613248
5887441	1085440
49668589	2147520512
47293993	4099
53692021	36865
43049269	12304
50403421	1081348
15858217	1610613248
33110245	4102
67243321	32833
78047101	150995072
66174769	2625536
46572121	28672
78378553	1610613248
2185741	2147483682
53047585	537919744
2426149	2148012032
74520361	671088768
75746053	4294971393
79417	671089152
31536577	3221356544
732925	4295524352
57541465	561152
81029845	1610613248
49289509	1610613248
14287141	36865
52489009	671088768
50468869	2147487745
6838381	16809985
9371737	67109380
15378373	1610613248
60760081	16783360
32685157	1146880
47688625	36865
38260225	32773
74984329	1610612992
52772185	201326593
21563209	1610612992
628921	1610613248
60495697	1074008064
45488989	1610613248
370045	32833
79508989	33652736
71028937	2147487760
65823229	1610612992
28702549	671088644
29554021	1610612992
548569	1610613248
63056593	1074823168
68410045	134221825
78218821	1610613248
8076385	16781313
43259545	135266305
33003649	4353
31500613	3221291008
1343989	1610613248
75542581	1610613248
20501785	1610613248
59063293	5435817984
53196949	1610613248
45434881	1610613248
51155749	36865
55827829	1073778688
69269293	16809985
31910473	4162
47820493	5435817984
13134997	16814080
43110829	1610613248
36523261	1074298880
28705789	1081345
29643445	8392705
32813137	67158016
37367929	196610
27096805	4295000065
3363481	135266308
32463541	671092736
34601617	17301568
12604285	671092736
76093381	2147520512
58475557	1073872900
12677833	36866
1450909	1610613248
77994937	1081348
111169	134250497
7333129	150994945
37350433	196610
23740489	1610613248
15664465	16814080
62065153	4296048640
14412205	327696
31065157	1610613248
61028677	1610612992
68330341	8409088
68565889	2164260880
30318985	2147520512
69489937	1610612992
13690657	4294967330
57711889	524354
6221485	36865
57169837	5368709121
69812965	1073778688
43532029	7516192768
68220829	1610613248
25012837	1610613248
33204205	4362338304
2987317	1610613248
58708513	16777281
53404957	537919492
5226157	2625536
81094969	2147520512
69076189	1610612992
27681625	1074008064
32211793	1073774593
45166285	1610613248
57467269	2101312
17600689	1610612992
40085317	36865
52075909	536872964
66715201	150994945
70277905	135266308
1859797	2147520512
27750313	4362108928
7033753	4130
78769945	1081348
68028373	67112961
56458657	1610613248
508717	1610613248
27926893	1085440
18458641	37376
81370045	1610613248
8488513	276828160
3560473	53248
1799857	4362076161
33556717	4099
75863989	671088768
80574625	150996992
39502441	327696
75801457	2156396544
62265709	135299072
13066957	1074823168
25898005	2147581952
65166157	2134016
43287409	4311744513
61534441	1610613248
12471769	1073778688
74312677	1610612992
59566141	150994945
13482973	24580
14377213	150994945
65460673	1073778688
5336965	1081345
56575297	2147520512
24909157	671088768
14272561	4311744513
27050473	1074823168
16087933	36928
44678341	37120
11023489	671088768
45550549	4294967553
78200353	671088768
4230829	2147520512
32019985	671088644
34931449	671088644
64440073	1073758240
23280085	1073775104
8554285	528386
42500737	671088768
51970609	1146880
11452465	1085440
79626277	16809986
30602161	1073774593
39539053	671092736
11503981	67158016
55488925	1610613248
37955017	671092736
43532353	1140883456
2873593	1610613248
24117625	201326593
43251121	671088768
63473581	1610613248
29973601	1610613248
47776753	16809985
15808645	36865
14897557	1090523136
39674809	1610613248
35028973	1610613248
57334429	1610612992
78863257	5368713216
54618985	16908304
6082489	2147487746
57207097	671088644
38774413	5435817984
21185749	134254592
19036009	150994945
17923393	67375104
41145769	1610613248
6946921	1610613248
70647589	4099
78467005	36865
64586521	4311744513
23908969	83886081
7156225	4311744513
61110973	1610613248
56593441	67141633
62813269	1610613248
75007657	83886081
16492285	3758096384
39950857	1610613248
60214789	536903936
75629413	4311744513
12564109	671088768
66357181	2147647488
28978921	671088768
47951713	83886081
13561705	196610
57394693	1081348
43891669	4295000068
48730933	37120
72947341	1610613248
33799069	1610612992
71470225	4295000576
57583585	3221229568
35853877	671088768
73906057	36865
26079769	671088768
64506493	4362108928
22885129	2148012032
1066321	1610612992
24221305	671092736
21364273	150994945
10848529	577
40390525	57344
19362277	83886081
36147745	1081345
13345273	1140883456
77600629	1081345
72791821	4362108928
41172985	1074270208
53159041	1083179008
12071305	2147483682
43352533	1085440
75761929	150994945
8806033	2134016
1475857	528448
50054473	1074823168
46244233	671088768
8984881	69634
93025	1610613248
67156165	1610613248
39240649	196610
419293	1085440
50426425	1140883456
15635305	4311744513
24050881	16781313
13513429	1085440
43655473	4311744513
13681909	2147520512
48860209	1049344
884557	1610613248
711217	327936
2850589	1610612992
62316253	167936
51080581	2147487760
1111033	1610613248
62078113	4362076161
79211881	1089536
34117561	6442455040
35467345	671088768
70744465	4362108928
20201761	1610612992
36528769	32773
67874473	1610612992
33512329	65542
26617285	4295000576
33125797	4294971393
42662737	33591296
76544713	1610613248
56654029	1610613248
61893109	16781313
4553857	1048582
53252677	1085440
66969865	3221229568
1980325	1610612992
18612865	83886081
71702533	1610613248
33293953	1074823168
13444093	1610612992
52975009	1610613248
46469737	1073778688
62671357	1610613248
15150277	4130
9868753	1073778688
2680813	3221229568
43768873	671088768
5797369	67141633
72714385	2147520512
34689421	671088644
12300697	344064
63244837	1610613248
38199313	2147616768
19772137	67141633
77991697	1081345
55588069	4311744513
19033741	16809985
63936901	1610613248
25955353	671088644
8877637	1610613248
1123345	36866
54439813	1610613248
17019109	1610613248
27449965	4362108928
60851449	261
22612645	671088644
51571765	671088768
14886865	1610613248
23527297	4099
38984041	2147487746
80855857	1073775104
2662021	134217857
940933	1085440
35757325	67141633
21158209	16809985
56498185	5435817984
30171565	1610613248
41790205	1610613248
40226581	1610613248
65790829	1610613248
24376501	4395630592
58482361	1610613248
49848409	4295000320
52584589	1085440
14729077	1073790976
11418445	1081345
43652557	671092736
71944561	2147520512
21344833	1610612992
79245577	4295004160
19461421	4362076161
66495529	16809985
5775337	3221225488
3460033	134250497
21340297	36865
54170569	2147487746
27574381	1082261504
32417209	2147553280
6057541	201326593
47569069	5368741888
10254961	1610613248
52605973	53248
67107565	2148012032
47562913	3221487616
25395805	2147487746
39546829	24608
66186433	2147520512
5740021	4311744513
17453593	67141633
9183817	67108930
75918421	134250497
9745957	24577
53386489	16809985
20802781	1107300352
50464657	671088768
72032365	1081345
78547357	1074823168
57954565	32833
48712789	83918848
6438241	37120
69062905	1610612992
39345949	1081348
63483625	33558529
9345817	1610613248
3523537	671088768
59387617	1073741858
52057117	1610613248
33913117	671088768
32360833	1090519041
34507333	1610613248
17857945	4295000576
70628797	2181070848
40256065	1610613248
34056325	2147520512
67375837	36865
1818001	16793601
31765969	70
74869633	1610613248
1894789	67141633
64538569	32773
18047485	65570
45503893	1610613248
28300141	32833
46261729	4362108928
43009093	24580
5698549	1085440
18793657	1610612992
2825965	2147487746
79721857	525314
26574841	4311744513
50601709	1610613248
27743833	1081345
3999817	1610613248
997309	1610613248
2843785	1610613248
75491065	36865
5857633	4362076161
27231265	1610613248
58494349	67112961
159121	68190208
13725649	1610613248
61209469	33281
11914813	1082163200
48890989	327681
45522361	37376
10341793	37376
57117673	32833
70363441	1610612992
53408197	36880
46897741	57344
47315053	1048610
36039853	16801792
27703981	4311744513
65503765	1610613248
28296901	36866
43962625	671088641
47288161	1085440
14254093	57344
46832941	16809985
41504113	4295004160
73202329	671088768
12037285	37376
13501765	83886081
15278581	8421377
3132469	2147487746
1144081	1073905664
20876329	1610612992
77155129	67141696
733897	4311744513
75646909	2147483666
19015273	150994945
34505713	83886081
15219613	671088644
39764881	69633
11068849	1610613248
15065065	1610613248
59583961	671088644
28865845	67141633
36705349	1073774593
54119053	1140883456
20656981	67141633
36609445	327696
36313633	1610612992
63842293	83918848
46586053	2147520512
21233701	32833
77393269	135266308
14534353	671088644
70991353	37120
40847689	2148012032
39702349	4311744513
12138373	83918848
74574469	2147520512
31061269	1610612992
73040005	4102
6745717	1610613248
58099393	2147520512
47305657	671088768
63209197	2164264960
40394737	1610613248
11370493	2147487760
25689349	1610613248
73036765	1610613248
22239073	17301568
23951413	35
70442821	2147618816
347689	1610613248
76604005	1610613248
74652877	1082138624
12148093	4362076161
41871529	1610613248
4649761	1115136
32570785	5435817984
40364605	1073778688
46689409	1085440
2884933	2134016
51059197	57344
14391145	1610613248
7479901	17301568
7963633	1610612992
26082037	561152
26039269	2147520512
604621	1610612992
28820161	671092736
47051641	2147618816
53826481	4295004160
31516489	2147488256
27882505	1610612992
35948161	561152
38333449	524548
9719713	2147487746
24424777	1610613248
48615589	1085440
58389373	1610613248
7201585	57344
21440737	1073742208
625357	134217857
42319297	4295004160
5383297	4429185025
71562241	70
30125557	32778
35871697	1073152
12306205	2147778560
27397801	67665920
7586173	36865
30315745	1073778688
23790709	561152
68449573	1081348
75506617	671088768
2504557	800
718021	536903936
2925433	150994945
79370641	4362108928
41366737	1610613248
73196821	536875264
65171017	2147487760
7333777	671088768
50690485	150994945
80448265	4295000065
2683081	2148012032
11504953	1085440
30184849	1073766400
23051989	2147520512
30853585	1610613248
55356409	671088768
12972673	134217733
1508581	1610613248
57055789	1073774593
20971261	1085440
8864353	3229614080
48690433	4362076161
75162205	2147520512
20818333	4362076161
11769985	2147520512
7905961	16809986
1385137	201326594
47728477	2148012032
42283333	1107300352
38663605	2148012032
47572633	1074823168
56935585	67141633
6361453	1073745921
36881929	1081348
45026317	1073745921
40711285	1073778688
11587897	40961
47734309	16418
3335617	4311744513
52859017	1085440
80945929	671088768
79489225	2147520512
10169749	1610613248
24037921	1610613248
71964001	36866
34153849	2147520512
8325865	524354
20238049	1610613248
17959033	83886081
42389605	671092736
33767317	36865
67928257	67141633
33458221	1610613248
56166733	4362108928
22353121	1074270208
24585157	1610613248
15517045	1610613248
74192149	2147553280
16051645	83886081
76204513	4295000065
73117117	1610612992
55658377	8392705
46376101	5368709121
54574597	36865
32155417	67112961
62639929	36865
335053	1610613248
25680601	1610612992
44007013	1085440
41623993	1082163200
3678085	1085440
11202337	2147520512
38890729	1140883456
73804969	1073876992
33734917	36865
73137853	33591296
50545009	2147549185
1579537	4295000065
41371921	671088644
46892881	201326593
18087337	1085440
42891805	4311744513
34484653	2818572288
72190801	1610613248
67233601	75501568
19830781	150994945
77533237	1610613248
32778145	4311744513
23533453	4295000576
27591877	1074823168
54460873	4295000065
5186953	2147520512
50498353	1610613248
61899913	2147520512
47097001	528386
71355853	2147495936
54059761	137216
983053	67141633
22644721	1610613248
37020601	321
23173813	67141633
57040237	36865
44300233	2147520512
11558737	36928
49957273	561152
12482137	1610613248
10144801	40961
8685505	4295004160
27759061	671088768
29289961	1610613248
13247749	1207963648
31695337	1074266176
21864529	150994976
39064717	1085440
32945005	67141633
3551077	3221225474
49594393	36865
46292185	671088768
5033377	2147487746
27938233	1073874944
747505	4395630592
31726117	327681
31071961	561152
41450653	1610613248
38969785	16777256
649009	1610613248
79304221	4362076161
24911749	3221229568
33450445	4311744513
33902749	1140850689
21530161	1073742084
14370409	1090551808
29560501	1610613248
21158533	4295000065
40977937	3221229568
48893257	2147483682
224893	294976
50162365	37376
2419345	671088768
33259933	1610613248
30352681	5368709121
28128745	201326593
696637	269516800
57061	134250497
49625821	4295004160
47333521	4311744513
38111833	1073774593
76723561	37376
27802153	134217734
15787909	67141633
72090361	4311744513
63218917	671088768
47015029	1081345
46977769	83886081
6399685	4311744513
15247801	1073745921
57293605	672137216
42399973	5368709121
12528469	671092736
32036185	1085440
28837657	1085440
30769021	33591296
47146249	1610613248
79683301	1610613248
70568209	36865
14472793	2147487808
27698797	671088768
43046029	4311744513
46604521	1073778688
61002433	327696
15536809	1081348
80506909	1081348
44991973	4311744513
1342693	1074823168
73547713	16809986
33316633	70
23234401	37376
47098945	4311744513
9176365	1085440
285481	1073766400
20816065	1081348
51623281	17301568
27049501	1074823168
50756581	67108929
52178617	671088768
11032237	1610613248
40469905	1610613248
81171433	1610613248
39312577	4101
44985169	74
77612293	37120
77919121	671088768
6372145	1610613248
29125369	2147520512
69007825	16781314
30029005	4362076161
47202949	2148012032
28821457	1074270208
2307889	2147520512
5711185	4362076161
5256613	36865
35685721	5435817984
230401	1115136
25514065	4311744513
69376861	1081348
57177613	2147520512
44348509	2147487760
38428057	1073775104
71398945	1085440
15521581	83886081
37885033	2147487760
55821025	1610613248
51646609	134218753
67296457	69648
48522601	83886081
9285553	83886081
70145065	1081856
41852413	1610613248
64963009	4429185028
14877469	671088644
19396297	518
30861685	2147520512
27880237	4362076168
61286581	561152
19018189	150994945
24282541	4362108928
33614389	671088768
72056989	16814080
1348201	1074823168
31343149	83886081
64353241	4295000320
2095669	67108874
67977829	1073778688
6154741	528385
77284405	671088768
6439861	2147520512
641881	32833
56823481	1140883456
42929713	561152
62649325	97
13568185	1610613248
78024421	1610613248
36287065	1081348
30381193	4362108928
2682433	4429185028
45664921	4295000128
64990225	4329570304
39187513	36865
23279761	2147618816
67802869	1082163200
5125717	2147520512
53102341	1081345
44042329	8425472
41743873	4311744513
44015437	3221229568
1843273	2147520512
20299609	67108930
3526453	4311744513
14850577	671088644
20220553	671088768
68500117	1073790976
5452957	67108867
74933461	16912384
12858301	83886081
77849137	1610613248
23297581	4362108928
26994421	671088644
58803445	2147524608
5104333	3221229568
58004461	24580
58756789	67141633
125425	67141633
11751841	1610612992
1955377	1610612992
13902553	1610613248
3565657	1081348
39471337	4295000065
60311665	1073762304
47883025	98305
47043541	671088768
41319109	4295000065
403417	1081345
52481233	524354
5762053	1610613248
34833601	1610612992
37204633	1085440
488953	16781313
29665153	17039361
48608461	671088768
24782149	1610613248
24941557	4295000576
9325729	1610613248
68676049	1610612992
2488357	2148012032
371989	135299072
52519465	8425472
74442925	4106
70922989	1082163200
41412421	4295000065
50739733	671088768
6680593	134217793
47331253	1081348
6516973	1085440
26358085	4328587264
55966177	4328554496
76883617	331776
28374337	671088644
25451857	1610612992
8171965	4362108928
41179465	1081345
38826577	4295004160
45691489	2134016
15813829	83886081
66526633	36865
21345481	16809985
35938117	1073778688
78095701	671088644
56166085	1610613248
72494389	1140883456
37405513	67133440
25253569	671088768
7828201	50
9070417	134250497
23942341	1610613248
71274853	1610612992
3680677	1081348
29794753	1073778688
23017645	536871172
77833261	1610613248
42892777	4362076224
18292753	1107300352
67860541	20736
6326137	36866
68570101	70
70128217	1081348
67127005	1610613248
77407525	16809985
1836145	4362108928
70462585	4311777280
744589	1115136
77064733	16814080
41122765	1610612992
59122585	1610612992
53158393	2147618816
46994941	671088768
42842881	1610613248
31653865	4362076161
21584917	2147487746
32435029	276828160
70544881	671088768
58407841	1610612992
3123397	268568576
9920917	1610613248
55132201	1610613248
19827865	32833
60602617	1610612992
62246917	36865
35080813	1082163200
47148193	36896
46676125	1610613248
78305329	4311744513
31421881	1085440
42227929	83886081
41568265	4295000065
6133033	1073905664
5808385	83886081
37709749	4311744513
11264221	2147483682
54203941	2147520512
51436981	16809985
81362917	67108929
56655325	671088768
9000757	4362108928
533017	135184
145837	1610612992
67585465	1610613248
336349	1115136
12521989	671092736
73208485	1073762304
36098173	36865
4107709	4311744513
2919277	4311744513
4447909	524548
27098749	671088644
12108889	4114
72802837	4311744513
19714465	1610613248
23181589	16809985
58118509	4294971393
51716269	2164264960
28792297	2147520512
3500533	1081345
14433913	2147553280
2928997	561152
44930089	671088768
12167533	1085440
54721045	36865
28065241	1610613248
68931685	2134016
78102505	1073905664
72342433	37120
40627693	1610612992
28745317	5435817984
56664397	537919492
30805309	1610613248
57858013	3221229568
29655757	5368741888
68382829	17305600
20041705	1081345
49066921	1610613248
15897097	83886081
38744605	1610613248
30179341	1610612992
32148289	2147487760
22785661	1081348
41340817	1610613248
48258865	1610613248
12429973	671088768
67190185	2147516417
41996593	57344
81380413	1610612992
61597297	4295004160
44374753	53248
10949293	1140883456
34049845	1610612992
51727609	4311744513
64239193	1610612992
13607713	2148012032
38222965	16777281
36847261	4295000320
17771113	2148012032
70501789	5435817984
37598941	167936
34684561	67125249
62993413	135184
62042797	1073778688
62423173	1610612992
74572201	1610613248
74813581	671088768
33385321	67117060
21349369	8425472
28328977	4362108928
35708725	68608
61566193	1073778688
60812569	671088644
66706129	1610613248
13380589	1085440
67772413	4362108928
55425097	1081345
72399457	1610612992
38651293	1073774593
2916361	36866
15141529	2147616768
78620905	1085440
56809549	1610613248
20935945	4295004160
79383277	1074823168
37481977	671088768
75841309	1073745921
18890857	1085440
58399417	1610613248
81600085	16783360
70737337	327681
50894605	4353
390781	1610613248
37516969	36865
31297141	134266880
39073789	1074823168
23158261	671088768
23513365	671088768
74801269	2147520512
75573361	1074823168
39897721	1610613248
19957789	1610613248
15504409	83886081
117649	67141633
79830073	4295000320
32107789	1073766400
77740597	32833
14745601	1610613248
2095993	1610613248
22484989	4362108928
43976881	4362076161
26845057	68190208
2033461	2147487760
41766877	37376
27690697	4311744513
54242173	134283265
3246517	1610613248
64794529	1081348
81375229	1610613248
19238833	800
64149769	67141633
21225277	1610613248
25169653	97
44146981	3221229568
56199133	36865
21332197	135299072
67613005	1610613248
13687417	1073750528
70969321	1610613248
69224257	800
20992321	16809985
77795677	2147487746
19103401	4130
28583317	553648384
1123021	36866
12516805	671092736
63747361	1081348
73159885	4295000320
51859477	36865
24914989	67633216
44543881	5435817984
46387117	16809985
7633801	671088768
32352409	67375104
72945721	1610613248
44245153	671088768
34261093	1081348
76407337	8392736
64122553	1073774593
24073561	1073778688
3570841	524864
68452165	1081348
45426781	671092736
36218701	1610613248
59585581	1073774848
28549297	36865
78159205	671088768
18598609	1081348
44076349	2147520512
21408013	2147487760
39526417	2147520512
80131393	2147647488
2391157	1610612992
30911581	1207963648
50346397	4362108928
32446693	1610613248
28286209	1610612992
12692737	1610613248
38973673	1610613248
75697777	1610612992
47258029	32833
47890477	1610613248
75797569	4311744513
61934581	1610613248
28573273	36896
68785237	2147520512
76311109	1610613248
7268005	2164264960
36662257	4311744513
74687545	1610612992
692749	4362108928
3626245	1081345
17618509	4362076161
32259097	1610613248
67250125	33028
73243477	1610613248
76389841	28672
69334741	67141633
17222257	2147520512
57703141	1610613248
69573529	1610613248
40402837	2147520512
31758841	3221225474
61074037	1073742084
5995981	1140883456
65800873	36865
23767057	1073778688
56068885	4295004160
35451469	655376
56911609	67112961
46773001	2147520512
62807437	1085440
9561277	67141633
68535757	36865
31223917	101711872
72349885	1081345
13361149	1610612992
70636573	1610613248
50719645	4362076161
48536857	8425472
9903097	4106
42993865	16801792
76804561	1081345
22302577	2147520512
79820029	1081600
42448573	1073766400
13518937	40961
54559045	1610612992
45406693	4295000320
54609265	671088768
48246553	150995072
134173	134250497
43407937	1610613248
64055161	134217734
8791453	4311744513
48497653	4378853376
44109721	1610613248
75414277	671092736
9802657	4311744513
31917601	1610612992
1238365	1610613248
2911177	2147487746
48055393	1610613248
5479849	36865
21524005	150994945
7701841	1082163200
63963793	1073778688
33550561	8392705
60619789	671088768
45488665	25165825
15513805	4362108928
15902929	5435817984
53910721	2147520512
2490301	70
63182953	1610613248
18847117	2147520512
63788185	67141640
66384721	4295000576
24465925	4311744513
64267057	671088768
17176897	4099
70752889	36928
1509229	1074823168
4581721	67141633
54644905	1610613248
19872901	67108930
49038085	67141633
38895265	2147520512
79706953	2189426688
70890913	1081348
60207337	4328554496
44169661	671088768
27056953	544768
79670341	561152
20123353	2147520512
3533581	1085440
54273277	1610613248
713809	2147520512
18623557	671088768
67570237	36865
21298825	1610613248
72619453	1081348
67682665	1081348
27555265	100663360
38540485	536903936
40815289	2134016
26143597	2147487745
55544329	1610613248
29499913	98560
38445553	1073778688
80976385	65570
18404209	1610613248
47603737	1610613248
47771245	2148012032
36481465	1610613248
80270713	1073778688
43662601	671088768
50718997	36865
59554477	1140883456
12961657	2148012032
4933261	67141633
22202137	32802
29679409	1074823168
49274605	67141633
65886409	2147520512
33839245	2147520512
41986549	671092736
62480197	1081348
79852753	598016
11311201	2147553280
6103225	1140850689
19187317	2181070848
3700441	2147618816
729037	2147520512
61265845	36865
22380337	537133057
61422013	1085440
16233409	1610613248
61848397	28672
1005409	1610613248
13613545	8425472
4243465	1610612992
70285357	1085440
3674845	137216
44114257	3221229568
76544389	16809985
36610417	1074823168
47285569	3221291008
45447841	67141633
1466461	2147520512
53236153	36865
3943765	1610613248
55111141	3221356544
49757041	16810240
74202517	1610613248
50726773	8425472
44917453	1610612992
22378069	8425472
51585049	1610613248
14041873	671088768
27971605	1140883456
69410233	671088768
79994665	1073778688
10474957	97
15929173	1140850689
13837753	2147520512
12683989	2155876352
2082061	1085440
78155965	1610613248
67854061	36866
62844049	4311744513
68824117	35
25478749	17334272
18212077	2147520512
49820221	1610613248
11113885	2148012032
11364661	4429185028
32984857	37376
75486205	1085440
7878097	1085440
67198609	1074069504
59058109	5435817984
61154389	537919492
77174245	2147520512
46521901	1073778688
51220225	4295000320
60708241	7516192768
31775689	1082130433
42075325	1610613248
70280821	4311744513
17278309	37376
23601817	4294971393
20531593	1610613248
45051265	1085440
70754509	32834
46543933	671088768
38871937	4311744513
1661833	4328554496
58577617	1081360
50903677	1107329024
10002889	1082134528
76596553	37376
71147521	16809985
57249217	671088644
57548593	1610613248
33125473	1610612992
114085	67141633
30640069	37376
39074113	1610613248
6026437	67158016
78756337	100696064
30065293	1085440
32518945	327696
25935265	3221229568
49351393	4311777280
59526937	201326593
73785853	561152
22443841	134217733
48090061	2147520512
10961605	36865
54051985	4311744513
2799721	671088768
38297809	1610612992
66215917	2181070848
73501381	2147487746
51724045	134217860
46878301	4362108928
8172289	135266308
22316509	1610613248
21841525	16809985
44993269	1610613248
30315421	4295004160
27016453	1081348
48459097	1610613248
40685365	67141633
14102461	3221749760
31196377	2147487760
67209949	1610613248
57434545	201326593
1008001	1610612992
10828441	1610613248
8845885	67112961
1983241	1610612992
74542717	671088768
52492573	671088768
53759413	36865
45525925	671088768
16154029	1085440
12365173	536875264
27014509	150995072
27951517	790528
71497765	2148012032
69896233	83918848
9863245	671088768
17424109	150994945
48029149	1610612992
23443705	1073745921
4307617	100696064
34487569	1085440
2802961	1085440
1108765	2147487745
46655713	3221229568
75148921	1081345
42084073	67141633
52508125	2147487745
57250837	671088768
11708101	16781314
3468781	36865
68730481	4295000065
73367893	1140850689
70815097	16814080
18919369	4311744513
41889349	671088768
33559309	134283265
3703681	1610612992
73940077	1073778688
35567461	134217858
27581833	2147520512
1235773	1610613248
66576529	36865
61097689	1073778688
11282689	3221229568
73003717	331776
79457797	1085440
57223297	671088768
15396517	67141696
26045749	1610613248
2234017	5435817984
3891601	1610612992
3509929	268568576
47535373	671088641
12169477	1081345
27578269	1085440
25588261	67141633
44126245	671092736
65350513	4295000065
67842397	536871680
64710289	1073778688
33331537	36865
27465517	16814080
50931541	4295004160
28483201	1610613248
70393249	3221229568
57816541	1610612992
40115449	1081345
4048417	1610612992
64473121	1073745921
60210253	36865
35626753	1610612992
18769681	1610613248
59508145	1074823168
61624189	16809986
40914433	4311744513
55113733	1085440
63104221	36865
61414237	1610613248
78176701	671088768
64704133	17301568
4106089	83886081
77947633	37120
8066989	53248
5303593	2147520512
62304589	1140883456
40770253	1610613248
32233825	1610613248
75704581	67141633
31940281	4362108928
62763049	57344
54423937	1081345
46464877	4295000320
61761565	32833
52517845	1610613248
53091325	671092736
24528781	2147615232
53032681	16777282
6213709	2129921
33871321	32802
49126537	2181070848
47116117	4395630592
35619949	1610613248
69072949	1073873408
65324917	1140883456
35782921	53248
71497441	3221229568
48414709	1074270208
34332697	1610613248
31612717	16809985
19372321	528416
34050817	671088768
56666341	1140883456
71875225	37376
40541509	2134016
14674969	16842768
61926805	4311744513
17069977	1610613248
17605225	4311744513
67035313	16814080
415405	1610613248
27898705	1610612992
16537645	1610613248
19063225	1074823168
58232881	4362108928
65583469	4311744513
62891029	1074823168
68456053	1610613248
61297597	4311744513
3452257	2147745808
36213841	134283265
2675953	1073745922
33138109	83886081
39926557	1610613248
32332645	671092736
65863405	36865
79497649	1081348
73082125	37120
21582973	671088644
61029001	4295004160
6966685	1610612992
111817	67141633
63520237	1073872900
12470149	671092736
30910609	1610613248
4411297	4362080256
11778409	5368709121
41253985	4295000065
16858405	67108929
77367349	2147520512
37161217	53248
56060785	67141634
2376577	16809985
49359493	135266308
4277485	2148012032
44666677	3221229568
57303649	1085440
36539461	1610613248
47243125	36866
19006849	1073742082
68076649	4161
67053781	36865
22732525	2147487760
34761349	16777281
41289949	4295000065
40533409	67133440
66305341	37120
44491393	36865
21732661	1610613248
42661117	2148012032
15982957	1610613248
78795217	36865
33510385	2147520512
37758025	1081348
79909453	4362076161
32907097	4362076161
9199693	336
30595033	67158016
5189869	2147520512
6054625	4362092544
28813033	134217734
45361981	32802
43149385	671088768
68344921	2147520512
10422469	16781314
46397161	2147487760
1520893	327696
31628269	1610613248
14625397	134250497
38153305	4362108928
16918345	2147520512
50930569	167772161
23096701	561152
69315949	1610612992
38462725	5435817984
54045505	3221229568
47790037	671088768
63691309	4311744513
42186457	4362108928
8286337	561152
7017877	2147549185
2699929	150994945
64228177	134283265
63909361	2147483682
14655529	285214720
18971533	150994945
45643861	1610613248
61610905	671088644
33059377	20481
56384785	36865
17746165	36865
21998341	150994945
77330737	1073778688
12082645	3221229568
29597113	36865
43031125	1107296257
26071345	75497473
28913149	671088641
74386225	1610613248
7040233	4395630592
44435989	1073778688
76590397	1082134528
74382013	36865
47370133	671088768
31189573	8425472
19824625	671088641
960697	1610613248
83629	32833
21261565	150994945
39481705	6442455040
36567001	1085440
63122041	4311744513
15658309	16814080
25976089	2147520512
32462569	1610613248
15722785	327681
74992105	36865
3526777	32774
33175045	2147487746
24239773	134250497
25652089	331776
63258445	4395630592
41578309	4295000065
36148069	671088768
48254977	1610613248
36709561	36865
4489381	53248
36217081	671088768
29984293	1073745921
78378229	4362108928
3023605	2147520512
71240185	196610
34942141	57344
43309117	1610612992
69780241	2164264960
79939909	1610613248
44336845	1610613248
15893857	83886081
30018637	201326593
7802281	1081345
46195309	65793
1389349	537919492
59326057	36865
53486929	67108944
80488117	2147618816
46302553	671088768
57697957	4130
75419137	1073746176
3562093	1074270208
13430809	4362108928
73278469	671092736
73673425	1073745921
48014569	37376
69354829	2147520512
18474517	150994945
9569377	1572868
50901085	1610612992
48637	1073840128
41149009	3221229568
20234485	67141633
60832009	4362108928
51295717	1081348
276733	1610613248
77038489	1085440
19349317	16809985
68400001	1610613248
44721757	4362108928
60480145	1610613248
58491109	1073741860
35677	135299072
77476861	1073774848
67516777	36865
72808021	1610613248
7812649	36865
62250157	2147520512
310429	536903936
53648281	4362108928
43639921	671088768
45420625	16814080
27992017	83918848
29536849	1610613248
4948165	671088768
45321805	1610613248
68599909	2147520512
17788933	73732
16591429	671090688
40334149	1610613248
554077	397312
24144841	671092736
58001545	1073778688
1783981	2148012032
55950301	1085440
39653749	83886081
78250573	1085440
59996737	1610613248
37585333	4362108928
56617741	4130
13881493	4102
43262461	671092736
58946005	1073778688
75096757	545292288
72768817	6442483712
7220053	3758096384
32312557	536871680
6193	1610612992
42802057	671088644
24594553	671088768
55081333	1610613248
16939729	671092736
17309413	83886144
80670853	3221229568
119269	134250497
41391361	1052676
63349165	1073745921
45083017	2147520512
50008141	537133057
70705909	1610612992
6866893	196624
76428721	4295000065
63712045	37376
68822821	1081348
21821113	16809985
65179765	4362108928
64574533	20736
25600897	2147520512
51358573	4362076161
42383773	1610613248
16143985	41947136
70871797	1610613248
55252729	4311744513
38232037	671088768
70689061	83886081
63144397	2148007938
67390417	4311744513
38939005	196610
53987509	1085440
58226077	67112961
52603381	1610613248
75792709	4362108928
36298729	57344
42087313	2147484674
9920593	1610613248
55714105	671088768
33378517	327696
72394921	17334272
43779565	5368741888
13169665	40961
12929257	671088644
2727793	1610613248
15623317	167936
52813657	2147520512
62640253	1085440
23388625	1074823168
12872233	1610612992
25946605	671088641
51247765	3221229568
44967997	671088768
47905381	1085440
45412849	8425472
25271065	66050
27816085	4295000320
71552197	557120
70852357	4362108928
68543857	1610613248
43903009	2147516418
25473565	1074270208
77981653	16777282
49585321	671088768
42876253	671092736
49051693	134479876
81091081	24580
25965721	17301568
3924973	268568576
23875597	16809985
28944253	671088768
37644949	17301568
14503573	2180
80448913	2147520512
56109709	1090519041
59085973	4362108928
32080897	67141633
61714261	2147520512
12400489	671088768
26818813	3221487616
6916465	1073778688
63140185	536872964
70364737	5435817984
68849713	67158016
75128185	150994945
3185281	36866
71958169	17301568
57503557	1075838980
52722289	57344
17961949	134217857
6517	524322
27165817	1090519041
72186589	36865
77403961	1074266176
7343821	1610612992
22578949	671088768
31552453	2147520512
81531397	1073778688
71519149	16780288
15716305	1610613248
59102497	4295000576
32126581	671092736
8226397	4362076161
36655129	671088768
63235441	4295004160
69177925	4328554496
33727141	4362076161
19017217	100696064
75534157	4429185025
17582869	4161
50081041	2147487760
74003905	1073746432
79224841	167936
34564033	16777282
50898169	4295000065
22445137	83886081
2891413	167936
68789125	671088768
48049237	36865
68870125	2147487745
14115421	37376
62366149	2147778560
64441693	1610612992
76025017	4311744513
16440445	135266308
5531689	1081348
49365325	83886081
5671333	1085440
3689425	70
8929801	1610613248
69675913	671092736
62635717	2147520512
41432185	1610613248
55029493	33587264
56601217	1610613248
48351853	1610613248
29408545	167772161
53176861	1610613248
23255461	2147487745
79365133	2148012032
1577593	2147520512
12457513	671088768
63126253	1073872900
8457085	1610612992
20010925	35
31535929	1081345
21815281	33284
25353361	1610613248
13291165	5368713216
5975245	16912384
5328217	196610
2230129	137216
10681669	4311744513
60213493	1610613248
56042965	1073766400
46390681	671088768
78763465	1610613248
53681005	1085440
23859073	8392705
25895737	1610613248
58575025	24578
3715993	2147516418
67667437	1030
75286945	1073745921
53380009	1610613248
34728301	1085440
19936081	1081345
76316941	2147520512
58706893	1610613248
2794537	1081348
17368381	1610613248
26842141	671088644
43409233	67141633
37379917	196610
7243381	4311744513
52545709	36865
25509853	1610613248
68482297	1610612992
40328965	671088768
1863685	1085440
36816805	1085440
61902181	67108929
37463833	2147520512
37723033	1610613248
18956305	70
53450965	37376
29873161	33587264
62693065	1074823168
68951125	4295004160
48187909	97
13351429	1610613248
78488389	1073774848
31386241	36880
36394309	1610613248
52436521	8388865
40625749	1610613248
1907425	3221229568
16633225	135266308
68466421	2147520512
44488153	37376
37726597	671088644
61521157	36865
15184621	36865
63188137	4362108928
55271845	1610613248
67275397	1610612992
69508729	4295000320
72012601	671088768
3114325	1085440
53226433	1610613248
62033725	36928
50912749	671088768
25435333	201326593
10982989	671088641
38813617	4102
54825049	67141633
22990429	83886081
21605005	2147749888
2295901	1085440
64183141	1081345
32721445	1610613248
695341	16843776
77255245	4294967361
35139457	1610613248
21534049	1090519041
20762605	16389
63818641	1610613248
63771985	67108929
49409713	196610
56718829	2147618816
1947925	1081348
6001489	98
71239861	196610
9224641	167936
30028033	16809985
39983581	1610613248
5053465	4362092544
27150913	4362076161
21437173	2147520512
40176685	36865
548245	1610612992
47460853	4362108928
29386513	1073745921
43929577	1610613248
26326333	1610613248
33135841	134283265
74770165	1081348
29653813	1085440
76727125	37376
78921901	671088768
71840881	67141664
6240277	2147520512
58425013	1610612992
67293865	16781313
70360525	1073778688
1634293	268570624
51445729	1610613248
1760977	67371009
22576357	1081345
63834193	2148012032
19771165	524354
80475481	150995072
42167989	1085440
51434389	36865
3940201	553648129
57360673	57344
21193525	28672
80199433	201326593
15178789	67112961
75793357	1073778688
13107781	16809985
38425141	32802
44514397	1610613248
46475569	671088768
12742957	1610613248
36899425	1081345
11349757	2147520512
37295029	2147520512
8116885	1085440
31671361	2147520512
48559213	1610613248
47052289	16809985
11088289	36865
19042489	37376
68395465	1073745922
12903661	671088641
74433529	1074823168
21239209	671088768
36137701	4295098880
62237197	1073778688
20699425	167936
4600837	2181070848
49029985	17301568
29225485	28672
10623349	528416
48429613	2148012032
53368993	1073778688
70039765	1610612992
59240845	3221229568
43705693	16814080
26919577	537919492
31929265	2147549185
7147801	1081345
14903713	2148012032
16147225	1610613248
64704457	1073778688
34794397	2147553280
46795033	671088768
1164817	1610613248
4440457	16781313
73246393	1074823168
12278341	518
2380141	1610613248
18709741	524354
22681009	1081345
53867629	528386
52673689	2101312
5500585	4099
76186045	83886081
67771765	2147520512
41899717	5368713216
47537641	4362108928
36409537	36866
2786113	1610613248
75205945	2147520512
63193969	37120
24484717	134218256
12836269	16781313
41234545	4311744513
62492833	2147618816
43976557	671088768
8257501	32833
22054069	344064
613369	2147618816
31372957	36865
48849841	2147520512
42272317	2101250
62496397	1085440
66363661	671088768
68820553	671088768
17389765	4362076161
54381169	167936
54291745	17301568
5067397	6442455040
33606289	36865
926677	1074823168
61529257	1610613248
63386101	671092736
45319861	1610613248
27529993	536871172
54809821	36866
70450921	36865
35741449	1610612992
74456857	34111488
59709025	2147520512
70921369	4311744513
64035397	1610612992
929917	37376
80598925	1081348
3314881	4362108928
1165141	32834
76288105	36865
15548797	36865
80900245	36865
78885937	16912384
74428345	1610613248
66909601	1610612992
31353517	1610613248
68263921	36865
2836981	671088768
8785	1073876992
23956273	134254592
13077973	1610613248
34553341	37376
17626933	1610612992
24053149	201326593
33304645	3221229568
45464689	671088768
22982005	4295000065
15035905	1610613248
79469785	16809985
51718537	3221356544
12356749	16809985
57920221	134217988
17029477	8425472
33653593	98
70679341	67141633
55821349	57344
40094389	3221229568
38157193	671092736
572221	285214720
4781305	1141374976
51727933	1610613248
79259509	1085440
20716597	83886081
57299761	671088768
79377445	2147520512
63736345	327681
65235817	4311744513
26177941	2147520512
23166361	2147487746
69624073	36866
20124325	4311744513
36723169	1610613248
43455889	1074823168
2478313	98
27200485	1610613248
18932977	1610613248
70728265	2164260866
7170805	17334272
76627009	4362108928
14650669	37120
31833361	134221825
20394865	1056772
76996045	40961
20847169	2147520512
6076981	1610613248
2874565	4362076161
68591485	1081348
40219777	36866
41340169	4295000065
31396933	800
56926837	2148012032
16209433	57344
58504069	3221229568
24937345	8392736
7938361	1610613248
45416737	671088644
76570957	1140850689
63373141	36865
74574793	150996992
39412693	4311744513
38666521	1073746176
63503713	1081345
1271413	1085440
24716377	16781313
25010245	1610612992
32704597	1174405120
66755377	1610613248
28189657	201326593
53791489	1085440
2232073	561152
2263501	4295000065
81139357	1212416
17446465	2148073472
54214633	134283265
56163493	67141696
342505	2147520512
22913641	1610613248
80988049	671088768
48935053	4362076161
15021973	83886081
21684709	167936
65510569	2164264960
44307361	1073762304
80298253	1081345
47884321	53248
3247813	1081348
19812961	1610613248
1762921	1610613248
35353	135299072
33603049	134250497
42875281	1610613248
80595685	4362108928
44607385	4362108928
61235389	75776
62200261	67108929
80004061	4311744513
73121977	53248
49649473	4311744513
47665	4311744513
31744585	1074823168
3798613	4362108928
1213741	1610612992
59148181	4864
12248533	32864
7239817	36866
12905929	671088644
53532613	1610612992
67279933	4311744513
51467761	1073741830
5595517	83886081
49799485	671088768
34621705	1610613248
4320577	83886081
51437305	36865
48997261	800
79609753	1074823168
66333853	1081348
38754325	2147487746
12333745	1610613248
40198069	4130
57787057	1140850689
26338969	3221487616
50159773	1610613248
53925625	16777219
42651397	16797696
627949	4130
120565	134250497
13051729	2147520512
6203665	67141633
55847593	37120
2247625	4130
11917081	16809986
8970949	1610612992
23945905	16809985
20954737	17039361
16998373	1074823168
33486733	4295000576
908533	1610613248
77351473	1610613248
65857249	37376
54309565	67141633
26610805	37120
10183681	1140883456
78769	327696
28135873	32802
16800409	1073745921
44396785	17334272
15754861	2134016
67061881	67141633
70220881	16912384
77159341	150994945
38205145	36865
27246169	16809985
47387953	4311744513
20383201	1085440
55929889	1081348
73193257	671088644
14368465	4362108928
75951145	16797696
14173417	1610612992
75521197	16814080
14989249	66564
34084837	671092736
80724961	1073746432
24141925	4294967299
65190781	4362108928
64576801	1610612992
923437	786496
27708193	2148073472
9722953	4328554496
17711821	1085440
27098101	671088644
50561857	1074270208
23398669	2147520512
53580889	671088768
74520685	671088644
70716925	37120
80281729	2147520512
70730533	5368741888
73857457	3221356544
4901185	1074823168
438733	4102
58949893	1074036736
74036305	1074266176
56931697	1610613248
35986717	1082163200
1140517	4130
11915785	14
34368661	671092736
73859725	4362076161
53029117	671088768
62470153	7
51921037	36865
47772541	1081348
5223241	4353
80053957	1610613248
7925401	134250497
22915261	167936
35777089	671092736
36611389	16809985
77044645	671088768
2678869	1610613248
5490217	134250497
43066765	2147520512
78960781	4311744513
28062325	4295000065
48988513	671088768
35898589	671092736
61465105	1610613248
69368437	2147520512
47322505	150994945
37460917	1081348
52351309	800
36209953	4362076161
18410041	2181070848
24521329	4311744513
51289237	4311744513
56791405	671088768
47014705	36880
455257	2147489792
78444001	524353
50437765	2147487746
74122489	2147520512
24367429	16781313
31567681	135299072
18989353	1610612992
40877173	67141633
2280025	16908290
76142629	1049604
37909009	1140883456
74732905	1073762304
49685437	1610613248
65143801	3221229568
65356993	2147618816
45396649	16809985
16109317	83886081
27441865	4130
64767313	1073778688
24403069	1610613248
71465689	1610613248
58929481	536875520
75244825	16809985
47056177	2147520512
18780049	32833
328249	16809985
15614245	57344
27403309	671088896
47193229	53248
14194153	1610612992
55696285	2148536320
2046745	67141633
15269833	4311744513
2570653	135184
34082569	524546
10084861	16777281
13474549	196610
49547737	1610613248
78374989	4362338304
50869657	2148012032
40189969	1610613248
68220505	2147520512
57338965	671088768
77267881	36865
37155061	37376
29699821	671088768
7163029	671092736
40969189	1081348
72256249	2147520512
48124405	1085440
38523313	1073774593
51726313	134254592
78394105	1610613248
38227501	1081348
65665765	37376
70254901	1610613248
66338713	67141633
62138377	2147520512
48912697	167936
352225	335560704
36647029	1048582
16212349	36866
292933	16843776
6016393	2147520512
3253969	67112961
40263841	557312
71245369	5368741888
39951181	2164262912
55686889	83886081
38772469	150994945
31098529	2147520512
42009229	1074823168
25445053	1610613248
12749113	561152
8006401	36865
74592613	1074806784
69156865	800
66436885	8425472
53574085	671088768
38095309	1081348
12816181	1610612992
31416049	800
80789761	4362076161
77488201	1140883456
39360529	134217864
48662569	1073774593
57926701	4311744513
15773977	67112961
918901	2147520512
63197857	1610613248
24191497	2147520512
23013109	4311744513
28343881	1610613248
4380517	83886081
36178525	3221258240
33193513	1610613248
76560913	16809985
19638325	36865
74264077	150994945
15739957	83886081
2269009	327696
58985533	67108929
36072253	1610612992
52072345	1610613248
637021	671088768
28778365	1610612992
35828605	16814080
39052081	4311744513
15148657	2134016
6873697	36866
26662321	2147487746
38269297	1610613248
18303769	36865
53171677	671092736
45676909	331776
48046645	1074823168
78801049	3221229568
46957681	36865
80412301	16814080
68682529	1146880
71891425	67141648
68672161	1085440
28523377	1610612992
3696553	37376
19026289	2147520512
34389397	1140850944
14875849	2147553280
139681	4295000065
30896353	1610612992
4201669	2147483682
42196501	2147520512
20360521	2147520512
19890397	561152
39658933	1610613248
27425341	1610613248
4498777	2147495936
80686729	4362108928
68488453	3221225474
63711073	1073778688
13743469	1073778688
16070437	150994945
14274181	4099
48456505	1074823168
55621441	671088768
26746885	32802
30085705	4362108928
59157253	1073778688
12613357	671088644
33277105	1081348
36306829	671092736
43813261	134217793
19500625	1610613248
29536201	1081345
50568661	1610612992
59780629	17334272
28350361	1085440
52706737	1610612992
40266757	2147520512
6534145	150994945
32148613	2147484674
43373917	1610613248
74212885	67141633
34935661	2147520512
67322701	4311744513
26234641	1073778688
67917889	2147483906
8569513	65793
75494953	1610613248
16014385	36865
73436257	2147520512
65684233	4362108928
75049129	2147520512
1597357	5435817984
18283357	32833
59545081	135299072
724825	4311744513
42082453	32802
23869441	2147520512
35179633	36880
71949745	36865
7421905	4311744513
910477	37120
70171957	16777249
72570205	1081348
40503601	3221229568
44299909	4099
12986929	1610612740
66017305	37376
59217841	327681
77314213	1610613248
67354129	36865
10565677	1081345
32217625	1610612992
42437557	1610613248
28926757	1610612992
68701321	67141633
61080193	4130
2880073	67141633
50542417	1074823168
65976481	70
69168529	1610613248
40870693	1610613248
73688329	8425472
29400121	671088641
35954641	134221952
4693501	16809985
1933993	150995072
2269333	2147487760
7187005	16793664
65957041	4161
6358537	1073778688
53718265	1081348
53280541	4311744513
58357	98305
77096809	28672
6867865	671088768
25565257	36865
10834597	2147520512
44148277	1610613248
64092097	20481
51458689	1081345
32037481	3221356544
59947813	70
78359113	16809986
14568049	1610613248
36844669	2147487745
15315841	2101249
41243293	1610612992
27159013	24608
50715109	83886081
8734429	1074823168
50183101	1610612992
59127445	4311744513
32367637	1610613248
64671085	2147618816
80167033	1081348
52706089	1085440
77655385	1610613248
68068225	1073778688
46448677	24832
41974885	16814080
2894329	1081345
70881193	32802
51319045	4362076161
3444805	1085440
32235769	4311744513
2998981	1081345
1523809	3221225488
49109689	1074823168
51293773	3221356544
55395937	16797696
8209549	577
63074737	1073778688
18368569	16912384
53020369	1610613248
40942945	671088768
42591133	553648384
1238041	671088641
18006337	1610613248
76433581	1073745921
27148321	1073876992
24697261	101711872
46922041	671088768
36575425	1074823168
1787869	4362076161
37350109	196610
53558209	561152
68718817	2147553280
19518769	36865
46543285	1610613248
43763041	1610613248
76486717	4362076161
11614465	671088644
15686497	134217860
62309449	4106
59600161	1610613248
31872565	1081345
49688353	135266305
69608845	2164264960
32946949	1610613248
727093	1610612992
50231701	1085440
35273917	4362108928
31693717	4311744513
78301441	1073778688
25058197	36868
1135333	16778272
59555449	1073762304
17998237	5435817984
55590661	4311744513
76260889	36865
36941221	4295000065
49163473	2147520512
73467685	1090519041
40763773	1073778688
15607441	83886081
81709597	671088644
64183465	1610613248
79440625	1610613248
21819817	2147520512
41762017	35
40106053	1610613248
62811325	4311744513
68187781	3221258240
37639765	134221825
77700745	1610613248
69304609	2147520512
9035425	1610613248
78851269	1140854784
42654961	2147487760
16745329	17301568
37250317	67145728
59031217	671088768
45599473	1085440
43299721	1610613248
23755717	2147520512
19028881	150994945
36663877	1081348
78895009	1085440
69240781	1074823168
9334801	67141633
3614581	1610613248
43256305	4311744513
43821037	1610613248
80333245	1610613248
29305837	2147520512
81191197	138
63828037	2248146944
20471653	1073774593
16197769	83886081
79082929	4362076224
42017653	1073774848
3738349	135299072
12872881	671088768
69728725	671088768
64988929	1610612992
52956865	4864
63578233	1610613248
12516481	671092736
25635889	114688
43517773	16814080
64427761	5368741888
59908285	2147524608
578053	1610612992
81215821	671088768
78621877	36865
73815013	671088896
44507269	17301568
54937477	1085440
76372669	1140850689
59284585	37120
70257817	1610613248
63531577	1073766400
55560529	4099
79900057	2147520512
39405565	671088768
7919893	83918848
37521829	57344
37416529	1085440
32838409	800
9652321	201326593
48065113	1610612992
13508245	1085440
48748753	1610612992
35659477	4311744513
64606609	4311744513
78296257	1610612992
739081	671088768
7793857	3221225488
79817761	1610613248
591985	17301568
51328117	1610613248
46375777	33281
66260305	150994945
57261205	671088768
17424433	40961
20960893	4311744513
32311909	1074823168
619201	36866
31148101	2147549200
55838521	671088644
6933637	2147520512
60795721	1610613248
11507545	538972160
20912617	16781314
77138281	1073778688
14607901	1082163200
36032401	1146880
231049	134250560
39643057	671088768
51636889	1610613248
50969125	1610613248
54422641	8392705
37326781	6442455040
48719269	134250497
36527149	1090519042
64347085	1140850689
9344521	1610613248
61596649	4362076161
30698713	1610613248
30735325	134217860
79720561	1610612992
65335609	1074823168
48857293	2147520512
4634533	4311744513
13678345	2148073472
2780281	1610612992
95293	8425472
12184705	37376
15928849	83886081
67601989	36865
78106069	1610613248
51877945	2214592514
22490497	671088644
28002709	36865
25192333	138
65652481	1610613248
42850333	561152
72130213	4362076161
27250705	2147549186
21331873	2147520512
24214177	36865
5400145	1610612992
16950097	2147483654
45198685	1081348
48495385	3221229568
41129245	83886081
59630941	1610613248
47710009	1610612992
81562501	671088768
7627321	16781314
77807989	4311744513
72868609	2147520512
19829809	150994945
54080821	1610612992
78591745	1085440
73183537	1610613248
22150621	2164264960
77667049	2147483666
40250233	327696
63394525	4106
40346137	1610613248
41833	16779296
47441737	671088768
16762177	1610613248
72228385	4395630592
36053137	1081345
48575737	2147520512
31292605	1610613248
59684401	4363124736
1992637	671092736
11370169	671088768
65395549	36865
31394341	800
52376581	1085440
3785005	32833
27348229	4328554496
16647805	8437760
46345645	1610612992
47392813	36865
22396861	36865
66043225	1085440
34536493	1085440
60009697	1610613248
47344213	4296048640
47552869	4362076161
66814345	2147487760
15073165	16781313
222949	1085440
17633737	36865
5842405	67141633
53824213	524384
53239069	2148012032
44309953	4099
27094861	671088644
15537781	1610613248
20579869	1610613248
19016893	150994945
22266937	327681
52288777	38912
63636229	1081348
50524273	1610613248
55653841	1085440
14557357	1610613248
4511089	327696
26614369	1610613248
52834069	2147487760
22546225	1610612992
38847637	4362108928
23294017	671088768
28690885	1074823168
48474325	5368709121
80720425	49153
43013305	2147483682
67763989	2147520512
38427733	1073876992
52139413	137216
59857093	528385
64383697	37120
4710025	1073778688
81487009	2147520512
28456309	2147520512
3237121	1085440
80722045	1610616832
43162021	1073778688
49190689	671088768
81338941	671088768
78955597	4311744513
12826873	3221229568
5411485	3221356544
16053913	1610613248
31102741	4311744513
64618921	2147520512
20039113	83886081
80207209	36865
19231381	32833
73455373	4362076161
10327861	2147487746
59076253	68190208
533989	57344
12519397	671092736
42981229	67145728
80679277	2147520512
80077933	2147487760
55724473	1085440
40288465	2147520512
10580905	4311744513
65093257	671350784
50108257	671088768
80459281	67112962
52332841	2147520512
53712109	1081348
21414169	1074823168
81583237	2164264960
46904869	1081345
51159313	36865
74245285	1082130433
80565229	37376
47015353	1081345
21117385	67133440
50575465	1610613248
47106397	1610613248
31426093	4362108928
1889929	2147520512
49591153	5368709184
16465393	4362108928
4423285	1610613248
49869469	561152
34291225	1073746176
52476697	1610612992
81602677	1073775104
63700705	1610613248
5662585	1107296320
24530725	561152
42547393	5435817984
15570829	83886081
6499477	17334272
37449253	671088768
30371149	671088768
27846865	4295000320
15787585	83886081
51562369	37120
12534949	671088768
60189517	37120
41706937	137216
56052037	1610613248
38265733	4362076161
24662917	2147524608
54781633	5368713216
29403037	1610613248
4735297	16779520
34357321	150994945
5977837	536872964
46657657	83918848
32357269	36865
70314193	671088768
60595165	1610613248
6408757	4311744513
74372293	671088641
57245653	671088768
39904525	4295000065
40348081	2147520512
4226617	83886081
68139181	24580
3619765	8197
43313977	83886081
77797945	33591296
3107845	70656
12239785	2147520512
32662801	36866
23174785	1073745924
63152821	1610613248
53865037	1610613248
79511581	134217860
31320145	167936
77107825	1073873408
40397653	671088768
27966745	201326593
22729285	1081348
11636821	1610613248
56448613	1610612992
19955521	150994945
76492225	2147549185
56870137	16810000
54528265	671088768
16800733	1085440
52801021	1610613248
51608377	4311744513
65577961	4311744513
11896345	40961
76057417	36865
76999609	33587712
56946925	671088768
70344649	17334272
43394653	671088644
79969069	1082163200
967825	671088896
31469509	2147483696
34906177	1073745921
57827233	536903684
24821029	4295000320
75863341	671088768
38671057	4311744513
80456041	37376
67899097	671088768
58179421	1610613248
37046845	67141633
11872693	135184
52108309	4362108928
43200253	196610
43737121	5377097728
21491605	4362108928
16660765	1073742337
26237557	1610613248
81611101	67239937
59654917	1610613248
9640009	4295004160
17769493	1085440
22196953	1610613248
7467265	561152
13277557	134221952
44368273	671092736
72347617	5435817984
62034049	67108929
21472489	134254592
39321973	1073774593
67228093	1610612992
17630497	1610613248
77071213	1140883456
41672593	671088896
41912029	4295000065
11995165	671088896
37867537	1610613248
62576425	67141696
13645945	4311744513
14981797	24580
399853	4362108928
70909057	4311744513
4791025	1610613248
70410421	37120
3722149	1074270208
77859505	671088768
51259105	1610613248
53719237	5435817984
15086449	1081345
62478253	1081348
43193773	561152
7838245	2147520512
77593501	4311744513
33473773	4311744513
43487641	83886081
77229325	1610613248
53077069	1073778688
35156629	1073762304
68632957	37376
45253441	4395630592
57633481	150994945
63960877	2147487746
78405769	4295000065
81588745	1610613248
23450185	36865
46975177	1610612992
24193441	1610613248
68847769	4099
60744529	1085440
20497249	134217733
28509445	1610613248
15146389	1610612992
52171165	1140883456
19864801	1610612992
5211253	1610613248
34381945	16809985
15796657	671088768
39791125	536903936
24466573	2147483666
63502741	37376
44544853	40961
71008201	1610612992
25350769	1610613248
52924465	8392705
23688001	2147520512
5447449	2147680256
68866885	1610612992
28644553	1073766400
468541	36865
52485769	1085440
68284981	100925440
25541605	1610613248
524917	1081360
78626413	36865
2235313	327681
35132005	135299072
121213	4311744513
27770401	1610613248
9030241	167936
27098425	671088644
63966709	36866
33499369	4099
2941957	2625536
20219257	671088768
67134457	150994945
64245997	671088768
65305153	1081348
6263605	16809985
61299865	6442483712
81614989	1610612992
2065213	1085440
23024125	4161
12931849	1610613248
79904269	1107329024
12608173	36865
12730969	1610613248
2310481	268568576
15811237	83886081
63161893	1610613248
1786249	57344
39541969	1064964
62857657	1085440
47062009	1073762304
762409	1085440
81299737	1610613248
65651833	2147520512
51356953	1073778688
61802713	1073762304
35815321	561152
81393373	4362108928
171757	524354
15911353	8392705
62799013	1610613248
55268929	1610613248
12193453	75497473
24453613	1610613248
22172977	1073774593
9167293	1610613248
23249629	1073745924
919225	32833
5170105	1610613248
68031289	83886081
45029881	671088644
6929101	4362108928
73745677	1073778688
54769645	67108874
63051733	4311744513
11501713	67141633
136441	67141633
49243825	1081345
32954401	67141696
44169337	16777282
20715625	1610613248
31412809	800
49357873	83886081
29262097	327696
75669913	37120
79549489	16777221
20428885	1610613248
50348341	4362108928
50247901	1610613248
41618161	37376
46906165	36865
65296729	1610613248
44527357	536903684
79579945	4311744513
48895525	1081345
74146465	16912384
44431777	1610612992
52153993	16809985
79100749	4362108928
3231289	4362108928
43629877	2147520512
40553173	67141633
41820337	83886081
28790677	201326593
34814485	1085440
29914633	671088768
33561577	6146
4372741	98
70876981	1085440
78060061	33587712
79657381	150995072
19756909	1610613248
78822433	1073778688
50236885	1073778688
30237013	2147520512
36656749	16781313
48621745	4311744513
7699897	36896
7236253	20512
9540217	1610613248
6234769	36865
33917977	1610613248
24479209	671092736
81158473	1074823168
78574249	36865
63577909	2155876352
60991417	36865
38985013	4295000065
26526241	2147520512
65535841	4295000065
56898973	4362076161
25764841	1073775104
3389077	1610613248
31016557	1610613248
67866049	2147520512
1497889	1140883456
73852921	5368741888
31407301	1610613248
5938957	1074823168
27590257	4295000576
65906821	1073766400
79526809	3221225728
67561165	4311744513
51071185	1610613248
74681713	1610613248
60300001	1610613248
60888709	2148012032
62932177	150994945
1368613	1107820544
52820461	1073745921
67861189	36865
923113	327696
23504293	35
9608257	1610612992
37014121	32834
73016353	8392736
34426009	1610612992
64052569	1081600
26330869	134254592
78041269	36865
14052565	1074008064
56416537	37120
769537	2621504
74157481	561152
33167593	1610613248
63279829	67108929
46824193	3221229568
16404481	1610613248
44802433	528386
25468381	150994945
56519893	2147487746
52132609	327681
1380601	1610612992
44544529	2148012032
50900113	1081348
14713201	134283265
50955193	671088768
24129613	1610613248
2611477	201326593
78663349	2147520512
62257933	17301568
35745337	2147483744
57196729	1085440
51358249	536872964
1995553	17301568
81138709	671088768
7668793	2147520512
46428913	1610612992
47240857	4311744513
50949361	4329570304
57985021	83886081
70213105	28672
55785385	2147488256
24482125	1610613248
52232725	67141633
60068665	1610613248
42473521	2147483682
70713037	2101250
2645497	2134016
29938933	1085440
14468257	1610613248
11479681	1107329024
56997793	167936
23967289	2147520512
15413689	83886081
976897	150995072
50189257	1610613248
38304937	2147487746
25083793	561152
68790421	2147520512
78645853	2147618816
77244229	1081345
23384737	201326593
58613905	196610
77877649	32833
71223985	2147520512
30341341	1074823168
63848125	1081345
26804557	1610612992
51688081	671088768
3759409	150994945
6242869	1081345
17485993	83886081
13426273	553648132
7595569	2148012032
38561869	36865
37701649	1074528256
74697265	1073873408
63123661	1610613248
36759457	36865
17886457	32833
66962737	1610613248
34049521	98
51135337	67141633
75788821	3221229568
59542489	1140883456
76504537	536907776
1175509	4102
37726273	537919492
11171881	2148007952
63565273	8425472
66820177	16809985
64302049	1610613248
20870821	1085440
16970833	2147520512
37199773	4311744513
53611993	57344
26534665	32833
68705209	2147520512
73727533	2147520512
51278869	671088768
37587277	67141633
57147157	45056
50892661	24580
932509	557120
79579621	3221225474
32646925	671088644
52485121	1074823168
71496793	36865
18806617	67108870
33838597	2147487746
29645713	1085440
33156253	1074270208
63272377	1610613248
34503445	671092736
22399453	67141696
18330013	36865
20286973	4295000320
22533913	1610613248
9443665	57344
62428681	1610613248
1457065	2148012032
44194933	1610613248
44328745	671088768
12491209	671088768
78803317	2147489792
18379585	2082
53991073	1610613248
18625501	150994945
6071149	2147520512
42559705	671088768
48044377	1610613248
81241741	1146880
35039341	28672
64957177	4362108928
17828785	1610613248
20610325	1610613248
16037389	83886081
194113	524354
34461973	1081345
17113717	1074823168
52631569	1049602
77325553	1610613248
51087385	67141633
6883093	1081345
9776089	2164264960
1677061	4362080256
63204985	2147520512
38830789	1073778688
334405	671088644
18882757	70
63983233	4311744513
52734277	2147520512
33807493	4362108928
44033581	1081348
11697409	1610613248
18117469	135266432
74054773	671088768
1401337	4102
25303141	5368713216
395317	4362108928
39547153	3221229568
13385449	83886081
64658125	1610613248
28385677	5368741888
51983569	1073778688
11813401	4296048640
81694693	3221356544
34398469	17301568
34254613	1073778688
2202265	557120
32528989	327681
1347553	1085440
46598365	536875520
21882349	32802
75214693	1610613248
55646713	1610612992
19996669	2147487746
74648017	1610613248
30534445	1073774593
40603717	4362108928
49947553	1085440
23872681	150994945
79368049	1081348
32775553	36865
2329273	1610613248
47606005	1610613248
418321	1610613248
5541085	1146880
25548085	83886081
49182913	1610613248
52667857	1610612992
3971305	2147487746
79412437	561152
76878109	2147520512
11075005	1073778688
109225	134250497
18488125	37376
27368641	16777732
29164249	167936
40956229	67141633
6771637	525314
48024613	67108936
8852041	327696
24144193	1146880
39698137	1610613248
72442873	2148012032
18949501	2148073472
34463917	1610613248
32855905	4362108928
81532693	1074823168
16279741	4362076161
16354585	2147483682
2902753	134217860
23114197	4353
56376361	1073778688
54233101	1610613248
63571429	196610
74174329	20736
60034645	1140883456
8660233	2147520512
75160909	2155876352
68190049	671088896
26264773	57344
80410357	16814080
45344485	1073778688
39328777	2147520512
78919633	1081348
42082777	2147520512
54716509	1140883456
31182769	83918848
31430629	1610612992
41609737	1610613248
4041937	671088768
69562837	4311744513
49825081	67108867
65111077	1073774593
29871541	16777249
75368269	2147520512
42275881	36880
74658061	327681
42741469	2147520512
54429121	1082130433
60657373	28672
64358101	1610613248
59471857	34078784
57010429	5368741888
41343085	1610612992
70896745	1610613248
682705	1610613248
13458997	4362076161
48977173	1081345
38767933	1073778688
52948441	1085440
24391729	1074823168
79631137	1073778688
50369725	1610612992
23283973	150995072
30928753	17334272
23677957	1610613248
24039865	1610613248
33357133	1610613248
54268417	1085440
8856253	1610613248
68860081	1610612992
46734445	76
63581473	327696
14428405	36866
126397	67141633
24146137	2164785152
12267001	1610612992
37035181	1610612992
55710541	1610613248
30225997	4102
50105017	1610613248
27682597	134250497
52094377	1610613248
30851317	4311744513
76619881	83886081
37325161	327681
54392833	557057
23849677	32834
40790989	1073746432
33476365	201326593
73260001	2147520512
38032777	4362076161
36080029	67141633
80346853	536870918
25017049	2147487746
38825281	1081348
6259393	17858560
20889937	196610
66828601	1084227584
20642401	201326593
78870061	671088768
22163905	1090519041
7662313	2147520512
7438105	4295524352
27238393	201326593
12870613	671088644
37686097	67141633
54268741	4311744513
26279029	67158016
29348281	4311744513
62776981	2147520512
57758545	671088768
28785169	8425472
4659157	135299072
5193109	671088641
33751117	68190208
49285	268568576
472105	65554
59385673	1610613248
33266737	37376
58176505	1610613248
63025813	1073766400
36904609	1610613248
28108333	2147520512
31701817	1610613248
44950825	4161
13714633	2129921
65934685	67141633
34269517	1610612992
74478889	1610612992
17250445	1610612992
12391093	32802
30722365	16912384
61784569	2147618816
1963801	4295000065
44074729	1610613248
81725149	1073778688
46229653	1610613248
15005773	1081600
41591269	1610613248
77925925	135266308
54237313	83886081
40681477	4294971393
18520849	321
16839613	1073774656
41553361	2147749888
39993301	1610613248
10360909	134250498
17521957	1212416
27367993	1610613248
49123945	327681
12078109	2147487746
81078445	671088768
22556593	528448
71492905	1610612992
19270261	4311744513
70133725	1073872900
419941	327696
20137285	1610613248
65058265	83918848
69759829	67112961
4524697	134283265
41118877	1610613248
74946097	2147520512
39340765	2180
72567289	150994945
39631069	4311744513
6919705	1073745921
25819597	524384
22535533	1610613248
51395833	1073778688
57804877	1081348
81080065	4328554496
47102185	5435817984
68327749	1085440
81160741	1610613248
40570345	1073774593
22975201	2147520512
74196361	1073778688
63435997	4295000065
40078513	671088768
47796517	1074823168
50017213	671088768
2656513	4102
7189921	1081348
58618765	4311744513
25181965	1610613248
78193225	36865
56442457	1610612992
39027781	4362108928
60990445	150994945
36005509	524802
610453	1610613248
67594213	32834
48005821	4362076161
62562169	1081345
78612157	4311744513
45673345	36865
69453325	1073745922
51676741	36865
3608749	2147489792
37955341	1610613248
9024085	577
8540677	4099
54519193	17301568
4375333	671088644
22570525	53248
47624473	671088644
303301	1610612992
60937309	2147520512
42147901	8425472
78750829	557120
1082521	671092736
79065757	578
63363421	36865
69790933	1610613248
37426897	36866
79222573	1610613248
81133201	1073778688
69454621	1140883456
16453081	134254592
51348205	4311744513
7153633	1074823168
30578185	1073746048
27577	1115136
4072717	1610612992
38891701	4362108928
49116493	1610613248
44240293	671088768
67288357	1082134528
62181145	1610613248
8824825	1610613248
27620065	1074823168
63443125	67108870
65313901	4102
29589985	1610613248
64545049	525056
39257821	16777219
76806505	1085440
76583269	67141633
25260373	1048582
42814693	1610612992
54100585	4102
43150033	671088768
62940925	3221229568
35203933	1085440
71308549	537133057
72838801	671088768
66216565	134217988
1427905	17301568
19122841	528448
13709773	1610612992
15498253	2147549186
38738125	83886081
43521337	671088768
78207805	528640
66537649	167936
43435801	1610613248
38898829	36865
76172761	2148007938
18900901	1610613248
4667581	2147520512
32902885	1207959680
42304393	36880
81239149	671088768
40180897	671088768
50797081	4311744513
17571853	1085440
29008729	4362076161
78097969	1074266176
25052365	8392705
73408393	1107329024
46750645	671088768
69399865	1073746176
30103525	57344
61527961	16912384
38994733	327681
40104757	1610612992
18492013	1610612992
32149261	4294971456
74569933	3221356544
40883653	2147487760
42800113	150994945
19202869	4102
42497497	32802
56190385	4395630592
67124413	1074823168
23178025	16809985
17385553	201326593
9372061	3221229568
1621333	2147553280
41451625	4226
73413253	66564
50624065	73744
74206405	1073778688
6827365	67141633
7416721	2164293632
55345717	28672
858637	36866
37274293	1073778688
77429233	2147520512
69819121	57344
12566377	36865
64142965	70
14715469	67141633
44463205	1085440
33942925	98
49972501	36865
38215513	671092736
4004677	67112976
66884977	1073778688
26663941	1610613248
48629845	2181070848
72207973	16809985
40195801	327681
53252353	3221229568
5577373	1082134528
51138253	16783360
76165309	2147487760
38583901	16814080
33743989	671088768
72322021	1073766400
8566273	37376
36643789	83886081
24018805	4295000065
53403013	1085440
74229409	3221229568
366481	4362076161
15887053	83886081
67183705	36865
43917913	2147520512
18855541	83918848
5350249	3221229568
57473425	537133057
399205	2129921
19369081	4362108928
5717017	2147520512
61619977	1610613248
11696113	1085440
18193609	1610612992
79641829	57344
8240653	1610613248
5098501	83886081
29858257	1081348
58853665	4311744513
6676057	2147520512
21088549	17301568
43756885	36865
79547221	1610613248
22387465	1610612992
15821605	1610612992
59689261	4311744513
42452785	7516192768
56545813	37376
5772097	4099
27833905	16779520
30196837	37120
848917	1610613248
74507077	2147520512
2386621	3221229568
59603725	4362108928
5100121	327681
11663389	150994945
81503209	1074823168
5963257	1085440
8100037	1085440
15452245	134283265
19087525	1610613248
69367465	16809985
68236381	4106
74115361	67108897
68345893	1610613248
31375549	1610613248
21079477	1610613248
26058385	2148012032
21603061	561152
25619365	1081345
3687805	4395630592
81443917	671088768
21861289	73
380089	2148012032
22967425	4311777280
80500429	671088768
40843477	36928
432253	2147483682
62372305	4102
74702449	2101312
56557153	4362108928
62206417	1073778688
81065485	16814080
36500257	83886081
71443657	4294971904
9303373	1085440
10810621	2147483666
25164793	671088768
1171297	1610613248
74911105	1610613248
76336057	4362108928
81613045	3221229568
33173425	1610612992
27239365	83886081
72475597	36865
18482293	266242
8946325	1174405120
12685285	1610612992
57585205	67141633
1399717	1073745921
79371937	1081345
10126657	4362108928
50562829	1074266144
33267709	1610613248
49234753	135266308
63910009	57344
46755505	671088768
43243021	537133057
41600017	1074823168
76242745	134217793
29597437	37120
2564821	2147484674
76451725	4362108928
61186789	4311777280
69398569	1073745922
78227245	1073762304
15196933	4295000320
10848853	4311744513
38854117	1073778688
901729	577
19831429	150994945
4464109	36865
28650709	4295000576
80210773	1610613248
40458241	3221356544
57099205	671088768
43144201	1610612992
48722185	2164260880
38291653	4311744513
65451277	1610613248
50255677	1073778688
21004309	4295004160
67744549	1610613248
12491857	671088768
2646145	36865
17077429	5368741888
37434673	1073778688
18979309	1074823168
67723813	67633154
22483693	1074823168
19196713	2147520512
53875081	67141633
76683385	1073766400
30808549	32833
25828345	671088768
11086345	1610613248
5577049	3221229568
61164433	2147520512
51690025	557120
16694461	561152
31809061	1085440
2872621	1610613248
7129981	16779520
53786953	671088768
58575349	2147520512
6488461	1085440
44016733	135266305
39882493	1073746176
60294493	167936
56336185	32774
72883513	1610613248
43306201	4362076161
3784357	4362108928
24521977	4294971393
34565977	671088768
71980201	4295000320
7219081	32834
24404041	1610612992
43701157	4353
54462493	16814080
14016925	1146880
78094729	1073778688
32895109	2147487745
38826253	2147618816
76574521	1073762304
50518117	167936
70432129	1074008064
52619905	524353
63984529	32833
23398345	36880
28758277	671092736
69942565	1610613248
2872945	134217734
61167349	1610613248
51661189	2147520512
51468085	4362076161
73362061	1081345
7611445	83918848
54909289	1081348
15785641	1074823168
49762873	1085440
46440253	1610613248
28041589	1610612992
45086905	201326593
42308929	1085440
62693389	1074823168
69989869	4295004160
77394241	8425472
25242553	167936
6459301	1610616832
80566849	671088768
48119869	1073746432
19897849	2147487760
2314045	577
70263973	671088768
41484349	524297
70330717	1085440
46931761	1073778688
78693805	5435817984
63158977	561152
71628013	1610613248
67953529	671088896
24605569	1610612992
34033969	1085440
52814305	4311744513
79058305	2147520512
56138545	24580
23133961	8388641
38331829	36865
27146701	671088644
51118813	16777226
48788281	4362076161
41531977	1610613248
40215241	1610613248
12607201	67109889
78195493	1085440
24185989	1081345
39187189	1610613248
43327261	671088768
45286489	671088644
36663553	1081348
79840765	8392705
21174409	4362076161
27899029	1085440
11961145	100696064
74313973	1073778688
64461457	98305
29911393	1610613248
753337	2147483682
4655593	1073766400
40358125	67141633
73777105	32833
31389157	800
39130165	2147520512
25695181	1610613248
22169413	671092736
23305681	3221229568
5751037	16780288
70084477	134217860
27460657	201326593
49702609	4362108928
59891761	1610613248
21061009	16781313
11285605	100663297
42522121	671088768
37624537	2147520512
44558461	135266308
43325317	671092736
47107693	16809985
41134429	3221229568
65340793	1610612992
65780461	4295000320
3021661	4362076161
13251961	1073746176
54025741	4102
16490341	1081348
28311481	1610612992
60095233	671088644
13398085	671088768
58700089	4311744513
34491133	2164264960
40224637	37376
80813413	67141633
73259677	1073745922
67067389	1610612992
67041145	1073778688
6224725	262147
36125065	1085440
75363733	557312
56934937	4311744513
64085941	4311744513
17486641	671088768
13035529	4295000128
69611437	100696064
76043809	150995072
12249181	83886081
8251345	49153
63483949	36865
52326037	45056
15227713	134217734
40701889	2147520512
78674041	16912384
41661577	1610613248
60178825	671088644
38682073	167936
19431289	1073745921
18694513	1610613248
71784505	37376
19020133	150994945
3223189	2148012032
1792729	150994945
79886449	2147520512
287101	134250498
45095977	16814080
21669805	150994945
69307525	37376
64931581	1610612992
5407273	2147553280
68358853	135266308
955837	2147487746
28926433	1085440
63832249	4162
69024997	1610613248
26220709	1081348
6813109	2147520512
13928797	37376
47808829	1081348
50337325	2148012032
21787741	2147520512
31852153	536871680
63748333	32773
72103969	4295000320
72194365	8421380
23459581	1610613248
75126889	1074823168
44107453	2147484674
78951385	1610613248
44901253	1081345
71907301	36865
8308369	4362108928
28255429	32833
1477153	1081348
60822937	2147520512
1338805	2147553280
39422089	1610613248
67519369	1085440
7801957	36865
73542529	4395630592
24497353	2147487746
78047425	134217860
3617497	70
22355713	1085440
451693	1610613248
39567241	1073745922
48741949	1610613248
7495777	3221229568
68492341	32833
14323429	36866
2468269	4311744513
76198681	67141640
622441	134250497
68546125	2147487760
31961665	327696
17549821	608
53168761	4362076161
18508213	32833
39372193	1085440
57187009	1074270208
21411577	4295004160
6640741	2147487760
74358037	2134016
54825373	671088644
80667289	8409088
53230645	4311744513
11238301	36865
62618545	2147553280
31139353	2625536
6786217	67637248
7770853	536875520
8627185	671088768
11922913	536907776
16443361	135266308
67417309	2147520512
32101633	1073774593
76067785	2147520512
79380685	1610613248
895897	135299072
4306321	134217793
24964885	1085440
1399069	1610612992
77217337	1610613248
80028037	24578
34518025	1074823168
30520837	2147520512
64956853	1085440
6490729	1610613248
50727097	4311744513
826885	135299072
32440861	524322
30540277	1081345
66112237	1085440
24958081	2147520512
75688057	8425472
10088101	33558532
17020081	1081345
16933249	36866
54983161	4395630592
33663961	1610613248
15765229	1610613248
10951561	16777281
77231593	1081348
25501429	1610613248
26588773	16777256
70233517	671088768
40589785	134217864
29470105	1073742084
13532545	1085440
5556961	4099
39245185	67141664
68455405	53248
81132229	671088768
11943973	1074823168
40245373	32834
60238765	1073774593
22827457	2147520512
25066621	67141633
37863001	1610613248
21330577	1610613248
59363317	2147520512
8779789	1610613248
19104049	37376
65265949	3221229568
80029657	1082163200
51307381	4362108928
58463569	4328554496
68397733	671088768
53542981	36865
62122825	1610613248
32026465	4294971393
54962425	37120
52889149	4311777280
32712049	8392705
485065	2147520512
2433601	1610613248
32242249	2147487745
71118361	2147487745
15482377	67109122
70471981	1610612740
1251973	1610613248
53533261	53248
29027845	67141633
44919721	2181070848
66401893	36865
56451529	37120
20341405	1610612992
3721825	4831838464
1724365	1610613248
61016365	2181070848
30723661	4311744513
74408905	17334272
2151721	1610613248
62017201	1085440
59046445	1610613248
18079237	557120
30539629	196610
75929437	2147520512
54966637	1073762304
59319253	4295004160
31792861	8392705
29782441	201326593
43484725	1610613248
1333	1085440
24167197	671088768
45585217	671092736
78708061	16777282
2576485	1610613248
19115389	2147487746
46266589	671088768
17261785	1610613248
40231441	1073742084
1475533	1073746432
78945553	671092736
36335989	100663297
69112801	1610613248
2704141	2147487746
47159533	32833
6108409	4130
37790101	200
677521	1081348
80001469	4295004160
11097685	327696
28732681	2147487760
60249457	1610613248
43146469	671088768
25807933	65570
8133409	671088768
31383973	800
59569705	671088644
25676713	150994945
78320557	1048612
59846401	1610613248
24216445	1085440
30260665	83918848
74072593	2147487746
37400329	67141633
63078949	1610613248
25182289	1610613248
54307621	67158016
50595229	3221229568
73760257	1610613248
13689361	1082163200
2679517	8388641
69174685	4362108928
74760121	1081345
39542293	36866
1742833	1610613248
9346141	4395630592
4578805	1610613248
51823513	4311744513
5162005	1610613248
37676377	4311744513
59879449	83886081
42513373	1610613248
765325	4102
41598073	4295000065
50319181	83918848
62473393	1610613248
77524165	2147520512
2935153	16810048
18993889	1610613248
32334913	1081345
77097781	1610613248
29066725	1610613248
60734161	1610613248
22168117	671092736
58497265	1610613248
26729389	1074823168
22653793	1146880
64791289	67108929
28291717	1081345
37352377	196610
58038481	36865
13680613	1610612992
5689153	134217734
21560293	671088768
57334753	671088768
2499697	1610612992
76962349	1610613248
33229801	167936
11189053	67158016
56651437	1073778688
21234025	1610613248
201889	1610613248
37083781	32802
70283089	1085440
74485369	1610613248
40817557	36865
47356201	4102
72697861	36866
66753433	536872964
54023149	150994945
24214825	67141696
72372241	36896
77885749	4311744513
4538629	37376
34105897	671088768
2675629	1610613248
24086521	1610612992
33372685	1610613248
77815117	1090519041
4808197	2148012032
40840237	67141633
19246609	561152
69882301	83918848
58917493	16797696
56415241	1081348
18303445	1050628
6391909	1610612992
28931293	5368741888
21459853	150994945
12654181	671092736
23285269	150995072
79860529	36866
18916777	83886081
73598257	671088768
31035349	3221356544
51206941	1610613248
29012293	4362076161
75218905	671088768
40984417	4311744513
30934585	7
8904853	4362108928
65250397	24577
55225837	1610613248
65726029	36865
5309425	28672
17142229	4311744513
55902997	1610613248
48871549	4311744513
3020689	36865
7299433	1073762304
839197	83918848
49035169	1610613248
6235417	16809985
70159321	3221225488
2088217	4226
72720217	1140854784
56554561	1610612992
45702829	671088768
31636045	1073872912
30596977	2147553280
71753401	67108870
68302153	1610612992
56989693	1610613248
46910377	671088768
47192257	557120
12988873	1610613248
47411281	4130
78611509	1073774593
69397273	36865
12340873	1085440
80275249	1610612992
31183417	671088644
6574645	1610613248
68088637	1610613248
6693553	1081345
77696209	1610613248
48590641	8392705
36686233	67141633
3907801	1085440
56453797	5435817984
32761945	2147520512
41046949	1610613248
21389869	4395630592
36184033	5368713216
79934725	1140883456
131905	67141633
41777569	1090521088
30681865	1610613248
60152257	1085440
58656997	16814080
19907245	1610612992
34013557	1610612740
79266637	83918848
35348113	4295004160
33341905	2147553280
29982349	5435817984
46620397	671088768
51570469	3221291008
59583637	671088768
71640325	36865
51374773	37376
47183833	671088644
33296869	1073745921
8646625	2147618816
728065	1610613248
17910109	83886081
33954589	2147483666
30927781	1081348
62222617	150995072
248221	4362076161
13737637	1610612992
27220897	2148012032
851185	2148012032
27015805	36896
32059513	201326593
81161065	1073778688
36969733	1610613248
66241189	32833
21550897	2147487745
3787273	67113024
33035725	4311744513
44939809	67141633
77121109	1610613248
81213229	134221825
61385725	2147520512
63300241	1085440
7822045	1610612992
75755449	2147618816
64632529	4295000065
35947837	1610612992
25943365	66564
22608109	1074823168
22476565	67141633
36950617	2147520512
282241	2147581952
21614401	36865
41721193	17301568
69952609	1081348
2064889	36896
31513573	1610613248
5690125	1610613248
57368773	1610613248
37999729	1610613248
40580065	671088768
41761369	1074823168
62788969	671088768
5607181	1610612992
47447893	3221356544
75408445	4362108928
12264085	1073745921
52280029	2164260866
41885785	1610613248
8754193	671088768
16481593	1085440
52628977	268444672
81374581	17301568
29927917	150994945
74838853	1610613248
2476369	2147520512
15824521	1610613248
14878441	671088644
78359437	1610613248
26482825	327681
25096105	57344
30755413	2147520512
10795393	201326593
65669329	1610613248
52249897	167936
66911869	16809985
76582945	67141633
5952565	1085440
60943465	4295000320
579673	1610613248
49311865	53248
21522709	150994945
65725381	4362108928
47805265	1610613248
16475761	135266308
7838569	16780288
43733233	1610613248
7535953	1058
78762493	2147520512
27575677	671088896
69673321	67174401
32224753	134221825
63783325	5435817984
76991509	671088768
66089233	1610613248
39946645	67145728
58798261	2147524608
49394485	2147487746
70922017	36865
6742153	327696
2226889	4362076161
50027581	1610612992
1751257	1081348
45232381	36865
16252525	1610612992
44755453	1610613248
2111545	671088641
46755181	17301568
60511249	1610613248
47221417	2147520512
8277589	1082163200
7683049	524548
59186089	671092736
52829857	4295004160
70277257	134254592
75436957	134217860
73520173	1085440
29321713	1141112832
76913425	1610613248
48247849	83918848
80654329	1073762304
15749029	67145728
69847309	2147524608
73226629	134217733
77000905	1085440
60685885	1073778688
43990489	1073778688
52462765	83886081
2292985	32774
16039009	83886081
34558201	671088768
43247233	4303355905
38573209	4296019968
20812177	1610613248
7206121	1081348
43539157	1073778688
12444877	536870917
47824705	1073778688
74849869	4295000320
33525937	4362108928
22836205	671088644
46848493	1073774593
26835661	1085440
79092001	2147520512
39663793	2147520512
37424305	2281705472
24474997	1140850689
8572753	1610613248
16664329	1610612992
5257261	75501568
56257453	1610613248
28212985	201326593
64687285	561152
3235501	2129921
31619845	4226
707977	1610613248
8057269	4311744513
5780197	200
3485953	671088768
4976353	1085440
29385865	1073766400
59114809	1610613248
17785693	1610613248
15685201	2147487745
33636745	5435817984
45672049	671088768
8439589	4295000065
39621025	36880
49048777	1073778688
11881765	1610613248
23231161	1073778688
58669309	1610613248
20152837	1610612992
25113925	1073778688
25394185	4311744513
122185	67141633
45062929	1074823168
38820421	37376
52319881	135266308
28358461	1081345
72821305	5368713216
19574497	1610613248
47639701	2148012032
77278249	2147520512
71865829	1610613248
37563625	4161
73810153	1074270208
56507257	36866
22648285	528386
71582653	67141696
59083381	4362108928
51534829	4102
2315665	2147565568
64380457	1610613248
11409697	671088644
63117181	4362108928
5694661	525314
79410169	671092736
61859413	1610613248
70244533	37120
52777693	4362108928
1371205	2097409
33334129	1073778688
17523577	36865
33524965	37376
31404709	800
4776121	134250497
72950257	786434
39311281	36866
9317953	67141633
3621061	1085440
38642545	2147520512
77242933	1140883456
74765953	28672
8733133	1610613248
17793469	672137216
59962069	1073750528
67234573	4311744513
29277001	518
31135465	1610613248
16942321	1610613248
11278477	1610612992
14986333	1610613248
260209	67141633
48066085	70
38893645	167936
16884325	16809985
25536097	1073741860
52501321	671088768
1777501	4296048640
75992941	1073778688
63346573	67141633
9495829	1085440
41383261	2147520512
57680785	4395630592
43542073	671088768
64945513	67141633
68556817	1610613248
39760669	2147549185
15024241	672137216
5030461	2147495936
24227137	2147520512
79289317	2147520512
29438353	1081348
20409769	1073876992
41785993	4362076161
40046437	36865
32718529	1073778688
77763925	37120
48419569	671088768
19916965	1610613248
480205	1610612992
70416901	1610613248
15590269	1073778688
57275461	1610613248
52475725	4362076161
4851937	134250497
79237477	16809985
12271213	1085440
49702285	135299072
55555345	4295000065
3122101	1073774593
46416601	2147520512
42281389	53248
73420705	1610612992
308485	1610613248
57429361	1085440
58468429	331776
75289861	1610613248
57709621	557120
57819457	3221229568
27393913	4295000065
48925009	4099
73922257	3221356544
9187705	1610613248
52604353	1073774593
55787005	2147520512
33579397	35
28234369	528448
1928809	1610613248
33424201	2147520512
161065	1085440
29154853	4362076161
15494689	1610613248
26178589	1074003969
26512309	1074823168
39145717	269615104
40671433	16809985
34887709	2147520512
39361825	1085440
41750677	1073745921
6765805	98560
8547805	1610612992
58836493	83918848
69111505	40961
65968057	4295000320
68532841	1073745921
40233385	2147516418
25814737	671088768
59716801	1085440
65202121	4362108928
49135285	327681
62832061	671088768
28109953	36865
75156049	2148012032
23644909	671088644
2178613	67141633
5093965	1610613248
71311789	1610613248
3528721	1074823168
38831113	36865
58048849	1610612992
6416533	16809985
37103545	134217860
58432465	3221258240
57477961	1610613248
52254757	2147487746
74530405	196610
13533193	24577
38519101	36865
54056197	1081348
9158869	1610612992
18521173	134217733
43080049	2147520512
61461541	8392736
32876641	1610612992
39506329	17301568
59663989	1610613248
39670273	150994945
44611597	4295000320
51058873	671088768
38702809	1140883456
54308917	36865
27904861	671088896
18066601	671088768
26615017	536903936
68336173	671092736
52177645	17301568
68268133	1610613248
23009545	2147553280
2572921	1610613248
58779145	4362076161
77273065	1081348
70071841	1610613248
63542593	67108929
35474149	8392705
24181453	17301568
9792937	2147520512
432901	1085440
68047165	1610613248
36314605	4362076161
9597241	1081348
55032085	36865
33934177	24577
36402409	1081348
10807705	2147520512
68287573	36866
56450557	268437506
38254069	2147520512
53538121	1081348
2217817	134742017
11310229	671088768
56440513	20512
20200141	536903936
71193205	1610613248
58870837	1610613248
11129761	2147520512
35926129	1073778688
49920013	1081348
36149041	4362076161
28713889	36865
38833381	32802
31153285	4362108928
25397425	671092736
47433313	1610613248
545653	4311744513
57404737	2147520512
36595513	1073746176
7545997	83886081
77353417	2147520512
12427057	671092736
17058961	83886081
20745109	1610613248
48321397	65553
61011505	1073778688
25557481	150994945
78953977	4295131136
62571889	1610613248
25466761	1610613248
44956657	83886081
56080549	671088768
78831505	37120
47594665	100696064
37576585	4378853376
14797441	671089152
75987109	1081348
31809385	1074823168
69459481	4395630592
7026949	1610612992
4666285	17301568
24612049	2134016
22191445	1074823168
27253	32833
64992817	4353
46639189	671092736
7578073	536903684
65398141	327696
73232461	671088768
19825921	1610612992
6701329	16809985
68494285	32834
65816101	1085440
28380493	134217733
38069389	1074270208
61036777	1610613248
47582029	671088644
47245717	2147520512
19588753	1610613248
59714209	528386
15889645	83886081
1561393	1610613248
1791109	1610613248
65912977	1610613248
77015809	32833
66571021	4362108928
67573153	671092736
12526201	1610613248
41025889	262162
2974681	32833
67539457	1610613248
32797909	688128
3166165	687865856
5922757	2147618816
28517869	1073766400
38975293	36866
15449653	4102
52502293	1082134528
80033221	16809986
2443969	4311744513
46228357	4311744513
16618645	671088768
21002365	16809985
63913573	671350784
30577213	74
1511497	1085440
66192589	67141633
5542381	1610613248
54518545	1081345
56300221	4362108928
8076709	1081345
14279365	1081348
74270881	4311744513
78231457	671088768
72360901	331776
18824761	83886081
36046657	671092736
16899877	3221225474
12419281	671092736
10313281	4295000320
59473801	16912384
1531909	1610613248
73636489	8392705
60468157	4328554496
55292257	36866
51326173	1073745921
25450561	1610612992
73625149	36865
3270493	1107296257
11590165	1610612992
41048569	4362108928
21429397	1085440
3322657	1610613248
49855861	524322
78525325	1610613248
34200505	36866
82333	36865
48994993	1610613248
49091221	1610612992
58548457	327681
38868049	4311744513
72306469	8425472
36411157	4294971393
27003817	1610613248
59851585	537952256
7305589	1610612992
73665325	1073762304
35949457	1074823168
62801605	16777282
8986501	4362108928
68569129	8425472
3547837	32774
33559633	134283265
3195325	1610613248
1721449	1610613248
48691729	2129921
78887881	671088641
2301733	5121
13030993	4130
71169553	4106
42487453	671092736
68615461	16814080
23615425	1610613248
8413021	4362076161
61932313	1610612992
66389581	671088768
930889	671088768
8639821	1140883456
157501	28672
60577669	53248
15674833	83886081
31153609	1610613248
12892321	671088644
8815429	36865
43405021	2148007938
70934329	1610613248
64762777	36865
8876989	32833
31383325	800
77436685	1074823168
14292649	1610612992
25977061	4295000576
50450401	1074823168
74729017	1073762304
43153597	1073745921
40963357	4311744513
50051233	1610613248
79034329	32773
46903573	36865
947089	4102
37984825	1074823168
19319185	57344
1824805	1085440
2688265	36865
1244521	8425472
9003349	16781313
12177253	671088641
3863737	201326593
3288961	1085440
30383137	36865
30739537	6442455040
24483421	57344
51257161	67108874
32814109	4311744513
12128653	4311744513
22154185	1610612992
31630213	36865
80999065	671088768
28186417	3221229568
49281085	24580
39742201	671088768
44126893	1610613248
30964717	134217733
8964793	167936
11627425	1610612992
4100257	1048582
43771789	57344
12173041	671088768
74650609	4311744513
6501421	66562
17997913	1610612992
37587601	1081348
51006061	1610612740
17565049	2147483666
79125697	57344
18926173	2181070848
56025145	1610613248
30038077	67141633
12668113	537919492
1720477	1073774593
40475737	1610613248
70608385	671088768
80469649	1610613248
79118893	2147520512
77781097	1610613248
17873497	561152
44730505	671088768
41680045	4311744513
58389697	1085440
27832609	4295000320
21462769	1074823168
4247353	671088768
6715585	67141633
16049377	2147483682
33799717	4311744513
5441293	2147483682
80811793	1610613248
17335009	1610613248
2575513	327696
64776709	6476005376
65415961	1610613248
70706557	671088644
36506737	4353
57698281	1610613248
20177461	1610612992
69738445	4311744513
43168177	1610613248
14071033	134250497
22017781	1085440
60746149	1085440
12274129	1610612992
77811877	4226
31403413	800
37368901	196610
11021221	671088768
48190825	4362108928
8552341	1081348
78123565	1081345
51500161	37120
19902385	150994945
31333753	36928
18769357	1610613248
5115997	2147520512
67603285	100696064
74509669	135299072
6894433	1610613248
79339213	2148008000
58417885	196610
17177869	1081348
55947709	1610613248
30027385	1073778688
25272361	1610612992
34305805	37376
73630333	135299072
41678749	4395630592
46875385	4295491648
81262477	2147520512
34240681	537919492
367129	1610612992
4153069	36865
41772385	1610613248
33197725	1610613248
65920753	3221258240
9357157	1610613248
40323457	1073778688
1573057	1610612992
43915645	16809985
537229	1610613248
4739509	67141633
71741413	67113216
24867361	1610613248
40311793	671088768
5939605	8425472
44233813	4362108928
61880473	528448
60376141	671088644
33871645	67133440
54553861	4295000128
11588545	671088768
56234125	1140883456
33685669	671088768
48173329	67141633
13238029	98
27820297	53248
58673197	2147487760
19602685	1081345
1158661	1610613248
1858501	1073742852
72012277	4328554496
1598329	2164264960
39667033	4295000065
30021229	17301568
67371301	4294971393
19916641	150994945
58730869	2147618816
40486105	83918848
35475121	4311744513
50762089	36865
6102577	4311744513
44774569	36865
78045805	8392705
18325801	150994945
51631705	1610612992
54683461	1610613248
66191617	16809985
77772673	1073745921
11026405	1085440
7234633	4311744513
41604553	137216
65602585	67141633
50648365	2147520512
48022669	57344
3084517	134742017
24745537	671088644
54576865	36865
52517197	1610612992
49654981	327682
72303553	4311744513
36981721	5435817984
2552509	57344
65843965	2147520512
23968261	2147520512
13004425	40961
1380925	134217733
41693005	37376
64810405	671088768
52265773	2147520512
78548653	67145728
67057345	32864
49441141	1610613248
20185237	1610613248
34912009	1140850689
2120941	16781313
42339709	1610613248
14219101	1610613248
62310421	37376
14645161	4295004160
23526649	32802
44417197	142610432
3467161	2147487746
17171065	67108930
3461977	1074004224
28216225	83886081
8632045	150994945
72206353	1610612992
8898049	2147520512
81261829	1610613248
75638485	557120
52804585	1081345
43217101	17334272
81298441	671088768
26888149	671088644
56300545	167936
57263149	1074020352
16172173	4362108928
934777	772
65830033	1074266176
66093445	67637248
37211113	2147520512
45406369	8391168
44424001	1073778688
41509	2147516448
18020269	4311744513
52778989	2147553280
3060217	1610613248
45627661	36865
70714009	67141633
80044237	17301568
46895473	1610613248
80393509	33620480
2897245	1085440
48669373	2148012032
74117305	4311744513
75167389	4362108928
33700249	4354
81091405	5402263552
80566201	1610613248
81072613	1610613248
37192969	331776
1797265	2147483905
70108777	4295102464
23958541	5435817984
37889245	4362076161
58593817	1074823168
40659121	67141633
51698773	36865
43640245	3221229568
79309081	1610612992
2740429	2148012032
42960817	671088768
77834233	37376
2211661	4311744513
6842269	17301568
66510433	1074823168
29944117	1610613248
330841	98305
943525	1085440
48758797	37120
43448761	36865
30976705	2147520512
77306437	200
18185833	69648
21958165	36865
2981161	1610613248
58215385	32833
1980001	1085440
33556069	1610612992
18353665	1085440
9717445	2147520512
41908465	671088768
69756265	561152
76983085	1073778688
50634109	1081348
63153469	1610613248
54460549	671088768
1760005	1610613248
80358841	201326593
268957	1610613248
105985	2147483654
55196029	4362108928
53375149	1085440
24747481	671088768
27990721	671088644
4050361	2147745808
42563917	5435817984
53592229	1610613248
59426173	671088768
32373793	201326593
77993317	2147520512
54587557	83918848
64719037	1610613248
57320497	671088768
6470317	16781344
714133	1610613248
560557	16809986
51288265	1085440
59645197	1610613248
21158857	16809985
1562365	2147520512
72769141	6442455040
27524809	557120
3352141	1610613248
53810605	4311744513
47266453	37376
59918329	1107296257
12967165	1074823168
38233333	671088768
26217793	2147487745
47479969	36865
66577501	1073774593
48400129	671088768
13842937	100696064
2027305	98
37812781	1140916224
6004405	671088768
15098761	1058
2781253	67141633
60467833	1085440
9107353	1610612992
6041017	1610613248
31986613	1610613248
54413893	67145728
55426393	1073766400
60222565	37120
70203709	1610613248
38422225	2147520512
36520345	2147520512
36674245	578
81560557	37120
44069221	671088768
37036801	1085440
61091533	67112961
9037693	1082163200
71378209	331776
67229713	1610613248
62318521	1610613248
67600369	1610613248
66310849	4295004160
38872585	2147487746
20977417	1085440
34806709	4295004160
23792329	8392705
233317	4226
1635913	1081348
74697913	671088644
30678625	4311744513
12387853	671088768
412813	4294971394
53660269	1610613248
11075977	1610613248
68320621	3221229568
37981909	1146880
43742953	672137216
163333	3221229568
43175305	67108929
57917305	4101
53400745	1140850689
1131769	672137216
8919109	1610613248
23586589	65793
125101	134250497
39954421	134254592
5690449	1610613248
39010609	1073774593
39304801	196610
41089393	1073778688
41493097	1610613248
33373333	1610613248
18958249	32802
28262233	1074823168
19037953	16809985
11539945	32833
38957149	4362108928
68834485	36866
56657269	1610612992
45628633	1081345
18065953	525314
52937101	524354
74586781	1073778688
32165137	1610613248
2344177	1085440
66765421	2101312
13777813	32833
11566513	1610613248
35012125	1073745921
27986185	67371009
7483141	1082134528
13528981	1085440
6043285	4353
63147313	67108929
13331017	671088644
36406621	1085440
23046805	1081348
19828189	16781313
59570677	1140883456
71606305	2147488000
56708137	4362600448
29459737	67141633
2134225	1610613248
29151937	1610612992
59355865	671088768
43341193	4362108928
4931965	561152
45410581	4395630592
18434989	36865
73059445	1610612992
47734957	1610613248
18513721	561152
78829561	561152
5664853	331776
12288385	53248
42284953	4311744513
22564045	1146880
903673	2147520512
63257149	1610613248
18549361	1107296512
56274625	1073778688
46327825	17301568
78295609	536870918
49424617	276856832
66705157	4311744513
22007089	201326593
36258877	561152
37375705	262224
55000333	1610613248
6153769	1610613248
78527269	1081348
80567497	2148007937
74463013	4362076161
59669173	16912384
8594461	16779268
34635313	1085440
38811997	4362108928
15243589	1074823168
26903701	1074823168
65655721	1140883456
33663313	4362076162
40688281	5435817984
31426741	671092736
25912909	8389376
51719185	17301568
2166301	1073774593
54499753	4362076161
39735073	561152
30988045	1610613248
43656769	57344
18468685	5435817984
18493309	70
19678825	327681
57637369	36865
8301889	1610613248
75781369	83918848
34183981	28672
49435633	1610613248
63290521	24580
20682253	36865
5446801	134221825
40892725	36865
36689473	2147520512
13383181	1140883456
45217801	2164785152
11503009	37376
26564797	57344
50893957	1610613248
42895045	16781314
71807833	1610612992
24337	1610612992
64701865	17301568
9027649	1610613248
60385537	4362108928
17761717	4295000065
16678261	1085440
2355193	16826368
78871033	36865
106957	134250497
15802813	83886081
9408673	133136
11606689	4099
8745121	32802
73545769	671088768
224245	524354
20310625	4362076161
32471965	150994945
9380161	1085440
30160225	38
71396353	36896
5586769	327696
79462333	150994945
24285781	1610613248
70996213	2147553280
5869	16780288
18443089	2684358656
32049793	671088768
39375757	1073745921
42121009	1610613248
27191089	671088768
51327469	1073774594
42226309	1610613248
61947865	671092736
4178665	1085440
3310021	2147520512
7278697	1610613248
67852765	4311744513
3372229	4311744513
69119281	20484
5521645	16777221
60521617	1610612992
3475585	57344
10233901	67158016
39862729	4295000320
35911873	671088644
74029825	32833
4070773	1610613248
75620017	32834
4421989	561152
3380005	2147520512
11391553	1074823168
74199277	36865
60363829	1085440
16099273	83886081
10422145	4311744513
67807081	36865
76733281	36865
78643909	16779266
68312521	1073762304
12159757	8425472
20680309	67141633
56327437	36866
10454869	57344
79671961	1081348
39917485	4295000065
2651653	1081345
77858857	5368741888
16004989	1085440
33768937	2147520512
54453421	1610613248
66212029	75497473
35698033	67108929
40044817	1610612992
60654781	16814080
1524781	671088768
41410801	36865
61495237	65570
12390769	671088768
35884009	1081348
64777357	17301568
70324237	1073745921
20130481	1085440
80582077	2147520512
65428597	4362108928
73192933	2147487746
7461433	67141633
60544621	1073741830
309457	16910336
49316077	67125249
31455577	2147520512
48999205	67141633
40903417	147458
1684513	1085440
46391005	2164264960
8370901	36868
76102129	2147520512
47702881	36865
51703957	201326593
26704117	671088768
53292529	4362108928
28068157	1140854784
40788397	671088768
29952217	37376
12488941	1073778688
26361325	4102
1853317	32833
52295905	536875010
13528657	1610612992
74719621	671088768
48131209	1610612992
2864521	36866
64608229	1610613248
8362477	1610613248
23847409	67633154
18874657	4295004160
58908745	1085440
77718889	16809986
43537861	4311744513
52469569	1610613248
6692581	16809985
19259893	299008
18908353	32833
28211365	1174405120
798049	134250497
35912197	16973824
35246377	98305
67719277	671088768
47455021	671092736
3394909	2147520512
7862221	1610613248
23350069	1073778688
2758249	4362108928
50671045	36865
8987473	671088644
11177713	1090519041
31741669	2147495936
24237829	1610612992
29363185	67141696
58449961	4395630592
60476257	331776
34949917	16814080
64037341	32833
62005213	67108929
11594053	16809985
78041917	1081348
55672309	1073775104
64481869	1074823168
61534117	524548
2850265	4099
78032197	1610613248
47651365	4311744513
15576661	83886081
18585001	1610612992
30675385	134217762
65694925	1610613248
43506433	36928
5544001	3221229568
2484469	299008
29549485	671088768
9393445	4295000320
17301961	1610612992
53923357	16777219
43297453	36896
67487617	1610612992
5468185	1074823168
48415681	28672
62234929	1610613248
44682229	557120
8164837	36865
17348941	36865
73992565	16781313
41419549	1610613248
21958813	1610613248
2177317	545263616
76847977	1085440
30690613	135299072
24975901	1610613248
9945541	2101250
33971113	2147487746
12483757	671088768
28857097	83886081
39131461	32773
81361945	671088768
73762849	1610613248
70089661	1073778688
70897717	1081348
22928869	3489660928
55321417	1073745922
3844621	36928
40434589	1081348
62047333	1073876992
14919265	4311744513
18460585	8425472
52201945	36865
81406981	2147520512
35998381	1073762304
77728285	16809985
66209761	4295004160
1774585	67141633
186985	2147520512
40154005	67141633
5322709	4362076161
18878545	74
9542161	2147553280
73903789	1610613248
56159281	5368741888
66574261	150994945
15466177	37120
56572057	37120
6321277	557120
18128809	8421377
649333	2147520512
47399617	1074823168
17518717	67112961
5660641	2147520512
2186389	134742528
67552741	671088768
11275237	4311744513
80046829	1610612992
69529789	1610613248
36527797	1610613248
75381553	5435817984
5852773	327696
21821437	4311744513
51337513	2147581952
25803721	1081348
65219293	671088768
18233137	2164264960
27897085	1610612992
80556481	671088768
56180989	2148012032
77174569	134217733
67163617	671088768
40874257	2147487746
15890293	1082134528
42468661	561152
880993	134254592
31873537	4295004160
48315241	2148012032
75217933	1073778688
45453025	4101
31299085	4362108928
61828633	8425472
1574029	1610612992
52720021	1073778688
45530785	1610612992
72080641	360448
53331409	53248
23584969	65793
3597409	4395630592
6709105	1610612992
64473769	671088768
2869705	24608
38521369	5435817984
77835529	537919492
39063421	67108874
38750437	1610613248
32627809	2147520512
4610881	1081348
77217985	2147520512
21380797	1610613248
62579665	1074823168
28249273	1610613248
66950425	1073778688
21877165	150994945
44956333	671088768
31060297	201326593
75746701	1610613248
56979325	4362076161
69371029	1610613248
5379409	1610613248
58057597	4328554496
22686517	671088768
22287025	1610613248
78457285	4311744513
71918317	1610613248
18209809	4311744513
2127097	4295033856
15409801	1074823168
62162353	4328521729
6729193	1610613248
64089505	16814080
42499117	134217733
29271817	4311744513
65540701	1610613248
44165449	4362108928
5837221	16781313
50629573	1610613248
50355469	671088768
28625761	671088644
1139221	2147487746
65438317	7
53490493	671088768
50195089	4362076161
8865973	37376
78750181	36865
75144709	1085440
16526629	327681
63248725	1073745921
22894201	36865
73002745	1610613248
9791965	1610612992
68573989	1081348
34368013	671088768
10846909	2148012032
49642669	4610
9684073	1610613248
52526917	5435817984
51548113	37376
81667477	1073778688
42761881	134217734
58020985	83886081
43972345	67112961
39122389	8425472
1516033	66564
56057869	1048582
80269093	1081345
77922037	4362076161
69555061	4362108928
14741065	4311744513
36481789	150995072
81585181	1073766400
50584213	4311744513
128017	67141633
42126193	671088644
34907797	2147520512
29853073	671088768
66054565	671088768
4781953	36865
53614261	671088768
48891313	1073745921
6980941	1074823168
2331217	86016
5997601	67158016
79068997	5435817984
7638013	671092736
72304201	37376
65061505	32833
54392509	134283265
2733949	5435817984
64677241	134217734
41605201	20481
67662253	36865
36426061	561152
52773481	4362076161
63433729	4130
23637781	2129921
80200405	135299072
44702965	67108882
46608085	2148073472
58365721	1610613248
39230605	4295000320
70769413	671088644
6824449	134225924
49362409	1085440
26837605	1610613248
75575953	1081345
51524785	1610612992
48640861	134254592
57972709	1074270208
1019665	67141633
52047073	4362108928
41796361	67141633
4232773	2147520512
622117	536871940
24647689	671088641
41969701	1610613248
28867789	1610613248
25200109	201326593
4530205	134250497
20741869	201326593
29717317	98
17515801	1081345
4279753	196610
38798389	16814080
23922577	1610613248
76673665	1082163200
59631913	2147520512
35611201	1610613248
12063529	1081348
24079069	1610613248
10473985	1081348
64488673	1610612992
67881601	1074823168
3341773	1610612992
69071329	36866
7498693	67145728
37284337	4610
403741	1081345
64373005	671088768
37862029	4362108928
81595549	4311744513
23984137	1610612992
57311749	2147487746
10442557	671092736
19795141	4295000576
226189	2181070848
30509497	83886081
44150221	1085440
51501781	36865
39521557	67141633
10575073	1610613248
36659665	67141633
6104845	524608
758521	16814080
46455481	1610613248
63852337	536903684
3814165	201326593
38720305	4311744513
2154637	528386
9484813	4295000065
29582857	2147520512
77255569	1610613248
73183861	2147553280
35735293	4362108928
55541413	8425472
61537357	1610613248
34924969	268568576
48028825	1610613248
2140705	53248
5161357	67141633
52151401	135299072
62328241	2147487745
43571557	269516800
22759417	36865
12190861	671088768
33860953	671092736
10944757	57344
40276801	1085440
44364061	6509559808
8461945	1610613248
6595705	1085440
38874529	67145728
31140649	671088768
1681273	2101250
75315457	37120
73015381	16809985
27390997	671088644
25070185	4429185025
60550453	524384
25412653	1610613248
25273981	16912384
63327781	1610613248
15916861	83886081
41035933	1073778688
31594249	1610613248
79033033	1073778688
56946277	4311744513
79206373	1081348
44959573	671092736
44112637	561152
9776413	4303355905
16083397	16781313
51122701	67141633
60384565	4362108928
79540417	70
19842769	134217738
39436021	4311744513
34281181	1073876992
78006601	2147520512
1171945	1610613248
27365725	4362076161
75715597	1082134528
57850885	134742080
79522273	1073762304
50807449	4362108928
38196073	671088768
29644093	5435817984
77697505	671088768
73746001	2147520512
58226401	537919492
6913873	16809985
26530129	6442455040
73607005	17301568
33552181	1610612992
11894401	1073778688
48720241	671088768
358057	2147549185
49480021	135266308
45718705	1081345
35658829	1610613248
54441757	6442455040
40448197	20481
33962041	36865
24887773	1610613248
24200245	4395630592
79733845	2147520512
42346189	1610613248
22183021	671088644
70748353	1610613248
52963993	36866
31697605	1085440
64144585	33028
25077961	671088896
449425	17039361
72538129	8421377
78580729	561152
27924625	1610613248
37144369	2147487760
45289729	671088768
76923145	36865
5994361	331776
10020061	36865
29179801	2147520512
75972205	1610612992
24441625	37376
1196245	1610612992
31001329	2147487746
77332681	5435817984
14028589	67108929
68367277	70
18950797	4311744513
54502669	65793
77176513	557120
38958445	17334272
22237129	16779392
52065541	67371009
58990717	36866
41417929	53248
45221689	16777282
47215585	2147520512
75892177	36865
55351225	1610612992
63628129	67371009
42848389	4311744513
13464829	67108929
66649429	1074823168
9509761	67112961
63317737	4395630592
79886125	1610612992
78911209	2147520512
62132869	1610613248
74921149	4295000576
6780385	2147520512
65866645	1610612992
62784109	4362108928
63381889	37376
80135605	8392705
66836377	1085440
81669421	2147520512
69277717	1085440
16038685	83886081
51072481	1610612740
1864009	1610612992
70038469	671088768
19040545	4362108928
59029273	1610613248
13387717	83886081
60693661	1073778688
38827225	36865
75367297	135266308
70858513	2147520512
14413177	1610613248
63730513	671088644
40904389	1073766400
69325669	1073873408
68868505	24580
32476501	1610612992
36046981	671088768
26336053	671092736
31769209	3221229568
72596449	1081345
35031241	86016
73457641	53248
62221321	150994945
3860497	1212416
3623005	150994945
11483245	83886081
21929005	16809985
10753597	1610612992
49129777	1074823168
27543277	1085440
9960121	561152
46557865	1081345
12612385	536872964
77784985	1610613248
25932349	37376
44836129	4295000065
67343437	1610613248
78345181	1073778688
41369005	2147520512
56088649	1610613248
60042421	4311744513
37896697	1074823168
37654021	4130
50987593	1073778688
35906689	1610613248
35187733	2147520512
12078757	2147520512
80558101	65539
48579625	671088644
48007117	6442455040
68684149	671088768
4546405	524353
62458813	45056
4244761	2155876352
33652621	671088641
41482081	1610613248
69069061	1610613248
66990925	1081348
2784817	67112961
50223601	3221487616
32287933	3221229568
54521785	1073745921
27962857	201326593
39720169	1081348
13355317	150994945
265393	1610613248
68401621	32833
80481637	2147520512
17879977	67141633
38296837	671092736
41390065	68608
37445041	524548
31034377	1107329024
25705549	1610613248
48485341	671088768
10309069	1074823168
45315325	36865
22518361	2147581952
18446005	2147520512
69360337	1610613248
65493721	37376
37391581	4311744513
47083717	671092736
33082057	4362076161
66077569	671088896
50542093	4362108928
22640833	36865
49082473	2148012032
38105677	1073778688
62466913	1085440
13352401	545292288
35151121	8392736
5821669	1085440
41359933	32834
62245297	1074823168
10265653	524354
27147025	671088644
23687029	4130
69261193	671088768
33501313	1081345
66834109	1089536
60930505	36865
71411905	4294971904
32784625	1073938432
53736409	16809985
10053757	1085440
41160673	1081348
6493321	671088768
37909333	4311744513
37197181	1610612992
61678297	36865
33977269	1085440
44847793	1610612992
5422501	4295000065
61497829	2147483682
77122729	4362108928
1864657	17301568
56419777	671088768
32465485	135266308
57281293	671088768
61855525	327681
72696241	537919492
73554841	36865
67379401	1610612992
57351925	167936
65400409	3221356544
52047397	20512
37402273	4295000320
75714625	16781313
47248309	671088768
21769921	1081348
24510313	671088768
18164125	671088896
32788513	1610613248
15056965	20512
50114089	8421408
8341417	167936
30509821	75497473
37047169	1085440
9433945	1085440
64467613	1073766400
13125277	150994945
33956209	17301568
46951525	32802
40462777	134217888
2394721	201326593
70395841	299008
75090925	65554
57144565	1073766400
11520505	1074823168
60373549	134217888
44489449	2147520512
22048561	1073774593
8703649	1610612992
31826881	33591296
4732057	2147520512
4875589	1610613248
49380877	1073778688
23576545	1610612992
49625497	135266308
22829401	2147520512
24674257	1610613248
72409501	671092736
44582761	4395630592
6861709	1610613248
55852453	32834
30512413	75497473
38674945	134217762
23869117	134221828
7915033	4295524352
5946733	16810240
3049201	134254592
56616445	1174405120
49968289	1610613248
78283297	1073762304
28647793	671088644
5040505	1081348
54626761	8425472
58604833	4353
25354009	671088768
62082973	1146880
26868709	134217888
53956729	1610613248
74713141	2147520512
36574777	2147520512
8134381	2147618816
10739017	1085440
21323449	671088768
56309617	1610613248
51707845	2147520512
73513693	37376
28927405	1074266624
22357009	1610613248
12997	1610613248
13855249	2147520512
80606701	2147520512
3140245	1610613248
9515917	16809985
47712601	67141633
53173621	4311744513
59653	4311744513
32023873	1610613248
18772597	150994945
11880793	4099
61583365	4362108928
65807353	1073778688
10924345	16814080
21951037	2147614722
18138529	1146880
30934261	4311744513
6773905	4328554496
70402321	671088768
42620293	1610613248
26318557	67141633
29760085	671088768
32994901	65570
52672393	134217864
5605561	1081345
13966705	1073774593
77903569	3221749760
43198309	16814080
54253513	83886081
879697	1610613248
71307901	3221225488
76358089	1085440
28115785	1610613248
72049213	134479873
41801545	2147520512
47338057	36865
44124625	3221229568
18819901	1048582
29519353	4102
21577465	524354
22244581	1610612992
21605653	135266308
2902429	1610613248
33849937	524864
57176965	4311744513
624709	4311744513
78011137	28672
684649	1048612
26224597	1140854784
53596765	2101312
27379981	4130
47910241	67112961
14848957	1073745921
68052025	4362108928
76000393	1146880
72873793	1140883456
28385353	4429185025
66576853	1074790404
11694817	1610613248
69531733	1073746176
538849	135299072
30952081	36865
44872741	2181070848
30583693	32834
22476241	67125249
47135881	4311744513
59421961	2147520512
15981013	83886081
30293713	1081348
69528169	4295000320
32007025	1610612992
30871729	32833
5947705	1610613248
43520041	2147520512
29996929	1610613248
50797405	32864
40619593	4294971393
10673893	36866
78549949	36865
8836813	1085440
8271109	2147520512
7451713	67112961
19624069	32834
2401525	1610613248
53659945	1081345
58009321	1073774593
33003001	1610613248
22826161	37120
31621789	1610613248
77798593	32834
47733661	671088768
8126929	561152
81157825	1610612992
7291657	36865
14650993	561152
50453641	1610613248
11194561	4362108928
57933505	37376
46847197	17858560
870625	69648
44926525	32802
65581849	1081345
21930301	16809985
23397049	1085440
25711705	150994945
4785193	40961
59090509	4328554496
58271113	3221229568
55381357	4362108928
754309	1610612992
56826073	65793
14931577	67141633
10837837	1610613248
17320753	17334272
68867209	4099
45353881	671088768
80260021	1140850692
38774089	2147487745
53198893	1610613248
19903681	1610613248
48861181	671088768
42229225	1073766400
26696665	1074823168
43179517	671092736
66105109	17334272
75717217	1085440
47563237	557120
187309	1081345
78535045	2147520512
26909857	2148012032
26596549	2147520512
57795157	1085440
1221193	1081348
46317133	2181070848
12319489	8425472
18261649	1085440
13790125	1073905664
54719425	1610613248
57453337	2147520512
36740665	5435817984
70798897	36865
39802465	134218241
16467013	135266308
56522485	101187584
48738061	1140850689
67606849	1073742084
73195201	37376
41418577	36865
20226709	4295102464
60306157	4362108928
41038201	4311744513
21272257	4295000320
47006281	524353
12949669	4311744513
55240417	1610613248
31866733	33591296
12543049	1610613248
42574933	4362108928
41244589	671088768
43475653	671088768
2809441	1610613248
39668653	2147520512
76126429	671088768
43474357	1610613248
75104857	67141696
2050957	528385
25576921	3221229568
31398553	800
5366773	2147520512
65352457	1082163200
17636329	4102
3571165	1610612992
27666721	17334272
55857637	1610612992
49026097	2147495936
1082845	1058
27760033	1610613248
1652437	17301568
23206537	4311744513
57857689	5435817984
24189229	16809986
103069	268568576
45195121	4295000320
49602169	16809985
18083773	1610613248
37663417	4311744513
764677	1081348
29890657	4362076161
40792285	33591296
1954729	32833
25910965	36896
74578681	2147553280
79346989	671088768
27609373	2147520512
8354701	1610613248
41295781	1610613248
68531221	1610613248
59141701	4311744513
41185	2148073472
53958025	4311744513
53067349	1610612992
80812117	1610613248
7375573	4311744513
70722109	561152
46935325	1081345
32429197	671088768
13780405	4311744513
17811937	800
15399433	1610612992
46294129	1610613248
8690041	36865
47342917	98
47277793	135299072
57883285	32833
66296593	36865
3452581	1081348
35453737	4311744513
32855257	4295000320
27902593	36866
2821753	4311744513
5597461	2147483682
66751165	1081345
11551609	4295000065
15241321	671092736
75294397	16777219
80732413	36865
40101193	532482
54891469	1081348
8520913	1610612992
69546637	16809985
21713545	4362076161
31836925	2101312
67612357	1610613248
7911469	37376
5881285	1610613248
59676301	2147520512
39223801	671088768
40379833	8425472
53699149	2147520512
9252829	4362108928
75644317	800
498673	36865
75165769	134283265
43462693	67141633
45114121	2147520512
50883589	4395630592
62526205	3221229568
34497937	1085440
21041569	671088768
8467453	4295000065
951301	1081348
64164997	671088768
72268237	67141664
69620833	538968576
19957465	1610613248
25928461	557120
19230409	4362076161
53111737	4311744513
36771769	2147520512
23934241	35
38512945	33591296
141949	33591296
15057289	67141633
22545577	1610613248
50808421	671088768
49017349	524354
35109649	57344
81207721	2147520512
75826081	1048582
47296909	2147487745
74123461	4362108928
79874137	1610613248
39243241	196610
30712969	1082134528
15585085	138
74666161	2147487745
56281753	1081348
27092917	1081345
37730485	1610613248
51522517	1081348
21523033	150994945
16441093	518
73819873	1073774593
22226437	4362076161
50379121	57344
68491369	671088768
5721553	2625536
36246241	83886081
61606045	1073745921
12703429	37376
28097317	36865
71726509	36866
21730393	16809985
60453901	536875264
79743565	1610613248
12132217	1610612992
72138313	1081345
40558033	36865
11437237	8425472
22024585	32833
40146553	1610613248
38908549	1085440
81723853	1610612992
75116521	37120
41115313	3221229568
32357917	4297097216
1991665	671088768
36279613	24608
11908009	150995072
68009905	33591296
10326889	2147553280
43362577	2148012032
7393717	1610612992
33269653	8413184
21381769	4295000065
20225413	69
60531661	32834
6550993	32834
41724109	671092736
65293165	67
45665893	2147520512
60440941	536872964
80348473	36865
48770137	1610613248
3100393	134479873
21244393	4362076161
56388025	671088896
35084701	2147520512
54264205	1085440
52439761	1082163200
24103369	2147553280
66931309	1610612992
8761321	8392705
68247073	1073774593
53075125	1085440
7436161	32834
53081929	1610613248
36414397	150994945
29571193	67141633
8932069	17301506
37044253	1081345
243685	1610613248
73595989	2134016
44237053	1610612992
39286981	1058
43155865	17301568
56646253	36865
44810533	1610613248
41207329	671088768
68782969	1610613248
80425585	4362108928
17249797	1074823168
39772333	671092736
63969949	28672
70585705	2147520512
27349849	67108898
51205969	4362076224
5613661	1610612992
77375449	2147553280
15578281	83886081
75001501	1073778688
56607697	20481
53883829	1073778688
81647713	671088644
48834937	2684358656
33324733	4395630592
29581885	4362076161
25374097	2164260928
18304741	1090519041
68340061	1073778688
25988401	671088768
438085	1610612992
60452929	4395630592
46391329	671088768
36243973	36866
1138897	1610612992
25977709	671092736
76516201	67112961
68832865	1610613248
7754329	1074823168
55287073	1610612992
23619313	70
23283001	150995072
30097693	671088768
5133169	83886081
57364237	1081348
68733397	2147618816
5895217	1610613248
53947981	4294971408
2101501	2147549216
54488737	1056772
2891737	1610612992
29111437	1081345
53344369	671088768
16909273	36896
18228277	135299072
45254089	1610613248
17185321	1610613248
69660361	2147487745
47906677	671088768
8346277	8425472
22580569	671088768
46913941	671088768
34744825	83886081
33642253	1090535424
69784453	1073152
1426933	4099
51070537	1610612992
39244213	196610
32670253	2147520512
54265501	1085440
61629697	1610613248
38960065	83918848
76139389	2147520512
62898157	1610613248
8968681	1074823168
8489485	24577
49586293	1610612992
31885525	1610612992
42705829	67145728
20560429	1073876992
491221	2147483682
1549405	2147520512
18728209	2148007952
64312417	1610613248
8170021	83886081
34320385	2147618816
73377289	1085440
80498809	1074823168
62078761	2147520512
68241889	1610613248
74626309	2147487745
644473	36865
77774293	2147520512
6665365	2147749888
4461841	36896
47200681	100696064
23190013	1610612992
32609989	4362076161
74120869	2147811328
54685081	100663360
51539365	36928
523297	17305600
63074413	1081345
51745753	36866
29056357	1085440
18779725	16809985
17756857	36865
42140125	671088644
62095609	1610613248
18736309	1610612992
4579129	167936
63468721	1085440
63855577	134217857
69411529	4130
63630721	1610613248
72322345	70
40126465	1074823168
45151705	671088768
62746849	2147520512
31499965	36866
73200709	36865
60728329	37376
47336761	1085440
76876813	528448
31069369	4311744513
16094089	1610613248
39459997	1107300352
24243985	2147520512
38267353	524298
26986645	671088644
3302569	1085440
78077233	2147520512
17019433	2147520512
38579689	4099
48244609	1140850689
12153601	1610613248
32587957	1207959680
3162601	2147489792
25234453	1610612992
63802765	5435817984
11592433	3221229568
56655001	16809985
6341041	131090
71780617	1081348
2408005	545292288
55977193	1610612992
19521685	150994945
60203773	671088768
64611469	17301568
5486005	1085440
67312657	671088768
11993221	1610613248
72360577	24580
80596657	2147618816
41543965	69648
7920541	2147487760
50174677	4362076161
25668937	524802
52740757	4099
1702981	2147487746
32288581	4161
588421	74
76131289	134254592
46730233	167936
30811141	3221229568
662617	1081348
18145333	150994945
29354113	4311744513
72277957	1610613248
36330157	1073778688
7142617	1610612992
51451237	37120
30721069	4311744513
43159429	37376
50394349	135266308
62862193	4295000065
54487117	2147484674
36285769	150994945
77378041	1085440
15867289	4311744513
41477221	1610613248
80073721	37120
13816693	36865
47921257	1610613248
74440657	196610
478909	5368713216
21424861	1610613248
65753569	36865
55364185	1081345
75824785	671092736
25221493	1610613248
75488149	1074823168
1009621	137216
52590097	4311744513
42242509	135266308
53570845	36880
51998149	1610613248
1136953	69633
30488113	1073746176
11008909	4362108928
78776101	2148012032
34544593	536875264
68560057	1073774848
31323385	32802
13364389	1073745921
2495161	83886081
61259689	37120
46361845	57344
76413817	17301568
43370029	671088768
68471929	3221229568
67655773	1082163200
1075069	5435817984
53449345	1074823168
15512509	1085440
78260617	1074823168
71994781	2147487746
14872609	8392736
27968365	1610613248
42367573	4296048640
35581069	4311744513
61850341	67141633
51271093	67637248
24489901	33536
7490269	1610613248
34404625	2147520512
73873657	1174405120
283861	671088641
30523105	1610612992
44251957	83886081
78955273	1140883456
44853625	36865
27909721	1081345
27055657	2147549200
2046421	134217733
36277669	671088768
68057209	671088768
28557073	4311744513
38751733	671092736
2451745	1081345
9189325	1074823168
9524017	1610613248
8363773	2148012032
33694741	1073745921
60350869	37376
8511517	32834
25739245	4161
4207501	1610613248
73555813	32833
4525021	1610613248
32464189	1081345
32126905	150994945
49737925	83918848
17794765	134221825
45516853	4354
69332149	671088768
32136949	2147520512
13629421	1610613248
67912381	1610612740
40019545	2147520512
4111597	17301568
39339145	8425472
32596057	36865
42735313	1610613248
15182029	4311744513
65541673	2147520512
69437125	4353
66287521	1073790976
35134597	671092736
81126073	17301506
25666669	69648
81688213	671088644
40829869	2147520512
1027441	2134016
6669577	16779392
20278225	38912
14833405	150994945
23433337	4295000320
37298269	4295000065
49195225	1610613248
56437921	1610612992
69106969	671088644
28353601	1610613248
63245809	67108929
2895949	65793
19974961	4295004160
78012757	150995072
54341965	67112961
194437	671088768
38107297	16809985
41812561	16814080
25987429	671088768
69526225	4295004160
10063801	83886081
5035969	1610613248
58396501	32833
73233757	561152
63156385	536871680
73094437	2134016
49962781	1081345
33446881	135266308
81383005	134217733
59180581	671088768
4160521	671088896
3318445	1085440
69115069	1081348
51394861	28672
37747333	671092736
1049149	67141633
56122669	67141633
41219641	1610612992
47980225	67145728
63761941	1073778688
50049937	1610612992
38633473	2148016128
2390509	4362076161
31509685	4311744513
24555997	528448
57084301	1073762304
38897533	671092736
47362357	4311744513
5231989	67
51138901	16783360
25938181	553648384
43368085	671088768
36181117	3221229568
26830477	2147520512
10292221	2147483696
55403713	536872964
70299937	134283265
17210269	1073778688
80916769	36866
17582221	3221229568
25466113	671088768
65721493	1610613248
5948353	102400
57965257	4362076161
63186193	1082134528
58891249	2147520512
54635185	2147487746
984025	1610613248
1606753	4362076161
76089169	4362076161
23364325	1141112832
4024117	134250497
54383437	1610612992
18740521	67158016
49521169	525314
40203253	1610613248
54525349	1610613248
1377361	538968576
78172489	1073746432
27450613	1610613248
55716049	1074823168
74842093	1073746432
81672013	1082163200
9675649	294913
2896921	327681
37695169	4311744513
7894621	1610612992
10887733	3221356544
1324873	67141696
57762757	67112961
58598029	2147483906
54395425	2147520512
63582445	70
78250249	4362108928
918253	2147483682
3600001	1610613248
65923993	537919492
6030973	2147520512
21909241	32802
10954153	1073775104
494137	4395630592
69217777	83886081
69733261	1074270208
5449717	2156003328
46437013	671088768
2405413	1610613248
64377217	4295004160
36467209	83918848
26434549	83886081
57827557	2147520512
57897217	2181042176
56639449	671088768
17839153	167936
51441193	37376
17965189	70
1025173	201326593
8805061	2147487746
54046153	2147488256
80106769	1085440
70151221	4362108928
11832841	1610613248
28051957	1610613248
55174321	36865
43682689	671088644
20071837	1610613248
58812193	2147524608
12406645	671088768
24000337	2147520512
26379793	2147811328
51373153	1610613248
58406869	1610613248
55122805	83886081
79323661	2148007938
72216721	671088768
43113421	1610613248
49422349	196610
3042721	16779268
53063461	36865
698581	4362076161
68060449	1610613248
507421	2148532226
4806253	137216
61173505	16786432
69105025	36865
78496813	1074823168
36382645	4311744513
45315001	1610613248
47203597	1610612992
5123449	16777476
48442249	3221356544
65839753	1081345
1349173	16781314
4192273	1081348
6114241	2147487746
30512737	83886081
76638349	1610612992
47415169	134217733
68257117	36866
78479965	20512
204805	2147520512
49666321	1610612992
844057	1082134528
24396913	1610612992
38206117	17334272
46214749	1115136
78964345	4311744513
38983393	17301568
76555081	3221229568
42818257	2148012032
63912601	1073778688
19165285	83886081
37070497	327696
62108893	1081600
52489333	16912384
2510713	1610613248
47222065	1081345
72686197	134221825
76426129	1610613248
141625	150994945
46854973	1610613248
21588805	2147749888
15817717	1082134528
45033445	1081345
40438801	1610613248
57971413	201326593
27667045	1610613248
48587077	4311744513
51531913	1081348
2538901	327681
19416385	1610612992
52771537	536871680
77338513	1610613248
29447425	4311744513
31335373	2147487745
73371781	671092736
10311013	134217734
41814829	67141633
76541473	4362076161
7769881	135184
53844949	36866
24798673	2148007940
77272093	1610613248
42011497	1610613248
5755897	1073778688
35104789	671088644
25596361	1610613248
36208657	4295000065
48125053	2147483684
66335473	1074823168
3551725	1610612992
61307317	1074823168
9159517	2148012032
78690565	1610613248
29614609	8210
36721873	2147495936
4574593	134217734
37729837	4311744513
47644885	1610613248
27654733	671092736
49808557	1081348
48333709	67141633
31944169	4362108928
32736025	1207959680
53773345	1610612992
65308069	528448
77950225	3221229568
57403117	4362108928
45523333	36865
53192089	35328
2662669	1610613248
9781273	100696064
75601873	36865
47507833	2164264960
70910029	5368741888
48202165	17334272
28401877	1085440
68191669	1081348
12755593	67108929
41882869	536871172
14828869	1610612992
14611141	1610613248
21955897	1085440
26780581	671088644
77842981	17301506
75910969	1074823168
63480709	2147581952
1387081	135299072
68663737	4295000065
23445001	1081345
66272293	1081345
41695921	3221229568
39308041	1610613248
77316157	36865
7393393	57344
50612725	1085440
18682849	2147553280
22676473	16809985
15706585	150994945
1679653	1610612992
43460101	1610613248
11569429	557120
41280553	1610612992
5749417	134283265
23155345	1610612992
48377125	671088768
54148213	1610613248
69106645	1610613248
38155897	2164264960
238177	2164264960
6701653	16809985
31271869	1140883456
33000733	57344
67353805	67108897
76023397	4362080256
17354449	1610613248
3477529	67133440
37836109	2147520512
2078497	16797696
6167701	2147488000
63300889	1073778688
1393237	17301568
71055181	1073778688
19510993	36865
35205229	17334272
317233	2684358656
8428249	561152
38826901	36865
16046785	150994945
24666805	671088768
3976813	32833
16659145	1610613248
68698729	4362108928
47117737	327681
40631905	2147520512
11101897	4295000065
32574025	4296048640
52406065	36866
66021193	1610613248
10330777	2147520512
73929709	4311744513
48731905	83918848
65887705	4311744513
22886425	4395630592
70374457	36866
660997	36866
5008429	83886081
57648061	201326593
53473321	4311744513
493165	17039361
20122705	3221229568
47770921	2148012032
11206225	2147483682
1013185	1610613248
64394713	1610612992
50249197	1085440
38737477	24580
30185173	2147520512
1404577	4311777280
70800841	3221229568
49523437	16781313
60858901	36865
64268677	67158016
33633829	671092736
19285165	671088768
67749085	70
43368409	671088768
56334889	2101312
63033265	1610612992
16689277	4311744513
44927173	16809985
22788901	1073778688
47603089	17301505
67617541	1610613248
21285541	2147745808
70988437	1610612992
15866965	1610613248
36156493	1610612992
2443321	16777250
25193953	5435817984
62579017	36865
5679433	34078784
19712197	1073778688
13492693	1085440
20595421	36865
16541857	1610613248
20913913	561152
21132613	4362076161
12616921	671088768
14166937	1610612992
8921701	1073778688
25465141	83886081
68433373	16809986
77596417	1610613248
4766401	36865
32382217	2147520512
26921521	2148012032
53275681	1081345
31741021	83886081
44232193	671088768
19866421	4295004160
79043077	5435817984
53695909	36865
37067257	16779266
29070289	1610613248
1549081	1610613248
33899185	1085440
30797857	671088644
6983209	8392705
1239013	557120
35824069	67141633
54683785	65554
3360241	4311744513
40340629	1610612992
16477057	135266308
53836525	1074823168
62428357	16809985
10592893	1610613248
76889125	2147524608
64268353	2147520512
46176193	4362076161
5489569	135266432
42692869	37376
229105	1610613248
77104261	2147520512
54209449	36866
80752177	2147520512
25024177	36865
77203081	2147520512
49170601	2147487746
10745173	4295004160
15211189	24580
74640889	2147618816
46508617	671088768
40295593	4311744513
60879313	4295000320
27817705	16779520
22720213	32773
24796405	24580
23452453	2147483682
6863653	8421377
38334097	4362108928
79324309	2147520512
41572801	4429185025
1258453	1610613248
21056149	1610613248
32110381	1140883456
63988741	1081348
45509077	1048610
35260957	150994945
2325061	36865
62121529	67145728
2980189	2147520512
24886477	1073778688
28815949	36865
79598413	2147487760
21730069	16809985
8970301	2147520512
21130021	1610613248
28936477	671092736
48407257	2147520512
44987113	1074266114
52950385	37376
72230653	36865
10457137	16912384
13516345	67113024
12236869	2147553280
32846833	75530240
57397285	1140854784
8307397	83886081
56072125	4362076161
44922313	67158016
11191969	2148012032
27296713	8425472
52740433	1610613248
70928497	1073775104
18089605	150994945
30237985	537919492
358381	4311744513
24754933	671088644
68414581	36865
34317793	2147520512
67543021	1610613248
22058605	4362092544
70932061	1081348
59494861	67112961
49850029	1610613248
42544153	67141633
15467797	1610612992
7457869	2101504
80771941	36865
52215553	4311744513
38944189	1081348
33566761	1081348
74746189	1610612992
62392717	4295004160
49809205	1610613248
53716645	4395630592
30202669	1073905664
19654525	17334272
51806665	3221356544
67584493	2147487745
62556985	4295000065
6034537	36865
11407429	32833
2588797	1610613248
45566749	553650176
14317921	2147487745
23722993	32802
45301393	294913
36497989	17301568
66086317	1610613248
51278221	57344
24118597	1610612992
13837105	1610613248
54040969	98306
4934557	553648384
20692621	83886081
52683733	5368713216
37277209	36865
45465661	671088644
81435817	36865
17338897	1081348
60069961	671088644
49601197	20481
4337749	2147520512
18202033	1073745921
65388745	37376
23611537	671088644
16191613	4102
60584473	1610613248
66832489	1610613248
38736505	196610
18045541	75497473
20914885	536903936
12206089	1610613248
27741889	134217733
47124865	557120
8093233	1610613248
3097153	67403776
41056993	4295000320
25394509	50
41933737	4295000065
61411645	1610613248
18159913	1610613248
68021893	537919492
14920561	67141633
56267821	16843776
48991105	671088768
69497389	1074270208
34948297	1090535424
31007485	1081345
69632821	589826
33544729	671088768
72223525	1073774593
79611697	671088768
52941961	36865
56847133	83918848
9852553	4294971393
28787113	671092736
68495581	34611200
67873177	36865
63625213	67141633
79760089	3221749760
70539373	1073778688
19147141	1073778688
45691813	2181070848
5809681	201326593
39036853	671088768
76494817	1610612992
13170313	40961
39201769	150994945
61495885	1610613248
46759069	98320
65959309	1610613248
17819065	135266308
48683305	1073745921
13743793	4295000065
32213737	1073774593
77664781	4311744513
61491997	671088768
40888189	671088768
51388705	65793
7678837	2147520512
76554109	4362076162
31720609	4362108928
50640913	2147549200
60899077	1610613248
55972333	3221225474
38839213	1074823168
37008289	1081348
59162437	2147749888
63311257	1610613248
76126753	1085440
18170605	671088768
12793177	1610613248
40054213	1081345
48271177	1610613248
50621149	1610612992
71907625	1081348
19004905	150994945
30753469	1085440
23210101	671088768
27577297	67141633
8402977	1610613248
20454157	67141664
440029	1081348
7313041	2148012032
35689609	4311744513
70027453	5435817984
49073725	24580
42013441	671088768
13820581	4102
11390905	2147618816
59598865	1610613248
27553969	671088768
5128309	3758096384
19265401	4362108928
172081	671089152
49511773	32833
31410541	800
5603617	2147483682
78611185	671088768
46596745	671092736
47778697	561152
40525957	28672
41881897	671092736
15251689	17334272
10436401	1610613248
17109829	1082261504
37608985	36866
17006149	536875264
73074349	1081348
25987753	2147520512
9935173	150994945
54812413	671088768
37051057	1073778688
60105925	1610613248
47792305	2101312
13946617	2147487745
22425697	671088768
36696277	1073774848
53617825	2147520512
341857	167936
34630129	1085440
18968617	150994945
48403693	1610613248
77096161	4362076176
1166437	671092736
4508821	4311744513
79547545	1610613248
30497833	2148008000
61002109	24577
64418689	37376
19203841	671088896
48828133	1610613248
32378977	83886081
71373025	1610613248
48652201	268566544
22787281	561152
39151549	36866
27111385	671088644
5966497	1610613248
339913	4429185028
72076105	4362076161
14884273	2147487746
5939929	331776
1710433	137216
43524253	1610613248
53009029	3221229568
40450465	67141633
56549377	2147487746
52510069	1073778688
50697613	671088768
62660665	36865
12355777	671088644
46644373	1610613248
45015625	201326593
63428869	327681
22879945	133122
50592313	3221229568
52482529	1610613248
11965681	57344
60119533	1610613248
80541253	1610613248
56817325	671088768
43940917	36865
53380657	32802
74785393	1610612992
37366633	196610
33061645	1610613248
13932037	1610613248
2998657	16781314
30741805	1610613248
69517477	36866
31940929	16781313
65961577	28672
69083641	4294971393
6958261	32833
47946529	2147520512
39343681	299008
58518649	33344
35670817	2147520512
20103913	4329570304
46997857	1610612992
52189309	33591296
66773197	1610613248
7682401	561152
53370613	1073778688
28958833	1610613248
42434317	1074823168
2533717	57344
76995073	1074823168
30017341	167936
19097245	67141633
57572893	5368713216
25502077	1610613248
69405697	36896
81290989	1610613248
40030885	10242
43833025	2147520512
19854109	1085440
52929649	1074266144
66104785	671088768
57123181	4311744513
28714537	1140883456
874189	98
14398597	327696
64462105	522
75887317	4296048640
28453717	671088768
78664969	1610613248
60114349	4295000065
46954117	671088768
34984261	1610613248
61255153	1073778688
50927329	3221356544
41279581	671088768
63273349	2164264960
52651981	1074823168
71902117	1081345
24352201	1610613248
31804849	134254592
37004077	1081348
80868817	36865
18582409	1212416
42788125	1074823168
69241753	1073778688
7707025	1610613248
71286193	1610613248
39133405	2147520512
7929289	1174405120
41693977	1610613248
55998901	37120
30879829	671088768
32436649	1081348
69174037	1081345
72960949	1610613248
1948249	2147487746
19022401	150994945
29890981	57344
33326029	100696064
13996513	4294971393
76037005	2147520512
763057	67141633
80689645	1085440
23208805	201326593
850213	1610612992
45617293	1610613248
9805573	4362076161
38897209	671088768
30496537	1081345
60598081	1610612992
78744997	2147520512
51321961	67141633
42285601	37120
52943905	524354
25692913	4106
21243421	2147520512
41870881	17334272
40160485	1610613248
48819385	1073938432
51807961	65793
38887489	1610613248
26590069	671088644
12361933	36865
2535013	2147487746
39995245	671088768
1965097	150994945
984997	1610612992
33272893	1082163200
49995181	17334272
71798761	17104896
293257	671088768
78823081	5368741888
71742061	5368709121
56044261	4130
58713049	1610612992
71394085	1107329024
31761433	4362108928
78021829	2147487746
77181373	24580
19036657	16809985
45043165	2147504128
42869125	135299072
3187873	524353
32776201	1610613248
67739365	40961
2121589	1610613248
42758641	1610613248
12054457	2147487760
16252201	137216
46537129	1610613248
8018389	1610616832
64659745	561152
43571233	5368709121
15117229	1073745921
16066873	1610613248
37440829	1082163200
61922593	1610613248
47098297	4130
76437469	1610613248
55228429	671088768
793513	4295000576
59804929	1610613248
19449433	1081348
23589505	17334272
13071493	2148012032
7092721	4099
42384745	134250497
21274201	16814080
33892705	32833
33072337	673185792
33559957	134283265
16830865	67112961
37369873	196610
21121921	327681
12880009	671088644
13993921	135299072
38655505	2147487760
23580757	1610613248
47659789	1073745921
45394705	4311748608
36300349	57344
67834621	4311744513
12533329	671088768
7386265	35
77614885	1610613248
34634665	4295000065
7146829	1610613248
79767217	1140883456
6823801	4311744513
57149749	4311744513
67654801	1082654720
350929	1610613248
35743393	4311744513
16193233	2146304
34157089	16908304
37178389	1085440
43529437	134217733
67764637	671088768
21556405	671088644
63295705	1610613248
792217	1610612992
67370653	4311744513
57450745	17301568
75483937	2147520512
21029905	1610613248
14852521	1610613248
28041265	1610612992
225217	1085440
56595385	1610613248
64391149	2147520512
2036053	4295065600
28370773	4130
10380349	150994945
38849257	36865
25569469	67633153
45623773	16809985
81007489	33284
14668813	2625536
5423149	1610612992
19401805	327696
77790493	2155876352
57904021	2148012032
39937897	4362108928
61518565	1074823168
29696581	2147749888
60276349	1085440
25076341	1610613248
42767389	671088768
10466533	2147520512
81307513	1073778688
346393	32834
42691897	37376
3245545	671088896
70255873	1610613248
3743209	40961
8873749	2147520512
35125201	2147520512
28756981	8392736
65777545	3221229568
34096825	671088644
40661065	1610613248
44467417	1081345
1227349	1610612992
70005745	37120
79459093	2147487808
36193429	102400
35943949	1030
76627981	1140883456
4061053	671088768
69819445	36865
80237341	4362141696
73979929	1140850689
43431913	1610612992
26863201	671088644
70023565	1610613248
57686293	2147520512
21058417	1610613248
57878425	4295000576
74542069	671088644
18437905	1073774593
33033781	4311744513
54583345	2147520512
67110481	4311744513
36164269	2147520512
72674857	1081345
67625641	1610613248
37164457	2147520512
10728001	1610613248
27818029	16779520
24769513	1610612992
23866201	2147487746
41084857	1610613248
5069017	1074823168
59199697	4311744513
50252437	73
19524277	83886081
699229	4294967361
27224785	1073774593
38710261	4295000320
50766301	4362108928
45709633	1610613248
33347089	16781313
19020781	150994945
70134697	1610613248
5767885	671088768
78548329	196610
39970297	36865
72314893	1107329024
6404869	2147520512
48266965	1610613248
77812525	5368741888
56487493	1610613248
31297465	4610
54709705	1610612992
41066713	4328554496
4136869	4311744513
8714665	5435817984
25603813	32773
36222589	4295000065
15588973	83886081
81454933	671088768
30249649	8425472
57851533	557120
5016529	4429185025
21398293	671092736
52402825	4295004160
72513829	1610613248
40468609	1073774593
43955173	70
27942445	36865
62176285	5435817984
60842701	1081348
36343117	2147495936
25734709	1085440
4119049	1074823168
26577109	134217988
54810145	134217857
33561253	134283265
22818385	1610613248
19464985	4329570304
40034449	2147520512
34649245	83886081
46177489	671088768
21337057	1073778688
68810509	1074823168
67515805	2147520512
37245457	57344
67548853	1610612992
42658849	544768
32313853	32834
28963693	17301568
62256961	1610613248
470809	4362076161
26411545	134254592
19116685	1610613248
33408325	33591296
2365885	134217733
9814969	57344
39952153	36865
5676517	2147520512
27000901	150994945
33204853	1081345
27886717	1610613248
4166677	525314
9577801	1610612992
1186201	5368709121
16453729	135266308
47958193	1073745921
47056501	671092736
17974909	1610613248
63975457	1610613248
935749	4362076161
51446053	2147520512
47708713	671088768
41730913	537919520
39943081	4311744513
54263233	1085440
52305625	16781314
1955053	36865
71384689	17825856
37226989	2147520512
29789245	36865
71965	1610612992
12468529	671088768
53347285	1073745921
49158289	671088768
38173069	1085440
41349889	671088768
58527721	4395630592
205129	2147520512
41667733	135184
81423505	671088644
40490965	327696
47434609	53248
409573	134250497
24680089	1610612992
61981237	2147618816
55400473	1610612992
78426181	1073778688
23358493	671088768
57039913	561152
38683045	671088768
47213965	1610613248
79213501	1074823168
33184441	53248
79377121	37120
44295049	2147487745
20590237	671088644
63016741	1073741829
40357477	4130
59032837	671088768
31180501	331776
56643985	17301568
8579557	1073876992
6063049	1610613248
75219553	83886081
94645	134250497
25433713	134250497
59070421	1140883456
37719469	1140883456
38277073	36865
80370181	1610613248
32772961	1610613248
67208653	36865
3645037	36880
77932081	36865
17151301	1610612992
13454785	1081345
13205305	1073745921
77731525	2147520512
25379929	57344
39594781	16781313
22788253	16809986
3583153	4295000320
38914705	671088644
31484413	100696064
38974321	1085440
31868677	1074790404
52840225	8392705
68204629	36866
76683709	1085440
53726041	53248
78119677	1610612992
34479793	671088768
31486357	1610612992
42433021	2147520512
30177397	1146880
16477705	135266308
34341769	2147520512
31763377	1610612992
60240709	1610613248
10439317	3221229568
26175997	1610613248
36200557	4362076161
57968821	1081348
50971393	1081348
41177521	1610612992
21070729	2155876352
34312285	2147520512
22811257	561152
56098369	2147520512
73982845	1073766400
74918557	1140883456
59059405	5435817984
59549293	1140883456
78700285	32834
74324341	1610613248
41117905	2147553280
45196093	67141633
78111253	1085440
19506781	1074823168
55435141	1610613248
19944829	4294971393
50788009	35
39811213	671092736
60000301	2147520512
19674937	67112961
56364049	4362076161
28856125	2147520512
50146813	2147520512
73522441	4362076161
28062973	2147520512
70560109	28672
55552753	1174405120
36531037	1081348
78982165	1610612992
3124045	2148012032
40202605	1090535424
77271121	561152
22581541	671088768
8182981	1610612992
1660213	4328554496
49856509	561152
78325417	134221825
41019085	561152
39002185	17305600
74440981	1610613248
1982269	524322
58777849	2147524608
76064869	2147516928
36569269	4295000065
18451837	4311744513
2222029	2147520512
17127649	4362108928
37847125	134254592
13157029	40961
64782541	1610612992
14348701	16912384
72515125	16809985
37305073	4295000065
53496973	36865
52899841	1610613248
66811753	2147520512
10533601	327696
28492273	1073778688
77579569	1610613248
25505317	1085440
67593889	1610612992
51397129	544768
27357625	16809985
47789389	2148012032
4215601	4296048640
47533753	1610613248
47877517	4296048640
40448845	1610613248
66560329	671088768
67613653	331776
56945953	1073774593
21304333	16809985
68804353	16912384
67550149	1610613248
671365	16779266
392725	1610612992
44904169	2147487746
25399369	1610612992
15933709	67141633
47003041	67141633
79456825	4362076161
6667633	57344
52474753	32834
44687413	671088768
15574393	150994945
13177765	40961
2654245	83886081
53702713	671088768
10762345	671088768
26893981	1610612992
262477	1610613248
2598841	83886144
63694225	1081348
37745389	57344
46896121	1610613248
49484881	1090519041
51830641	36865
61838029	36866
65549449	1074823168
33545053	4362092544
17631145	4294971393
17487613	16814080
1429201	1610613248
46767169	1085440
63761293	134218753
39956689	1085440
79533613	32773
17993053	2148007938
24521653	37376
38392417	671088768
664237	36865
72339517	1610612992
1877941	1610613248
42470929	65808
18035173	57344
16778701	36865
36655777	2147520512
12938329	67112961
9495181	1073778688
29953189	67112961
41647969	671092736
66678913	1610613248
12035017	4362108928
70096141	36865
38608849	671088768
4391209	4295004160
67415041	331776
33817537	67141636
11782621	1081345
2265121	2148040704
41992705	2101249
10115965	36865
49110013	1610613248
39247777	8392736
5285449	67
44525089	4395630592
26111521	2147520512
51074749	1610613248
13443769	1085440
36084889	4362108928
78719401	4362108928
56849725	4362108928
75945313	2148012032
14566429	75497473
32753521	671092736
3951217	2147487746
67323997	2147487746
37367281	196610
15432805	83886081
23618989	4362076161
61192945	1610612992
76861261	4311744513
7913089	67141633
1336537	1610613248
53334325	36866
57899809	1081348
221005	70
4356865	2147553280
14412853	32833
64735885	36865
12693385	1085440
56692585	1610613248
3011617	557120
71914429	1610612992
46720513	671088768
67459105	67141633
35151769	2164264960
42878845	4311744513
19847305	1610613248
65426977	1610613248
32461597	150995072
58523833	1140850689
29443213	3221229568
48728341	2134016
7987285	2147520512
26890093	1073745921
46694593	1081345
2242117	1610612992
63985177	1107329024
52349689	4295000576
79142869	2147520512
80307325	1610613248
73485829	268568576
37551313	2147520512
12757537	2129921
77493061	36866
40898233	67108874
72500221	1610613248
13925557	150995072
10095553	2148012032
7792237	134220032
41627557	36866
53081281	8392705
66836053	1610613248
6080869	4311744513
66224665	4311744513
80867521	2147520512
65980369	4311744513
44101	133122
6972193	57344
1141489	1610612992
15519313	2147520512
33361993	2147520512
34304185	4311744513
47152081	1081345
60782437	16809986
27020341	150995072
25067269	4130
1550377	67108898
2383381	1610613248
47630953	671088768
65542321	1610613248
68023189	1085440
77310325	67141633
13828033	4362108928
41927581	134221826
33031837	1073745921
61857469	1085440
2283265	8523776
55707625	1074823168
57928969	671088644
24825565	4130
29769481	671088768
21397321	1610613248
78409333	37120
58814785	2147524608
15561433	671088768
71633197	2147487746
24526837	137216
78422293	134283265
2883637	4295004160
41540401	67145728
47503621	4362108928
14661037	2147549185
27554617	1085440
27076393	67141633
49707469	135266308
11535409	1610613248
18663085	67633153
22383577	1115136
4474801	1073778688
74038249	1081345
67121173	83886081
2253781	1114113
26927677	33344
20678041	2148012032
22431853	671092736
44587297	671088768
60585121	1074823168
8418529	1610612992
61629049	1073745921
77512501	49156
60756841	518
58524481	4294987776
78598549	1073775104
78305005	3221225474
79585129	671088768
46196281	16814080
73191961	1610612992
74894257	3221356544
24489253	36865
18702289	4294971393
4149829	536871170
40766365	1107300352
53886421	261
51883777	1610613248
61027381	2181070848
19468225	4362108928
2492569	1610613248
20738953	67141633
50000041	671088768
5612041	1610612992
42104809	1610612992
42870421	1610613248
33012721	134283265
78490657	1074823168
72306145	36865
54023473	1081345
33521725	4311744513
31560877	4130
64255717	16809986
22372885	4296048640
13718521	1610613248
25634917	1082130688
67588705	83918848
60020065	2147487746
76118329	671088768
33909229	1610613248
72612649	16809985
27341425	2147487746
36918865	1610613248
44577577	671088768
50246929	17301568
19704421	67141633
34181065	4311744513
15017437	1610613248
77184289	1610612992
20623933	671088768
27846217	2147487760
222301	1610613248
44739253	671088768
44430805	67586
62346385	4099
73395109	524548
53164873	36865
4575565	1085440
15031693	134250497
42752485	1610613248
39696841	4295004160
63883765	1610613248
43327585	671088768
38108269	2147520512
30321577	67141633
50485069	1610613248
886501	135299072
40621213	2147487760
72531649	83886081
60883849	1073766400
38889109	32834
44673157	2148012032
72425053	1073905664
57268981	671088768
21758905	2147520512
72234541	4311744513
52897573	1610613248
16470901	135266308
24344749	1610613248
13693897	134283265
59274865	36865
9740449	67141633
3423097	4429185025
24739057	671092736
24020425	37120
38998297	2147520512
51199489	2248146944
29679733	671088768
23310865	4295000065
35168293	671088768
1380277	2147484674
60188221	33587201
22742569	36880
61869457	16781313
19268965	528448
33185089	150994945
35061697	2147520512
78229189	2621441
9271297	1085440
20872765	134217733
17208973	134250497
9472177	1610613248
50498029	134283265
37487809	4311744513
69991165	671088768
30500425	4362108928
30334537	1140850689
78783553	1610612992
16706773	3221356544
50375557	5435817984
6237685	1610613248
5709565	671088768
71083045	16814080
73488745	36865
23771269	557120
42596317	671088768
1045909	2147487746
5088457	2147520512
78707089	16777282
50910481	1610613248
16221097	83886081
55072585	1082134528
31392073	800
5362561	1610613248
38394037	134217860
18639757	150994945
68269753	20484
46388737	4362076161
39531925	1081345
14496121	24608
62213221	4162
19535941	134250497
21886561	137216
25643341	1610612992
54134281	37376
79387165	53248
1926541	36896
7860925	83886081
22549789	1085440
16018273	4295000065
4409677	1610613248
57197701	671088768
9049681	1610612992
58864033	37120
80382493	53248
54388945	4395630592
448453	4311744513
34537465	24577
63493345	1610613248
41999833	4295000065
1204345	1610613248
31161385	3221229568
19598797	1610612992
41240377	53248
69889753	4295000065
71362009	16777281
33950053	1610613248
12927961	4610
49133989	2147553280
54135253	1610613248
12887785	671088644
2324089	4311777280
38481517	1081345
1220545	2148040704
56970577	671088641
79594201	2147520512
26106661	1610613248
23369833	1073778688
47393137	37376
51354685	1610613248
20087065	1073746176
185689	2101250
2570977	36865
23661757	671088768
31622113	8392705
66309229	8392706
55877077	1073745921
1918117	1610612992
37345897	196610
38399869	20512
49726585	2147520512
7088509	167936
18811153	83886081
79704685	2148012032
19866745	3153920
72886429	134221825
72485965	1074823168
22002877	67145728
53126641	1073778688
27313885	2147520512
63443449	36865
11719117	4296048640
47910565	2147520512
69216481	1610613248
50654521	4162
61416505	2147811328
9903421	671088768
71370109	1610613248
53291233	8421408
60434461	4295004160
56824129	2101312
37886977	4294967301
74198953	83886081
75661165	1085440
7655509	1610612992
54190009	1610613248
36885817	1610613248
52348069	1074003969
37777789	1610616832
58800205	1610613248
4562281	4362076161
24896197	8425472
72082585	3221229568
25674445	1610612992
48564397	1073742084
42084397	32802
3479797	67141633
6063697	4362108928
75498841	1610613248
22851109	4130
48334681	201326593
78998365	1074270208
8342713	4362108928
2084977	150995072
61609609	1610613248
62591329	3221229568
8951509	1610612992
2414809	1610613248
71079157	671088768
72759097	33587201
42092821	16783360
75491713	37120
5708593	2147487760
63222805	1610613248
73784557	1140883456
31788649	2147520512
7456897	671088768
53223193	1610613248
78504265	2147487746
78551245	5368741888
29354761	4311744513
38699893	4295000065
64523989	2129921
25776829	671092736
219709	1610612992
9082729	32786
44864317	1140850944
28211689	1074823168
51466465	1073746176
30849049	524354
43115365	8392705
16464421	1081348
29454553	1610613248
21229813	67141633
27578917	134217733
16376617	16809985
68769685	3221229568
5274433	1610613248
33065209	134283265
1242577	4295491585
43285789	2147487760
62773417	4329046016
4919653	269486080
32580181	1610613248
65912653	1081348
57268009	671088768
836929	1212416
49297285	4294987776
50658085	1610613248
8802793	134250498
34996249	1610613248
51316453	299008
25780393	1610613248
59878477	83886081
79079365	2147487745
57198025	671088768
34384537	671088768
1233505	1081348
50406337	70
51261049	2147520512
57763729	42
26160121	1610613248
23651065	67141633
33310801	36865
57280645	671088768
38421253	33281
9726517	65570
6823153	4311744513
71206165	37376
50071645	1610613248
15073813	671089152
38037961	1610613248
23885965	1610612992
32885389	327681
41135725	5368741888
32599621	1085440
10614277	524306
22062817	671088644
4024765	4311744513
27602569	1610613248
56879209	5435817984
12642193	561152
44635897	1073778688
23119057	4130
43015249	36865
33166297	528385
78728797	10518528
43961005	32834
21698641	65793
44878573	2147520512
57227509	1073774593
79188553	1081348
62001325	1073778688
80303113	1610613248
5199265	134217734
74833993	2147520512
53937937	671088768
49092193	4362108928
38643517	2147553280
25099993	1048610
63014149	1074823168
3088081	2701131776
37859437	671092736
314317	83886081
11648485	4395630592
71736877	1610612992
45398917	4311744513
60123745	1074823168
24785713	536870918
59500369	4295004160
49605733	4311744513
59501017	36865
16748245	67108874
31256641	67141633
33647113	1085440
11761561	32802
51971257	83886081
17067709	4295000576
41385205	68190208
12938005	327696
5261797	2148012032
50703769	4362108928
80113249	1610613248
41079349	1610613248
80046181	2147520512
16442713	135266308
54904429	1073778688
43010389	37376
50547277	67633153
16305337	5368741888
3726361	2147520512
19901413	150994945
63181981	1610613248
42689953	4296048640
66467341	32833
60801553	36880
64480897	4362076161
79859557	3221356544
25776181	24577
58577941	1610612992
12702457	671088768
56623897	83886081
50736493	4362108928
16083721	524384
71031529	1074823168
57243709	671088768
40171501	4102
37241569	2147520512
48136717	1081345
52496137	4311744513
29783413	1610612992
999577	4311744513
57081709	1610613248
61644601	4362108928
6027409	2625536
3655405	36865
23022505	1610612992
18632629	67141633
1274977	2147487746
46588969	1048610
33146209	150994945
77148649	4295004160
10662877	1610613248
36473689	36880
3470725	2147520512
72079669	536903684
1667017	3221229568
71983117	67108929
78845113	536871172
43275745	1073811456
46650529	1081348
59058757	4362108928
62058673	1085440
67403377	1085440
35640037	2147487746
25325821	16809985
67868641	1610613248
10412749	67141633
62204473	671088768
3351493	1610612992
35034157	1082163200
35800741	536875264
73872361	1073778688
3711133	1074823168
36464941	1610613248
1023229	1610613248
41107213	671088768
6930397	134250497
5545297	4311744513
68497201	536872964
56066293	1074266368
54768673	1610612992
59487733	3221229568
53330437	1610612992
509689	1074790404
23192605	1610612992
70931089	1074790404
13644325	2147549200
26390809	1610612992
18217585	1610612992
79445485	134217733
6815053	16809985
76505185	3221229568
78554809	67141696
58045285	1610613248
37583389	28672
24645421	4311744513
45498385	299008
46923013	83918848
48707281	16814080
63181009	4362108928
4001113	671092736
314965	67141633
54379549	2147520512
50548573	1610613248
1199161	4162
12478897	671088768
5412457	1610613248
19637353	4378853376
48459745	8425472
38294893	36866
5660965	2147749888
70341733	36865
53641477	4311744513
60363181	4311744513
10725085	1073778688
36799957	671088768
25060789	561152
77562397	16912384
5261149	1081345
28929673	36865
33580369	1074823168
63989713	134250498
58241629	327681
67635685	36865
31326949	16781313
71168581	36865
65268217	1085440
18320941	1085440
58840381	67108898
18758989	671092736
68845501	1073778688
40014685	134217734
76601089	4362108928
63188461	671088768
6057865	671088896
68597317	1085440
75021589	1074823168
33458869	1610613248
13719817	36880
72338869	17301568
57711565	4362108928
63593461	1610613248
42689629	2147487746
71376265	2147487760
72553681	8425472
79523245	2147520512
58671253	1081348
33722605	1174405120
2181205	1073778688
253081	4295004160
70436665	671088644
79367401	134217733
19595557	36865
2459197	2148040704
53218333	1610613248
820081	1610612992
25143733	4362076224
10171369	4329046016
75302821	1610613248
16032205	4294967361
4353949	83886081
5145157	37120
4442725	167936
75048157	37376
21934189	150994945
6095449	1610612992
60912037	1610613248
4307941	1610613248
22073509	2147549200
56156041	37376
21407041	150994945
73499437	4362108928
79667425	67141633
53822917	37120
42289165	561152
28817569	8437760
14462101	37120
70633657	36866
40915729	1610613248
2845081	557568
13536433	83886081
7405057	2147487745
23515309	1610613248
24287725	1085440
52626385	1610613248
1836793	4311744513
16922233	36865
73362709	4362108928
79987537	4362108928
65464237	4295524352
60768829	5368713216
69362929	1085440
11807893	327696
77337217	4329570304
44745409	2181070848
2983753	4295000320
38246617	16809985
78046129	1610613248
48481777	4303388672
10236493	16809985
42337117	1610613248
34784029	1081345
52810093	4362108928
61468993	2147520512
64404433	1610612992
80042617	75497473
27131149	1610612992
6115213	1610613248
28442053	5435817984
22738357	1610612992
1713673	67141633
4353301	1610613248
655813	1610613248
30608965	1610613248
5944465	17301568
68855221	36866
27738325	4099
71785153	196610
80383141	37376
58610341	163841
56370205	36865
22048885	1610612992
51186853	1610613248
15882193	83886081
2844109	1610613248
79482421	36865
63784945	32864
50141629	1107296257
67047949	1610613248
70499521	561152
11722357	1081348
42655285	1610613248
12694033	16809985
34685533	393220
40641301	4294971393
7289065	1610613248
56667313	2147520512
7840189	671088644
54116461	2148012032
8074441	1610613248
52542145	1081345
65663173	1085440
62892649	2155905024
31649653	2147520512
68256793	1610613248
27776557	671088768
22183993	671088644
6032593	67133440
29120509	4295004160
8781409	70
980137	201326593
2630917	772
37410049	671088768
79984945	16809986
80655301	2147520512
79924681	1085440
79063165	2147487745
969769	37376
30124909	1610613248
58471345	2147549186
14757589	4362108928
77986837	2147520512
35172181	327696
36826849	1073745921
6342985	1610613248
32437	67764224
65338849	36865
53607457	671088768
54963397	16781313
70565293	4311744513
21035089	3221749760
1256185	1610613248
75031957	1610613248
59319901	1610613248
18532513	6442455040
26725825	536872964
63501121	1610613248
36329185	1610613248
39622321	1081348
51861097	32834
62651593	1610613248
70884109	1610612992
9478333	36865
44059501	671088768
65937277	1610613248
33725197	536875264
38731645	36865
436141	4102
782173	1073742852
3835549	2148532228
77890933	1610613248
26944201	1610613248
32902237	5368709121
57720637	4162
74602333	3221229568
18973153	134250498
2664613	1140883456
64714825	17301568
33128065	134221825
4219489	150995072
34864057	671088768
74128969	1085440
70480729	3221229568
36269569	2147520512
22164553	1081348
61185817	536903684
35094097	4130
53521921	36865
26400853	2147520512
65781433	671088896
54558073	1048610
32815729	1085440
18516313	83886081
5812921	83886081
65498905	1610613248
43972021	2147520512
49810501	1610613248
16982821	2147581952
28645201	83886081
29092321	524353
7940629	135266308
28842517	16777282
1863361	1610612992
16077241	1610613248
44920693	36865
485713	2147520512
13108753	6442483712
64667521	4311744513
20861101	1610613248
7646761	2147520512
32701033	2147516418
24028525	2147520512
60574753	2147487746
52702849	2147520512
74954521	67141696
37380565	196610
5770801	1610613248
56188441	2148040704
3438001	67108870
27339481	83886081
69466933	1085440
14116393	672137216
52949413	1610613248
75194281	4311744513
33931909	1610612992
55383625	536872964
80385085	671088768
80963101	2147520512
18770977	671088768
28378873	1081345
3886741	1610612992
49848733	1610613248
10362205	1610613248
57389833	2147487760
42534109	1085440
32460301	1610612992
45322453	32864
43209325	37376
5768209	671088768
28695097	32833
73619317	1610613248
24384925	150995072
2815597	1610613248
1150237	2147516480
64695385	57344
44888617	37376
66861649	532482
24086845	150994945
58818349	83918848
30875941	561152
56072449	36865
34513165	83886081
3997225	36865
27831637	1081345
42520825	4362108928
70861429	1610613248
72888373	671092736
1106821	1610612992
51003469	4362108928
49012165	2147520512
43039225	671092736
67362229	1610613248
59517865	1610613248
145189	1610613248
31620169	83886081
81441649	671088768
2562877	528386
58859497	67633216
54077581	1081348
74080369	4362108928
41151925	590848
27285049	201326593
51838093	4362338304
43967485	3221229568
17983657	83886081
2469889	8425472
42969241	2147520512
42846121	671088768
28988641	83918848
64657153	8425472
16617025	2147487745
41209273	1610613248
77638213	16912384
159769	1610612992
6087349	150994945
35008561	1081348
39733129	1610613248
60050521	1081345
9837649	2147483682
41820013	1610612992
13875337	557120
16940053	1610613248
6406165	36866
15820957	1082134528
59763781	36865
12603313	671088768
38163673	269500416
14756617	1081856
74010061	1610613248
10081	167936
518437	134250497
36045037	4362076161
71867449	69634
66799441	4362108928
65958013	1085440
78767677	1081345
26681761	37376
41300965	16814080
59133925	134742017
43045381	671088644
54856477	1610613248
17849197	2147520512
81379765	1074823168
658405	1610612992
25604137	65793
75135961	1610613248
61738561	32833
53457445	671088768
42864265	1149239296
33795505	2148012032
67244941	37376
67247857	83886081
1004761	1610612992
64569673	4353
9200341	1085440
43470145	1610613248
14698621	134217860
25888609	671088644
47247013	1073778688
59529853	134221826
32356945	24577
40569697	2147487760
43798033	4295004160
36924697	671092736
33175693	150994945
38040553	36865
48413413	36865
62573509	24580
39566917	1610613248
4473829	4130
17215129	16809985
16657525	150994945
495109	1085440
1553617	1610613248
47115145	1085440
21924469	1610613248
57427741	36865
70116553	1082163200
15740929	83886081
36112429	1610613248
2223001	1073778688
41688469	1073745921
49749913	1085440
70295725	671088768
12049597	524354
21392461	32833
25893793	1610613248
19907893	1610613248
43667461	83918848
115705	67141633
3226105	36865
5392045	131344
75249361	67108898
28240525	4328521792
37381537	196610
61412941	2147520512
39101005	2180
34060213	1610613248
70007041	327696
39220885	196610
46961893	1610613248
40424221	67141633
28432657	2101250
49440493	37376
56481985	4362108928
60219001	137216
41545909	67141633
12504817	536872964
47286541	1085440
47263861	2147487746
23207509	4362076161
73547065	2147520512
65240029	8425472
51009625	67145728
12583549	2147520512
18651421	2147520512
23403205	4295004160
9803305	2147520512
27881533	37120
42894721	4295004160
4088917	4362108928
48224845	36928
3784681	1610613248
72910405	1610613248
43180813	69648
45697321	4102
65680993	36865
47826325	528386
33920569	32802
53054713	1610613248
65526769	1140883456
77063437	671088896
76967209	37376
40873609	1610612992
2392777	67141633
40461805	1140883456
76042189	1610613248
55321093	36865
15572773	83886081
261829	524354
78202621	16781313
5339881	150995456
41162617	17334272
11458621	67141633
34046605	1610613248
36109837	4311744513
42352345	67141633
48825865	1610613248
74319481	1073762304
49102561	83918848
49960189	1081348
67653829	134250498
73917073	70
3306133	1610613248
34917517	327681
33312745	67113024
58008997	8392705
23214961	1081348
3661237	17334272
66692845	2147495936
26598817	1085440
26608861	53248
50294557	1085440
36023005	4294967361
23588533	1085440
1102609	37376
3816757	1610613248
14612113	1610612992
52415785	8392736
12767581	1610613248
12436129	671088644
2118025	671088644
79029469	5368713216
35531497	2147487746
39550069	1085440
21037357	1610613248
76170493	1610613248
38410561	671088644
51016753	150994945
285157	536871680
62718661	2147487760
37015741	67141633
53167789	1074270208
53735761	4130
49640077	4295000128
6219217	36880
6343309	4311744513
17381665	1610613248
31179205	800
40787101	2147520512
2373985	1085440
33425821	671088768
75055285	1085440
19076833	83886081
7093693	36866
59157577	1073778688
12412153	671088768
20361169	1610613248
4842541	17858560
59158225	1610613248
19548577	1081348
27077365	16809985
28012753	1081348
57071665	32802
13444417	1610612992
33748201	1610612992
33280021	1610613248
71175709	4362108928
24832693	5435817984
8212789	327696
39492397	17305600
59157901	4328554496
25423993	33344
13183273	4362076161
71416441	1610613248
71281333	4303388672
52224301	24580
30504961	1610613248
32131117	4294971393
2327329	671088768
4359133	4362108928
23476429	66564
28343233	1610612992
3146401	1081345
76884913	1073778688
29613313	1610613248
81151993	671092736
42123925	671088641
31122829	2129921
56460601	2147520512
52954273	1085440
21887857	1610613248
74485693	4296048640
78620581	16809985
35135569	671088768
1054333	2147491842
40098601	36865
51715297	1610613248
35394121	1081348
59084029	2147487760
70375429	1610613248
27292501	16812032
46649881	229376
39883789	36865
66253501	1052673
71358121	2181070848
81326629	16801792
10485325	557120
32590549	8392705
66106081	4362600448
118621	67141633
47007577	1081345
73376317	1610613248
196057	2147520512
70399729	2147618816
53322337	671088768
77584753	2147520512
79207669	3221356544
63157681	2148007952
40475089	32802
69112477	1073778688
199621	2147520512
16803325	4311744513
5471101	1610612992
64906633	1610613248
75271069	1610613248
39774925	4311744513
81187309	1073745921
5810653	1610612992
24159097	2147520512
31581289	4311744513
1657	1610612992
1651465	134217733
1118809	2147520512
47455993	3221356544
46693	4395630592
74743921	671088644
26252137	1610612992
30518893	1610613248
15558193	2147520512
77888989	32833
69269617	2147491842
4383757	4311744513
31916953	36865
14230765	536871170
32886037	82176
77467789	4295000576
50114737	36928
18895069	557120
32658589	17039361
25383817	528386
1893169	8425472
54824725	134217857
41933413	327696
44749	2181070848
31817161	1610612992
80265205	1610613248
37757053	1081348
9898561	2147520512
62695333	5368741888
62681401	5368713216
25495597	1140850689
27259777	83886081
42967945	537919492
71016949	1082134528
19625365	524354
12943513	36865
52937425	3221356544
7761133	4296048640
66845125	1073778688
68766445	1610613248
36295813	37376
31942549	1610612992
34266277	3221356544
44181649	671088768
15117553	67141633
56447317	67141633
57931561	1085440
6743449	557120
2591389	4311744513
78315373	1610613248
2653273	1610613248
61263901	32833
77805073	2148007952
7791589	2214592528
78785497	1610612992
1229617	1074823168
2643553	1073778688
36322381	167936
71460181	1085440
66084373	2625536
40193209	1610613248
11049409	1610612992
81638641	4362108928
57310453	671088644
24004225	524293
8451577	1610612992
71696377	671088768
30282373	2129921
63699085	25169920
52252813	37376
67677157	1610613248
24607837	2147487746
74717353	2148012032
25678657	1610613248
17441281	36865
32660209	3221229568
60109813	4362108928
47338705	83918848
5710861	1115136
47373049	2147487746
48563425	671088644
80298901	150994945
23987701	1048582
7772149	2147487760
1817029	2164264960
45343513	1610613248
57318553	671088768
81230077	4311744513
28298521	33536
14506813	4362076161
53912017	134217734
27264961	1610612992
57740725	536871680
3143809	4362076161
67753945	4295004160
51735385	1610612992
49292749	671088768
49752505	1074823168
49251277	671088768
60579289	2155876352
75908053	4362076161
76345453	8392705
46727641	1085440
73053289	1085440
58958641	16777288
2865817	1081345
69303961	1073746432
1733437	8425472
75561697	3221229568
42322213	1610612992
74267641	4362108928
32229613	671092736
35284609	8425472
40769281	671088644
9498745	1610613248
892333	36880
14706721	1610613248
32194621	5435817984
20748673	1610613248
38504845	1610613248
23167657	53248
76148785	4311744513
75602197	36865
33292333	671088896
48356065	2147487760
7965577	2147520512
33890761	36865
62235577	671088768
5883229	1610613248
43602985	2214592528
18191989	4362108928
49128805	2147487746
14352265	32833
61689961	577
1432117	1610612992
56093509	37120
22810609	1610613248
33260257	1610613248
71790013	2147487746
13036825	1610613248
18330337	16781313
14041225	1073745921
78167953	2147520512
27394885	57344
6946597	1082134528
7359049	36865
30844513	1610613248
51192037	5435817984
62884225	1085440
6151825	1610613248
18772921	150994945
5798989	4295000065
21735901	1610613248
28117081	1610613248
37358209	327684
29973925	33587201
7342525	1085440
8396173	671088768
65408185	20482
32998465	1081856
70940161	1081348
896221	67072
852481	35840
40553821	67141633
36378109	36865
50383333	1610612992
64465345	1074823168
77806369	1081348
74989513	4328554496
60742585	1081345
34573429	1610613248
8011909	2148012032
41770441	4295000065
17350885	75530240
63607393	1610613248
28887877	1085440
16469605	135266308
3241981	4395630592
46364761	4328554496
61058161	167936
13936897	67133440
62102413	4099
68308633	4295000065
64552501	16826368
60151609	2147520512
46983277	16814080
54063973	4311744513
29645389	4311744513
72661897	5435817984
110845	134250497
2866789	70
51437953	17334272
25643017	2147487760
30901213	671088768
81673957	1073778688
57388537	1610613248
24319477	3221229568
1419157	86016
9502957	137216
14895289	327681
24500269	1610612992
44455753	5368709121
60643765	2147520512
53665453	1073778688
29718289	83886081
42541237	1073778688
21816577	1610613248
69539509	24580
1028089	4311744513
68916781	528416
54943957	1081348
54039349	16809985
34481413	4311744513
18816337	1212416
3596113	1141112832
14253121	1081348
73872685	1140850689
3966769	1074823168
58811869	671088768
5798017	561152
30107413	6442455040
80318341	1610613248
40398625	4362108928
7534981	2147520512
66455677	1085440
61376653	17301568
3675169	32833
5374873	1610612992
23804965	1085440
33965281	268568576
65677753	2147520512
26410573	671088768
43009417	1610612992
73327069	1074790404
25758685	36865
19593937	2147520512
74213857	2147520512
72115957	4295000065
60443533	4353
68477761	2147516417
71302069	3221229568
75635245	1073774593
59570353	1140883456
42046165	1081348
43345405	4395630592
22619125	134254592
18248365	1610612992
2439109	671088768
51976117	4295000576
11461537	2164260866
7584877	1073778688
42347485	671088768
43028857	1085440
29432845	4130
14386609	17301506
35170237	6442455040
80869141	4295004160
4196809	17301568
19241749	17301568
67506733	671088768
16656553	16814080
503857	163856
37357885	8388865
30914497	671088768
48597445	4311744513
738757	1610613248
50325013	1610613248
23101885	57344
43848577	4311744513
55634725	1610613248
59560633	1140883456
23645233	671088644
79426045	1081345
67970701	201326593
39526741	2147520512
46667053	2147520512
45233029	2181070848
47531161	4162
58055005	36866
6478093	67141633
28312129	671088768
77340457	1081345
76109905	135299072
37513729	2147487746
20372833	2147487746
1205641	135299072
48942505	16814080
78081769	1610613248
526861	16781314
72705961	16809985
45409933	1610613248
22909429	671088644
12985633	1610612992
8582797	2147487760
25798213	1073778688
31722229	36896
38261197	150994945
62429653	83918848
1415917	2147520512
61310233	4113
20968345	196610
30856177	537952256
56816677	1140854784
5432221	1085440
74617561	327696
21437497	1610612992
37372465	4295000065
76370077	1610612992
32467105	1081345
16170877	4099
53595145	6442455040
41822929	1146880
20952793	2147520512
59246029	1610613248
53267257	12800
57572569	36865
51073453	6442455040
43981417	1610612992
25303465	1610613248
19957141	150994945
383005	524354
57219733	1610613248
23844493	268568576
1951489	1610613248
8551693	37376
36265681	1081345
41691709	671092736
39870829	1081348
34327513	50331649
37572373	2147520512
2896597	40961
28423261	1610613248
16907653	1610613248
31332133	37376
11100277	67141633
43060609	671088768
40375621	671088644
25449265	1610613248
75379933	671092736
72305821	134217860
17930845	1610613248
48273445	1107296257
64303669	4311744513
65309041	4295000065
57560257	2147520512
42597613	1610613248
39601261	4295000065
44929117	2148016128
42674401	1107296768
28781605	67141633
29734489	16809985
16784209	2147520512
65452897	1610613248
61494913	4362108928
47401237	36865
78299821	1073774848
56848429	8425472
42225661	4295000320
62704081	1081348
44920045	1081345
23704525	3221229568
30312181	1081345
75112633	536903936
59363641	2147520512
66672757	1081345
57314017	671088768
5259853	16777476
18060769	67141633
55764325	671088644
61754437	1081348
42158269	1140883456
26251813	671092736
41093281	36865
67991113	17301568
32607721	4362076161
511309	4311744513
55559557	32802
12655477	536872964
6045553	33536
11663713	1140850689
39096469	1085440
5044069	16779266
9363637	135266308
66144637	67112961
74683009	4311744513
4482901	1610613248
73013437	1073774593
66325105	16781313
47765413	2148012032
29433817	201326593
22169089	671088644
70909705	2147811328
4947517	671088768
70180705	800
2547325	1610613248
59010805	1074823168
39791773	1610613248
30486817	800
70030369	671088768
33695065	5435817984
276409	671088768
29116621	1610612992
2381761	32773
66586573	2147520512
77141521	36865
32747689	83886081
6056569	2147520512
23842549	35
64606933	1610613248
44287921	4099
57766321	1085440
37234117	5435817984
20093221	1610613248
22325581	4311744513
79397857	1081348
59006917	2147520512
5298733	2147520512
59805901	16814080
34548805	1610613248
41529709	2147484674
21935161	150994945
42098977	671088768
47205541	150994945
41563729	67108929
17747785	2147745793
4136221	4370464768
28914445	1073745921
66683449	4311744513
65211517	4362080256
48167821	2147520512
31029517	2164264960
22143493	1081348
5131549	1610613248
49378609	1073746432
50605921	671088644
73556461	1610612992
68730805	83918848
20942749	134774784
73194553	671088768
9807517	36866
44563321	83886081
9004645	1610613248
16309873	1082130448
26156233	1610613248
46339165	36865
50649985	2147520512
5960989	16809985
67688497	67141633
4622869	4130
4259989	1610613248
47204893	671088768
78218497	33652736
34881553	4295004160
22668697	671088644
47118709	134217793
3841057	1610613248
63551665	671088768
33060349	2147618816
11965357	16781313
1349821	16777312
57192517	671088768
49410361	671088768
54210421	671088768
73288837	671088768
63120745	201326593
13860757	36865
45687277	1610613248
25599277	4295000065
25267177	4102
59530825	37120
61543513	671088896
33324409	67141633
14561893	1610613248
76604977	67141633
71450785	1081348
3638233	2147483682
7976269	2148012032
5296789	16781568
16722649	4328521729
18868177	150994945
37482301	1610613248
449101	16781314
38373949	201326593
73500733	36865
50916637	1610612992
53244253	1140854784
41450977	4362076161
31464001	671088768
27008677	70
66158893	17825856
58431169	1610613248
11486485	268472320
40085641	1085440
32323897	36865
43382341	671088644
44494633	1212416
11515645	1610613248
44639137	1140883456
52144273	1085440
24114061	1610612992
26264449	1085440
46790497	1610613248
7885873	2155876352
40246345	4295000065
68447305	4311744513
10850473	1610613248
20374129	4362076161
7664257	83918848
78330277	16797696
58944061	67141696
59947489	1610612992
64169857	36866
80328709	2147553280
2891089	57344
64153657	2147520512
32478445	1610613248
66114505	36865
79312321	4295004160
76878433	4130
34210549	2148007952
38507113	1081348
45299125	137216
37765477	1074823168
11995813	3221229568
28124209	8425472
34495669	1074823168
63377353	4311744513
5575429	4295004160
7557985	1610613248
32971573	1073750528
5788297	1610612992
19986625	32836
847297	1610613248
18219853	134218753
59790025	2181070848
26905969	1090551808
80005357	37120
1542601	1610612992
60346657	1081345
72231625	4311744513
45388225	1610613248
56867545	5368741888
1096453	1610613248
4214305	201326593
48369997	4395630592
7742341	671088641
79892605	3221229568
73304713	134218753
77060521	16777282
47316349	83886081
68496877	1074266176
5911093	67141633
80841601	16809986
69591025	4294971456
4270681	524353
19346725	561152
589069	4295000065
59181877	2147618816
57019501	37376
74081017	4362076161
29554669	1610612992
39514429	67145728
63668629	36865
50487985	36865
35120341	671088896
80803693	16777282
71854165	134217857
78611833	1610613248
62963605	671088768
69529465	4106
43619509	671088768
33728437	5368713216
73397053	37376
54145297	671088644
5882581	1610613248
512929	33554438
1358569	1610613248
42163777	1085440
12159433	65570
23171221	1610613248
552133	1081348
67135105	1085440
1188145	1081345
40451113	1073746432
59908609	2147524608
19412173	83886081
40437505	2147520512
73423621	2147520512
7331509	1074823168
55201861	1107329024
39798577	1610613248
59442373	36866
12653857	4831838209
11839645	3221229568
45496117	17334272
44527681	671088768
56656297	2147520512
62462701	17301568
37351729	196610
52649713	1610613248
63190405	100696064
17890021	32833
4491649	4162
1805041	1610613248
61592761	1085440
79712785	1610613248
64393093	73
72473653	2147520512
32567869	671092736
2365561	5368713216
74219365	4311744513
79298389	1073778688
28697365	1082134528
21773809	2101249
42437881	1074823168
52639345	1610613248
24531373	4294971393
65555281	37376
70047217	1073778688
32625865	36865
67319461	2147520512
64587817	83886081
25644313	4362108928
18119737	2147549185
58263985	1610612992
41302585	67141633
19009117	32833
45184753	1610612992
40613761	131090
3358297	4294971424
48359629	1610613248
20265589	1082163200
31028221	2147520512
2338993	2147520512
62581285	4311744513
25330357	1610612992
1601893	36865
36604261	671092736
57135169	36880
81666181	36865
16423921	135266308
76832749	1610613248
7352893	1610613248
1034893	167936
55829773	528448
77592853	5368713216
6305725	1140850689
44506621	561152
47576197	1610613248
50256973	2147520512
3017449	1610613248
21098917	83886081
51417865	1085440
40571641	53248
65964493	524354
73712305	36865
4225321	8425472
78383089	167936
75736009	4311744513
55943497	1610613248
70944373	1085440
43125409	671088641
43685281	1074823168
7674625	1610612992
4389913	1610613248
3757465	1610612992
34351165	135299072
12170125	134254592
47802025	1610613248
51289561	2147520512
39701053	278529
80900569	1074823168
5364829	2147520512
41875741	1073778688
26449777	1610613248
60648949	16809985
72017137	1610613248
43655149	67145728
66538621	4311744513
16847389	17334272
10437373	2147520512
57689209	32834
24479857	1610613248
39224449	35
22460041	75497473
61842889	16781313
10507033	2148012032
13359529	16814080
67535245	2148007938
55893277	83886081
7813621	67145728
24353173	2147483666
75276577	1073742852
24811309	1610613248
55199269	1074823168
31009105	1610613248
30247381	268568576
59892085	1610613248
50759497	4362108928
25124941	67141633
1411381	36865
40265785	1610613248
6026113	134217920
30774205	1610613248
16811425	557120
23458933	2147483654
57258289	671088768
34523857	1073774656
39462589	135299072
38235277	67141633
79720885	536907776
42684121	4362076161
39299293	1610613248
36623701	1074823168
33921865	16779266
62882605	1074270208
8907121	561152
24104341	4362076161
23860693	3221356544
53797321	37120
26977573	1085440
55853749	16912384
27892225	1610613248
36159733	1081348
28063945	1610612992
49723669	4311744513
44244829	4311744513
66041929	36865
11083753	4130
32563981	557120
7137433	1085440
62249509	1610612992
57625381	37120
24008437	1074823168
77860801	1140883456
10319761	2147520512
9106381	167936
51692941	2147520512
333757	327681
21079153	4362076161
33785137	1073775104
51836149	4362076161
42811777	36865
13646269	2148012032
36171721	4362108928
58612285	1610613248
25009921	2147487746
40213	4295004160
36030457	331776
39811537	1610613248
79993045	1610613248
81371017	577
14986981	4295004160
23584645	150994945
27634645	150994945
12251773	1610612992
8891245	1048612
505801	70
25984513	1073774593
30165733	2147520512
17047945	671088644
24344101	150995072
42146929	4162
59664961	1610613248
38156545	4362108928
81660673	671088768
67903309	32833
36677809	671088768
31091077	2147520512
16428133	135266308
21905353	36865
70534189	1073745922
63059833	1081348
67658689	2147487746
12873529	1085440
63524125	671088768
3006433	6442450946
61320277	37376
24678469	16781568
73621585	1610613248
58024549	671088768
74432881	4311744513
36185653	561152
65494045	36865
22750021	671088896
77254273	4362108928
57472453	2101312
41795713	4295000065
19119925	524354
10059265	1610612992
74962297	1610612992
36974593	2147553280
4252537	45056
901405	2147489792
43041817	1610613248
69753673	1610612740
46187209	1073778688
58323601	4311744513
70174225	1610612992
60093937	33587201
6250969	1081348
57354193	4311744513
24254677	671092736
37640413	1081348
34433785	1610613248
20885401	2147553280
74717677	67112961
81233641	671088768
73608949	327681
42020893	1073745921
71251849	2147520512
58676437	135266308
22193389	671088644
2161117	1610613248
12650293	671088644
1778473	1085440
49927141	3221356544
10292545	67108929
73976365	1073745921
37131409	4130
14055481	671092736
23200705	2147520512
69440689	557057
80795593	1081348
19084285	1085440
59571649	1610613248
53999173	4362108928
36171397	1610613248
56706193	8392705
46672885	4395630592
78361705	1610613248
26205481	83886081
32700061	2148007938
26716753	83918848
48551437	2181070848
63584389	37120
18103537	2147749888
10806733	1610612992
10349245	528385
31458817	561152
4166029	67375104
78799105	2147487745
4867813	67158016
52680493	1085440
48719593	4362108928
44055937	671088768
18996481	201326593
2429713	1610613248
38700865	134217860
77230297	36865
22160665	1610613248
13109725	67141633
982081	1610613248
30865249	4311744513
15258817	20481
47048077	17301568
41327857	1610613248
47664001	671088768
19334737	36865
496729	1085440
78159529	2148007952
10074817	40961
5175613	1073778688
26678521	1610612992
23888557	16812032
49920985	1074823168
19620181	561152
31420909	150994945
39086425	32773
39575017	2147520512
25412329	671088644
38916649	67108874
18723349	1081348
16050349	2147520512
34983613	671092736
54775477	137216
12820393	1610612992
55189549	1610613248
17650909	1085440
43089121	5435817984
54333541	1610613248
76557349	8425472
23883049	1081348
20948581	1085440
24992749	32802
751393	1610612992
79195033	17301568
17044705	36865
64682101	16779266
20976445	36868
39857221	671092736
67380049	36865
53823241	53248
18665029	16809985
73054909	37120
43290973	671088644
49225033	1610612992
67367089	295424
10909441	4295000320
70956685	2147520512
53024257	1073778688
55608157	2147520512
65704321	17301568
7511653	1085440
55420561	1073778688
29113705	167772161
44548417	4295000066
43344433	83886081
1232857	134217860
378145	1610613248
66120337	67141696
74086201	1073774593
47495521	5368713216
73924849	672137216
26839225	1610613248
58095829	1074823168
60908149	1610613248
66020869	1610613248
66515293	671088644
69132889	1610613248
7788673	167936
68263273	8425472
669097	36865
66990601	1610613248
37806625	2147520512
8759701	70
64650349	4362076161
47799109	4295000065
24777613	4362108928
28461493	536903936
77218633	37376
18378937	150994945
16808509	8425472
14941945	2147520512
18225037	1610613248
72565669	1610613248
11705833	1610613248
51309973	1610613248
4261285	4311744513
77673853	36865
64529821	1610613248
75366325	135266308
45246313	1610613248
4065589	1146880
47724913	1610613248
47264509	57344
3500209	2147581952
63937873	1610613248
4868137	2129921
51469705	1074823168
41089717	1073778688
33789673	671088768
24080365	1073745921
48015217	561152
46784341	536903936
31244653	1085440
58276297	24640
64399573	1610613248
54050365	1610613248
33248917	67141633
9281017	2147520512
42726889	4311744513
50998609	4395630592
3271465	1085440
38908225	196610
41443201	67141633
21552193	4311744513
49483261	36865
60628213	2147520512
61673113	1610612992
57518461	671088644
4956913	557120
62367121	36865
64618597	1610613248
961021	3221229568
57301057	671088768
80252893	36865
39932389	67112961
64643545	8392705
42751837	1081348
69785749	1610613248
10978453	1610613248
5667445	70
32650165	1081345
13660525	150994945
28311157	2147520512
25306057	1085440
7707349	81921
60317173	25198592
31263769	134479873
23573629	201326593
45658441	1081345
46379017	33595392
47349073	1073774593
53234209	1610612992
40689253	16781313
81507097	2147516672
27102961	1610613248
76231081	1081345
30256453	1073745921
27689077	1610613248
69536593	671088768
14496445	2129922
75129805	1081348
28364941	3221229568
3589633	57344
24899437	4296048640
2597545	1610613248
4301137	1610612992
64176337	1081345
22383253	671088768
55195381	196610
15507325	150995072
57769237	2147487745
34824853	1140883456
21202597	1073774593
77286997	16781328
19479889	1610613248
27946981	17301568
26890417	83886081
30284641	138
34599349	1610613248
30322873	67141633
77473945	1074823168
1618093	1610612992
47531485	1081345
79093	1085440
32943061	3221229568
67046977	1610613248
79532641	3221229568
24083605	3221229568
40772521	4395630592
32802769	4311744513
80181937	1081345
4885633	1610613248
49630033	134222080
12662605	1140883456
71243425	8425472
79611049	1073778688
26254729	36865
38848609	671092736
712513	2147618816
46927873	32833
18944641	67112962
61937173	67637248
32991985	4362076161
80421373	4311744513
17172685	2147487746
75282733	1610613248
59496481	2147618816
46801189	671088768
10702729	2134016
27414325	1073774593
41475601	1610612992
81036325	5435817984
20895445	1610613248
25518925	4296048640
25268149	67141634
70906789	1081345
16044193	83886081
18351721	536871170
73140121	1610613248
77896117	2684358656
32004433	4311744513
17126677	2147520512
14230117	32836
46595449	1610613248
75833857	1081345
61388317	2147520512
37947889	16781313
23506885	35
66413881	16809985
48074833	1085440
42242185	1081345
44011225	33284
66049381	1081348
71845093	4311744513
32114917	16809985
4324141	4429185025
56926513	66562
56228617	4311744513
52696045	1085440
5776957	4362076161
1470997	1610612992
30110977	1610613248
12649969	671088644
45583273	2147520512
22175569	1074823168
24137389	671088644
12654829	671088768
56189737	1073742096
61240249	3221487616
50587777	4429185028
23222089	1610612992
11755729	1610613248
22475917	1610613248
63977077	1610613248
39681613	36865
33303673	16781313
63160921	4311744513
18633925	70
27304165	561152
44250985	1146880
33626053	276828160
79960969	150994945
78276169	536887552
25104205	671088768
18026101	16777984
80230537	36866
9356833	1610613248
29733193	4311744513
30943981	1610613248
43004881	1074823168
68895073	5435817984
49053961	1610612992
69530761	83918848
59042233	36865
44541289	67145728
23694481	1085440
17311033	150994945
65596429	536871170
14299129	1610613248
8080921	2147520512
28825993	671088768
8896753	2147520512
62691445	1610613248
40091473	1610612992
34313905	2148007938
51511825	1610612992
72396541	268502016
48483397	671088768
28380169	1610613248
25861393	201326593
4580425	4311744513
33489325	1090519041
38976913	83886081
4976029	67
45482185	1610612992
32856877	1610612992
7966873	2147520512
47608273	4295000065
19771489	4362108928
43797709	327681
8344009	67108929
1829341	4311744513
31345093	1610612992
75175165	32833
66277477	5368709121
11763181	1081348
15788557	83886081
63264601	1610613248
14538889	201326593
68380237	671088768
27131473	8392705
50670073	36865
64408645	37120
7122205	37376
53795701	1073778688
12602017	134218368
229429	268568576
31575781	1610612992
17177545	1610613248
594901	4130
38005561	8392736
70172605	16912384
264097	1610612992
45519121	1048610
43719625	327696
68100949	1074823168
68054941	3221229568
2376901	1146880
43420249	201326593
75649177	37376
1476829	2147520512
41577337	2147520512
15562081	2147487760
46351477	1081345
20361817	1610613248
53947333	2147487746
27451261	4429185025
35189353	67108929
68427865	4294971393
16757965	4311744513
8160301	37376
11022841	1610613248
51617125	1610613248
79875433	4311744513
38981125	4311744513
9850609	671088896
79067053	16912384
64602721	2147487746
15763933	32833
61317361	1073745921
3063133	1610613248
2574217	1610613248
78588829	32833
30854881	3221487616
55152613	4311744513
70434721	2147520512
57916981	135266308
69479569	2147487760
5790241	57344
6340393	1085440
53607133	16814080
30127825	32802
8832277	671088641
55142245	2147553280
37851013	1085440
62862517	1073762304
52460497	1610613248
27849133	40961
43274773	2147520512
43983361	1610613248
25777801	2147487760
36126685	1081348
840169	37376
40252825	83886081
25457689	67
38707993	75497473
4954321	1610613248
22684249	4295000320
79061545	2147520512
74616265	1610613248
77249737	1081345
71257357	16814080
38280313	327696
6787837	134250497
37968301	671088768
43387525	67
4454389	8425472
39295081	1610613248
6860737	150994945
35564221	37376
50335381	35
30313153	2164264960
5985937	1085440
23144329	1610613248
56338777	134250500
5411161	2147553280
56101933	5435817984
53329141	1081345
2971441	1610613248
259885	134250497
49436929	4294971456
28286533	16809985
53550757	2164264960
9110917	2155872768
24255649	2147491844
56794969	36866
1266877	1610613248
41404321	2147520512
15475249	201326593
75227329	167936
10711801	1610613248
71914753	1610613248
35997733	1610613248
21002041	16809985
35832817	1073762304
60177529	36865
49252573	1610613248
56135305	150994945
80744401	1085440
46653121	5435817984
1635265	36865
46728613	671088768
34222537	201326593
24236857	4102
21119329	1610613248
58215709	1610613248
53755525	1610613248
138061	67141633
73446949	167936
59816593	2147520512
573517	4102
71271613	2621472
24397237	150995072
20262673	83886081
37759321	4362108928
18499141	4311744513
43675561	671092736
15880897	83886081
55238149	4099
21111877	16797696
57539197	1140850944
16908625	4311744513
32543245	2148012032
6065317	1146880
23266153	1074008064
66924505	671088768
42222097	4362076161
50002957	2147487760
7528501	137216
57858985	4362108928
28773181	5435817984
57736837	28672
154909	16912384
6366961	150994945
10325917	4362076161
79422157	671088644
69847957	524354
132229	67141633
67237813	671088768
50983381	4311744513
2646469	1610613248
34373845	1610613248
64526581	1073745921
14202253	1085440
78756013	1610612992
55708597	528386
48567313	4311744513
27544897	4362076161
58999789	1074823168
25971553	3221229568
15108157	1610613248
20942101	671088768
41562433	1610613248
525565	4311744513
11129113	1610613248
72951553	16809985
33283585	67108944
73347157	671088768
63285661	1610613248
75962485	2147647488
64380781	1174405120
50597173	2147520512
21165985	528386
9351325	32833
18475813	32833
4067857	589888
53359273	1073778688
44186185	57344
73749241	134250500
44353369	2084
19832077	150994945
75311245	70
31811005	268437506
65178145	196610
9003997	134479873
66977965	1085440
2524321	67141633
79949629	4328554496
60634045	36865
47109961	327681
7531093	2147520512
57976597	1610613248
37749277	1081348
37488457	2147520512
69469201	4311744513
214525	67141633
61034185	2147520512
13408777	1610613248
73851625	3221356544
75687085	2147487760
52272901	4130
61998409	3221229568
39280501	36865
40013713	1140850689
4124233	4311744513
77293153	1081348
53482393	17301568
48987865	1081348
24837553	561152
12903985	1140850752
70278553	2147487746
53117893	67141696
39673513	1610613248
44294401	528386
65448037	1610613248
30863953	4362338304
60356053	1610612992
79287373	5435817984
53977141	4395630592
1849753	1074823168
51470677	1610612992
9167617	1610613248
38704753	1610613248
57862873	134217860
5971357	1610613248
58055977	577
3394261	1610613248
75068245	2147581952
20937565	671088644
71874577	1610613248
47511397	36865
73853569	4362108928
71570665	2147487760
21000097	561152
61349437	4311744513
44426269	4130
75860101	1085440
68348809	135266308
18205273	150994945
41645701	40961
22277305	16781313
25821541	1085440
8379649	1610612992
14130973	536871170
50704417	1610612992
30542221	671092736
40420009	2147520512
47452429	36865
61269409	1610613248
15600313	1146880
1526077	134221825
47807857	2147520512
44082181	36865
35156953	16809985
111493	67141633
67887109	201326593
38103409	229376
54547057	66592
78963373	5368713216
40815937	4362076161
21730717	16809985
26147161	671088768
32456089	1074823168
45462745	67141633
19012033	2147520512
28237285	5435817984
53299333	4296048640
24766921	1074069504
76923469	2147520512
23018617	1090551808
15116257	536872964
49046185	4295000065
40440421	4362076161
1288585	268568576
33868729	4099
78002065	134218016
68731129	671088768
36649	134217733
11470285	4362338304
34360561	83886081
47476405	2147520512
63121717	4362108928
23284297	150995072
79254649	2147520512
2060677	1610613248
44360173	2147520512
76955545	3221356544
11213677	1610612992
52972093	327696
34597405	671088768
11421361	134217734
42722029	67108929
66239245	4311744513
13366009	16814080
59332537	150994945
23117113	2147520512
27492733	295168
41864077	1074823168
2560285	1610613248
69698269	1610612992
2156257	1610613248
11050381	150994945
52049017	4362108928
39937249	4295000065
50912101	2147618816
27146377	671088644
16766389	32833
31239793	1085440
29178181	1085440
63508249	5368713216
34540705	536871170
62794801	1610612992
54879481	1610612992
39157705	67633153
37507573	1610613248
31685941	4362092544
76645801	1073872900
1042669	1610613248
42421357	36865
75079261	1610613248
63435349	16809985
58410757	1610613248
28786465	4311744513
18404533	36880
15977125	557120
67935385	1610612992
26345125	4295000065
80881453	671088768
72439957	1610613248
52383709	16814080
49107097	537919492
61856821	2147488256
74596825	1619001344
33071689	1610613248
77378365	2147520512
76637701	1073774593
67917241	2147483682
3074473	4311744513
20812825	4311744513
2807821	671088768
19009765	17301568
5334373	57344
9306937	37376
38392741	671088768
25547761	4362076161
25541929	16781313
53590285	37376
11070469	1073778688
981109	83886081
22163257	32834
45517825	2147487760
39945025	1073774593
21894337	4362076161
23822785	5435817984
7986961	1610613248
5369689	1081600
42865237	671088768
56957293	134283265
73487125	37376
40537	4295000065
26774425	65793
76671073	1610612992
24016213	36866
36403057	4311744513
45470197	1085440
63320653	671092736
11420389	201326593
52639993	36866
71692489	1610612992
1661509	2147483682
80418133	1610612992
43743925	5368713216
78098293	4311744513
15557221	4362108928
26379469	4311744513
17015545	1610612992
7684993	1610612992
79440949	1073905664
1896409	1610613248
32930425	37376
71327341	36865
39418201	4295004160
76891717	1081345
35539273	16812032
26698933	37376
76138093	8458240
15768469	83886081
32557177	1085440
1208233	1610613248
60113377	4353
3772693	16644
70607089	1081348
48540097	2147520512
31962637	1610612992
77301253	671088644
70656985	1085440
56935261	4311744513
68734693	1610613248
24984001	1081348
43198633	4395630592
11082781	1073778688
494785	36865
55462357	2147520512
39813481	16809986
4182553	2148008000
15701725	83886081
73105453	3221229568
69979501	135299072
14435857	687865856
53092297	4362076161
51076045	671088768
69071653	2147520512
60485329	2148012032
23506561	35
23907349	1610613248
45190585	671088641
64494829	134254592
22811581	1090519041
12365497	671088768
15029749	67141633
61706161	1610612992
33862573	1073778688
65953153	1610613248
5799961	1074823168
53163253	1074823168
15087745	4362108928
23594365	2147520512
50065489	36865
37365985	196610
52421941	1610613248
61630345	53248
38654857	671088768
39368629	8421377
42828301	1082134528
30728197	1073778688
34979401	1081345
79004521	1081345
45593965	36865
57644497	1610613248
63052381	16809985
69828841	2147487748
2312101	1610613248
41549797	2148073472
71261245	16778496
6901237	524354
51971905	36865
72015517	1073741892
23901517	1081348
27218305	1073745921
38350945	2147581952
61480009	1073746176
28106713	1610613248
67804165	8393216
35735617	37376
39138589	671088768
19341865	1081348
47299825	1610612992
52021801	1610612992
26668477	2147520512
53492761	1610612992
30137545	1081346
13008637	137216
20223469	16781313
57820105	1610613248
41979421	1610613248
53191441	5435817984
42258061	1073778688
7912765	32834
52209397	1081345
1601569	1610613248
48630493	4362108928
77578921	1074823168
46549117	1610612992
27761005	4130
25970581	1085440
46474921	1146880
68564593	17301568
55340857	1081348
24623389	37376
6145993	1085440
68226013	1610613248
7424173	4311744513
45070705	2147520512
40654585	4362108928
60282829	1610613248
53660917	36865
22430233	671088644
130609	67141633
16395409	57344
27588637	671092736
3425041	150994945
554725	327696
1573381	2147520512
70914241	201326593
34515757	8523776
72739333	36865
20685169	1179652
35414209	4311744513
58193677	134254592
23411953	24577
63393553	36866
12547261	671088768
8532901	671088768
70973533	1081345
53695261	36865
62112133	2147581952
45595909	6442455040
7818481	1610612992
39841669	5368741888
79067377	4311744513
42296293	36865
21886237	150994945
3461005	1610613248
64033777	1073778688
79218037	2155905024
48487285	134254592
4487761	2129921
75307357	4362108928
20692297	57344
27295741	1610613248
2007865	8425472
78263857	2147520512
7065181	36865
11387665	17301568
16184485	1085440
40110913	1610613248
618877	1610613248
3317149	37376
44399053	137216
41061853	1610613248
24860557	1610613248
33208093	1090535424
3817081	8393216
44541613	1081345
41819689	4295004160
10463293	8425472
1462897	1610613248
72311653	6442450946
12717685	1610612992
1072153	4295000576
24304573	28672
20016433	1610613248
80228269	1074823168
473401	4295000065
16514317	201326593
38683369	1081345
71246017	1074270208
45023725	671088644
18523441	150994945
27445429	135299072
33600457	196624
48898117	4101
37400977	1074003969
2201617	57344
42170905	671088768
69471145	1081348
81361	2147487746
31378141	1610613248
73167013	36866
60734809	1085440
23775805	327696
20930113	1073774608
47415493	67141633
79470109	2147487745
23322529	672137216
1546489	1081348
22729933	2625536
39448657	1074266176
36270217	1081345
47908297	671092736
70289569	2147553280
6116509	1610613248
30440161	671092736
68303773	671088768
58295737	1081345
47270341	4311744513
35129413	134254592
26939989	1610613248
13732777	67141633
77675149	1081345
77285053	2147549186
77157073	2147520512
73281385	67108867
72103645	1081345
22385521	37376
29249137	1610613248
59320873	1610613248
23079205	57344
57031813	1610612992
61391233	1610612992
16767037	4295000320
58117861	1610612992
64339957	540736
42038389	1212416
77324581	83886081
80825725	32833
5839813	24577
19693729	1174405120
32768425	36866
50147461	4311744513
62666173	65793
9511705	1610613248
73539289	36865
44683525	525314
28037377	4311777280
55722853	671088768
60347953	4294971393
40951693	37120
65446417	4294987776
75329065	28672
50757877	36928
54300169	1140883456
14000725	67141696
9014041	2147618816
73413577	2148012032
12412801	331776
56904805	2147520512
66147229	4362108928
1337833	2147483682
337969	4395630592
1014805	4311744513
30892141	5368709121
46198225	2148012032
6022549	1085440
17371945	1610612992
2104093	1610613248
42022513	17301568
1441513	75497473
41130541	4295000065
65804113	2147520512
62101441	851968
71889481	4311744513
35788105	1610613248
66862621	16781313
66436237	134217733
72535861	135299072
31945789	4362076161
76199977	3221229568
69129325	37376
28413865	1073766400
69329233	1074270208
79607485	536879360
63492697	1073778688
76750129	671088768
76087225	4303388672
75667969	1073778688
14737177	5435817984
39492073	1610613248
62777953	3221229568
69541129	1610612992
2187361	1610613248
30042289	1085440
67306501	1081348
11492965	1610613248
4769965	4311744513
10405945	67141633
27091621	33591296
6805009	1085440
60950917	16912384
52921549	8392705
43661305	4329570304
46396513	671088768
58834549	1081348
7650325	1085440
61579801	536907776
63843265	1610613248
4365937	1610613248
57979189	4311744513
18936217	4311744513
44961193	1610613248
81419293	1610612992
77402341	36865
24067081	4099
46679041	1081348
53225137	16814080
22183345	671088644
4924513	1073745921
47710333	1610613248
441973	545259521
26056117	4129
72664165	1073778688
5858281	32833
67438693	83886081
16900201	4362108928
43707637	2147553280
11729809	1610612992
39922669	671088768
4663369	1610613248
74401129	135266308
75803077	1610612992
68072113	1610612992
37205605	327696
14365549	134254592
27885097	1610613248
62894917	1085440
21176677	1048612
59808169	2147618816
16627393	671088644
8336233	4311744513
46507969	2147520512
29306485	32834
77803129	4311744513
51901273	36880
60584149	1085440
46388413	4362076161
27103933	1073778688
70571125	2147520512
3961585	4295000576
68743765	671088768
27000577	671088644
74616913	1610613248
2675305	557120
8515081	4311744513
1116217	1081345
48975229	2147487760
59744665	1085440
61483249	32833
4382461	2147553280
52025041	2164269056
49371157	3221229568
56060461	1090519041
43499629	2147520512
1411705	2129921
691777	1081408
1637209	2147520512
38676889	1610612992
6381865	67108929
38807461	4362108928
5153257	1610613248
67133485	671088768
65283445	1085440
72193069	3221225474
41007421	147458
62283205	24580
7182145	16912384
44258113	671088768
4301785	1610613248
45547309	1610613248
64661689	36865
1990369	1085440
48446137	528386
81298765	1085440
75925225	671088768
38743633	4295000065
51512797	16781313
79452937	327696
46669969	2147520512
23899573	4362076161
12044089	67108929
19349965	1610613248
12789289	37376
423829	4362108928
12630853	671088644
1678033	1610613248
6702301	4295000065
33478309	67141633
7223293	2181070848
2023093	1610613248
77031361	671088768
19652257	32773
28813681	2147487746
6111001	36865
84925	142606340
57719017	1069056
24505453	671088768
76702177	67637248
57526561	1610613248
59641309	5368741888
41336929	557120
34356025	1610613248
41862133	671088768
120241	67141633
80123617	137216
77470705	32833
1855261	524353
6150853	1610613248
547921	1610612992
77879269	2147618816
74881621	536870918
7478605	83886081
61379569	4295004160
44557165	8392705
51179725	524322
39373813	2147520512
7816537	1610613248
25174189	528386
75778777	1073778688
39607417	69633
2183149	1610612992
53272441	1610613248
70180381	1081348
12218401	1610612992
39101977	1081345
2788057	1610613248
31393693	800
42502357	36865
25327765	671088641
155233	1085440
55223893	2147581952
41814505	671088768
57070045	32833
22466521	1610613248
30019609	75497473
48404017	4362076161
78621553	36865
79299037	1074823168
76176325	32785
69490261	1610613248
9444637	16809985
8174881	2147487760
37520209	1081345
31175317	134254592
44811181	1610612992
56402605	3221356544
50586157	4311744513
41448385	16809985
23465737	671092736
43343785	4311744513
29636641	4295000065
50332789	1085440
52324417	1081348
39654721	36866
23894065	4311744513
44670565	1610613248
6549049	1610613248
47731069	2148012032
14659093	1610613248
46834561	36865
44989705	4311744513
66945565	1610612992
40291381	16843776
25812793	1610613248
66830869	671088768
48583513	1081348
3054061	134250497
1847809	262
51855589	135299072
5937985	70
35992225	671088768
50233645	3221356544
12650941	671088644
14758885	17920
3154825	36865
57521053	1610613248
11635849	1610612992
8218621	16777281
61306993	1073778688
59677597	327696
81511309	16912384
828181	561152
43709257	1107296320
32939821	671088768
23663701	2147520512
1153477	83886081
33585229	1073778688
38269621	1081348
81648361	67141633
33217813	1610613248
13813777	1610613248
5445505	2147483682
28981189	4429185025
63280477	1610612992
41907493	17334272
44427889	1085440
2212957	1081348
25552297	150994945
71651989	1610613248
71068141	83886081
32854609	1610613248
773749	1610613248
46986841	36865
37756405	4311744513
63748657	1610613248
18997777	69648
15135049	1085440
70994917	1610612992
19803565	1610613248
39482353	83918848
57400525	36865
75427885	36865
34322005	16777984
57673009	1107300352
34411429	36865
55465921	1085440
1372177	4295004160
7146505	2147749888
2056465	1610613248
61291117	36865
13818961	2147520512
50449753	1610613248
38434213	37376
79388785	83886081
53394913	2147520512
24366457	528448
45116065	1610613248
12419605	671092736
72226441	1610612992
38389825	1610613248
35721685	4311744513
19335385	524322
4161817	1610613248
67204765	24832
28989937	24580
15197905	2181070848
14603689	4102
20075077	1081408
33634153	671092736
24283189	1085440
46911349	16912384
68725945	1073758212
26188309	2147520512
31899781	671088644
59198401	1074823168
27511201	36865
27613261	4362108928
21741409	1610613248
43576741	671088641
66600829	671088768
49885993	37376
81331489	276824576
58211821	67141633
27363133	1610612992
472429	1115136
29055385	2147553280
14274505	67141633
74377801	4295000320
72318457	1085440
51792085	1081856
1772317	17334272
53529049	2147549185
48317185	37376
66320893	2147520512
52883965	1085440
2721637	1146880
41855329	1610612992
67499605	4362108928
39179413	1073745921
50814577	1073766400
56278189	4102
25980301	1610613248
19166905	1610613248
37022221	1081345
3858553	671088768
65201797	1610613248
14907601	4311744513
2141353	2701131776
1220869	65570
40339333	67141633
19772461	37120
75112309	2147488256
50246281	4429185028
68663413	2147520512
68290813	100925440
73546093	1081600
42355909	1074823168
2204857	1085440
20670589	67133440
49315753	1610613248
22403341	4311744513
55254997	67141633
25061761	32833
77380633	2147520512
14717737	201326593
41564701	524384
31143565	2129921
68367925	8392705
58058893	800
78978277	671088768
23467033	2147520512
16824385	4362076161
74694997	33028
79309405	327696
62518429	4311744513
2288125	36896
68344597	2101504
62274781	4295004160
1391941	1610613248
36919189	33591296
504505	671088768
60684913	4328554496
24118921	2147520512
51510529	32833
40715173	36865
63907417	327696
17004853	150994945
71610193	1610612992
17069329	4295000320
30923245	9453568
31799017	4362108928
16194529	1081348
37936549	4362108928
20006389	100728832
24026905	36865
72494713	49153
58411405	37376
39936925	4362108928
15353749	671088644
12960037	4328554496
8100685	1610613248
5762701	1140850689
17214157	1085440
299413	4311744513
5380057	1610612992
17859889	2147483682
35819533	4362108928
71157241	1073775104
47255761	4362076161
48612349	1610613248
9996409	37120
59085649	83918848
13802113	4311744513
4642309	2147553280
10240057	1085440
38755621	77824
58537765	16785409
728389	36868
74937025	1610613248
4698037	134221825
18113581	134250497
48424429	327681
3809305	36865
40379185	671088768
68861701	83918848
37967653	4362108928
63238033	671088768
48485665	671088768
71894989	1610613248
21529837	1610613248
9433	2147520512
56861713	1610612992
34651189	4362338304
41853709	65616
13504033	57344
27143137	83918848
56180017	1081348
33148153	2147487745
427717	1081348
19847953	37376
75263293	4362076161
58418533	1140850689
3245869	1610613248
69666841	16779520
32499829	4311744513
55166221	1610612992
15275017	1073745921
18298909	75497473
24241717	4226
39657313	1073766400
21123217	1610613248
16485481	1085440
70548769	561152
47506537	1140883456
43320457	4311744513
15357961	1610613248
56236069	1610613248
39783673	36865
14507785	1081348
23603761	1082134528
20565937	2147520512
32636233	67112961
39756781	1074823168
48824569	4395630592
780229	1610613248
52014673	4311744513
34978753	16801792
70364413	135266308
28515925	1610613248
2214577	83886081
79015537	327681
10788589	671088768
38004265	1085440
76010437	1610613248
3610693	97
65819989	1073766400
36118909	1081348
8002837	1610612992
32489785	4311744513
32116861	4311744513
47796193	1610613248
18964729	16777221
62592625	134217733
17005825	1610612992
70943077	4362076161
39702673	4311744513
54283645	1074270208
30184201	83918848
68749273	196610
1774909	65554
18411985	2147487746
945145	2147520512
5879989	4362108928
28961101	1074823168
59495509	1610612992
9777061	67141633
31381705	4362076161
28474777	17305600
75144385	4395630592
62413453	1610613248
53002225	1074266113
2948437	2147483682
28980217	1074823168
71690545	97
59987989	1073774593
38887165	2147520512
63962173	4296048640
31404061	16777282
24126373	1610612992
71803297	1610613248
78379849	67112962
21706417	36865
31254373	4099
67842721	67112961
16486777	4295000576
75820249	1610613248
56361457	1610612992
4943305	4294971393
56612233	4370464768
47122921	1081348
77933377	1610613248
81394021	268472320
54465409	4311744513
13886029	536875264
38344141	1610613248
53057629	1081345
1372501	1081345
63853957	4362076161
56568817	671088644
41902633	1610613248
46898713	2147520512
73759609	4362108928
25032277	201326593
30490381	67141633
25202377	2147520512
79558237	33652736
68937841	4429185025
75056905	3221229568
10705645	1610613248
27577621	67141633
27012565	150995072
77623309	1610612992
52882021	3221229568
8773309	134250500
63259093	3221229568
48788605	134250497
60621085	1610612992
77360869	150995072
66388609	36865
6882121	4362076161
5565709	671088768
13590541	536871170
3766537	38912
53476561	1081345
57592009	1085440
27408493	1610613248
60814189	16809986
10274725	1073745921
78108985	100663298
65572129	1073745921
51460309	1610613248
59335777	1610612992
63860113	528448
13332637	1610613248
68441473	2181070848
72532297	1610613248
49619665	4329570304
3922705	17301568
2773153	1610613248
73489717	2148012032
8931421	1082163200
8261389	16814080
71944237	1610613248
8163217	81936
25208209	671088768
27011917	150995072
62441965	4295000065
4181905	4362108928
809389	2148012032
45358093	4295000065
32618737	1081345
77993641	4130
21751129	4130
31923757	16801792
47863261	2147487746
1133713	4295065600
37859761	2147495936
39624265	4362108928
8815105	2147520512
10369333	67141633
49783933	16781313
19830133	150994945
14885245	1073905664
43466905	1085440
62345413	16912384
7888465	1610613248
76035385	4311744513
70112989	1085440
25646905	2147520512
41188537	134250497
4325437	17858560
63806005	4311744513
38718037	2147520512
68115529	1074823168
30328057	1073778688
58090645	24580
65917837	17301568
10919809	327681
67367413	1610612992
38564785	1610613248
33954265	2147520512
61594057	17301568
32414617	2147520512
28087921	37376
6349141	1081348
60577993	1610613248
3537469	4295000065
6540625	4311744513
50729365	4294971393
72917857	2147520512
44872093	1610613248
11466397	1610613248
5617225	36865
21699613	24577
18846145	150994945
55516465	1610613248
418969	5435817984
35965333	2148073472
65146717	4362076161
61450849	4362076161
4656889	4362076161
74891341	671088768
979165	4311744513
81741673	1610613248
40293325	671088644
74808073	1610612992
51586345	2684358656
36563113	4295000065
19401481	671088768
42276205	5402263552
8903881	4311744513
54851293	4362076161
64837	1610612992
79559533	671088768
81205453	1081348
77604193	1140883456
67772089	1081345
22505401	1085440
35812729	1085440
13817989	1610612992
64783189	17301568
79751017	4295000576
12176281	671088641
5902021	1085440
42711661	3221229568
129961	134250497
51529969	36865
50898493	1081348
2326357	135170
68906089	2147520512
13481677	1610613248
31345741	36865
78703849	37376
235261	4296048640
51847165	671088768
58580857	1081345
34357969	1610613248
16256089	16779520
19856053	150994945
32049469	2147520512
75471625	8425472
69344461	4295004160
60162949	1610613248
61424929	561152
52463737	1610613248
38048977	134250497
7082677	4311744513
27404281	2147520512
17824249	1610613248
1924921	1610613248
18659197	1610612992
43084909	671088768
77064085	1081345
44898661	2147520512
30987721	2147520512
12239137	4303388672
69025969	537919492
54163441	1073778688
60484681	2181070848
32226697	4395630592
38056429	1610613248
69306553	557120
54210745	1085440
14741389	16814080
3557233	1085440
44548741	671088768
30607669	1081348
63440533	536875264
45632845	4362076161
31580641	1610613248
38098873	6476005376
30882745	32864
36723493	4295000065
61643953	1610613248
62501581	67141633
18015085	1610613248
40749841	1610613248
72570853	134254592
23641021	1073774593
75322585	2147520512
54393157	134283265
23256757	1085440
27500833	2147520512
13403269	16809986
28899865	137216
13443121	1081348
5575105	4295004160
32048497	1081348
14777677	32834
25570765	1085440
3371581	2164264960
51032953	134217734
67613329	2147520512
56719477	1610613248
10297405	36865
9704485	1610612992
76878757	2147520512
7147477	1610613248
36368065	4295000065
450397	67141634
76832101	1073766400
28967257	561152
10090693	69
74965861	67145728
34498909	671088644
51584725	1610613248
24818113	1085440
65269513	1610613248
77165497	36865
53245225	36865
39015793	33793
41051809	4311744513
34934689	671088644
44232841	671092736
3111085	2147553280
2114785	1610613248
58681	4362076161
43700509	2147553280
46332685	1610613248
23689945	1610613248
63939493	49408
1799209	1610612992
70404589	1610613248
27025849	150995072
273817	1082163200
6402925	4311744513
3967417	67141633
35772553	1073766400
69909841	83918848
56045881	32802
52952977	4295000320
62284177	28672
2156581	4311744513
30073393	36868
40350025	4362108928
42507541	4295004160
61095097	16797696
35233741	83886081
48076777	5368713216
41175253	2147520512
39024541	36865
47951389	1610613248
1904833	36865
19629577	1610612992
73279117	83886081
47067193	671088768
3040777	6442451008
53424721	1081345
1729549	1610613248
52473133	2181070848
24538501	69
39370249	36865
18541909	1610613248
437761	1610613248
57704761	67141664
60377437	536870918
54477073	8425472
1110709	67141633
67243969	83886081
46265617	1074823168
64089181	1073762304
11908981	3221229568
67944133	8425472
46749025	1610613248
7474393	1081348
80207533	37376
1130149	83886081
32795641	2147487760
61437241	1610613248
1189117	16779266
20777185	1081345
27764245	32836
67018465	1085440
7556365	1610613248
48868633	4362108928
22035277	1610613248
76808449	1610613248
61793965	1610613248
17467525	16777282
21376585	32833
31805497	671088768
30036457	1610613248
32132413	4362108928
32702005	36865
64091449	671088768
10229041	1074823168
72904249	134217734
56862685	2147520512
1504369	1085440
29932453	1610613248
67440637	5368713216
58865977	1085440
44700697	1107296257
25334245	1073778688
41045653	37120
25490413	1069056
21206485	4311744513
41388769	32864
81561205	36865
51590881	3221229568
70895125	2147520512
2593009	1610613248
40715821	1074823168
31413781	800
63481681	1610613248
36080353	24577
851509	1610613248
50031469	36865
32009941	1073778688
77147029	1610613248
33373657	671088768
74830105	2147520512
102421	32834
18147277	4362108928
60017797	672137216
5960341	4102
17850493	1610612992
36925021	4295491585
80778097	1073778688
53087113	1073778688
5872213	671088768
7866109	4295102464
57574189	1081348
13399057	32834
75265561	4303388672
2297521	16809985
56768077	1075839040
79658029	4295000320
26257645	2147520512
39913921	1610613248
13471633	1610613248
4841245	1081348
62233633	36865
45418681	134221825
49288861	1610612992
56171593	671088644
49277197	36865
6014449	1610613248
66213973	1085440
11919349	4395630592
1779445	1610613248
51200137	1610613248
12345085	17301568
23088277	83886081
73826677	1073778688
40789369	671092736
62600725	2147487746
44295697	1610613248
43563457	4130
69993109	4311744513
67855033	1085440
2629	5435817984
40522717	2148012032
49324825	1610613248
70228333	1610612992
2416429	1085440
55892953	8425472
5303917	1610612992
25244173	135266308
1127557	2147520512
56174185	1085440
13366657	1610613248
3540709	1081345
18974449	150994945
11611549	5368741888
24179833	1085440
66976345	1610613248
53833285	5435817984
2677897	134742018
323065	134479873
81623089	53248
2234665	1610612992
38833705	2147520512
76827565	37376
21372697	1610613248
47163097	134217733
36695305	1610613248
13161565	36866
56701657	1610613248
44679961	1610613248
77237101	1610613248
73264213	4311744513
42471577	2147520512
50425453	671088768
56080225	671088644
76308193	5368741888
53360893	4362141696
58448341	536875520
37782325	1610613248
17842717	1610613248
45046081	557120
54092809	268468736
22970341	524354
73560025	17039361
230725	1073741890
64862245	4130
73687033	2164264960
78459229	4328554496
9607933	66576
28904401	4429185025
50842117	327681
17381989	687865856
52876189	8425472
53150941	32833
51045913	671088768
51483961	2147520512
44509213	1610613248
19557325	1610613248
53831989	36865
2290069	196610
24690781	2147520512
69044761	4311744513
60366097	1610612992
29420209	1610612992
26146837	671088768
70672213	3221229568
43610761	671092736
34317469	4362076161
13221181	1085440
41226121	1610613248
37887949	671088768
55516789	2147520512
65530009	1610613248
3508309	1610613248
37703917	671088768
40907629	1074823168
28514305	37376
40446253	1610612992
68749597	4362108928
72050833	1146880
4757005	1610613248
58333645	1085440
19106317	2147618816
43098193	36865
32924593	1610613248
19140661	1610613248
37871749	5368713216
12475657	671088768
47520145	2147749888
25333921	2147553280
66419065	37376
31304593	83886081
46506025	1610613248
121537	67141633
36413749	150994945
58275325	1610613248
79146109	150994945
6292117	32833
65551069	557120
26325361	16809985
9915085	4162
36636661	1610613248
80695801	33591296
55288369	69648
1345609	2701131776
8211169	4395630592
15115609	67141633
51955705	1073778688
11959201	1610612992
54624817	1610613248
57846025	2101312
57583261	16814080
52462441	1610613248
36728677	36866
36314929	1081345
32750281	37376
9447877	1610613248
34141861	4311744513
33044149	25198592
35431057	3221225488
38980801	196610
37908037	150994945
36735805	1610613248
26128045	1610612992
46823545	1081348
73815985	4295004160
57906289	2147484674
14960089	134250497
51354361	17334272
56968957	6442451008
71895961	4295004160
35719741	135299072
23052313	4295004160
4518865	1610613248
3968713	1610612992
57551833	5368709121
6336181	40961
40307905	67141633
52914421	2147520512
42711985	4311744513
16835077	671088768
58997197	3221356544
62564437	67141633
50824945	2147487746
81016885	6442455040
2978893	1610613248
1105849	1074823168
40656205	4311744513
34687801	1073766400
40934845	671088896
62172721	67108929
12333421	1085440
11444365	1610612992
32979025	327681
38835325	1073745921
53282809	24580
52727149	36865
16159537	1610613248
54433009	2147520512
22912993	4311744513
47785825	1075843072
3843325	20482
35258365	1140850689
72690409	4362338304
11933929	1073745921
58844917	53248
48757825	671088768
38907577	671088768
67621105	2147487760
26443945	4966055936
50812957	4295000320
36399817	5435817984
75247741	67129344
2545381	4295000065
17511913	135266308
3991717	2147520512
31621141	67141633
32586013	83918848
31151341	4395630592
40755349	673185792
67303585	4311744513
59113513	1610612992
729685	671088644
68589541	36865
52983757	2148012032
47536993	4099
52904053	8392705
36198289	4102
10467505	4362108928
53579269	1081345
28139437	671088768
14945185	1085440
1125937	671088768
36437401	3221229568
37379269	196610
73860697	134221952
71260597	2147524608
69150061	671092736
922141	2147520512
20599957	3221229568
46503757	5368741888
5514193	671088768
11313469	2147520512
6483601	33554438
3146077	16908290
70389361	36865
65198233	2147520512
3904885	1610613248
30940093	67141633
11581417	1081348
46901629	1050628
21143953	5368741888
822997	2164264960
41282497	671088768
72724753	671088768
72796357	1073746176
49925197	1073778688
18400321	2147520512
59125825	1610612992
632161	1610613248
80474185	2147483682
53576029	1140883456
63006373	4295000065
47862613	2134016
22356361	1610613248
2714509	1610613248
76523329	1610612992
12174985	671092736
5327893	1073778688
59351977	1610613248
49046509	17301568
30773557	1610613248
38875825	4362108928
9961741	671088768
1709137	4328521729
80031277	1082163200
31560229	36866
36636013	1610613248
15181705	4362076161
39580525	4294967361
4320253	2147520512
887797	2147549186
74448109	2147520512
50665213	24578
51283081	37376
34857901	1074823168
22512853	1610613248
77358601	1140883456
36356077	67108929
19288405	524293
67440961	1081345
78878485	2147520512
74307493	4362108928
46681309	196610
15285709	1610613248
44272693	4311744513
18972505	150994945
81251785	2147520512
2314369	800
49113577	1610613248
30255481	32834
69518773	1610613248
70887997	327696
38104057	538968576
37026109	32773
24787333	1610613248
11431405	1610613248
14707369	2147520512
74933137	3221356544
22202461	1074823168
17821981	4295004160
69131917	4311744513
67704373	8425472
66865537	1081348
11789425	36865
1757413	67108960
20850733	4294971393
42931009	1073745921
67992733	150994945
66206845	25165825
81520057	561152
73944613	4162
62396281	538972160
5323357	1610613248
43374889	4395630592
67647997	1610612992
81493813	134218753
51833233	1610613248
75187477	16809985
65862109	16777282
35424253	2147553280
78333193	1081348
1170649	69
63974161	1610613248
35158897	2147483666
81735517	98305
12489589	671088768
40187053	671088768
71860645	4328554496
81563797	2147614722
46903897	36865
53753905	5368709121
80780365	1073778688
28332541	1610612992
1361809	134217857
7961689	2147520512
15827113	28672
63271729	2147487746
639613	538968576
3604861	2147483682
16631929	135266308
53366077	4303388672
39366037	4362076176
15585409	83886081
19954873	150994945
79806097	671088644
35971813	327696
24140629	4362108928
15029425	671088644
15788881	1610613248
56393857	1058
41006773	1610613248
1869193	150994945
75902221	331776
25570117	16779520
36794125	1610612992
1077013	1081345
7499341	2147520512
29547865	671088768
36347977	1610613248
16701589	67141633
15066685	4311744513
69623749	1610613248
66236653	37120
70685497	16809985
35766073	671088641
70327801	37120
7939333	4362108928
2157229	671088896
78411277	8425472
34661233	36865
58040101	1081345
68584033	524353
60323329	1073766400
5601997	671092736
62672653	134283265
77702689	16809986
57252457	1073778688
70539697	1610613248
35566813	1610613248
70514749	2147520512
5132521	32833
1192033	36866
29408869	1610613248
21474433	1610613248
60701761	36865
28190305	1073778688
58684861	16781313
12784753	2147553280
19797733	134254592
35182873	671092736
81104365	2147618816
36124417	671088768
31588417	671088768
62831413	67145728
33313717	4130
528805	1085440
2519461	167936
14446873	1610612992
59479309	49156
25048477	37376
31683673	671088768
3266929	671088644
62082325	1073778688
27988453	1610612992
55855369	671088768
53113357	8425472
4676329	2147549185
811333	4311744513
81106309	327681
3189493	1610613248
30636829	67141633
10297729	1074823168
1082197	8716288
79711165	2147520512
50510341	1085440
46646317	1610613248
43211917	671088768
32397769	17301568
71602417	4295004160
79035625	2147520512
51510205	1610613248
36812593	134217793
18346213	36865
16074001	1610613248
1214065	2147487746
50780881	1074823168
15578605	83886081
56402929	1074823168
24773725	1610612992
26585533	8392736
70276933	2147520512
200269	1610612992
70291513	1107300352
69191533	16809985
10482733	557120
52872301	2147487746
66089557	134254592
53644393	671088768
31773097	1146880
45679825	1610612992
9593353	671088768
42765769	1610612992
32052385	1610613248
30857473	1073762304
2584909	2147553280
61387669	33685536
79144489	1073745921
52219765	4311744513
1168705	1610613248
28888849	671092736
54918685	2147487745
72220609	37120
207073	1610612992
74035333	4294971393
78056497	134250500
3989449	4354
42784237	331776
28291069	83918848
18774217	150994945
48325933	2147520512
67291273	4362076161
39813157	36865
5205097	1085440
30676357	16809985
49670857	1082134528
69062257	800
36896185	3221356544
64100845	1074020352
34005133	36865
77703337	102400
863173	1073741829
28638397	134250497
27398449	1610613248
36576073	1610613248
30173833	1610613248
22832965	36865
81169489	16809985
1693261	1085440
58771045	2147524608
37367605	196610
77149	1085440
71224633	83886081
41126977	1610613248
72435745	1610613248
57178261	1085440
47257381	100696064
40949425	67141633
70039441	1081348
44983873	83886081
54665641	1073778688
61998085	67108929
62855389	2147520512
824293	1610612992
37892161	4362076161
37345573	196610
50362921	1081345
42604741	1610612992
20019673	83918848
13987765	1140883456
77852053	16777219
24055093	1085440
23780989	2164264960
78283945	1610613248
15335281	276856832
25661485	1610612992
27508285	16814080
65636929	2164264960
76412197	1610613248
77715973	671088644
32544217	4311744513
2970145	2147487746
130933	134250497
18919045	1073766400
63335233	67108929
25956325	1610613248
66283957	671088768
12893617	1081600
25328413	150994945
26775073	537919492
79360273	16797696
4977973	25198592
2875861	83886081
53076421	1610613248
9430381	1610612992
48750373	34603264
32640121	57344
32963473	1073774593
71755669	196610
19540153	8425472
576757	36865
1644337	69633
42046813	1081348
76044457	36880
59948461	2147520512
6985153	2147520512
54772237	37376
1508905	1610613248
10435429	1074823168
14512321	1057280
23425561	1081345
78610537	134250498
64537273	2147520512
57380113	4311744513
58173265	1610613248
7197049	1081348
6273001	1081348
38280637	1610613248
2363293	57344
24007465	70
34554313	2147520512
30743425	138
43786693	299008
319501	35328
42369841	83918848
56518273	671088768
36567325	1610613248
37326457	2147520512
4632265	1085440
63032617	1073778688
48947041	1074823168
19159777	671088768
50337649	24580
7378489	1610613248
32917141	2147520512
36416341	4311744513
46524493	671088768
34591249	4295004160
1384489	16781313
10830061	1610612992
116353	67141633
30751849	1610613248
57319201	671088768
14817205	671089152
14552497	1081345
69383989	1140883456
12027565	67141633
137413	67141633
38988577	4624
45717733	1610613248
18696457	4362076161
15237433	1610612992
77414977	32833
27924301	2147484674
81226189	1610612992
26398585	299008
1238689	36865
446185	4295524352
25497865	1140850689
29596465	1085440
5815837	1085440
20853325	1610613248
78300469	5435817984
7004269	1085440
1521217	134217857
26836633	36865
67699837	1610613248
306217	4395630592
70992649	1146880
36730297	1610613248
53010973	1610613248
27901	33558529
17732881	671092736
17479513	536875520
681409	1115136
62092369	53248
75811501	67141696
37383805	196610
7542757	57344
13949533	4362108928
53322013	2147487745
39808945	1610613248
6860089	1610612992
27981325	36865
73829593	1610613248
52201	1610612992
75403585	1073745921
19214857	1610613248
63897049	1610612992
51333301	1073746176
46286677	671088768
30407761	69648
25360489	36880
62580637	150994945
18105481	1610613248
31055761	524354
23583673	134283265
43230061	671088768
56107441	6442451008
20541313	671088644
38383345	17301568
19800973	67436544
50398561	134218256
46231597	36865
57045421	671088768
3861793	1610613248
70581169	36880
28119025	1610613248
40497769	4294971393
67395601	36928
1642393	2148012032
31079413	83886081
1025821	2148012032
61196185	1610612992
129637	67141633
63388369	2147487746
25258105	36865
14703805	1081345
46819657	4295000065
43718005	67141633
62863813	1073778688
172405	2147520512
64991197	2147483682
73637785	671088768
14605633	2147483682
81145189	1073778688
12425437	671088768
7672357	561152
28467649	2147520512
15008689	671088768
30487465	800
1263961	1610613248
644149	4362076161
40012741	1074823168
4519513	1610613248
59371417	2147520512
14702833	1074823168
5663881	1610612992
30832201	671088644
51350149	167772161
66844477	1610613248
34419853	4311744513
70217317	671088641
74436445	524354
9956881	83886081
2070397	2147487746
38716093	67108867
69852169	1610613248
64675621	67108867
56089297	4311744513
81188281	3221749760
8257177	1090551808
1552321	1081345
48394621	1610612992
26742349	134283265
13982905	4362076161
3164221	4429185025
73550629	16797696
26010109	4395630592
42215293	1610616832
38938681	4099
25879213	67371009
23721697	4102
26834041	12304
60582205	3221229568
29458117	57344
52686001	1085440
7714801	4362108928
38487673	1073778688
17280901	1610613248
12408265	1610612992
1345933	1610613248
39164185	36865
35777737	37376
56632321	36865
46207621	4362076161
292285	4295004160
68724973	33591296
23390893	2129921
18784261	5368713216
28013077	83886592
46457425	671088768
31056085	1073745921
6859441	1085440
63157357	4362108928
8658289	671088644
55374553	2147520512
2732329	4353
55835281	2147520512
29356057	36866
64451737	1030
5341825	1610613248
10735777	4362076161
58597057	4362108928
32538385	1081348
17429293	37376
47712277	17305600
48431233	16809985
42525361	1048610
17103349	67125249
69411205	1081348
10681993	2147483682
77587021	163856
638641	561152
42478705	5435817984
5848561	2684358656
21667861	150994945
38463697	4362108928
38362933	327681
48580597	1081348
77380309	1073766400
67383289	3221229568
35873641	327681
68004397	327696
71715817	671088768
14860621	36865
52071373	671088768
6720769	4362076161
49434337	36880
54955945	295424
79803505	4294971393
5000977	1610613248
71723593	1610613248
8160625	327696
73512721	2148012032
22803805	36865
64022113	16814080
15691357	83886081
13014469	4362108928
52154641	671092736
39984553	32833
2955565	1610613248
64755325	3221229568
3909097	66564
78392809	2147520512
4765753	553650176
40590433	2147520512
26026957	1610613248
24691105	6442455040
52247953	671088768
68415877	1610613248
21363625	150994945
34715017	1610613248
81187633	36865
4218517	1610612992
58610989	1610613248
69730993	67141633
43223905	83886081
16441741	135266308
3940849	36865
13203361	1074266176
81401797	671088768
62424793	1074823168
49823785	32802
75037465	4311744513
65939221	1081345
80781337	1073778688
40930309	671088641
24225193	67141633
39795661	2147487746
46307737	1610613248
61978645	2147520512
13817665	2147520512
36509005	1081348
67937005	1610612992
44595397	671088768
63603181	4362108928
47940049	1610613248
79447753	67141633
34230637	1610612992
73251577	5368713216
8692309	65541
44505973	16781313
11632933	1085440
58376089	4102
18522793	150994945
48840121	2248146944
67317517	671088768
59910553	2147524608
80116489	2147520512
3421477	8392736
26930593	17334272
70698781	671088644
62578045	2147520512
70456105	4295000065
39189133	32864
73336141	2147520512
54840601	4362108928
71264485	200
24496057	4395630592
39564973	2147549200
13819609	67108929
1183609	1074823168
22319749	536871172
17242669	4362076161
78046777	16809985
64109917	261
10796365	16809985
6734701	3221229568
81325009	67141664
25009273	4295000065
37297	4328554496
62614657	1610613248
72473329	36865
1859149	2155876352
2494189	1090519041
37073737	4864
44529949	1610612992
4049713	40961
80371801	1081348
5633425	138
681733	67141633
73301473	97
892009	671092736
5304889	8421377
56069533	1610613248
15736069	83886081
30275893	16797696
36535249	2281705472
63152173	1610613248
60359617	1610613248
21575521	3221356544
23588209	83886081
16204249	1610613248
32028085	1610613248
12146473	524322
8291521	3221749760
66299509	1085440
57125773	2147495936
64811053	28672
14958793	1073746176
1077337	2129921
36616249	16777282
38727757	800
33010453	2134016
33436837	671088768
43949017	2147520512
78454369	36866
37368577	196610
81467569	37376
23881429	1073778688
79339537	327696
101125	4429185028
43796089	53248
23235049	2147520512
74103373	2147520512
10476253	150994945
1042993	2147483682
81417673	671088768
46698805	671088768
25897681	2147487760
75638809	1073774593
13840993	134283265
56832229	522
14299453	1610613248
10990765	17334272
30501397	4362108928
45560917	67141633
15209893	4295229441
3319741	36865
3745801	1610613248
75835477	1610613248
73920961	1610613248
34503121	150994945
28352629	1610612992
31557961	16809985
39104893	196610
56924245	4311744513
11547073	2147520512
25837417	8392705
63441505	4311744513
18506917	2625536
1077661	4362076161
29637613	1073778688
40563541	1073778688
65352781	36865
25071805	1140850689
41935033	2147520512
77185585	1081345
71816581	40961
3931453	671088768
2600785	1081345
64989577	1610613248
1148941	2147487746
51921685	32833
47432665	2147487746
27565633	1073152
1036189	32774
4317985	8425472
40776085	33281
7691149	1610613248
55210933	67141633
51521869	24608
13354993	1610613248
77469409	67112962
2153017	10256
44764201	578
36698221	1073745921
48358333	5368713216
32586337	1073778688
6582421	36896
23512069	4099
69248557	1074823168
4195513	2164264960
15477193	35
34250725	524354
32706865	4311744513
19492525	8425472
65286685	1610613248
69092065	1146880
69177277	1610613248
13179385	589826
75635569	1610613248
51955057	4429185028
30040345	67112961
60359293	1073778688
32422069	4311744513
58126933	1610613248
52301089	37376
2813005	50
61455709	536903684
39848149	32802
32766481	1081348
31007809	100696064
57046393	36865
46984897	4362108928
27210853	28672
39509569	1140883456
14713849	1074823168
12401461	671088768
23681521	4099
57066481	671088644
6217921	1610613248
6812461	1073745921
38634769	24577
36596161	3221229568
47567773	33587712
30306349	671092736
22600981	1048610
61201369	32774
81742969	1610613248
71384365	3221229568
47756989	1610612992
73963081	1073746176
17607817	1610613248
11989009	4328554496
72761689	1074823168
80073073	1073778688
73551925	4395630592
3805093	1610613248
79271173	2147520512
33598837	2147520512
35977969	2147520512
79639237	5368741888
53165197	4311744513
7077169	1073745921
69098221	671088768
520705	1610612992
74417653	4395630592
67333717	135184
35328673	167936
367453	2134016
32406193	1074823168
17022349	2147487746
71627365	36865
59009185	32833
41469121	16810240
78603733	135299072
16655905	1610613248
64165969	28672
60220621	33591296
40629961	2101504
42285925	2147520512
76220065	67125760
68555845	4362108928
30642013	800
2601433	16783360
36400789	4311744513
24916609	1090519041
37570753	671088768
61783273	1610613248
64716445	671088768
11388961	17301568
1984213	1610613248
12429649	671088768
77873113	1081348
54778717	36865
1626517	1610612992
24010381	1146880
51299929	32833
25763869	36865
5965525	1610612992
77217661	36865
46289269	671088644
18904465	8425472
39600613	5435817984
39864673	299008
53839765	671088644
403093	4362108928
5430925	142610432
79436737	67108870
63399385	1074823168
1415593	2148012032
63204337	2181070848
3183661	1074823168
75035521	67145728
78631273	37120
78317641	163856
39373489	1074823168
49047805	134742020
36354133	36865
60723793	1073778688
46489177	1610613248
17669701	1081348
37222777	671088644
62079733	4295000320
47396053	32833
4679893	1074823168
57088513	1610612992
61546429	1610613248
77445109	16809985
58467133	671088768
1491733	1073741829
8140213	36896
12054133	671088768
17303257	2147520512
38273833	1073778688
74023993	1610613248
17845633	1610613248
25804369	36866
64482193	671088768
47555461	16781313
11717497	1081348
11020249	1050628
41599693	671088768
73643293	1073778688
54107713	2147520512
24378769	327696
38558629	2147614724
34029433	4295000065
67819393	671088642
58083193	1140883456
46417897	1610612992
73639081	36865
6295357	2147618816
51235129	2147520512
31725145	1085440
69614353	3221356544
62220673	67112961
81161389	1073778688
9418717	5368709184
52932565	37376
53437033	1074270208
68643649	1085440
73260325	36865
71178625	1073746048
35467021	65602
4094749	83886081
12738097	1610612992
63078301	1610613248
50512609	2134016
30871405	4295098384
56728225	67141633
59486437	1085440
7412185	4102
24667129	671088768
19442305	4295004160
543709	1085440
54722665	524354
63058861	1085440
21276145	1610613248
32884093	1610613248
39332665	1610613248
5736781	1610613248
77581513	4311744513
79827481	53248
80276545	1610613248
52932889	1074921472
15842341	16809985
23189689	671088768
62048629	2147520512
47591101	1610613248
76934161	4295004160
73491337	1082134528
39610009	1140883456
35016337	16777281
39203065	196610
16024753	1610613248
14856409	2147520512
31210633	671092736
9147205	1610613248
74392057	32833
77694265	2147520512
33291361	2147749888
43201225	671088644
9879769	4329570304
46908109	1073778688
34632397	4295000065
44254873	1085440
27959941	1610613248
697609	4362108928
43197337	1082134528
80793325	1073778688
6033565	1610613248
56796589	1610613248
46284733	1610612992
46962865	1073778688
39576637	1610613248
47340325	1140883456
53578297	4295000065
80901865	4362108928
71140069	671088768
46789201	4295004160
48811609	1081345
56302813	36865
13331341	36880
53664481	36865
23209129	4362076161
13174849	16809985
69247909	1610613248
42572989	1073745922
79486633	98305
33072985	561152
66624157	1081348
38455921	4311744513
73767061	36865
16085341	671088768
50571577	2147520512
30987397	4362108928
29071909	2181070848
906913	1074823168
50775049	1610613248
47538613	67117120
2995093	1081348
10158733	2147520512
67022353	1610613248
61341661	16912384
49205917	671088768
17614621	32802
20345617	1140883456
73486801	36865
77005765	1081348
17137045	134217733
5341501	800
6834817	67141633
26347717	1610613248
68406805	1073778688
48216421	1610613248
46563049	16781313
3336913	1074823168
11575261	3221229568
75331657	67108904
13552309	2231369728
63717553	150994945
3253321	1610613248
46356985	1140883456
6606073	40961
27969013	201326593
35624161	1073774593
55091377	4295000576
63987445	3221356544
10685233	327696
10145773	36865
73986085	67141633
21017269	36865
52679521	4311744513
77265937	1085440
58594789	2147520512
78158233	134254592
14815909	671088644
52735573	4311744513
29251729	2147520512
66673081	4362108928
37901233	4311744513
22945393	1610613248
62634421	2147520512
76406689	1610612992
29330137	1610613248
6018013	1610613248
45532081	67141696
73153081	1140854784
18671185	150994945
5306185	1610613248
40622509	36865
7348681	4311744513
20514421	1610613248
18342325	1610613248
32831605	36865
27551053	57344
43291945	578
23615101	36868
5786353	1081348
75319021	3221229568
11014417	4362108928
59425849	2147520512
74968777	1610613248
28146889	1610612992
57437461	201326593
72554005	2147520512
55301005	536871172
80898301	16814080
36786673	4311744513
21668185	150994945
52664941	2147520512
37744741	2147581952
7972057	33824
49313485	167936
2758573	2701131776
12576421	1610613248
31111489	67141633
13447333	70
56308969	1610613248
53627545	671088768
70079293	32833
14875201	2148012032
10996597	32834
56158633	134217733
28263529	1085440
5546917	150994945
65149957	1610612992
15350509	83918848
70409449	1085440
24586129	68608
54433981	1074823168
29182393	32802
72020701	2147487746
56283373	36866
34085809	67112961
61540273	671088768
43713145	2147520512
1343341	1610613248
62214841	83886081
30791053	1073745922
74673613	2147749888
39426625	36866
10158085	1610613248
779581	134250497
52385977	83886081
57224917	4311744513
33140053	83886081
53007733	17301568
7661017	4295000128
2892061	4294971393
57620521	1610613248
1585045	4328521984
33675625	1610613248
46471357	1610613248
39599965	69
51315157	1081348
77826781	2155905024
13826089	5368713216
81656137	2147487746
37897345	671088768
25082821	1610613248
39465505	1074823168
65763937	2101312
942229	135299072
31379437	1074823168
50958109	4311744513
73999693	2147520512
30274921	4295000065
42331285	67141633
3288637	16912384
36536869	1081348
5499937	2148012032
78588181	577
82009	1610613248
50859613	53248
36115993	137216
37686421	1610613248
30464137	2147487745
70023889	4130
43680745	37120
81050257	537919492
10226449	134217733
22214449	1146880
44842933	1073905664
148105	37376
311077	1610612992
60066397	4362076161
80029333	1048836
26020477	1073746176
62085565	5435817984
20945341	1610613248
60994981	24580
47749213	4295524352
31688533	4311744513
80712325	17301568
31826557	16781314
30767725	1074823168
66079513	1085440
67204117	1610613248
65174581	4353
11384425	671088768
97561	1610613248
80363701	36865
52089193	3221229568
44634925	2147520512
13975453	2148012032
25472269	83886081
1037485	2701131776
26052553	1073758212
31609153	671088768
76202569	5435817984
6085405	83886081
60074173	163841
221653	536936704
2487061	4102
924085	1085440
33917005	67129344
17374537	4162
42146605	2147520512
24944797	2148012032
44502085	134222080
31868029	671088768
18528301	20481
35041933	671088768
58709809	671088768
43176601	2147487745
1640125	2147520512
35199397	2147520512
34453549	67633153
63540973	1081348
24357385	671088644
32188465	17301568
56516977	2134016
22984597	671088896
71041897	1610613248
61928749	67141633
10156141	553650176
41562757	1610612992
31101445	1610613248
8703001	4362108928
58433113	1610613248
68469985	67112961
1057897	36865
41263057	4311744513
51107149	137216
65262709	1610613248
42039037	671088768
30862657	4295004160
25304761	1610612992
56537713	671088768
77538745	2147553280
23590477	524384
51617773	3221356544
12221317	32833
73379233	1074823168
15085153	1610613248
58693609	83918848
14058397	1610613248
39114613	1048612
2433925	1073762304
18434665	1610613248
21605329	1074823168
78297553	5435817984
50135797	1081348
52506181	134283265
70743169	4311744513
68889889	1610613248
9145261	4362076161
53064109	671088768
7274485	589826
773425	133122
52554133	1085440
12418633	671092736
587773	536871680
14049001	2147520512
34514461	671092736
40917673	1610612992
25220845	2097217
5390749	1085440
72144469	1073745922
57671065	36865
17131537	4362108928
1062757	1610613248
10189513	4099
54840277	4362076161
12796093	4362076161
71626393	1073778688
73327393	37376
59059081	4362108928
8575021	1146880
39105865	2180
1988101	1085440
61569433	671088644
30595681	57344
13569481	1610613248
47895013	671088768
30879505	1610613248
46192717	4311744513
20038141	83886081
64411885	4395630592
50186341	4362108928
26854453	28672
22619773	1082163200
54202321	1610612740
57329245	1060
30176101	1081348
35951077	134217860
54718129	671088644
1814113	68190208
938017	1610612992
56239309	36865
39061477	671088768
71534053	1073745921
31037293	65539
81294553	1081348
18924553	32833
71664949	1610613248
36898453	2147520512
2668825	1610612992
6826393	16809985
41287033	671092736
11695141	1073746176
38210653	4311744513
41036905	4353
45223309	8392736
62434513	36865
66395413	1610612992
42002749	1085440
43969429	4362076161
31674925	1081348
31369069	299008
79843357	17334272
33798421	2147520512
22850785	67129344
18561025	2684358656
12921481	671088768
2133253	1048624
55238473	167936
173377	16809985
43294537	1081348
79716997	2147520512
47559673	2101249
71574553	150994945
1868545	2625536
23246389	1074823168
31784761	1610612992
80176753	36865
70797277	16809985
50164309	671092736
50302657	65570
48016189	67633216
33747877	2147520512
16843825	1610613248
59873293	1073778688
64280341	4099
13405861	1610612992
57658753	1610613248
19415737	83886081
24102397	5368713216
34773985	134250497
38031805	2147553280
24319801	2147520512
41137345	1610613248
37878553	671092736
52767001	671088768
62750089	4362338304
62468857	135266308
73745029	1085440
19755289	671088768
398233	518
9235009	1085440
55405657	537919492
56348497	36865
36891649	134217733
424801	67141633
21411901	32833
66632905	1074790404
32032621	1610613248
68631661	1610613248
49631653	2147520512
22745161	4102
56308321	2214596608
1683217	1081345
68376997	2147520512
64215541	528448
34588333	1174405120
70302853	2147520512
40456621	1610613248
42244129	671088768
59404141	1610612992
14985685	36865
49630681	1610613248
53449993	4362338304
18420085	1085440
39285037	1610613248
56415889	557120
39844261	524353
57406357	1610613248
52503265	18874432
2315989	1610612992
73428805	671088768
14521717	67108929
45473761	1610613248
31147777	4311744513
24938965	1610613248
7331185	1610613248
40542157	67141633
5340853	135266432
62159113	1048582
43425109	5435817984
79489873	36865
79331761	2147553280
12565081	671088896
34937605	1085440
24644125	671088768
4554181	4362076161
55740349	1081348
36964225	1610613248
74644453	70
34032349	4295000065
68269429	1610613248
75303469	1610613248
41021029	1073778688
41868613	4295000065
76357117	5368713216
25733413	1610613248
5656105	1073741860
53968393	1073746176
34634989	4295000065
35195185	671092736
62536897	544768
45237565	4368
38945161	196610
28841869	134254592
74490877	266241
56027089	53248
37443421	4295294976
79348285	36865
16798141	671088768
20329093	4362108928
332137	137216
37437913	196624
55114057	1610613248
40253149	4311744513
39241	33619970
34609717	4429185028
28316989	671088644
33755977	36865
69514237	4311744513
26117353	17301568
13636549	671088768
58450285	4294967301
43821685	3221229568
68329369	1610612992
51119785	1085440
23290129	4295000320
27077041	1610612992
3648277	524354
14340277	1610612992
80415541	135299072
62075197	67108929
57433897	1074823168
52713541	1140850689
22451617	150994945
67041793	1073778688
56240929	1074823168
5879341	67158016
72468145	1085440
11274913	40961
370693	4429189120
24448753	16809985
31486681	67141633
70581493	2181070848
12226501	1610612992
7889437	67108929
77250709	1610613248
15125005	42
27588313	67108929
25795945	4311744513
14024701	16809985
28199377	4130
59163409	5368741888
80802721	4130
38733589	4295000065
15883489	83886081
26321797	4328587264
81188605	5435817984
6013477	1610613248
1524457	268568576
27091945	671088644
78136525	1081348
19873225	65793
40801357	36865
51905809	1074823168
2677249	276828160
2349361	2147520512
12966517	1610613248
23618017	134217733
13102597	1610612992
27035245	4362076161
33879745	1081345
39925261	134218241
36935713	1610613248
28387297	1610612992
4993201	3221229568
68749921	4362108928
74079397	561152
2237905	17301568
78097645	1081345
42641677	671088768
76200949	1073742852
72007093	1075843072
38372329	4362108928
37943353	1081345
65613277	37120
37287577	851968
21976957	1081348
47634517	1610613248
60489541	4295004160
62915005	5368741888
47739169	2147520512
56371501	67145728
39551365	4295004160
5519053	1610612992
21966265	528385
53875405	57344
32482657	134217860
59399929	1074823168
43288057	1073745921
67166857	4362076161
77623957	561152
59594329	6442451008
37931689	16809985
10997569	1074823168
36585469	1081348
79110469	4130
49941721	1085440
33901453	5435817984
23661433	671088768
65677105	1610613248
16744357	36865
31643173	1107329024
47730745	16826368
37691929	4130
150697	67141633
78547681	37120
25067593	1610612992
32850721	36865
12534625	1610613248
49589209	36865
53428933	1610613248
66426193	17301568
53068645	524322
74690137	1610613248
34055353	671092736
70181353	8393216
69452029	1085440
57998953	1610613248
20938861	3221229568
55471753	1082130433
23700637	1073774593
2838277	1610612992
40683421	1610613248
8110729	201326593
30532825	553648384
47095381	1610613248
18394813	524354
69998293	2181070848
41329153	1074008064
28093105	671088768
18638137	4362108928
69844717	1074798592
49131397	97
40966597	2147520512
68726269	196610
44726617	671088768
73242829	16781313
10103329	67141648
21798433	1610613248
72875413	37120
28150777	2181070848
56225377	1610613248
62331157	67112961
78655249	1610613248
424153	1610613248
80133013	4362076161
12910465	67141633
26399557	1610613248
66183841	16809985
76899169	1073774593
47915101	1610613248
85897	327696
2209069	1610612992
33626377	135266308
39137941	2147520512
71798113	1610613248
52148161	16810048
76803913	2692743168
32441833	1073766400
60169753	67108929
28879129	36865
37459945	8425472
36910117	1610613248
48227113	1090519041
77294773	135266308
74043109	1610612992
27422425	2147520512
68450545	1074823168
44382529	3221229568
74631169	1610612992
5979457	1610613248
20001853	4362108928
48167173	1081345
6263281	4311744513
57635101	1610613248
6570109	67141633
76127725	135266308
56550025	671088768
23623849	671088644
53669989	1073778688
34341445	4295000065
40716469	1610613248
20277253	4295004160
60366421	1085440
44846497	1610613248
12628585	134250497
52134877	1610613248
5516137	16809985
5221945	36866
52803937	1073762304
6254209	1610612992
41795065	1081348
75553597	2147520512
54749557	134217733
3184957	4311744513
71569045	1610613248
30489409	4311744513
42346837	4102
78806557	135266308
14835673	67
71912161	1140883456
36076789	67141664
46762957	4295524352
5111137	67108929
12972997	134283265
19691461	1085440
31813921	671088768
66386989	1073758464
15604201	2147520512
50552461	1610613248
38921185	36896
19956493	150994945
63702001	1082163200
14772493	6442451008
21341917	1085440
79219333	1610613248
34088077	1610613248
30821833	135299072
32727925	135266308
47993833	67141633
38188621	4328587264
54865873	4311744513
7276105	36865
122833	67141633
78374665	4311744513
47500381	4362108928
30666637	671092736
31332457	1610613248
22565989	1610613248
39211165	4311744513
58870513	8392706
57384001	8425472
19215181	2147483682
13335877	2147520512
26135173	1610613248
77428261	2147618816
36485677	4295000065
60230017	1074823168
17932465	57344
63285013	1610613248
70937245	1610613248
15628177	557120
12853117	671088641
1683865	4162
61632937	1610613248
75380905	1073766400
40935493	4295000065
13138561	2134016
68284333	38
23289805	57344
38808109	1085440
27809605	4295004160
47672749	2148073472
48000313	671088768
59629969	4311744513
31209337	1610612992
81349957	1073778688
53621389	67145728
16595317	83918848
18919693	83886081
143569	67141633
66767041	1610613248
58056949	5435817984
21752749	57344
60804469	36865
74637325	37120
17999209	5435817984
35784865	1073778688
49960513	4130
47202301	32833
42398029	671088768
3664801	1081345
75864637	1610613248
29804797	672137216
33615361	671088768
38772145	1610612992
61193917	1073778688
36121825	1610613248
46183645	2101249
34471369	83918848
14827897	150994945
76283245	4311744513
501265	134250497
69328909	150994945
26714809	1174405120
59464405	671088644
27190117	1081345
47519821	41947136
76185397	67371009
68814721	525376
79534585	1081348
63135325	1074008064
74609785	37376
50597497	4395630592
24013621	1140883456
54798481	671088644
45549901	561152
12692413	671092736
70495633	4295000065
12510001	33793
7765669	1610612992
26667829	1610613248
51572413	1074823168
26554105	2147520512
44829649	1610613248
7237873	327681
51212125	1073746176
36455545	1610612992
77365729	4362076161
61853905	1081348
1346905	2181070848
57230425	1207959680
43839505	37120
77638537	4311744513
77477833	2147520512
21821761	4294967361
38698273	1081348
28071073	2147487760
70266889	671088644
36353161	1081348
71242777	4295004160
22037869	7
26707357	4362076161
60948649	167936
8228017	1610612992
75650473	4130
36512569	2147549200
73705825	53248
36358021	2147520512
12487321	2148536320
12700189	671088768
71892397	1140883456
21845737	671088768
25539985	1610613248
31202857	1073778688
26406685	167936
43714441	4130
64004617	37120
30134953	8425472
75968317	4295000320
65031373	32833
5072905	2147520512
55923085	671088768
44163181	2147520512
58893841	1610612992
62768881	36865
68006665	4311744513
5391721	1074270208
78140413	671088768
4941685	1085440
45006229	1610613248
859285	134217888
63410401	1610613248
54502993	65793
79479181	1212416
27406549	1073152
24857317	3221291008
71106049	42
55703737	1610613248
44951149	671088768
37945	1610613248
2560609	2129921
6989041	671088768
6434029	1081348
695989	65554
63287929	37376
64508437	671088768
73276849	561152
63114913	2147553280
8291845	3221749760
79431229	1610612992
24280921	37376
80074693	4311744513
63354673	1610613248
53182369	2147520512
21987649	36865
21930949	327681
4319281	2147520512
65864701	67141664
50236237	8425472
28475101	4295004160
52832773	1074823168
79635025	5368741888
52257025	36865
16270345	36880
35616709	57344
80062381	2147520512
21027313	114688
48508345	2147520512
3937285	2147487760
29763001	1610613248
52570657	67112961
65392957	4295004160
5324329	134217860
21387601	2147487746
33465997	201326593
51693913	1610612992
50687245	1073745921
57497725	1074823168
74764009	67141633
14132593	536871170
29243629	150994945
44021269	1610613248
9574237	1081345
13378321	2147520512
6269437	36865
38592973	1081348
78475753	327696
70877953	134217796
18935569	201326593
80840629	1074266144
64622161	37120
44408449	1069056
55395289	16797696
75767113	67141633
20154457	4162
55388161	268472320
76183777	36865
9293005	67141633
31719313	50
18146305	167804928
67082293	1082134528
52326685	4311744513
988561	2147520512
43583869	1610613248
55769509	1610613248
65641141	1212416
2211337	17301568
67899745	3221229568
4209121	1610613248
66035449	2147618816
43490233	1610613248
9333181	1610613248
36349921	1081345
61839973	4362108928
41668057	137216
48043729	16777250
61336153	1074823168
28080469	2147487760
33655861	671088644
23990617	67141633
21667213	150994945
1452529	2147500034
36902341	16912384
69809401	1610613248
21063601	75501568
67138345	67108897
6687073	8392705
47388601	4329570304
36936685	1610613248
1203373	67141633
49446001	4362076161
29686861	2147520512
63734077	83918848
74013625	1073746176
38910169	4362108928
8430193	36880
59951701	32833
2744317	557120
77195629	67
25484257	2147520512
20372509	201326593
78397669	1074823168
37962469	1073762304
28849969	671088768
15567913	83886081
75472597	671092736
58838761	2147520512
63231877	2147520512
93997	67141633
58092265	671088768
39201121	1085440
10774333	2147615744
18631009	57344
22180105	671088644
24689485	1610613248
31154257	8392736
3577321	1610613248
79107553	2147487746
30158605	150994945
466921	4362338304
27104581	4295000065
35929693	4294967361
18524089	150994945
63607717	67108929
71965945	2147487746
7839865	1610612992
19504513	4353
39362149	2147520512
28271953	2164264960
68876929	1081345
32100337	1085440
63490753	1073745921
79644097	1610612992
10814509	16797696
17907193	67141633
3398149	2147487746
13413961	2147520512
21885265	150994945
49100617	671088768
62327593	2147487745
56509201	2101312
8380621	75530240
611749	67141633
5543029	1085440
11143045	2147520512
39180709	16814080
79847569	28672
36628561	53248
80266501	671088644
69596209	1610613248
66780649	1074823168
72735121	1212416
41414041	1073762304
444889	1610613248
24188905	36865
41139289	1610613248
11094769	1073774593
22880269	561152
67759453	528448
79882237	16818176
76278709	1073778688
25726285	33344
41305177	150994945
62568649	1081345
73099945	1610613248
6387373	1073745921
62558929	1610613248
80724313	2147520512
29822617	32802
25109713	671088768
50003929	98
62225209	5435817984
4110625	4295000128
70921693	1082163200
57656809	536871170
19536913	37376
2378521	1081348
20783989	553648384
6012829	33281
38107945	1610613248
61873993	36866
10701109	1610612992
20838097	36866
59424877	1074823168
44440525	150994945
23172517	1074823168
53008705	671088768
16065577	671088644
60638581	671088644
2858689	1610612992
78510097	1073778688
178561	150994945
18384769	4102
55615285	2147487760
2299789	1090650112
75909673	1073778688
14358421	2147520512
40414177	4099
12364201	671088768
53598061	134217762
47460205	4362108928
69337009	1610613248
11522125	1610613248
50228461	1610613248
47806237	2147520512
43579657	524802
67111453	1610612992
18779077	1140883456
36582553	4296048640
34123069	1610613248
37916461	36865
19539505	8425472
38221021	671088768
62633773	1085440
6554233	1085440
52811713	524354
66050029	1610612992
33038965	1610613248
52563205	1610613248
81566065	1610612992
61340365	1610613248
11170261	36866
55513549	4362108928
79755877	671088644
68271049	1610613248
4437865	36865
1247437	40961
38175337	4362108928
42980581	671088644
43319809	135266308
54720721	2147520512
48485017	671088768
9971137	137216
80581429	1610613248
78463765	1082163200
5896189	67588
5463973	17301568
70708501	561152
5771449	1085440
19480537	5435817984
22355065	671088768
81275437	1074008064
31581613	524354
19859293	4311744513
13116529	2147487746
41554657	1090521088
2557045	4362108928
8355673	2147549200
20899657	4311744513
18448273	32833
46494361	1610613248
1122373	36866
55606537	671088644
2709973	1089536
62437429	1074823168
55480501	67141633
3207313	37120
5491837	1610613248
36037585	83886081
45581977	1081345
13269457	16814080
1682893	36865
71397325	1610613248
38002321	4362108928
59904073	671088768
5276377	4311744513
17518069	3221229568
52798753	1085440
10827469	57344
77089357	83918848
448129	671088644
25941745	2147615744
63589897	1073778688
47767681	671088644
44037469	1610613248
53499241	4294971456
38604961	196610
59248621	67133440
63717877	5435817984
51328441	53248
19409257	200
67555009	4362108928
39463885	577
41456485	2147520512
58367017	4295000065
6683185	671088768
595549	2164264960
13365037	1610612992
14946481	5435817984
75774889	1610613248
40149469	671088644
34968061	4362108928
20432449	1081348
57108925	2147520512
39236437	2147520512
49579489	8392736
37383481	196610
27768133	16797696
43622425	1107329024
63587629	557120
20618101	4362076161
1037161	57344
44082505	671088768
413137	1610613248
79184665	5368709121
25603489	1073778688
912421	4295004160
30931345	1085440
25825429	327696
78157909	671088768
55785061	671088768
23738221	1610613248
19795465	4130
103393	36865
41266297	1610613248
22342753	2147520512
52366537	67112961
69548257	4362108928
3842677	1085440
69195421	4362108928
25765813	150994945
12678805	4295002112
16688305	134742017
44921017	671088768
72290593	134250497
44443117	8425472
51263641	1610613248
80128801	1610613248
7673977	1610613248
603325	1081348
29722177	327681
88489	1610613248
30318013	1610613248
62603641	1073745921
52521085	671088768
28047097	4362076161
23785849	1082163200
34224157	1081348
53747101	1610613248
21831157	1610613248
40233061	1074823168
26911801	2148012032
3103309	70
20306089	2147553280
44585677	67141633
18700993	33591296
3631753	196610
73255465	1610613248
48722833	1610613248
41444173	2147520512
6389317	561152
16257385	83918848
12859921	671088644
54941041	1610613248
48620125	104
26210989	2147520512
50432581	67141633
55684945	1085440
3893869	671088768
43704397	1149239296
3319417	67112961
78738841	37376
70935949	1610612992
19243369	532544
25462225	2147520512
19178893	134217734
32028409	32802
42231817	1085440
7936417	1085440
24714109	83918848
28874593	671088644
50373289	1107296512
35675029	2147487760
57073609	671088644
20582785	524354
3445129	1610612992
30876265	1610613248
72522901	16809985
36422821	1610613248
15385501	1140850689
54565525	4311744513
71973397	1074823168
24096241	67112961
13846825	4295000065
63344629	67112961
247897	1610613248
2144269	671088768
9333505	137216
71068465	4362108928
18571393	8392736
9756001	524354
54954973	37120
7522993	32834
72549145	16809985
65771065	16781313
46898065	4362076161
42410665	671088644
57345445	671088768
73097353	671088644
58651813	2147524608
79106905	196610
26541793	67141633
56250649	32833
60742909	36865
14545693	2147520512
73440145	67141633
21738817	1610613248
22469437	1081348
43083937	671088768
15737041	83886081
35967601	4294967361
560881	4311744513
43059961	1081345
28872325	2147520512
4366909	4295004160
3444157	4362076176
73835425	1140850689
3615877	4311744513
17306821	135184
42209461	4395630592
53532937	4311744513
22832641	1610613248
42059125	16801792
59657509	1610612992
65358937	2147520512
33496453	671088768
41648293	671092736
1047205	269615104
37421713	150994945
41769793	35
25147297	4102
35892757	135299072
44775865	1081345
3760381	1073152
19249849	1074823168
1101637	135266308
63123013	524353
42101893	8392705
53138953	4295004160
69228145	1610612992
33775741	1140850689
74612053	4102
71993485	4311777280
2151397	8425472
68383801	1610613248
73118089	1610613248
21465685	1073778688
60402061	24580
26613721	2147520512
65182033	4311744513
56279809	2147487760
70772653	2147520512
57985993	1610612992
57446209	4295000320
2775097	1610613248
34893865	16777249
27394237	4362108928
61220485	671088644
54198757	66564
19020457	150994945
54009541	36865
14658121	1610613248
18170281	1610612992
81217441	2147553280
46409473	2147520512
46911997	1610613248
23970853	1610612992
68609305	671088768
74066761	1610613248
3589957	4102
32841325	37120
8939197	2148012032
62735833	5368713216
11775493	1610612992
26888797	4311744513
1761625	1610613248
28739485	1610613248
57535309	37120
76321153	1610613248
25689025	671092736
27957349	20512
64498717	671088768
63934957	36865
57206449	671088768
37193293	67141633
58333969	1610613248
23556457	134283265
20015785	4395630592
74921797	8425472
3148669	67141633
25131097	1081348
19378477	4311744513
55747477	36865
34363477	16797696
16122601	1073778688
12767257	4311744513
52810741	1073778688
60622057	1073774848
18226981	1610613248
28024741	2147520512
6539977	150994945
22082257	1081348
59505877	36880
44706853	2147520512
7768261	1090519041
2554777	75497473
78079177	67145728
14832433	2164264960
30053953	83886081
76761469	5368713216
1315801	67141633
25851349	2621504
78109633	1082163200
69524929	4362108928
78811093	671088768
49381525	17301568
36718633	1610613248
56333917	100696064
66039337	2181070848
39184921	1074823168
27108793	2147487745
33541165	1610613248
18533485	1610613248
41462317	2147520512
20487205	1610613248
24383629	1610613248
49340701	1610613248
78398317	1610613248
53554321	83918848
60433165	4295229441
39025837	134221825
62830441	4362076161
49000825	1610613248
43574797	1610613248
56687077	1085440
51197545	1610613248
28160821	671088644
27030385	150995072
6649165	1073745921
19310113	1610613248
78460201	4395630592
72249121	1610613248
48891961	671088768
45590725	2147520512
55628893	671088768
22871845	1610612992
55768861	2147520512
8395201	1610612992
36469801	17301568
43955497	1610613248
1438597	150994945
34213141	2147520512
41178493	16781313
80084413	2147618816
43412797	1610613248
71653933	4362108928
10190161	201326593
62584525	1610612992
78869737	2147520512
16858729	67108929
15689089	83886081
31600081	83886081
78054877	1064964
40890133	1090551808
42905737	671092736
20926225	800
9305965	1610612992
14029237	67141633
63232201	67108929
26594929	67141633
4255129	4295000576
4569409	671088644
46807021	1073778688
20316133	671088768
6319009	16809985
49500433	1081348
57253753	1610613248
15456781	2147749888
56021905	4362108928
80704873	2147520512
76435849	24580
2311129	1610612992
79676497	671088768
5798341	1115136
52504561	2147487746
17435449	1610613248
54027361	1610613248
81212581	4328554496
32874373	671088768
28316017	5368709121
1136305	150994945
42699349	1610612992
44728237	671088768
33798745	4362108928
3220273	4303355905
51112981	671088644
77324905	36865
20906137	1610613248
13733425	1073775104
23964049	4362076161
72243613	2147520512
43777297	671088768
64676593	1074823168
61326433	2147520512
70323589	671088768
43406641	4362076161
63777493	1610613248
58566601	524354
45616321	1073745921
35029	135299072
11292733	2147749888
66689281	1073750017
49068217	2214592528
1999117	1610612992
31093021	1073774656
20219905	2147520512
56740537	671088768
107929	16809985
6930721	1081348
15888025	1610612992
76774753	6442451008
50442301	671088768
15918805	83886081
58094209	32774
50916313	16781344
71099569	4295004160
64581985	2147520512
78335785	5435817984
46914589	671088768
67833325	4328554496
56602189	1610613248
66475117	150994945
4008889	1074823168
69808105	1081348
79156153	5368713216
43576093	4362080256
739729	1073778688
5702437	8392705
62425117	1610613248
80227621	36865
24780853	28672
33335749	4362076161
79527133	1610612992
7012693	4329570304
5464945	1610613248
50464333	1081345
6198481	1610613248
20370565	2155905024
25282081	70
48810313	1610613248
25223437	4295000065
34748065	671092736
43107265	518
52218469	4295000320
14993461	67141633
69071005	1610613248
52622497	17301568
79169113	2147520512
18804349	201326593
41639221	36865
65191429	17301568
3947653	2147487746
12402757	671088768
78146245	4362108928
27512173	1610613248
35630317	561152
66229849	37120
9762157	2147520512
79288669	16912384
44654365	2147520512
79125049	5368741888
7154605	2129921
39522853	134217800
71153353	2147487746
51992965	37120
3989125	2147520512
30817621	1610612992
12118609	8651264
75113929	1074823168
18087013	2214596608
30294685	8421408
53839441	67141633
23924845	35
5981077	3221291008
28779013	1610613248
26451721	2147520512
66541861	4311744513
14419009	1610612992
55098505	1610613248
78937129	4311744513
76152025	101711872
3081277	1610613248
27316153	557120
7346089	1048582
26673661	1610613248
57080089	32774
20826433	2147520512
8043985	83886081
55810009	2147520512
68106457	671088644
14516209	1610612992
60625945	2147487760
17282845	1610613248
75666349	536875264
20585053	4362108928
30993229	1610613248
77257189	36865
78643261	4395630592
5602321	1610613248
13618405	67141633
4072393	1085440
69395329	1610612992
24207049	671088644
80223733	1610613248
61501069	1085440
24218389	201326593
37294705	36865
77718241	16809986
27684541	4311744513
502561	1610612992
433225	150994945
31578373	331776
15851089	1082134528
52735897	4864
6147937	2147487760
19776025	1610612992
67926637	536870918
47057149	1081345
25197841	1085440
79588369	1081348
34005457	1085440
76017889	671088768
18627121	150994945
12232657	671088644
46802809	32802
151021	134250497
63688717	66564
16487101	37376
129313	4295004160
32947273	8421408
52699609	1610612992
36709237	2147520512
356113	4162
71275825	3221229568
34162597	4294971394
58729897	3221229568
30495565	1610613248
61550641	321
338941	518
71612137	2101504
18553573	4311744513
38317897	1073746176
8575345	36866
49526677	4362108928
30559069	524354
34176529	36866
20728585	671088644
69551497	36865
45266401	2147489792
43148089	4362076161
8750953	2147487746
18438877	4311744513
514225	1085440
23676013	32777
31559257	1081345
39889621	1610613248
14472469	4311744513
53684569	671092736
26460469	8425472
1981621	2147520512
149401	1610612992
11105461	2147504128
64274509	1610612992
11092825	278529
69989545	4295004160
9078193	164352
21998989	150994945
48628873	36865
41613301	578
81265069	1081345
48978145	537919492
26883937	671088644
21829213	134217733
51459013	1081345
30956617	67112961
31249513	2147520512
24434821	32833
1418185	67141633
38404081	671088768
12450709	671092736
47115469	1085440
30871081	3221229568
1435357	1610612992
54636481	671088768
1784629	32802
35024761	1074823168
36059617	327696
45447193	2147520512
78049045	150995072
56118781	8421377
67280905	16814080
79090381	1073778688
70361497	36866
10486297	1082134528
78623497	36865
44011549	3221229568
80165089	25088
48682333	1081348
12431917	536872964
53044021	2147520512
9023437	4311744513
40451761	2147520512
705385	1610613248
1067941	8425472
55879345	2147520512
5814865	1610613248
62801281	1610613248
14692465	1610613248
65524501	8392736
22423753	671088768
51270121	36865
409249	134254592
15019057	70
8491429	1081345
49668913	2147520512
55498321	98
67590325	1610613248
57623761	1085440
72119521	1610612992
77631733	671088644
75596689	1610613248
54757657	1610613248
65589949	67141633
31946437	83886081
58096801	83918848
9507817	1610613248
27320689	134217733
53615233	2101312
26680789	4328554496
3065401	134254592
31240117	67112961
76398589	1081348
41801869	1610613248
46905841	1081345
75239965	1081348
63326485	2147487745
55024957	671088644
53355385	1610613248
57396637	2147487746
11625481	1610612992
43278013	4295004160
1671553	134250497
44925229	1610612992
12609469	4328554496
22859209	1073774593
32621653	135184
668125	1085440
8622325	1048612
1483633	33587264
24985	16908290
52514929	1074823168
14492557	37120
81361297	75497473
79414057	2147520512
21776725	2147520512
50212909	2147520512
1181341	4362108928
53539093	671088644
31036645	1610613248
71466661	4311744513
77820949	1074823168
36583849	1610613248
64674649	1610612992
36388153	2129921
18305065	4362076161
23083417	36865
15263353	2147520512
65390041	2147487746
81686269	327696
66153385	671088641
36987229	37120
69863509	1610613248
201565	135266308
49663729	1610613248
61502365	1610612992
24887449	53248
81412813	344064
27325873	4295000065
1944685	4162
46324261	1074823168
66414853	1212416
58016125	1085440
37106785	4311744513
3856285	36880
47152405	36896
67584169	2147520512
23746321	327696
66027025	1074823168
81687565	137216
12245941	1081345
44458669	67113024
62049601	37376
52406713	8392705
54513037	1140850689
8875369	150994945
40064257	671088768
28023121	201326593
50100157	4294971393
8679673	17334272
62009101	66564
52117381	1073778688
43011037	671088644
35982829	1610613248
47576521	671092736
4248325	17301568
46346941	4328554496
48775321	67142144
13197205	167936
75082501	1081408
50558617	1610613248
67095901	1073778688
5507713	1610613248
42567157	4311744513
3078037	671088768
1992313	671092736
16398001	2147483682
79595173	1610613248
37125901	1074270208
43627609	8425472
32768749	1610613248
29770777	1073774594
73917397	1081348
36278317	1610613248
33510061	4311744513
55598437	36865
66219805	150994945
40371085	67141633
36600049	16809986
71154325	1610613248
79677469	5435817984
80715889	1610613248
7489	16910336
40894021	67141633
33655537	24577
46587025	2147520512
8880229	2147520512
12488617	671088768
54988669	1610613248
80150185	8392705
21579409	16814080
29754901	36865
55197001	1610612992
49488769	1610613248
51504697	4295004160
72179137	1610613248
34995925	57344
76419325	4328521729
73402885	1081348
36805465	150994948
11156653	1610612992
56111977	1610612992
34757461	671088768
37382185	196610
26677549	1073774593
13659877	1610612992
62402437	1610613248
43330825	150994945
69968809	1085440
81403741	4311744513
1844569	2147487746
41106241	35655680
1126585	2147647488
7687585	134254592
65593837	1081345
3044989	1074823168
37878229	1074823168
19019161	150994945
79033357	1140850752
49314133	36865
1594441	2147487760
2347741	800
39528037	4311744513
1822213	1073742084
133525	134250497
74853109	17301568
51298309	1073778688
80608969	4395630592
22099429	1081348
19660681	268468480
27989749	67112962
72001261	1081348
45587485	4362076161
23166037	36866
47950417	1073778688
40438153	1610613248
77235805	16912384
42278797	8392705
9638713	34635776
24581917	671088896
2361997	5435817984
64448821	37376
64999621	1085440
57399877	4311744513
62179525	1081348
39317437	1073762304
31176613	1610612992
59833441	1081345
25850053	2147520512
22621069	36865
36212221	36865
12423169	671092736
16891777	34619392
4002085	671088644
69124789	20512
78534721	4295000320
77951197	1074823168
56374741	5435817984
46562401	1081348
55531045	672137216
28778041	1081348
64101817	4295004160
60706297	1610613248
12726757	1610613248
235585	4295000576
36312013	150995072
69480865	769
27237745	4328521729
11586925	40961
6186169	1610613248
5198941	1610616832
26987617	1081348
58688749	671092736
42551605	83918848
51297985	2147581952
46839097	671088768
69205465	1073745921
18492337	36865
33710941	671092736
12432241	671092736
47382769	671088768
53855641	1610613248
70283413	1073872900
18350101	98305
455905	67072
30498805	32864
45158833	671088768
2833417	536875520
72990433	16809985
74920177	1073766400
31435489	671088768
3601621	1610613248
68260357	1073762304
72858241	5435817984
26163361	36865
55781173	1073742084
44395165	4311744513
48112741	2148012032
7259257	4162
2209393	1085440
1169677	1085440
44958601	65553
43989193	4311744513
8749009	1073762304
33901777	5435817984
10573777	25198592
66885625	3221291008
31387537	800
68172229	16809985
51373477	1610613248
28789381	4362076161
46579573	1610613248
56130445	33025
72700777	134217733
9384049	2155876352
24280597	2147520512
9942949	1085440
37895725	6442455040
45026965	2147520512
31979809	37376
3285721	1610612992
21777373	1610613248
44153137	1174405120
68414257	1610613248
43658389	671088768
75782341	2147520512
68913541	1610613248
43390765	1610613248
6960205	2147520512
57866761	3221229568
75040705	134217733
42318001	5435817984
70800193	1610613248
66748249	20481
50452021	4295000576
9109945	2147487746
2143297	4294967361
31948381	36865
28339345	4362108928
47003689	2147495936
73199089	3221291008
26723557	5368713216
30966337	83886081
24972985	4162
16452757	135266308
19183753	33652736
29003221	4362076161
69193477	2147549200
23443057	1074266176
61950457	67108929
6144373	2129921
22314889	5368713216
34488217	671088768
9168589	671089664
54437221	1085440
66533437	1610613248
19729693	1081345
55705357	1610613248
26610157	16781313
7446853	1610613248
31876777	671088641
1619389	1610612992
6086053	671088644
72790849	5368741888
1317097	4311744513
80605081	671088768
48689461	17334272
43350589	1610613248
46926901	4362076161
9666253	1098907648
117325	134250497
6990337	8425472
4287529	2147520512
72139285	671088641
48581245	1085440
38788993	327696
75303793	201326596
13383505	2147483682
63938845	671088768
3043045	671088768
55619497	32864
31203181	671088644
72866665	1081348
54325117	528448
47713573	1610613248
41212513	1610613248
52863877	671088768
78889825	1610613248
69051241	1146880
18461881	2147487746
66283633	4099
113761	67141633
64472149	1073778688
32582773	2147520512
27663157	16809985
5572837	1610613248
62886817	1085440
25995529	671088768
14283253	1610613248
50208373	1610612992
17618833	2147520512
74614321	671088768
29375173	1073766400
71745301	36865
48505429	1140854784
13343329	1610613248
9861301	4295000320
63472933	1610612992
21388249	1073778688
11738233	67141633
2904373	1610613248
61276213	2147488256
47328337	75497473
40361365	1610613248
57764701	4329570304
25610293	2147520512
73152757	1073745921
137089	134250497
28208449	524548
2273221	327696
25171273	4362076161
67888081	2147520512
27568225	671088768
39992653	36865
46723105	100696064
23466385	1073938432
16785505	36865
53990425	4295004160
75952117	671088768
35437537	1610613248
55752013	2147618816
67716037	1073762304
8019361	1074823168
45206785	16797696
11928745	2164264960
38779921	4395630592
45696673	2147487746
69789637	1073778688
42573961	1118208
63750277	1073778688
58574701	1610612992
57762433	1074270208
30863305	1610613248
27017101	150995072
1923625	1085440
78274225	1082134528
47052937	150994945
4710673	1610613248
9093421	17301568
65848825	1610613248
44255845	36865
45615673	1610613248
40713553	4311744513
36274429	671088768
36020089	1085440
69094981	1074270208
67084237	4311744513
15379993	134221952
51355981	4102
31599109	1073745921
79231969	67141664
42797521	2147520512
51104233	1610613248
68447953	1610613248
15432157	83886081
71547013	1073774593
50117653	142610432
35176069	1073762304
57586177	3221356544
36598105	4311744513
35801389	1610613248
61753465	1610613248
40385989	37120
5477257	537919744
14136157	2101504
40558357	2147487746
15722137	1610612992
66105757	1073766400
81254053	4362080256
19732933	150995072
54113221	69648
2062945	2148663296
60107545	1085440
54123589	2147520512
4391857	1610613248
21220417	1140883456
8969977	1610613248
19482157	2147487760
81234289	4328554496
63932689	1048836
45432289	67112962
41985253	671088768
76253437	37376
38171125	1073778688
31568329	137216
80922601	1081348
79548193	16777221
59212009	1610613248
66056833	1610613248
50951953	557120
35719093	536871680
2321821	1610612992
79974901	4362076161
58554613	2147520512
8802145	8392705
80726257	2147520512
45061633	2147487746
49337785	134254592
55373581	4311744513
62683021	1085440
46325233	37120
62087509	2164293632
25831585	1085440
30010213	1085440
39834541	561152
36876097	1610612992
7270921	1081348
67273777	1085440
65383885	1610613248
64631233	1073775104
6376033	1610613248
31021093	1610613248
44230573	1610613248
61894081	1085440
32527693	4294967361
54025093	1140883456
36380377	4295000065
53702065	671088768
6228937	292
37740529	134221832
78591421	150995072
57044773	1073745921
26298793	1610612992
60855013	1610613248
51503401	32833
35063641	4362108928
53148025	1610612992
16990921	1610612992
26842465	671088644
40334797	4295000065
64546345	36865
53448373	671088768
29979757	1081345
3256561	83886081
49497517	1090519041
67300993	1610613248
47474137	4311744513
10507681	36866
28387621	524354
38715445	36865
77998825	1074823168
25551973	5368741888
37694197	2147553280
10816129	1073745921
852157	1082392576
52330573	536875520
35940061	1610612992
40904713	67141633
60435757	1610612992
78405121	8425472
58469725	2147553280
25345909	671088641
57575161	671092736
13670893	1081345
36414721	16809985
56095129	1073778688
63515377	1610613248
15114961	4296048640
60021685	1073758209
75910645	5368713216
18886321	4429185025
72686845	1610613248
37263925	4362076161
24974281	67109632
76060333	671088768
72073189	1081345
81132877	1073778688
21427129	36866
81643825	36866
29235205	1085440
67054105	16781313
26589097	36865
78269041	2147520512
7326001	150994945
74924713	1610613248
79031089	1073778688
28925137	1610612992
27623629	67141696
55162009	1082134528
24929569	83886081
70228981	138
47428129	1073876992
2992825	1610612992
46390357	4311744513
40527577	68190208
32365045	1073766400
3155797	134250497
29960641	24832
34383565	36865
21719053	4311744513
7716421	2147487760
22460365	2147520512
81603001	4362080256
16038361	83886081
12105325	37376
44327773	5435817984
55581913	1610613248
76415437	331776
10282177	671088768
5966821	4362108928
65762317	327681
71984737	1610612992
18233785	1610613248
70001857	2147487746
20645965	83886081
19768573	17301568
59005297	671092736
12846637	4362108928
57036673	1610613248
44171281	1610613248
72749053	1073762304
77189149	2147520512
51511501	1073762304
75106801	671088768
23940721	671092736
11920645	1610612992
2406061	1081348
73403533	671088768
79215445	2147520512
220681	671088896
40421305	1610613248
16052941	1610612992
2043829	67108874
49391569	67108929
48622717	32802
34367365	67141633
75511477	5435817984
36473041	327682
40242781	16912384
67348945	32833
5768533	32774
60933421	1073774593
57816217	327696
40151413	4311744513
30618037	1140854784
34349869	36865
19397917	1085440
60202153	2147520512
55953865	2147520512
14914729	1090551808
59208445	4162
4799125	1610612992
21493549	17301568
33830173	2147520512
62625997	1073746176
58550077	2147520512
1498537	36866
77321989	2625536
33711589	5369233408
29228077	16809985
260533	4295000065
14304637	2147520512
61370173	1610613248
80204293	1610613248
5296141	1610612992
12495421	1610613248
13608685	57344
1609021	2148012032
63256825	53248
1591849	135266308
49953709	1073745921
31287421	67125249
48507049	4311744513
74721889	331776
24247225	1610613248
39250369	1081348
12400165	671088768
74937673	36866
38229769	36865
29568277	98305
79702417	2147520512
69888457	536870918
29124397	1073778688
21026017	1085440
61938793	671088768
35016013	2134016
20319697	1610613248
10183357	16779266
5103037	1610612992
57323413	671088768
16086961	4311777280
78135553	518
59087593	4362108928
46532593	16814080
48936673	1610612992
16306633	4311744513
1913905	671092736
36833329	1085440
29474317	1074266114
7927669	2147483682
2834389	671088768
290017	40961
72977797	1073745921
51632677	4311744513
25673473	671088768
18456049	167936
56753173	528448
27931753	20512
41641165	1610613248
58930129	36865
58253293	1610613248
23932621	150994945
26248897	3221356544
76031821	2147520512
43764013	1610613248
475669	4311744513
42515965	2147520512
3229345	1610613248
63545185	1081348
75202057	150994945
43028209	1074823168
76504861	3221225474
18047161	1610613248
9109	1115136
38576449	1610612992
24986269	201326593
992125	1073778688
35064613	70
55347661	1610613248
6697765	1610612992
48817117	1610613248
79285753	2148012032
3481741	36865
22343401	201326593
74576413	327681
56532853	671088768
68202361	1610613248
51423373	5402263552
40200661	561152
32001841	2147487745
43105969	4161
16141717	32840
45502273	671092736
73571365	4295004160
33320845	4295004160
13730185	1140850689
26764705	2147520512
38328265	2148012032
54922897	3221258240
9916381	2147520512
73374049	1085440
46219285	1610613248
53266285	1081345
48352825	2147520512
35248969	83886081
39228337	67637248
53491465	134250497
52849621	4311744513
73914157	16912384
57825937	1073745921
28755361	1610613248
32814757	4311744513
32648545	134221825
20472949	2147520512
7190245	1610612992
35973757	1081345
37110997	4295000065
613045	4311744513
40550257	4294971393
62378137	1085440
48450673	671088644
14935465	1610612992
36952885	1081345
20471005	1140883456
7538869	553648384
29683945	671088644
71292673	16809985
44446681	74
81028549	671088768
51875677	1107296257
33338017	1610612992
50787361	1074823168
31209661	5435817984
58950865	36866
32655997	4296048640
23564557	40961
57133549	4295000320
14051269	671092736
46853353	67141633
50780233	4362108928
27240013	150994945
5168161	1610613248
20830321	1610613248
65557873	50
73638109	1081345
60404977	36866
44385121	36866
79416325	4311744513
12500929	536936704
66540241	167936
21035413	1074823168
17639569	536872964
720289	4362108928
21128077	2147618816
17710525	57344
39251341	1074823168
38242081	1081348
77720185	16809986
31590361	1610612992
46336897	53248
24414733	83918848
23340997	1610613248
79350877	16912384
51382873	1610612992
25430149	671088768
32444101	70
43264729	671088768
5321413	36865
29251405	36868
80273953	2147520512
54319609	671092736
68671837	671088644
9342901	8706
47262889	4362076161
67277989	1610612992
10814185	1610613248
48521953	1610613248
74989837	36865
57588769	20992
52850593	53248
41723785	1073745921
79307137	1610613248
37611901	1140883456
62113429	4295004160
15803785	1085440
59721337	1610613248
18088957	16912384
17219989	1073778688
14613409	671088768
20116225	16809985
20392921	1610613248
17463961	36866
789625	1610612992
1127881	2147487746
68068873	1074823168
894601	4311744513
76254085	2147487746
57960397	2147549248
69478273	1610613248
53644069	1610613248
5370985	1610613248
35907337	1610612992
50630221	36865
76851865	134254592
17248825	16809985
36797689	4295000065
26663293	1073745922
18801109	65553
66481273	1610613248
18468361	150994945
50697937	2147520512
42014737	4311744513
22814173	2147487746
44404885	557058
9832141	4311744513
20445409	32833
41765905	4311744513
23850649	671088768
21078505	83918848
63119125	1073778688
66023785	4311744513
42691573	1610613248
15962869	70
71122573	150994945
40243105	1610613248
70578577	36880
41377753	2147520512
35463781	1074823168
80635861	36866
5449393	1610612992
38609173	2164264960
18978337	3221229568
3178801	67112961
5816809	65793
76181185	5368709121
37378621	196610
74715085	1081348
28075609	2147520512
18982549	2147520512
63099037	1610613248
5221	536871680
11356561	1081345
57211633	150995072
19915021	2147487746
1162873	163856
50929921	2147520512
4172833	557120
13866265	5368741888
40972105	4311744513
57818161	1085440
49451509	16781314
28649737	561152
2893033	150994945
66525013	2147520512
16180921	201326593
57714157	4311744513
9449173	37376
43195393	4294971393
4317337	17334272
11165077	1073778688
38418661	24580
63612577	5368709121
70191397	1140883456
4273273	1073766400
30011185	1073766400
74898145	1610613248
15945697	4362076161
33986665	4295000065
22535209	671092736
72460045	1073778688
39614869	1107329024
62534629	671088644
78880429	536870918
13384153	1610613248
66992545	5368741888
44377021	671092736
40481569	1610613248
66086965	3221356544
9457273	67141633
77771053	1081345
30860713	37376
35882389	1073778688
78503293	196610
2051281	2214596608
14198365	671092736
10895509	1074823168
5300353	8425472
76893337	17334272
18710389	1610613248
80839657	524353
45636085	561152
11906065	1081348
15827761	1610613248
24246901	4311744513
75026449	570425600
518761	3221356544
11457001	67141633
60094585	518
51715945	4130
62320141	36865
52739785	3221229568
49965373	671088644
38205469	2148012032
58205017	36865
22187233	671088644
956485	518
64388233	4362108928
36461701	1081348
1566577	1074270208
27699769	2129921
60740317	67145728
70425325	4295000320
6211441	1610613248
80369857	1610613248
5177233	83918848
42117121	671088768
80040673	36865
36983989	671088768
5457169	1610613248
39723409	1081348
40042225	1610613248
64500661	4362108928
10994653	772
59491945	36865
61698709	2147520512
55822969	671088768
79210909	53248
20175517	1610613248
38857681	1081348
5316553	150994945
40138453	53248
66547045	1081345
23471893	671088768
69603985	4395630592
56418157	53248
23572657	201326593
38896237	37376
79957729	4362108928
2437813	1610612992
3665125	17301568
80927137	671088768
4029625	1085440
19855729	36865
41951881	2147520512
37680913	1081348
5868973	40961
36778249	1610613248
23693833	201326593
64592029	1073778688
4950109	1081345
62829145	537919492
34634017	1610612992
12922777	671121408
38469529	4362108928
45349021	671088768
67752325	1073774593
9542809	2147520512
56772937	2147487746
64703161	1140883456
26304301	1610613248
63287605	5435817984
21469897	561152
54395101	1074266176
35790373	4311744513
35219485	1610613248
27847837	16779520
2657485	1085440
35887897	1082392576
26194789	3221229568
61295329	1073762304
40320541	1081856
23218525	2147487760
137737	67141633
71807509	36865
55322713	83918848
61921	4295004160
71467633	1610613248
2432629	1610613248
146485	40961
13642705	32833
54770617	1081348
34654753	1085440
2125801	8425472
27471025	1073766400
23897629	36865
24869305	4429185025
67616245	1140883456
78820489	2147487760
22521925	1610612992
80966665	36865
11098657	2147520512
50335705	1073778688
49513717	2148073472
4172185	70
11339389	150994945
14636737	528448
27453853	1610613248
11580121	1610612992
32875669	37376
6910957	1073873408
3524833	671088768
64273537	33793
55457821	1610613248
58820941	2147524608
75146329	2147487746
32181337	37376
24322069	671088641
67329181	1073758212
64381753	1610613248
56454121	1610613248
68553253	2147520512
70925581	671088768
63522181	2147520512
79193413	36865
39975157	1074270208
70907761	1073778688
27474589	1085440
78840577	1085440
65731537	53248
25728877	671092736
26132257	671092736
66899233	5435817984
26755633	671088644
44635249	167936
1088677	2147520512
43796413	1081348
67061233	16809985
26862553	671088768
81449101	671088768
28308241	1610612992
74527489	32833
7536925	1610613248
48223225	1610612992
1544869	1610613248
54691237	1610613248
43485373	16809985
50287429	2147520512
47359117	17301505
10241029	1140883456
59855473	1073778688
81136441	1610613248
51095485	67141696
76202245	33558544
161389	137216
1972873	2147565568
35356213	2147520512
52522057	67112962
393373	67633216
10498285	1082134528
81685	142610432
16756345	538972160
55001629	2147487745
23921281	1085440
81058681	299008
73573633	4328554496
78444973	28672
61278481	4416
76224601	1610612992
67553389	671092736
59320225	1610613248
34427629	134254592
77158693	1610613248
19956169	150994945
55666801	671088644
70405237	1073745921
74949661	1610613248
67359637	1074823168
14832757	2164264960
23666617	36866
7449769	1073745921
46841041	671088768
76468573	1610613248
63579205	33025
26196409	1073778688
40526281	1610613248
79300981	3221229568
26790301	2134016
14090149	37376
1589257	1610613248
5724793	4295004160
29329489	1610613248
37283041	671088644
51205645	671092736
53217361	1074823168
37381213	196610
28458901	83886081
29290609	150994945
48148381	2148012032
72805753	1073778688
73969561	1073778688
31633777	67112961
70123357	1610612992
52894657	135266308
101449	36865
68821525	2147811328
10756837	1074069504
24648013	1610612992
5245273	3221229568
64636741	8425472
79940881	1073778688
38992465	2147516432
64226881	4311744513
7455277	32833
49507885	1610613248
79897141	1085440
36385237	1081345
75308977	2147520512
10977481	1056772
15413365	83886081
6551641	67112961
7295221	327696
13333609	36865
6616765	2147520512
81560233	1610613248
25749613	2147520512
31367773	8392706
67075813	36865
41195341	1073778688
53765569	1085440
43112773	4099
49608973	1610613248
34074469	4295000065
38853793	3221229568
25755445	1610613248
72795385	2147520512
36049897	671088768
20209213	1074823168
80746669	1074823168
29389753	1056772
75060469	561152
81506773	2281705472
43626313	2147520512
14533381	671088644
81404389	4294971393
1122049	36866
61069177	1081348
45323101	1610612992
61695145	1610613248
44501761	83918848
22628845	1074823168
76587157	1073778688
61977673	537919744
33098581	134218112
1436005	150994945
17039521	83918848
13061449	1610613248
28596601	36928
62073577	1074823168
21188989	67112961
33702193	1073778688
19464661	1081345
55181125	1610612992
34502149	3221229568
2110573	1610612992
43774057	1610612992
43239133	17301568
40554469	671092736
9366877	8392705
1297981	4362076161
8617789	36865
37574317	53248
69546313	1610613248
81121213	536870918
12711205	2147549185
37197829	37120
54623521	671088768
23323501	4362108928
74144845	134217733
80585965	1610613248
40102813	1610613248
48736765	67371009
33401845	83886081
8824177	16912384
30391561	4102
17325937	37120
39031021	2625536
1325521	1610613248
61423309	1090519041
75285325	4362108928
67326265	16777221
19174681	150994945
5158441	2621442
50542741	67633153
62357725	2147520512
24048613	1073741830
65482705	4295000576
5631481	2147487746
49539637	4362108928
78983137	2147520512
14612761	671088768
6981913	671088896
48703393	4311744513
70046569	1610613248
49869145	671088644
71719057	1073778688
29404657	4362092544
18325153	49153
51620689	2147520512
76881997	4362076161
50917285	2147520512
12673	1115136
53587045	671088768
64524961	1610613248
74938969	1610612992
68165749	1073762304
52708357	671088644
40893373	1610613248
36490861	167936
64991521	67141633
31554721	134221825
48343429	2147487746
58082221	1073745922
29038213	36865
31305241	2147520512
2897569	150994945
62307829	1085440
36194401	1081348
5703085	1212416
52499377	16797696
108253	134250497
29017801	671088768
71497117	134217731
16048729	1610613248
71256385	57344
52200973	67141633
54296281	1085440
39639817	67665920
60474637	67141633
35699329	2147520512
35279749	1610613248
8209225	2134016
13553281	1073778688
39457081	36865
12746521	557120
3502477	1610612992
28367209	1610612992
38152657	2147553280
12625345	671088644
46971937	1085440
36652537	1073774624
43591321	525314
44282089	1610613248
71514613	1085440
39871153	1085440
5794453	1610612992
60515137	16809985
47847709	1610613248
71267077	36865
5397553	83886081
2175373	4311744513
70303177	1082163200
34870537	3221229568
39083185	1610613248
48638593	557120
40463425	4395630592
57195109	671088768
78445	1610613248
50991805	4099
124129	67141633
68188105	36928
49798513	1610613248
2771209	1085440
8717581	671088768
43794469	5368741888
52871653	150995072
58240981	37120
70588945	1610613248
14502277	4295004160
55741969	1085440
38503549	2625536
12034045	1610613248
69234949	1107300352
63940141	134217733
56256805	1075839040
13153789	524608
60145129	4328554496
23288185	150995072
43472413	4864
58734433	4295004160
44078617	671088644
39110725	36928
35398657	536875264
71444305	561152
23908645	67141633
695017	268568576
41227741	1141112832
62811973	1081348
53141545	1610613248
32807953	8425472
39805705	134217733
13550689	327696
11004049	2147618816
40203577	36865
67948345	2621696
58152529	1610612992
954541	4295004160
26226217	2147520512
2966257	5368709122
293581	327681
18700345	67141633
27890281	37376
20622637	1073750020
43660009	671088768
71239213	2147520512
54679249	2147549186
3443509	8425472
18495253	1074003969
43996321	1610612992
53599681	1081348
20302525	2147516672
25526701	671088644
66921265	200
36622405	2147553280
42889213	1610613248
54323497	36865
53287021	557120
78884965	40964
78688945	4362108928
27633673	4362076161
65942137	4328554496
66243781	1610612992
37387693	20512
69554737	1074823168
81738757	4295004160
52901461	1610613248
24198301	17334272
16911541	135266308
59654593	537919492
51106177	2147520512
26347069	671092736
52384033	2147520512
13727917	687865856
16726213	4362076161
61304077	1610613248
4579777	1081345
14025349	2180
80134957	37376
7711885	17301568
3183337	4362080256
16293349	299008
1375741	1610613248
56023201	1610613248
67174309	1610613248
3668041	4429185025
61396093	1174405120
71403805	1073778688
29951569	2147520512
27142489	67109124
31388509	1610613248
42405481	1074823168
43567993	32833
7088833	1073778688
6885685	1610613248
9765073	67141633
57522997	2164264960
7769557	32833
21959785	134217860
1267849	2147487746
16691545	1610613248
12744577	2147483682
44038117	36866
62647381	671088768
2729737	671088768
57400849	37376
61556149	1610613248
7597837	4294967361
149077	1610613248
78532453	16810496
54959185	73732
53046937	36865
46695565	561152
24032413	1081348
54097021	4294971393
1737325	1085440
21289105	16809985
14867749	4295000065
944821	2164264960
43683337	4296048640
66167965	83918848
2482849	1610613248
20367325	4099
43609141	83886081
34408837	1610613248
15088069	4362076161
22355389	671088768
35095069	16814080
33375277	3221225474
77302873	83886081
36335665	2147520512
59995117	100663297
54563257	2147520512
63921673	53248
17298397	16814080
49887613	1140851200
2020825	1085440
52193197	67141633
30669229	57344
54738865	1610612992
10288009	1081348
2882017	1610613248
46936945	1085440
7469857	671088768
16805593	4311744513
31377493	1610613248
80772265	83886081
80279461	1610613248
75814741	1073778688
28099261	1212416
48279601	671088768
80380549	36865
15905521	4311744513
92377	2180
40284253	671092736
33933529	1610612992
75442789	2147520512
58138597	4362108928
9574885	2147745808
65686501	2181070848
38612089	141312
52687945	1085440
24544981	1073762304
63350785	536875264
59623165	2147520512
24866065	1610612992
6069529	2147520512
28608913	83886081
24044725	4362076161
24795433	2147520512
13645	671088768
11047141	1610613248
7880689	134283265
27690373	671092736
76994101	16912384
77480749	1081348
64966897	2147520512
70007365	4395630592
67805785	1073778688
8404921	67145728
19648045	1610613248
59868109	201326593
48104317	1058
80611237	2147487746
12476305	57344
51085117	2147520512
78615073	69648
31413133	4295000576
60016177	16809986
73638757	100696064
78101209	67141633
36244621	1610613248
53658973	1081345
443917	2147520512
16615729	1610613248
76205485	671088768
18552925	528386
43226821	2147487760
79467841	1610613248
33361669	1081348
75146977	1610612992
68356909	36865
63229609	2147520512
59986369	150994945
44517637	4362076161
9049033	1610613248
40104433	2147520512
46585081	1085440
52997365	2148073472
26772805	4362108928
5140621	17301505
3552049	1610613248
60815485	1074798592
80180965	577
64331857	1610613248
4556773	3221225474
26167249	1085440
39101653	36865
51636241	135299072
34206337	1081348
57789001	2101312
76682089	2147520512
31378789	4362108928
15539725	83886081
71938405	1081348
17738065	4429185028
79848865	36865
21201301	2147495936
44556517	75497473
32986801	36865
28259317	4329046016
37278829	36896
35556121	1610613248
20995237	1610613248
24912721	16814080
3822913	1085440
68044897	24577
4409029	4362108928
556345	1610613248
49010545	671092736
61496857	2147487746
23748589	1610613248
37666981	67129344
8462593	2147484674
50180509	4102
19278037	4329570304
53350849	2147520512
35033509	1081348
76149109	1085440
13728241	671088644
15804109	1610612992
78034141	671088644
36323029	1610613248
78589477	1081348
30164113	1610612992
71834077	561152
36013609	1073774593
52707385	3221258240
34958017	1610613248
33043177	1073790976
65376109	37376
23000797	16777282
364861	4429185025
14873905	671088644
15784345	1081345
79392997	4362108928
80439841	2147749888
44877925	671092736
20994589	37120
43424785	536871440
643177	671350784
53163577	1085440
77248765	36865
28906993	1085440
13299589	134217733
27012241	1081348
79590637	671088768
45031177	671088768
40221721	53248
65640493	327681
75681901	1073778688
60753277	3221258240
64644517	1073872900
23771917	1610613248
56000521	1610613248
65557549	1610612992
21612457	32802
12830761	1085440
10785025	2147520512
75590533	36865
69297157	1073745921
31523941	1610613248
60597109	2147520512
65092285	4362108928
56349145	1610613248
187633	4295000065
2110249	1610613248
78145597	2147520512
21530809	32833
13131433	671088768
36735481	1610613248
4794265	2147489792
35873965	327681
65748061	37376
10377433	134254592
23307301	134254592
52498729	4362080256
19975933	4311744513
1171621	4296048640
21477025	4311744513
45297829	1610613248
36227449	24608
19179865	1073745921
54112573	67141633
34173289	1140850689
44240617	3221229568
5092669	4362076176
36601345	16809986
36113077	16781314
54593713	671088768
17709229	671088644
10135405	1085440
46510561	134254592
4215277	1146880
43115689	4362076161
19898821	150994945
19696645	1342193664
77192713	1081348
19102429	37120
2457901	276856832
34699789	36865
23712949	4362108928
12172717	671088644
28057789	1085440
54834769	2147488256
35097013	327696
35264845	4295000065
30112921	1085440
60435109	98
59487085	1610612992
65606797	2147520512
67722193	1073742592
65291221	17301568
53399125	1610613248
23702905	1085440
23539285	800
45333793	5435817984
34239061	1610612992
34309045	16809985
55663885	36865
81360001	4395630592
8067961	1610613248
19440685	1610613248
80629705	2147520512
26447509	3221229568
33461461	201326593
33045445	134283265
74775673	1081348
74129293	53248
4010833	1610613248
79284133	134742020
70741225	16781313
75162853	1610612992
66096685	4328521729
26025661	1610612992
3201481	4362076161
60447421	1030
50155237	671088768
36057349	150995072
75412009	671088768
17423137	1610613248
51344317	37120
38754649	1081348
76900789	1085440
1120429	4362076161
47458585	2147520512
51775237	1081348
28132309	528448
34706593	1610613248
19418977	1610612992
73674073	37376
35302105	134283265
73365625	671088768
3601297	1610613248
53444485	1610613248
23531833	4099
2564173	524832
44805349	671092736
71177329	1074823168
69333445	327681
2620225	1610612992
65610361	36865
79790869	97
28279405	37376
43326613	1140883456
62844697	4130
36297757	1610613248
20979685	16809985
4854529	134217733
14504545	671088768
3824857	2147520512
1410733	671088768
18400645	1610613248
9272269	1610612992
9731053	2147520512
42293377	36865
12806137	142606464
15920425	83886081
12022057	1081348
43744573	167936
32737969	8425472
43038901	671088768
49512745	5435817984
3104281	4362108928
14624749	671088644
75640105	4353
16653637	5368971264
11436913	1610613248
24783445	2625536
73678609	4328554496
43588081	1074823168
10084213	2147520512
21950389	4311744513
14785777	2147520512
22451941	83886081
79757821	3221229568
78057469	8425472
49425913	201326624
30628729	36865
48721537	98
23995801	671088644
35101549	135299072
16781941	536871172
19355149	1610612992
73237645	32833
44083801	524548
78977629	32833
40616029	1610613248
36326269	4161
50558941	150994945
76300093	1073745922
59438809	5368741888
60341149	134217733
72369973	1073766400
58447369	2147487745
58082545	2147520512
40920589	4296048640
40094713	1610612992
51445405	33554438
48781801	1610613248
27514765	1610613248
37464157	1610613248
27533233	1085440
18007309	1610613248
73866205	67633216
8975809	4311744513
20942425	67108929
55233937	3221229568
77090977	1074823168
59833765	16912384
67144501	1085440
41862781	671092736
62850853	24580
71095681	33587201
74155213	1081348
20073457	1610612992
33213277	1610612992
45372673	36865
45305929	32833
66286873	1085440
5337937	1610613248
35608933	327696
69455593	1610612992
26504209	2147520512
2399257	1610613248
22411765	1610613248
24455881	2147520512
1273681	1081348
38177605	37120
30835441	65793
45303337	3221229568
23620933	671088768
32273029	671088768
81317557	1610613248
11607013	16814080
14551525	671088768
10204093	1610612992
22881241	2148007952
44401321	36865
29392021	2147520512
10282501	75497473
5284477	671088644
15690061	671088768
37915165	4295004160
36956449	4311744513
41100409	2147487760
2203885	1090519296
42954013	671088768
4355569	16809985
17032393	134254592
68274289	4295004160
29397205	35
80141761	2147553280
23548681	69633
52052905	1610613248
79486957	1610616832
25677037	150994945
47436553	4099
53597737	101711872
23633245	1610613248
38092717	67141633
60575725	2147483684
1562041	16814080
48870577	83918848
62807113	1073790976
27273061	67108929
31044421	69648
47338381	4362108928
8231257	1082130448
47956573	1610612992
40911517	1610613248
44800489	2147487746
78930973	5435817984
38475361	28672
4104145	37120
31390777	800
9488053	67633153
28414837	100696064
60466537	1610613248
60823909	3221229568
10697221	2147520512
68515021	4311744513
50056741	671088644
61358509	4395630592
56171917	671088641
53404633	67108870
2249893	1610612992
50825593	4295000065
69713173	83918848
60615577	327681
17609761	1610612992
30943333	37376
47891125	671121408
13831273	67141633
1266229	4311744513
8484301	2147520512
78305653	37376
517141	81936
70492393	36865
70072813	8425472
37614817	671088768
5490865	2147488256
56038429	4295000320
20408149	67112961
12620809	671092736
24088141	2147484674
67311037	2147520512
16020217	1610612992
217765	2147520512
19804213	150994945
72682309	2147520512
29536525	4362108928
62188597	2148012032
66271969	1081348
18782965	8421380
66071737	2148012032
45399241	36865
12949993	1610613248
19016569	150994945
51951169	331776
52075261	671088644
54073045	1610612992
74298097	1081348
13410721	1085440
42060745	327696
54064945	20482
79108849	5368713216
16228225	134283265
38542105	3221229568
43301017	101711872
41947669	36865
62597485	2147520512
26846029	671092736
75324853	36865
67160701	2147520512
44081533	83886081
42141097	1610613248
57098233	32833
39469069	4362076161
27933049	57344
23286565	150995072
67180141	1610613248
16645213	1610613248
62634745	1610612992
43059313	2147520512
53178805	201326593
280945	1610612992
36306181	528448
1513441	4354
4654945	134283265
78881401	2147520512
60641821	16781313
76341889	1610613248
49422997	196610
58407193	4295000065
63504685	1610613248
1700713	135266308
9611497	671088768
48289969	69648
44118793	57344
3229021	1085440
11112589	1610613248
804205	16908304
12900097	671088644
70398433	36880
73416817	53248
39153817	1085440
33771205	4311744513
781201	2147520512
63986473	16777219
4388293	1610612992
28802017	1610612992
16786801	671088641
74139013	3221225474
20290537	57344
64547641	1610613248
59998033	1085440
44110369	1073778688
12146797	2147484674
52839253	33587712
70910677	4295004160
9911845	83886081
40082725	1610613248
4414213	33856
63467749	1610612992
57676573	1074790404
66070117	32773
21676285	150995072
21996397	83886081
16360741	1082134528
21417085	167936
46416925	561152
22291885	201326593
13714309	2147520512
4392505	2147549186
13208869	2147487760
15689737	83886081
74637649	4296048640
624385	1610613248
18666649	150994945
21799405	1610612992
47740465	2148012032
66027673	671088644
58444777	1610613248
38801305	1174405120
75821221	37376
12431269	671092736
31312369	1089536
59086621	4362080256
66618325	1610613248
23843197	32834
8450281	36865
1222813	268568576
26147485	1610613248
56495917	537919492
36834301	36866
54475777	671088768
32597353	1081345
79343749	1610612992
14158837	24580
18115525	4295000320
44675749	1610612992
6702949	671088768
49445029	50
16633549	135266308
19007497	36865
41052781	36865
23608297	16777250
6149881	1074823168
24365161	1610613248
19475029	36866
14897233	2147487746
38536921	1073766400
4088593	4362108928
41828113	4311744513
15067657	2147520512
16426837	1107300352
57063565	671088644
2158201	17334272
54631945	671088768
5796721	83886081
47296585	1610613248
46956385	83886081
39222505	83886081
32588605	1610613248
57244033	671088644
30175777	4295004160
71950717	1610613248
38528821	1073775104
1395505	16908290
53170705	1081348
19607545	671088644
37031941	1610613248
25795297	671088768
17604901	83918848
42747301	1074823168
45583921	671088768
37538029	1610612992
51906133	17301568
68317705	1081348
73917721	561152
3739645	671088768
60162301	1074823168
44558785	1610613248
14702185	137216
18522145	4311744513
61967953	4311744513
25859449	4311744513
32910985	4311744513
42428809	1610613248
637993	165888
2875537	557057
29403361	134283265
25270741	2134016
17872525	8421377
2142325	4362108928
2809117	4362076161
17686225	67108929
81620497	4362076161
25015753	53248
74507725	1140850689
58067317	1610613248
1081225	67239937
36173017	4328554496
69002641	1074823168
8819317	4362076161
76558969	4362076161
50655493	1610613248
58296709	4311744513
64140697	1610613248
64959121	32833
3511873	1610613248
7384969	2148012032
46414981	1610612992
74648665	671088768
67770793	671088768
6820237	1085440
44033257	1610612992
82981	1610612992
39960901	25165825
32134681	4311744513
72392653	671088768
75014461	67141633
9673705	150994945
67826521	671088644
52640317	1073778688
50361949	1610613248
63673489	134479873
19437769	1146880
61697413	1081348
26925085	671088768
60532957	1610612992
61677001	1610613248
34753249	4328521729
21537613	1081348
73441441	37120
596197	4295000320
63730189	5368741888
55622737	32834
13025809	8425472
16779025	671088644
4112893	2148012032
15113989	67141633
50833045	2701131776
68567509	36865
1670581	1610613248
45552493	671092736
78572953	2147520512
19004581	4311744513
30556801	4362080256
56040049	561152
5621437	1610613248
60126661	1610613248
39013849	4295000065
15317461	4294967361
7162705	1073766400
7615657	4311744513
37695817	2147520512
12000673	32833
8737345	1085440
52177969	1610613248
24197977	4362076161
5946085	1058
37566541	4362108928
20142145	134217733
65737045	201326593
30768373	1073775104
69985981	5368713216
7384645	671088768
13273021	2147520512
73089577	1073778688
48427993	3221356544
32604481	16785409
40626721	528386
7327621	57344
3075769	671088896
74338921	4362076161
54244765	672137216
61050709	1610613248
10946053	201326593
1309969	1610613248
1378009	1610612992
69178897	537919492
43851817	1140854784
3042397	1073778688
933157	1140883456
4607317	16809985
16418089	1610613248
64126765	150995072
60612337	1610612992
76179565	167936
11314441	1610613248
1201429	17334272
57483145	671088768
63972541	36880
61567165	4311744513
12778597	1610613248
80272657	536903936
206101	2084
31794481	24608
44325505	1610613248
49913209	67141633
36348301	1081345
76605301	1140850689
46885105	1074823168
79726393	33579008
24153265	1610613248
7349005	4311744513
45188641	671088768
7767613	2147520512
75223765	557120
64184113	1073758212
38044441	4295000320
41993677	1073778688
68558113	16777282
65972917	134217733
71923177	1610613248
11375029	1073778688
3489841	134217858
33328621	28672
54930025	36865
31157821	33536
66616381	17334272
1237393	134217888
4971169	167936
45246961	671088768
40401865	16809985
32036509	4311744513
35554501	1610613248
46657009	162
54096697	17301568
39588949	1081348
50900761	331776
59355541	1073745921
32864653	67112961
20903221	1085440
69811669	2147520512
1850077	2147495936
839521	1073778688
28157257	67141633
70569181	327696
49646233	2147520512
36858277	1610613248
81608185	33849344
24083929	1610613248
63452197	1610613248
21342889	1610612992
63164809	2147520512
57894625	1610613248
43024969	16814080
1070857	40961
68218561	4295000065
38175661	671092736
3905857	1081348
69557653	1610613248
78581701	8392736
19203517	150994945
2489005	1085440
45453349	83886081
38297485	36865
70875685	1610612992
8223805	1610612992
57859633	37120
79605217	1085440
13466773	1052673
33847669	1610612992
9353269	1073778688
29414701	4295131136
70356961	36865
32421745	67141633
71946181	4295000576
22164877	2147495936
52180885	2147487746
14752081	201326593
32881177	1610613248
73869769	36865
40465045	28672
9708049	1610612992
78262561	3221225474
44576929	671088768
78873301	671088768
63298621	4362108928
7777981	1074823168
3020365	1610613248
9628669	4362076161
53619769	83918848
16168933	1610613248
6579829	1073778688
34646653	1085440
69139693	1610613248
69326317	4362076161
313345	167936
43307821	36865
65266273	1610613248
61361425	671088768
53458093	4162
7477309	67141633
2974033	1115136
34779493	1610613248
21825325	16809985
48229057	1610613248
39767797	4295000065
52337053	8705
74599741	2147520512
77039785	36865
81108577	1081348
53588989	4311744513
35646517	37120
19877437	1610613248
81152965	671092736
46754533	1610612992
55469809	150994945
56259073	1610613248
51310945	36865
6297301	1610613248
66349405	67141633
23794273	1610612992
38289709	671088768
40020841	1081345
36198613	4295000065
22744837	3221229568
47164393	4362108928
42128137	75497473
4130065	36865
58844269	1610612992
74570257	24578
23682169	1085440
23959189	16809985
6943357	65602
64558657	4362108928
38303641	1140883456
6780061	8421377
59896297	1610613248
33443317	1074823168
15657661	2147520512
67951585	83886081
25917445	1073778688
2630269	671088768
13004749	40961
77765545	36866
35470909	37376
60389101	1610612992
54911233	37376
74667457	1073778688
77747401	32833
48232621	17301568
67891969	1610613248
1549729	262240
67260493	4362076161
44532865	45056
49316401	1610613248
32732137	4295000576
40048057	1610613248
54042265	83886081
61391881	1073778688
31832389	671088768
1718209	1610613248
38286145	671088768
43336333	36865
57922813	1081348
68698081	1073778688
29984617	4362108928
66770605	134217858
51726961	37376
27890605	1085440
72864073	2147487760
37164781	35
48173653	327696
15127273	36865
40855141	17301568
63617113	2147520512
76847329	1074823168
504181	2129921
71792605	1081345
32175505	1610613248
32220541	2147520512
39666061	4311744513
24007789	17039361
1623601	1610613248
15770089	1610613248
67717981	1610613248
5228425	4296048640
13808269	32833
69540805	67141633
5913361	3221291008
46972909	36865
21756313	1030
7328269	2147520512
66464749	1610612992
20977741	16809985
1758061	1610612992
5298409	1610613248
23113225	524354
81325333	16801792
30339397	1073762304
13524769	1610612992
65354077	4295004160
150049	524322
24208669	2147553280
20779129	553648384
39268513	1074823168
28335457	1073746432
30319957	1610613248
11647189	2147520512
71274205	1082134528
52032493	37376
35130061	36865
46991701	3221229568
75460609	2147680256
67492801	1073762304
43825897	16809985
58296385	1610613248
57125125	65793
42457969	1610613248
22735765	671088644
68370841	671088768
43671997	1610613248
74402425	2147520512
26653249	2147520512
53365753	67141633
72976177	1073745921
4118725	104
41898097	671092736
56475505	1610613248
30512089	83886081
20219581	2147520512
6574321	1610613248
49820545	671088768
13567861	536907776
78319585	2147520512
54043885	1085440
72656713	37120
61671493	37376
48431881	36866
65364769	2147520512
17602633	4429217792
37335853	2147520512
62269921	2148040704
80224381	4295000080
79601653	150995072
26244037	4311744513
80477101	36866
78779341	24580
42028993	2147520512
12158137	2148012032
47340001	1081345
50099509	671088768
41423113	2147520512
7743961	4311744513
35800417	2147520512
33713209	1610612992
33967873	2147520512
9101845	1610613248
33693769	36896
67786345	138
50301037	1073778688
36687853	3221229568
68379913	1610613248
44881813	1610613248
23479021	36865
34916869	135299072
32829013	2147520512
56304757	67141640
53441569	1085440
24227461	2147520512
4801393	4429185025
25066945	4362108928
76137121	36866
76672045	2164264960
42950773	1610613248
76213261	36866
16133617	32833
34480117	671088768
21614725	1074823168
47336113	1081345
44080237	4101
50897845	1074823168
38697301	1081348
68648833	1073778688
23538637	2147520512
23205565	2101250
26029873	4362092544
31663585	4362108928
34888681	1610613248
37430461	4295000128
42961141	2147520512
60824881	1610613248
55692397	537919492
40174417	4362076161
19538533	1610612992
75534805	1610613248
1988425	1610613248
52118353	65793
38831761	671092736
71791633	671088768
20128861	524354
19684333	1074823168
80066269	671088768
80838361	2147520512
5046985	1610612992
40834729	671092736
69667813	102400
33787081	134283265
75912589	1610613248
51391945	2147520512
6954697	4362108928
31409245	800
27922681	1610613248
10512217	4362108928
43220341	1073762304
597169	1081360
60112405	4362108928
76400857	800
1492381	1073750272
34672573	36896
25933969	1073745921
74949985	37120
40653937	2147553280
50378473	671088768
4009213	671090688
54189685	4311744513
53385517	671088768
25256485	4295000065
24877081	2147520512
69969457	528448
51121405	1074823168
10933741	36865
19832725	4311744513
2035081	2147520512
9340633	4362108928
21895633	36880
53227081	36865
63549397	2147520512
34249429	67108929
47685385	20484
38585197	150994945
81472753	1074823168
66532465	2147520512
34742881	83886081
76239505	1141374976
20450269	65602
45575821	4362076161
4721365	24577
16900849	167936
31392721	16809985
25546141	6442455040
35757973	536871680
16432993	2148012032
54214957	134283265
12955825	1610613248
42277501	1610613248
7276753	2147520512
41253661	1073778688
44189425	4429185025
56282725	2147520512
55121833	671088896
2469241	1610613248
131581	134250497
37783621	1610613248
1291825	4130
110521	16809985
4249	83886081
78530185	33554438
6398065	1081345
48475945	671088768
30355273	134221825
92053	134250497
25335541	1610612992
5581261	16809985
320149	1610613248
58006081	1610613248
39140857	2147553280
55218709	1081345
57594277	1073778688
39031669	36865
24467869	4362076161
26328277	32833
72048889	40961
44031961	671092736
28309213	2147520512
38487349	2147553280
2605645	2148012032
59816917	2147487746
9401545	36865
78379201	299008
915985	134250497
50013973	1610612992
702793	1610613248
67750705	4295000065
81533341	1073778688
10253341	17301568
262801	1610613248
2812681	4295004160
47046457	16781313
18271045	83886081
68917429	3221229568
53279569	671088768
71722621	167936
64090153	1610613248
14884921	97
65431513	1610612992
6592141	2147520512
14040901	671088768
17226145	36866
34032673	4362076161
73966969	2147520512
41505733	1073745921
27565957	1610612992
10296109	2147524608
76430665	1074823168
46312921	67141633
23003389	2147520512
1602865	561152
17893909	1073778688
59207149	1610613248
66719413	36865
41207653	135266308
47237941	4362108928
77948605	10489856
31331809	1610613248
62697601	67112961
62833357	1610612992
80107093	37120
8886709	1085440
66372085	5435817984
37895401	1610613248
69215185	671088768
14320837	4362076161
17714737	4362076224
31411513	800
43700833	1610613248
37866889	1107329024
27012889	150995072
14622805	1610613248
51801805	4296048640
35571997	5435817984
55554697	1610612992
23942017	1140854784
28337401	1081345
21770245	1610613248
22691377	1610612992
4270033	32833
452017	2147520512
74395297	671088768
28686349	327696
1094833	2148012032
80364673	1610613248
49035817	1073778688
56310913	83918848
74388169	2148012032
17388469	1610613248
54640045	5368709121
64342873	4353
73868797	4295000065
31633129	1610613248
39010285	37376
61228585	36865
61510141	1048644
24331789	36868
70223797	36865
66915433	32833
41065093	1073745921
68838373	1610613248
67225825	53248
20754829	1081348
23872357	1073774593
48573793	5368709121
26664913	2164264960
40185757	1610613248
59156605	1610612992
54139789	1610613248
6672169	4311744513
41759749	2148007938
47030905	1610613248
80276869	2147553280
39853333	134221825
17379721	8392736
722881	1610613248
16797493	1085440
27194653	4429185025
44798869	2181070848
53656705	4362108928
73800109	671088768
7165621	2147520512
110197	67141633
39358585	36865
43482457	1610613248
44095789	36865
34039153	4395630592
17566345	1610613248
784117	134250497
19670401	83886081
40950721	16801792
51158341	1073778688
2180233	36896
24139009	671088644
51084469	28672
60462001	2147520512
29785357	2147520512
29070937	134217733
20760985	1610613248
11554201	1610613248
76847653	1610613248
989533	557120
59899861	2147483682
46654093	671088768
3619441	150994945
21331549	1082134528
6479713	2147487760
70212457	671088644
14412529	524353
43666165	1081348
2771533	18878464
79880617	16912384
53373853	2148012032
26187337	1610613248
38380105	134254592
77382577	2147487746
1755793	1610613248
54645553	2147520512
77275333	2625536
54512713	17334272
1622953	83886081
79111117	5435817984
81092053	671088768
26174701	671088768
1435033	67145728
69337981	1073778688
33758893	4295000065
55522297	1081348
54977653	67112962
24601357	1610613248
20674801	134217733
8113645	1610613248
62670061	33591296
56431117	36865
74744893	1610613248
36150661	16810240
58955401	1081348
65382913	1610613248
2456281	34818
73041301	4362108928
70198201	1085440
17955793	83886081
36037909	83886081
10948321	1085440
33198049	4099
73034173	268568576
33299137	4610
21308869	1085440
76001041	135266308
77960917	2147553280
72714709	1074823168
56536093	5368713216
43219369	32864
81529129	5368741888
41734801	1074823168
41185621	1085440
929269	4311744513
68015737	67112961
50757229	2147487746
23518225	35
44360497	2147520512
28732357	2147520512
11067553	1075843072
71511373	36880
25542577	36865
15768145	4295000320
14197393	3221229568
75214369	2147520512
46905193	1140883456
47260621	57344
54592093	687865856
2994445	1610613248
16733341	67141633
27209881	83886081
22332385	4102
56800801	1057024
72351505	4295004160
3961261	1081345
61542865	32833
63128197	3221258240
75944665	2148012032
70302529	4099
42103189	1610613248
46712089	2147520512
27014833	150995072
31338937	2147520512
85573	538968576
49814065	1085440
18925525	32833
59187385	4362108928
62052841	1610613248
900433	4311744513
8955397	135266308
9039313	1610613248
7567381	4099
77100697	1610613248
19568017	1074823168
54338077	134283265
61247053	4130
32982913	67158016
26816545	1610613248
72091657	1073778688
43340869	4311744513
52644205	5368713216
53208289	2147520512
26589421	8425472
23028985	36896
77992669	4311744513
14529169	2147520512
36301645	69648
20968669	4362108928
54283321	1081348
33016609	36865
2949409	16777250
35464105	2147520512
79656085	1610613248
70662169	3221229568
62087185	8421632
4871053	671088768
72066061	1610613248
353197	577
26218441	1081348
18195877	1610612992
59415481	33587264
69073921	1073745921
81223597	4362108928
28324765	1610613248
55509985	1610613248
38584225	1081348
10529065	4362108928
24041161	557120
5869945	4362108928
77169709	3221229568
72905545	67141633
40899529	896
18730801	4311744513
40809781	671088768
68647213	1073746432
51551029	1610613248
22735117	57344
80246737	36865
14059693	671088768
8029729	1610612992
5792509	1610613248
5161681	1610612992
37176445	2148012032
47563561	1146880
52732009	1610612992
48011005	6146
38355481	1610613248
3810925	134283265
78790033	2147488256
36411805	150994945
13067605	83886081
66670489	8421408
41652505	4295000065
39416905	1085440
26014321	68608
80222761	1610613248
78721993	671088644
61439509	1610613248
1419805	671088768
76096945	37376
41452273	67108929
64003645	1610612992
7594921	229376
6354973	561152
38017549	1610613248
75651121	1074036736
55564741	37120
57289717	1610613248
58698469	2147618816
22023937	528448
32109085	2148012032
78524353	1610613248
37634905	2147487746
148753	589856
21474109	67
38130625	1610613248
15933061	4295000320
73412929	4362076161
56866897	1073774593
36338257	1610613248
64987309	16814080
4605373	4102
5067721	1085440
1887985	4130
527185	16908290
7820101	1140850689
53965153	2147520512
44561701	4311744513
7901425	40961
55083277	37120
48508021	1081345
592309	671088768
6347197	1073745921
67752649	671088768
80503345	33536
53353117	5368709121
2718721	16809985
41554009	1073746176
27641773	134250497
24237181	344064
17778241	1081345
70737013	67108929
40689577	1073774593
10586089	1074823168
47416789	4362108928
20103589	67141888
27029089	4362108928
64748521	32833
39009961	1081348
41204413	3221229568
50533993	1073774593
64138429	1610612992
47831185	671088768
48685249	4362076161
78242149	671088768
799669	327696
6458653	1085440
63568513	2147520512
36305857	83886081
68503681	37120
27925921	1610613248
35508169	577
41181733	1610613248
35028649	1610613248
81091729	2147520512
76374289	1610613248
24129937	201326593
54507529	1610612992
53056981	4294971393
4842217	2148012032
47551573	36865
58790809	1073778688
62036965	1610612992
38266381	36865
37103869	1610612992
73713277	135299072
8832601	1610613248
19175653	2625536
53161957	1610613248
45087553	1074266176
73632925	6442483712
63876637	4362108928
17180785	57344
70065037	4295000320
11936521	4102
74693377	1610613248
18844849	671088644
25561369	8425472
73435285	671088768
29444185	36880
14875525	671088644
55326277	1140850689
73236349	16777282
80987077	1610613248
40700593	4294971393
20933029	75497473
80218225	1081348
81285481	1610613248
24817465	537919492
38723869	200704
57000061	1140883456
24195061	100696064
57855421	37120
239797	1081345
55157149	1073745921
22019401	537133057
13373461	16779266
9378865	1107329024
60537493	1610613248
11361421	1074790404
668449	2084
29914309	671088768
17451973	67
26943877	4362080256
2137465	16809985
1879237	1610613248
52808149	37120
57560581	150995072
3456145	1085440
60120505	1610613248
41299669	67112962
60878341	1073778688
5637961	2147520512
65923669	1610612992
45635437	4311744513
69738121	1075871744
69556357	2147520512
31463353	37376
19157509	1085440
632809	1610613248
70621021	1074823168
1842625	4362076161
3939229	1082163200
77583781	1610613248
46346293	4328554496
32614201	4311744513
47646829	1074823168
59790997	4311744513
59104765	1140883456
12388501	671088768
41734153	4295000065
50761765	17301568
80903809	671088768
51433093	4295004160
42099301	671088644
19049941	1610613248
25732441	83886081
9414505	5368709184
14669137	4311744513
34059889	1610613248
47272285	36865
41638897	671088768
79275061	4311744513
34485625	36865
63457705	1610613248
48333385	36865
18392869	671088768
68320945	67113024
30889549	36865
22674205	83886081
8599321	57344
51037165	1610612992
34521913	2147520512
40785157	4295000065
53421157	1610612992
18219205	532544
63785269	1073872900
79858261	2147520512
2644849	1610613248
4334833	524546
51980653	5368713216
16483213	67141633
79482097	3221229568
28189009	1610612992
1434061	269484036
28520137	83886081
40265137	4295000065
43410529	4395630592
48971989	4311744513
63427249	1610613248
15315193	134250498
35368201	2147520512
77759713	196610
38649349	4295000065
12540781	671092736
25491709	83918848
2726497	33296
1539037	2148012032
49471921	4966055936
64014337	67
24604921	4362076161
62229745	1081348
77363461	134218753
72835885	524354
80792029	1048582
38313685	8392736
18003421	16781313
75391921	2621504
23212045	671088768
4051009	2147553280
49004389	2147520512
42044545	36865
68853601	4362108928
53626249	67141633
50150053	75497473
79347313	671088768
52674661	5368713216
3233233	2147520512
35639389	147458
22735441	1610613248
24977521	1081348
25790761	67158016
34278913	2147520512
44531569	1610613248
57490597	5368741888
15349537	671088644
40794877	36865
7833709	83918848
47483533	687865856
36462349	4610
10203121	4295000065
35077897	2147520512
77314861	74
12637009	1610613248
1438921	150994945
2706409	4311744513
63893809	671088768
11698381	67112961
52952329	671088768
77777857	671088768
46893529	1082163200
871921	97
16637113	4295000065
22418569	67141633
10528093	1085440
57324385	83886081
56036809	2147618816
44084773	1073745921
12324997	1073775104
73709389	2147520512
36561817	1081345
76498381	2147487746
18916129	577
1840033	16781313
46220257	671088768
60513193	4311744513
80136901	1085440
39290545	37120
22459069	32773
43518421	17301568
38203849	2147520512
44935597	83886081
7565113	1610612992
73810801	2147520512
39585385	561152
54211069	536872964
48100105	36865
53874757	36865
3390697	4161
66812077	2147520512
929593	1610613248
1211797	1610612992
63945325	150994945
56421397	2147520512
73951741	1074823168
66429433	4362108928
3841705	16809985
23980573	671092736
20115577	36865
3969685	1074823168
25114897	299008
17026561	2147487746
47267101	4362108928
34604857	1085440
1307053	135299072
17689465	1610612992
15728617	2147520512
26311753	67145728
762733	1610612992
61236037	4311744513
24314293	1073766400
40726189	36865
66509785	1073778688
8700733	1610612992
18334225	2164264960
57713185	1610613248
43813585	2147520512
52535665	4362108928
23606353	1610613248
47253493	1610613248
15523525	37376
51258781	1610612992
70734421	1081348
53790193	65793
58919761	37120
54718453	36865
1854613	4311744513
19466605	671088768
62979481	1074823168
13412341	1081348
31772125	2147520512
8969329	2147553280
81108253	4328554496
80449561	1610613248
16428457	524353
61449877	536870918
25235425	2147553280
39244537	196610
72896149	1085440
69989221	1610613248
6205933	67108929
43632469	2147487745
13953421	1081348
60572485	2147520512
51453829	671088768
32840029	4311744513
5231017	1610612992
35771905	2147520512
33373009	1074823168
72656065	1081345
18925849	150994945
80290153	1610613248
12910141	671088768
80245765	1610613248
12522313	671092736
3574081	1610613248
63147637	1610613248
52797457	1610612992
77342077	16809985
51272389	2147520512
56689345	1107300352
60427981	1073778688
34347925	671088768
74599417	4296048640
79902649	1085440
23916421	16781314
42502681	4362076161
65070577	32833
20630413	32833
35116777	2148007938
27101341	1107300352
49473865	1610613248
26216821	32833
30168973	1610613248
7815241	671092736
75286621	1610613248
67644433	4295000576
78162121	538968576
69821389	1081348
69545341	1610612992
50489929	4311744513
57254077	1610613248
9391825	57344
1220221	1610612992
80284645	2147520512
50761441	4362108928
7179553	1081348
43251769	524354
5311369	536903936
719317	1085440
75727585	561152
36757513	524322
18078265	1140883456
63458677	16814080
17688817	1146880
40710637	67108929
21152701	16777226
64568053	16809985
23738545	1610613248
43238809	1610613248
18934597	83886081
49656601	36865
53443837	4311744513
17161669	4362108928
24693373	20736
47027341	4362076161
61585309	2147487746
58330729	67108929
38376865	1081348
42968917	2147520512
35131681	196612
12138049	1610613248
16681825	1610613248
43074541	196610
46564345	135184
4771585	40961
59713237	1074823168
35227585	57344
58835845	4362076161
30761569	1081348
25540633	134758400
64773793	4362108928
49031929	2147520512
57809413	3221229568
40247641	1610613248
932185	4295004160
36320437	536870918
3184633	4362076161
22207645	4226
36957097	1073778688
50386897	1610613248
27610993	2147520512
77405905	2147487745
47860993	16809985
62788645	671092736
49160557	4311744513
51112657	1073762304
14953609	150994945
3640177	83918848
29871865	1610613248
9823717	1090584576
1528345	3221229568
6231529	2684358656
65840077	1146880
696313	1610613248
65850769	528448
80751529	2147520512
21559645	150994945
50894929	135266308
61101901	17301568
532369	1058
55308457	4353
37937197	4295000065
58030057	1074823168
32211145	1073778688
36761401	1610613248
7165	135299072
66269377	4353
52773157	4295004160
48909781	2147520512
73426861	524546
16125517	1610613248
57802285	4362108928
72206029	1610613248
52259293	671088644
21751777	150995072
33348385	1207959680
79776937	5368713216
7585849	20512
31260205	671088768
28175401	671088768
11291437	1085440
31284829	32773
3452905	67112961
70105861	16809986
507745	671088768
30059785	17301568
33093397	1140883456
70342705	577
39318085	800
12694681	1610613248
76040569	4311744513
31567357	1146880
53681329	2147520512
48028501	1074823168
27010297	150995072
1679977	524802
31152313	4311744513
21047725	36865
53214121	671088768
47481589	4296048640
12188917	671092736
64603045	2148040704
13198825	40961
1428877	167936
54149185	1085440
8382241	2147520512
8529985	671088644
68169961	36865
25386409	4362108928
206425	33718272
254701	1081348
71812369	1074266176
63759673	1073758212
2461789	2147520512
22171033	671088768
37466749	1610612992
22288645	201326593
62873533	4311744513
47932921	1610612992
55081657	2701131776
62104357	1610612992
51165793	671088768
1641421	2147520512
51447673	1073778688
63973837	1610613248
24343129	36865
28497781	2147487745
64085293	67108929
74651257	2147553280
11858113	1610613248
1874377	536903936
2707057	137216
56424961	1073778688
12793501	4362108928
42469957	4362108928
42340033	671088768
71836345	1610613248
36280585	671088768
34822261	1073745921
42242833	1610613248
56188117	6442451008
53952517	2148007938
57821725	2147647488
43363873	1610613248
44663761	1085440
68870449	2147520512
69929605	1610612992
52420321	2147487745
5945437	1610612992
2212309	1610613248
25314157	671088768
75008629	1610613248
43619833	2147520512
70148629	4295000320
27666397	1610613248
28143973	4362108928
1692289	1085440
72213805	1610613248
11247373	2148007938
57298141	1073778688
44001181	1081345
41618809	1085440
2132605	2147520512
12475333	671088768
22205053	67141633
80717833	1081348
39518965	4311744513
20385145	671088644
5403385	1610613248
4452121	1610613248
62043121	2147483908
67449061	4362076161
51934645	2147520512
58773961	2147524608
68356261	4395630592
44145037	1610613248
5556637	36865
38318869	1610612992
68221477	36865
33509089	83918848
44880841	1073774593
35778385	1073872897
34910065	4362076161
53334649	8421392
73957897	1610613248
33555421	1610612992
44212753	1073774593
6041341	1610613248
35705485	36865
55632781	36865
36197317	1073766400
56423665	671088768
47715841	1610613248
74126053	671088768
41789557	83886081
37370197	196610
38595241	167936
65731861	1073778688
35408377	1081348
16076593	2147520512
59088889	3221229568
26267689	4395630592
25220521	40961
53146081	2281705472
77753557	671088768
12975589	83918848
21801349	36896
5682997	553648256
35859385	4130
74656441	8425472
119917	67141633
6167377	561152
12840805	201326593
70119793	1610613248
34156117	2101504
57348685	671088768
72025561	67141633
59559985	1140883456
12764341	1081348
63653401	1074823168
46278901	3221229568
81668773	1074270208
34194673	4362108928
35904745	671088644
19900441	150994945
44966701	671088768
19276741	201326593
49541257	16777282
58549105	1610613248
80991289	167936
5042449	1610613248
22658329	1610613248
52828885	2147520512
31964905	4311744513
2200321	1073774593
54624493	17301568
27625573	4362076161
62814241	36865
60446449	1081348
43835617	4362076161
75753829	671088768
80796565	1610613248
35975701	671092736
10157437	2147520512
68545801	36865
57934477	4295004160
57709	67141633
75776185	4295000576
25698421	1610613248
78434281	1073775104
62326945	1610613248
54269389	1085440
30695149	83886081
1624897	4294971393
27693937	4362108928
33032161	4295000065
15453217	4311744513
19386901	16777281
5387833	2147520512
51134365	671088768
19778941	1610613248
49306681	327696
41688145	1081345
37490401	4295000065
77341105	1081348
15214753	671089152
4398337	1610613248
61777765	37376
6537385	3221229568
31649329	1610613248
65156761	4311744513
48480481	1073745921
76190905	4311744513
30144025	1610612992
1818973	2147520512
644797	66564
75945637	671088644
59709997	167936
17477569	167936
59422609	37376
27401689	327696
28522081	1610612992
27175861	4362076161
52623793	1610613248
52223005	4311744513
79826833	4328554496
15508945	2148012032
22820329	1610613248
34774309	67141633
70699429	1610613248
51075721	4295004160
57386917	1073778688
79718617	1107329024
58872133	1081348
21006253	1610612992
79123753	5435817984
72253333	1074266624
5478229	2164264960
40591081	671088644
52324093	1140883456
12134485	536871170
27949573	671088644
35039017	5368713216
50795785	36865
629245	1610612992
46698481	4311744513
45142957	3221225473
10938277	1610612992
41686525	37376
69788341	2147520512
75088333	4328554496
24052501	83918848
49087981	4295004160
18569449	20512
44498197	32833
27158041	671088768
12035989	1073778688
19650637	671088644
36725437	1081348
41384233	1073745921
58521565	4328554496
80081497	1610613248
53457769	671088644
68432725	1140883456
63655993	13
72641809	24580
16575553	1610612992
33289093	327696
19230085	1085440
22568905	671088768
57973357	57344
43562485	83918848
81111169	1073746176
7767289	1610613248
20221849	2147487746
43120225	1610613248
44350777	1610613248
1139545	4162
1121725	4102
63318061	2147487745
64026973	1610613248
153289	1610612992
53482717	4362108928
72591265	1610612992
690805	69633
67949641	671088768
7441345	1610613248
43768549	16781313
21443977	4429185025
3113353	1085440
7232689	137216
51170005	36865
68848741	1610613248
57904993	16809986
80399017	671088768
28336429	16809985
20889289	114688
10967761	8392705
15546529	50
77612617	1073742084
28188685	5435817984
27833581	4295000320
74532025	196610
58622977	671088768
15117877	1140850689
78580405	1081348
49606057	1085440
47401561	1073778688
53670637	536903936
47439793	671088768
25953409	201326593
40132945	37376
8084809	40961
48431557	2147520512
15035581	36865
28504585	4311744513
68600881	67141633
48992401	1610613248
46435393	671092736
3510253	671088768
31513249	1081345
27431821	1081345
73722997	4295004160
1132741	1610612992
64078813	57344
29486305	1081345
77902273	2147553280
53548165	1610612992
15085801	1081348
80988697	8392960
30508849	75497473
73128133	5435817984
75550033	1074823168
2089189	1610613248
58793077	36866
22519333	2147778560
47554489	36865
5347333	671092736
70429861	2147520512
38454949	4311744513
57897865	2147487760
57814921	1610612992
16270669	1610613248
15308389	1610612992
42440149	134217733
33380785	1610612992
47548981	1610613248
3716965	1610612992
68217265	2147520512
23248981	671088768
31650949	67141633
6810517	4311744513
37310257	4311744513
35604073	2147520512
138385	134250497
2057761	2148073472
81556345	1081348
3257857	1610612992
52856101	1073744896
439381	1610613248
56990341	32834
2824669	1074823168
26708005	1140850689
62475661	83886081
13773601	1212416
75003769	2147520512
33296545	4162
2298817	1107300352
64234657	1610613248
36992089	1081348
3789217	1610612992
43161697	1073778688
24613345	16912384
39259765	4303357952
17826841	1610613248
344125	4362108928
14306257	57344
32460625	671088768
44089633	671088768
40927393	671088768
534313	671088768
19575145	1085440
213877	1610612992
29499265	266242
19300717	37120
32335561	37376
40168261	1073745921
5074201	1081360
49146301	1610612992
46779805	1610612992
18931033	37376
75064357	4226
47746621	5435817984
10447417	4130
23639077	671088768
40628665	1610613248
19287757	1610612992
21920257	150994945
64361989	1610612992
47157589	4295000065
3670957	16781313
6789133	68608
23768353	66564
39783997	1073742592
23477401	4362108928
9695413	671088644
68873041	1090523136
43628581	671092736
49205269	4362076161
11882413	8421377
59355217	4295491648
78036409	1610613248
62061589	4296048640
19666189	2147483968
55030465	1610613248
139357	67141633
7110541	4311744513
67657393	4362108928
10486945	1081348
29518381	196610
32905801	1090551808
45044137	671088768
30815353	671092736
44113933	1081345
1544545	2147520512
9240193	2147520512
124453	134250497
77264641	3221225473
1453825	70
57075553	1073745921
66361393	671088644
66526957	2101312
12771469	1610613248
47015677	1081345
69555385	1081348
2396665	1610613248
1841977	4362076161
70272397	36865
72019081	16814080
73215289	6442451008
24721237	2134016
28900189	37120
62368417	4294971393
60274729	269516800
5195053	150994945
50771809	36896
22286701	2148532228
4552237	134283265
76592665	4311744513
4924837	1081345
60159061	4311744513
53452585	2147483651
33603373	5368709121
49609	83886081
51981949	1081345
25900921	4295004160
41646349	1610613248
513253	35
13043629	1610613248
77062465	1610612992
63217	135184
65935981	4362108928
29322685	16908289
49754125	2147487760
64255069	1610612992
8496937	67108929
49450537	557072
57260881	671088768
7099849	2148012032
54575893	4295004160
44105833	3221229568
23995477	672137216
60543001	2147520512
80751853	2147553280
71096005	327696
142273	4303355905
6303457	8425472
33479281	2164264960
75056257	1610613248
35880445	134218753
31715425	2148012032
35731081	1610613248
77448997	1074823168
31560553	1610613248
30700333	2147520512
23625145	33028
5061241	4362080256
2072341	67108869
32639797	16781313
2819161	671088641
80206237	4295000320
61867837	3221229568
883585	1085440
81190549	67145728
75424645	1610613248
11060749	671088768
19986301	1610612992
46738333	671088768
21619261	83886081
12025	1081856
81251137	16814080
71418385	2147520512
22579273	671088768
56920681	2147581952
37381861	196610
53310673	135266308
58241305	1085440
2118673	8486912
52328305	4311744513
22928221	134283265
4566817	1610612992
51333625	4130
6912901	671088768
58517677	4295000065
14635765	671088644
48502189	16842768
38828845	1610613248
69625693	1085440
38792233	5368713216
30586609	671088644
35193889	671088768
5778577	67141633
76753045	65793
1676089	65793
59324437	2147487746
25838389	671088768
22055041	1081348
10573453	1610613248
38028241	4329570304
24464305	134254592
81192493	67141633
4548673	4099
32370553	3221749760
54467353	4640
3451933	538972160
10791829	2147520512
8777197	2147483682
11987713	1610612992
42688333	671088768
12869965	1085440
29713429	1610612992
39568537	1074823168
36655453	1081348
66355885	1610613248
77383549	1074823168
30582721	167936
61379893	4311744513
35546077	67108929
56951461	1610613248
78761197	2097155
33061321	1073746176
12102085	2147487746
33280993	4311744513
4410649	1610612992
4197781	2147487746
11855845	16809985
37537057	1610613248
35700949	561152
22583485	4296048640
70867585	53248
36238141	134217857
37800793	5435817984
43390441	67
17835913	2148012032
74683657	1610613248
66748573	1074266113
62544349	1074823168
9727813	32834
72602929	1610613248
33848641	4294971393
51952465	1074823168
6061753	1610613248
42851953	32833
1826101	4362108928
68859433	1610613248
19499329	1610613248
69510997	1081348
75607381	2147520512
80313157	2148073472
43386229	83886081
13570777	1610612992
13942081	1610613248
36373897	36866
863497	4362076161
64865809	1610613248
80098345	3221225488
62063857	1610613248
48594205	1085440
51668965	1081345
5368069	2147549186
22894849	1174405120
3252349	8523776
46540693	2147520512
1695205	3229614080
39202741	561152
20553949	114688
27655057	671092736
39195613	671092736
3595465	36865
58737349	2147524608
8254909	1085440
47891449	36865
5334697	1081348
48080665	5368711168
56432737	1073774593
33078169	36865
70522525	671088768
80693209	2147520512
29139949	4099
8805385	1073745921
41215753	1073778688
72367381	4311744513
73134937	671088644
47128429	557120
60421825	1074008064
29929861	2625536
54664993	8392736
15319729	36865
56729197	1085440
51467437	4362076161
19075861	1610612992
64739449	36866
45239509	2134016
12869641	1074823168
54392185	1610613248
506449	2147520512
40816909	37376
53555941	53248
39646297	134218753
42195853	1610613248
8710453	1174405120
77831965	3221229568
6884713	1085440
46598041	1073778688
9490321	81936
59731057	4362108928
43713793	671092736
75411685	2147520512
90757	1610613248
70097761	5368741888
6161869	4101
38155249	4395630592
40699945	37376
2224945	1610612992
50150701	1610613248
45435529	1610612992
63986149	16777219
4687345	1073778688
81010081	1081348
71066845	6442455040
9019225	518
74885185	561152
477613	1085440
40638061	1074282496
47398645	67141633
9877825	1610612992
58991689	37376
40623157	2180
43061905	83886081
61753141	36865
37752517	2147520512
50938345	7
8391313	1610613248
49175461	1610613248
76403449	1081348
76043161	1074823168
35884981	1610613248
42554197	4106
36672625	1610613248
62014933	1082134528
81658729	2148024320
777961	67109378
35861977	8437760
2979217	1610612992
53601301	1610613248
1478449	2148012032
32551993	1610613248
41413717	2148012032
79605541	134221952
49208833	70
20530621	1610613248
33306265	67141633
10160677	2147520512
57927997	544768
31919545	150994945
70948585	4362076161
19285489	2148012032
66043549	2147553280
5319469	1610613248
3307429	1610613248
54729793	1610613248
80288209	327696
79183693	1610613248
44655013	1082163200
70976125	1610613248
8397469	69
4057489	16814080
15465853	1610612992
1881181	67141633
30499777	67108929
39320029	4295000065
9209089	1610613248
29272141	135299072
3729277	6442455040
27909073	1610613248
49773565	4295000065
29674225	1085440
2005921	2147520512
35682157	1610613248
2617633	671088768
64234333	4311744513
71179921	1610613248
6418801	67141633
11969893	2148007952
18579493	2129921
50871925	536871170
56830933	134218241
41322349	1610612992
60622381	1081348
4357513	1610613248
66422305	1073778688
58619413	138
17718625	24577
107281	67141633
66920617	1610613248
9048061	150994945
18538993	65554
72553033	67141633
4168945	2101250
74625013	2147520512
62036641	16814080
49602817	671088768
21916693	83886081
61901209	67108929
36537841	134217860
24349609	57344
70785937	1610613248
79434145	671088768
29324629	1610612992
24091381	4311744513
163009	1146880
58426633	1140883456
81111817	36865
12971701	1081348
57305593	1610613248
10259173	67145728
21299797	2147487746
80977033	67141633
2810413	1610613248
44737633	671088768
26095645	1085440
68143393	36865
44483941	16797696
25372153	36865
70070869	331776
873541	134217733
18980281	327681
46499869	1610613248
33961717	1085440
2685673	1610613248
77597713	1073745921
23041	4362076161
18067573	1081345
17717005	1610613248
2831473	2101504
18207217	3221229568
74557945	4362108928
11462509	536875010
76409605	671088768
20053693	1610613248
66574585	1081345
60865381	2147520512
51007033	37120
80285617	49154
10936009	1610613248
60194377	1073774848
22913965	524360
37082485	671088768
23714893	4311744513
41227093	17858560
6295681	1073766400
1866601	1610612992
27561421	1610613248
42987709	1610613248
44366653	17301568
40788721	32833
9877501	1085440
6186493	1610613248
14175361	65570
4762189	1610613248
68485537	102400
874513	4311744513
25251625	1073778688
34245217	1107296257
38121553	3221229568
64862569	1610613248
49163149	671088768
78900517	561152
19855081	150994945
51565933	33591296
1696177	2148012032
57638665	2147520512
431605	3221487616
39625237	1081348
41223529	1610613248
37778437	1610612740
32254561	83886081
38921509	1081348
32113	4362108928
15760045	1610612992
44156701	4311744513
76138417	1074823168
57292309	671088768
40920913	4294971393
26423857	1610613248
48274093	83918848
13133053	2147520512
81207073	671088768
42906061	134217888
40527253	671088768
56531557	1610612992
19015597	150994945
60334021	16809985
2526589	83886081
25953085	68608
14315977	1610613248
69621157	4362108928
23692213	201326593
18301501	1610613248
18270721	83886081
38977237	327681
56056897	671088768
74140309	32833
38358397	36866
81179857	1073778688
77772997	67141664
15176845	83886081
52152049	20481
55737433	1610613248
13712689	101711872
13966057	1610613248
8506981	1074823168
2980837	2147483682
81602029	135184
3587041	53248
32002165	1610613248
69664249	1610613248
442297	45056
9575857	36866
59347441	1074823168
11027377	1610613248
33485437	1085440
39048517	671088768
14788369	1073778688
79060897	2147484674
48426697	1085440
63859141	1610613248
44514721	1610613248
61778413	1074823168
62163325	4362076161
24006493	3221229568
80939449	1610613248
36637957	1610613248
7886197	37376
22909105	671088644
53199541	2147487746
66206521	32833
25435981	32802
56864629	671088644
49161853	83886081
385597	4362108928
8364745	40961
6701977	16809985
40686013	2147487746
50748481	1085440
31246921	2147487760
59314393	1610613248
22954465	67112962
51226705	1074823168
48295477	4311744513
4236985	671092736
48593233	1610613248
32188789	37376
70304473	1610613248
12283849	1610612992
49827025	1085440
56026765	17301568
61763185	2147520512
79517737	4311744513
76584889	2147618816
26075881	83886081
51850081	2625536
5365801	1081348
34120477	671088768
14569993	1610613248
60006133	36865
24355117	1610613248
47127457	2147483682
60381325	1610613248
17120197	1073778688
55711513	1610613248
41965165	1073745921
69024349	2147520512
40732993	16814080
63401329	36866
55564417	4311744513
12795121	167936
45282277	1610612992
35304049	36865
17628877	4362076161
20203705	536875520
32763889	671088644
65744821	2147487746
70022917	1610613248
55846621	671088768
22888693	1610613248
12657745	671088644
16971805	3221229568
32925241	4294971393
1352089	134217857
49308625	3221356544
61037101	5368709121
11819233	671088768
68063041	2147553280
55501885	2147520512
41670001	16777282
72344377	1610613248
78434605	800
16258033	327696
37330021	1610612992
5364505	1610613248
49932001	4311744513
73943317	134218753
47567125	1081345
44303473	671088768
77930137	2147488256
19429021	2147487746
49994209	2147487760
41166181	2147520512
68053645	67145728
46836505	83886081
11063341	135299072
5619817	67141633
14532085	2147487746
48711169	83918848
5433193	1107329024
484093	1610612992
76812337	24580
57727441	671088896
69562189	1610613248
59509441	671088768
22229677	671088644
28044829	37376
41561137	3221229568
80315101	3221229568
61021873	36865
51573061	1074823168
75956653	83886081
29578645	553648384
54569737	1610613248
41978125	4362108928
34215733	561152
51683545	3221258240
29533609	67112961
17288029	1174405120
47687005	671092736
112789	67141633
25499161	150994945
56126557	36865
67523257	1610613248
79378417	5435817984
18037441	134221825
50874517	1174405120
6811489	1610613248
12112453	1610613248
33073957	16809985
33884605	2134016
2271601	2147487746
63358885	17301505
31993741	2148007952
35909281	1081348
66036097	1085440
33664933	37120
50015269	3221229568
40341277	1081348
35485165	4311744513
11058481	1610613248
34854661	1090519041
3881557	4256
70793713	2147520512
43853437	1610613248
68509837	671088768
6177097	37376
22189501	1085440
44488801	83918848
18930385	201326593
3085489	561152
56184229	4362108928
25894765	1073774593
5730301	134250497
35673733	2147520512
33538897	292
45549577	16814080
49458313	16809985
36360613	1610613248
14498389	1073778688
38823337	2147520512
78814981	2147487760
80821513	2147487760
22358305	3221229568
71665273	671088768
3909745	1610612992
1254889	131090
38235601	2148007938
52509097	53248
48979441	1610613248
44567857	4130
43110505	671092736
55938313	36865
79258861	1073778688
56410705	671088644
47140417	1610613248
44707501	2147487745
35717149	1610613248
25677685	1074823168
43539805	671088768
20386441	4311744513
80340049	1610613248
21661057	57344
62014609	67108929
29659969	4130
38395657	1107329024
34324273	671092736
75930733	4311744513
7741369	327681
19001665	327696
25205293	671088644
64716769	671088768
62435809	2147520512
64248589	1610612992
78653305	4099
26475373	1610613248
35114509	67141696
7629589	4311744513
51353713	1610613248
55683649	16781344
21421621	524305
14676265	2181070848
70873093	1610613248
62071633	4362108928
37970569	32834
42228577	36865
59590441	536872964
67361581	1610613248
40803949	36865
5273137	40961
37152145	671088768
5959693	67129344
46493389	1073766400
53121781	1081348
13319029	67133440
2105389	1610613248
65747089	83886081
22076749	135266308
37062721	1610613248
66102841	1610613248
2526913	1610613248
36438049	1610613248
17672941	67108929
60471397	67141633
33613093	4130
34452901	57344
39536461	32834
22706929	671088896
3757789	1610612992
43623073	671088768
45083665	1610613248
79877053	1610613248
19308169	3221229568
57864169	1610613248
24575113	1610613248
1718533	2147487746
68739877	2147618816
43184053	561152
26217469	4311744513
57152341	83886081
16424893	135266308
2444293	3221356544
65987173	17301506
39123037	4328554496
15703993	3221229568
26051581	3221356544
42784561	4362108928
4000141	1610613248
34195321	4295000128
31735837	1610613248
76319209	4311744513
79566337	150995072
38218753	561152
58606129	1085440
18317701	1074020352
57285829	1048582
464005	4295524352
15405265	1140883456
13489453	28672
3825181	1050628
6392881	1073745921
49372129	36865
80196193	1610612992
629893	4362076161
9796825	1610613248
58441213	671088768
42626773	65570
80761573	67108898
8677081	1610613248
32809573	2147520512
44840989	4362076161
2585881	327681
69611113	100696064
1331029	1610612992
49330333	1081345
60430897	1212416
45668161	1073778688
15890617	38
60755545	8425472
45242101	1085440
27329761	83886081
31686589	2134016
9754705	1610613248
62761753	671088768
46578925	36865
35899885	167936
21841201	16809985
39614221	67108870
31666177	1081348
38779273	671088768
11294677	4311744513
47459233	83886081
1559449	32833
76945177	2147520512
46472329	135266305
5111461	36865
57996685	3221225474
46946665	36865
26788357	1610613248
4885309	1610612992
38433565	2147520512
58014181	1140883456
12790909	1085440
13953745	1610612992
44830297	16777281
37392877	1610613248
27476857	2147520512
76436173	4295000066
533341	36865
62158141	67108929
15822577	83886081
20438929	67141633
4265497	4303388672
34506037	83886081
12624697	2147487746
5730949	1610613248
10415017	4362076161
78073345	36865
41057317	671088768
52845409	35
20582461	4311744513
22258189	2148532228
27836497	3221229568
80508205	4362076161
20138581	1073762304
69619537	4102
62417341	1074823168
70361173	4362108928
7853473	1610613248
72719893	36866
39663469	2147553280
67660633	687865856
47312137	524305
30683161	2147618816
40811077	36865
36339229	1073745921
2956861	24580
70313869	2147487746
45186373	83886082
3630457	1610613248
3752281	2147811328
65302237	1081348
57142945	4311744513
65217997	4362108928
439057	4311744513
18011521	2147484674
42266809	32833
17148385	1610613248
40593025	2147520512
31505797	83886081
16531813	1048582
344773	134250497
16629985	2147520512
11290789	2147647488
68928769	1081348
27661213	16809985
31414753	800
16525333	150994945
75883105	4353
2019529	671088644
49890853	8392706
29999197	671088644
54487765	1074823168
71962705	134217737
67381345	4130
23602141	561152
77779153	2101249
1230913	36865
54350389	33591296
50478589	4311744513
21562561	201326593
32777497	4311744513
65375461	37376
2695393	1085440
13336525	557120
63105517	671092736
46717921	2147749888
12682693	1610613248
13983229	4328554496
6452497	1085440
23549005	4295000320
50931217	1610613248
62067745	33344
65946997	4295491648
31324681	32833
11443069	2147487746
1417861	2147483682
46730557	2147553280
264421	1610613248
31980133	2147520512
33419341	83886081
142921	36866
7495453	1610613248
25891849	17301568
42351373	4295000065
27275329	134217734
54445321	1073778688
32994253	524384
45395029	1610613248
68378293	1610613248
73304389	2147520512
26812657	67637248
38695681	1610613248
60665473	561152
18266185	1610613248
42966973	1610613248
17085853	1146880
8866621	2147520512
9845101	1610613248
43778593	36865
122509	67141633
58467781	1610613248
4848373	2148012032
58163545	1610612992
79567957	36865
61403869	163841
52081093	1085440
19357741	32802
13228633	98
54470269	4362076161
65379349	36865
23349097	4099
80318989	2147520512
4649437	32788
45313705	4294971393
11949805	1610612992
26770213	100696064
72339841	2148536320
865765	150994945
22153861	4295000065
123157	134250497
66994813	150994945
8105869	16779266
853129	16814080
10552069	5368741888
20948905	134221825
73540585	671088768
9031861	1610613248
56005381	20512
78220117	5368741888
1844893	4362076161
1479745	1610613248
26961049	671088644
81303625	1610613248
75105505	16912384
18896689	2147520512
17145145	4362076161
34614253	1610612992
16477381	135266308
48878353	2147520512
52325713	3221356544
48683953	134283265
63333613	67108929
6366313	1610613248
62878393	4362108928
25434037	1610612992
71908597	1081348
38453005	201326593
7324057	1074823168
36824905	4311744513
61172209	17301568
12541753	671092736
79015861	2147618816
11681857	1610612992
56409085	36880
64260901	1610613248
18681553	1115136
68298913	1073778688
58483657	1074823168
18428185	1140883456
41318137	1081345
43836913	36865
60036265	327696
38912437	5368741888
26346745	4102
57533689	1073745921
28228861	5435817984
30017989	201326593
80983837	2147553280
77741893	2147520512
601705	16809985
55093645	1074823168
79777585	16777219
51468733	53248
14245669	4311744513
7724521	1074823168
31762729	36865
30942361	3221229568
9765397	67141633
41235841	1073778688
59115781	1610613248
27749341	1610612992
53321689	4311744513
44528005	16809985
12715417	1073745921
7647733	4395630592
62072281	1610613248
22545253	671088644
23365	4295000065
75053989	4295000320
59082409	3221229568
59458249	2147520512
2286505	2147487746
31938013	1610613248
49598929	1610613248
63183277	1610613248
32760325	24577
16155001	1085440
49047157	4362108928
31080061	4362076161
21280681	150994945
39547477	1610612992
80812765	1610612992
76446217	1074823168
31463677	36865
46761985	37376
12876121	33344
32740885	1610612992
16375645	32833
544357	4362076161
51457717	1074823168
74680417	1073778688
61050385	671088768
75929761	67141633
79302925	4362076161
33025033	1610613248
57856393	1081348
18590833	2147487746
34369957	67141633
59693797	1610612992
10394929	1610613248
38850553	36865
65033317	1081348
11782297	2147520512
28104445	1610613248
13607389	1610613248
67475629	1610613248
70672861	1610612992
72175249	8425472
499321	134250497
47308573	671088768
69133861	1073778688
41077405	1073778688
25387057	1074036736
23319613	16781313
61828309	1074823168
35218189	36866
22230001	671088644
78313753	8392705
11712313	4362076161
22370293	671092736
72538777	150994945
75377665	671088768
45217153	1085440
11519857	4102
65577313	67141633
64693117	1610613248
21258001	671089152
71592373	67141633
73607977	36866
33866137	1073811456
21824029	16809985
37382833	196610
50771485	57344
28494217	1610613248
2731033	2147520512
27930133	135266308
52864849	671088768
29773693	671088768
16359769	1074806784
67660957	1074823168
61009885	201326593
51527701	1074823168
54416161	4362108928
26986969	671088644
887473	196612
46313569	589826
72195337	1073746432
378793	1179652
3576349	83886081
64371709	2147487745
50039569	2147520512
40854493	1085440
38003941	1085440
31322413	536875520
34557877	1610612992
5732245	134217733
32544541	44
56057545	1064964
2828881	1610613248
16191289	2147520512
63058213	671088641
2994769	100696064
64024381	1140850689
49208509	1610613248
43128649	671088768
27910693	1085440
2117053	2147520512
6615145	4311744513
73788121	36865
2289421	1610613248
26803909	2164264960
70511509	671088768
34017121	1085440
60131845	1610613248
34582501	1610613248
33007213	1085440
12131245	1610613248
46833265	2148012032
71831485	69648
73348129	16809985
11971837	1610613248
65466181	4099
78314725	1610613248
44926201	671088768
69355153	1082134528
21410605	1610613248
38302669	2147520512
29933425	1085440
52666237	1085440
10231309	24577
45511021	1610613248
12171745	671092736
7787701	2147520512
37081189	1073778688
16850629	1610612992
40983769	4311744513
50768245	1610613248
44976097	557120
48162313	671088768
65939869	37376
18306037	1610612992
24883885	2101250
31556017	1085440
39665089	1610613248
915661	671088768
77070241	36865
12765313	1081348
52916041	2147520512
397261	1610612740
20611297	3221229568
13479733	4362076161
81256969	671088768
73056205	4130
52742377	671088641
64201609	1073758212
23705173	1610613248
45539533	16814080
23532805	134283265
67556305	1610613248
47017	65570
47453725	1073873408
64332505	17334272
47501029	4362076161
7413805	4295524352
26356789	1610612992
21371401	1610613248
77449321	36865
9566137	2684358656
69169177	16809985
3135061	1073774593
20865961	1610612992
80759305	37376
81104689	37376
72534565	2147520512
73764469	1073774848
15312925	1610613248
49118761	4311744513
7679485	1610613248
17317513	1610612992
3094237	671088768
43232977	4362108928
2873917	1610613248
12055429	83886081
40943917	16814080
2121913	1085440
46262701	1610613248
3539413	134217738
74258245	1073775104
50136769	671088768
17441605	5368709121
45275473	1073762304
56873377	1140883456
33632533	1073774593
2291689	2147553280
10276345	671088768
387541	4362076161
69881653	4362108928
64828225	1610612992
6166081	2701131776
23867821	1610613248
52386301	3221356544
17742925	1610613248
2902105	134221825
12192157	671088768
95941	1082163200
43452973	2147487746
47395405	37376
34258501	57344
63518293	536872964
61381189	37376
53794081	671092736
65746117	1610613248
124777	67141633
2075257	1610613248
35458273	2147520512
70916509	3221258240
67053133	671088768
9191269	1610612992
52641613	4311744513
61841917	1140883456
23876569	4102
14840533	150994945
60026869	16912384
73939753	37120
32987449	2181070848
51075397	1085440
14535973	671088768
14165641	134283265
34002217	671088768
19869661	1610612992
4175749	16809985
5019445	2147520512
74146789	16912384
68915161	35
4731409	1610612992
65958337	36866
7806817	65570
81504829	16912384
65425357	4102
64045441	4295000065
13765177	2148012032
25469677	150994945
72609409	671088768
25786873	671088768
31522969	1082138624
4228237	1610613248
61777441	37120
9798121	528385
35270677	167936
36630181	3221229568
23382469	1610613248
47765737	671092736
5527153	1610612992
4947841	16814080
28947817	134217793
13176793	16809985
78801373	36865
14060017	671088768
48648961	73730
40280689	1610613248
1224109	36865
18413605	1085440
69609169	1090519041
40722301	1081348
26866441	1610612992
41426677	4328652800
4722013	1115136
71289433	1081348
41567293	1610612992
25483609	327696
53502481	8392736
6672817	1074823168
58534525	4295000065
41958361	1073766400
78861961	1610613248
12996001	5368741888
22745809	1610612992
5926645	1074823168
13451545	4362108928
27847513	16779520
12036637	4311744513
81112141	36865
1660537	1610612992
5849857	1090523136
59147533	1081345
1474237	327681
67628881	8425472
11035801	577
31364209	4311744513
76008817	4295000065
11456353	83918848
31657105	553648132
19277713	1610612992
33973057	32834
3586717	1610613248
55204129	4311744513
11465749	8421377
23717161	327696
22592881	4362108928
30968605	1085440
4493593	75497473
1758385	4130
41476897	67112976
71772517	4311744513
30292741	4311744513
79741945	4311744513
52523353	65793
577729	1610613248
50307193	2148012032
79290613	69648
1055629	2148012032
45522685	671088644
6357241	57344
51249061	671088644
78787117	4295000065
9681157	1140883456
21668833	150994945
5599729	1073778688
45543097	536872964
3356353	4161
22208293	2147487746
48713437	32778
62458489	1081345
12905281	671088641
15791473	83886081
3200509	69648
25358869	2147520512
3430549	2181070848
12461401	36880
19240129	1610613248
18870769	167936
59075281	1073778688
75277549	2147520512
34226101	1090519041
43382017	17301568
53296417	1073745921
25271389	262210
63401653	1610612992
47758285	671088768
15632389	1610613248
78066865	1610613248
31448449	1074823168
18986437	2147520512
12822337	83886081
37534789	4362076161
48044053	671088644
70448977	1610613248
26079445	1610613248
41379697	536871170
53309701	1081348
1898677	68157441
64468909	37120
31092049	2147520512
58599973	536903936
45215857	16781313
13891213	1610613248
50965885	1610613248
2261881	67141633
15986521	671088644
55642177	1610613248
32260717	577
40561921	4294971393
26946145	67108898
3487249	16779296
63555553	1610613248
64089829	1610613248
65773981	1073778688
28159525	100663300
32404573	20736
30761893	83886081
76898197	37120
71821765	37120
68522473	5435817984
74865097	1074266176
2612449	4362108928
78400261	1610613248
47896309	1085440
1976761	134250497
5196997	2147520512
39841993	4295000065
45642565	1610612992
49276873	4362600448
23435605	4311744513
43121845	671088768
74536885	1610613248
29280241	1610612992
18511129	4311744513
27804097	83918848
5149369	1610613248
51224437	1074270208
57636721	1610612992
53938585	4429185025
53411437	143360
26519113	1610612992
8389045	36865
81497701	36865
57522349	1085440
17613973	1610613248
24075505	67141633
11473849	671088768
56005057	36865
5010373	4362108928
21159829	16809985
215173	7
71478649	37376
37179685	1074008064
36334045	1107300352
28137169	2134016
39096793	57344
34393933	671088768
12124441	142610432
51064057	2147749888
40762153	17301568
79480801	3221229568
62826229	36865
21403477	1085440
66231145	150994945
74467225	2147487746
77533885	16912384
37371493	196610
37703269	1610613248
26975953	5402263552
23493277	1610612992
33814297	4295000065
40407373	4362108928
81614665	53248
29878669	1610613248
52938721	557120
5335021	2148007938
52417405	1610612992
1946953	36866
60089725	537919492
80034841	36865
48976525	2129921
65063773	201326593
3224809	1610613248
19333117	83918848
53015509	671088768
46626229	3221229568
81069049	36865
23512717	167772161
7078465	2147487746
58814137	2147524608
53547517	561152
21955573	1610613248
36944785	36865
23090221	2147520512
44875333	16797696
2865169	2147487746
63133057	1085440
76820437	1610612992
50866093	135299072
29415025	2147520512
57944197	36866
64034749	1085440
6646573	2148012032
2252485	1610613248
880021	268568576
5095261	1610613248
63097741	1073778688
2789029	2101250
38231389	2147520512
164953	2147553280
5305861	67141634
43247557	4311744513
942877	1085440
10560493	671088768
121861	134250497
68364685	4295004160
53318449	20481
23136877	36865
48816469	1610613248
489601	4295000065
56321281	1610613248
4387969	1610612992
33437485	17301568
59067181	4362108928
77404285	524360
21312433	1085440
232669	1610613248
70573717	671088768
14479597	36865
60984289	1610613248
2487385	2148012032
16787449	671088641
25208533	3221356544
5000329	67141634
76585861	36865
34777549	1610612992
71043517	1073778688
1635589	1610613248
62159761	1073778688
10677457	4311744513
19714789	1610613248
3257209	3221225474
5529421	134218753
3242305	327696
63582769	16809986
48854053	4353
12440341	327696
8729893	2147487760
57970117	53248
48188233	65793
4587229	20736
62191513	83918848
31269277	24577
255997	1610613248
9440749	2148012032
1122697	2147487746
25804045	671088768
66742093	102400
48705661	83918848
59391181	1082163200
8616493	8425472
36325	1085440
42376645	671088768
2844433	1610613248
55984969	2147520512
14418685	327696
71350993	32833
6329053	1081348
43803217	5368840192
14627665	2147520512
26222653	671092736
40676617	671088768
155881	1073750528
7191217	1610613248
46998829	4099
56576269	1610613248
12288061	1610612992
56935909	1140850689
21789037	2148012032
63716581	1081348
1329733	4362076161
15671917	134250497
47173465	1074823168
40086613	1073745921
52647445	4362076161
28187065	5435817984
42134617	4311744513
79103341	5368709121
76557673	36865
45538885	561152
53470081	5368709121
8461621	1610613248
