71743232	1073742592
33346316	67141633
39056168	671092736
56800676	1073745921
33734468	36865
71108192	2147520512
30254708	1610613248
50758076	6442455040
49028564	1610613248
57986192	2147524608
69207284	1610613248
49614032	40964
34079852	134217864
1387928	32833
16593248	16781313
15618332	1610613248
10205264	1610613248
40845296	67141633
11449100	1081348
49135160	4102
55791740	2147520512
22952396	1073741890
3383768	1610613248
19086104	201326593
1064252	67141633
23251448	1090523136
34381820	8392736
63844436	1610613248
43418828	2147520512
3044216	134217793
245180	1085440
50072492	2147520512
40265336	134250497
49144232	4362076161
19472312	32833
8014376	4295000576
1951364	1610613248
60553244	33028
3780668	1073774593
2889344	1085440
9917552	17301568
81205652	561152
37695692	1610613248
74137592	1085440
19469396	518
68115728	1610613248
12432764	4609
54593912	671088768
70166648	134218753
67507256	1073774593
59981384	4099
45715664	2147520512
18927992	150994945
30768896	1610613248
56880380	4311744513
17533820	1610612992
54057692	1610613248
56895932	36865
81657956	83886081
70246352	1610613248
2446436	2147483682
70641956	671088768
32707712	32864
435368	1610613248
52953824	4311744513
52940864	4311744513
60760928	37376
190424	8519696
2595800	1610613248
32158532	4102
38426312	1082134528
31159964	2147487745
51378860	1610613248
24179384	536870918
35287724	70
21744848	134221826
75941300	4362108928
24956660	20736
12163196	2147520512
763256	1610612992
46934228	2147520512
50916188	1610613248
22302452	1085440
71068664	1610613248
36339428	4311744513
72560684	671088644
39575540	2147520512
6060980	561152
31058876	50
69308048	70
5025476	1610612992
57216692	539492352
45366068	1085440
70837328	2147520512
34325120	36865
53880788	1048582
59115008	1610613248
56495468	671088644
53116472	201326593
79039064	67142144
12578888	1610612992
37951004	2147487760
74658260	2147520512
42593924	671088768
63312428	671088768
59218688	1140850689
66831392	3221356544
5607380	1085440
64298684	2147520512
34867820	671088768
47289008	36865
29405504	201326593
60341996	4328554496
71908472	1115136
75534356	2147520512
53378588	36865
77036096	1610613248
25553468	150994945
460316	4362338304
26551712	2155876352
68333132	67141633
66095588	32834
26461316	4362076161
21733832	67112962
65522108	1610613248
35880968	1074823168
5978036	536872964
2476892	36865
68196404	561152
28812908	83886081
40405952	4311744513
27069464	1081348
41851316	1610613248
38187200	2147553280
27331256	1085440
41868812	2147520512
2617832	34078784
9046964	16912384
51551552	4294971648
45378380	1073745921
65326736	2147487746
12936584	1074270208
30250820	1140883456
19307072	67108960
79128488	1073778688
13507796	1610613248
1757288	1610613248
37319852	37376
50514428	1610613248
39127124	671088768
35201216	2147618816
76071224	3221229568
4932812	2684358656
43816376	1610613248
21574100	17858560
27570044	1073778688
3264212	2147549186
48482948	2147520512
49010096	36865
752888	2148007952
51063932	4113
73751060	1610613248
21439964	1074823168
80405696	2147520512
74679320	37376
9605216	4362108928
27363980	561152
18876152	1610613248
16857956	3221229568
3190988	268568576
33711788	57344
42294224	83886081
70316336	1073745936
7385492	1610613248
50493368	57344
3919664	36866
66071936	67108929
1809452	28672
34443704	4395630592
26945696	4295004160
35973632	4294967361
11103068	137216
59626280	671088644
38197568	32802
18943868	1610613248
27099920	671088644
75035720	4311744513
16488920	37376
63043832	1140850689
33852404	1610613248
37349984	196610
50928176	4362108928
78104972	100696064
52219316	1081345
73685288	4311744513
69802148	1610613248
21819692	16781313
18743636	2147520512
3080828	1610613248
10408736	67141633
75409292	135266308
20988956	16809985
33635972	1610613248
65395100	24580
13448504	1610613248
75841508	5368713216
56719028	1610613248
59081960	1610613248
20045144	671088768
63426152	4311744513
51404456	4295262208
39954944	1081348
8847704	8425472
44816888	2147520512
1883972	1610612992
59852	2147553280
57413036	1073778688
31414952	800
2154188	2148012032
27965324	201326593
23462372	1610612992
61317236	67108929
78047300	150995072
75622808	3221229568
73659368	4362108928
65682488	1073778688
25606604	4294971393
20028620	4395630592
28332416	671088768
80219396	2147520512
12666044	671088644
34571684	4295000065
33068648	2147520512
67295036	69648
6881024	1610612992
1347752	294913
51157244	36865
62800508	4311744513
51319244	5368713216
68500640	8523776
31273364	671088768
65672444	1073778688
13837304	327696
26147360	671092736
53419736	1610613248
14914280	20484
75606608	2147520512
4673288	1610613248
78553064	1610612992
15673088	83886081
31400696	800
14362832	1610613248
75599480	2147483665
57888020	561152
76454840	1610613248
48304748	2147520512
62723072	36880
28673912	1610613248
34559048	4295000065
80410232	2147520512
80322752	671088768
62771672	36865
1339976	2147520512
68179880	671088768
213104	1610612992
63990236	36880
42177260	16809985
1259300	327696
39484496	1610612992
7557212	1610612992
33516416	2147520512
57561428	1073823744
52135076	33591296
45605180	2147520512
63040268	671088644
79015736	671088768
5320316	167936
62784308	4311744513
76633688	2148012032
3213020	2147520512
59800268	150994945
55049132	1081345
44943248	4362076161
2127620	67109380
12863684	1610613248
52740632	5368713216
35008112	3221229568
23909168	1610613248
37130960	150994945
30706688	3221229568
59544956	1140883456
47343440	1610613248
5144708	8425472
65272304	3221225984
37164656	1081348
919748	1085440
32880404	2181070848
73022708	1610613248
52151276	671088641
33970988	1610612992
21346004	36866
55772300	1610613248
48447956	2147520512
81207272	561152
49130948	671088644
40435436	36865
2025236	2147553280
58668212	28672
3684440	67133440
56345780	36865
53442092	1610613248
15356864	16809985
64182044	33579008
73884872	2147618816
14606480	4102
33865688	1610612992
2050508	1074823168
4244312	1610613248
28454888	671088768
11640260	1140850689
64204724	167936
31404908	800
15127796	1081348
26070896	75497473
16444208	135266308
30997964	1610612992
64132148	67141696
35942852	1048610
81362792	671088768
81455456	150995072
52364468	150995072
47608796	1610613248
31030040	1610613248
54751376	1085440
161588	16779266
77550284	36865
27199712	2147520512
19227044	1610613248
77738204	1610613248
62607080	1081345
20646488	67108870
22649780	1085440
3515960	1610613248
54593264	2147520512
76694276	2147520512
16185332	2147520512
42425120	5368741888
39663020	1074069504
6702176	561152
17289524	196624
19549100	67141633
52844312	1074823168
26375132	134217860
43286312	1081345
47913032	671088768
25391792	1085440
58607624	4353
35584184	36865
72711992	25167872
27603092	1074823168
297992	1610613248
5847140	2134016
46414208	1610612992
424676	1610612992
285680	522
39057788	327681
58749536	1610613248
72944624	1610612992
61448456	150995072
37088516	5435817984
17497856	1074266176
36732116	1610613248
5899628	1610613248
80776028	150995072
2179136	1610613248
75128708	1610613248
32896604	1610612992
9517736	4311744513
79248044	1610613248
36792056	2147553280
70692176	1610613248
53754428	1074036736
3340028	1073745921
61943204	1610613248
195932	1085440
12875024	671088644
41035808	2147483682
34946228	36865
33255596	561152
35215796	1073778688
1203896	2147520512
31895120	1610613248
80336360	50
21761372	2147520512
7107824	32833
31926872	1081348
47927612	83886081
31478780	4295004160
52985576	1610613248
16760	4296048640
41068856	3221229568
64332380	83886081
69529988	2147520512
41063348	3221229568
53178680	4294971393
1125164	3221229568
27218504	83918848
64102988	671088644
17763212	2684358656
267212	1085440
13861928	16814080
36135632	1081348
24227336	327681
9599384	1081348
25971104	671088768
6870656	83886081
76112696	1610613248
54867044	1212416
45667388	36865
57925928	16781313
43418504	67112961
57194660	671088768
13119320	36866
61353524	1074823168
79155704	2147520512
72935228	1610612992
57803456	32802
57615860	100696064
49542104	4311744513
62735708	1140883456
64684892	17301568
33774968	671088768
26565644	135267328
40568276	2147553280
37250840	4311744513
14825828	3221229568
25233032	4311744513
21625292	4311744513
11802908	1610613248
47490536	1610613248
13814624	1610612992
77490992	2147520512
4522304	65793
21781784	67108898
52004180	1610613248
123680	67141633
18454952	2147618816
35607836	134254592
61199300	1610612992
81121736	36865
7697504	1081856
61471136	1610613248
77845772	16777219
40565360	671092736
50093876	1081348
66618200	1610613248
70592384	1085440
37980488	36865
40412	34078784
19656668	3221229568
64477856	4311744513
12604808	536875012
10002116	1610613248
8970176	1610613248
5626496	671088768
145064	1610613248
53912540	1081348
31399076	800
4674584	1085440
1059716	2147520512
33715352	1141112832
73188272	16814080
16664852	1085440
58605032	1074823168
61648688	1610613248
24913244	57344
77669840	4311744513
26582816	135266308
36220196	2147520512
11260532	4311744513
75636416	671088768
43414940	671088644
74601560	24580
178112	4311744513
58816280	1081348
40673900	4294971393
80324048	1073774656
36271388	150995072
51152384	16814080
74752544	1074823168
76791152	1610613248
66561176	1610613248
41866544	1610612992
46191296	2164264960
41259368	4295000065
64768484	1610612992
42757868	67141633
28974584	32802
28453268	2147520512
62160608	1610612992
577928	1081345
35336972	4295000065
70051952	1610612992
13202264	4362108928
5028392	2415921152
39104768	2147553280
594776	4102
14805416	1074008064
7143140	4362076161
45048224	36865
75356480	37120
44160788	4362108928
59482100	1081348
55122680	1073750080
53826680	4295004160
74985176	1085440
18553448	4395630592
2414360	98305
23729996	1610613248
21058940	5435817984
605144	1610612992
20876528	1081348
70807520	83886081
43367960	671088768
81523496	4311744513
931412	1085440
18931880	2147487746
37350308	196610
48665360	4311744513
18349328	150994945
43753520	2147483666
27849656	4429185025
27502976	1081348
17906744	167936
29309600	134219780
470684	1610613248
64171028	17301568
63394076	671088896
32180564	1610613248
29199764	1073745921
6211964	16781313
10798184	1610612992
80935436	67108944
43981940	671088768
70218164	2147553280
7007708	201326593
30534320	671088768
70386320	672137216
21732536	671088644
79750244	1074823168
65475776	1610613248
36811172	4311744513
14661560	2054
22913516	4311744513
18903368	2147520512
20678888	327681
4059956	671092736
38554940	4328554496
15227912	1074823168
16914656	4311744513
35758820	20481
56681768	134283265
63942932	4362076161
13730708	1610612992
68130956	5637144576
36217604	134217733
39994472	1610613248
22740176	4130
12370880	671088768
19277264	32773
1746596	4311744513
34923548	671088644
76210868	67141633
35629220	4311744513
34068836	4295000065
36279488	24608
30232352	1610613248
13046420	36865
4740680	1081345
67439216	5368713216
2201168	1610612992
71871860	1610613248
73493156	3221229568
53107076	3221229568
12241604	327696
21231632	1146880
43200128	5368713216
78047948	150995072
63061976	33591296
41370500	53248
74518292	1610612992
42646736	2155876352
1993160	1610613248
57795680	2101312
68870324	671088768
35285456	4311744513
51362660	4311744513
34013108	1610613248
17296004	1610613248
23049920	1610613248
58583324	4295000320
51423896	1610613248
40748096	1085440
13480580	1610613248
70293332	5435817984
15576212	83886081
36454772	4294971393
59513852	150994945
74533196	1610613248
48841940	1610613248
6210344	561152
8712272	5435817984
46948160	67141633
1558676	327696
63787412	1048610
45100064	32802
33659624	1610612992
408476	2147520512
18386264	1124073472
57207620	671088768
72778736	2147520512
5699072	1610613248
36004088	671092736
42172076	20736
23211596	1212416
603848	1081348
15007592	4362108928
59058956	4362108928
68809412	1074270208
28283492	1610612992
2259488	1085440
42085568	1610613248
32729420	1610613248
44414480	16809985
37754012	70
41802392	36865
5807288	201326593
573068	135299072
49596212	3221229568
81596396	671088768
7486904	40961
61930892	1610613248
53206544	2148008000
18238520	1610613248
51827600	1610613248
76453868	671092736
10718480	671088768
46980236	16781313
15170888	4429185025
48467396	4303355936
28468496	1146880
49862540	1073775104
48465128	1610613248
80729696	671088768
53380208	3221229568
11587772	1610612992
28094924	1081348
65481932	2147520512
59833316	3221229568
41194892	671088768
37302032	4311744513
20233712	1610613248
52767848	17301568
43540328	671088768
40111760	4295004160
51332852	1610613248
19575020	57344
8540876	67141633
65799776	2147520512
49542752	2147520512
1490636	1081348
64374176	671088768
20759564	1081348
76427624	17301568
43088348	67141633
76167452	1073774593
21521936	150994945
69890924	67133440
38058896	3221229568
36907076	32771
73747496	2147581952
68642228	16777249
43874048	134217733
3239588	86016
62225732	1610613248
61671368	1610613248
64455176	671088768
3698048	1081345
29166392	4362076161
54285788	671092736
72377624	3758096384
26947640	2164264960
12959912	1610613248
44008184	2147520512
26953472	16780288
53614784	2147487745
6786416	1085440
62934968	2147520512
19901612	150994945
43431788	1610612992
25901120	4311744513
16833008	36866
72272000	2147520512
39571976	4295004160
50451248	1610613248
59903300	671092736
68427740	67141633
33259160	1610613248
15671792	33284
5732120	2148012032
64403336	1610613248
63155936	16779296
50124980	1610613248
13140056	671088896
35289344	36866
80761448	2164293632
1228196	5368741888
50899664	8425472
3923228	1610612992
18915680	100696064
3128456	1073745922
12379952	1081348
80612408	1081345
1510400	1610613248
434720	1610613248
29263916	69633
51539240	134217860
60506264	1610613248
23264732	1174405120
18626672	16809985
65336456	36865
8255432	134250500
63015320	4295000576
44198048	1610613248
32958164	5368741888
63710624	4311744513
31995560	36896
39256400	2147487760
17717528	24577
78613328	536903936
24051080	150994945
46176068	671088768
74660852	671088641
68019500	3221229568
49303640	36865
11710244	2147487746
35863148	1081348
31361492	561152
73456220	134254592
42415724	1610613248
48202364	36880
71003864	536871680
19949888	1081348
68495456	36866
74295380	37376
59983328	4311744513
63197732	5368713216
47652536	1610613248
2250092	327696
45228692	36865
24206924	536870918
74164484	16912384
6214556	2148007937
44533064	1085440
66001952	1610612992
10653680	33587712
28566020	327696
79811156	2147520512
16808384	1146880
63882992	1140883456
7635296	36865
15901832	36865
40280888	1081348
4481156	1610613248
4451024	1073778688
37649360	1073746176
16165244	4362108928
80420276	2148073472
28857944	2147520512
7963832	4102
58811420	561152
63683732	4362076161
62802128	4362076161
54070652	1610613248
5086064	1081348
30839852	2147520512
4836260	67141633
12145376	1610613248
39095372	331776
78459104	2147520512
43983884	1081345
28462016	1081348
59560184	1140883456
3253196	1610612992
25100516	1610613248
1842500	2147520512
32882672	4294971393
63662672	2147520512
63692480	1610613248
17388020	32802
52263704	2147487760
17340716	67141633
12346256	1610613248
38324900	4311744513
12474884	1610613248
80357420	37376
71572808	4328554496
47891000	1610612992
14073824	36865
19011584	67145728
23210948	1610612992
75715148	1610613248
4868984	1610613248
16807088	4362076161
39995768	1610612992
10192304	2147484674
67524752	135184
31126592	1073766400
27569720	1048610
43296356	4294967361
7814792	57344
74219564	134217857
68481200	4362076161
68212280	1610613248
2920448	1610613248
38914904	1073774593
68554100	36865
55474868	36865
2115308	1610613248
9632756	150994945
40974572	65570
43308992	2147487746
14874428	57344
31397780	800
27094412	671088644
9174296	671088644
74530604	671088644
78983660	67108929
70508144	1085440
55728884	327696
12848456	1610613248
21732212	16809985
42336668	36865
37790300	200
7559804	1610613248
8997716	36865
11600084	67141633
57298340	1073905664
68932532	1140883456
37349336	196610
10632296	1085440
8186096	1610613248
16760432	1610612992
74980964	671088768
52644404	5368713216
308360	1744830464
8104772	57344
77343248	1074823168
6500000	4295000320
38392616	671088768
38728280	20512
54429968	1081348
35859908	150994945
62105852	8425472
31451564	1610613248
58549628	1074823168
71995952	1073778688
2135720	75497473
29329040	2147614722
29618048	1073745921
65045828	4295004160
64517384	1610613248
71482736	577
8141384	57344
26708528	4311744513
74020304	536871680
56189612	1085440
69467132	1140883456
1911188	57344
9513848	83886081
2698832	4295000065
56400212	35
26158052	2147520512
19096148	17334272
9965828	1085440
51377564	67141633
13489652	1610612992
38446724	2147520512
54151328	1610613248
42591656	1610613248
56717084	1610613248
37274492	546
18101792	16809985
31138904	3221356544
27039980	134742080
31570796	4295000066
73097228	4362108928
64770752	37376
50246156	1610612992
31552976	2147549186
33333032	671092736
5482316	2148012032
34234724	36866
26974532	1610612992
68070368	1610612992
18057404	671088644
18799364	36865
61208048	1610613248
70029596	536872964
60157964	1610613248
35236856	2147487745
81647588	1610613248
12604484	37376
39966608	2147487746
5951144	1610612992
26664788	2147520512
70449824	1073741860
41862656	53248
764228	65793
4376504	16809985
42518432	33652736
77272292	528385
47187920	32802
25189292	134217864
11537876	4226
79466744	2147520512
29470304	1610613248
65360108	1073778688
19709156	1610613248
36546140	2147520512
5003768	2147520512
22093148	2147520512
57583784	2147520512
61545008	1610613248
72998732	2147487746
22447280	34078784
60841280	1476395008
49480544	135266308
17851340	4295004160
72885008	1073778688
37305596	4395630592
67641068	36865
23988548	671088644
20050004	1610613248
16727060	8425472
6855752	2147487745
27601796	83886081
54909488	67141633
38452880	16814080
72103196	1073778688
73436456	2147520512
20488376	1610613248
64806392	134217733
46659152	1610612992
57408824	1610613248
35405984	167936
17057216	4311744513
36678980	4295000065
21845288	1610612992
17478740	2101504
5195252	167936
47243648	4311744513
3322208	1085440
21339200	67141633
40355408	2147520512
14831984	4362076161
29399996	16814080
71977808	1610613248
32517200	4311744513
54415388	1081348
28944128	671088768
6611456	1085440
5074400	4099
66562796	536871680
34164092	8392706
53363036	2147487746
36172568	1610612992
15888224	83886081
38200484	1074823168
44425496	671092736
16079708	83886081
66761084	2147487760
34215284	671088768
75148472	32834
57732500	800
59660300	1610613248
37346744	196610
31728260	1610613248
10078580	4311744513
14581208	67141633
24420116	327696
56556056	4311744513
51616352	4130
37401500	4362108928
63930944	32834
67304	32833
63417728	524548
56419652	4362600448
23808080	1081348
37030196	4311748608
5690648	1610612992
75045440	5435817984
59824568	1610612992
14235500	4362076161
70775768	36865
28790876	671088768
33874112	97
12899648	57344
22314116	4362108928
12733436	4395630592
66263420	2147520512
907436	100696064
27358148	83918848
7646960	2147484674
66886472	83886081
12809900	671088896
72647516	167936
46514324	4362108928
2054072	1610613248
3624824	37376
28003232	2147487746
52035608	1610612992
10550972	4311744513
13056788	36866
78974912	16777282
37713512	1073876992
32689892	1610612992
22867832	1074823168
37152020	135184
30416708	1073746176
5802752	201326593
9569900	32834
2974556	69648
25217804	201326593
3470276	150995072
18501284	4311744513
14530664	671088644
31080260	3221229568
28795088	2147520512
76386476	134221952
17528312	32833
13910852	36865
49953584	36928
2519336	1115136
56658440	8392705
44405732	3221225474
65085032	16912384
34330952	1610613248
69613256	57344
7823864	2134016
2317484	1610613248
69434732	1073778688
18669440	1074823168
62826752	4362108928
43114592	1610613248
62303168	67112961
59167496	1610612992
47639576	1610612992
26816096	1610613248
35499944	36865
74055296	83886081
81286976	28672
727292	1085440
31376396	1610612992
79488776	299008
1625744	1610612992
14235824	4362108928
80654528	4130
231896	2147520512
37418996	131600
66264068	20484
36589556	1074823168
16173992	1610612992
66111140	1610613248
23654504	2147520512
71670980	36866
74977724	37376
31389032	800
40233260	4295000065
58025072	24577
17396444	75530240
41812436	671088768
34364000	4129
6939344	1610612992
32362328	4311744513
976124	1610613248
38743832	4295000065
55775540	2147520512
78218372	2147520512
57581840	4294968832
10972820	4362108928
55221824	6442483712
79470308	135266308
59628224	1610613248
43705892	1085440
23334068	1085440
78048920	150995072
11718344	2147520512
35599412	4311744513
36123968	4362076161
13307888	134283265
11711216	16777250
35560208	1073774593
76458080	1610613248
1686008	83886081
33489200	196610
18541136	32833
61075532	1073778688
78798008	1115136
11587124	1610612992
55824464	6442455040
49476008	17334272
10527320	4295004160
36670556	1081348
61636376	2147488256
13524320	1610613248
78650912	4297097216
6942908	1082134528
44061644	1610613248
36119108	671088768
44819804	67141633
58374668	524802
21301616	671088896
13178612	40961
2695268	671088644
6615344	32864
6430988	1074823168
436340	4102
8967584	1212416
61537232	1610613248
53699672	2147520512
56988596	4362108928
60501080	2147520512
61496732	16814080
75690524	4362108928
30400508	1073766400
15479012	2148012032
13962692	2147484162
65650736	4362108928
9693992	2147520512
46413884	536871170
504380	17858560
61843088	1073778688
65285912	1610613248
8953328	4311744513
11391104	1610613248
5726288	4295000065
42516812	671088768
58311812	1610613248
61269932	1610613248
71908796	2147520512
74136620	134221825
55058852	1074823168
16297436	557120
72164	134283265
42911444	671088768
18256664	83886081
42533336	1610613248
70981508	2147553280
19309988	67109380
23116664	4161
36702956	1610613248
33502808	4362108928
58659464	2147524608
8035436	1048582
23940272	3221229568
69553640	150994948
39208124	4294971393
45553016	1610613248
17370524	1610613248
31622312	135266308
38385488	36865
49811024	150994945
72809192	67371009
18934796	150994945
78546260	1610613248
22184192	671092736
12468728	671092736
70704164	201326593
46973108	1074823168
77167964	36928
81726320	1082134528
69609692	16814080
59049560	4362108928
24723380	1610613248
39141704	327696
70476068	671088768
60351392	37376
32710304	2148007952
33649580	671088644
13085948	1074806784
81080912	2147489792
57240668	276828160
79467716	4311744513
22189700	2147483682
77449196	2147647488
79168988	1074270208
43737644	671092736
14067992	2147520512
59086496	4362108928
61102748	1610613248
27556112	32802
19255880	1610612992
30858320	2214592544
49893644	328704
27613784	17301568
70234040	36865
30248228	8421408
22610576	196610
21344384	1082163200
31769084	33591296
3206216	4295102464
22507544	1610613248
75082376	1610613248
60549032	327681
42967172	1610613248
56537588	2147520512
4435796	1610613248
34676336	1610612992
36539660	86016
69913928	4429185025
3708740	17301568
81190748	1610613248
51296240	2147553280
62366996	4303360000
38740592	35
28855676	1610613248
67961180	1073745922
25937084	1085440
68385296	36865
6070376	1610612992
1687628	1610613248
1558028	536875520
26095844	1610613248
8512364	1610612992
27088904	671088644
22162160	1610613248
15100256	36865
60621608	524353
65965988	36865
1710956	135266306
37744616	1074823168
69179744	36868
67748636	1610613248
21333044	1342185472
36594092	1074823168
2407232	3221229568
57420164	4362108928
81369920	4329570304
1887536	4362108928
38449640	67141633
73848908	1610613248
17282072	1610613248
15028328	671088644
72737264	1610613248
49345436	4362108928
67782008	1610613248
29218556	1074823168
60404852	2148012032
9880292	67108929
76199852	1610613248
46439804	83918848
29070812	201326593
6866768	40961
27814340	4311744513
67634912	2147520512
49042172	1610613248
5286296	4395630592
40627892	83918848
25232060	1085440
26907788	5121
75188972	671088768
15893732	83886081
13278728	1610612992
79406480	1085440
70539248	561152
4653848	4429185028
19067636	1074823168
51373352	1610613248
74526392	3221229568
33533912	28672
70010156	8421408
9997580	4311744513
73095608	37120
39294632	3221229568
47233604	1610613248
1734284	1610612992
58786148	671088768
37373636	344064
44507792	1073774593
55241588	1073766400
2257544	1610612992
33530024	1074003969
16798664	5368713216
50678372	532544
77598560	37120
73672976	2147520512
61489280	36865
63781256	4311744513
79793336	1074823168
33753260	1085440
70698332	671088896
23322728	671088768
44457248	134217733
68204504	37376
79700024	1074270208
43675760	5368709121
4946744	4295000320
10806608	4362108928
28844012	83886081
45504416	83886081
76436696	3221229568
50200796	1610613248
9340508	45056
71878664	557120
25458536	4362076161
53690600	1085440
51281660	1073746176
67210472	57344
25476356	2147520512
48762884	4311744513
136964	134250497
22842236	1610613248
33249116	1610613248
63695720	67108929
60966020	17301568
48131084	1073746432
12908072	671088644
38559152	1610613248
38489492	4130
41584988	16777282
28154540	1610613248
5619368	1085440
32583296	4362076161
58507832	671088768
48954368	4311744513
50441204	1610613248
10199756	5368713216
21015848	16809985
5478104	1074008064
78274748	1610612992
75756296	36865
71319116	1085440
12772964	3221229568
36266204	4295000065
17243192	2147745856
2248796	4295524352
19497584	5435817984
23904308	1610612992
54035984	4362108928
53183540	36865
19293140	671088641
20927720	2147745808
18962012	1610612992
50919752	67141633
54223256	8388641
70546376	37376
46376300	16809985
53024132	1073778688
59543984	1140883456
51757292	1082163200
28353152	1081348
52773680	1610612992
22753460	1610613248
3096056	4311744513
65178020	4362108928
52439636	1610613248
49484756	1610612992
1770896	83886081
22689956	4311744513
48785240	16814080
73474364	2148007952
30068408	1074790404
72886304	3221229568
5420108	1610613248
18070364	1610612992
32010464	2147487745
22519532	4362108928
1083368	327696
1754048	557120
38801828	1149239296
33699800	536870918
2927252	1610613248
54719948	1610613248
73991792	1073745922
20166968	1074823168
43957316	1073774593
36471296	1081348
39712916	4130
62186528	671088768
81616484	4362080256
20873612	2147520512
21807056	2147553280
68008160	671088768
18426440	36868
17955344	32833
7554620	1073775104
52647644	4328554496
12404900	671088644
19540676	32802
20919296	69633
80509376	1074823168
72645896	2148007938
42781520	1610613248
34516280	671088644
40341800	32773
51952664	1073746176
76734776	1610613248
43688720	3221291008
3052316	2147520512
1757936	4311744513
36272684	1610612992
52531976	528385
75219428	1610613248
42085244	1081345
57579248	2101312
43501772	561152
63804584	65601
21363824	150994945
38720828	4295000065
67046852	536871680
15521780	1610613248
20898560	1081348
43394204	8425472
75999620	1610613248
81102944	671088768
35774048	4311744513
78486644	16912384
79668596	1081348
26347592	4311744513
24098384	1610613248
31983896	1610613248
21447416	1610613248
14871188	1610613248
14231936	3221229568
36259724	16779266
21578312	201326593
66013940	4311744513
73541756	1081345
13916684	1610613248
52417928	1610613248
24221828	557120
27098300	671088644
64183340	1610613248
11170460	4329570304
16940576	2147520512
55963460	1073778688
44593004	4130
12040076	1610612992
2044352	1610613248
5610296	57344
7452236	1610613248
5118140	671088768
51431996	1073778688
68726144	2147520512
32160476	1074823168
18880364	1610613248
73100468	4295004160
79613840	83918848
41476772	20736
50828060	4362108928
2177840	134283265
31130804	32773
12766160	4295000320
28286732	36865
3144656	32833
24422060	1610613248
1451108	3221229568
71561468	518
21320732	67141633
55663760	83886081
78078404	1073745921
68822048	134217733
47403704	2147520512
9195680	134221825
25133564	671088644
70354892	1082163200
50711420	327696
6397940	33554438
51423248	2147520512
71345684	3221229568
841988	1081348
5787848	2147549185
2513828	57344
14313260	36880
7406552	150994945
5133044	4328521729
65608940	1610613248
63292664	37120
54617564	4295004160
74025164	1081348
4432880	1081348
6602708	134221825
81410096	671088768
17211440	4102
25052240	1610613248
5735360	2147520512
53832836	3221229568
2392004	1610613248
48717200	4362108928
59205728	1074823168
71390720	4311744513
66611072	1081348
41356892	1074003969
10825724	2147520512
68017880	537919492
75993788	1082134528
42328244	1085440
3037088	135266308
38226728	4311744513
27159212	671088644
69642416	37120
33242312	1085440
34007924	268568576
44592032	1610613248
66858284	1081345
77051648	1610613248
32467952	134221825
52778540	1610613248
5080556	134217733
47066096	2147487760
4885184	16779520
7019372	4102
38793728	1085440
2053424	4294967329
2553356	577
27950744	561152
24436316	150995072
32013380	32802
76996892	671088768
45328484	1081345
42164624	1073774593
26532272	67141633
12894464	1073872900
51274208	1140850689
32449160	32802
50802464	2147489792
4350260	4328587264
72186140	1081345
69488840	1073778688
80743952	1610612992
2432180	1610613248
2862452	2147520512
2170712	4362080256
54180164	36865
60298580	53248
80598476	1610613248
11127368	671092736
15800744	671088768
21792800	1081348
73208360	2147520512
54562484	671088644
453188	150994945
1670456	2147483682
12111356	135299072
19215704	1610613248
36343640	1610613248
65537336	2147520512
66424124	537919492
16284152	5377097728
28661276	4295000065
35826860	20512
18553124	4311744513
3037412	1610613248
55165772	2147520512
65310212	36865
27831188	16779520
30172088	83886081
9385544	1610613248
78816800	5435817984
49856384	3221356544
78430916	134217860
43774256	67112961
36676064	1610613248
15031568	83886081
52701104	1085440
42132872	1090519041
36697772	1610613248
1138772	3221356544
56131940	1610613248
2446760	4362076161
71257232	1610613248
25499360	4311744513
24432752	1610613248
21551744	32802
54699860	70
44097932	1610613248
59089736	2147520512
71467832	4295004160
41115836	1610613248
20173124	1090519041
1775432	4362600448
69281480	1610613248
24075380	201326593
27099596	671088644
76880576	2147520512
3317348	1610613248
32862584	1081348
18571916	1610613248
68214548	1085440
41354948	671088768
72329348	16814080
52174928	1610613248
14226428	2147495936
5805668	83886081
38422100	2147520512
53230196	2147487745
78644432	4099
45639848	37376
1568396	1610612992
52030424	4362076161
21760076	17301568
66689804	4311744513
625232	135266308
11489276	2147553280
340436	671088644
59710520	37120
48343304	1610613248
75117692	8392736
79666652	102400
2264996	3221356544
11938664	4311744513
74778464	67141633
19673840	1610613248
78272156	37120
52837184	2147745794
692624	32834
30824624	67112961
23766608	3221229568
8441408	2147520512
6975308	1610613248
35470460	1610613248
55628120	4311744513
6171140	16418
57137312	1610613248
71206040	1610613248
74638496	36865
493688	4296048640
26370272	536871170
13561256	1610613248
2569556	1085440
63830180	3221229568
52451300	1610613248
7181696	1081348
34310216	2147487746
35028524	1610613248
47360936	67108898
25699268	53248
40600352	2147520512
27998696	32802
14832956	150994945
48614168	1081345
50684852	36865
20000756	671088768
56076212	5435817984
3196820	1610613248
43310612	671088768
48685772	2181070848
8847380	5435817984
24266864	1074823168
48772928	1610613248
14735108	16797696
50111048	1610613248
11351576	4362076161
31949228	1085440
67967336	1085440
50978396	1073762304
70484816	1610612992
68124476	671088768
31737980	4311744513
57122084	1140850689
969644	522
66893600	671088768
20095688	1610613248
40800908	4294971393
2749700	37376
50104568	4362108928
72392528	1085440
6782528	1610613248
43859144	1610613248
35671340	4295000065
47040500	4099
70324112	1610612992
42212576	33591296
40663856	36866
36951140	1610612992
67315772	1107296257
69398444	135266308
61212908	1081345
66878372	2147487760
32544416	36865
19044956	1610613248
23363552	4162
41831552	1073745922
38931752	1073778688
63114788	1610613248
54470792	24580
42700844	3221229568
76627532	17301568
2616536	1073745921
25020164	1073778688
46408052	2147487746
42262472	1610613248
18521372	4429217792
73138700	800
13904372	1081345
43348520	266241
59730608	36928
46270676	524354
10631972	135184
73847612	1610612992
72144344	1610613248
15352652	1610612992
76788884	2147487746
81186212	1081348
1220096	1610612992
57193364	671088768
22525040	3221356544
52847876	4295000065
15985424	1081345
2198576	1610613248
23245616	1085440
3861344	35651585
76221236	1610613248
12942416	16809985
29560376	150994945
9825536	1610613248
77302748	135266368
74837108	1610613248
79432076	1610613248
34032224	4295000065
23575124	1073152
1674668	1610613248
7157720	1610613248
14506364	1085440
80083964	36865
44143616	1085440
76819988	1610612992
53224688	1140883456
78573152	1081345
28922096	327696
33365108	2147483714
4331468	1073766400
51325076	1207959680
40138004	1610613248
37229456	536875010
53240564	2148012032
38160956	671088896
11585828	1610613248
18478928	1074823168
12411704	671088768
71282504	4311744513
6448160	1073745921
4479536	16779520
64441244	1073762304
6724532	1610613248
68348684	1073746432
18644816	671088768
20895320	1073152
34315400	70
39811736	20484
56592344	4362600448
25763096	67141888
64470728	4362076161
34113872	36865
19476200	2147487746
29069192	1074266176
24889592	4295004160
51186728	67141633
17792372	67141633
56316620	1610613248
35681384	1610613248
6754016	83886081
72961148	2147520512
54300368	3221356544
74104220	1073778688
64151912	2147520512
46680860	1085440
42356108	1610613248
65242496	36865
9426692	32833
60570740	4295004160
12276272	1610612992
31108124	16842754
39390212	1610613248
58653956	2147524608
5605112	1610613248
75310472	1610612992
2731556	671088644
30895904	557120
30163664	150994945
75041552	1610613248
73894592	16912384
16794776	1074823168
11293580	1073873408
30288728	4362108928
3352016	32774
3596312	2147487746
52731884	67133440
31383524	800
18210656	1610613248
37378496	196610
30125756	1074823168
55147304	37120
25903712	2147647488
38597708	2147520512
38079632	671088644
50881196	4362108928
13512656	1610613248
28302932	671088768
73899128	1081345
64947332	4362108928
69348548	4362108928
58051316	1073745921
48269108	1207959680
80464340	2147520512
27448868	2147520512
66051200	1610613248
26846876	1081348
8535692	671088768
54041492	4311744513
14818700	150994945
32311460	671092736
33885776	1610613248
25827248	32802
32274200	67141633
30665864	16777219
39448532	1342193664
81357284	2147520512
74638172	557120
43614524	4102
30002312	67141633
73184384	1140883456
3330308	1610612992
7402988	2147483666
22152440	671088644
73057700	1610613248
8713244	5435817984
78122468	299008
44620220	1610613248
32590748	4311744513
66471428	134250497
70576832	1073778688
49731968	36865
12099692	536871169
13820132	1085440
27867152	2147520512
1672076	150995072
22099628	37376
38358272	1085440
68008484	1610613248
558812	133122
22126196	671088768
46477064	1610613248
77737556	2147520512
6015296	4295000320
48315116	1610613248
45415316	1610613248
40649924	4311744513
61947416	671088768
11596196	2147520512
71777252	671088768
8352632	1073766400
78712148	4311744513
15269708	2147520512
74609336	268568576
17192324	1085440
2563076	4362076192
24337172	2147520512
65725904	16814080
22086992	16779520
66918872	2147520512
9733844	1610613248
37345448	196610
6913424	33284
27481592	1610613248
44269976	4099
17821856	1610613248
77230172	1081345
2846252	57344
2241344	1610613248
13230128	1048836
32038976	134250500
68152340	1610613248
77075300	1610613248
182000	4311744513
14887388	4311744513
5247740	1610613248
64514144	83886081
34760900	83918848
34227920	134254592
40863116	1610613248
23300048	4294971393
15765752	2147487760
61790924	36865
63301412	1085440
39370124	36865
12422396	1048836
77702888	16809986
38315504	2147520512
43789484	1073778688
41328380	67108867
37862552	3221356544
33217364	36866
16876748	16814080
78354776	101711872
48949184	1610613248
55729532	24577
31215368	1074270208
68324060	100925440
12382544	536872964
67189736	1048836
6934160	4362108928
55301204	24580
47925344	57344
23287088	150995072
60987728	1610613248
45332372	2147520512
63029576	1610613248
1138448	8421377
10217900	528386
19283420	1073778688
69572756	1610613248
66870920	4362108928
25339304	1085440
50701376	671092736
21983312	1085440
27318296	134218753
17701328	671088768
50650508	1610613248
23098520	4362108928
19877636	1085440
26457752	1081348
33807368	134217733
75518480	1610613248
38947628	196610
1049672	524354
57330416	671088768
64963856	1610613248
69440888	1610612992
22596968	20481
47610740	4295000128
80235596	671088768
26272424	32834
20129384	1610613248
41537684	1073745921
59144168	1610613248
51021812	4362108928
38023580	138
39506528	2147520512
49703780	3221229568
9448400	536875520
51645836	561152
19227692	57344
79626800	37120
39540224	1085440
27351668	4295229441
11336348	4161
74716256	1085440
26548472	4362108928
79110020	4362108928
45688124	671092736
66426392	20484
41067236	1073778688
64381304	4362108928
38016452	67108929
35191496	36865
55825112	1610613248
18042176	2147520512
70447556	1610613248
23019140	1610613248
29557460	1073745921
30864476	1085440
80374268	2147520512
43591844	1085440
69160628	671088768
47302940	671088768
22066580	577
26405588	37376
41040020	327696
58033820	16797696
63603704	53248
38406548	196610
4016864	1081348
10198460	2147520512
33808988	2147520512
52556924	2147487808
32316644	1081345
73756568	1085440
45379352	4311777280
35168492	67141640
39488708	2147520512
51026672	8425472
28174952	2147618816
80254712	1048582
7960916	3221229568
51039632	134217733
45677756	4311744513
54271856	671088768
22993220	1085440
4643480	1610612992
27339356	1048610
64404632	1073778688
70986368	4328554496
47108864	5368713216
53740172	1610613248
47828468	671088644
27026048	150995072
40675520	67141633
78784400	1081348
33656384	36865
48856520	53248
38610020	2147520512
39791972	1081345
60260348	1610612992
7103612	1610612992
61793516	4311744513
634628	1610612992
8165036	671088644
40717964	1610613248
7679684	671088768
23546936	1610613248
1530164	33591296
53787152	4311744513
14378384	4162
34054580	2147520512
25437152	134217733
31334924	1610613248
47790236	671088768
1982468	1081348
2929196	37120
26588324	1610613248
3012140	8409088
39811412	671088768
43176800	1610613248
78113072	1085440
64587368	327936
20005616	67109122
56442980	3221229568
68430008	671088768
51330908	1073746176
43601888	4378853376
44032484	4362108928
12745424	8393216
21832328	1610612992
55891856	37376
25045436	1610612992
10550324	98305
68810384	2147520512
45099740	671088768
36157340	4329046016
45372224	33856
13140380	524322
79819256	3221229568
14970008	32833
61886828	1610613248
12285020	32778
53162804	1610613248
78502196	1074266113
45015500	4311744513
39125828	16809985
68395988	1610613248
42439376	2147520512
63153668	671090688
4652552	134221825
27591428	67145728
14251052	16781313
42174668	1085440
16848884	36865
80993432	200
756776	557058
27000776	1085440
60040352	1610613248
69054680	201326593
64663508	2147520512
58761848	2147524608
20832464	135266308
53517908	1610613248
9465248	1610613248
26092280	4162
25473440	671088896
75102788	1610612992
38898056	1115136
58116764	37376
2076428	24580
77211380	2147520512
78293864	3221229568
25520096	150994945
14290580	2147520512
12348524	671088768
5062736	16908290
33001580	4295000065
13921220	4295000320
73961660	2147520512
71373224	1610613248
21354104	1073766400
73793828	201326593
4051208	1081348
24371516	4102
75803924	37376
42117968	67141696
53573312	671088768
4094624	2155876352
1183484	67403776
14909096	37120
18034400	1610613248
68493512	2147549185
54306848	16814080
20972	4294971456
143444	16809985
79860404	2147520512
44165000	1610613248
77082428	671088768
25376564	524548
23419280	32802
2694620	2147487746
9759116	24580
15271004	1610612992
2932436	1081345
51432968	134254592
49767284	32802
58931624	2147520512
76095848	16912384
8522408	1610613248
46387316	67141633
15740480	1610612992
27179624	4294971393
22646540	1610612992
1958816	36880
5826404	671088644
11801288	2147520512
57818684	37120
16086188	4362076161
19953128	1085440
61021748	1610613248
73846316	1073774848
104564	67141633
75652940	4362108928
17088644	57344
56964944	4102
5698100	2147520512
61009112	1073746176
28714412	1610612992
60437576	1081348
16577696	4429185025
71284448	2147549186
5772620	36896
37946792	2147745793
34063328	3221291008
4566692	1610612992
1545716	36865
38547488	1610612992
5726936	201326593
12767780	135299072
36448616	65554
3671156	67108929
78506084	1081348
6543740	36865
31443464	1610613248
31258460	1074823168
57039140	671088768
3200384	1090551808
57846548	16781313
75202580	36865
24027752	36868
73671356	4864
20051300	2818572288
55586324	32802
33339512	1057024
43421096	1073745921
32094056	150994945
42956804	16809985
55033580	67108929
23663252	1610613248
77875904	1610612992
36104528	1081348
23451032	33028
61647392	536903936
21380996	4295000065
28727372	1610613248
130808	67141633
17563628	167936
25765040	1610612992
14204072	2148012032
26295752	522
51217832	32833
228980	1610612992
47428652	3221229568
43694228	671088768
14513492	86016
47137700	36865
12140192	2147504128
32843468	1610613248
4199924	4294967361
36939800	536875520
27564860	4362108928
30197360	1610612992
54998588	4311744513
63488360	142610432
65166032	16779520
9914312	17039361
35230700	4311744513
19405244	67141633
46252532	36866
35590340	201326593
16445504	135266308
240644	33554435
63510716	5435817984
50718548	2147520512
35856668	1073778688
3410660	4295000128
996860	83886081
76147364	671088768
42096584	1081345
54496388	1610613248
57756152	1081348
43286636	2147487746
52981688	327681
4542716	3221356544
1418384	1085440
41400632	3221229568
5752208	671088768
81211808	36865
47106920	2147520512
14038184	1610612992
67640744	65793
43711076	16814080
26975180	201326593
15180932	536871170
1462772	1610613248
32013704	1174405120
52575392	1074823168
7649228	98305
60967316	4295004160
44031188	104
1043840	4362108928
22953368	2147549185
4893284	1081348
73386560	4295004160
50001536	1610613248
15539276	37376
22399652	1610613248
37273196	4102
62936588	1610612992
50608064	8425472
22585628	57344
80471144	2147618816
41313476	36880
927524	2148012032
80120252	2147520512
50525768	1610613248
18096608	1610613248
79938488	1081348
55291484	69648
73029512	4362076161
43488812	4395630592
15124880	557088
21825848	16809985
74749952	1073745921
69417560	16781313
5704580	66562
69050792	2147487760
35255972	1074823168
38504396	671088768
59348612	561152
36683192	1085440
76547180	671088768
57043028	2147520512
5324852	3221229568
29225360	1081348
80958764	67141696
67367612	67141696
11076176	671088768
56274176	2147520512
26407532	4362108928
51173120	1085440
60317696	5435817984
58801376	67141633
81316460	134217738
41359484	4328554496
70987988	135266308
67651436	2147524608
2949608	268568576
61179212	1610613248
64468784	68190208
31200464	1140850689
68638016	1610612992
52773032	2684358656
37336700	671088768
10163468	5368741888
31709792	4311744513
5732768	671088768
31291832	67108870
34513364	671092736
43587956	4311744513
70627052	5368741888
68228804	4311744513
19259444	1085440
33454532	40961
58790360	133184
13021796	2134016
16722200	32833
55484588	1081348
33534236	671088641
67608992	83886081
69355028	32833
45276320	524354
38720504	196610
21456488	67
14197916	1610613248
42783464	36865
49617920	83886081
61222304	134250498
73944812	4362076161
71589332	17858560
72256448	2147520512
45388100	75530240
39003356	3221225488
1936136	1610613248
51287816	4864
30961352	4311744513
62428556	537919492
39315692	4295004160
45384860	671088768
2439308	1074823168
57277604	32833
58779992	2147524608
53969564	37120
68914388	4362092544
54091064	1081348
1414820	1085440
22891160	2147520512
54550820	4295004160
3944288	2147520512
37497404	2147489792
77184488	1073746432
71854040	1073778688
51302720	4311744513
36383168	37376
52164884	1146880
75504872	1085440
224768	1610613248
30545336	4311744513
40256912	1081348
68267684	1073745924
111044	4295000065
41433032	266496
55244828	2147520512
64551728	4294971393
69622652	2147487745
16429952	37376
1966592	8425472
29068220	671088768
81251660	671088768
22848068	536875520
35305544	1610613248
9758468	2147520512
29423972	53248
9002252	1610612992
6763736	83886081
43594760	134221828
74153144	4295000065
64134740	1610613248
14270492	1610612992
16542380	1085440
14457764	36865
52587380	2147520512
38306432	1610613248
66581588	4362108928
749648	554696704
34780016	3221258240
112016	67141633
49184084	1610612992
37896572	196610
3136556	2129921
71186600	1073778688
14426012	1073778688
67627784	1610613248
64545572	671088768
5461904	1074823168
22384424	1610612992
31169360	2147520512
3265508	36865
48760940	671092736
67615148	16912384
13172456	40961
54012980	1610613248
1214588	1610613248
19385804	2134016
25812344	134250497
47077760	4362108928
40068020	36865
20393120	1610613248
566588	518
10543196	1610612992
56274500	4362338304
74376056	2147520512
81527060	1610613248
70031216	1610613248
59639888	2147487746
17308316	2147520512
48943676	1610613248
32310812	1081345
33727988	24578
1172468	1610612992
28436096	671088768
10310564	4328521729
69045932	67141696
77699648	102400
54506756	671088768
49894940	4362076161
32392784	1081345
40321064	2147553280
64299980	36865
63277760	2164264960
32700584	2147487746
2853056	9469952
23626316	40961
3801404	1610613248
714332	1085440
80361632	1074823168
44428736	1073778688
43306400	4362076161
24240944	57344
1047080	1610613248
43822532	1610613248
36134336	4362076161
38045612	1610616832
22187756	671088644
3879488	2147520512
61532372	36865
3199736	167772161
45076088	1073778688
10094456	67158016
734420	4295000065
6919580	327681
5448620	65793
79771952	327681
80741036	1610613248
16788620	135266308
44918300	1610613248
15178664	536875520
5806640	83886081
15773528	1074823168
6844412	2147549185
13359728	1081348
19608068	1610612992
5375720	1610613248
23617892	2147520512
42675896	671088644
65440784	2147618816
57047240	1085440
15181904	1610613248
62424344	1085440
66831716	17104896
30713816	201326593
59420216	67108929
20876204	69648
7421132	1610613248
78645080	5435817984
38969984	4362108928
12320336	1610613248
7696532	134221825
52985252	4362108928
54047324	83918848
22470608	134283265
23122820	165888
3704852	1085440
40547864	1610613248
30011384	16781313
564320	4362076161
59740976	671088644
8336	268502016
71804144	69
56546336	25182208
78329504	36865
2013896	134217860
33191120	1610613248
48371168	671121408
22240568	1610612992
77898260	32833
75732968	1073746176
18671708	4311744513
73803224	2147487746
19388720	1073746432
26023592	1074020352
31664	4395630592
80922152	36866
30895580	16781313
2190476	671088768
39110276	196610
48746360	2147487746
35638616	1610613248
41624516	4362108928
247124	671088768
10345880	327681
34537016	134217888
3965996	201326593
27004016	1073774593
2548496	2148012032
56468900	4395630592
48000188	671088768
9949628	32834
79249988	327681
6490604	1073745921
324236	1073905664
74452520	1107329024
3740168	1073774593
1441388	4362338304
12473264	671092736
43110056	7516192768
42271220	1610613248
74115884	2147553280
2696240	32834
13588796	67108929
63470216	536875520
62890580	536872964
45030080	134217857
33813200	1074823168
3263888	134217888
25110560	2147487745
6353228	1610613248
39053576	1610613248
63940988	1610612992
17258744	67141633
71791832	1610613248
64451936	1610613248
22646864	3221229568
71476580	1085440
31149596	1610612992
54010388	1085440
33163580	1610613248
27717140	36866
50759696	1610612992
21762992	143360
181352	1610612992
44177312	4295000065
80123492	36866
15788756	83886081
49768256	524354
29290484	167936
32084984	671088768
62171300	4362076161
19205660	4362076161
71028812	4328554496
23771468	1610613248
15791348	83886081
16964876	4295000320
43278212	32833
56792252	57344
26506352	17334272
34843520	1074823168
35712812	4311744513
34189364	1610613248
11332460	67108929
28828784	5435817984
8616044	1610613248
41755088	671088768
36238340	83886081
13615688	1610613248
62214716	28672
67906100	671088768
39842516	4295000065
47555660	4362076161
20607932	1610613248
12139220	1085440
42442616	671088768
52668380	1610613248
49280636	36868
72824420	1081345
32977928	83886081
78826844	67141696
63050636	1090535424
42753980	3221229568
30154916	671088768
33395564	36865
48644300	2134016
3291104	4362108928
68672036	1085440
46886276	1610612992
12602864	2147520512
11496728	36896
8773184	524801
76137968	1610613248
28255628	8392705
78080672	36865
52282172	1610613248
69895784	1610613248
79257440	2148012032
52324616	1073778688
65214308	557120
42332132	36865
28211888	4311744513
72862004	1140883456
78408884	5368713216
44092424	5368713216
31788200	1610613248
78810968	4102
38967392	1610612992
9037568	2147520512
17704244	32802
33175568	1610613248
53016032	67141633
58753424	671088644
1708364	33824
80470820	4395630592
57913940	4130
62745752	2147487746
67089620	1610613248
16213196	2147487745
23930228	4311744513
76322648	4295000065
75820448	4311744513
46480952	671088768
42614984	83886081
33840416	67112961
41695148	36866
43293764	4311744513
51888836	1610613248
12175184	671092736
43524452	671088768
77960792	1610613248
42341204	1610613248
66301652	32802
38460980	1081348
72479360	4311744513
72205904	3221229568
77908304	16777282
17854580	1610613248
52494068	671088768
66701468	557120
5549060	1610613248
39267416	67141633
47903636	671088768
32077208	1085440
45394256	40961
6616316	17301568
9207344	33591296
41668580	1610613248
30140660	1140883456
63644528	1073778688
80213888	36865
37306244	671350784
23479868	2147487746
79463504	2147520512
39086300	36865
51214268	1081348
44867108	671088768
28071272	4295000065
1508132	1085440
3561968	2147520512
46906688	671088768
46675028	5435817984
18301700	4311744513
47667116	2148012032
10070804	1081348
34511420	4362076161
43099040	1610612992
81097112	150995072
416900	4362108928
27458588	561152
68829824	1610613248
75204200	65539
52580576	1140850689
8232428	671092736
65294012	17301568
1610192	67108874
36668936	4295000065
28034012	671088768
5134988	83886081
68063240	1610613248
67444076	17301568
72734348	1610613248
54567344	17301508
22616408	1140850689
53616404	671088768
33289292	1610613248
79657580	1081345
41131064	4295000065
432452	36866
17147936	1140883456
13261556	1610612992
1974368	1085440
9171380	1610612992
15717476	1610613248
47141264	4102
54925688	33281
38495000	1081345
21524204	16809985
64096184	36865
74608040	577
63383384	16777281
21033992	1085440
81599960	1074270208
37085276	671088896
40102040	1610613248
66211256	37120
8015996	1610613248
15101876	67141633
67640420	671088768
4066760	1610613248
58189664	2181070848
26667056	1085440
51718412	4099
38726012	196610
347888	2818572288
51396356	36866
76181060	4362108928
40125044	2147520512
214724	1073745921
77422952	1610613248
23582900	1610613248
39780956	4296048640
67843892	1085440
6084308	2147520512
14232908	137216
23711204	5435817984
70799744	134217733
23323700	671088768
25334444	36865
47097524	4378853376
52808024	1073778688
46727840	1085440
18438428	536873472
24970592	1074823168
30725480	2147520512
18849584	150994945
73198964	36865
58894364	83918848
28410176	201326593
48948536	36865
76236788	1074823168
51001724	1610613248
2336276	5435817984
27011144	150995072
2351828	1058
10615124	42
16752008	201326593
27378236	67141633
54156188	1081348
25318244	536870918
30078776	16779266
9231320	1610613248
33499892	4328554496
30325340	167936
2438660	1081345
73941572	1610613248
5204324	150994945
49631204	4395630592
27813692	40961
80483132	16810240
49915676	5435817984
34591448	4295000065
15060080	8392705
66413756	671088768
30965240	17334272
20110592	1610613248
40478852	4226
35300360	1085440
76372220	1073778688
65592416	8716288
65277812	1610613248
45625916	561152
29694188	671088641
61109876	36865
11817812	1081345
61835960	1610613248
78010040	671088768
56142956	1610613248
58318292	37120
22630016	4395630592
81143768	5435817984
53803028	24608
25714496	1081348
1056476	4311744513
59208320	16785409
10453772	671092736
48570752	2147520512
40543004	67141633
74292788	2147520512
40436408	671088768
67611260	537919492
10792028	2147520512
48272996	1610613248
74681588	671088768
25310468	101711872
48443096	2148012032
3992564	36865
18430328	150994945
31622636	1610613248
6822704	36865
2735768	2134016
58541528	1085440
80046380	2147520512
9525836	1085440
53949800	36865
75176336	67141634
39025388	1073774848
30719324	1610613248
73351244	4362108928
41748608	1074008064
45410132	2147487760
12463220	671092736
57907136	40964
23466260	1610613248
47115020	671088768
4624364	2147520512
9292556	4295000066
75366848	135266308
40098152	1610612992
36651764	557120
22379240	67112962
76275992	561152
38235152	67141633
24025808	2147520512
34361732	4295000065
45527420	36865
6787388	33554438
45357644	8425472
176492	1073778688
33027500	2181070848
3294992	1610613248
51300452	1074823168
51502304	1074823168
42779576	16797696
24477464	57344
34202972	67141633
34666292	4362076161
19409780	1081348
22420712	37376
38525780	525314
21148364	1610613248
26447060	36865
64255592	1030
35714108	671088896
23580632	1074823168
40983968	4311744513
25114772	36866
12420128	671092736
62949872	20992
51219452	1610613248
69575672	2147520512
71062832	1081345
52913000	1610613248
48317384	671088768
40282508	671088768
39621224	1085440
5836448	1610613248
57429560	1610613248
78219992	67141633
42342824	1610613248
1392788	4362076161
26257196	671092736
5540312	659456
73287740	32833
29334224	150994945
1079480	1074823168
51876524	2148012032
16669388	135266308
76126304	4295004160
78615272	2147489792
41312828	3221749760
61445216	2147520512
57358280	536907776
42998600	1610613248
41927456	4129
19155764	671088768
67998116	1610613248
62041376	1074823168
3152108	2129921
76280852	671088768
39772856	1081345
43704920	32802
6278708	2134016
58772864	2147524608
53055560	16809985
18848288	150994945
19500500	671088768
62932700	2147549200
49925072	16797696
74531576	1081348
33599684	5368741888
36689996	2164264960
40889360	3221258240
39922544	1081348
13071692	4295000320
70814972	37376
50975156	1081348
39650060	98
28442576	40961
80084936	5368713216
73189568	2147487746
11923436	1074823168
46815320	36865
47116316	4395630592
44038640	2147520512
13347092	2147483682
42553100	150994945
64670312	2147487745
295724	1610613248
60346208	1610613248
41485520	3221229568
79850036	3221229568
60733712	4362108928
48402272	16780288
40529072	32802
52413716	65570
72005996	36880
67917116	37120
59639240	16809985
6246956	1090519041
61385600	2147520512
31771352	1610613248
10727228	134217793
61835636	32833
19621028	1610613248
11572220	2147483666
22277180	1610613248
38960264	1610613248
81317432	1610613248
24462884	524353
74950832	28672
22706480	2147520512
20731700	1610612992
51470552	1610613248
67263608	1610613248
69744476	53248
29206244	4362076224
65646200	4311744513
42621464	1081345
22476116	1610613248
50884436	83886081
55508888	4106
80895260	37376
5176136	2147520512
44083028	201326593
41443076	4130
75745280	2147520512
7206320	1610613248
53479028	671088768
16955480	134250497
2506052	1610613248
6691160	8425472
34495868	3221229568
52831028	1146880
10063352	201326593
70295924	671088768
17886008	1610613248
41462192	1081348
47931500	2181070848
31278548	1085440
65281052	1610613248
73828172	16781314
78234572	24580
35700176	1085440
69634964	32833
22557764	1610613248
29352368	4311744513
15334184	4311744513
73550828	1610613248
32001392	1610612992
6110552	36865
67033568	1610612992
30078452	1081348
77646188	2147520512
59334356	557120
32947148	1085440
8239880	1073774593
73113104	135266308
49518452	528448
6039272	4295524352
14123720	2147487746
55202060	557312
38794052	1610612992
47158760	1073876992
56693756	2147520512
6787712	1610613248
26566616	1074823168
18444584	4311744513
12608372	150994945
41850992	135266308
56702180	53248
4767572	2147484674
32704796	17301568
54013952	1073745921
21263060	1073876992
24459968	1085440
28646372	4311744513
17714288	4295004160
40332728	67112962
39995444	1081348
31652444	1030
9335648	4311744513
58606004	4296048640
56486072	671088768
53130728	37376
58407392	4294971456
8646176	671088768
54394004	4362338304
11362592	671088768
11768240	2147487746
56757584	36865
21204740	16809985
37349660	196610
73366472	1081345
70624460	4362108928
11540144	1073778688
60782312	150994945
33445784	671088768
29687708	16912384
12170000	671088768
66558584	1085440
63056144	327696
1934516	1610613248
1438796	4311744513
7299632	1073762304
9182720	4311744513
57784988	2147487746
42737456	671088768
7186232	1051648
60454100	36865
39725228	1610613248
25890104	1610612992
80523308	36865
53088608	53248
70446908	4362108928
62084144	524608
38374472	4362108928
51737852	4362108928
18751736	2147553280
32554460	37376
54565724	1073778688
31465496	671092736
60663728	1074823168
27033500	5368713216
5810852	2147516418
70965308	671088768
81531272	2147520512
7595444	25198592
3190016	134250497
68363912	4311744513
61615316	1610612992
22343600	2147520512
28688492	2147520512
69216356	1610612992
50390336	1610612992
20508140	1073745921
3285920	2147520512
13789028	1610613248
31035548	1610613248
16829444	135299072
49040552	671088768
58011464	1610613248
38468	8389376
67991960	83886081
42316256	67108929
11118620	1073778688
8176052	671088644
33364136	2147487760
73989524	4295000320
50547476	536870918
31743488	671088768
31336868	1146880
9106256	1107300352
27207164	83886081
58163096	5402263552
49482164	1074823168
65214956	1085440
22501388	2147520512
25603688	36865
70781600	4102
3244772	1081345
80268320	66564
35524244	671088644
53004044	24580
33704660	1140883456
17652728	4311744513
35288048	3221229568
24826088	671088644
71483708	1610613248
53704856	2147487745
26674832	1610612992
14286692	57344
32951360	1085440
68666528	327696
35571872	5435817984
20784512	2147549248
56844740	4362076161
2819360	2147508224
41644928	1085440
22457648	2147520512
55148276	53248
56987624	1073745921
75438776	34078784
47880632	4311777280
11811332	3221749760
10576568	1610613248
62584076	1610613248
3942992	4311744513
36639128	1081348
5961836	1610612992
30724832	24580
14418884	1610613248
51458564	1073778688
34341644	36865
67064024	1081345
40965176	53248
25504220	1610613248
56014004	4362076161
40951892	67141648
29766440	2147520512
18435188	1610613248
33265640	1610612992
32136500	671088768
62853320	1073778688
10779392	1610612992
4327904	4295004160
73314308	671088644
21139616	67141633
27065252	134250497
27239240	4362108928
62774588	1074823168
41636504	1081345
24772628	1074823168
5166740	196610
27866180	1073745921
25125140	6442455040
74231552	1610613248
62135336	4311744513
13184768	536872964
28336628	5435817984
62955056	1610613248
71374196	671088644
36665696	2147520512
78519692	37376
32344508	67633216
81235784	37376
22792664	3221291008
66847916	1081348
69336884	1073778688
12308672	36865
10483256	16814080
47161676	1610613248
48315440	1610612992
105212	67141633
48049436	37120
64029764	32833
21722168	327681
2904248	67141633
69614876	100696064
7890932	1085440
25888484	671088644
12905804	671088644
6699260	1610613248
44506496	16814080
20923832	4295491592
79687388	32833
1549928	2147520512
56511992	327696
30023372	1073774593
37368128	196610
27732368	1140854784
53345540	4362338304
58041272	2147520512
30258272	1610613248
36221816	83886081
54509672	65793
10073396	1610613248
44832116	67108929
33173624	36865
27726212	4311744513
79623884	1610613248
14924324	2147520512
59996936	1610612992
79934924	16912384
3568448	1610613248
15363992	16781313
61858964	36866
64388	3221229568
41314772	671092736
34990616	67108929
20028296	1081408
757100	1081348
24409100	1074823168
66174644	36865
33136364	4362076161
31794032	150994945
6994748	2147487746
79728860	1610612992
34716512	24580
63835688	331776
36291476	67141633
51795200	28672
57754208	67108929
15009212	518
41267468	83918848
77833136	2147520512
57336248	671088768
80631200	3221229568
25632848	4395630592
20156924	4102
60665672	4362076161
49987604	1610613248
49883600	135266308
41436596	1610613248
58051640	67112961
63590096	1081345
14610044	36865
18829496	2147487760
11884880	57344
59183696	12304
51493556	83886081
74105840	299008
79256468	2148012032
68516516	16814080
22387664	83918848
12564956	1610613248
50912300	1081345
40191464	150995072
75293948	2147520512
39200024	2147520512
79459292	4311744513
1952012	8392736
66687536	4311744513
1227224	1610612992
32053232	2147553280
28400780	1085440
13208420	67133440
25499036	1085440
76411100	4311744513
55745084	1610613248
50698784	1090551808
7783688	134250497
44102144	671088768
10547408	69648
67413944	1073872900
69427928	1610612992
49962980	4311744513
27757640	167936
40532312	2164326400
8505884	135266308
55275932	1610613248
33768164	1085440
3426536	4311744513
37041860	36865
5782664	4362076161
10533152	557120
60596336	4311744513
33793112	134742080
58864880	16814080
45512192	671088768
12380924	36865
31391300	800
53848388	4362076161
59215124	2147483906
29995832	1610613248
67879208	1074823168
40009376	33591296
77965976	327681
56766008	1610613248
9050204	36865
54568640	1610613248
75592676	4362076161
1244720	16809985
40056356	1610612992
60419756	1610613248
43452848	2147487746
601580	150994945
53627744	32802
65523728	4311744513
23008448	1610612992
51282956	1610613248
11117000	2147520512
37666532	671088768
61349312	16809985
75832760	5368713216
70111892	1610612992
28124084	1610613248
21363500	150994945
37737488	5435817984
55885376	1073775104
13386620	2147520512
30735848	3221229568
33971960	8421888
80290028	3221229568
71955452	36865
62105528	4311744513
67201724	1081348
58848032	1610613248
2346644	1610613248
21670976	2562
56496764	1610612992
64625600	1073774593
886052	4329570304
21303884	671089152
42239468	1610613248
755804	1610612992
51320540	5368713216
80363252	53248
304148	4362076161
43522184	2625536
2434448	1610613248
55383824	36865
69030380	3221356544
29071136	134217733
93224	134250497
70930316	134219784
27602120	1073745921
58122920	1140883456
35669072	1081345
33720860	150994945
76529684	671092736
18431948	67112961
39293984	37120
24775220	6442455040
20101196	2281705472
48398708	671088768
55970588	1610612992
30999584	4362076161
25033772	16814080
54597476	1610613248
70462136	1081348
48408104	1073762304
2144792	36866
24052700	201326593
28040168	1140883456
64412408	4295000065
24728240	671088644
13046096	65539
42000680	67108929
37879076	1073766400
54973316	67145728
80966216	2147520512
48753488	32833
68031488	1610612992
58204568	2147520512
35931512	24577
69330404	2147553280
23261816	4295000576
34738544	2147520512
44258312	671088768
49369736	32773
22344896	4362076161
13121912	1610613248
52010984	1610612992
35226488	1085440
75180872	2147520512
9918524	671092736
49653236	1085440
26371892	1074823168
72644600	1074823168
11058032	2147487745
38014832	524354
23311064	1073745921
55892828	1081348
79124276	49168
79404860	1081348
70056812	201326593
9625304	1074823168
12008648	134217857
44229800	1073745922
29603468	1610613248
19728920	4362108928
77727512	1074823168
49986308	134250497
80903684	671088768
28380692	201326593
4485044	16779520
76043360	671088768
69326516	1149239296
28682660	1085440
31811528	8425472
78569912	4311744513
28983980	1610613248
41647844	671092736
2152244	83918848
71770448	4362076161
58892744	537395456
2529056	1610613248
29007308	2147520512
30839528	3221229568
62841980	4311744513
10839656	4311744513
54624044	1610613248
38674172	67141634
63929972	134283265
39087596	2148007938
77146904	1074266176
31414628	800
69561740	671088768
62605460	36865
78604256	5368709121
43682240	1081348
67452824	1610612992
49537568	24577
66646712	150994945
66234260	4311744513
27358796	4295000320
13214252	3221229568
15705812	4295491585
10795916	50331649
78002912	102400
8820812	17301506
62190416	4311744513
47938304	32834
57334628	671088768
58100888	5435817984
26168420	1030
262676	2625536
38290880	1085440
52270508	2147553280
12242252	671092736
75551852	1085440
24661820	1085440
45329456	671088768
17001488	36866
62397128	1610613248
35388488	2281705472
70065560	1610612992
32633516	67633216
17501420	4295000065
52701752	1610613248
78158432	327681
2457128	2147487746
39082412	1610613248
54825572	1610613248
11180828	4362076161
80321780	1081348
52440608	1610613248
48508220	36866
15322520	4328554496
18569648	4294967361
25076216	1081348
17042312	1082130448
43095152	1610612992
732152	134217860
37894628	1073766400
79194260	37376
3383120	1610613248
50104244	4311777280
74699732	36868
46497152	671088896
32518172	1090551808
58741436	1081345
59848868	98
75158516	1610613248
43576940	1081345
68439404	8392705
75003320	2147520512
74465480	2147487746
62875676	8425472
22087316	1610612992
67571084	1085440
57811880	37120
66076796	1073745922
15468968	1085440
60500432	1085440
4278980	1610612992
71832656	1074823168
52423760	67633153
23631824	65602
76513484	1074823168
41517596	67133440
42486680	3221229568
40993364	1610613248
13279376	4311744513
22656260	67145728
47899748	16908304
9151616	1073745921
8967260	1085440
26620076	16781313
3219176	1140850689
74238032	16777281
78507380	1073746432
54230384	2147520512
36221168	2147487745
81019352	2147487748
49197368	1610613248
44972084	3221229568
55656956	1610613248
80870312	4311744513
3144332	1610613248
14043044	671088768
12540008	671092736
3309896	1610613248
3519524	28672
12627812	1107820544
31771028	67158016
1200332	150994945
18696980	1081348
80256980	1081348
60122324	83886081
6516848	1081348
31981952	28672
43204340	67588
66886148	16809985
34917392	1610613248
31011248	4311744513
28345700	1610613248
11542088	4294967361
10649792	134283520
77307932	4311744513
44499692	4362108928
45670952	671092736
68872592	67141633
59469464	1610612992
20730728	2147614722
5419784	36866
32043512	1074823168
21008396	1085440
14880260	1081856
39461168	1610613248
47092340	671088768
15137516	53248
23002292	67
34285592	1610612992
61816520	2147483682
35538500	7516192768
42059648	671088768
27026372	150995072
68448800	1610613248
33950900	1610612992
57636596	1610613248
981956	67141633
47485352	36896
736040	294976
67551968	4295000065
57828404	20481
73494776	671088768
23858624	201326593
3266480	4295004160
64489196	2147553280
73966844	4362076161
8885612	2147553280
63321500	2147520512
14459060	1085440
63481556	2147520512
70353920	4311744513
41438540	1074823168
70298516	4362108928
7431824	1610613248
1312112	561152
37512308	36865
16951916	1074823168
5692268	4295000065
21088748	1610613248
33064760	1610613248
38715644	67112962
44488676	32802
39542492	4311744513
5376044	1097728
1452080	1081345
38443484	1610613248
65081144	671088768
58599524	1073762304
52171040	135299072
52043384	67141633
20033480	1610613248
54008120	67158016
81070220	1610613248
2603900	3076
35029172	671092736
53564564	2181070848
44140052	2147520512
9632432	150994945
38244224	134250497
24129488	201326593
56409608	4362108928
77568428	1610613248
81669944	4295131136
63229484	671088768
4118276	24608
26559488	2148012032
63943904	1610613248
31922660	1081348
38344664	67141633
9107228	134254592
80227172	36865
78265352	2147520512
52819040	2181070848
51987980	2147483654
81240644	1610613248
56637704	671088768
15850964	16814080
37549244	36865
60172220	1610613248
80492528	1085440
5178404	36865
40949300	1048836
4970396	1610612992
8971796	2147618816
42428684	1610613248
59684924	1081348
10492652	1074823168
15977972	1074823168
43453820	671088768
29629712	134217733
51380804	1610613248
60113900	3221229568
69679676	1073774593
72474500	1085440
36287264	1081348
56683064	1610613248
2488232	1610612992
76556900	2147520512
28915940	1610613248
5862692	53248
71732216	1073745921
37351928	196610
5320640	1610613248
74774900	5435817984
29904464	4311744513
54702128	32833
60418460	1610613248
74568512	1073741889
1548632	2148012032
70858064	2147520512
41604104	1610613248
65971820	1610613248
30561212	32833
17898320	1174405120
45699464	1610613248
32724236	553648384
47425736	1085440
53402240	1610613248
5935592	4395630592
3085688	4296048640
45516404	1048610
28438688	671088768
63108308	2147520512
34496516	16809985
31888316	4362076161
77591108	1140883456
19369604	1090551808
61802912	1073745921
75661040	5402263552
3413576	1610612992
31930760	1610613248
45689744	4362108928
51178628	1610613248
79701644	4311777280
17791400	68190208
29499788	37376
64098452	1081345
8347124	1081345
44345792	1610613248
21158084	16809985
22100600	137216
40921112	671092736
7384844	40961
12907748	17301568
39021824	36865
47038232	1610612992
61897196	135184
6697640	1085440
8052932	671088768
74815076	67141633
51706748	1610613248
62602544	2147487746
74628128	1610613248
44536304	2147520512
615836	1610613248
57521252	28672
13869704	2147520512
79195880	1610612992
399080	671088768
35194736	671088768
7758092	1073766400
55466120	1610613248
21300968	4362076161
3187424	1085440
7208588	1610613248
51133916	561152
28330148	2181070848
24733424	167936
71558876	37376
75408644	557064
46786808	671088768
27079832	3758096384
58981520	1073778688
43570136	1074266176
22698704	4311744513
14134412	1085440
9999200	1115136
41771288	1074823168
568856	1610613248
63501644	1610613248
27226604	33536
65774828	1074823168
30755612	1073745921
16831064	1140883456
23713796	1610613248
32003012	1073808384
69365072	2147520512
50553956	1073778688
7115276	1610613248
69462920	53248
23787668	537133057
9551432	1610612992
616160	4311744513
8428772	2148012032
23224556	1610612992
56071676	1610613248
6326012	1140850689
62225084	2147549200
5792384	1610613248
20127764	1610612992
63972092	24580
81544556	83886081
43578560	1610613248
53332256	528385
40411784	327681
58843172	2147487746
3146276	8425472
63364916	36865
27833780	134250500
42245300	671092736
79513724	1073872912
10808876	786496
46903448	4295000320
4316888	518
66289988	671088768
77152088	1085440
57753236	1610612992
40206044	1610612992
62401016	2147553280
1110260	1610612992
17241896	2147745808
33168764	17334272
79016060	671088768
60483260	16809985
61116356	4362076161
19865324	4362108928
3372428	1212416
78598424	603980032
47468504	4429217792
44064236	2147520512
58483532	1085440
74075708	1085440
33295448	67112962
18782192	1610612992
9500888	5368709121
53276852	1073778688
25646132	4362076161
60716540	1610613248
46744040	671088768
136316	134250497
45666740	1074266176
26106536	1073766400
17117156	1610612992
16065776	2147488256
81373808	4362108928
43278860	1610612992
44923808	1085440
18969464	150994945
15177692	1610613248
64046936	561152
7462928	1073745921
69061160	76
23988224	536870918
31392920	800
14276324	2054
39774152	1610613248
48812456	1081348
12467432	33619969
38390024	3221229568
55612244	36880
21841400	1610612992
47147744	1140850689
7182020	36865
81366356	34078784
72219188	32833
5987432	1085440
44048684	32864
10551620	4311744513
44767316	1610613248
59047616	3221225474
10026740	36865
20846072	4295004160
6304304	1085440
1015328	1085440
80302664	1610613248
41424608	32833
42665204	4429185028
43425308	2148012032
1992512	671092736
69474260	1610613248
33476240	201326593
20808812	1610613248
8865200	100663360
32961080	4295000320
46568	2134016
32753396	2148073472
3516932	16781314
52075460	4311744513
27163748	134254592
77819852	16781313
77392496	36866
18712208	37376
63275816	1073876992
34239908	1074003969
43447016	1610613248
20124524	2281705472
51452408	36865
17715260	1073778688
54670376	327696
70008860	37376
28600364	1610613248
34144976	671092736
33637916	4311744513
31662812	16814080
6159800	1085440
67534472	2155905024
70499720	536903684
34881752	1610613248
30857996	1085440
46721684	1610612992
53221448	1073778688
39560636	4362108928
18142616	150994945
44811380	36865
47662580	1048836
50761640	2147520512
76431836	1140883456
60994532	2148012032
64763624	1140850689
29827352	1610613248
1454996	4102
21338876	16781313
70223024	36865
80069384	20484
64069940	524354
5793356	50
37755956	1081348
59899088	1610613248
12448964	671092736
46962092	1085440
26373836	16814080
80240456	2147520512
75307232	1146880
5758364	1610612992
78465260	1082134528
58027664	1610613248
34833152	67141696
24735692	1610612992
27356204	37376
13218140	1085440
31051748	671088896
50886704	2148007952
36202700	134283265
64636940	1073745921
36744428	327696
55583732	1610613248
41115188	2147520512
59143520	36865
35053148	671088768
21014876	33025
71137676	1074823168
71430248	1073778688
2123084	1082134528
63389864	196610
74201096	3221356544
75365552	2147520512
15688640	83886081
9996932	8425472
58661084	4295000065
40793132	671088768
63958484	1610613248
11864144	16809985
60343940	36865
56209052	36866
63963020	32833
5507912	671088768
46669520	671088768
26891264	2147647488
5877596	1610612992
22747628	1081348
43702328	1610613248
67880828	134221952
60888260	1610613248
39888848	3221487616
30483776	4362108928
76911032	1610613248
72951104	83886081
62261048	2147553280
24455108	102400
76746764	1610613248
43653728	8392705
30100484	1610613248
71008076	561152
21738692	1610613248
55782020	671088768
16021388	83886081
3332252	2148012032
74142452	671088768
39947492	1610613248
39357812	671088768
26368328	2147520512
10257428	1073745921
41511440	17301568
22741472	2147520512
2816444	67141633
78451652	16810240
52349564	4362108928
63718076	167936
3578168	83886081
45256880	671088768
51798764	6442483712
53472224	134218112
24540320	2147487746
64677440	1610612992
10235720	16809985
67666664	67141633
62306408	3221229568
54932168	36865
58117088	1610613248
663140	2148012032
9962588	2147520512
704288	2147520512
51223988	1081348
51785804	1610613248
8490008	524354
1832132	2147520512
55689680	53248
62819948	36865
75093068	167936
38048204	1140883456
72437564	37120
60130748	1610613248
78878684	36865
77072708	135169
42534632	1610613248
5870468	2147520512
2143820	134250497
81694244	4362108928
64426340	134221825
604496	57344
58780964	2147524608
49064528	2147520512
56540504	1610613248
64353764	524354
22425572	671088768
81418520	33587712
3079208	67158016
15331916	4311744513
1575848	167936
1331228	1610612992
52745492	3221487616
3980900	671088768
24160592	1085440
19913600	1085440
2768816	83886081
21921428	2147520512
34166684	4362108928
35902352	1085440
27798464	4362076161
47298728	4311744513
49649348	1074823168
26640164	1610613248
7121756	4362108928
81668000	150995072
5350124	1610612992
24237056	5435817984
58768004	2147524608
45045632	36866
59596796	1610613248
2684252	163856
75092420	4362108928
1050320	2147487746
63161768	3221229568
15876236	327696
81156728	4295000065
26476868	528386
52928876	134254592
6119300	1610613248
27505568	4226
23175956	671088768
17136920	4294967361
28325936	4311744513
51387284	1074823168
54935732	671088768
55035200	1085440
26090984	8392705
49304612	4362076161
39844460	36865
37857692	1081345
42072608	1610613248
40232612	327696
45042068	134250500
50375432	8425472
40175264	1081348
30121544	1146880
1664300	1140883456
24881816	134250497
40018448	1610613248
21438344	1610612992
9919496	2147520512
474572	17301506
80337332	671088768
28032716	671092736
14837492	67112961
77181896	1081348
37204508	16809985
216668	1610613248
53654960	1610612992
27162452	1073745921
36756740	17334272
79091228	83886081
33169412	4329570304
39090188	671088768
32213936	1107329024
3510776	2147520512
69231908	1107329024
47216	135266308
8131016	16809985
7486256	1085440
72413588	1081345
79499792	1081345
23965220	1610613248
4720916	2134016
48773576	671088768
34078880	24577
52400	8523776
37890740	134221825
80428052	6442713088
79417820	16809986
48593756	4362076161
15062996	67141633
41093804	1610612992
1780292	57344
50715956	671088768
72481304	1610612992
26628500	4295004160
49258604	1610613248
15115160	1090519041
4840796	65541
76627208	150995072
27450488	201326593
77786480	1140883456
2593208	1610612740
1917668	4362108928
34622552	4311744513
14187224	4362076161
23486996	4311744513
1459856	1610612992
68154608	36865
7437332	6442451008
76755512	83886081
23085884	16781313
11029196	687865856
45267896	36865
65748260	331776
77886596	1085440
53336792	671088644
36992936	1085440
16428980	135266308
57857888	331776
11999252	1610612992
53404832	1074823168
8554160	327681
25371056	36880
50183300	4130
3023156	2147749888
38313884	1081348
68750120	196610
9494084	57344
1422596	1610613248
23556656	2147520512
37642232	2181070848
56283896	1610613248
60150512	1085440
36033572	16809985
47732240	36865
40032704	4362076161
47769824	36865
56944208	1610612992
40806416	1610612992
41768048	671092736
48999080	327681
50336552	4311744513
80039900	671088768
9600356	1073774593
29202680	671088768
839072	4610
42575780	4295000065
28756532	1610612992
38880884	37376
67256480	671088768
312572	135299072
949556	36866
71757488	6442455040
54920828	524305
41518568	67141633
3059120	36865
61410548	83918848
47154224	2147520512
77653316	20484
34001120	16809985
3034820	1610612992
59847248	1610613248
64626572	2147553280
22222424	2625536
41988044	1610613248
68189924	1610613248
25885244	5435817984
38297360	327681
56952632	671092736
48711368	16809985
73581608	1073778688
33414032	83886081
2022644	67141633
57572120	36865
69711752	5402263552
43984856	1085440
69254588	1073873408
38773964	4362108928
57667052	1610613248
45677108	8425472
77184164	16912384
42899132	1610612992
32104100	2147495936
77338064	4295004160
62307056	1081348
20570996	83918848
55237052	1085440
12484928	17301568
53840936	67141633
1841204	2147553280
17578532	65602
12737972	1074823168
56286164	1081345
25941620	524354
46884656	135266308
46925156	1085440
3696752	36865
51118688	36865
20935820	1610613248
745436	1081348
32868740	1081348
26640812	2147520512
22503332	1610612992
26038820	671088644
65047448	1610613248
58369160	1610613248
52453244	37120
30295856	2147520512
15889520	83886081
1844120	1610612992
68837600	4311744513
79907384	36865
87716	4362108928
2660276	1107312640
36190064	268568576
18519752	1085440
41217896	2148012032
45265628	32802
14613608	1610613248
47747144	4362108928
69092912	1610612992
42208364	135266308
26401376	2164264960
18581960	2147520512
402320	1610613248
8820488	1212416
64402688	1610613248
57062792	1610613248
70515272	671088644
47478548	4362108928
10307972	1085440
41106440	1074823168
32693132	2134016
6045428	3221229568
81008336	36865
43472288	2147487760
15782600	1082134528
65694152	1073745924
54163316	1610612992
14744828	800
21112724	2164264960
49208708	2147483682
62418188	671092736
26248124	67141633
56601416	1610612992
5736656	32834
1251524	536904192
7087088	83918848
192368	2134016
38676116	1073774593
18770528	150994945
49662308	1610613248
14011292	671088768
14130848	536871170
2276012	8523776
5520224	1610613248
34379552	1610612992
38066348	8392705
1075268	1074790404
76795688	2147520512
21296	4295000065
79392872	36866
71259500	4311744513
81608060	4362108928
3440792	4362076161
107804	134250497
77189996	1085440
43413644	1610612992
33579272	1081345
36531236	16797696
63810092	1610612992
41491676	671088641
75741716	4311744513
12174860	1073745922
68798072	4311744513
26667704	134254592
80849252	36865
43959260	2101504
38357624	1073778688
51086288	32833
36323228	4362076161
31955384	1610613248
2055368	67141633
61015592	1610613248
38607104	49156
1894340	1610612992
58311488	2147484674
24729536	671088768
47170748	285343744
10703900	1610612992
58643588	1085440
74707832	536872964
61539824	2147520512
44258636	5368709121
41393180	327696
12362780	1048610
79685120	8425472
69701708	2147520512
48193616	671088768
58482560	3221229568
60237344	671088644
27159860	67112962
30638000	150994945
34680548	671088768
6029876	561152
72068852	36865
40241036	36866
62477804	1610613248
56981144	134217860
10136252	4311744513
74874692	36866
66479204	1610612992
17160896	16781313
925580	1610613248
16178852	4362108928
2204084	294913
46548668	36866
20605016	4099
1135532	65554
55372484	536872964
29583056	134250497
35565392	4311744513
10089272	1073778688
45139592	36865
37120268	4295000065
65866844	1049604
67018664	1074823168
20491616	1610613248
8306300	1610613248
12384164	1081856
22442744	268568576
21511568	135266308
68360672	671088768
65249300	1610613248
58770272	2147524608
41546432	67141633
55658900	4311744513
11066780	4395630592
11569304	671088768
30602036	671088768
854948	524354
68351600	1074823168
44691500	1081345
15163112	83918848
34953356	1146880
40052792	4295000065
5773916	36865
53077268	36865
5301848	4295000065
12526724	67141633
3505268	1610612992
81255224	1140850689
57571148	4329570304
877628	1174405120
28124732	2148012032
41010860	1610613248
78446468	524354
31391948	800
81226064	671088768
25378508	36866
79829624	4311744513
58774484	2147524608
18260876	83886081
9576380	2147553280
36624872	1610613248
64326224	17301568
325856	57344
7850108	83886081
41836736	671092736
70095044	1073762304
55771976	1085440
30756584	1074823168
7594148	135172
5762576	1085440
15041288	327696
47533952	8392736
72318008	1610613248
23565728	28672
49439072	1610613248
3435284	2148012032
2300636	1085440
19829036	150994945
46936820	671088768
8053580	167936
122708	134250497
11419292	2147488256
61447160	4311744513
44288120	1610612992
64505072	4311744513
25362308	28672
9206372	1610613248
43459652	1610613248
42442292	4362108928
987140	4102
39676952	4362108928
30120248	134250497
1342244	4362108928
35696612	4311744513
49726136	1610612992
43271084	1073745921
165152	1610613248
11316908	327696
50603528	4362076161
53828948	1073774593
4467872	557120
20658152	201326593
68435516	4362108928
60707144	2281705472
25669136	45056
77637440	671088768
66947384	36865
7166792	1073745921
22505924	671088644
36531560	1074823168
53789744	1610612992
25038956	32773
16633100	135266308
8526620	2147520512
58745000	1085440
553628	16779520
24169988	16809992
62993936	36865
20339984	671088896
66554048	8425472
63904700	1073745921
68841488	1610613248
24590540	2684358656
10580780	36865
73546616	2147520512
21157760	16809985
29513396	1610613248
47677484	36865
57409796	2084
61056416	1073774593
60874976	327681
8189012	3221229568
13858688	67108867
10297604	67108869
64367372	36928
72018956	1073766400
5447972	1610613248
4736468	1146880
32701232	17301568
60392540	1085440
47728352	4294971424
72598916	167936
58134908	1610613248
55329392	1073745922
62703632	8392736
64802828	36865
25135184	1081348
743816	67108929
57192392	671088768
18527528	67108929
162884	2134016
4765628	1610613248
18997976	83886081
77501036	142610432
5491064	83886081
57790820	1610613248
69142484	1610612992
52872824	2147520512
81179732	1073778688
75797768	4311744513
36583076	1074823168
27959168	1074036736
33507020	1081345
77229524	135299072
9932780	134250497
15126824	1610613248
33691376	2164260866
965432	2147520512
36217928	4362076161
8909912	16779266
58582028	1146880
71417936	134217860
61505156	36865
148304	268568576
8457932	36866
66192140	2147520512
6002336	1610613248
5531240	4311744513
49162700	671088768
12482660	1610613248
10946900	1610612992
52566320	2147488256
57159668	1610613248
14765888	36865
52836536	1073778688
47875772	1081345
22183544	671088768
55860752	1074823168
17753816	327696
3311192	1085440
28616888	1090551808
78939596	524864
36647228	1073742084
33453236	4311744513
54530084	671088768
76155464	1610613248
57328148	2415919106
58278764	4362108928
51171500	1073778688
48659528	4176
39820160	2147487745
33330116	16809985
53699996	5368709121
9298388	2147618816
81280496	4295004160
48560384	67141633
21213164	1610613248
53666624	67133440
10902836	4295000065
45605504	67141633
41153096	4295000065
57834236	2147520512
31461608	1610613248
60260672	1610613248
47724788	1610613248
68563496	4311744513
2295776	1048582
31442168	671088768
21468476	1140850689
13706732	1610613248
73306532	1610613248
21631772	134283265
6868712	671088768
50674808	671088768
45485624	1610613248
61487984	1073766400
216992	1610613248
2114660	2147520512
43783976	2147520512
34708088	134217734
3517904	16781313
80811020	1610613248
969320	1073762304
68765672	671092736
69664772	83886081
4637648	24832
39201644	24577
39795212	671088768
15743072	83886081
71539760	36866
31472300	4311744513
4683008	36865
61280624	150995072
48161216	1073766400
67448612	1073762304
17335208	1610612992
66307808	16809985
68743964	2147520512
51990572	4362108928
6202244	67145728
12927836	67108929
51324428	37376
71168456	33587201
31773620	2147749888
28803836	1085440
38495324	4311744513
2102996	1610613248
4162016	1610613248
6483476	1085440
459668	36865
6395672	1610613248
17650784	4294971393
479108	1610613248
21213812	36865
31465172	16809985
62475860	1610612992
64844948	1085440
44961392	8392736
60265856	1610613248
52632416	5368713216
52506056	4099
81387092	671088768
67765160	97
45059888	671088768
4559888	67
64063460	1081345
81616808	1610612992
65512388	1610613248
65227916	671088768
42927968	36865
80733584	3221225473
58621880	1610613248
58781612	2147524608
64418564	1082134528
8736896	67141633
1773488	671092736
37583912	2232320
75892376	4353
37673660	1610612992
60031604	5435817984
10920332	67141633
25509080	150994945
37859312	1610613248
79138856	671088768
52481432	1081348
33920120	2164293632
698780	134254592
46750844	1610612992
53278796	1081348
14934368	150994945
33683276	83886081
44123204	1610613248
54262460	671088768
4297448	134250497
38865008	4295000065
37907588	2147520512
79278824	1610613248
15723632	16781314
16659668	4362108928
833888	1610613248
30278036	1085440
46302752	1081345
5152808	1073745921
76630448	4296048640
23752028	1610613248
5583404	1610613248
41556476	1081348
32561912	4311744513
22222100	2164264960
80566724	1610613248
13799720	67141633
47910440	1610613248
34974092	70
76055996	1610613248
55704584	1610613248
37357112	1085440
45088076	36865
14907476	1610612992
9651224	36865
65261612	1074266176
78127328	1073778688
76067660	67108867
23453624	1610613248
34186124	4295000065
12364076	671088768
26541992	1610613248
26778836	134217864
79268780	1073778688
46984772	671088768
22094120	1081348
5704904	2147520512
6184100	1081348
42399524	1081348
15354596	1081856
35139656	67125249
70548644	2129921
2296100	1085440
16769180	150994945
25919264	671088768
80423516	1610613248
47723492	1140883456
70996088	1082130944
1169228	268470272
13176020	40961
31924928	36865
80386256	671088644
35204456	4328554496
3723644	1610612992
19478144	671088641
24722732	36866
11807768	1610613248
19327484	2148012032
31272716	4099
15974732	150994945
1515908	1610612992
40940552	150995072
53558408	1085440
26201144	4362600448
17897348	102400
47784080	1085440
33507992	16809988
61067756	3221229568
22726568	4295000065
31902572	327696
33060224	12304
64609400	1610613248
33218660	4294971393
45439292	1610612992
78528440	1610613248
41525696	4362108928
54428348	37376
19184276	36866
12192032	671092736
65635508	4362108928
27473816	671088768
77180276	1081348
57727316	1610613248
76628828	4311744513
56459180	1610613248
40085840	327696
71626592	4328554496
23853764	1310724
14828096	83886081
77692520	528386
47022356	2147487746
55762256	37120
59507372	20481
12475856	671088644
1097624	1610613248
4202192	1610613248
53502356	37376
60171248	37120
51420332	8392736
9769160	671092736
64181072	75497473
67728872	1610612992
53368544	2147520512
64573112	17301568
16117940	4311744513
48328724	1081348
69708836	1174405120
2150624	1610612992
3041948	65570
37046072	1610613248
29244152	1073745921
34651064	4395630592
53057504	83918848
79434344	2147520512
19404920	1610612992
55312868	671088768
38233856	1610613248
80347700	2147520512
12834848	32833
58807856	2147524608
26162912	4311744513
40745180	1073766400
78150980	671088768
56189936	671088644
34066568	1107329024
33882860	671092736
36475508	17334272
54302636	4311744513
73471448	2148012032
77650400	1085440
79036148	33026
2333684	1610612992
57097460	1073778688
56776700	4311744513
4080044	4362108928
16791212	36866
3837692	1610613248
66299708	2147487760
15964364	2164260866
25731668	1073766400
61520384	1610612992
45608096	16809985
72511112	4311744513
7300604	67141633
45382268	4311744513
18494156	4295000065
64829072	36866
61796	537133312
31082204	671088896
73175312	2147487776
13679192	36866
44239844	3221229568
51602420	1085440
13903076	2181070848
57250388	671088768
29675720	4362076161
54739064	1610613248
6533696	4362092544
15104468	134217733
34457636	1081348
56181836	2148012032
49821716	67108929
69281804	36866
17490080	150994945
27711632	1610613248
15413240	83886081
38024552	138
39937124	1174405120
11145188	2147520512
53674076	2147483906
80301692	1107300352
35093648	135169
31812176	1081348
58670480	36866
75185732	4362108928
36521516	4311744513
57289916	36865
73486352	36880
30980792	1610613248
17005052	201326593
11961020	2101504
53439824	671088644
47300996	671092736
55576604	1085440
1010468	327696
77891132	8425472
51450788	32833
71784704	1610612992
80407316	36865
59142548	561152
63063596	1610612992
1168904	524354
47679752	1073746176
68108600	2164326400
66190196	135266308
9855992	1146880
14230640	4311744513
70675652	1085440
4696616	36865
31092896	2164264960
78822632	5435817984
42351572	83886081
5349476	8392706
74104544	4311744513
20687312	1610613248
79734044	37376
73677512	1081348
51407372	1073778688
4551140	327696
12377036	4311777280
47719604	1610613248
28198928	1610613248
79186160	2147520512
3821492	327696
39818864	2147520512
20172152	1107329024
4320776	1610613248
44628968	28672
45800876	1610613248
27937784	4362080256
75601748	36865
43143428	1085440
19950212	201326593
66324980	16781313
70586552	1610613248
51035744	83918848
36516980	4130
72035480	134217733
68897216	4353
55045892	2147520512
20115776	1610612992
40420208	1074823168
50193992	36865
41418452	8425472
1344512	50
41288204	671092736
46905716	1081345
79570748	36865
242912	1140883456
42055112	3221229568
23877740	1073745921
78201848	2147487746
65989316	1074823168
62918444	2147520512
2911052	1610613248
61864472	1610613248
32911184	1140854784
55715600	1081348
15461192	538968576
30488312	4295000065
47482112	4362108928
41723984	67141633
64204400	4311744513
25642244	35
74966708	671092736
18147800	2147520512
50692304	4294971393
25507136	69648
6545360	2129921
38151560	1085440
65314424	2147487745
45703028	671088768
57144440	135299072
3179972	4295000065
50726972	8425472
20045468	1085440
26247152	344064
78786344	1074823168
27658820	4295002112
33971312	4429217792
25890428	1081345
38345636	327696
22441124	2147553280
16105304	4311744513
38690372	16809986
6959108	327681
28449056	4429185025
29686736	135299072
67819592	1610613248
45449660	33558529
74904824	83886081
64572788	1074823168
510860	4295524352
60818276	1081345
65923868	40961
15167648	134217733
8806556	327696
77071412	1610613248
21896480	83886081
50533868	1610613248
53516936	1073778688
57309356	2148012032
34410656	2147745808
34884344	16387
30357416	167936
39129716	16809985
54013628	2147520512
30863828	1081348
42624704	69648
15321224	1610612992
63319880	36865
28991756	134218241
9308432	36865
30057068	4395630592
71282828	4328554496
18832412	2147520512
41120048	1610613248
56882000	4362080256
27828596	4295000320
66214172	16809985
30419300	1081348
79338116	3221225488
62504696	671088768
23931200	671092736
70374332	37376
69784004	16809986
54475976	2147553280
101972	69633
20866484	4429185028
35980112	524293
5632328	36865
67613852	1140883456
77782268	1610613248
75376568	67141633
25615028	4311744513
37542764	671088768
46589492	671088768
50516696	1074823168
61271552	134221825
73693064	671088768
29094788	37376
40450664	67141633
57387764	4362076161
40454552	36865
30852164	2155876352
21985580	1610613248
77258360	2692743168
2652500	134283265
10332920	1610613248
24666680	1085440
15927104	83886081
56397944	671088768
46784864	518
27695756	67141633
68276	268472320
70540868	4362108928
81057260	1610613248
571772	1610613248
38637236	196610
63784820	2147745808
667676	65793
16747796	1610613248
51779972	37120
61910480	2147618816
47362556	4362076161
80763068	2147487746
28381340	4429185025
43772636	1073778688
5171924	1073872900
79409072	1610613248
24267512	5402263552
42166244	671088768
189452	20482
22112264	1610613248
59972312	1610613248
26908760	40961
5302172	1610612992
44122880	2147487760
38174888	1085440
2026532	2148012032
7106204	1610613248
1281332	40961
18792236	1085440
36057872	2147520512
11339912	1610613248
39327356	1610612992
40101068	2180
61197356	561152
43843592	36865
72193916	36865
4589696	1610613248
50529008	1610613248
9278624	33603584
23903012	2147487745
50365712	1610612992
60004712	67108929
47877716	8421377
931088	4362108928
68216168	1610613248
73337312	2148007938
34726556	67158016
74630720	1610613248
51258656	671092736
40253996	150994945
56782856	36865
34942016	101711872
55880192	1610613248
36114572	1081348
5635892	37376
63666236	53248
33438332	98320
19943084	1610613248
13061972	1073745921
34549328	1610613248
4550816	1074823168
60996800	800
18775712	150994945
47795420	4362076161
47484380	2147487745
8098616	4362108928
65980568	83918848
39386000	1610613248
12864980	32833
74394200	671088644
60046184	36865
38550080	4295004160
312248	1074823168
45702056	2147549200
78794120	36865
31973204	1610613248
8466032	67141633
51270968	4295000320
13181852	1610613248
75691820	36865
13161116	4295001088
22396088	4354
67953728	5435817984
6554432	2147520512
80298452	8425472
47902664	2147520512
66497672	671088768
26235488	2147520512
59553704	1140883456
59916584	83886081
18065180	134221825
73446500	4362108928
23467556	4395630592
1179596	1610612992
81596072	1085440
66031760	1081348
52124060	1610612992
561728	67141664
74163836	2684358656
79151492	16912384
23024000	2148007952
6324392	36866
71428628	4311744513
63444620	4295000065
56002016	4294971393
40462652	37376
75534680	1610613248
54201872	67141696
30818468	1610613248
40512224	1048610
33306464	1610613248
64644392	1610613248
8401232	1610613248
20179928	2101256
66883880	671088768
58069136	1610613248
76056320	1073742400
8146892	324
61159772	4295000065
21619136	4311744513
16288040	4395630592
54722540	4362108928
137936	67141633
5694212	4295000065
23281256	671088768
6987944	67665920
60657572	16809985
1600148	2147520512
18664904	150994945
28316540	671088644
54369380	2164260880
29045540	138
70866812	17301568
70137488	671088768
24291488	2147520512
28266320	16810496
35326604	1074270208
63452720	2101312
66208340	3221229568
48693548	1107296257
12433088	1610613248
57045944	671088644
5801132	1081348
606116	36866
44715476	2147495936
79566860	16809986
21206360	150994945
9831692	57344
5328416	671088644
1981172	2147520512
4274768	1610613248
3215288	1085440
4417652	327696
48773252	1610613248
34350392	4294971393
8621552	1610613248
16137704	201326593
44145560	2147520512
1790984	1610612992
33031712	16781313
46385696	1610613248
18147476	36896
16791536	1610612992
55785584	1610613248
40692044	3221229568
75028916	1074823168
74966384	1610613248
2043380	17301568
25808780	3221229568
47532332	65793
34176404	1090519041
46241192	17301568
26760692	1140850689
65583992	1073778688
54349940	1085440
58890152	1081348
73506116	37376
61067108	2147520512
8934860	331776
77324132	16809985
32040596	1610613248
48814724	16781314
16468832	135266308
17943356	1610612992
65726552	1610613248
19521560	150994945
79914836	2147520512
9044372	16781313
57813176	671088768
31460636	28672
55250012	1610613248
19267220	83886081
59449052	671088768
31089980	16809985
28024940	201326593
62173244	67108929
10700012	2148012032
75236600	1610613248
58988000	32833
33471056	671092736
9728660	32834
63420644	2147618816
51042548	671088768
27918668	1073746432
49396952	561152
45316172	1610612992
42375872	671088768
42863492	1610613248
45503768	1610613248
39428768	671088768
22464128	4296048640
1607924	4362108928
118820	67141633
9534260	134221825
51140396	1073778688
69199508	1073745921
13031516	1140850689
59076128	1074266176
55270100	1610613248
44518160	4362076161
52605848	37376
15325112	83886081
70328324	1081348
56137772	1174405120
2646020	40961
39362996	1081348
75641600	800
13613096	524354
70637096	2134016
55213724	1610613248
47112752	671088768
25334768	150994945
55169336	1610613248
80784128	1610613248
62106824	5435817984
54203168	24580
34189688	1074823168
15963716	134217734
2166500	5368741888
7488200	67141633
3825380	6442451008
67770992	671088768
55901900	671088644
41901212	4362108928
17952104	83886081
58322504	1085440
33045644	1610613248
76546532	1610612992
80565428	37376
25203548	671088641
16471424	4362338304
24006368	1081348
265268	2147557376
2302904	150994945
40648952	2147495936
35298092	34078784
499520	1610613248
74952452	8425472
3736280	2147484674
1768952	1610613248
66542708	4429185028
2137340	2147520512
45430544	36865
45578288	36865
57758420	134217860
37476668	24580
47526824	671088644
12281780	2148012032
56867420	1081348
67616120	2147520512
60622580	33587201
35484068	1610613248
18454304	4362076161
15824072	83886081
1205840	1081348
37308512	4130
40239416	671092736
47028188	1081345
33031388	36928
48425600	1610613248
30960056	4294971393
7132124	1610613248
29245772	5368709121
63528536	98320
30960704	1610613248
8608592	2147487746
27960464	196624
54161696	5435817984
59133152	1610613248
1506836	1610613248
19826120	36880
21016496	16809985
7952492	57344
75415124	17858560
20783216	671088768
48269432	1610612992
9718292	11
20220104	150994945
18971084	150994945
1582976	134742024
27279416	1610612992
18069068	16809985
39373040	36865
59703392	2147520512
1878140	3221225474
30111500	2147487746
25110236	4294971393
36320960	67108897
44976944	8392706
6583592	2147487760
47597132	2101249
33744188	1610613248
11025632	201326593
4502540	1073778688
58805912	2147524608
9539768	3221229568
77399300	2147520512
54581276	1140883456
66247544	32833
1042868	4099
37917956	1081348
18844076	1073745921
4181780	2147549185
30840176	67112961
10534772	83918848
38956700	67108960
41024792	8413184
45176204	1081345
15988664	83886081
41778416	150995072
4425104	1610613248
31907756	1610613248
45642116	4295000065
78623372	167936
70585580	1610613248
5280464	101711872
14796992	536871170
657632	134250497
13124828	150994945
3895688	1610612992
1191260	16781313
65179640	4362108928
72641360	2164264960
78088448	1610613248
46881416	2147520512
18163352	2147487745
13213928	5368713216
66344096	4106
70331888	1082163200
59509964	671088644
30855404	1610613248
2607788	1610613248
41966660	8409088
8865848	8421377
53624828	1081345
584732	671088768
4818440	98
44752412	671088768
37912772	4311744513
6629600	2147516432
2532296	1610612992
76997216	4099
46846748	2147520512
29928440	1610613248
20885276	4311744513
46994492	331776
37291340	36865
19855928	150994945
11861228	134219784
62882804	1073746432
30663920	1610613248
45525476	2101312
20631908	134221825
35859584	1073778688
77732696	2147520512
53565860	36865
13456928	67108870
71068340	1610613248
48037448	17301568
204032	671088644
70194188	12304
36382844	331776
28399808	1610613248
27931628	135266308
15739508	150994945
39945548	1081348
3143360	524354
135344	134250497
19796960	1610612992
38476208	1610613248
31390328	800
9032060	2147520512
67148912	36865
39116	36896
20914760	24832
11322416	4295000320
77320244	1081348
55908704	32802
75021788	36866
70445936	2147520512
72145640	2148012032
77927420	2147618816
15407732	2147487760
51993812	1610612992
55999100	4295004160
77611520	2147745794
6843116	5368725504
37462736	671088644
59712464	671088768
33010328	1073778688
23684312	4311744513
39088568	1610612992
53694488	36880
46272296	4610
68002004	1073741890
52057640	2147520512
47183708	4362076161
61435496	1610612992
47479520	1610612992
67431764	1610613248
77084372	1610612992
78056372	1073774656
28745516	4099
70616036	2147487760
23868020	2134016
55883108	671088644
146036	4311744513
44259284	1610612992
30747836	32833
27100892	1610613248
35007788	1074823168
24309632	1074823168
33022964	671088768
48947240	2147520512
52994000	1610613248
46653644	4353
492068	561152
37901756	1081345
56914400	1107329024
72548696	8425472
46326404	1085440
20888516	150994945
24532220	327696
72958880	1081345
22094768	536903684
26742872	32834
53981228	1610613248
3086336	2155876352
42819428	83918848
10651736	67141640
2256572	1610612992
6145220	1085440
62416244	69
10105148	102400
60892472	1610613248
37022744	1081345
80157188	528448
80131916	1174405120
74486216	1610613248
76356992	4311744513
14875076	37376
67307996	671088768
30072296	1610613248
20572940	671092736
25690520	83886081
67475504	37120
65848376	2148007938
60907700	4311744513
52866344	5368713216
47136080	33793
75519452	2164260880
56636084	1610612992
25597856	4362080256
38210528	1073876992
12894788	671088644
55533512	36865
38275004	134217864
36370208	135266308
61045724	36865
839720	4162
69442184	1610613248
70679216	561152
45239060	1085440
79644620	4395630592
3759608	1610612992
33969044	4328554496
31554596	524548
81263000	1073745921
54248528	1085440
56335412	1610613248
43128524	4295004160
79602500	36865
17399684	4362108928
64752284	36865
21397844	1057
20640980	671088768
33397832	133136
19891892	167936
81085124	671088644
75356156	1610613248
79081508	1107329024
19288928	4294968064
6309812	2147487746
57746108	2147520512
44743988	2147520512
39313748	2134016
59213180	1610613248
47107244	4362076161
23684636	4311744513
74493344	4395630592
1139420	67141633
63599168	1610613248
5965076	1610613248
4570256	67108929
65440136	1610613248
20885924	1074823168
11455580	1140883456
25558328	150994945
2729288	2147520512
56999612	1610613248
7275980	2148012032
12932048	1610613248
61627304	4362108928
79549040	17334272
71752628	671092736
16548536	1610613248
59759120	1085440
27936812	671092736
37629920	4295004160
80184404	1610613248
39109952	671088644
69041396	2147618816
38977112	327681
20267084	1107329024
730532	4102
33571172	134283265
55072460	5368741888
80345432	1610613248
80760800	1073778688
77303720	2147520512
19078004	2147487760
72389936	8423424
359876	671088768
6513932	16809985
34164740	1074823168
20386316	1610613248
41374712	1081345
35272172	1610612992
60765464	16814080
73944488	1073745921
25576472	150994945
58178324	1610613248
77903768	1610613248
17211764	134250497
21764288	67141633
31471976	4295000320
71536844	1610612992
78115988	1610613248
40346336	327696
80284844	4362076161
66991448	1073778688
33584456	57344
39507176	67141633
19490780	4311744513
75687608	1085440
66929888	1074823168
48729512	36866
29899928	36865
60431744	671088644
28466228	201326593
48207548	1610612992
8578784	1610612992
33446756	2147553280
65541872	1610613248
57640484	2147549185
71877044	4311744513
42221324	4362076161
47066744	4311744513
51491288	1074823168
28763012	671088644
5101616	67141633
29503352	4295000320
38352116	2147520512
73466264	1074266144
30492524	1081345
57115604	4311744513
47335664	16814080
72073712	671092736
79370840	1081348
60143708	4311744513
663788	36866
71226128	1610612992
8861312	36865
14714048	2097412
55914860	1073758209
43646924	2147520512
77743388	67109122
71395904	545292288
27261596	32864
62312888	1073766400
5212748	16777221
74138564	1610613248
75041228	1610613248
42870620	1610613248
13508444	1610613248
41820536	1610613248
54554384	1610612992
11037944	142610432
78564404	1085440
53698052	53248
80587136	134250497
53538320	2147520512
60977036	1610613248
64217360	17301568
61259564	150995072
16010372	1090519041
8805260	28672
75768608	1610613248
1130996	4362108928
46899236	2147520512
26088716	36865
11830448	1610613248
36794648	268568576
41180312	4295000065
46291736	2147553280
55215668	1610613248
48372788	2164264960
75827576	16912384
47603288	1140850689
35332760	1610613248
53982848	557120
1959464	2147520512
70031864	2147520512
2345672	201326593
61935104	1610613248
5871764	6442483712
6164012	167936
32988620	1610613248
34149188	4362108928
31677716	2147520512
32468924	83886081
24133376	5368713216
48640088	2147520512
35455880	67
6987296	57344
81128540	671092736
7795028	557120
41477744	36865
3094760	1115136
54961004	1610613248
95492	134250497
2114336	2148008000
30726452	1081345
5793680	4362076161
64078040	1610612992
60414896	2147520512
1226576	1610613248
1061984	2147520512
6355820	671088768
16470128	135266308
79067576	1073778688
12106172	1610613248
59378096	4362108928
12648872	671088644
53659172	1081345
53298560	1610613248
24103892	2147487760
31517336	1081345
9983324	1074823168
23267000	671088644
15142376	4102
20168588	150994945
5516984	4362076224
37353224	196610
38230616	36865
75150740	2147520512
12958940	40961
47004536	671088768
32429072	671088768
1121600	134217857
48982556	1610613248
25358096	36880
66801260	2147487745
42252104	1610613248
38259128	1074823168
6177296	16779520
39212012	327681
33844952	1610613248
3299528	4362108928
32657816	67371009
72003404	36865
18882956	70
37498052	34078784
40368044	4295000065
62043320	4294967301
75177308	16777282
51550580	1074823168
78529088	1610613248
4405340	4102
12399716	671088768
45626240	1610613248
57317456	671088768
49140020	1610613248
73136	1085440
45647624	36865
22400300	137216
56114444	135266308
78424436	1073872900
22515968	24577
884756	2147549185
66099476	20512
68578076	135184
50314196	4295000320
10679600	67113024
64117892	37376
21029780	1610613248
66779228	671088768
32592692	5435817984
28607168	134217733
56144252	4362108928
37379144	196610
3470600	1081345
73344440	1610613248
17442452	2147520512
73031456	1610613248
9421832	327696
14122748	1610613248
28668404	1048612
23208356	75501568
61727420	4362076161
6509072	1610613248
61900436	1610613248
4843064	2147520512
50628800	4311744513
24961844	67141634
49312388	4311744513
45240680	2147520512
62508584	1073778688
27297560	1610613248
17108732	1085440
80360984	4311744513
67735352	4362080256
71264036	67141634
41378276	327696
69649544	1073778688
68974328	98305
22055564	134217733
28314920	671088644
6147488	67108929
76750004	1073745921
43152176	1085440
69580208	1141112832
2318132	1610613248
17833844	1081345
14440916	37376
21335960	1073778688
2533592	1610613248
56787716	2818572288
59669696	1610613248
32746916	2147520512
3560348	196610
71230016	2147487746
51104	135299072
25577444	1610612992
69853988	1074823168
52032692	16809985
47140292	20482
55695836	36865
28797680	1081348
48714932	1610612992
71509952	1610613248
13754684	4362076161
41261312	17305600
35604272	2147520512
33569228	134283265
66407600	1081348
74769716	16912384
39911528	1610613248
33092300	2134016
50623940	1146880
60124268	4362108928
79539320	1081345
67811492	1610613248
45084512	671088768
61483448	1081348
49982096	3221229568
12447668	2147618816
67634264	536870918
40249784	1085440
7386788	1610613248
74220212	1074823168
371864	268568576
46722656	1610612992
4945772	2147487746
19623944	1610613248
19178120	2281705472
55047188	327696
5518280	1610613248
78763988	32834
20361044	4294971393
18263144	150994945
66939284	671088768
20041256	1085440
44637716	4362076161
2255924	17301568
31540340	671121408
33907160	67108867
138908	134250497
60071780	16781313
51714848	5368741888
23565080	201326593
49457216	37376
563348	70
39074312	4362108928
5684168	1082134528
8034140	671088768
1093736	1610613248
17939468	201326593
42979808	4311744513
1950716	1081345
30015596	1610613248
35755256	16777222
48060776	2147520512
40519676	4295000065
1149464	4130
25504868	1073778688
4387196	4362338304
50973212	37376
1789040	2147520512
66461384	2148012032
40850480	1610612992
14509604	2147487746
98084	4362076161
62584400	1610613248
59603924	4311744513
69730868	524360
25753700	1610613248
32729744	36865
48731132	1610613248
52713416	1085440
10811792	1610613248
55565912	1081348
53061716	1074266114
62125940	536871426
39628676	101711872
41435624	67112962
38145728	67108929
63778016	1610613248
60931352	4362338304
10849700	33028
78476276	36865
74137268	2147520512
7745780	671088768
2615240	2147520512
33459716	4311744513
79678964	1073778688
26267240	4295000128
80432264	155648
40077740	4311744513
78113720	67108897
62202728	37120
12190412	4966055936
69888656	1090535424
42483764	1610612992
41145644	2147520512
15232772	67141633
18252776	67108936
14672576	1610613248
76504412	3221225474
79088312	36865
36365672	4295000065
1268696	2147520512
197228	1610613248
14943440	2147520512
4114388	36865
1208432	1610612992
2399780	1610613248
26369624	1610612992
23161052	1610612992
28723160	1081348
49605932	133122
39145592	2147520512
32654900	67371009
319376	36928
57205028	49408
31457720	16814080
36399692	1610613248
11774720	3221229568
24465152	2166784
80555060	2147487746
51229172	671088768
59103344	1610613248
49020788	4362108928
51124520	1610613248
65516924	2147520512
76553336	1081348
4574468	1610613248
22992896	2147487746
34903460	1073745921
81431480	4295000320
16169780	102400
37531748	1610612992
79719788	1174405120
161912	2147520512
29033876	2134016
56729720	1085440
77348	16814080
16958720	2147520512
75528524	66564
73920836	2147520512
14055032	671088768
66030788	672137216
47578016	262
13019204	557120
25488668	102400
42114728	16781314
22769336	16809985
59151944	16814080
26368976	1610612992
42637664	1610613248
50796308	4362108928
60307652	134254592
27129080	1610613248
71049224	16912384
29761904	1073745921
8957540	36865
43550696	1610612992
50940164	2147520512
7200164	2147487746
25815260	561152
50804084	16809985
72435296	1610613248
15932612	83886081
64379684	1085440
1992836	671092736
13262204	134218112
27098624	671088644
53020892	1610613248
45558848	671092736
78154544	2148012032
71225156	2147520512
84800	1048610
68309156	16777281
38482688	5435817984
30521036	536875264
80035364	16814080
25157216	134217857
6573224	1610612992
45168428	67129344
5665376	16809985
22852280	16809985
1906328	671088768
22903796	1140850689
77249936	1610612992
627500	167936
79773248	1081345
494336	518
64749044	2147549185
32721644	671088768
63641612	32834
23531708	201326593
51008528	1074008064
47516456	1610613248
240320	1085440
45339176	1085440
19007372	68190208
3094436	167936
54753968	4353
57625904	4295004160
65841896	36928
22743092	2147520512
57110096	671088768
13958804	1610613248
3216260	1610613248
55247744	2164264960
60510152	2147483682
66424772	16809985
77163428	1085440
46560656	1610613248
75287792	1074823168
12654056	671088644
15113864	671088768
25047704	671088768
23776652	1610613248
76900664	2625536
77476088	1610613248
73190540	4311744513
60607352	3221229568
73240760	1085440
31610324	1073774593
50780108	8392736
46551908	16809985
10214984	524354
77879792	3489660928
38631080	1610613248
128864	134250497
49382048	1610613248
67979000	1610612992
40642472	67403776
3068192	1610613248
38972576	1085440
12170324	671088768
31153808	1610613248
67783952	4311744513
65526968	32773
75603044	1610613248
7044968	35
728588	327696
76603880	1610613248
2266940	2147520512
33939884	3221229568
12178100	671088768
79502060	4429185025
23611412	67141633
40029464	2147520512
26753564	1085440
7515740	671088644
44580044	536875010
75977912	36865
64038512	4311744513
49884896	4395630592
64040132	1085440
75452708	36865
129512	134250497
60144032	4311744513
25593968	1610612992
34308596	1610613248
66542384	1610613248
2850464	150995072
69217004	83886081
76536812	3221225474
51618296	2147487746
360200	1081348
4316240	1610613248
44079140	2147487760
23633120	33591296
68118968	3221229568
7882508	1610612992
43667984	671088768
44022440	1610613248
42364532	2134016
54140312	16912384
12804068	4362108928
45000920	1610612992
49808	4295000128
24722408	4295004160
52709204	4311744513
18385940	4311744513
74208224	1610613248
55489448	36865
47998244	4311744513
28576712	2147520512
34477400	1610613248
67377656	1610613248
51386960	2147553280
80086556	37120
18197696	1081348
52652828	1610613248
53261948	16814080
12780416	2147520512
33363164	1610613248
70794236	37120
67382516	36865
1408016	1085440
81281792	4362108928
27741764	2147520512
18743312	2147520512
65598572	2147618816
59180132	1610613248
21667736	150994945
30603008	1610613248
59112740	36865
16113404	2148012032
64165520	1610612992
316136	1610612992
72441452	36865
9412760	36865
19333316	67108874
67135628	4362108928
58736576	2147524608
33363488	98
48564596	5368713216
28514180	1107329024
56361980	8393216
77784212	1074823168
53290784	17301536
8671772	1610612992
68117996	536872964
65190008	4362108928
77597912	16797696
57299636	671088768
40377764	2148012032
35557292	1610612992
12279512	2147520512
77949128	671088768
60552272	536903936
5972204	536875264
79772600	8392705
24074732	557120
69472964	1610612738
57816740	1610613248
73361288	2214596608
38869544	671088768
39334160	16809985
80933816	32774
13422908	2147647488
33136040	1074823168
55753184	150994945
78534596	4295000320
8177348	1610613248
20388584	1610613248
80306876	524322
1290728	16809985
63256376	1174405120
42746852	331776
67078280	8523776
33766868	4395630592
32408984	8392705
62880860	2147520512
49522664	36865
2774324	36866
43499180	67141633
3326420	2147487746
3542852	1610613248
70594652	1610613248
1724564	2147487776
20928044	67633153
10581104	40961
20116100	4295004160
66808064	16912384
71348276	1174405120
37775720	1073774593
73516808	4362076161
61762088	1610612992
41996468	1610613248
16741964	1610613248
12625220	671088768
23833676	4303388672
54025616	67145728
68374280	1074823168
35954840	1610612992
56105372	53248
79849064	524322
60548060	1610613248
21185948	1610613248
2118224	1610613248
47406296	671088768
51474440	150995072
42523292	1610613248
14583476	83918848
67182284	36865
69461624	1081348
38048528	2147520512
47513216	8392705
8055200	1610613248
68581316	1073778688
19484948	2147553280
8390540	57344
38424368	3221225474
54539480	4362076224
22479356	4099
33622040	1610613248
69325544	1610613248
39254132	2147504128
50943404	1081348
41686076	4295000065
61246604	299008
63293960	1085440
57389384	1610612992
68788352	1610613248
63821108	1610613248
57690380	2147520512
45210548	2147487746
18182468	2147520512
19018712	150994945
41653352	4295000065
40076768	1048836
39791648	4311744513
64461008	83886081
22668248	671088644
43166756	1610613248
16112	1085440
18068744	2147516417
63525944	67141633
8632568	2148012032
19834868	1085440
7137308	134250497
80263460	28672
26785964	1610612992
64392644	36865
56930924	1610613248
25691816	1610613248
41853260	4295000065
44035400	83886081
24001508	1073745922
81664436	1610613248
62535476	671088768
66169136	100663808
31736036	1610613248
60797864	2147520512
37995392	1085440
44706728	16809985
39108008	196610
22695140	1073774593
71693012	1081348
54479540	1610613248
40696904	1610613248
15170240	1610612992
18035372	32773
7915232	2155876352
34474160	67141696
16992416	4395630592
2883512	2147520512
23529764	67133440
36261344	16809985
59908484	2147524608
17695172	1610612992
29552276	4362076161
60354956	36865
16429304	135266308
47297756	36865
34059440	1610613248
51846716	40961
55349480	4362108928
13699280	3221229568
73727732	4311744513
11533988	57344
79352048	83886081
80750432	671088768
8703524	1081345
74404892	37376
9714080	1610613248
24701672	1610613248
72158924	2147520512
34225004	1081348
31737008	4311744513
68370716	4311744513
29466092	17301568
58182536	4311744513
3670508	1610613248
41493296	83886081
31045916	67141696
51115124	1048582
44948	135299072
5703932	671092736
7119164	67141633
37760816	1610613248
9062516	33652736
76066688	1610613248
230600	1610613248
57131480	266496
75413504	536870918
5892824	1174405120
51589784	2148008000
1211996	67112961
35945444	671088768
55974152	16810240
28011656	37376
50441528	16809985
11197028	4102
16326920	67
51835700	37120
3022832	150995072
37925732	557120
79896044	2147520512
33812552	4362108928
38375768	4311744513
30045080	4294967361
6465332	3221258240
77410316	3221229568
5290832	24580
77490668	2147520512
66938960	1081348
42666176	2147520512
5164148	69648
39832472	4362108928
54987896	32833
76646324	1610613248
40116296	1081345
76001240	2134016
58956896	1610613248
22657232	536875520
42107600	2147520512
14917196	1610613248
42027572	57344
2381636	1610613248
62126588	1610613248
31548440	67141633
27451460	4311744513
16782464	524608
16250456	2147549185
1479620	2147487746
21846584	83886081
81201116	4362080256
21609416	83886081
38567252	1073778688
31104560	36865
14706920	2147745793
3042920	16779392
363116	1081348
32353256	5435817984
55800164	8392736
1680500	1610613248
14451284	2147487745
20882036	2147520512
6026636	196610
64269524	671088768
37224272	3221258240
15691556	83886081
13149776	1610613248
76426976	167936
70814324	1610613248
31341404	671088768
79884056	3221229568
41534120	4311744513
20891756	4362076161
39368828	1074823168
358580	83886081
65802044	671088768
46972784	1073758464
38521892	2147520512
38061812	1048581
9520976	671088644
27209756	83886081
43972868	2147520512
2070596	1081348
2628200	1610612992
18408944	1610613248
18053840	4303355905
649208	4106
15935204	518
10028360	8425472
792092	16781314
62599628	1085440
64340156	1212416
51892724	331776
44872292	671088768
29529920	1074270208
19218944	2147520512
24610628	561152
31134368	1610612992
57324908	671088768
36896060	36865
27154676	557120
68448476	1610613248
4151000	67113216
15431708	83886081
63511040	1610613248
42573836	2147553280
5776508	4311744513
34555808	671092736
17069528	1107329024
382556	536875264
72785864	4295004160
61255352	2147520512
62396804	1610613248
13626056	1085440
44587496	4328554496
50606768	1085440
46540244	67145728
40892924	671092736
40207988	67141633
20149148	1073778688
37523324	1610613248
54209648	671092736
42757220	671088768
23262464	1610613248
79165424	2147487745
37653248	1081345
12638504	524297
40134116	3221229568
26395220	4311744513
55639136	83886081
53718788	36865
56424836	1073778688
59591936	1610612992
39457280	16781313
81606764	1081348
73331156	671088768
48343628	671088768
58197440	67141633
80223284	36865
72249644	150994945
68768264	33591296
6942584	134283265
32617316	1610613248
8321852	36865
25211000	32802
14651192	5368741888
41472884	671088768
72580772	1610613248
14316500	1610612992
76823228	167936
12359540	671088768
70722308	1610612992
18894296	1073746432
71038208	37376
38341424	2147520512
4861856	2147520512
35982380	1610613248
17364044	135266305
48740528	2147616768
9495704	4311744513
61834016	2147495936
20726840	1610613248
58500704	24580
2034956	134217733
68191544	671088768
71245892	150994945
5020940	2147483682
13233044	8425472
40723796	1081345
26346620	37376
37496	528448
14894192	1610613248
3290780	4295000576
77096360	36865
41541248	1048610
38936936	1090584576
13037672	16781313
363764	4362108928
44888816	36865
1578764	1610613248
23764664	1610613248
38891252	327681
8879132	1073774593
1554464	1074823168
6964616	1610613248
51075272	36865
14191760	70
29921960	83886081
52538780	67141633
17528636	561152
79105808	196610
53050700	16797696
9070616	67145728
28245584	32802
9647012	1610613248
55887644	557120
36462872	1090519041
7622660	1085440
69245516	65602
38485928	135184
12181664	671088768
47260820	1610613248
46205228	1610612992
47776628	67141633
5368916	1073745921
68866112	36865
26466176	4395630592
81538724	1073778688
56455940	671089152
24154436	134217857
45139916	196610
6733280	67141633
3930356	536871170
67186820	2147520512
59953196	2147487746
42155876	2147520512
76211840	671088768
59041460	67141633
65775476	671088768
63697664	67112961
28972316	1610613248
46264844	1610613248
77654936	1610613248
39353276	1085440
80047676	4429217792
37652276	2147520512
13943900	2147520512
23034692	1073745921
33825188	70
75878768	2147614724
14271788	4311744513
35863796	1610613248
38268848	1610613248
7102316	1085440
32914424	1610613248
60399344	1610613248
3078560	4311744513
21003536	16809985
75900800	5368709184
68908232	2147488256
80755292	4311744513
33164552	4362076161
79643000	1610613248
38222192	2147520512
42366800	1074270208
20292356	201326593
69510224	1085440
24268484	2147520512
529328	36866
63829208	1610612992
38798912	36865
46339040	2147520512
67729196	671088768
46189352	53248
12189116	671088768
46953020	36865
40543652	67141633
50467124	1610613248
8975684	3221229568
59189852	4395630592
28213832	4362076161
37124156	1610613248
461936	4311744513
35018480	65570
42070988	4362076161
77128112	2147520512
1039628	70
26155460	1610612992
18950672	98306
30503864	1056772
2810612	36865
46586576	57344
61240448	327696
5819600	1073745921
12189440	1610613248
16347008	1610613248
53505272	1073758212
42260852	16814080
28372916	4311744513
35521004	1610613248
38664128	1610613248
40961288	1610613248
45520940	36865
48287252	4295004160
12176804	671088768
62447672	53248
78048596	150995072
15438512	83886081
32833424	1048582
48336500	4099
46317980	1610613248
13762784	1085440
51527252	561152
395192	2084
60753152	8425472
61537880	1610613248
1151084	2147483682
37322120	1610613248
59445488	1610613248
12943388	1610613248
57331388	671088768
43716260	1610613248
36567848	1610613248
53871716	671092736
7049828	150994945
1499708	37376
34505588	36865
2570852	134250497
66460088	53248
79260680	32864
3351692	1085440
41663720	1610613248
2627876	1610613248
67588904	4328554496
56068760	1140854784
44367500	1610613248
66480176	4395630592
8706116	32802
64949276	1610612992
79710068	2147549200
41615768	1610613248
27725240	1610613248
36139844	20512
78305528	1610613248
39157580	524353
44651324	671088768
1704152	135299072
2331092	57344
57868256	134221825
56185724	1610613248
50453516	65553
56923148	1610613248
12538064	671088768
73902368	1610613248
9264692	4362076161
9775640	1610612992
75049004	671088768
47042768	8425472
77158892	557057
56403452	36865
70428440	4563435520
27023456	150995072
30138068	2164264960
76832300	537919492
27277796	40961
57547172	1073774593
30522980	32833
14723120	1081345
18810056	3221229568
64203428	67108929
64012592	1610613248
24133700	1610613248
51773168	17301568
281144	36866
51795848	1074823168
13885580	1146880
29005040	528448
56457560	1610613248
52982012	5368741888
18971732	4311744513
48238328	671088768
33065408	35
61958432	67108929
19856252	150994945
54030152	1074823168
16453604	135266308
45348572	671092736
1190936	134217738
42365504	167936
58784852	1610613248
13664288	135266308
13540196	553648132
3986408	4362076161
56407016	671088768
42041180	1610613248
66460736	2147520512
62382224	1610613248
72188408	1610613248
41272328	561152
52697216	2147487746
436988	671088768
53282360	671088768
51256712	671088768
21021032	1610613248
81555572	5435817984
41880152	36865
56278064	2147553280
19343684	37120
4410524	1610613248
7226732	1074823168
26289272	561152
76910708	1610613248
8098940	1085440
11283860	1610613248
16019768	2129921
9446780	36880
126596	134250497
35672636	16809985
40710836	1610612992
74308340	150995072
55309952	16420
69235796	1073745921
16761404	201326593
1469900	4296048640
70239548	1610613248
61464008	4328554496
43662476	671088641
21388448	2148040704
3470924	167936
32779316	137216
62734088	4311744513
81690680	1085440
36424640	1140883456
75155276	1081348
63666884	671089152
21929204	5368741888
61642208	16814080
37889120	67112961
57351152	67637248
77044844	1073766400
52942808	2147520512
43302836	1610613248
50527064	2147618816
75742040	1610613248
123356	67141633
72143048	1030
69479120	4295000065
25152680	28672
61479884	1085440
7938560	671088768
49165616	8425472
39048068	1081345
41979944	19398656
29987084	2147520512
50032964	1610613248
73778924	3221229568
61336028	1073778688
37909532	4311744513
22727864	1146880
17386076	36865
61963292	1610612992
63058088	2147520512
37608860	2148007938
41766752	528448
108452	67141633
71226452	561152
3133640	1610613248
37696664	1140883456
22106756	1085440
51375620	561152
36644312	1610613248
34479344	4311744513
18361316	4311744513
60690620	16814080
11579672	1610612992
34281056	1610612992
27305984	4311744513
242264	687865856
20842184	2148012032
76461320	2147520512
60026744	1074823168
5659544	36865
78261140	16912384
57877004	67108929
28323020	134217733
55373456	1610613248
1961732	36896
75320840	1073742084
72589844	4295004160
37469540	2147520512
31057580	1610613248
11524592	8425472
17944328	4362076161
42045392	1073778688
59860208	75497473
51909896	32771
69492728	1610613248
15861008	83886081
13442024	671088644
69076388	4353
70445612	1610612992
63446564	67141633
66810332	1074823168
35294852	1610613248
26346296	4328587264
6217796	4295524352
65900540	1074823168
25121900	671092736
12508904	33591296
74339444	1073778688
20670464	201326593
7010948	70
64632728	299008
6042188	35
68228480	2147484674
78011984	536875264
75562544	671088768
52556276	1610613248
81443468	17858560
30839204	671088768
34592096	1085440
77211056	1073778688
42065156	36865
36122672	114688
34623848	671092736
76192724	37120
43734728	1049604
68423528	671088641
46320248	1610613248
63520112	1081348
22112912	2147520512
67332296	671088644
5789792	4362076161
40455848	2147553280
13969496	83886081
49368116	4099
79367600	6442455040
3106424	2148012032
53611544	1610613248
13007216	4362108928
64489520	1081348
4334060	1610613248
30637028	1610613248
36313832	1610613248
60734036	67108898
33228056	36865
63754688	57344
59757824	5435817984
22507868	32833
39569384	1073745921
32055176	16843776
32025044	2147488000
65030276	1073778688
41721716	671092736
2238428	537919492
27426836	25165825
78395600	1073872900
54414416	5435817984
81368624	557120
36126236	83886081
72741800	1073872900
19587656	1610613248
51153032	5368713216
37048664	671088768
33788252	135424
52269860	1610612992
31023560	135299072
8832152	3221749760
40976840	16777282
65806904	2147520512
44783840	37376
14899052	1090523136
15852260	1085440
12615176	671088768
21401084	67375104
81212132	1610613248
12930428	16809985
66955808	1073872900
38666072	37376
62204996	528448
69830336	67112961
27691868	1140883456
426296	1085440
40904912	4295000320
45920	134250497
74743796	671088644
13157876	40961
36684812	1610613248
20988308	16809985
59119220	2147520512
65513360	4295000065
762932	2147484674
49595888	68190208
4162664	2147520512
15791996	83886081
68729060	2147520512
29862020	4362108928
54737768	4362076161
25868396	331776
42658076	1610613248
3513368	1610613248
3158912	134217733
29176760	1081345
70993172	1610613248
78610412	1610613248
80693408	4362108928
48855548	1085440
75738152	2147749888
44096312	40961
53349104	3221749760
53924204	4362108928
77125520	3221258240
7525784	134217860
78178196	16809985
3537668	40961
37631540	1610613248
24204980	2147520512
79682852	4362076224
32303360	561152
19085132	1085440
2833940	134217793
78134132	8421377
23564756	201326593
28945424	16779520
30167552	1610613248
77010500	4362108928
32861936	1056772
20860652	2101504
76924316	17301568
16427036	135266308
70497776	2147520512
19076060	671088768
41278484	2147487745
15928076	2147549200
15053924	672137216
26975504	17301568
36736328	1081348
56856404	2147520512
19400708	1610612992
71650244	134742020
7364432	4329046016
51011444	2147487746
33137012	2164264960
75899828	1610613248
20320868	1610613248
50616164	33536
68020148	36865
62966720	1081345
57473948	1610612992
3082772	4362076162
53611220	2147520512
71381324	2147520512
27094736	671088644
54171416	83886081
55105832	1074266176
60125888	2148012032
4512584	16810048
56429048	36865
53465744	1610613248
34501376	8392736
48466748	83886081
1305632	134221825
16678460	1610613248
21605528	2101250
57275336	4362076161
44562872	1610612992
72522128	1610612992
76121120	4362076224
52298372	1610613248
11008784	2147487746
6031172	1085440
61541444	671088768
31634624	134217733
64908452	1610613248
66648656	24580
40669364	200704
26083532	1610613248
38176184	2147520512
37499348	3221229568
83180	83918848
61464980	1610613248
23557304	35
56076536	17858560
31481372	1610612992
52320080	135266308
439256	2147520512
13459844	2147487746
77089556	2147520512
44148476	1610612992
57857564	1610613248
57885104	1610612992
27879788	83886081
10966988	2164264960
2884808	1085440
20812052	4311744513
37413164	2147520512
59359304	671088768
46668548	671088768
32966588	2147520512
27488396	2147520512
75386288	134217988
18718040	17334272
41667284	135299072
13825640	2147520512
20753084	2147520512
72761240	536875009
39240524	196610
24046868	36865
2010332	32833
6737168	1610613248
68407004	1610612992
37602704	4311744513
60799808	1073876992
31442492	98
74304128	134221826
60243176	1610613248
18153308	524322
59729312	67145728
76364768	1081345
40607156	5368741888
77448872	1085440
11016236	268568576
80746868	37120
66167840	4311744513
52971644	1610612992
34091192	1610613248
63368156	1074298880
64674200	1610613248
61678820	1073778688
58307276	134217888
26723108	1081348
47726084	4362076161
6909536	67108929
16425740	135266308
6752072	150994945
8970824	2147749888
17808248	32833
57310652	2148012032
70687316	16777281
7614884	671088768
58787768	2147487746
49955852	4311744513
1525628	135266308
57242288	4311744513
27820496	4295000320
41547404	1610613248
78545288	150994945
1942292	167936
29723672	83886081
59520656	234881024
34954328	2147520512
26100056	2147811328
34875596	67158016
42786704	1610613248
8679872	1610612992
34245740	1610612992
1842824	4395630592
62678036	135169
32690540	4362076161
6493520	1085440
56944532	65793
11250488	561152
26770412	1610613248
78781484	134217860
67608344	4362076161
55667972	53248
77321540	2147487760
52652180	1082654720
3718460	134217733
47412128	1073774593
29977040	4370464768
13592684	8425472
80977556	671088768
35410196	67141633
38389376	67141633
58441088	1610613248
70815296	4362338304
17736320	1610613248
40626920	2148536320
60675716	671088644
79836752	53248
58189988	4395630592
27459236	167936
72584012	671088896
63489656	4130
36009272	1610612992
13908584	1610613248
36638480	4362076161
45661232	167936
65138168	4295000320
81112664	37376
34807880	36865
46812728	4311744513
60269420	68190208
81142148	8716288
63948116	4362108928
67468052	36865
35195384	1610613248
35289992	1610613248
39055844	671092736
57477188	561152
77952692	16912384
69747392	134217793
65057168	16781314
7186556	4295000320
52979096	1610613248
63494192	134218753
59570552	1073778688
69961880	528448
40587392	67141633
18133544	32802
4038896	1610613248
30531404	1610613248
41054600	67141633
32628980	83886081
3316376	1610613248
50187188	3221229568
1738820	4362108928
17080868	36865
47064152	1085440
7815116	1085440
12620360	2147520512
41981564	1081348
68799368	1073876992
69905504	671088768
54946748	67141633
8697368	134217858
63346772	2147491856
42667148	1081348
69616172	100696064
26789528	1140883456
24075704	67141633
64419212	16912384
24130136	201326593
72942680	1081348
15165056	4295004160
39140732	1610613248
77305664	37120
78570884	4328554496
76773008	8425472
29516312	4362076161
77088260	1082163200
43666364	1073766400
70404788	4311744513
53642972	1610613248
37916660	1610613248
18093692	1610613248
72490052	8425472
32484476	1610613248
14756168	32833
13079144	2147520512
6223628	1085440
80299424	1073766400
5082500	2147520512
62559776	36865
60132044	1610613248
61810364	1081348
67516328	1073778688
13757276	1115136
36411356	1610613248
38070236	36865
18869996	1073778688
1870688	2147495936
21822608	16809985
23470796	36866
439904	4294967361
41860712	67141633
10336160	2147516418
14133116	2148012032
36739568	1610613248
22517588	671088768
64657028	1081345
33440924	2147520512
5277224	1610613248
21668708	150994945
2589320	1085440
7564664	1610612992
31797596	1073745921
40900376	67108898
43216976	2147553280
48574640	5368709121
81448652	32802
52172336	540736
9124076	16779520
328124	150994945
10785548	1610612992
8312132	4295262208
38002520	4362108928
23254364	1610612992
57378044	2147488000
55629416	1610613248
52745168	327696
77564540	28672
8067512	4295000320
28232300	1140850689
12631052	1610612992
47608472	4311744513
1848332	327696
61523948	671088644
1273556	8425472
25091444	67141633
30969452	57344
27445304	2147495936
63076232	1610613248
2160668	2164260866
38762624	1073774593
49408616	36880
74206280	1073778688
57699776	671088768
41941712	1073778688
2530352	1074823168
61433552	671088768
33954140	2147520512
4213856	36865
44257988	671088768
55426268	2147520512
31439900	1610613248
2286704	536875264
67433708	536903936
1786772	83886081
2629172	1610613248
290216	57344
4981088	1073750528
2496332	32802
40197944	4311744513
8387300	1610613248
4264076	16809985
36407792	1081348
13215548	1073745921
32542796	2147487746
25996052	67141633
61215176	2147520512
66167192	1610613248
47105300	36865
665408	150994945
27822116	4295000320
60511448	2147811328
58508480	671088641
40841084	1610613248
9488252	4311744513
48933956	1074823168
43860440	1610613248
14033000	1610612992
5581460	1610612992
55030988	2129921
58924820	4295004160
71507036	36880
45487892	1610612992
75083024	2147520512
50589272	4294971393
50799224	1058
29347508	1610613248
25709312	671088768
28942508	1081348
53533784	5402263552
50075084	1610613248
63386948	2147487760
76521584	16814080
74468396	1610613248
45681968	17039361
39166976	1610613248
72961472	1140883456
68904344	16912384
28749728	24577
68512304	8421378
72868808	2147520512
6331844	4429185028
38655380	36865
2391680	2147500034
80978528	561152
43180688	671088768
36235100	2147520512
55546472	36865
477164	1610613248
15609260	150994945
55504352	74
9378416	327696
54271208	37120
25380128	67637248
19217000	1610613248
41946896	671088644
52257548	1610612992
4879028	83886081
52999184	16777219
38063756	1610616832
14755196	150994945
335576	67141633
36127208	1073766400
47558576	4294967301
13691504	1140883456
4595204	1610613248
23573180	150995072
35021720	1610613248
13424204	4362076161
54393032	67174401
73661960	2148012032
44889464	201326593
57573092	5368713216
579872	1074823168
80303960	36865
44671412	4362108928
55524116	4106
11944820	1074282496
79706828	67141633
56775080	1081348
39128096	1073778688
45133112	671088768
4754936	1610612992
3905084	33793
2063792	1081348
75828224	5368713216
68310776	1610613248
43428548	671088768
58514312	1074823168
1833104	1610613248
65549648	1610612992
75325052	671088768
74651456	1091043328
56400536	1610613248
8113844	66592
21332396	167936
22304396	1610612992
4062872	67174402
5553920	1074823168
73605260	2147520512
48359180	1610613248
25571612	17334272
6731336	1610612992
57310976	671088768
62794676	36865
65910908	1081345
6258944	4303388672
6124808	1610612992
58887560	671088768
2935028	1610613248
66129608	32864
39464084	1610613248
38811548	671088768
47765288	2147749888
18203852	1610612992
62336864	2147520512
56507132	1610613248
465500	36865
35764004	4295000576
57830348	1081348
63444944	1073778688
49038608	561152
40967768	1085440
24902228	1073774593
16649300	1146880
40910744	2147487746
59364812	1081345
173900	134217888
48844208	167936
18848612	16777281
31499516	4311744513
52136372	16912384
64999820	1073762304
1388252	536871170
1442684	167936
66223244	1081345
7044644	671088644
47599400	1610612992
35089436	36880
4468520	100696064
20681480	1085440
20186408	1085440
51549284	1140850689
7344344	17858560
22913192	524354
51729752	1140883456
19945028	134254592
7606784	1085440
51528548	1073778688
79781024	1610613248
50828708	1081360
52909436	1610613248
41238308	536872964
59098808	2147520512
40173320	4295000065
71717312	1081345
74066312	2147618816
32147516	1073742084
14100068	150994945
19901288	150994945
53999372	2147520512
22494908	134254592
47663876	2148012032
66507068	1085440
4792196	67145728
14993336	2148012032
1759232	167936
51455972	4362108928
68256992	1074823168
7974848	1610613248
7418540	16843776
20086292	1073746176
22347812	69
16189544	150994945
1134236	5435817984
42713480	37376
16695308	4362108928
39170864	2134016
42246920	16809985
36484580	1140883456
25987304	37376
23516804	1610613248
4355120	1115136
2299340	578
81119792	36865
5774888	524306
40646684	4311744513
20547992	2148012032
9957080	1081348
36284024	137216
36168680	5402263552
79168664	37376
70273568	2147520512
2721512	1610612992
33401720	1085440
47862812	1610613248
69411080	4295491648
61277384	3221229568
4694024	1082163200
50445416	2147520512
64350200	83886081
1153352	67239937
43612904	1082134528
30018836	4362108928
18056	10244
14194676	1085440
5299256	4296048640
22183220	671088644
263648	578
75579068	4362108928
35648984	2147520512
16466888	135266308
78719276	4311744514
81083180	1073778688
24315140	671088768
37676576	1073778688
80192828	1610612992
22115504	1610613248
30259568	67141634
105536	67141633
23913704	1081345
39970172	671088768
19339472	1085440
48483596	671088768
24029372	327696
46332560	1610613248
31315808	1073766400
60236696	4362108928
53607656	671088768
59550140	1140883456
1501652	134221825
32107988	8392705
56031500	1610613248
42420584	1073778688
66604592	3221229568
21640844	2147520512
21876068	4395630592
6217148	75497473
56234324	4296048640
46931636	671088768
80556356	536903936
59467844	1610612992
28117604	4362108928
78276044	5435817984
80835968	1074823168
5311568	1081348
80511968	1107329024
71672600	1610613248
8529536	1090551808
18780896	524354
74205956	1074270208
12612260	671088768
62199812	67108929
25676588	4353
45031700	1073745924
6650984	1073774593
46369820	4362108928
57042704	524832
21840752	16809985
12985832	1085440
27455024	2147520512
39032192	134242304
39673388	1610612992
28025264	201326593
55236728	16814080
28152920	4353
54179840	1610613248
3582704	67633153
39446264	536872964
68230748	4311744513
71768504	331776
78631472	1081348
73536248	36866
31749320	1610613248
75601424	1081345
39985724	4311744513
32394728	98305
37852508	4311744513
59494088	16809986
28317188	537919492
43778792	671088768
22834136	1610613248
6545036	24832
40271492	134250498
63211664	2147520512
4335356	1610612992
33924332	671088768
3559700	135266308
71538788	37120
80293268	1073778688
9121160	2147553280
61053824	67141633
7200812	671088768
50996540	16809985
43386752	150994945
68284532	1085440
76547504	135266308
76698488	1610612992
2710172	4362076161
6930920	150994945
51212972	67108874
63531776	16777221
65196488	37376
15368204	4311744513
9821972	4362108928
55199144	1610613248
1311140	1081348
33088412	2147618816
51728132	1074823168
2936324	1212416
30188612	671088641
53020568	32864
35073236	1081345
1045136	553650176
43771016	1610613248
51119660	2147520512
64514792	37120
55628768	4362108928
41734352	4295000065
37292960	17334272
56153648	1610613248
48905768	1174405120
76782404	1140850944
55128836	1610613248
60607028	2147520512
40336940	4311744513
47605880	1610613248
77340656	4362076161
8039972	67141633
19520264	150994945
75478628	67141633
76600316	57344
37074260	16912384
56232380	150994945
35512580	16809985
53106104	1073766400
68926700	16814080
69294116	2164264960
25476680	1073745921
65372744	1610613248
34306652	1610612992
71603588	33587712
44183792	2147520512
61934456	1610613248
68478284	2148012032
52662224	4362076161
23872232	1074823168
2396216	67141633
63933536	4362108928
20994140	16809985
36499484	4295000065
14293496	67141633
44330888	276828160
80036012	4311744513
11292284	2147520512
406856	67141633
556220	1610613248
3344564	17334272
39300464	1610613248
7412708	1085440
14069936	83886081
25482512	1107329024
4882592	1610613248
29169308	1081348
5589884	1082134528
74341388	1085440
18681104	1610613248
48586952	36865
44570000	671088644
51262220	67141633
12514412	1610613248
2821304	1610613248
68661992	1610613248
14819348	671088644
44677244	150994945
44020172	4864
44750144	35
44353244	98
5782340	134250500
78639896	671088896
54174008	1073778688
77731724	36865
3350720	1610613248
17782328	1610613248
32746268	1610613248
7868252	1610613248
740252	2134016
62713028	2147520512
46198100	671088768
35873840	327681
9004520	135266308
63323120	2147487760
14587364	1610612992
6494492	1610612992
3221120	6442451008
6369428	1610613248
46667252	1074823168
21577340	671088644
43051088	16809985
61957784	67108929
22452788	37376
10229564	83886081
4106612	1610613248
12363104	36865
81534836	1073745921
78387176	16781314
25727132	671088768
1946180	2101250
24256820	67141633
14747096	1610613248
53683472	1174405120
72984800	2147487760
23273804	671088768
29053964	137216
78136400	1610613248
68951000	1610613248
70512680	36865
40335968	83886081
38436680	37376
18467264	67109380
55157024	1085440
73159760	4311744513
77672	2147520512
32787092	1610612992
48089936	671088768
73660340	1081345
17177420	135266308
28685252	671092736
64139600	67109124
49802600	671088768
15900536	83886081
32507480	36865
19609364	1115136
42616604	671092736
41365640	1610612992
44917328	1073774593
29918720	1085440
49878416	1610612992
11594252	1610612992
34556132	536907776
60416516	1073758212
75456920	4311744513
37756928	151027712
67202372	83886081
61908212	17301568
34259996	1610613248
2964512	134221825
19830332	150994945
43670576	1610612992
11923760	70
47087156	671088768
70488704	2147553280
72250616	1081348
2681984	4311744513
54251120	134283265
15564548	16779520
30526544	8425472
56379476	1610613248
76086452	4295000576
44406056	2147520512
11527832	37376
33832964	4362108928
77652020	36865
80114096	3221229568
67953080	1212416
47604584	83918848
37021448	1610613248
8983784	4295100416
10799156	67141633
10626464	1610613248
23702456	1610613248
76702700	1085440
40970036	1085440
3584972	3221749760
51446900	36865
74861408	1073778688
4872872	524354
7938236	4295004160
26958008	671088644
68046068	8392705
4107260	3221356544
61387220	1085440
51738500	5435817984
58526624	1074790404
16430276	32833
81409448	4362108928
44939684	1610613248
52303880	1610613248
50204360	67112962
48396440	4362108928
19168724	1610613248
7655060	36865
61076504	1081348
29580788	2147614736
3786500	5368741888
44409944	2147487746
71159384	1074823168
47338256	4362108928
37597520	16814080
39251216	37120
48255176	1610613248
48646892	671088768
31702664	1140883456
51249260	2147487746
39462788	671088768
22194884	671088896
23755268	671088768
11779580	57344
44901452	4362108928
38575676	3221229568
49020140	67141633
19133084	1610613248
55129484	2164785152
71164244	1140883456
69941468	524354
32476700	83886081
30579680	1140883456
48166076	1081348
6842792	1610613248
27989300	3221229568
34461200	4362076161
44590088	671088768
61074236	16908289
52256900	671088644
49459808	16809985
12120104	1610613248
42089780	67141633
42252428	1610613248
52913648	36865
16428332	3221356544
32725856	671088768
11335700	1610613248
31350800	671092736
54358040	1610612992
69715640	81936
76181708	4395630592
54259868	2147520512
16753952	1081348
52960952	134254592
26406236	16810240
38024876	671088768
56654876	2134016
44729408	37376
72343280	37376
70912172	671088768
52876064	16781314
28267940	1610613248
16263416	2148012032
53118416	1085440
21737072	17334272
26968376	2147520512
60359492	83886081
50380940	2147520512
27232760	2147520512
35309108	36865
52128596	36866
31738304	1140883456
10606052	1073774593
75994760	671088644
35111792	36896
46498448	1610612992
28822304	150994945
3984464	134217864
3670832	16814080
30612404	1610613248
64301600	1085440
13604348	1610613248
35903000	671088644
1388900	2148012032
59012624	2147524608
54954524	36865
65459252	1081348
9248168	8392705
37985348	4362076161
78915296	1085440
7153832	4311744513
72339392	3221258240
35525216	1085440
17594408	2147553280
66492488	8392736
52256576	561152
11070020	1610612992
70478012	1610613248
20882360	67108944
75211652	1610612992
19117856	1081348
15858092	67141633
47408564	1610613248
34936184	37376
72561656	1074823168
53993540	32802
35073560	4395630592
46344548	1073762304
28473032	16814080
81196256	4311744513
18867728	150994945
58720700	134250497
22405808	1082130448
36166088	1610612992
34022828	1085440
11888120	1610613248
56840204	671088768
78010364	671088644
14663180	1081348
54172064	327681
9240716	2147520512
35544332	4311744513
9502184	37376
51006260	37120
78052808	36866
31259432	1610613248
7102640	98
59054096	32833
10011836	16810240
52205708	671088768
6332816	1074823168
76409480	2147520512
39121292	4099
54194096	5368709121
9876404	17334272
52660928	1085440
24220208	4362108928
26498900	2147520512
54273152	1610613248
62732144	1074823168
19485596	67112961
67734056	1610612992
76762640	800
58857104	6442455040
60279464	3221229568
25726484	1107296257
18382376	1610613248
26332688	32833
10431092	2147553280
22931984	1085440
4752668	1082163200
30118304	671088768
45559496	671088768
65655272	4102
40528748	4362108928
25915052	1610612992
71589656	671088768
40355084	671088644
61617908	1610613248
42637988	4362108928
57841688	1610613248
75849284	67125280
56418032	1610613248
77592404	4362108928
39973736	1610613248
71234228	671088768
77929040	8392705
1845092	1081348
70044500	24578
71441264	4295004160
49313360	4130
35638940	1610613248
4449080	150994945
12396476	671088768
62647904	67108898
80821712	1081348
11151668	201326593
64567280	2148012032
22170584	1610613248
9964208	2134016
25057100	1610613248
3530540	671088768
19683560	2147483682
33480776	2147487746
78548528	1074266176
12464840	671092736
16228100	4311744513
18918920	150994945
18188624	36865
59982032	36865
61595552	67108929
34255460	1073778688
4515824	1074823168
68576780	1610613248
15631940	1085440
2520308	4362108928
49009124	1115136
396812	1610613248
19893512	4311744513
42916304	4362108928
75487700	53248
77778380	2147520512
72519860	2147520512
41950784	1610612992
47755244	2147520512
45483032	1081348
5254220	671088896
62207588	1081348
12912284	67141633
54812288	32864
3077588	16781313
52586084	1074790404
9300008	1610613248
1275824	268568576
10928108	1074823168
42742640	4311744513
37738460	2147520512
47746820	3221229568
61510340	671088641
74794016	2147520512
36045884	1081348
75139724	1074823168
74417528	1610613248
53522444	671088768
43368284	4311744513
43665392	6442455040
24263624	4362076161
18240788	8437760
64631108	1610612992
60529916	2181562368
28396568	1610613248
59497004	4311744513
37950680	2147811328
14208932	1140854784
28134128	4311744513
31397132	800
22742120	32802
7787576	1085440
16255316	1610613248
18046388	1081348
71445152	67108929
75650672	3221356544
43238360	53248
22211732	32834
76932092	16912384
50908412	12292
36698096	97
60617720	1073778688
24634604	36865
32187368	4295004160
38317124	20512
3479996	1610612992
46738208	1085440
21353132	4362076161
73589384	2147549200
3055880	2147520512
12910664	671088644
7895792	67145728
7634972	4303388672
68852504	135266308
39316988	67141633
43783652	1073778688
38289908	1610613248
21376136	671092736
51880412	1610613248
8802668	1610613248
77676644	4295004160
39456956	16809985
42673304	53248
62812820	67109124
43113944	2147520512
80038604	2147487760
69714668	4395630592
14044340	671092736
72547724	1610613248
58959812	37120
2177516	4311744513
32999636	2147520512
29716868	24608
53723324	2147520512
16042124	4311744513
72680888	1081348
27499412	1610613248
40927268	4311744513
37439408	327681
1139096	135299072
36947252	8392705
39349388	2147484674
77881088	32833
16107896	4362108928
39289772	1610613248
11208044	1610613248
5369888	800
22446308	671088644
22567808	2147487745
57778508	1073778688
1624448	36865
59265668	1610612992
4793492	2148012032
20961740	134221825
59037248	67141888
16873184	36865
75142964	2148012032
19544564	83886081
69435704	671088644
1034120	1610613248
43442156	4311744513
4268936	2147487745
71381000	53248
29608004	74
71960636	16777219
78871556	1610613248
37006544	671092736
66897812	16809985
43521536	2147520512
28787312	671088768
8829236	57344
67791080	4362076161
63286184	1610613248
51489668	671088768
61355144	36865
7443488	2147520512
14038832	671088768
45146396	671088768
41532176	2181070848
21824228	16809985
65178344	4362108928
49245644	671088768
76516400	34111488
71616872	671088644
19647272	2134016
78523904	1073762304
76930796	1081345
43428872	1146880
18408296	5368741888
65169272	4099
56303336	1073778688
59389436	1081345
45509276	2147487745
77802032	1610613248
177464	1085440
68240144	1610613248
78867020	36865
23482136	20512
2529380	819200
7118192	671092736
40433168	16814080
6734252	67141633
78136076	671088644
34580	1085440
70050980	1610613248
1110908	42
25397624	67108870
629444	83886081
60871736	167936
55198172	671088644
74624888	2147520512
38814140	4311744513
46391852	1610613248
9006464	36865
14003192	327696
33265316	4362108928
37052552	4295000065
9657704	134254592
21924344	1610613248
33294152	1081348
13427120	528448
4725128	2147553280
79936220	3221356544
18972056	150994945
17917112	134217733
32271284	40961
52492124	1073745921
2113688	36865
73174664	150994945
8093108	1073778688
72951428	1140850689
18662636	150994945
16586444	4294971456
28414388	1610612992
65905400	2164264960
21887084	150994945
1320860	2147483682
12478772	671088768
21884168	1081348
44441048	36865
19860788	37376
51147524	4328554496
56220392	1140883456
3608624	1146880
280172	671088768
10453448	1610613248
31182644	1610613248
54352208	2147553280
27017300	4362108928
56042516	1610613248
11421560	134217734
34167656	36865
46957880	671088768
24498848	2147520512
39862280	1610613248
24110696	67141634
38903564	1085440
70976648	1610613248
29834156	98368
636248	133122
47490860	4362108928
5747348	25088
32911508	36866
4085876	2147487746
43313204	4311744513
12941768	1146880
41687696	1085440
50001212	2625536
61870304	16781313
12354680	1081348
30623420	134217864
58189016	98305
6557024	32802
44758244	528386
48590516	4311744513
22202984	671088768
37703144	1610613248
30088820	1081348
12458036	536875264
1565156	16777250
28248824	1610612992
27020864	150995072
61798376	65793
63464060	5435817984
43121396	671088768
80379452	37376
30520388	75497473
65984456	16809985
65760572	671088768
36198812	4295000065
44766668	1610612992
24894128	24577
26993000	16777729
61012028	1082134528
64180424	2147553280
37370072	196610
26892560	524353
54407612	2147520512
55883756	1610612992
4499948	1610613248
7166144	16912384
26917832	1140883456
66844028	83886081
64341776	134217733
12095156	1610612992
41659508	1085440
42138704	3221229568
960896	671088896
4403720	4328587264
66105956	2147549200
65979596	1610613248
4372292	1610613248
42502556	83886081
74335232	20482
63405740	1610613248
44513300	671088768
45674516	4362076161
46529228	2147520512
14052116	671088768
38908424	17334272
70784192	135266308
3014408	327681
3918692	134254592
22794932	36865
23247560	671088768
27552872	4311744513
52403024	1610612992
25727456	37120
51593996	1149239296
62108768	1140883456
80162048	1610613248
39363968	2147487760
469388	4102
43255532	135266308
47835920	5435817984
34171868	1610613248
18203204	1610612992
45113996	671088768
46198424	671088896
42140972	67141633
43116212	16777250
41367260	1610613248
48664712	36865
37939340	5368741888
39399608	1074266176
29526356	1081345
62496920	1610613248
24027428	1074823168
52552064	33554692
48441476	2147520512
60455720	4311744513
50540348	1610613248
77548340	16814080
31239344	67125249
50346272	2147487746
53969888	5435817984
66848564	1610613248
28930520	1610613248
52987196	67141633
68147480	1610613248
69373496	1610613248
31293452	20512
1200008	10486016
81130160	671088768
7725692	3221229568
74947916	36865
23804516	2147520512
11865116	671088768
20575856	2147487760
25192532	1085440
58674044	4362108928
43262012	137216
43154120	4102
10516952	1073745921
1009820	1610612992
77306636	1610613248
2052128	2147487746
2700452	1610613248
68410244	4311744513
35287076	1074823168
71537168	1073778688
67661804	3221229568
54981092	1610613248
5379284	1610613248
43467104	671088768
21975212	53248
76805084	1610613248
16272164	4311744513
8042240	1073778688
65478044	1610613248
43849100	4311744513
80284520	1073778688
50057264	1073774593
62025500	671088768
79345892	1610613248
46839620	671088768
70078520	67141633
77609252	1074823168
19741556	4311744513
64153532	1610612992
47093636	2147489792
28453916	67141633
57807668	1085440
45108164	671088768
33811256	1610613248
49412504	1081345
35481152	671088768
42697604	671088768
61454612	2147520512
40982672	4295004160
68895596	4362076161
2020700	1610613248
60734684	1610613248
67331324	1610613248
18671060	150994945
4911752	1146880
2621720	2129921
13111220	1082134528
47030456	1085440
67250648	1085440
65137196	36865
70530500	2147745808
27816932	16779520
32022452	4296048640
55902872	2147520512
66600056	16912384
77255444	1082163200
64254296	34078784
45592220	1610612992
79691924	2147520512
45389396	4362108928
1359092	2134016
36384140	671088768
46549640	4864
13873268	1610613248
1145900	36865
55323236	2147520512
71515460	24592
41673116	2147484674
27023132	1081348
13827584	1074823168
61525892	671088768
33271796	83886081
13742372	2181070848
11741996	671088644
40918520	4311744513
27111584	671088644
6141656	3221229568
39395396	167936
3207836	196610
7722776	1081348
42448124	2147500288
7719860	2147520512
32609216	135184
33610052	1610612992
68583584	1610613248
63924788	1610613248
80548904	2147520512
21540080	37120
8844788	163856
18894944	1074823168
69127256	671088768
42871916	671088768
53307632	1610613248
54338924	2147553280
52583816	3221229568
18624404	8392736
34117760	3221229568
52244912	17334272
53216264	524353
28812584	67141633
77320568	1081348
55470008	1085440
4660328	561152
56158508	17301568
54823952	134217857
72845156	4295000320
50499524	2148012032
17684156	2147520512
36219224	1610613248
11925704	8392705
73799336	4296048640
25687280	36865
5309300	557120
50050460	134217733
58159208	1081348
78151952	4311744513
59850812	1081345
24230252	671092736
51130676	4362076161
62000552	3221229568
29008928	4362076161
41029004	16797696
12275948	1610613248
72896024	143360
34222736	1610612992
13714832	1610612992
31954412	36865
58533428	3221229568
71424416	1081348
35592284	4362108928
43996196	2147487745
41516624	1610613248
11527184	201326593
66924056	1610613248
54681392	2147778560
28027856	1073745921
54244640	83886081
16826528	135267328
37115732	32833
77377592	16779520
4363544	1073741889
76424384	4099
70302404	1082134528
20832788	1610612992
77613788	2147520512
26726348	671088768
26029100	1085440
75857060	1610613248
68517164	24580
46217216	36865
1344188	16781314
65742104	28672
4078100	671088896
51686984	16814080
39954296	4295004160
44981804	8425472
56138420	1610613248
47883548	16801792
42347360	1081348
34314104	1610613248
43042664	1610613248
80683688	135680
30910160	1610613248
33685868	528448
5344616	1610612992
21668384	150994945
47604260	36865
38025524	1073778688
29063360	1610613248
29003420	138
72044552	8425472
2908460	4362076161
70762160	671088768
73012664	671088768
10583696	67141633
7271120	1610613248
8107688	4311744513
3832832	1610613248
8742404	524322
61232672	3221229568
72384104	2147520512
7583780	83886081
44336396	5368741888
54548876	1610613248
62337512	4295000576
53611868	671088644
8999012	4362076161
9804476	37376
12472940	1610613248
46273592	83918848
39085328	1610612992
43096124	134283265
42112784	4395630592
77121308	1610612992
62890256	134218753
71614604	4295000320
31701044	4362108928
64344044	1081348
14116268	2147520512
45414668	163841
47171720	671088768
72504956	17825856
71080004	1610613248
56462744	67141633
76887704	1610613248
33966452	1610613248
52915268	1610612992
38994284	36865
48745712	1610612992
43443128	36866
31343672	134217733
32939048	1073758209
54711848	16781568
23002616	2164260866
41629700	4362076224
36493328	327696
13255400	37120
44965928	2147520512
62115248	1610613248
66261800	2147487760
61634108	1610613248
628472	1610612992
26398136	1073778688
9317504	4295000065
56398916	37120
79185836	134218753
21858572	4362108928
22107404	4130
59592908	2147487746
71469128	1610613248
76740284	3221229568
56186372	1074823168
64266608	1610613248
38921384	1610612992
3904760	2147581952
46321220	57344
59826512	1073778688
23601692	2164264960
16833332	536870917
77895020	1610613248
3332900	1610613248
17248700	16809985
59640212	4311744513
75632204	1082130433
54306524	134283265
25211972	671088644
4743596	4311744513
35865416	327681
7727636	70
22316060	1085440
77365280	1610613248
30236888	36865
7347908	1610613248
36660836	3221229568
419816	327696
22670516	16809985
41168000	671092736
81294428	1081348
33904244	1610613248
21684584	134250504
37186688	4295000065
11467568	4130
36283052	150995072
46277804	671088768
38654732	1081348
19962848	67141633
62615504	83886081
20307908	1610613248
81163532	2148012032
39061352	36865
3237968	2147549185
7764248	36865
75186056	1073778688
70964984	4328554496
71082272	1610613248
70550588	16809985
38397800	671088644
64267904	17301568
77977964	4311744513
39412244	1140883456
46364636	4395630592
60480344	67633160
72969572	268568576
22563272	1085440
55554248	1074790404
37671392	67108929
66464948	671088644
6316292	1085440
145388	2164264960
71842700	1610613248
60580784	2147520512
76414664	16912384
28947692	69633
33778208	2134016
11119268	83886081
57364112	36880
73289684	1610613248
61529456	1073778688
11818784	57344
36115868	282624
4667132	17305600
56123840	671092736
74267840	1610613248
2803484	671088768
3371456	83886081
63845732	1610613248
34549004	24832
56715788	1074823168
22158272	1081348
17344280	4311744513
6118652	1146880
14851424	671088768
5946608	1085440
56804564	20481
35527160	671088768
60189392	2147520512
17731460	1074823168
5213396	134254592
74748332	671088768
47273132	1081345
60534776	2147520512
41314448	2147484674
78485348	1610613248
74645624	1610616832
46652996	57344
77724596	100696064
50974184	1085440
18638660	2134016
65894708	4311744513
8947172	1073778688
1740764	2147520512
1693784	16777250
60803372	1610612992
45330752	1610612992
48527336	37376
64092944	83886081
51475412	33591296
53329016	65793
55947908	57344
4650284	1081345
5232512	1074823168
69256532	1610613248
28119548	67141633
78331772	2148008000
6458852	1610613248
28675856	1610613248
63524000	83886081
37500968	32786
21190808	20512
57721160	37376
82208	134250500
41560364	33591296
69600296	1073778688
36372800	671088768
64649252	1610612992
68774744	4362108928
31873736	536871680
66730628	4311744513
48524096	1610613248
40480796	201326593
46899884	67141633
67036160	1073774593
28024616	1085440
10679924	1081348
77703536	83886081
37809092	1085440
3729800	16809985
63309188	4311744513
63379172	4362080256
7690700	134250497
37245980	557120
62003468	2147520512
75175040	1610613248
35389136	4129
366356	1081345
47376164	2147520512
74150552	1081348
14387456	1610613248
76052756	37376
29037116	4362076161
4304576	2147520512
12873728	671088644
36278192	3221229568
56570312	4099
52849172	37376
43178096	135266308
46536356	2147487745
20042552	2129921
49040876	1610612992
12642068	671088768
40712456	16780288
5327444	1073840128
13205828	1610612992
78364820	2147487746
52261112	671088768
40482092	167936
37657136	4395630592
20232092	1610612992
30579032	36880
16183064	2147520512
34163444	1610613248
72790724	2147520512
45464888	67141696
75105056	1610613248
20607608	4162
60232160	2147520512
81317756	671088768
54298424	4353
68304296	4362076224
47677808	2147520512
29532188	196610
237080	2147520512
69318740	671088768
33719564	16809988
57241964	2147524608
35305220	1610613248
52438340	1082163200
41282372	17334272
21635660	1610612992
73247240	49153
68301380	5368713216
66212228	37376
78284792	36865
7635944	67158016
27035768	2147811328
13974356	1085440
30420596	24577
33204080	201326593
80449112	1073775104
16673924	2147487776
29103536	1073745921
78212540	4362108928
73510328	36865
555896	4311744513
10839008	4295000065
20392472	167936
15419072	1081348
9914960	561152
22187108	537919492
2885780	1085440
3796544	1610613248
17564600	1610612992
1762796	1610613248
18949376	2147520512
33964832	167788544
29786204	671088768
3807236	37376
68488976	671088644
41249000	4295000065
61715108	1610613248
79650776	134221825
5584376	2147520512
47580284	2147520512
45341120	36865
3833804	1610613248
54270560	201326593
73409240	671088768
39468296	37376
2488880	135184
37005896	32834
12425636	671088768
77347784	671092736
79506920	100696064
25641272	4295000065
71356376	1090535424
57112364	4295233536
8633864	1085440
29026748	1085440
59867984	4295000576
53297588	557120
80542748	75497473
70343228	1074823168
54060932	266241
67060136	150994945
37381412	671088768
52325264	36865
47347328	36865
27029612	150995072
68229128	2148012032
35066432	36865
4746188	1074069504
79110668	1610613248
27587540	37376
75859652	2147520512
70189004	4130
21560492	150994945
68656484	1610612992
76877012	1610613248
12587312	1085440
21562112	150994945
18319196	327684
32771864	1610613248
4298096	1610613248
34272956	4362108928
33260780	32833
1884296	671092736
23814236	1610613248
1560296	2147487746
69895460	67112961
29653688	16814080
12054980	528386
8169896	1610612992
23418308	150994945
4009088	67129344
31157048	2147520512
12618092	671088644
36703280	524864
40236176	671088644
4195712	2147487746
51132944	1610613248
62583428	4295000080
19285040	1073745921
76427948	36865
72801092	671088768
15497804	4102
64961588	36865
34604732	8425472
32466980	1081345
21258524	1081348
20718092	57344
9818084	1610613248
4303280	100663360
62585048	1085440
78221288	1073778688
63533396	1610612992
23891996	327696
68440376	134218753
70204232	5368741888
60348152	1081345
15030920	4311744513
48629720	36865
44263172	2147520512
69035564	1610613248
78007448	4130
15316688	4294967361
72512408	1074823168
74924264	1610613248
48886976	1140850689
29698400	201326593
24999752	2147520512
19858520	4311744513
72237332	16809985
40926944	1081348
26952500	32773
36007976	37376
2338220	2148007952
67624868	17301568
670916	4311744513
61515524	1085440
47433512	1610612992
77247668	83918848
6251492	536903936
44340932	1081345
40647332	1610612992
74750600	1610612992
61380416	2147520512
18862544	201850880
68662964	1081345
74877608	2147520512
33056336	2147520512
60065300	67112961
17838056	16809985
55681580	83918848
5993912	1081345
53975720	4362076161
39822428	1085440
68395016	1610613248
27846092	4295000320
66037916	32833
26600960	134217864
60899276	1610612992
65030924	1073778688
1222040	1610612992
26470712	1610613248
62560100	3221229568
39711296	4311744513
9014240	1074008064
24514076	4328554496
19779464	1085440
37749152	1081345
18933176	16777250
28356716	97
41548700	4311744513
132104	83886081
56615672	671088644
39249596	557057
51268376	1610613248
67065968	36865
10475480	2147520512
163856	1073778688
80579036	4294967361
41330648	4295000065
1091468	4362076161
36506612	1073766400
2768492	1610612992
21194696	4161
48817964	1610613248
14039804	671092736
80985656	2147520512
46399952	2147520512
14793428	100696064
50462264	1610612992
7969340	57344
2759420	36865
29787824	1610612992
37869032	5368713216
78216428	2148012032
53725592	53248
71961284	67112961
17287256	150995072
18490916	4311744513
28236836	36865
24290516	1098907648
44570324	1085440
52033016	1610613248
7151564	671092736
2615564	1610612992
33415004	32834
10566200	327696
28538804	1610612992
880868	134283265
28515152	134218241
45586712	4362076161
56095328	37120
25302692	36865
32031524	1085440
63454664	2147520512
26969348	1610613248
6892364	671092736
13248596	36880
10246412	1610613248
67760948	4311744513
7059224	201326593
39372716	1073774848
29990648	1610613248
19948916	17301568
52648616	36865
48382184	2164264960
78597776	32773
21828440	1081345
58121948	4395630592
25510376	150994945
27669512	4311744513
8521760	1610613248
23625344	2147520512
139556	67141633
75588464	671092736
79801112	1610612992
31487528	671092736
11360000	1610613248
49294568	1085440
68869676	163841
8952356	17301568
22623860	201326593
7437656	671092736
81298640	671092736
11542736	1610612992
47866700	1073778688
45572780	1610613248
45234200	2181070848
47979776	1610613248
16019120	3221229568
63612128	1610613248
21262412	150994945
42080384	1140883456
64278920	1073745921
35474348	4311744513
1080128	83886081
36670232	32834
8625764	268445696
39709028	4295004160
526736	4295524352
30165932	1081348
72155684	1073766400
9174944	1610612992
4621124	4295004160
24604796	36865
58430720	16809985
1211024	1085440
44982452	671088644
71151932	1073778688
73596512	2147520512
31413332	800
4755908	4362076161
34953680	4362108928
39700928	1610613248
24246452	1610613248
43739588	8425472
52571504	1074823168
14608424	1140850689
70125500	1140883456
26290244	561152
16910444	4395630592
53378912	36865
64421804	1610613248
21376460	524354
14862116	1610613248
53695784	1610613248
47791532	671088768
72280100	2155876352
18863192	536875520
48511460	16814080
79180652	671088768
1591400	134479873
13996712	2147616768
12185552	671088768
10076960	1610612992
55186184	3221229568
5241908	36865
49240136	1085440
43359536	1610613248
65700956	2147520512
78985280	2147520512
176168	4362076161
860132	1081348
60369860	67108929
8684084	4362108928
34875272	134250497
24438908	1610612992
19258472	32833
28611056	8425472
43956992	327681
73655480	2147520512
50729888	16814080
74657288	1073778688
19163864	1073762304
2577980	4429185025
81474248	1140850689
1076888	1610612992
28141580	1140883456
37483796	36865
3886616	4295000065
57715652	1081348
55223444	4362076161
6606596	4311744513
32032820	1610612992
6169844	36880
11894600	1140850689
35528132	671092736
49115072	524802
20438480	1610613248
81149276	671088644
78024296	3221229568
2116928	1610613248
73759160	36865
65252540	67108929
1752752	4362108928
4340216	4295000320
36875972	537034752
81600284	671088768
28044704	671092736
67601864	262150
13432952	1610613248
14465864	67141633
61170464	2147520512
17328404	4311744513
60711680	4295004160
10897004	135299072
72828308	671088768
40090376	4295000065
45316496	671088644
4142576	2147553280
55863992	1081348
37352576	196610
7252328	16781313
15693500	536875520
20750816	1140883456
57603548	4161
43073120	671088768
9790868	1081345
22114856	2147520512
65927756	1610613248
76456136	2147520512
55637840	671088768
17869808	67108929
36737948	36865
21535220	1610613248
39334808	2147520512
45556904	16814080
24470012	1610613248
309332	37376
27009848	201326593
58048076	1610613248
60983516	16809985
75316952	16912384
2643104	50
67807604	4295004160
50698136	1610613248
26675480	5368741888
69635612	540736
64635968	1082134528
76607768	1073774593
73896212	2147487746
66935072	4311744513
27504596	2147520512
29678960	671088768
40215116	2147520512
21072548	1085440
76216700	1610612992
56801000	1610613248
62277248	1610613248
24998456	135299072
6012704	67108874
67855232	36865
39838304	3221229568
48567836	4311744513
47236844	4311744513
77273588	67145728
34179644	1610612992
12615500	671092736
20948780	1610613248
60864608	1074823168
27736580	1081348
414632	1610613248
2892584	1610613248
1061336	83886081
66070640	2148012032
5333600	2101504
16549508	83918848
42751712	32833
3327068	1610613248
1166636	1610612992
11586800	40961
2068004	16809985
77781296	557057
79422680	4370464768
33653468	1081345
46866512	1610612992
72273620	1073745921
15006296	4311744513
61702148	4362076161
28813232	67141633
53413580	1073778688
52849496	36866
9095240	4294971393
35999876	150995072
36280136	4362108928
15862304	2147487745
43385456	1085440
26379668	1610613248
7318100	1073778688
72315092	1107329024
48168668	5368741888
22263572	561152
8329628	1085440
3692540	1350565888
37264124	327681
2337572	1610613248
63345152	517
6606920	2147520512
60236048	2148007938
76672244	16912384
78339872	1610613248
29963756	1610613248
56809424	3221229568
53351372	2147520512
7210856	2147520512
14565980	134250497
50766500	671088644
22041632	1073745921
17776820	1610613248
68692124	671088768
2209268	65570
58043864	1085440
23622428	671088644
58688300	1610612992
25280012	45056
63319556	2147520512
80266052	3221225474
36994232	671088768
32100860	57344
63064244	16912384
77837996	2101250
1250552	269484036
64507988	3221229568
3811448	36865
9891632	83886081
42685292	2147487760
27336116	671088768
65029952	1610613248
53932628	671088768
2320724	4102
23827196	36865
11586476	1610612992
34050368	1074270208
72350408	1081345
81532892	2147520512
9154856	1610613248
1262864	4354
7098104	2147520512
52403348	2147487746
39926108	1610613248
73738424	135170
77830220	1081348
27828920	4295000320
62579540	1610613248
29018648	1610613248
5341700	2147520512
124976	134250497
52118228	36865
72629372	4311744513
52478516	16801792
73636364	4295004160
36878888	32834
21523880	150994945
80232032	4362076162
20387936	150994945
52395248	4362108928
33485636	167936
35226164	671092736
41714588	36865
78818420	36866
52334336	1081345
34070132	24577
13090808	1085440
46818236	2147520512
1398944	2129921
27200036	4295000065
74787860	1610613248
54551144	2147487760
38706248	4311744513
43729220	1610613248
54003260	3221229568
40078388	36880
230924	67141633
25549256	36868
42652244	1610613248
74044280	1610612992
54710876	2147520512
18874856	65570
40350872	2181070848
60023504	1610613248
49747520	37376
76594484	2621441
8464088	4295000065
55087688	1073762304
72560036	4362076672
471008	524354
654716	4362108928
34972148	557120
2433476	17301568
74858168	4295004160
32678228	150994945
1458884	83886081
18991496	1610612992
24786236	557120
84476	1030
70494212	102400
78276368	1081345
42883256	36865
60457988	2147520512
5565908	2181070848
3772568	74
20657504	1610613248
21654452	1073778688
74008964	3221229568
13477016	1610613248
44033456	4311744513
41951108	671088768
78475304	1610613248
610004	2147487746
32639996	83886081
978716	2147520512
26245208	57344
57616832	1610613248
9702092	1073745921
39657512	1610613248
2806724	1610612992
60506912	2147520512
66372608	167936
11117324	2147647488
22630340	2147520512
36418160	4162
26218640	1073778688
59629844	8392705
3288512	36865
1447544	1085440
7840388	1610613248
21362852	67141633
36763868	4362108928
38394884	36866
40756844	83886081
77244428	2147520512
7996556	2148012032
75346112	16912384
17211116	67141633
48517616	1074298880
25491584	1610613248
78555008	2147565568
56133884	36865
61570280	1081348
42151340	57344
7072832	4294971393
61731956	67141633
56955548	1610612992
32723588	4362076161
2187884	2147520512
56940320	4362108928
69485924	1073778688
33986540	1085440
23822336	2147553280
81373484	671088768
37200944	2147520512
5288240	671092736
64998848	4378853376
36661808	1610613248
8633216	67108929
6153644	57344
31015460	1610613248
3444680	1610613248
44546024	1610612992
13656512	671088768
3766412	1610613248
49777652	528385
68205800	57344
6203540	57344
59093300	16781313
9796376	1085440
35340536	67141696
80143904	1081348
62596712	1610613248
7686164	1610612992
79715252	2147520512
54543692	1610613248
26200496	1610613248
5564288	1610613248
15177368	3221229568
42818132	671088768
81077348	1610613248
61313024	8425472
7366052	671088768
495632	671088644
28191152	1073774593
26900660	2147520512
34136228	37376
47963252	2147520512
78593888	1073778688
15678272	1048582
47903960	1610613248
21933416	5435817984
56540180	1610613248
38832608	671088768
68314664	2147520512
81239996	4311744513
61768568	1610613248
71742260	3221258240
69260420	67141633
77046788	1074823168
16622084	2156396544
8066540	32778
51714200	1074823168
52514480	671088768
30471140	1610612992
31291508	16810240
44434892	201326593
70741100	16781313
23586464	40961
38091296	97
37137440	671088768
42067748	16809986
48366956	1073778688
62151860	4130
24016736	83886082
77073356	100925440
65954000	1610613248
15456332	4311744513
77502332	1610613248
24335876	1140850720
67456064	8392705
21202796	2148012032
53864264	4295000065
37817840	4130
33986216	36865
53708744	4130
36987752	67141633
43226372	67141633
21621404	2058
56829836	327696
6036032	1610613248
24536756	17301568
23382020	2101312
28952228	4362076161
67286936	4362108928
28955792	4311744513
78352184	135299072
3888236	1085440
12939176	98
30126728	17301568
66216764	3221225488
7937264	1610613248
11847944	1610613248
71447096	1610613248
71987852	1074823168
14954132	1610613248
36641720	671088641
48381860	1610613248
65903132	16781313
33926276	16797696
63270308	1085440
18670412	150994945
73773092	1074823168
73809380	4362108928
69109112	1140883456
2875088	1610612992
71269220	18878464
61541120	36866
65215280	4362076161
5814092	1610612992
29626796	1610613248
23897180	1610613248
9473024	2147520512
44386616	671092736
81210836	4311744513
78238460	37376
23805812	5435817984
46950104	4362108928
12465812	327696
72771284	1074823168
55721432	536871680
77757644	150994945
14748716	1610612992
65449532	134217733
23197340	671088768
45275996	2147520512
73020440	536870918
73488296	1610613248
71375816	4295004160
58230812	2147614736
9823916	1073745921
63053228	1610613248
36639452	671088768
52576688	1610612992
74878580	134250497
67145024	1085440
45248132	67141696
5902544	1610613248
80643836	1073778688
35652548	4311744513
3705500	32833
16969088	1073745921
13316960	134283265
35059952	1610612992
72819236	2147487746
48976076	201326593
76119500	1081348
28492472	524864
53869124	1073778688
53487128	2214592514
37928000	36865
26986844	671088644
72969896	1610613248
22279124	36866
32502296	67141696
64787276	4311744513
52031072	1610613248
28662896	1610613248
73030808	4295000065
28239104	5435817984
48686420	1090519041
77265488	83886081
44832440	1610613248
67406168	16814080
64213148	67141633
41604752	4295000065
26422112	1081345
53183216	1081348
44660072	1074823168
64462628	671088768
52954148	36865
36981272	1610612992
78979448	2147520512
37945172	2147487745
57550412	671088644
32656196	1085440
65092808	1073742084
59576060	528386
8898896	36866
15792968	83886081
19454492	1212416
30770192	1610613248
49408940	327696
8289452	36865
20975024	1073766400
13137788	2164264960
5993264	2147549186
39964988	2147520512
513452	2147520512
31423052	4311744513
28561484	2147487746
3255140	2147647488
65942660	1610612992
36722072	1610613248
70106060	2147487746
44225588	70
45329780	671088768
3655604	1610612992
32561264	1090519041
38707220	5402263552
31272392	2147487746
701372	1610612992
42270248	83918848
41371796	4130
15120668	1140850689
44066180	70
58015028	67141640
20875556	1081348
51734936	65793
39764	1610613248
37283240	1073774593
48365336	671088768
47237168	1610612992
12332972	5435817984
68336696	37120
8873624	16814080
39862604	32802
21352160	2147520512
15565520	36866
76211192	2147520512
51548960	4362108928
59547224	1140883456
50338820	4362108928
139232	4295000065
7805072	5435817984
71810948	1610613248
25831784	1074270208
5891204	3221356544
78759776	1610613248
710768	1085440
15411620	1085440
80664896	102400
50704292	3221229568
9265016	45056
51466340	1610612992
43003460	671088768
12654704	671088644
24990032	1081345
43684832	3221229568
51575204	1073745921
77254796	1610613248
63233696	4295000065
15903452	16814080
71045660	671088644
46757648	83886081
23888	9437188
39989288	33587201
10443404	134221825
48081836	671088896
54037280	65553
46218836	8425472
33198896	4362076161
225740	167936
14345012	5435817984
45406244	4294967361
5183264	37120
44491268	2147487760
65574596	36866
18900128	671088644
54799652	36865
39466676	671088644
508916	32833
18663284	150994945
11713808	57344
429212	327696
11867708	83886081
2443196	1610613248
61504508	1610613248
13986668	134252544
13792268	1610613248
75226880	4311744513
31781072	1074823168
18348356	150994945
35499296	1074823168
4248848	67637248
66517112	2147487760
51664628	1610613248
24838076	671088768
74141804	3221229568
2025560	1073745921
8485472	37376
40281860	67141633
24631364	1073745921
60487796	150994945
79115528	2147520512
75060992	1085440
56993780	1073778688
16912388	4295000065
11881640	8421377
70057784	1610613248
24993596	1115136
11494460	1610613248
31794680	2147520512
19375760	1610613248
51473468	4328521792
142796	1085440
48857816	4362076161
46261280	4362108928
77251556	1073774593
75698300	561152
54400484	1610613248
51293324	1610613248
58128428	2147487746
28980740	2147483666
12146348	1610612992
74629100	4311744513
71398820	16912384
47743256	1081345
78794768	1073778688
29807588	1073778688
44631560	1610612992
34586912	1610613248
75920240	1610613248
2482724	671088768
59265344	67141633
59715056	1610613248
55682552	167936
33301604	201326593
70038668	1081348
63967880	17301568
15044852	1085440
76788560	134283265
62676740	2147520512
72427520	524354
54012332	5435817984
5939156	2147520512
23461400	1073766400
18665876	8425472
62876972	671088644
42207068	671088768
65153072	4295000576
71646032	1610613248
14532284	2164260928
38462276	1085440
10502372	1610613248
61439384	4311744513
28321724	1074270208
36143408	2147487746
25218776	561152
29033552	1081348
51252824	1073778688
70212656	1085440
41583044	2147520512
6861908	67141633
30871280	1140883456
39207800	2147520512
43089320	2134016
13692152	16818176
59718296	36865
68758220	4362076224
44880716	3221749760
4153592	50364416
53658524	1074823168
59036600	8425472
52070600	1610613248
70517216	671088768
34873004	321
29565884	518
27245720	83886081
13049984	150994945
25608872	1610612992
44563844	135299072
81075080	1081348
54394976	37376
73321112	167936
14206340	1610612992
77020868	150994945
18662960	3221229568
30690488	1074008064
15697388	1610612992
78955148	16912384
3543176	1610613248
67645928	1610613248
67526372	1085440
8830208	24580
7146380	150994945
79616	1610613248
60155372	83918848
34305356	1610613248
48788156	2147487746
29303444	4362108928
11783144	1085440
42706676	150994945
63159176	37120
65247356	671088768
28191476	1610613248
64460036	36866
11523944	1081345
64969364	17301568
55850384	1610613248
41987396	1074823168
15088592	4362076161
69838760	1141374976
79962140	2147520512
3261296	1610613248
46896644	1081345
61226840	134283265
63621200	1610613248
32276468	2147520512
55987112	1610613248
2840096	1085440
64796672	1610613248
16469480	135266308
59662244	1610613248
3733364	37376
78121820	4295000320
17972516	36865
15941684	1082163200
39073340	2148007952
17938820	57344
21073844	57344
62499836	8425472
42375224	671088768
8860340	1610613248
21116936	67113024
74449604	1610613248
27944264	1090519041
9510608	1085440
3058148	2147520512
39862928	1081345
52673564	4362076161
63852536	4295004160
73657100	6442483712
18373628	70
66850508	24580
38154152	32802
47032724	1082163200
8348744	4563435520
55882784	2147487746
9237476	528385
62402312	1610613248
71025896	1085440
73736156	1081345
41918708	1610613248
7085144	70
48980936	671088768
38862740	1074823168
12442484	8425472
49279988	20736
55623260	4311744513
19052084	201326593
8653304	2148012032
51302072	1073745922
6025664	1073872900
19729568	1073774593
58422620	135266816
27821792	4295000320
60106124	57344
77099600	16814080
4600064	134479873
26587676	1610613248
56116064	16842753
54375212	65541
8107040	4296048640
75807164	2147553280
15691880	1146880
54014276	2147487746
40354436	671088768
6555080	2147487746
52084532	2147483654
53736932	1610613248
68255372	1073778688
1260596	1610612992
70202612	671088644
2896148	1610612992
14227076	327696
70756652	2147616768
31634948	671088768
31976768	1610613248
53481296	28672
10988372	1115136
39253484	1610612992
79482944	2147520512
1609868	17334272
28906544	2147520512
1274204	134250498
60746996	135299072
252632	4226
805700	68608
69085136	2147520512
72107084	671088644
3800	167936
17347520	1610613248
41004380	1610613248
6198032	1081348
32744000	671088768
37384976	1081348
72040016	1610613248
47365796	1610613248
41961476	1610613248
64304516	4362076161
13397960	1074823168
77861324	57344
77066876	36865
4425752	1610612992
32244716	8425472
8350040	67108929
32628656	4295000065
38084816	16781313
33905216	671088768
70454036	3221229568
1561592	2147520512
43573700	4311744513
941780	2148012032
3974744	4311744513
3574280	557120
43019984	3221229568
11965880	1610613248
79489748	4362108928
51202928	36866
67321928	4311744513
23128976	1081348
5748968	671088768
60439844	671088768
67451528	2147520512
46557416	4328554496
52655744	1085440
1021160	671088896
1582004	3229614080
67605752	3221225488
645320	36866
39007568	150995072
6614696	16912384
33125348	2147520512
78809996	1610613248
77981852	1610613248
57884456	1610612992
10819244	1146880
54032096	1610613248
65304056	32833
9462980	83886081
43448960	1073778688
18316604	1140883456
15888548	83886081
15764780	37120
47353484	671092736
46229852	1610613248
20670140	1610612992
75141992	1610613248
31561076	4102
70541840	2147487746
27321212	4130
47446148	134218753
1598204	1085440
74378648	1081348
5871440	2147520512
41148560	671088768
61487660	33587201
38253944	8421408
37721288	57344
79822820	36865
41854232	1074823168
2542988	2147487746
13214900	5368713216
48049760	134217858
45336260	1610612992
43779764	671088644
5347856	135299072
57310004	671088768
56515556	1073745921
72178364	8425472
68539844	1610613248
53098328	268568576
44189948	24580
9711812	1610613248
52260464	1064964
81584408	2147487746
3830240	2147504128
17225696	1074823168
53305040	2101312
32575520	2147520512
332336	1610613248
41952080	67141633
9924356	1074823168
76191752	1610613248
59474000	3221229568
1814636	32833
65235692	5368741888
1679528	4311744513
1778348	561152
65320904	37120
44281640	4311744513
15748904	524384
29894420	1610613248
1168256	1610613248
69390992	671088644
66601028	1073762304
52554332	2147520512
71554664	37120
20057780	2181070848
21183356	1610612992
1275176	150995072
1890776	1048836
18249536	2147487760
56710604	4362076161
6155588	2148012032
61923764	36865
67768076	1610613248
80557004	1085440
8745320	16777476
77466692	135266308
41343608	67141633
5406176	134742017
2561780	137216
32838608	1610613248
42982724	196610
57781424	1610613248
36921656	1082146816
31615184	1610612992
38232236	67633160
29262296	5435817984
35967476	4294967361
25561244	4295000065
14727980	1085440
9236828	1610613248
35863472	1074823168
44181848	1073778688
58762820	1610612992
38642420	671088644
44162408	671092736
36568172	1074823168
5991320	4311744513
60201056	8425472
36581456	37120
75395360	1073876992
9905888	4362108928
2358632	1085440
65638424	2147487746
40055384	1610613248
17036480	1610612992
50062448	1610613248
53005340	4362108928
30991808	671092736
68551184	57344
44371712	2148012032
5141468	8425472
1595612	524354
21845612	671121408
73885844	4362108928
1466984	1610613248
3572984	17301568
3302444	327681
47247860	671088644
51648104	36865
54878708	1744830464
25921208	16781314
4628576	4311744513
48488132	1610612992
3599876	2147553280
2507348	66576
72720092	1073905664
39145916	331776
13843460	4311744513
24958928	2147520512
4722212	36866
49650320	2147520512
48553580	67141633
2659304	1610613248
30498680	2147487760
68139380	671088768
62588612	36865
7545548	1073745921
26911028	32802
76352456	1085440
24576608	671088768
78865076	1073745921
11163332	671088768
63455960	66564
26111072	36865
67800476	671088644
75649052	1073778688
47387180	134218753
24166424	1610612992
27398972	561152
4257920	4311744513
13769912	1610613248
68260232	1073778688
20709992	1610613248
70796180	4362108928
57649232	1140850689
40882232	67141633
51790016	1610612992
64250408	1073778688
65724608	134283265
8658488	524384
76585736	1610613248
64553996	1610613248
41055896	1074823168
39798452	4295000065
11473076	524384
72870752	561152
8501024	4362108928
65256104	1085440
44078492	1073778688
45343388	70
78056048	4295000320
42491864	2147549185
77479976	4395630592
25004288	4311744513
5991968	5368741888
53303420	671088768
34904108	1140850689
66334376	536872964
64706924	1610613248
6833720	4162
10021556	134250497
46312148	1610613248
41172212	4295000065
108776	67141633
64543952	17301568
41876264	1610613248
33144140	2147553280
40744856	671088768
27240212	16781313
9909128	36865
38577944	4295000065
71698844	1074270208
12847808	3221229568
27393140	2147520512
5378312	83886081
78844664	4130
5826728	671088644
1826624	2147553280
26236136	134250497
22627748	83886081
18310124	1610612992
78576068	268568576
20177984	67141696
232544	1610612992
6912776	36865
8104124	83886081
30661976	38912
19968680	1073778688
47180144	671088768
33776912	1610613248
63707384	1081348
19353080	327696
18970760	150994945
31514096	2147520512
18492536	1073778688
26299964	1610613248
58603412	4311744513
40447424	4294971393
80655176	67108960
25796792	671088768
18087212	1073774848
63522704	53248
23645108	671088644
59693024	16779296
27496172	1610612992
69916844	5435817984
73914356	6442516480
53814692	1085440
5819924	37376
79317056	671088644
37329248	4362076161
24372488	327696
666704	1181696
52200848	201326593
13497428	4130
38743508	4295000065
15252212	1610613248
36334568	2147520512
3921932	4296048640
65368856	24577
3655280	8437760
58995776	1081345
73159112	36865
4585808	53248
11082332	67141633
6700556	16809985
51376268	2134016
52532948	4311744513
1340624	28672
75399896	4362076161
25164992	2147485760
79657256	2147487746
14450312	1610613248
31197224	2147520512
79886972	16912384
75636092	1610613248
24319028	1073745921
28888400	4362108928
40732544	2147520512
50801816	1140850689
13268036	16809985
55548740	1081345
62147648	1073778688
49357748	2147488256
253280	16809985
25792580	1610612992
24036824	2147520512
2921744	36865
59138336	4295004160
5374424	1610613248
523496	2134016
74408456	134217857
58321208	4295000320
55814420	1610612992
41332268	67141633
54160724	4362108928
44760836	4311744513
49947104	16809988
72122636	1610612992
75992492	37376
24690656	671088644
68290364	37376
20853524	69633
15621248	2134016
4146464	2148012032
34445324	134225921
13176668	16809985
62345288	2147520512
77789396	36865
65953676	134218753
80385284	671088644
50645648	671088768
35947064	1212416
72049088	1085440
52198580	2148012032
55991000	1081348
81250688	4362076161
21824552	114688
18175340	2147520512
77322512	76
32822084	671088768
61967180	67108929
80292296	16814080
65885312	1085440
52337900	36865
12969308	671089152
5543876	671092736
23620484	67141633
17068880	1085440
1238888	2147487746
10016048	2147520512
54517124	671088768
27664004	83886081
36029036	4362076161
51733964	1085440
81090632	1610613248
81135992	671088768
70570352	36865
17588576	67112961
42855392	1146880
65615420	1140850689
2910080	134217860
79504976	36865
40206368	32802
40275380	4311744513
11593280	1610612992
68454956	671088768
6807476	4295000065
22555172	1073775104
20941976	32834
79641380	1610612992
18865784	1081345
32137148	4295004160
72672464	1140883456
10749908	40961
12456092	2147516418
61626980	557120
8365268	3221229568
57343052	671088768
49998620	671088768
74023220	36865
75696356	4295000065
42537548	1610613248
29892476	83886081
63748856	1610613248
39739808	1610613248
37012376	4295004160
23942540	150994945
70022468	67108929
68918600	1073873408
49906280	67108929
21956096	524354
33665456	2164264960
34877216	2147520512
81265916	3221229568
68539520	4311744513
5224412	32833
80507108	57344
40051172	4295000065
58431368	1081348
52795388	8425472
47610416	671088768
60331628	1074823168
50050784	4102
13496780	577
63973388	1610613248
63158852	1085440
2652176	134217733
39804608	1085440
8065568	98305
49628936	2147491844
3083096	4362108928
7417892	4311744513
4302308	167936
74031320	1610613248
77892428	36865
27012116	150995072
2555624	1081345
53235056	67108929
58314728	1610612992
76177496	1610613248
25048028	1610613248
46292708	1074823168
64352144	1610613248
10166708	4328554496
38755172	1081348
4882268	671088768
11694692	4362108928
19483004	4362076161
70534064	1610613248
29612216	1074823168
26186888	1610613248
39216224	2147520512
24016412	36866
57452888	36866
80909840	37376
28683308	1074270208
50939516	137216
46940708	4311744513
75161432	1081345
56351612	2101312
80612084	2147520512
15044528	672137216
68503556	1610613248
47773064	3221229568
34553864	1610612992
16006808	67141633
26166800	1085440
10530884	36865
16142564	4311744513
50291516	67112961
7801184	134250497
22715552	1610612992
33119516	5368713216
62520248	4295000080
14710808	537919492
59436416	1610613248
43388048	67
21667088	150994945
48854576	36865
17841296	2147520512
12836792	3221229568
39100232	1610612992
54301988	671088896
71986556	1075843072
8952680	1081348
69527396	1081345
23248532	134250500
77301452	2147520512
11417348	36865
59549816	2621504
56046080	53248
37313696	1081345
70011128	4295004160
66300032	1610613248
17303780	2084
51515912	5435817984
1624772	4295000320
3442736	800
36213716	4362108928
1472492	16814080
70616684	1073774593
39000440	1610612992
78848876	36865
25976288	561152
23282228	150995072
47945108	37376
33416948	1610612992
37801640	2147487746
51082724	2147520512
1528868	1610613248
74866916	561152
37349012	196610
32719376	4295000065
80004908	5435817984
78254984	1085440
19972892	528385
68718692	2147487746
21274724	1081348
62169680	57344
253604	70
3093788	1610613248
73908200	16809985
36502400	1140883456
75034424	1610613248
1843472	1058
4755584	1610612992
47250776	1081348
19935308	1610612992
48649808	1610613248
47757836	1610613248
25857380	1610613248
56136800	2101504
23686256	4162
81716276	2147520512
75275156	2147581952
6658436	36865
11423180	137216
32779640	4294971648
40267928	1073745921
58412252	4311744513
60245444	67112961
39155636	1610613248
2598716	1107329024
24187484	137216
23942216	201326593
55738280	1610613248
33281516	671088768
24780728	101711872
60681224	561152
39664640	2147520512
6265748	1140883456
77699000	134254592
42703436	4295004160
60442436	1085440
26898392	2147520512
59613644	1140883456
47733212	1610613248
62768	167936
67974788	1610613248
34216904	1610612992
43151528	2147487746
61081040	3221229568
17265872	36866
37314344	327681
27908624	671088768
329096	2147520512
50619404	1073778688
52870232	2147520512
955712	2148012032
6919904	8421377
7694912	2147520512
29226008	1610612992
55953092	4102
4356416	1074823168
56377208	4311744513
73870292	1610613248
644348	518
63419348	1610613248
61639940	50
25837292	8421392
295076	4596957184
42690800	561152
21629180	36865
32807504	1085440
11586152	1610613248
17525720	1610613248
44021144	2147487745
45426332	671092736
37118324	1610613248
80175656	577
78185972	135299072
28490204	5435817984
31296692	1610613248
42897188	4362108928
26322644	4311744513
4744568	671092736
49450412	1610613248
54993080	16809985
53882408	1082134528
39605996	1085440
56219096	1610613248
13416428	1610612992
36945308	1610612992
3245420	671088896
39007244	1073778688
2040788	1140883456
27230816	4362108928
12337832	671088768
45290252	671092736
27666596	671088768
66822320	67141633
43200452	671088768
35766596	36865
39772208	1610613248
41461868	1074298880
74954720	1085440
21708560	1073745921
46803656	671088768
72132356	528386
29658548	671088768
35576408	2164264960
76042388	37120
63402176	1610613248
9344396	36866
10821512	4295000065
25124492	1610613248
27428132	1074823168
57562724	671088768
24321296	561152
13629296	134217734
64414028	37120
75234008	1610613248
61554080	28672
263324	68190208
6406688	1610613248
47225828	1081345
29417492	4362076161
41143700	36865
51310820	67112962
47908496	524353
2922716	40961
60613508	1610613248
583760	1610613248
13609856	524608
32812364	1081348
49125116	4311744513
43209524	1073778688
46635500	671088768
15068180	671088644
38055332	100728832
18456896	1610613248
60876920	8392736
37385300	4295000065
53886944	671088768
33065084	4295229456
9531992	4362076161
25652288	8425472
63170516	2147487760
71372252	1074823168
38397152	1073778688
57192716	671088768
28557272	67141633
69170024	67141636
49685960	1073750528
76466504	3221356544
54932816	5368709121
29813420	327681
75243404	4295524352
56033120	1610612992
35344748	1610612992
70363640	1610613248
10873028	134250497
13083032	671092736
40044044	4311744513
60963428	1074823168
74014472	671088768
36381548	4295000065
63547004	8392706
44408000	16814080
24674132	2147487760
54271532	1085440
21859220	1610613248
72050384	671350784
9379064	1610612992
19705268	4102
67145996	1085440
45626888	671088768
57402668	671092736
69055976	67145728
17647868	1610613248
74996516	1610613248
63779636	1610613248
37280972	671092736
35092676	1081345
57408500	1073778688
63136820	4311744513
78477572	4362108928
49878092	2148012032
37288748	327696
57047564	163856
66577376	16809985
39917036	36865
59720888	671088768
2094572	4362108928
17093504	1610612992
61338944	671088768
54149060	1073746176
69498884	135266308
42449096	2148007938
1997048	67145728
25461128	671088641
40978136	671088768
25329260	2147520512
7151240	1074270208
52365440	671088768
32791304	32864
79886000	2147520512
34737896	16781313
35752016	671088768
40572488	4303355905
77799764	32833
78512888	4311744513
40770452	1610613248
65503640	2147520512
27011468	150995072
52137344	4311744513
4075184	67141633
13203560	40961
22995164	1610612992
55218908	2147487746
62043644	1107329024
21931472	4311744513
13142000	1610613248
24773276	37376
51313088	1074266176
48798200	70
6961052	1610613248
29859752	1610613248
23022380	1081348
63449156	67141633
63587504	1085440
68259584	1610613248
61857344	2147487745
77469284	327696
25022108	1610612992
56707040	134218753
14237768	2214592528
34892120	4362108928
59601008	1610613248
42535928	2147520512
68209040	1610612992
80174036	1073766400
7807664	4311744513
31114280	1081348
66934424	2147520512
54852464	5368709121
40179152	1107296320
22580120	671088644
38765864	671088644
45450632	671088768
27599204	1030
48754136	4295000065
47240084	671088768
35912720	671088644
81086420	24580
43388372	134217733
57849140	3221229568
25111208	2147487746
38202428	1073778688
38672876	1174405120
16657724	537919744
17765156	36865
72158600	1610612992
17655644	1081348
37367480	1610613248
62228000	1073745921
56607896	20481
62871788	98
12505016	671092736
44057432	1610613248
89336	1610613248
52356368	98
23244644	57344
40594844	134221826
76444148	36865
59669048	2147553280
40649276	1610613248
13288448	1085440
2771408	1610613248
32053556	1610613248
57157400	1610613248
66832688	2147520512
38077688	3221229568
36164144	2148012032
67916144	37120
72162488	4311744513
19459028	36865
562376	70
65216252	2147487746
38908100	36880
41335832	524298
79394492	4295000320
3414224	4295000576
12736676	1610613248
59560508	1074823168
34687028	8425472
76387448	5435817984
81713036	1610612992
17142428	8425472
29439848	1140883456
3184832	4362108928
14877344	150994945
68302676	36865
60367592	4328554496
44560604	17301568
56785124	1610613248
28174628	671088896
60787172	1610613248
13040588	1085440
667352	67141633
38604836	196610
61035356	1074008064
53783912	1610613248
53132348	1085440
32512016	67145728
42692096	36865
16756544	37376
59036276	671088644
59263724	1610613248
67653704	1073778688
63288776	2164260880
75444284	16912384
74397116	4311744513
47002592	671088768
2596448	557120
15440456	1610612992
11948060	1610612992
78207032	1081345
10425260	1610613248
50525120	561152
36282080	1073778688
70119992	1610612992
66584180	557120
54715412	1610613248
1696376	32833
1572932	36866
51519800	1610613248
56582300	1081348
57027476	28672
67745396	8425472
38648252	135299072
77886920	327696
4760444	67178496
50955716	4362076161
11885852	1074823168
36986132	81936
20614412	327681
70146236	1140883456
67680272	1610613248
49082024	67112961
40120184	134218753
30560888	36866
43520564	2147520512
6050288	2147520512
53079212	1140850689
57926900	1073778688
67464164	36865
21668060	150994945
9979760	66576
1076240	16777250
75907604	2147520512
38769428	2147520512
75169532	1610613248
33993020	36865
75053216	2147520512
53781644	671088644
75913760	3221229568
624260	70
34868792	671088644
68369096	1074823168
68813624	36865
34880456	1610613248
16967468	1081345
76284740	36865
22601504	1610613248
2050832	1610612992
81004772	671088768
79212728	36865
62268176	36865
59060576	4362108928
9259508	1073774593
18868052	671092736
24213404	1081348
74658584	1073774593
10880480	16809985
23992760	2147520512
31589588	16809985
46207172	671088768
36216632	671088644
45409160	2147749888
44585876	37376
5392568	1081600
23460104	35
33831020	67141633
46982828	1610613248
13699928	134742080
3087308	1073774593
28794440	2147745808
80659712	1082134528
31153484	2147520512
8410628	1073774593
1735256	1073778688
61029524	2181070848
59763656	36865
43971572	135266308
2378072	2147520512
67613204	1610612992
81525764	1610613248
43473584	6442450960
70378868	671092736
25510052	1140850689
59812256	671088768
62165792	67108929
81033284	34832
16593896	16781313
68322440	53248
17155388	1610613248
39439136	36865
18592652	53248
8675012	1610613248
38484632	17301568
106184	1081345
76018736	4362080256
19282124	327696
35183072	68190208
28686872	4362108928
47936036	2147520512
56419328	1610613248
48014444	1610613248
36035840	4362108928
51431672	4311744513
6111524	201326593
20920916	1107329024
64435088	1610613248
6851540	4295000128
66356084	1610613248
74483948	4362076161
71943788	2147520512
14427632	1085440
27092792	4311744513
80728724	37376
42228128	1073742084
69335264	16814080
211808	32771
7720184	2147553280
3056528	83886081
35867360	4311744513
39014372	36865
51808484	5368713216
57568880	1074270208
13999304	1610613248
63717752	1610613248
73567352	36865
7282460	1610613248
72286904	4295000320
57217016	671088644
9503156	2147487746
29402264	150994945
64049852	2147520512
32115764	2147487745
55831592	1610613248
32897900	800
36949844	1610612992
52313924	32801
73388504	1610612992
31752236	4328554496
16725764	1610612992
30469196	201326593
79103864	8425472
55905788	671092736
29744084	83918848
51099248	671088768
80830784	36928
48890864	1610613248
1946504	1610613248
38345960	1610613248
14996576	2148012032
39775124	4362076161
34310540	593920
58484828	1610613248
78840452	1082134528
28941536	327681
28843688	134217858
55683848	1073742084
23705372	6442455040
58418084	1073876992
54041816	2164260866
15442076	150994945
39731708	67158016
53146280	2148012032
36824132	2147487760
5877272	4102
71272136	135266308
53316380	1610612992
35607512	1090551808
57008684	671088641
35737112	1610613248
72501716	1610612992
71963876	134250497
61285808	1610613248
58797812	2147524608
569180	671089152
57054368	671088768
64653788	67141633
67634588	32833
21478844	36866
77271968	671088644
19032644	150994945
46958204	1085440
61203188	1610613248
45495020	671088768
27881732	4311777280
65605376	16777730
44913440	1610613248
73278344	16814080
66273140	69648
755480	1610612992
42122180	1610613248
47483732	671088896
7046588	671088768
12650492	671088644
2299988	1085440
31814120	4362108928
20193536	1610613248
58991888	37376
1066844	2147520512
63661376	528385
49617272	1081348
47542052	36868
32743028	1048836
65380520	37376
108128	67141633
23935736	150995072
24009932	537919492
69702032	1083179008
37234316	269516800
53886296	4362338304
26441876	1090519041
30875168	1073778688
55179704	36865
39832796	33281
78703076	1081345
1277120	150994976
31180052	57344
63847676	36866
6577112	1610612992
55131752	3222274048
37866764	1107329024
27983144	135266308
9345044	536871170
75355832	671088768
58841876	1081348
23975912	536871680
57085796	1073778688
43726304	4362076161
69072500	36866
59015540	671088768
18624080	2147487760
59078720	16814080
60598604	36865
32136824	4295004160
4633436	1073778688
36222464	1610613248
74742824	2692743168
12511172	4311744513
74634608	1610613248
30512612	75497473
79445684	537919492
13364264	1610613248
68299436	671092736
23652560	67141633
20210708	150994945
12528992	671088768
2034308	1610613248
62626196	67141696
56660060	4362108928
60099320	67145728
71786648	2147520512
40540412	36866
52649912	5368713216
55929116	3221356544
58543472	1074266176
16404680	4295000320
80155244	1073766400
25717412	1610613248
66899108	1610612992
30496736	2147749888
7223168	1610613248
62265584	1085440
57903896	135266308
64190468	16781313
1380800	2147553280
78759452	1081348
49103408	2181042176
46619300	3221356544
41091860	1081348
35074208	2148012032
40418264	4311744513
47496368	4362108928
3284948	4328652800
73074224	4311744513
32573576	37376
530300	4295491648
11824616	16779520
35308784	671092736
14628836	83886081
17231528	16809985
11528480	1610613248
67905452	16809986
76374164	53248
78789584	671088768
971264	8552448
48508544	4311744513
3423296	67141633
12466784	75497473
38562068	1081348
48521180	2147487746
48139508	671088768
66960668	2147520512
2934056	1610613248
76084832	1073762304
52791500	1085440
3896984	1085440
12297332	137216
74434052	2147520512
80829164	83918848
32201300	1074823168
77316356	2147549200
76639844	1610613248
66648008	4353
58439144	1085440
975152	1610613248
19094852	67141633
41408408	134218753
5375072	67141633
63421940	4295004160
47946080	1085440
76822580	2134016
36416216	1610613248
56694728	1610613248
28021376	671088641
10922276	57344
24235436	134283265
70282964	1140883456
10964396	1610613248
21642464	1081345
18806492	524354
69415292	28672
59392676	37376
34748264	1610613248
33347288	4295000065
15572000	83886081
15790376	150994945
3266156	4295004160
73763696	8392706
70196780	36865
59119544	16777249
81161264	1073778688
30861560	2147520512
34587884	4362108928
73484084	4130
27758612	67112961
3738548	561152
56618264	671088768
2706284	1610613248
24481028	671088644
51054860	536871169
77970836	1610613248
25542776	4311744513
4715732	4102
12537092	1610613248
33561128	134283265
62748992	1085440
4080692	2147487746
31815740	98
9510932	2147520512
30389168	1610613248
37142948	2625536
38757440	4362108928
24948236	1610612992
27075944	1107329024
72261956	1085440
7466168	3221229568
68630564	1610613248
56017892	1073742081
39057140	671088644
62814764	1074823168
55216316	1085440
20902772	4362076161
65677304	2147487760
5923928	268568576
65525672	1610613248
4294532	557120
5423024	67129344
47453600	134250500
44933204	16912384
33011300	36865
79531220	4362108928
19345304	1610613248
76362176	4311744513
20698004	36896
71820344	3221229568
69693932	5368741888
80468228	8392736
34238936	2164264960
48404864	67112961
58876220	67112961
259112	4362108928
69063752	1610612992
37985996	16912384
28049888	36865
57139256	5368725504
3042272	4106
31402640	800
12548756	671088768
49619216	671088768
14627216	36865
67322900	1073745921
16041152	4328538112
44793884	536907776
37799372	536875009
594128	150994945
3209456	16777474
42376196	4395630592
78888404	671088768
23690792	1610612992
32190932	1073758209
70200020	1610613248
76394252	36865
26756804	8393216
50666060	671088768
52480460	4362076161
9992072	1610613248
33148676	6442450945
40211876	1610613248
41426876	2129921
25693436	1081360
34892768	4311744513
51318920	67141633
24289220	57344
34154372	671092736
22514024	36865
22055888	1081348
37281620	4311744513
20225612	1610613248
12419156	16809985
75179576	1081345
18264440	36865
14433464	1610612992
3277172	327681
20114804	36865
37068752	4311744513
49285820	671088768
44394392	671088768
12496268	1081348
59814200	327696
22955636	37376
67176776	1610613248
32840876	83886081
5693888	1085440
56053532	36880
52145120	2701131776
65579780	4295524352
48669572	671088768
54662276	67240000
43605452	2147520512
3699020	671088768
1979228	32833
76460672	1610613248
76336904	1610613248
67229912	1610612992
45247160	557058
22051352	671088768
46925480	1085440
68738780	2148012032
29112284	1610613248
1542800	1085440
10659188	16781314
46292060	1074823168
43793372	1610613248
5536748	1073745921
38106524	83886081
13284884	1085440
27836696	16814080
71674220	1610613248
20121284	3221229568
43954724	299008
187184	2147520512
76005128	16809986
29722700	1610613248
35220332	134217860
70919300	4311744513
80027588	8437760
47922104	1610613248
55862372	1610613248
15584960	4362076161
16471100	135266308
16896512	6146
54840152	2147487745
1633844	4362108928
40428632	1610613248
4802240	1610612992
70870052	4297097216
33508640	1610613248
58808504	2147524608
5695832	150994945
76507652	1610613248
27831512	4295000320
47099792	201326593
11782820	1610612992
46804628	1073778688
24498524	2147520512
77379212	37376
40887740	671088768
17969276	1074823168
18020144	2181070848
74199476	2147749888
53561648	671088644
17032592	403701760
42931208	561152
33082580	83886081
2178164	32833
19899992	150994945
59895848	1074069504
47311688	4362108928
42276728	1610612992
3708092	671088768
39993824	36865
33597092	1610613248
19022276	150994945
44070068	1610613248
5588912	32833
6716108	1085440
52326236	1610613248
72511436	1610613248
22580444	671088644
917156	68190208
42608504	1610613248
80770844	8392705
36797240	1074823168
14708216	100696064
38228672	1610613248
36391592	98
42958424	671088768
4420892	671088768
59410172	5435817984
72831872	4311744513
54221636	1081348
62526080	1610613248
37156232	37120
46384076	671088768
31106828	561152
47754920	1027
40407896	1073778688
31179728	528448
34645556	1610613248
22999700	4311744513
66407276	65570
37620848	1350565888
28365140	2147487745
37726148	1073745921
37923140	1073778688
56346104	135266308
28850816	5377097728
32295584	671092736
4482128	524322
23164292	2147520512
1287488	524802
21570536	2148012032
80780240	36865
24398732	67108870
26960276	57344
5676716	1107296257
53491016	1090519041
26902280	1610613248
35036624	150994945
28686548	83886081
49296836	671088768
67441160	1610613248
49999592	4362076161
53430104	134254592
42570272	1074823168
71846264	37120
79348484	67145728
23997620	672137216
710444	8425472
21537488	1610613248
72936200	1610613248
61591340	17301568
54386552	69648
80478596	4295000576
29803700	1610612992
13945844	37376
21893564	5435817984
15000464	32833
6303008	1610613248
5191688	327696
76363796	9469952
44501636	16781313
1178948	36866
64508636	4102
61670720	1610613248
21911060	2147487760
32107340	1074823168
17879204	1074823168
52293512	4362108928
32863232	37120
1124516	14
12522836	201326624
57028772	2101312
77391524	1081856
44155280	4362108928
41104820	1610613248
74371520	1212416
53528276	671088768
39078848	1073774593
38638532	50
26907140	1074823168
63802964	83886081
13593008	2148012032
70253804	1081348
13743992	167936
33451940	2147487746
39498104	4311744513
41788784	1081348
1343540	1610613248
73714772	2101250
74916164	1140883456
12749960	1610613248
24104864	2147520512
63414812	40961
6489308	1174405120
40388456	671088644
49781540	1073778688
81282764	4311744513
12760652	1082163200
45003836	671092736
42742316	2147520512
30804536	561152
74549720	1610613248
1819496	1610612992
27242480	83886081
54570908	4362076224
14329784	1212416
81309332	2147553280
2474624	524354
16558580	1610613248
65488412	671088768
56551520	1610613248
56186696	1081345
15746960	134221825
5611268	8425472
38081252	1610612992
57077048	1073745921
57172952	1610613248
35923088	4099
46591112	36865
1225280	57344
42432572	2148012032
4512260	36865
43312880	201326593
33020048	1081360
40380032	2147487746
26844608	671088644
73852796	1610613248
21491156	16809985
30470816	268568576
77909276	4362108928
25832	3221229568
19017416	2147487746
51120956	37376
71896160	1073745921
30163988	1081348
16019444	1074823168
77023460	1610613248
69456440	32833
30109880	4362076161
56846684	524353
73258256	1610613248
79292	1610612992
912296	4101
54261488	1073745921
77450168	4328554496
36351416	671088768
12600920	6442450945
73758836	2147520512
35150024	4294967361
417224	327696
35569280	671088768
62112008	83918848
74391608	69633
37319528	4311744513
7334624	16809986
10537688	1610612992
12457064	671088768
69853340	25165825
56546984	4362600448
73380080	1083179008
9805448	8421377
6415760	4311744513
27548336	36866
68739104	671088768
51391496	150995072
13373660	4311744513
59864744	4362108928
62365376	102400
3064304	4362108928
75382724	8425472
16981400	83886081
31385144	1610612992
23102732	2134016
2376776	67141664
72658532	1073778688
16766588	1610612992
157052	671088896
37686620	1610612992
81314840	1073745921
20138456	1074008064
9232940	2147520512
11236880	57344
561080	2147520512
71101388	1610613248
50783024	4130
61071320	1610613248
49515860	4362108928
46354592	100696064
39472508	1610613248
80137100	1140850689
14903912	4311744513
13083356	4311744513
29191340	86016
28231004	83886081
29002448	671088768
2189828	1140883456
67860740	671088768
36075044	4295000065
76666412	16781314
45456464	1610613248
19421768	1610613248
60570416	36865
47575424	1073774593
72792020	150994945
21416636	1085440
59140280	3221229568
62874380	2164293632
39177344	2147553280
80202548	1610612992
33205376	1610613248
48518912	150995456
3651716	1085440
66150020	2147487760
72097040	1081348
68601404	1073745922
60285620	2147520512
10821188	57344
1203248	1610613248
64428608	528386
59870576	32834
54116336	37120
9787304	16644
23749760	1074069504
21015200	24580
14455496	1073774608
21385856	8392736
27328664	4102
46347788	4328554496
62191064	1610613248
71097824	1610613248
11907884	2147581952
76688444	1610613248
43228640	671088768
393896	327681
25427756	4362108928
52180112	167936
19346924	1085440
44433920	1081348
7680656	1081348
19924292	83886081
51638708	4362108928
26410448	1610613248
36692912	1610612992
46869752	150994945
5859128	67633216
58734308	16785409
1987976	1140883456
1697348	4295000576
19400060	2147520512
45067988	671088768
56329580	1610613248
65338400	36865
77837348	1090519041
17754788	671088641
51809456	3221229568
10645580	2147520512
38061164	1610613248
80169176	1073778688
36345584	167936
44888492	1085440
35590988	67141633
79031612	5368713216
53070788	1073742084
14481092	150994945
44272892	4311744513
53294348	1610613248
30351908	50
67775528	1140850689
731504	2148073472
79545476	36865
487208	1610613248
35120864	2147483666
70290740	4362108928
31401668	800
27437528	2147520512
59711492	16809986
64789544	1081348
42643496	299008
27879140	8396804
59086820	4362108928
24368600	2147495936
46943300	1048610
41227940	67141633
557192	2147483906
63887852	1073745921
1236620	1610612992
32559644	1610613248
10242200	8552448
32431664	1610613248
41704220	1610613248
78373892	37376
43542596	671088768
1105400	36865
18938360	4295000065
38537768	671088768
64361864	37120
61554404	65793
54903980	2134016
68888792	1610613248
17785244	2147520512
56660708	167936
76613276	1081348
64937612	67108929
2163260	1085440
28865396	2147520512
37653896	2147487746
6206780	1610613248
78968	8552448
27819848	16779520
30142604	1610613248
6525272	1085440
4458800	7
54263432	1081360
64993664	7
12550052	1610613248
60972824	134254592
49187324	36865
68726792	4295000320
11461412	672137216
78154220	1610613248
262028	671121408
18532064	8425472
43045904	4362076161
314516	1610612992
12420452	671088768
16470452	16777732
42668120	528448
6517496	36868
25972724	1610613248
64708220	1610613248
31077020	1081348
10989020	1610613248
75751112	4328554496
58315052	4311744513
79159592	537919492
54267644	327696
1079156	1610613248
68292308	17301568
27835076	671088641
10502696	671088768
74834516	327696
66938636	4395630592
23679128	1610613248
72663068	36865
24332960	1610612992
72394148	536870918
80512292	2147520512
66083276	83886081
67756412	671088768
57309032	5368713216
47251424	4362108928
32177324	16777282
37547948	1610613248
79818932	37120
18905960	1074823168
58565180	28672
14217680	1073905664
30608516	1610613248
45618140	2147520512
43079600	4311744513
33231620	671092736
25892048	671088641
58826000	1610613248
66199268	1610613248
51742388	4362076161
31589912	4311744513
27017948	4362108928
57722132	67141633
65944928	1081348
46946540	83886081
41536712	102400
74594432	1610612992
80716088	36865
61640912	4328554496
36393212	1081348
81338816	2147520512
4219364	1610613248
65966960	37376
31602872	4328525824
52654124	57344
18678188	3221749760
17259068	4429185025
12992960	671092736
18171128	4362076161
38324252	2147520512
44868404	1073778688
50869208	17858560
69287636	2147618816
18036668	524354
4198952	1610613248
56048996	135266308
5581136	1085440
10852940	1610613248
45282476	671092736
81274340	4311744513
3946232	3076
64963208	4295004160
61365512	2147520512
1198712	4294967361
58049372	67112961
10025444	4311744513
32274524	536871680
56532404	2147487746
34267448	671092736
63445916	1610613248
60082796	1610613248
23106944	2147520512
74977076	25165825
549740	1081345
60500	1085440
31090304	2147487746
4541744	36865
56328608	671088768
57576656	1610613248
1733960	2148012032
916184	83918848
5806964	67141633
68214224	16809988
27392816	134250497
68550212	1610613248
40689452	577
67019960	2147520512
78246884	3221225474
20264168	150994945
75360692	135266308
42370688	1073778688
19573400	53248
73404380	2147487746
37812980	1074823168
78772088	17334272
25493528	150994945
6779612	67108929
250040	1610613248
16364504	2147520512
21346328	4294971393
8230160	1610613248
66146132	1610613248
79491368	5435817984
7134068	557120
40500236	1081348
25042844	8409088
34468328	671092736
72607664	1610613248
49214864	671088644
50907764	671088768
36664400	1610613248
64892576	24832
46641656	1610613248
37347716	196610
39333188	1082134528
14549132	1610613248
70916708	4328554496
61916960	16912384
50035232	8425472
13318256	5368741888
16511924	1085440
28016192	524354
79394816	1081348
66005840	4226
38359892	671092736
10110980	134250500
23694680	1610612992
75503900	67108929
34870412	1107296257
1564832	1081345
35562800	4130
49380428	1085440
28226468	2147520512
19855604	150994945
42465296	1610612992
696512	1089536
8916716	1074823168
46712612	1610612992
74490752	2147520512
69822884	1085440
53399000	671088768
43530284	1081348
2020376	4295524352
59501216	2147520512
43403924	1082134528
2402372	2147487808
60915152	671088644
76600964	2215116800
79865588	67141633
38579888	36865
49085912	2592
6184748	1610613248
44369120	4362108928
48487484	201326593
69509900	1082130433
72702596	1610613248
19161596	5368713216
65997092	4395630592
71147720	1610613248
52577012	1073778688
80795792	1610613248
13355516	36866
31302200	1085440
19823528	4102
64681976	4099
30367136	83886081
35900084	1610613248
50609036	327681
5499812	1610613248
532892	1610613248
56825948	65793
60517280	36865
30952280	32833
33655412	1174405120
34776128	36865
22717172	83918848
114932	134250497
20108648	671088768
33144788	2155876352
1569692	135266308
1825004	1610612992
65034488	2148012032
23509676	4329570304
54619508	1610613248
37539848	16809985
69457088	1610613248
70126472	671088768
51859028	2147520512
23510972	20512
65977976	36880
36819920	4311744513
19844264	2147520512
35023016	4294971393
5638160	1140854784
81448328	2164260866
52659308	2147520512
77005964	16809985
57088064	1610612992
12347552	5435817984
1519796	1610613248
25740092	2164260880
73067096	561152
56544068	2147487746
65900864	1082134528
65055548	36865
32065220	1115136
41206232	1610613248
34968908	671088644
41773880	671088768
74307368	1073778688
7923332	671088768
27490016	1081345
38097128	4311744513
9322364	2147520512
59609756	1610613248
31274660	1610613248
79066928	1610613248
61199624	1610613248
76332692	1610613248
75829844	327681
51641624	17301568
21775628	134254592
44047712	36865
17179040	16809985
77368844	16809985
48913220	536903684
71550776	1610612992
81630416	4311744513
10264232	83918848
3078884	5368713216
26230952	2147483682
2192096	57344
2592884	1090523136
78549824	1610613248
10281728	40961
67868516	1610613248
72277184	36866
31858832	1610612740
72840620	36865
38433116	4311744513
42867704	671088768
33406580	536870918
17881148	671088768
6778316	1610613248
71265008	36865
23250152	2148012032
5829320	36865
27587216	135266308
119468	67141633
55147952	6442455040
31222496	671088768
22180304	671088644
45565652	1081345
58889180	1081348
67879532	1610613248
74332964	1085440
36599276	1610613248
34197464	24580
136640	67141633
73855712	1081345
65365940	1073778688
58791332	1073778688
44199020	1610612992
48730808	37120
23735504	3221229568
42301676	557120
62054660	3221229568
6115088	1074823168
4077776	4362108928
69133088	16809985
9907832	553648132
2301932	36866
21187892	16809986
57905192	4362076161
320996	1610612992
54376184	1085440
3148544	1085440
34947524	4311744513
39337400	4295004160
16417640	32833
55615484	1610613248
33272120	1610613248
12311912	1610613248
21946700	83886081
70675004	4295491648
33924008	83886081
34904432	557120
70362992	1048582
656336	327681
53803676	1074823168
60376340	3221229568
45207308	1073745921
66044720	5368741888
70931612	16809985
24595076	36865
15788	1085440
96464	8425472
35018156	1085440
1910216	4362108928
291836	1610612992
4173032	57344
78748112	36865
80057720	5435817984
37465976	1081348
17954372	1140883456
2120492	1610613248
18612740	1610613248
63006572	1085440
6410900	37376
74047520	4362108928
69122072	4362108928
50720492	2101504
48907712	2147553280
18975944	561152
48478088	671092736
26936300	16809985
34857452	201326593
14124044	2147487760
76616192	4311744513
21454544	4362076161
44243408	1610613248
23310740	16812032
42256316	4311744513
43197536	16781313
33466196	201326593
68624084	1610612992
56035388	1610613248
34994504	1610613248
13022768	327696
57550088	1610613248
4400480	1610613248
553952	6476005376
70455656	16779268
64671932	16814080
12172592	671088768
51018572	4129
31109096	671092736
27642296	4311744513
58828916	1610613248
26214104	1081348
26629796	1610612992
30018188	201326593
30794816	8425472
4953224	1610613248
65869436	2147488000
50484944	1073778688
33195008	16781313
80815880	134221826
80062904	36865
36311564	4311744513
32633840	16781313
30879704	671092736
43013180	3221229568
3089252	268568576
24031316	67108929
51607928	327681
38819000	67141633
31039436	1073745921
22193264	671088644
17531876	20512
42097556	671088644
38483012	20512
42177584	4311744513
20030240	537952256
27090848	2147520512
4024640	1610612992
20127116	1610612992
27051968	53248
33880592	2147647488
28427996	201326593
22715876	37376
44487380	1610613248
2409824	1056772
81579224	1073778688
4462688	1610613248
31230920	3221229568
8149160	1610613248
327476	24832
44372036	2147487746
9252056	134218753
37420940	268568576
16300352	2147516417
73634096	134217733
35932484	671088768
44061968	32802
79882436	1081856
58001744	4362108928
76230632	102400
5946932	16809985
65424584	1610612992
32150432	1610613248
14836844	1610612992
2032040	36865
67117808	201326593
7529024	1610613248
40267604	561152
53236352	36865
29598284	1085440
20297540	4295004160
33801860	1610613248
4062224	1610613248
40596140	1610613248
50799548	2148012032
31427264	1081345
1602740	2147520512
74151524	16912384
6686624	1081345
40863440	36865
15464756	1610613248
54237836	4311744513
41671172	1610612992
25693760	4130
79017032	5435817984
72904772	671088768
45650540	532496
39060380	2147520512
52061204	2147487746
1544744	135299072
48710720	8392705
9575084	4295004160
54479864	8392705
40454228	4311744513
64020368	69648
1730396	1085440
15239900	1081348
10015076	1085440
22516940	1085440
39011132	8425472
27542828	65793
56473760	69648
48710396	57344
18605612	1610613248
25414472	4362108928
74205632	1073778688
9387488	4312268800
81275960	1074823168
206948	4295000068
78504464	1085440
48827684	1610612992
6125780	67141633
21406268	16809985
48485540	671088768
41892788	4295000065
36125588	671088768
19232876	2147487760
18572888	1074823168
30498032	1073778688
1973072	1610613248
79865912	671088768
76763936	36865
79631984	1073778688
56867096	4362108928
34575572	4311744513
14816432	134219780
57736064	561152
1198064	1085440
62773292	2147520512
1625096	1146880
70664960	1610613248
51920588	1610613248
7874084	1085440
81301556	2147487752
23036312	20512
20897588	1610613248
32385980	1081345
25457888	67
41754764	1081348
49190240	196610
1437176	1610612992
921044	1610612992
74758052	49156
2216720	2214592514
16892624	1610613248
43008320	24580
29405180	671088641
4410848	4311744513
61985324	1610613248
988112	1610613248
56588132	4311744513
30250496	1140883456
63377876	36865
15790700	83886081
76515428	4311744513
76126628	83886081
21262088	150994945
62589584	1610613248
27008228	1610613248
28741304	4328521729
27459884	201326593
46200692	1610613248
27849332	40961
14633696	1610612992
56602064	2189426688
57704960	1074823168
28732556	5368741888
3491660	4362108928
41643632	67129344
1289756	8425472
14865680	4362076161
44156576	5368709121
33989456	1610612992
72472232	4295004160
56651636	16912384
24860432	1081360
12000872	4353
39763136	8425472
31444436	134283265
44911820	4102
23846312	150994945
33403016	528448
56470520	1074823168
67281428	327681
6479264	67141633
81379964	102400
39518516	16777250
29476136	150994945
37019180	1610612992
21669356	150994945
57261404	67141633
46202960	2147520512
46456976	36865
57701720	1610613248
47011988	2147520512
47116964	671092736
401024	532544
17656616	8392705
51166316	671088768
58819196	2148012032
63499376	1610613248
3352340	4294971393
67726928	1610613248
35457824	2147520512
48480680	8425472
18303320	3221229568
52180436	3221229568
15943628	4395630592
42914684	2147487745
67399040	2147487746
27071084	1610613248
7718240	1610613248
31582784	2148012032
1908920	671088768
1144280	4102
23953880	1073778688
47126036	671088768
78874148	5435817984
75115100	1610613248
19904852	327696
46798796	4311744513
34945580	8425472
16879340	561152
79920992	2147520512
12466136	671092736
60576896	1610613248
41031272	57344
22432052	137216
81537752	36865
32432312	1081348
71393960	4295000065
56708336	671088644
56799704	1610613248
45472016	1090535424
37609832	3221229568
42352868	4362108928
70786136	134217738
35002280	4362076161
4516472	67633216
25093064	16814080
65899568	1610613248
1597880	1610612992
49719332	4362108928
59791196	1085440
39703520	36866
31774268	37120
42038912	4362076161
42253076	671092736
21460376	150994945
41389292	1610613248
20750168	150994945
75610172	1081348
28891964	1085440
42916952	1074823168
5751884	1610613248
1164368	2147549185
57572768	5368713216
44211656	1610613248
18347708	1140883456
66242684	37120
15524048	1074823168
64257212	1610613248
30682388	1610613248
42209984	4311744513
34601492	17301568
9203780	1610613248
47429624	2147484674
64658324	671088768
26649884	4295000320
63593660	1610613248
11065160	1610613248
29748944	1074823168
20290088	4295000320
62847164	671088768
13044800	134221826
38666396	1073746176
29304092	4311744513
40711808	1081348
2640512	1610613248
40832984	16912384
5656952	17301568
61929596	2147520512
11972684	1085440
38390348	1085440
50232224	5368713216
867260	671088768
70889492	2147520512
32519144	36865
44975648	524328
12492056	671088768
74897696	6442455040
40887092	1610612992
54957116	2147487760
22426220	671088644
48515348	1073745921
77157596	36865
15414536	83886081
53626448	1610613248
12408464	671088644
78251420	1142947840
38361836	671092736
3164096	134217888
44072984	671088768
18289064	4294971393
29507564	1610612992
5559428	1085440
59069972	1073774656
59003876	5435817984
11606564	5435817984
73619840	1146880
15010508	1610613248
10799480	536875520
58255760	2147487760
31490444	2148012032
19486892	3221356544
174872	67145728
32063600	135184
22566836	671088644
39754388	4362076161
1215884	1610612992
78110804	1073778688
11244332	83886081
22643624	1610613248
78699512	150994945
23397572	1610613248
81026804	1140850689
16217084	17301568
2421488	5435817984
35187608	1610613248
8851268	75497473
17176448	5368741888
47911088	1085440
15568760	1610612992
32188016	36865
32356820	83886081
70803632	536903684
16402088	16814080
2031068	671088768
19378676	4362108928
70288472	16912384
7813496	1610613248
260408	4295000065
57236132	1073873408
43391288	1610613248
57230948	1610613248
79306364	1073746176
1544096	4311744513
5986136	201326593
4096244	1610613248
18086564	2148012032
20773172	2147487760
57778184	4295004160
39617336	1085440
71157440	671088768
38915876	4295004160
49581956	1610613248
74190728	1073778688
655688	2148073472
14022632	150996992
29604440	32833
57987164	2147524608
58417760	196610
15155660	1074823168
15984776	83886081
70772528	1073745921
929468	1610613248
57052424	1610613248
17458976	36865
1751780	1610613248
3564560	34820
53846768	557120
49409588	196610
46596944	36865
67719476	67108929
79791392	8388641
1317620	67145728
33469760	1115136
76372868	3221229568
8467004	2147520512
81147980	1610613248
486236	134225921
19039448	4320133120
367976	1610613248
47351864	37120
49418336	1085440
52511564	4311744513
74818964	1073778688
75291356	524354
65173484	37120
51026996	167936
48918728	1074823168
45005132	1610613248
943724	4102
1674344	36865
7447700	1610612992
5474540	8421888
964136	4296048640
52167152	2147553280
35705360	83886144
31592828	83886081
28266644	2147520512
31292804	3221229568
60353012	36865
9429284	1610613248
27945236	150994945
81264944	1073745921
31679984	37376
21370628	1610612992
47392364	671088768
37648388	1610613248
23160728	1085440
20053892	2147520512
31237724	4295000320
16016852	1073778688
78908492	83918848
66337616	16912384
55396136	1074823168
53793956	83886081
15919004	6442455040
31585376	8392705
36014780	67141633
46468640	4311744513
64577648	17301568
57074456	1610613248
26702372	1073745921
49017548	16814080
36618068	327696
80060636	1073778688
40296764	5368709121
8196464	1610612992
67921004	671088768
68144240	578
66914336	4311744513
11391428	1073745921
61698584	2147549185
8729768	524354
66340208	67141633
12959264	1610613248
12084464	1212416
117848	134250497
25952960	4311744513
56119952	37120
16470776	135266308
50262032	671088768
50352104	1610612992
26595776	1610613248
52817420	36866
47499284	135266308
31160936	4295004160
62033924	1610613248
19849124	1610613248
50960576	671092736
46872344	671088768
49309472	2147495936
42164300	67108929
20648	135266336
68986964	1073766400
16581260	37376
68568356	1610613248
3917720	1610613248
24892508	4429185028
72143372	3221291008
8645528	4362108928
81603200	36865
80125112	1140883456
17556824	57344
73926992	16418
36310916	1085440
80055452	2147487746
71835896	36865
3992888	57344
33847544	4311744513
79127192	1610613248
51312440	1610612992
4978172	536872964
4983356	671088768
25218452	1073778688
61299740	83886081
8378876	1610613248
68551508	1610612992
30173708	1610613248
30318860	67145728
30442628	135299072
76140560	671088768
15651380	20992
74336204	1073762304
17017688	1610613248
3013112	2147520512
22588220	4362108928
12762596	671088768
25907924	2147487746
48461564	1610613248
7379336	4362108928
6988916	1073778688
2369972	167936
28843364	4362108928
32192876	524802
12925892	167936
56919584	201326593
30115064	67108898
1538264	134283265
44219108	536871440
52056668	1073778688
69192056	2147553280
52344704	1610613248
15188060	1610613248
24182300	1610613248
18075548	66576
15116456	24577
50243240	5368741888
59805776	32864
916832	1140883456
65662076	1073745924
29307656	32834
29372780	5368741888
7099724	1074823168
75367496	1610613248
60352364	327696
44561576	1074823168
15510764	16814080
41443724	4311744513
44910524	321
58993832	1610612992
76816100	1610613248
77207816	16912384
52961924	1610612992
32591396	1073774593
44425172	1140850689
11629244	1610612992
23406968	1074270208
29451188	3221229568
57973556	57344
233840	1085440
35224220	4311744513
53058152	4295000065
13857068	167936
26851412	4311744513
33738356	67112962
58990916	524548
74702324	16912384
51326696	1610613248
53492312	4311744513
58566152	1085440
64453556	671088768
39486764	8425472
56335088	1085440
78840776	4311744513
24502088	1610613248
269156	4130
7966424	4362108928
4995668	1074823168
23308796	671088768
62849108	557120
74531252	196610
11575784	57344
70453712	36866
18302672	83886081
72637148	1610613248
19130492	4106
32066840	2148012032
49217132	67141636
15944924	1074823168
34330304	16814080
58129076	1074823168
9547544	67141633
22491020	671088644
40291580	2147749888
79392548	4311744513
25187672	1610613248
42612392	36865
239672	5368709121
28862804	134250497
19998812	525314
67944980	1610613248
57747404	2147520512
57711440	53248
15429440	150994945
22377296	67141633
2928224	1090519041
8682788	4295000065
67054952	1610612992
44485760	2147520512
63076556	36865
55186832	196610
52952528	671088644
23467232	1610613248
5631356	1610612992
37351280	196610
7508612	37376
60795596	4362076161
48259388	800
132428	67141633
46866836	2147516418
49679156	4362076161
37140032	1610613248
46350056	65553
78497660	1610613248
7422104	36865
10672148	36865
29648180	2147487760
49142288	671092736
3633572	524802
963488	67145728
18771824	150994945
471332	268502016
41818592	36865
14214764	2180
78635036	36865
28316864	671088644
14244572	1610613248
1978904	1212416
5264264	1610613248
26127272	1610612992
33466844	4311744513
48606716	2147520512
871796	150994945
51107348	1610613248
2398808	4362092544
53549336	1610613248
9799940	1081348
74061776	1610613248
55890236	1610613248
5919392	524802
26451272	67108929
20396360	2147520512
47385560	671088768
50227364	671088644
47742932	2147549185
38498240	196610
2357336	67141633
51383072	1610613248
76048868	1073742592
28326260	16818176
44200316	1610613248
70861952	1610612992
562052	1048582
45515756	16814080
70416128	1610613248
4498976	1081348
57229328	671088768
42174992	24580
45232580	1085440
1284248	83886081
38729900	196610
34016024	1610613248
31842632	1610612992
2438984	1085440
36015104	4311744513
16325948	32833
31512476	1610612992
14928536	4362076161
8894036	671088641
14743208	134254592
41334536	134254592
74559764	1610613248
81214724	33587201
26782724	37376
17118776	201326593
43681592	4295000065
2312300	8421888
2928872	268568576
11964260	83886081
6114116	69633
43455116	2147520512
58676960	671088768
32275172	83886081
38605160	1074823168
39465704	671088768
10396100	1073745921
72154064	83918848
555248	1610613248
32441708	1610613248
52558544	1085440
3203300	196624
29787176	1610613248
36130772	1081348
79214996	1610613248
5171600	4353
30681416	1610613248
6148136	1140850689
29204624	8425472
36585020	16777219
67934612	536870918
1455968	1140854784
4225844	2147487746
63932240	53248
47629856	524353
943400	1610613248
37175672	4362108928
47286092	4362076161
32996072	1073790976
80704424	1610613248
69480416	67145728
34727852	1610613248
28859888	150994945
62493680	4362108928
5364380	1610612992
48292112	4362080256
1945856	1610613248
20034776	1610613248
69745448	134217734
59734496	32833
5126564	2147520512
52749056	67112961
80585516	57344
54519716	134283265
19019360	1073778688
40028492	1610612992
61500296	8392736
56313056	557120
15821480	1082134528
2995292	83918848
47933444	16781313
20868104	1081348
43514408	1610613248
39340964	36865
59058632	4362108928
24620996	4294971393
1267076	2164264960
2463932	8425472
42016232	1610613248
55209512	4130
36212744	1085440
71456492	4311744513
479756	1048610
25213916	1090519041
74600264	16809986
18036992	134250497
73587116	4296048640
70941656	4395630592
27998048	1073778688
75721628	4295004160
47234900	4311744513
5579516	2148012032
20534384	32802
47644760	2147520512
34077584	67
49981448	671088768
67779740	4295000065
63293312	1073778688
79157648	1073778688
49651940	134217888
761312	4328523776
57132776	40961
8436872	1610612992
65908640	1610613248
67967984	2147549200
22451168	67141633
48213704	135299072
46626428	671088641
80777972	1610613248
72812108	1146880
68513600	6442455040
76308716	528640
15169268	1610613248
13861280	561152
30047672	36865
20405756	134217888
51298508	1073745922
35657084	28672
8306624	2147647488
40924676	4311744513
64080308	36865
23028212	57344
35613992	3238002688
1945208	36866
24863996	32833
12168056	1140883456
12660860	1073778688
377696	360448
27925148	65554
25728104	37120
38934668	4362108928
36179372	134221825
41881124	1610613248
69792752	67141633
61961348	2147487746
13141676	1610612992
73276076	16809985
66109844	2147876864
37119944	36866
77332232	4311744513
67775204	671088768
46961768	671088768
46837352	671088768
55736336	1075839040
38671904	24577
5827052	671088644
46364960	4362076161
65159552	2164262912
54105644	1074823168
21778220	32833
30742328	98305
11152964	67112961
73264412	331776
43664420	1085440
62891228	1085440
8624144	1610613248
37271252	561152
34096052	1610612992
539048	1610613248
12898028	671088768
339140	1140883456
56008496	1610613248
68304944	150994945
72732404	1610613248
81620696	671092736
50545856	671088768
725996	2147487746
12873404	671088644
43417856	671088768
46243460	53248
5150540	36865
41795264	4311744513
78062528	4362108928
40121156	671088768
2683604	1074823168
386120	136315136
73718660	687865856
32268692	134217734
46269380	2147520512
13544084	1081348
25708664	2147520512
44583608	4395630592
2870876	1610612992
20733644	1085440
24135320	1610613248
10405496	16809985
16002920	8425472
3718136	1610612992
56188316	6442451008
68799044	671092736
56825300	16779266
10184528	3221225474
31586672	327681
43108760	67141633
59502836	671088644
52357664	1140854784
63788708	1073790976
43653080	2359360
35876	135299072
23663900	16809985
62611292	2147487746
23083940	4362076162
19031996	4311744513
13131308	4429185028
50272400	1073778688
62092892	671088768
33107852	561152
23861540	134217733
66687212	4311744513
47555336	134283265
57035252	36865
68062592	167936
12978380	524354
65494244	671092736
35097536	671092736
26043680	671088644
49754000	1610612992
42724172	1610613248
33923684	6509559808
21160028	16809985
9781796	1085440
15416156	83886081
72844508	1073778688
24500468	67141633
53931008	1610613248
18251480	671092736
49264436	1073742084
74512784	1074806784
54616268	2147487746
63597224	33025
2831672	561152
80589728	1610612992
9377444	67141640
24906440	83918848
40634696	3221229568
40684268	671088768
28080020	4311744513
47246240	2147520512
69382892	1610613248
44472152	36865
74060480	1610613248
25102136	1073774593
27918992	4362108928
30020132	83886081
74791424	4328554496
67049444	150994945
27018920	150995072
11909180	1610612992
37062920	138
37356788	1610613248
64415648	65570
53322860	1610613248
47537516	1610613248
67157984	3221229568
652124	1610613248
63412220	299008
49465964	2147520512
77429108	4311744513
566264	4102
31844576	5368709121
74472284	16826368
1911512	671088896
67743128	37376
32308544	1081345
63725204	528386
62254892	1610613248
15432032	2147520512
18765020	67112961
80989220	4362076672
56188964	2147749888
77448224	150994945
536780	70
66885176	671088768
31399400	671088768
58021184	1610613248
75168560	16777219
38648576	4311744513
47305856	67108929
72845804	1085440
26111396	671088768
76973564	1610613248
33868280	578
5862368	1610613248
46498772	671092736
1448516	135184
26128568	5368741888
46585604	57344
28438040	2148012032
68747852	2147618816
61670396	1610613248
16904936	83886081
40954160	1073778688
20465372	1610613248
70366232	67108936
34245092	67112962
31494980	70
80081048	4311744513
67936880	1610613248
46897940	4362108928
66776960	5368741888
71633072	4328554496
52058288	1085440
7665104	671088768
55943048	100696064
37726472	671088644
33099428	1610613248
53031584	671088768
52338224	2147487760
3451484	163856
41277188	150994945
7708196	2147520512
52369328	4130
31581164	671088644
38403956	134217864
72103520	16812032
20972432	1081348
36957944	83918848
70338692	1073778688
75350324	1610613248
61268312	1610613248
490772	1610613248
21890324	1049602
52252688	83886081
58209752	16779265
36637832	1610612992
37326008	4295004160
30852488	32834
77814020	1073766400
54529760	1610613248
34051988	671088768
9254972	4311744513
39775772	2147508224
47121824	4311744513
5218256	1610613248
41923568	67141633
37251488	1610612992
77213972	67113216
66131552	67141696
71832980	4311744513
41598596	4295000065
63642584	800
56054828	1081345
3011492	1073778688
8900840	65793
76676780	16809985
69037184	16809985
52580900	8425472
569828	6145
8818544	36865
64898408	561152
44255396	53248
35876108	2147487746
61729364	2147520512
22089908	1081345
77399948	1081345
25928660	671088768
15326084	4295000065
2340164	524322
14534552	671088644
39792620	1610613248
6063572	671088768
79354640	1610612992
37871948	5435817984
81002828	1085440
27156296	1610613248
34689944	671088644
2172008	16809985
79646888	33591296
41876912	16809985
14676788	36865
3142064	150994945
74029376	268502016
61847624	201326593
44585228	5368709121
34900544	1610613248
22591136	1610613248
16210604	1610612992
80053832	2147749888
52564376	1085440
12625544	1074823168
16299056	4311744513
63235640	1610613248
77390876	36865
18785756	16402
54354152	2147647488
32745620	40961
7987808	1085440
45079976	671088768
29064332	4395630592
81054344	2147487746
3873332	2147520512
67726604	134254592
77083724	671088768
24516344	2148012032
44028920	2147520512
77817908	4336910336
33328172	2147487746
62860124	3221229568
50596724	4362108928
78012956	135266432
39659132	1610613248
33106232	1610613248
13818836	98
76656044	4362108928
43631696	2147520512
2547524	2147618816
2340812	57344
51192560	1081345
13706408	1610613248
62203376	1073778688
6553460	1610613248
34327064	4295004160
67308644	1610613248
33824540	2147520512
27822440	16779520
36296336	16781344
62822864	1610612992
42740372	1081348
77589812	1610613248
29203976	561152
19997192	1610613248
41246408	2147553280
43457060	134217857
19108136	1074823168
23929256	671092736
53900552	3221229568
80774408	1073778688
63088544	671088768
25719356	73732
36732440	1074266144
28278308	671092736
3809504	134217858
4137392	1085440
73913708	83886081
2792792	32833
91928	134250497
40568600	1610612992
40412108	36865
21158732	16809985
80585192	1073778688
3115496	4295000576
54312032	1610613248
52072544	1610613248
5106800	2147520512
46572968	1610613248
47299700	37376
65456660	671088768
294752	671121408
51894020	1064992
7770080	1610613248
74567864	53248
57189152	327696
49583576	4429185025
28240400	2147520512
3375992	150994945
63541820	2147520512
75492236	1081345
63125804	4102
33376772	1085440
11501588	2147520512
16652216	1082163200
19025192	1610612992
58489364	4295000065
50857544	671088768
782696	136318976
46645868	1610613248
34029308	4295000065
46779356	2156003328
41699360	70
62712056	8425472
24882464	1610612992
1673372	2148012032
53027696	671088768
38207612	671088768
78325292	2129921
26188508	32802
8092784	538972160
72712640	4311744513
10391888	2147749888
38239688	2147520512
65609264	1610613248
131132	134250497
16059296	1149239296
31200140	2147520512
59132504	4295004160
27405452	201326593
3686060	57344
48777788	1610613248
44983100	1073745921
12077336	1081348
60550976	1107300352
631388	4429185028
56524628	2147520512
75285848	1610613248
36621632	1081348
25836320	57344
24953420	671088768
48468368	100696064
36143732	2147520512
9750368	66564
76097144	83886081
5978360	4362108928
71239736	196610
31142144	671088768
68736836	1140850689
5618072	2147487746
50110400	671088644
4478564	1610613248
8770916	536875520
23380400	671088896
31846196	16912384
41383136	1610613248
24124628	1074270208
54969752	5368741888
9024608	2147553280
61229108	1073774593
34754744	2147553280
64914608	1610613248
6535316	3221229568
80596856	2147487746
4295180	8425472
46339364	17858560
10480664	1085440
72644276	2147549185
36270416	44
46993844	1081345
67442780	67141633
53700644	671088768
629768	1074823168
489152	2625536
5757392	4295524352
42910472	4295004160
14362184	4362076161
49413152	1082134528
317108	327681
23168828	57344
40967444	1610613248
1812044	4362108928
26475248	2147487745
10787492	36865
43018688	36928
6329576	5402263552
42354164	67141633
1998344	671088768
70309532	1610613248
61137416	536903684
63617960	134217860
39918332	4295000065
17670872	1085440
63755984	8392705
1969832	2684358656
72005348	67633154
23610440	200
62283080	2147520512
59627900	1610612992
61890392	1610612992
15086972	1610613248
21250748	1610613248
16376168	1610613248
70448204	2147520512
26065388	1610613248
77255768	83886081
41682836	1085440
58751156	33816577
31233836	4395630592
21540404	8392705
1263188	1610613248
47385236	1610612992
49023380	2129922
78875444	1074823168
24488156	671088768
69499532	36865
64494056	17301568
760988	1610613248
38859176	671088768
33961916	32802
76239056	557120
26981012	536872964
66519056	1610613248
46349408	4328554496
15330296	150994945
5161556	134479876
35703416	37376
31977092	1074069504
12376712	2147487760
47424764	1610613248
14843324	67141633
34588856	1610613248
27234704	2147520512
12599948	2147520512
77622860	37376
49383668	1610612992
44262524	1610613248
26432480	671088768
44917976	1081348
24462560	671088768
30653876	671088768
16706648	2147488256
47158436	2147520512
11618228	561152
36358868	5435817984
51522392	1610612992
33790520	1610613248
1948772	134218256
2051804	4311744513
33447404	671092736
3859400	2147483684
64239716	67108929
61383980	671088768
77397680	41975808
19544888	2147520512
18337988	1140883456
38376416	138
76988792	1073778688
53108696	16814080
42908852	36865
12150560	1610613248
44377544	671092736
44161436	1610612992
68674304	4362076161
33556916	134283265
39090512	1610612992
70367528	1610613248
28807400	1074823168
46913492	1610613248
74155088	1610613248
4811636	150995072
58091168	1081348
39113516	327696
40953188	2147487752
58911536	4295000065
15234716	1073745921
12583100	150995072
5798216	561152
38996228	3221356544
78173012	4362108928
33352796	83886081
75434888	17334272
29465120	1085440
67626812	1610612992
16764320	36865
78262112	1073778688
17269760	134218753
50614544	1610612992
46372736	67141696
31414304	800
54454916	2181042176
42274136	68190208
10616744	671088641
40682972	1140883456
78080348	2147520512
71426036	1610613248
61307516	327681
41691908	53248
45012260	671092736
47242352	671088768
21916892	67112961
48434024	36865
61290344	1610613248
75901772	1610612992
28979444	1610612992
46713260	57344
59555972	1140883456
1032176	1610613248
41609612	4311744513
32036384	37376
47765612	1085440
1215236	1610613248
605792	83918848
1986680	1085440
33324284	134217864
76021652	1085440
5870792	671088768
39102176	1081345
6667184	201326593
47345384	1610613248
50249396	671088768
77916728	1610613248
70090832	36866
71916572	33558784
27811424	1085440
3092816	4295524352
67899944	1074823168
39236960	196610
4278332	4429185028
69228992	134221825
50149280	671088768
50936276	1610613248
14314880	536871172
64619120	167936
16783112	1081345
10654652	1073766400
68489624	1085440
21987200	3221229568
862076	1610612992
78179168	16912384
28590644	1610613248
59568932	1140883456
65408708	1073746432
59085848	4362108928
64655732	67141696
75538892	3221229568
12206936	1610613248
27284924	201326593
16191812	3221229568
60585968	1073762304
10782308	2147520512
6308840	4362076161
43636556	17858560
26722460	2147520512
20694440	2147520512
58809152	2147524608
5430800	3221229568
5893148	2147520512
75766664	67141633
69413672	2147520512
51173444	327681
50752892	5435817984
14152556	57344
40400768	38912
42315932	1610612992
73639928	4295000320
16046660	1085440
48749276	2181070848
60057524	1081345
51049676	4328554496
20251532	67108960
53006312	2147487746
56071028	1610613248
11056088	83886081
78552092	1610613248
29931680	67141633
79786208	1146880
49819448	24577
57823220	3221229568
35529104	4311744513
61286780	1610613248
65762516	2181070848
12332000	1074266176
47061236	1610613248
35794784	524353
33147380	285212928
62102936	2147487760
74032940	4311744513
43574996	1081348
49656476	671088768
63641936	67108929
7962536	3221229568
54208676	1610612992
70716476	1610613248
43437620	4362076161
39163736	1073745921
68873240	137216
64785008	4102
5720780	4295004160
74570132	1610613248
10822160	3221229568
41831876	1074823168
10936532	1610613248
81324560	524354
60538664	4328554496
15970196	1610613248
8163092	1610613248
67043288	1610613248
2074160	4311744513
13210040	4311744513
33395240	201326593
12323900	2147495936
53426540	1610613248
35198300	4362108928
21877040	1610612992
42816836	4295004160
52977152	1610613248
62591204	4362108928
15745664	4099
27607304	2147487746
4149704	100696064
223796	525344
1893368	1610613248
36229592	2147520512
14985884	83886081
62897060	134283265
35027876	1073774593
72581420	1073778688
78629852	4362076161
1419680	3758096384
39720692	2147520512
8102828	4362108928
63376904	671088768
36988724	4295000065
77839292	134221825
50632688	4362076161
26032016	1610612992
78866048	24577
42213872	1610612992
61314644	1073778688
44312744	671088768
66022688	1610613248
54625016	1610613248
14830364	4311744513
46273268	671088768
75375920	2147520512
44587172	36865
1180892	1610613248
167744	1085440
78048272	150995072
14726036	671089152
41028032	4295004160
65937476	524354
46902476	2147487745
70349708	36865
33098132	2147549186
14879288	2147520512
49349972	135266308
66221948	16781313
6132260	1610613248
59557592	1140883456
49297808	1085440
60856184	1610613248
39629000	101711872
79509512	671088644
74196884	83918848
37379792	196610
568208	2147581952
65213012	1610613248
73324028	150994945
16809680	2147520512
26557544	540736
2672588	65570
28098164	57344
40416320	4161
14495996	1610613248
68359376	32864
49337012	5435817984
19328456	1610613248
66564416	16809985
58209104	1610613248
20324	1058
73904636	4311744513
32768300	3221229568
79461560	4362108928
4968452	1610612992
63345800	1610613248
51489992	671088768
73963928	4362108928
35228	135299072
39779012	4295000065
10867196	1610613248
49315628	2147520512
15686372	201326593
53513372	36865
5979008	2147520512
26910380	327681
52720544	5368713216
12199808	16809985
5276252	32802
45501824	2147487760
57249092	528448
64783388	1610613248
53501708	17301568
49923776	150994945
31784960	1610612992
33526136	24577
31598012	1610613248
49015604	36865
48655316	1073873408
73527500	33028
26539724	1610613248
4765952	671088641
16669712	135266308
81594776	2147581952
41345876	2147618816
19826444	4311744513
43770044	2147549186
65686376	16809986
9865712	4295000320
3513044	100663297
6774104	327696
62146028	2147524608
67298924	1610613248
25338332	1610613248
23775356	17301505
32514284	8392705
40884500	4311744513
7030388	3221229568
10438868	1610612992
9561476	1085440
57290564	671088768
25750784	16779266
6148460	16912384
52803164	1610613248
25268672	4311744513
52043060	67141633
67696148	1610613248
29801432	135299072
19409456	37376
80785100	36865
25270940	3221258240
72015716	1074823168
65298872	1610612992
58890476	1610612992
10395452	67158016
42775040	4295004160
7340456	561152
80793200	1073778688
19361180	1610613248
5847464	4102
26496956	2147520512
1758584	1085440
38087732	4311744513
54776324	671088644
119792	67141633
6799376	2147520512
78643460	36865
35833664	4295000065
278552	4311744513
48878552	1610613248
66226808	2147520512
20679536	67141633
41372120	4099
54986276	1610613248
212132	1610613248
394220	1610613248
22007288	67108897
73420256	4295000576
19664120	1610613248
28442252	2147520512
11781200	4311744513
39009512	536875520
63441380	1610613248
78801248	671088768
39665612	1074823168
46684748	3221229568
59938616	16418
67566548	1090551808
39072044	671088768
75929312	36865
11625356	671092736
13351628	37120
57473624	2101312
68323736	1610613248
41874644	4295000065
34951088	1610612992
62139872	603979777
69435380	1610613248
5943044	1081345
41956940	1610613248
58467008	1073778688
36600248	16809986
48928124	24608
15039992	32834
12561716	1610612992
81353720	67141696
34967288	32864
76289924	4311744513
42982400	671088768
60666968	1073774593
56499680	16781313
22666628	671121408
3322532	1610613248
63415784	36865
80840504	100728832
57199520	1610613248
21283796	37120
33463928	201326593
34023476	1073745921
58771892	2147524608
46244108	4295004160
18513920	1610613248
41263580	53248
40957400	67158016
45584768	1085440
9499268	57344
76113020	2147549200
404264	4362108928
15430088	83886081
58064600	1107329024
46249616	1610613248
11870624	37376
13434572	4294971393
70781276	83886081
56659736	36866
79579496	3221225474
51816908	36865
4656764	1610613248
5556512	1610613248
48741500	2147520512
38695232	1081345
32099888	1073762304
18379136	150994945
377372	1610613248
78510296	36865
18143264	4362076224
63416	1074298880
25231412	4311744513
37790624	1073905664
56622152	1085440
59546900	6146
25861592	4328554496
21091664	83918848
37647092	67108874
36832880	671088644
2366732	1081345
37089164	1610612992
44134868	4311744513
80158808	3221229568
32821760	2147520512
4573496	1073741860
17026760	67141633
61604300	65793
4421540	1610613248
32853836	1610613248
23481164	1610612992
66812600	4311744513
75296864	2147520512
33681008	1082163200
56203868	67145728
38314532	16814080
34813712	2147520512
23522960	67141633
66951596	1610612992
34480316	671088768
53578820	1610613248
19251344	1081345
30292940	201326593
30594260	1610612992
35769512	135266308
7110416	150994945
32777696	4311744513
35639264	2147487760
49286468	16908304
60238640	1073762304
48488780	1610613248
50431484	37376
70002704	28672
54168824	4130
8290100	4395630592
59585780	4295000065
36143084	671088768
1067492	4395630592
28787636	671092736
78623048	2147520512
36798536	4362076161
32581676	4311744513
66231992	67141696
36967016	150994945
74748980	1081345
13541816	2148012032
44228180	671092736
2232272	150994945
79413932	2147520512
47140616	83918848
48483272	4102
46975700	4295004160
28659980	53248
9808040	4362080256
47510948	1081348
51056156	4362108928
49018520	1610613248
46884980	1610612992
50008988	24832
51518180	1610612992
79451516	2147618816
42129956	4295000065
69951512	8392705
4977524	24580
21823256	16809985
23926664	65793
57896768	1073742084
50643056	45056
31161908	2147487745
938540	139280
52547528	1610613248
3110960	2147495936
60451184	1610613248
36498836	1074266144
23530412	4362092544
31051100	1610613248
69144428	1610612992
78014900	1610612992
78895208	1610613248
67911932	1085440
58554164	4102
58569068	295168
13093400	1085440
68820752	1140850689
65791676	1610613248
1595288	2147483666
21561464	150994945
66413432	3221229568
76321676	327696
76913300	1073876992
39606968	1610612992
73081028	150995072
65178668	4362108928
15172184	1610613248
12930752	16809985
8136524	262150
21432836	5435817984
46520156	1610613248
9534908	1610613248
18637040	1074823168
72526340	1081348
15441428	150994945
8324444	3221229568
75911168	8392736
59676500	1073778688
22504952	1073778688
58913804	163841
44951024	268568576
36415892	2147553280
19890596	1610613248
32765384	2215116800
52988492	67141696
41963744	150994945
1334144	2147520512
66008108	1074036736
4440008	2147483682
36305084	4105
47014904	37376
58444004	2147520512
55155728	36865
81205976	3221291008
24388364	1610613248
71110460	671088768
44659424	671092736
26802164	1610613248
50809592	1610613248
43621328	167936
129836	67141633
18432596	67112961
76605824	1073778688
9017804	1074008064
33194360	1610612992
44015636	1140851200
24537728	1610612992
53098652	8392705
18826580	1085440
76494692	671088768
28372268	114688
41360132	2147520512
28130888	2147520512
74076032	102400
37425152	671088768
56347724	67141633
13434896	16912384
16495400	83886081
8751476	1081408
24045572	36865
28334360	150994945
30698912	1610612992
56831132	1610613248
9315884	83918848
75582956	2101312
4773404	67133440
40052468	167772161
61509692	3221229568
22658528	1085440
47062856	2147520512
48283040	2147520512
18731000	1074823168
36318044	1610613248
51790664	3221229568
20013392	4099
57628820	4362076161
39370448	5435817984
28919504	671088768
22420064	2134016
12899000	671088644
80396948	1610613248
36680600	1140854784
49282256	4311744513
58001420	1610613248
81743492	83918848
34399964	83918848
32294936	1073745922
4251440	16814080
36353684	36866
31321640	671088768
4200572	83886081
56150732	2147487746
70084676	2147520512
54246908	671092736
22213676	1115136
43529312	69634
8613452	4328652800
2562104	1081345
6859640	1610613248
33973904	2147495936
36384788	1073746176
4368080	67109889
33489524	2147647488
37240148	16781313
64055360	1074823168
22451816	83886081
11150696	1081346
12488168	671088768
69891896	67141633
35821028	16389
79744736	83918848
77038040	4362108928
20583308	36865
75989900	1610613248
17749928	2101250
14564360	671092736
77127464	167936
63233048	67108929
41558096	36865
49593296	1081345
24390632	1073774593
51447548	4295524352
78846932	16912384
72928424	4295000065
5044268	134250497
77377916	1610612992
80696324	4362108928
35849864	4311744513
1169552	262210
39377900	1115136
12247112	134217734
40722500	57344
37721612	2147553280
78128948	1610613248
9685892	16779520
48539648	1140883456
22123604	4311744513
21610388	1610613248
18890732	2147520512
39015668	2147520512
10481312	1074823168
31714652	6509559808
44082056	561152
50216996	1081345
71459732	5368713216
66447776	4311744513
24232520	36865
54228116	2147520512
29546120	36928
44316956	4099
62644340	1073778688
8590124	36865
29793656	1073790976
67130768	36928
70851908	36865
10384436	1610613248
63277436	2147520512
8562584	37376
39924812	1073778688
12488816	671092736
42444236	4099
977420	75497473
41617712	1073778688
49927340	16814080
23977856	83886081
5185856	83886081
72957908	1140883456
43015772	1610613248
40150640	1610612992
46837676	671088768
62642396	327696
31754504	1610613248
41520188	4295004160
80444576	1081345
68295872	36865
19596728	1610613248
31613240	36865
15569408	4295000128
75721952	4311744513
67088648	1082134528
43760000	1610613248
21874124	2147520512
81541316	1074036736
33614264	1610613248
12497240	1073774594
33264020	1610613248
35870600	4303388672
8215580	1085440
60584672	1610613248
697484	1610613248
63845084	2147549186
75152036	83886081
11981432	1074823168
66098180	2147520512
35410844	1610613248
59101400	16912384
25929308	1610613248
18089156	1085440
28004852	4099
31574036	671088768
61657436	4362108928
17612876	4295000320
40197620	327681
71333696	4362076161
23929580	16809985
6903704	67108897
42443588	1074823168
24421736	137216
71167484	37120
31054340	1610613248
59512556	327681
68369744	4311744513
58672748	37376
20519156	1085440
183296	1610613248
36959564	2147487746
73337636	1610613248
54309764	1085440
48358532	1085440
60599576	4311744513
20077544	1610613248
43618412	2147520512
42521996	671088768
65704196	1610613248
6302360	134217860
4551464	2701131776
78149684	7516192768
77440124	1610613248
59605220	2148012032
34559696	4311744513
12400040	671092736
22197476	1073778688
11910476	671088768
54260840	36865
57810908	4328554496
45068636	83886082
39448856	4295000065
24988736	32833
66838520	1146880
5448296	1610613248
20822420	1610613248
16476932	135266308
31310624	67112961
12035540	83886081
48647216	671088768
53823764	135266308
37347068	196610
16852448	671088644
30482804	1610613248
19309340	67145728
19621352	2147520512
54073892	1610612992
36348176	167936
81556220	150994945
63560612	1081348
22679264	1610612992
79940756	4362108928
15928400	2155876352
79550336	1090519041
25896908	32773
67077632	671088768
67149560	36865
41102876	1610612992
77215916	671088768
76029104	3221258240
18879392	150994945
35878052	150994945
15930668	83886081
77135564	2147487746
59498624	1610612992
80578388	2147618816
38128880	1074790404
74402300	5368713216
35899436	4099
27096032	33284
28462988	2147520512
856244	1610612992
28385552	4295000065
46921916	16809985
47668412	37376
4331144	4311744513
766820	16809985
170660	2134016
604172	4295032896
19978076	17334272
79391900	1610613248
63975980	135680
62196896	1610613248
34092164	16814080
46535384	2147520512
17541596	1081348
38496944	2147549200
7154156	3221229568
48571724	1610612992
80330204	4295004160
70006268	1610613248
10503668	36865
62930756	299008
17519888	331776
45351164	67158016
42753656	2147520512
74062748	167936
47602316	1074823168
69553964	20512
11310104	1610612992
43926860	1610613248
71934716	135266308
53327072	4328554496
3528272	2147520512
24412664	37376
72455708	36865
40890332	2147487746
39203264	196610
3507212	65554
34111280	2147483666
48168992	2148007952
37921520	36865
24761288	1073778688
35911748	1610613248
23614976	1081345
18250832	1085440
27321860	16912384
71194700	36880
52461344	1081345
28486316	1610612992
14155472	36866
32893364	16801792
14294792	1073778688
43610636	671092736
56523008	671088768
79827356	2146304
65464112	1610612992
5708792	1610613248
65747612	536871680
35001308	36865
3573308	67371009
80152976	8429568
77629016	671088768
1062956	671088896
70051304	2147520512
49315952	36865
9570548	2147520512
60226004	4329570304
5225384	143360
609032	1610613248
14722796	2180
39087920	4362108928
25863536	671088768
51842828	67125249
80341544	1610613248
73105328	537919492
40520648	286720
77335148	2147520512
5079908	1610612992
64552052	1610613248
35301656	33558529
25012388	4311744513
81319376	4311744513
1642268	150994945
928172	36880
2231300	2148012032
12426608	671092736
30671696	4130
80078780	1081345
38724716	196610
7802480	16781313
26658632	1140883456
75873908	4362092544
37156880	32833
61287428	4294991872
31779452	524322
198524	4102
76467476	150994945
47104976	528386
3694484	134218753
66171404	1610613248
43303808	2147488000
52266296	1610613248
35114708	36866
45389720	2147520512
30536264	1073778688
5143412	83918848
1432964	98305
716276	4295000065
68211632	536871172
1011764	16785409
29558108	2147487746
32312	2147553280
9545600	1081345
10837388	67112961
41792996	32833
18378488	150994945
20759240	1610613248
48291140	2147520512
74175824	67141633
26779160	2147483682
65614448	8425472
63335432	67108929
57206648	671088644
45646976	1146880
22780676	1174405120
976448	134742272
80989868	671088644
77911544	4362108928
35675552	2147520512
33002552	2147520512
30263780	4362076162
6863852	134254592
28289000	134217733
369596	1085440
24280796	1610613248
18925076	201326593
29769680	1610613248
22556144	2148012032
11907560	1610613248
79933628	4099
625556	1610612992
54436124	1610613248
37982756	1610613248
23000996	1610612992
6742028	1081345
78577688	1610613248
40856312	3221229568
51115448	4362076161
75360368	150995072
46524692	37376
55701992	2147520512
41826044	1610612992
74445068	1610612992
19033292	135299072
66924380	671088644
47962280	1085440
18691148	1610612992
42837248	36866
68277404	1081348
38740916	671088768
25841504	1140883456
12502100	1610613248
37380116	196610
24575312	2147520512
19786916	1085440
9704684	69648
71543648	1610612992
69249728	150994945
3195200	671088644
63908264	36866
79702292	2147520512
40240064	1085440
69981320	1074823168
47339228	671088768
8926760	1085440
66244952	17301568
20928692	1610613248
80534648	2147520512
1049348	1610613248
81244208	37376
72568784	1140854784
17188112	1140883456
24134996	36865
1477676	1085440
64064108	16910336
43543568	83886081
61884884	561152
35970392	671088768
58424888	671088644
52160024	37376
1896932	553650176
7081904	1085440
36464168	4311744513
6242420	1074270208
67628432	1610613248
7237748	4362080256
12609668	4328554496
56891396	1610613248
4707308	4395630592
3969560	20736
72135920	1073778688
8852888	2180
12138572	2147520512
8562260	37376
33579920	2147520512
17807600	17303552
11789948	67141633
7201784	135299072
43464188	2147520512
81615188	1610612992
24081212	67141696
73429328	1610613248
46223696	1610612992
6330872	8425472
52163588	1090535424
48388016	1073745921
7240664	36865
56082368	1610613248
48585008	1610613248
80762420	344064
71973272	4295000065
43406840	671088768
18877772	150994945
57323612	4311744513
44153012	671088768
67408436	331776
31392596	800
59525840	1610613248
45018740	4378853376
71559848	3229614080
66388484	4295004160
68846348	671088768
26528708	4311744513
34778720	1081348
63686648	4311744513
47820692	32833
78635684	2147483666
40342448	1085440
76523852	1610613248
1240832	4295000065
14329460	2147553280
42853772	67129344
14547512	3221229568
235460	1610613248
44925428	134217733
71431868	1074823168
49655180	1610613248
12351116	1610613248
36803396	1085440
17798852	1610613248
53519852	32833
54222608	83886081
45508952	2147483651
36000524	1610613248
12069560	3221356544
57733796	1074823168
22902824	2097409
2925632	2101504
5392892	1081600
15178340	327696
80715764	6442483712
35465924	67141633
16179500	536903684
31229948	1610613248
73998272	1140883456
20578448	134217857
11975276	4102
53148872	671088768
6045752	1610613248
44530148	1057024
60984812	36865
27834428	16779520
61958108	4362076161
5786552	2147520512
72312500	4362076161
44361344	1074270208
81349832	2147553280
44196104	561152
59837204	2148012032
18783488	2147520512
32135528	36865
41228588	67141633
31279520	2147520512
60264560	2147520512
40313612	1081345
2312624	134217858
32847032	67141633
56667512	1610613248
1239212	4362108928
35536880	150994945
12090296	150995008
36635888	2148012032
6112496	671092736
55994240	4226
24477788	1610612992
600932	40961
62171624	67108929
47126360	4296048640
16423148	32774
19829684	150994945
18024032	2148012032
1935488	4328554496
21015524	16809985
8607296	134218753
951824	167936
69411404	33591296
32391164	134217734
51441716	167936
52983632	671088768
56018540	671088768
80611436	1081348
12410732	536872964
40736432	36865
62287616	1610613248
17740208	671088644
1799732	4362108928
33919796	1610613248
22473848	1073766400
39656540	1085440
4557944	671088768
13646144	2147520512
15007916	1610612992
80308820	536870918
44273864	4311744513
28624340	4362108928
71496992	4296048640
13462760	1085440
17542892	3221229568
81252308	37376
10946252	4328554496
52865048	1610613248
67110032	70
59104640	67108898
7916528	1610613248
11401796	1610613248
55194932	1610613248
68293604	36880
18326000	150994945
21098144	1085440
15736916	83886081
81632684	17334272
78225824	1610613248
972884	4362076161
75272564	2147520512
36848756	1610613248
69355352	2147520512
35723504	1107296257
42705056	1085440
56975312	17858560
49201580	83886081
19726652	1073745921
44076548	20481
8886908	67108929
4293236	57344
19020008	150994945
9586748	2147495936
43851692	671088768
13059380	1073745921
68318876	672137216
65363996	4102
48976724	4362108928
39876212	4295000065
80043788	36865
46226288	671092736
61599440	150995072
49067120	36880
71477552	557120
81475220	36865
66077444	3221225474
32570984	1081345
39202292	1610612992
70863248	98305
58211696	2147516417
33165524	4311744513
55948556	1610612992
37165952	16797696
75616328	1610612992
22118096	32833
65723312	37120
5832884	2147553280
58925468	1610613248
31360196	671092736
8250896	1610612992
6595580	557120
8958188	2147520512
73697276	37120
122060	67141633
20532764	4311744513
80362928	2147520512
27544448	135266308
80865128	16814080
61114736	2148012032
33284	2164260880
77416472	1073774593
23314304	67141633
21224504	1140883456
50980016	1610612740
18617276	4106
78491828	1073778688
42640256	36880
1027964	1081345
73588088	2147520512
18479576	50
59554352	4130
74333612	33028
61668776	1610613248
8127452	4362076161
72824744	4311744513
27640028	134250497
4932488	67109124
69388724	1610613248
72883064	32833
8005628	201326593
68794508	16809986
55598636	1074266368
65280080	1610613248
36871760	1610613248
49866752	1610613248
29968616	1073746176
23683988	2147487746
13810088	1073774593
58577168	1610613248
59487284	1610613248
34592420	4311744513
78219344	1610613248
53176736	17334272
53751188	1610613248
73485056	1610613248
20975996	1048836
414308	1610613248
6311108	83886081
2905868	1610613248
41521484	16779520
44661044	671092736
79758992	4294971393
58660112	1610613248
54522632	1610613248
38119160	4362108928
25451732	8425472
36467084	1174405120
9294824	1610612992
20350676	1140883456
33984596	36880
4915964	32836
28379720	1073774593
19074764	671092736
69692636	17301568
17475824	1610613248
13821428	1085440
58073024	2147520512
53021540	83886081
30786716	57344
63336080	201326593
33219632	2147520512
13376900	32802
42505796	1610613248
67380248	1081348
55732448	1085440
46441424	1610613248
12176156	671092736
49455272	1610613248
23511944	671088644
81632360	37376
43282748	671088768
45391340	1074823168
56560268	16912384
74983556	1610613248
81464852	1085440
22000484	150994945
28002908	36865
4546280	1610613248
79368896	1073745921
43274000	671092736
81554924	134218753
60288860	1610613248
693596	2147520512
10796240	4295000320
12036836	66576
27049700	2147520512
14017448	327681
33752612	36868
42418964	16809985
8245388	83886081
19413344	577
67966364	36865
51238892	1610612992
32942612	2147520512
15535712	4328521729
80392088	2147520512
275312	32833
12841976	1610613248
47145152	536870918
26292836	32833
20667548	1610613248
21140912	1073745921
32975984	1610612992
1852868	134225921
80372000	16814080
74490428	4362108928
77882384	32833
60055904	1610613248
48633932	134250497
69229640	1140850689
27101540	16777282
78340520	1610612992
76426004	536903684
11588096	40961
2112392	537920000
47515160	4162
44558984	1610613248
71289308	37376
12384488	4362076161
56012060	1081348
61337972	83918848
60895712	37376
27745976	1610613248
23103056	2147520512
69593492	2147487746
63406064	1085440
37884908	83918848
12512144	201326593
7526756	2147484162
52187888	4295000576
39823400	671088768
204680	1050112
51260276	1085440
47401436	1610613248
61565744	1610613248
42329540	57344
77145608	561152
47152280	1081345
61256000	671088641
26743520	4311744513
75695384	327681
74859464	69648
33009680	671092736
17689340	1073745921
56782208	1085440
53088932	4162
14401064	8425472
34422968	4295000065
17152472	1610613248
5500136	2148012032
6115736	67158016
1007552	393220
61432256	1610613248
12500480	1610613248
71190488	2147520512
42544352	8392705
65433980	4295004160
52150628	35
19013852	150994945
23661632	671088768
69838112	557568
27164720	32833
24069872	8392736
15033188	16809985
3184508	4362108928
3093140	1610612992
77938112	671088768
2060228	8425472
63213608	16814080
59060252	4362108928
40580588	1073745921
79238324	2147520512
13566764	4294967361
77761856	671088768
79002128	1610613248
57167444	1085440
55142768	16814080
56911160	70
10710704	201326593
27522740	4295004160
2501840	671088644
72756380	16418
70056164	1610613248
65536688	1081345
44934500	4311744513
4524248	83886081
62608052	671088644
40011968	1610613248
20754704	1610613248
30047024	1081348
52671620	4295004160
79060772	536875264
73019792	1081345
50801168	33591296
78592916	2147520512
1514288	1610612992
2555948	67108929
56890424	36865
12105200	57344
69090968	5435817984
73885520	70
21082268	1610613248
72409052	1610612992
73634744	2147483682
25692788	1610613248
15168620	4102
23775680	1074823168
44994116	2621444
80294564	2147520512
69265928	4429185025
2569880	17334272
17411024	4294971393
17212412	134250497
22881440	671088768
70870700	1610613248
19382888	36865
49686608	536888320
20392148	2147549185
16427360	135266308
42452336	4311744513
68701196	67141633
55326152	1610613248
76179764	4295000320
26963840	1073745921
1395704	2147487746
8330600	1610613248
18804548	545292288
71051168	1081348
49936412	17301568
42409568	1610612992
44634800	70
20787428	2147520512
37714160	1610612992
70142024	1610613248
49277072	671088768
35979788	524293
19357940	1610613248
25569668	83886081
51468284	5435817984
44006564	1610613248
56411228	671088768
54682364	17301568
66402740	2147680256
64153208	4099
23731616	687865856
78999860	1140883456
11674604	671088768
18170804	2134016
42986612	3221356544
62013512	5368713216
63491924	1073745921
1306604	2147520512
24324536	671088768
75949400	4362108928
8900516	671088896
70924808	557120
37384328	2147520512
79702940	2147520512
68246300	36865
54968456	67141633
17913224	1610612992
56674964	16797696
32071052	4311744513
51419360	1073775104
55785908	1610613248
26257520	671092736
76691036	671088768
6008492	1610613248
32161772	1082134528
5655332	2147520512
68651948	1610613248
75407024	4295000320
72972164	17301506
60196520	4429185025
59692052	2164264960
38906804	4295000320
36268796	67109440
75238868	8425472
20411588	167936
3496844	4311744513
31694888	6442455040
2036900	16809985
8912828	1081348
22963412	16814080
66846296	1610613248
32193200	671092736
38286020	1610613248
10141112	67141633
68808764	1085440
44971760	1081345
45545240	3254779904
37693748	33587712
7600304	65793
50397788	1085440
1535996	2148012032
48523448	4311744513
21886760	150994945
34397696	83886081
69582800	1085440
36938828	1610613248
51988952	4362076161
25996376	67141633
38866952	2180
78588056	577
32131316	40961
54553736	83886081
16263092	4395630592
13592360	2147487746
63344828	8425472
18800984	1610613248
23371328	2147520512
25761152	671088768
4448756	4362108928
5230892	2147487746
2866340	1115136
38383544	67141634
12574676	536875520
8824700	2147520512
46878176	5435817984
38415296	2147520512
37369748	671092736
57346292	671088768
1562564	4311744513
33296096	4295004160
10195868	1081345
23790908	4429185028
18522020	150994945
35666804	1073778688
59011004	67133440
31406852	800
40781468	1610613248
46812080	150995456
56191880	1074823168
37001360	4311744513
58916396	671088768
75579392	1073778688
638840	83886081
47077436	671088768
37247600	1610613248
75712232	536870918
1436852	1610612992
17808896	1085440
32402828	1610612992
31320344	671092736
41982860	671088768
68471480	1081348
76284416	150995072
14449664	3221229568
37633160	4295000065
20086616	1073778688
13777364	36868
55003772	16781313
67995524	2147616768
73471772	4362080256
33654440	4362108928
67208204	1610613248
5743784	4362076161
17056244	557120
34294988	1610612992
62251004	1610613248
34752152	1610613248
18052868	37376
55138232	2147520512
46772552	671088768
30004256	1610613248
24744440	16777736
21774008	201326593
16004864	4099
66825560	331776
29331956	16812032
28808048	16777984
20768636	2147520512
26321024	4328587264
80591996	4311744513
68223620	1073745922
18163028	57344
23580956	327696
55846820	536871170
22296620	1610613248
70001732	6442455040
44177960	1081345
72426872	1610613248
73663580	1081348
19017092	150994945
28675532	1140883456
25469228	1085440
67040696	538972160
67218572	4311744513
915536	1085440
36066620	671088768
19915544	150994945
80511644	2147520512
18800660	1610612992
155756	2164264960
67402604	4362076161
64210232	2147520512
57050480	4294971393
74576936	150994945
24931064	671088644
56186048	1081348
24039416	37376
18968168	150994945
54201224	1081348
40634048	1146880
59461688	1140883456
37123832	536875010
57706904	16814080
72489728	1610613248
6427424	137216
79528304	4362076161
65166680	1073778688
4800296	1610613248
48435968	1610613248
52195340	4311744513
13386944	800
2942480	1610613248
16270868	134217733
33107204	4294967362
14536496	1073778688
27853544	2147520512
67680920	83886081
74418824	4362076161
36759980	1073745922
36306380	1073745921
56118008	4295004160
30305252	4362108928
41009564	1140883456
26502140	1140883456
873740	1610612992
23494772	4362076161
43109084	1085440
75776060	671092736
63205832	67158016
22520828	2147520512
40079360	1085440
5340728	16777732
53947856	1610613248
47756216	4311744513
20095364	4395630592
19724708	4362076161
10970876	2147520512
37136792	3221229568
4934756	201326593
33500216	1610613248
68673656	2147520512
5966048	4311744513
40842056	67141633
29545796	8425472
29215964	1610613248
15810788	83886081
42522968	1610613248
53904116	1082163200
8795216	2147520512
51462776	1081345
30420272	671092736
51988628	67145728
17509196	671088768
8670476	2147520512
36532208	1610612992
66819728	67145728
60929084	1081345
48971216	16814080
42040856	1074823168
19491752	4295000576
31371536	1610612992
58726856	1610613248
56538884	1610613248
39297548	671092736
71569568	201326593
18212924	4362092544
58085984	36880
25960088	537919492
16034996	4295000065
25172768	1085440
44718392	671092736
18242084	40961
52694624	671088644
31377044	1610612992
49048976	37376
28384256	4429185025
56040896	1610612992
68894948	36865
77445308	2147484674
75847340	36865
42579992	1115136
47698220	1610613248
31272068	671088644
6809420	2147520512
67871756	2147487746
79621292	2147520512
44309180	1610613248
38950544	4311744513
6739760	2147520512
16293872	1610613248
28234244	671088768
31761308	201326593
58203920	32802
44313716	1610613248
18615980	150994945
2866664	83886081
22990952	1610613248
41670200	2147520512
52597424	1610612992
57680984	67108929
21513188	4130
33664484	134221825
1107992	134221825
47137376	4362108928
68065184	8421408
1222364	524354
81382556	4362108928
7804748	561152
56873576	4362108928
6949388	2148012032
71646356	67112961
72030620	37120
30520712	4362108928
60735980	5368709121
35449400	557120
74556200	1073742081
23935088	1610613248
63342236	8392736
75790640	1073876992
16640552	83886081
52948316	671088768
57260	32786
10700660	1085440
28770788	1081345
16113728	16781313
13964636	1082163200
39711620	4311744513
72848072	37376
31214396	1610613248
43826744	1610613248
81716924	2147520512
25139072	4311744513
40496024	2147483682
1507484	1610613248
26489180	134217858
32108960	4311744513
45574076	1610612992
37372988	16809985
37766324	36865
38697500	36865
21940544	134250500
5882132	2147520512
10709408	1073778688
43773608	1140850689
41976704	4362108928
54139988	671088768
36582752	16809985
25595588	1610613248
3489392	671088644
29537372	1610613248
2333360	1081348
2274068	1081348
32471192	83886081
27428456	4130
76421468	1107329024
39047744	1610613248
16809356	67141633
42963608	671092736
2492444	1085440
11256968	1073745921
69019040	2147520512
33611672	196624
24489776	1610613248
40486952	67141634
48632636	2181070848
39992528	528385
63634808	4362076161
50496284	1610613248
18522668	4311744513
44053544	75501568
45598052	4295000065
2848520	1610612992
21492776	57344
24834836	4311744513
51170204	201326593
26773328	671092736
19357292	67141633
1095032	37376
11157824	2148007952
8000120	1082134528
73625024	1073876992
53374052	1140850689
65895680	36866
40827800	671088768
77804948	2147520512
23526200	4099
60210776	1610613248
1207136	2147549185
41396096	98305
39372068	671088768
74152820	53248
74870804	1610613248
12431792	671092736
73737776	32785
28007444	2101312
27047432	1085440
20007236	4296048640
63236288	1073741857
23998916	1073746176
44765372	1610613248
3628712	1610613248
3984140	1085440
8410952	2147487745
47086832	1073778688
5103884	16809992
67192004	1073745921
42744584	1082134528
30628928	134250560
28460720	83886081
51071384	1610612992
37741700	1073766400
42248540	8388673
54198632	67
56560916	42
59690756	2147520512
55653716	1073742084
48851012	2147520512
60559400	1610613248
66170108	1610613248
34710032	2097158
18560252	4362076161
21427004	1610613248
47222912	3221229568
27847388	4295000320
56073296	1610613248
80433560	1074823168
12458684	671092736
60966344	1085440
77698676	16777249
66289664	327682
16083272	524384
80012360	1610613248
44349680	36865
44935148	4311744513
43264280	1073745921
4027880	2155876352
3664676	4362076161
50373812	2181070848
15230828	4395630592
76336256	4311744513
72178688	1610613248
54210296	67141633
47700812	1610613248
64418240	1610613248
36895088	1115136
66058652	5435817984
49398572	36896
10321256	201326593
79497524	65554
45710156	2147487746
18582932	16814080
69352760	1141374976
11418644	1081348
29436608	32864
19672868	137216
3835424	1610613248
68638664	1610613248
69054356	4311744513
63796484	150994945
13306268	2147487746
45263036	1610612992
75035072	671088768
28684928	4296048640
68158496	1081348
31352744	671088768
49423196	687865856
56783504	1610613248
62853644	4362108928
75209384	1610613248
66760112	1073758212
74131112	1085440
70596920	2147488256
22989656	1610613248
648236	4429185025
22994516	1610613248
1231436	1140883456
68844404	1073778688
49940624	1610613248
66093644	200704
28703396	28672
21741932	1610613248
66753308	671088768
4626308	1610613248
5716568	769
67724660	1610613248
77940704	201326593
41705516	4311744513
74731160	2147618816
7902920	1140850689
291512	1610613248
18948080	1610613248
80458508	1610613248
7054040	553648640
76135700	4297097216
56679176	800
663464	16777250
24632012	1081348
36414920	1610613248
14945384	6442455040
53738552	2147483682
5898332	8425472
35974604	4311744513
2960624	1610612992
64559180	1610613248
3529892	70
19410752	671092736
31804076	1610613248
61624388	16809986
308036	67141633
22456352	2147520512
3113228	14
67975112	1610613248
39834092	4295000065
70958828	1073762304
2402048	4311744513
9925976	1610613248
43328432	1610613248
62519276	135266308
55621316	36865
26408504	135266305
6532400	1073745922
19119800	1610612992
30619208	36865
77999672	4161
44471180	4295000065
4478240	67145728
24010580	134283265
58865852	561152
13441052	16389
79995512	1107300352
32438144	8392736
66754928	36865
78871232	2147487746
71663852	671088768
23704076	4311744513
31403288	800
53296940	1081348
39508148	671092736
26621696	1140854784
71533604	16912384
53280416	2147520512
8018588	16777281
2662544	671088768
57762308	67141633
76106540	1610613248
67620980	1074823168
55904816	17301568
37284860	671088768
55336196	37120
33838148	24577
55655660	2214596608
28465904	671088644
25550228	2147549200
31746404	67141633
14184308	2147487746
53693840	3221229568
15785192	1073778688
42663908	4311744513
1123220	36866
73064504	4311744513
35773076	196610
2695592	1610613248
76503764	800
8443676	671088768
64467812	4362076161
43140836	2147520512
13872296	1610613248
49124144	4295000576
57750320	4362108928
54935408	1610613248
64087760	1074823168
66670040	1610612992
50530628	8392705
69971924	17301568
25185728	1610613248
14757464	671088644
58199708	1610613248
28762040	1085440
31294424	561152
13419992	16809985
28641836	1610613248
60680252	1081348
9776288	8425472
18670736	150994945
9469136	1610612992
59048912	16781313
41022200	37376
70328972	36865
38529992	67109124
6295232	16810496
73412804	2147487746
3211400	4362076161
69159980	1073745921
10372772	36865
17474528	327696
64357004	4130
72604100	1073774593
7166468	1610613248
76437668	1073746176
53224040	16781314
34571360	671088896
61619204	36865
23348648	1081348
18773768	150994945
68414132	36865
71733512	2147487746
68282588	4311744513
41962124	1610612992
80966540	1610613248
77108996	1610613248
38075744	2164264960
42375548	671088768
17326784	1610613248
47542376	83886081
46545752	2147520512
61502240	671088768
77950424	3221229568
39205208	1081348
30627632	1074823168
32282300	3221229568
59879324	83886081
55346240	2625536
79007312	4099
24724352	1610613248
60987080	4362076161
80775704	16814080
56673020	143360
26999804	2147520512
60492332	5368713216
25030532	1610613248
60912560	83886081
50510216	5368741888
79949828	3221258240
53221124	2147549185
36098696	2147520512
26361524	2147520512
35612696	83886081
65857448	524353
58081124	16781313
69792428	4362108928
74605448	1073774593
52600988	1073778688
40462976	36880
59218364	2147520512
60372776	4311744513
596072	1610613248
62997176	1610613248
74341712	1085440
19359884	2147520512
69915224	1610613248
24663440	1610612992
51055508	1610613248
53224364	1073778688
33151916	1610613248
57259460	671088768
72089264	1610613248
33639536	4395630592
44926724	1610612992
12138248	134250497
22035152	524354
21527444	2148012032
5544200	4311744513
67795292	17301568
70201316	2148007937
65820188	1074823168
5452832	67133440
14282480	4362076161
16998248	150994945
33297068	4610
49285496	4303388672
27558704	36865
22453760	1610613248
46728812	4295000065
73275104	137216
79303772	5370806272
7324580	4311744513
66701144	4295000320
60159260	1610613248
47255312	1610613248
6140036	1610613248
37759196	4362108928
53123276	57344
34965344	135299072
27146576	671088644
44571944	37376
81260732	4311744513
60321260	1610613248
484616	1610612992
62540660	36865
47384588	1610613248
68194136	1610613248
40045988	671088768
39957860	2147520512
37397288	1610612992
42801284	167936
54360956	1085440
12316448	1610613248
16424768	135266308
23277368	4311744513
7222520	32833
27700292	135266308
36085412	3221229568
32734280	1610612992
3380852	2684358656
12924920	671088768
70096988	2148040704
4401128	36865
147008	4295000576
46970192	4362108928
64216712	1085440
47045684	16809985
3129752	1073840128
81496928	1073778688
49378484	17301568
30870632	8421377
42755276	1610613248
38405900	196610
66358676	1081345
75896264	1610613248
55447652	28672
80634764	2147520512
42797396	2147520512
62358572	1146880
7730552	8392736
23666492	2147520512
5994236	32833
25484456	1081348
76477844	2147500048
45671924	36865
38884124	4295000065
43732460	1610612992
25800680	4311744513
68054492	36865
56806184	1140850689
35861852	1140883456
2880920	1610613248
77350052	1610613248
63860960	2147520512
43122368	4294971393
69571460	4362108928
7379660	16810240
45459704	32864
41058488	671088768
71061860	1610612992
69914252	2147520512
76205360	1081345
57286352	2684358656
45418880	16814080
10986428	37376
78846608	1082134528
36231212	37376
61291640	4295004160
740900	561152
27772544	4311744513
11378144	1081348
4912076	4429185025
49272860	671088768
11717048	167936
36305408	1081345
79519556	57344
50904200	1073746432
55558136	536903936
22184516	3221225474
12493352	557120
154784	4099
651800	1610613248
27420680	1610613248
51264812	5368713216
2201492	4362076161
70462460	1610612992
48073412	2147520512
64061840	1610613248
78715712	4362076161
30463688	4311744513
65902160	135299072
17138216	4311744513
38085788	1610612992
65414540	134217733
541640	268568576
41504312	671088768
30727100	167936
72788780	2147749888
73197344	1081348
12919412	671088641
35706980	2147581952
3216584	1610613248
12632996	671088768
5132396	32833
40089728	1073766400
43756436	36865
29249012	67141696
49822364	671088644
59137040	2147487760
66224864	671088768
74050112	2147520512
52153220	32834
37355168	135169
26319080	3221229568
54996968	4353
75059696	1610613248
3588536	37120
60083120	83886081
51923180	32802
1169876	1085440
46524368	1610613248
5624876	1610613248
79671512	1073778688
68642876	4362108928
32084336	561152
67506608	3221229568
41418776	4295004160
70374656	1073778688
3717164	1610613248
21924668	2147520512
37204832	1610613248
28839152	4130
35130908	1146880
71716664	1174405120
67648844	4102
35926976	1610613248
69680648	671088768
80538212	1610613248
1895960	1610613248
54895556	16809985
15445964	83886081
47615276	1610613248
61289696	1610613248
60744080	1610613248
62476832	36866
18341552	1174405120
22013768	4311744513
37230104	1074823168
8201000	1610612992
6714812	36865
43050764	5368741888
27525332	1610613248
24730184	1085440
9359624	4311744513
62049476	1610613248
39425204	577
59473676	2147520512
74097416	1073778688
63183152	1074823168
71574752	17301568
57371888	4311744513
18093368	36865
47255960	2148012032
34876244	1610612992
64450964	2147520512
65628056	671088644
63912800	1073778688
43677380	24580
25476032	101711872
10622900	561152
11635076	518
7187204	1085440
29061092	1610613248
1154000	83886081
34391216	8392736
25719680	1610612992
19899020	150994945
7915556	561152
53459264	671088644
65596304	671088644
15934556	83886081
36638804	1610613248
2998532	1073905664
49510352	671088768
59689460	1610613248
20340956	1610613248
15431060	83886081
61269284	1074823168
12825128	1610612992
19363124	3221356544
47406620	36865
63419996	1085440
35937668	4295004160
37225568	57344
4131884	2147549185
75907280	4311744513
12751580	1610612992
32489984	1610613248
24380912	20481
55810856	1081348
49587464	671092736
40219004	1082134528
66177560	1610613248
31007036	1610613248
42943520	671088768
43195916	83886081
9514496	2147520512
70061024	561152
26074136	201326593
3138176	1073778688
10323524	24577
12531908	671088644
10619984	671088768
11323064	4311744513
40417616	4099
72919676	671088768
36216308	671088768
39630944	1610613248
2725076	3221229568
51533084	2147487746
61806476	201326593
81595748	671088768
30959408	1610613248
47224856	83886081
79492016	2147520512
56989244	5368709121
68710916	1610613248
79886648	4362108928
47323352	4311744513
27013736	528386
53048108	1610613248
35769188	2147520512
35479856	1073745921
10067888	1610612992
32279384	1107329024
67898000	4295004160
16857308	1610612992
12449288	671092736
75511028	57344
40637936	1610613248
62418512	5368713216
54043112	1610613248
78816476	671088768
41481308	1081348
60363056	67141633
1119332	16781313
81358256	1073778688
76428272	671088768
18714800	524328
24396788	150994945
44955236	1610613248
75502280	1610613248
28952552	671088768
45348248	671088644
673508	17039361
73304264	167936
1547336	2148012032
77976020	3221229568
18338312	36866
56431640	1073778688
27701912	32834
35251760	100696064
58953980	3221229568
71773688	150994945
40440296	16809985
46722980	83886081
8690240	25165825
80654204	1610613248
19823204	1074823168
51083048	1610613248
43394528	4362108928
2943128	1081348
31504052	16797696
40835900	1081348
71511572	2147520512
782372	1610612740
14839436	150994945
16026248	83886081
12937556	1610612992
40040804	294913
31028420	4099
64247492	150995072
34055552	671088768
47859896	1081345
27308252	201326593
76133432	671088768
3340352	32833
30684332	262154
1918640	1610612992
65491328	134283265
1293320	134250497
41416832	671088768
723404	1350565888
1872632	1610613248
64663184	671088896
80946776	2164264960
25460480	4362076161
42875480	4311744513
18619868	150994945
41783600	2147520512
51513320	98305
14050820	671088768
60878864	36865
47773388	117440512
28091360	528448
22589192	1073778688
5401640	1610612992
77601152	4311777280
49609496	1074823168
35854400	2134016
79855868	1610613248
6165308	1085440
11271872	135299072
56366192	671088768
17470964	4311744513
3622556	2148012032
73754300	4311744513
8867144	1610612992
17340068	134225921
17990984	524354
54290000	1073778688
45526124	671088768
81671240	1073778688
63340292	1610613248
81620048	4311744513
6150728	2147516418
29635220	1074823168
38398772	36928
42587444	1081345
3622232	1073762304
15573296	83886081
23006504	1073778688
35841116	201326593
75296540	97
18985340	2147487746
9565040	4395630592
47199584	671088768
56384984	150994945
72605720	4362108928
80139044	1074823168
51316004	37120
11482796	671088768
13113164	1085440
18379460	150994945
46414856	69648
23863484	4362108928
79529924	672137216
22224368	1073745921
75594620	83886081
26717600	671088768
72618032	1073778688
12629756	2097440
47347004	1610613248
48444392	1610613248
157700	3076
57410444	1073774593
43135652	37376
76153844	1610613248
31485260	671088644
58229840	135299072
3061712	102400
57020024	37376
75789344	1610613248
27833456	4295000320
65453096	671088644
37353548	196610
73188920	37376
53592752	4296048640
26652800	2147520512
30029204	36865
3354608	4296048640
2975528	1074823168
54537860	4362108928
53719760	67141633
40517084	4311744513
58045484	1610613248
11229428	4295000065
35123780	1610613248
76375136	1610613248
43195592	36866
68308508	134219784
35171732	671088768
27343244	671092736
14611016	66816
67586636	1610613248
24164156	4226
77414852	150995072
26838452	1610613248
37294580	4311744513
2140256	1074823168
29718164	1610613248
64067024	1610612992
62647256	1081345
64329788	1610613248
20594324	83886081
14019716	671088641
36199784	1081348
44020496	16781313
77763476	2147520512
34226624	1610613248
51232736	4329570304
16118912	1610613248
42217436	1610612992
37996688	16809985
29149220	4395630592
37980164	1610612992
56285840	1140883456
81567884	37376
56039276	2147520512
893504	8425472
15685400	1610612992
32347100	557120
30236564	1048582
66504800	16809985
54148088	671088768
64086140	1610613248
75654884	1081600
3558080	1610613248
39391184	36865
25156892	1610612992
22757672	4130
920396	3221229568
1431020	32802
59087468	4362108928
58534724	1081348
31059200	134283265
76849796	67133440
24515048	32833
60928112	4362108928
38754200	2147520512
51400244	1074823168
60916448	150995072
36254540	36866
51195476	2148073472
67036484	671088768
55765172	36865
2861480	2625536
47740340	671088768
71237468	5435817984
35422184	3221229568
22552904	36865
9317180	6442451008
24971240	1610613248
21884816	150994945
63599492	4294971456
4369052	2147487745
53664680	36865
5158316	36896
24423032	2147520512
47530712	4295002112
22086020	671088768
64989128	2147520512
6083012	1085440
63219764	2147488000
5387708	32833
13054844	1610613248
64293176	671088768
10938800	5402263552
47482760	4362108928
53633900	36866
61141952	1073778688
28378424	4311744513
46950428	561152
23410532	67141633
345296	83890176
67009916	2147520512
12127556	134254592
37357436	1610613248
79260356	1073746176
41553884	536907776
47294840	1081345
24604148	1074823168
12536768	671092736
69283100	16809985
41261636	36865
286004	1610613248
5498840	83886081
25617296	1610613248
80279984	37376
61104044	1073778688
51323132	36865
17588900	2147520512
59897144	2147520512
32129372	134221825
37989560	1610613248
48879848	1081348
38990396	2147520512
5323232	1081348
19396496	671088768
61446836	17301568
31568204	1107312640
46997732	32864
75923804	1610613248
72159896	83886081
39262232	20481
31154780	36868
65955296	37120
4642508	150994945
9080660	67141633
65162144	53248
71622380	2147520512
73259876	2147520512
27932924	4362076224
39849644	1610613248
70740452	1107329024
73608176	4328554496
2950904	2147520512
49373300	67141633
43793696	5368741888
72229232	4362108928
27850628	2147520512
62265908	1085440
53432048	561152
46616384	671088768
9235208	1081348
37687268	4161
62965424	36865
8606648	4294971393
41894084	3221356544
23471120	37376
30376856	671088641
22165076	671088644
73992116	1610613248
34132988	17301568
9069644	1610613248
67665692	36865
328448	16809985
57911348	1610613248
12429524	1610613248
1483508	1610613248
33651200	1610613248
63244388	67108929
36770672	1085440
43707836	4311744513
79489424	36865
18502580	1073778688
11268632	2148073472
22394144	561152
53731100	1610613248
44484464	671088644
33081608	67158016
48926828	201326593
6918608	1073778688
39509768	1610613248
16034024	1073874944
37252136	1081345
44023088	2147520512
59562128	4362108928
59435444	8425472
40702088	67141633
1461800	67141633
21133460	1610613248
78029804	2147488256
41512736	16781313
70651676	2147487746
40148372	1610612992
19130168	1073745921
62195600	32802
22063988	2164264960
47947052	671088768
57085472	1073778688
18864164	32833
28845632	2147520512
38854964	4294987776
78426704	1610613248
50710124	36880
74553608	1073762304
79211432	37376
19428572	1610612992
33861152	2147487760
33823892	1073778688
48149876	1610612992
12058544	8425472
58080476	3221229568
15935528	1082163200
40193732	3221229568
55850708	17301568
17425928	1090535424
62171948	67108929
7881860	1610613248
35494112	2147520512
61125428	536903684
23720276	57344
23515508	1610613248
12882800	671088768
961544	1610613248
35928272	4295000065
11468540	3221229568
33353768	4295004160
34663376	3221356544
64127288	36865
940160	42
67771640	1610613248
54597800	1073762304
383528	1610613248
37277732	1140883456
1561916	2147549186
62932052	1610613248
69345308	8389121
20937764	1081348
39405116	2147520512
55420436	1610612992
46898912	1610613248
81688736	1610613248
67223108	1081345
74881496	2164264960
39259964	167936
57222200	671088768
23750732	2147520512
55341704	16809985
14477852	4295000065
62005088	67108929
78451976	2147520512
20218484	1610613248
67683188	1610613248
3357848	1610612992
6086900	786496
50963492	4362108928
38757764	4296048640
31323584	537919492
37862876	1085440
37962020	671088768
2355392	1074266176
6883616	1610613248
65828936	36880
34872680	671092736
15516596	36865
65860040	134218753
35149376	1610612992
34192928	67633216
59896172	1610613248
62013188	67108929
67760624	1073775104
78450356	2147487746
78775004	1610613248
20589464	1085440
65764460	1610613248
8380172	1610613248
76068308	1073775104
75753380	1610613248
37670096	150994945
6606272	16809985
8502320	40961
43821884	1610612992
57467468	1610613248
3794600	201326593
70116428	4311744513
22521800	2181070848
1924148	1610613248
32766680	4311744513
75436832	4311744513
56921204	4295004160
6287456	1610613248
6151052	2164264960
6122216	1085440
20952020	1073938432
66925676	536875264
77801708	1081348
44468264	1081345
76378376	5435817984
75935144	4311744513
25788692	2147524608
42747500	671088768
24145040	1610612992
22737260	37376
9195356	536871170
3201032	536871184
33355388	1610613248
2639864	671088644
1154324	16781313
51277772	37120
43378976	1073750528
37804556	524354
34329656	1610613248
70961744	1073778688
70810436	16912384
69422096	53248
48385424	4311744513
23756888	1610613248
25805864	671092736
50294756	2147520512
14718908	5435817984
22064960	83886081
28362548	2147487760
853976	1081348
37704440	1073873408
56025020	1610613248
59833964	2147488256
64473644	262
58573604	1073778688
259760	67141633
49816532	24640
3556136	1610613248
689384	1085440
26415308	1610613248
79314788	2147520512
33767516	671088768
48413936	33587712
35345396	1074823168
78701456	3221749760
41907044	1610613248
7710140	671088896
18336692	137216
26745464	1610612992
1115444	1212416
44169536	1610613248
47142884	150994945
78581252	4099
47365472	32833
25522688	671088768
18465320	1610613248
36614828	37120
22321892	1610613248
70351976	1081348
48571400	33536
3941696	2147520512
28215128	2148012032
40940876	1073152
46233740	671088768
26823872	141312
18243056	1085440
25148144	4295000065
60488444	536903936
36464816	1074823168
22631312	16809985
29616752	1085440
37401824	671088644
73318520	5435817984
80831756	16809986
57589616	3221229568
9994664	1081348
17502068	70
25922828	4294967314
36573356	1610613248
19752896	671088768
59483072	1073745921
2404316	1085440
81487532	1073778688
30523304	1081348
14792456	1610612992
50684204	671088768
1705124	32833
822224	671090688
3537344	4362108928
44166620	4162
21496664	536872964
43130144	537133060
63267716	2147520512
43868864	1610613248
51203900	1610612992
43261364	1048582
69143456	1610613248
37110548	4295000320
77041280	1610613248
1720028	4130
50060828	2147487760
76103624	4362108928
4769840	36865
78765608	167804928
79473872	1081348
79044248	4311744513
63309512	4370464768
5709116	4362338304
40608776	8392736
76239380	671088768
64071236	557120
70944896	1610613248
75627668	1610612992
31991996	2147553280
55838072	67108929
904196	1610613248
22728188	150994945
20161784	327696
6269312	1085440
23765636	1081348
25421924	1073778688
1683416	229376
36711056	36865
29720108	4311744513
51540212	67141633
28011980	2147520512
80361308	1610613248
10022852	36865
29996804	2147520512
77983148	67633216
1861940	67
35127344	671088768
23912408	1074008064
29416520	671088641
14623328	1610613248
78382640	671088768
90632	8425472
30786392	134250497
1761176	6476005376
42308804	83886081
47741312	671088768
24101948	67141633
37802612	1610612992
66009080	4362108928
62803424	16779266
67079900	1610613248
24077324	67141696
53084720	536871170
51039308	4362108928
22330964	1610613248
62307380	557120
845228	1610612992
58897604	53248
668324	1610612992
40289312	1081348
22169288	671088644
76884788	1610613248
61214852	2147520512
32755664	1610613248
54646076	1073745921
66006488	53248
41674088	554696704
6850568	4295000068
37741052	83886081
9689780	20481
73455248	1073778688
2664488	1610613248
43812488	2147520512
71207984	67141633
32044808	4362076161
2366408	1085440
42707972	4362108928
5990996	4311744513
54215804	1610613248
35769836	32864
44750792	4362108928
3032228	135266308
32148812	1090535424
50378348	2147520512
52720868	671092736
81303176	1610612992
49016900	4295004160
12558152	4161
23835620	5435817984
35866388	671088768
65877536	1610613248
31038788	135299072
51568724	1073778688
76188836	16777281
55452188	1085440
45187544	17334272
3438200	2148012032
69206312	1610613248
19454816	57344
19034912	150994945
33374504	4311744513
38805392	4106
47752976	2147520512
57861452	1610613248
43191704	1610613248
18658100	134250497
15811760	83886081
4090088	4295004160
35554700	4311744513
31869200	2181070848
35315912	28672
72796232	1073746176
53853248	4362108928
40604888	4362108928
72387344	150994945
44449472	3221258240
63196112	1081348
36383816	1610613248
4215800	36865
73793180	8392705
428564	1610613248
70309208	4295000576
2734472	524353
10131716	83886081
21159704	1073745921
3587888	1610613248
17884388	2147520512
37747856	1610613248
38858528	2147520512
65283320	2147520512
47414072	1074270208
41815352	671088768
32540528	1082163200
220556	1610613248
62396156	2147487745
28029476	5435817984
38983268	33026
23522636	1610613248
42102416	4328554496
111368	134250497
51218156	1610613248
21198584	5368741888
15125204	4362108928
6138416	67141633
69714344	4311744513
6058064	1610613248
33941180	671088768
38657324	557120
56448812	1140883456
12225728	67112961
61553432	2147520512
69746420	2147549186
61328252	1610613248
40922084	4362108928
42956480	1610613248
37467596	671088768
14789864	1073745921
69426956	1610613248
4890368	4311744513
38155448	1610613248
73908848	37120
75910520	36865
63986024	1610613248
79538996	36865
18666524	150994945
21348272	671088768
72464456	24580
68458520	16912384
10883072	1085440
38551052	536903936
14738348	32833
51983444	17301568
71336612	1073746176
22871072	1610613248
38960588	83886081
46725248	1073774593
31629764	57344
25865156	1610613248
73919216	671088644
15453092	36865
6064220	1610612992
3958544	83886081
80681420	1610613248
23452976	5435817984
71255612	561152
5313512	2147483682
61425776	1610613248
22039364	1610613248
5413628	2148012032
1952336	1610613248
28246232	4311744513
29887940	4130
74339768	2147520512
76895804	2147520512
17974460	76
36055928	57344
51131972	5368741888
40248164	32833
4787984	671088768
9907184	1610613248
68068100	561152
64246196	1610613248
4042136	1610613248
36304760	4311744513
40461680	1610612992
9586424	1085440
72088292	671088768
29632628	36865
53687036	2147520512
17496236	1107329024
48525716	524354
3773864	16777222
3028988	6442455040
4856672	2147487746
79257116	2148012032
49821392	67145728
40086812	4294971393
58372400	36866
8665940	524801
30928628	37376
58027016	1343225856
70144292	1610613248
12544868	3221229568
81242588	4362108928
57996884	2134016
12956996	1610613248
62706872	1610613248
19496288	37376
58513340	36865
70116104	16809985
1421624	1085440
79990004	2148008000
24377024	2147516672
50193020	67141633
16636988	16809986
2054396	1610613248
21557576	83886081
11949032	1610612992
25009148	1085440
20993816	16809985
60485204	2147549185
39161468	4130
47129600	36896
78882572	2147487746
33535208	36865
43250348	671088768
18709292	16777221
13169864	40961
342704	2147745808
44484140	5435817984
70933556	1610612992
26381612	134217888
12368612	1610613248
46790696	1610612992
1863560	1610613248
48657908	8425472
49713176	3221229568
24166748	518
52323968	1610613248
48137240	1610612992
10024148	524864
31979036	671088644
18598484	102400
79321268	36865
56971424	1610613248
68173724	1073766400
15074660	671088644
20074952	17334272
7372208	65793
69466808	16801792
12190736	1610612992
18621488	671088768
22647836	36865
25795820	3221229568
47200880	1081348
53505596	1610613248
44152688	671088644
61538204	1073778688
29536400	671092736
24674456	150995072
11642204	4295000065
56542448	671088644
80029208	1081345
30213884	672137216
74736668	3221229568
26628824	2147520512
11161064	1073873408
80813612	4362108928
29612540	150994945
40488896	1610613248
40492136	671088768
49147472	1085440
64484336	67108929
4875788	1610612992
12397772	671088768
73906256	1081348
31566908	4362108928
29962460	4162
7820624	2148012032
65763164	4295000065
63540200	1073745924
55623584	671088768
24064364	67112961
23535920	1610613248
74405216	37376
23622752	671088644
42488300	536870918
77650076	16814080
29429804	1085440
54267320	36865
52403672	1610613248
44413832	1610613248
12832256	134283265
43297976	1610612992
9258536	36865
77141396	1085440
6841820	1610613248
21812888	1090650112
26849468	4362108928
8218172	1610612992
38321012	4311744513
53534432	671088768
37310132	2147520512
59557268	1140883456
25502276	1610612992
67981268	1140883456
79728212	67633216
64221572	1610613248
2940212	671088768
70532768	1610613248
31409444	100696064
915860	1085440
36620660	4295004160
1691840	2164264960
29330012	2147520512
15046148	1090519041
31231244	3221229568
25693112	53248
28140608	1140883456
1647452	1610612992
55219880	4362076161
35303924	4295000065
32263184	1610613248
56723240	1610613248
57668996	524384
61607864	1610613248
28413740	2148007938
29512100	196610
79906412	33591296
61063544	2147487746
44179580	57344
68065508	69648
7350500	671088644
11607212	4311744513
53635196	671088768
882812	6476005376
68335076	1073745921
79518584	67112962
20590436	2134016
35312996	75497473
22690604	134217793
14893544	1073778688
74884736	16912384
31390976	800
31854296	1081348
61313996	8421888
59152268	16814080
37366508	196610
76691360	1081345
42496400	671088768
37580672	1610612992
25395356	1610612992
65193248	4362076161
26800544	2147520512
81201440	4362080256
17709752	67108929
27000128	671088644
62553296	1610612992
1657820	327681
11135144	2147487746
3939752	2147520512
58183832	1085440
1991864	671092736
52066064	35
44637392	2147520512
24424328	1610613248
50143124	1610612992
73707644	17334272
26976800	1610613248
18332804	32833
24191372	1610612992
18282584	134217793
1401212	2148012032
15896324	83918848
5657276	1610613248
16426388	135266308
48914192	1081348
33072536	37376
26958656	67141633
22237328	17305600
13846700	16777282
15017312	1610613248
13700576	1090519041
37402148	536903684
70395068	561152
74543564	1610612992
59736440	1085440
40970360	4311744513
22188080	671088768
64745804	24577
115904	4294971393
21531980	671088896
81324884	671088768
78518720	2147520512
46458920	671088768
27514316	1610613248
78068036	4295004160
32767328	2147520512
20934848	4328554496
45038180	2147520512
43147316	671088768
53478056	20512
14173616	37376
48470636	269516800
7854644	1081348
51064580	2164264960
58662704	1610612992
1493228	589856
46624484	65553
78775652	4563435520
17230556	4362076161
22931660	1610613248
63161120	2147520512
4430936	1610613248
22135916	134217738
12851696	671088644
65046476	1081348
8169248	557120
3817280	167936
65800424	2148007952
159320	2147483682
38402336	1073778688
31531592	671092736
77235032	2147520512
66258236	671088644
51188024	1610613248
26188832	327681
61187312	83886081
14229020	1610612992
74374760	1085440
36011216	2147520512
80014628	4362076161
17730164	4295004160
24818312	2147520512
47179172	1081348
36208856	1081348
56520416	1610613248
69051116	33751040
64804772	1610613248
50101004	1140883456
40439324	4328554496
30092708	1610613248
37049636	671088768
80221664	1073778688
37518140	2148073472
1820144	1081348
50976452	1610613248
15358484	36865
57260756	671088768
62180696	67108929
14458736	4311744513
10861040	4362076161
61994720	1610613248
38058248	4294971393
2487260	2148012032
44413508	1073766400
46783892	1610613248
882164	70
803432	16779520
77000456	524322
59228732	1610613248
39084356	16777250
19897724	53248
57345320	671088768
79572692	16644
79239620	4311744513
79218236	4362108928
75563516	1081348
79851980	1085440
64295768	37120
54021404	135266308
64439948	36866
43255856	4294971393
33478508	1074823168
76402028	1140850689
1441712	671105024
40884176	4311744513
32351312	3221229568
32752424	134217860
6678200	1073745921
909056	83886081
46654940	36865
73752032	4395630592
38445104	36865
65448236	28672
68390480	561152
61981760	1610612992
53078888	1085440
71200532	671088644
37400852	2147520512
75312740	4311744513
38905832	4311744513
4365812	16809985
73322732	1174405120
15055544	1610613248
36450236	4311744513
78261464	134250497
391304	2147487746
33545576	36865
62642072	1610613248
33275036	1056772
7879592	1610612992
74080244	33652736
68901752	1074823168
71664176	36865
57569528	2147553280
79864292	1610613248
48037124	17334272
34304384	83918848
70936796	36865
55193312	1610613248
61337324	4303355905
62120	2147549185
35188904	3221229568
41588228	5368741888
16795100	2147553280
3973448	16809985
36786548	4311744513
79687064	1085440
1613756	75530240
31390004	800
76806380	327681
21693008	4362076161
6506480	16912384
32979224	134221825
11702144	1073766400
55591832	4328554496
15939416	1081345
75980180	528386
43304780	671088768
12338480	150994945
12469052	671092736
7487552	2147520512
27829568	67141633
22295648	1610613248
79634576	2147488256
54301340	1085440
40047932	2147520512
57346616	671088768
37487684	5435817984
3429776	150994945
38476856	4329570304
5678012	2147520512
63384680	36865
36626168	1081348
32072672	1610613248
23958416	201326593
13022120	1085440
58575548	25088
454160	327696
5816036	1610613248
39027008	1141374976
12528668	671088644
59594204	4294971393
27095060	1610613248
14818376	671088644
37205804	1073774848
35193440	671092736
14462948	4296048640
61600088	36866
43301540	70
7284080	4295524352
62763248	16781314
59272148	16781313
33467492	32834
58560968	16809985
19620380	67112962
30082664	2147520512
76918160	24580
54465932	1610613248
7017752	2147520512
15768668	83886081
60122972	1610613248
26909408	4130
22192940	671088644
20682776	57344
38400068	1610613248
70507172	2147520512
24626828	2147549185
25895612	1610613248
53621264	1074823168
23925692	36866
40600676	1074823168
57194336	671088768
58400912	5435817984
41601188	1107329024
35597792	2147520512
24432428	1085440
43970924	1610613248
51035096	2147520512
5165768	1073876992
34738868	83886081
40980404	36865
17266196	83886081
66765296	2147553280
15370796	1081348
17275916	2147487760
34254812	1081348
21417932	2147520512
55437932	1073762304
80336684	671088768
6412520	1610613248
1803296	2147520512
25202900	150994945
43092884	1074823168
292484	4102
49892348	4303388672
42173372	67141633
73427060	2147520512
23922776	1073778688
63443648	2147487760
6535964	8421377
7239692	24592
48510812	4311744513
70500044	268568576
147332	1058
38706572	2147520512
64225460	1610613248
13293956	1610613248
5655656	40961
54232004	1056772
63512336	36866
35756552	671088768
32425508	37376
56013032	8392736
35555024	4311744513
21861488	4362076161
4611728	69648
7935644	1610613248
43878260	1610613248
28828136	1085440
46250264	1610612992
12430820	671092736
11372636	528448
62082200	36865
16289660	1073790976
1383392	4362076161
77479004	8392705
69609368	1073778688
15005000	57344
517664	150994945
46797824	36865
38240984	3221356544
43224428	16809985
3703232	32834
64123400	1610613248
47611712	1073745921
19689392	36865
28647992	671088768
49306232	3221229568
2423108	37120
150896	134250497
70120316	67141696
15793940	83886081
72605072	67141633
11168516	76
653744	1081345
25653908	196610
79362416	4102
32063276	1140883456
22230200	671088768
56708984	36866
56571284	1610613248
39882692	36865
52936652	1073778688
47231984	3221356544
57251036	671088768
35140952	1610613248
10389944	83886081
40721852	53248
30067112	671088768
26178788	2147520512
77846096	1085440
15571352	83886081
19830008	150994945
3229220	1081345
17794316	1085440
50220560	2148012032
1120952	1610613248
36496244	1085440
78404996	1073774593
42776660	1081348
54461072	671088768
72796880	1074823168
55941104	671088896
65576540	1610613248
22362068	1610613248
1055180	1610613248
44299136	36865
80119928	37376
21419228	37376
4645100	1610613248
50213432	4311744513
63530480	4311744513
58880	2134016
53346188	37120
10347824	671088896
30182132	2147520512
81337844	671088768
44068448	1610613248
26789852	1073778688
74505332	67141633
43002488	34078784
23285144	150995072
51374648	1073746176
81340760	1074823168
38041076	1073778688
22412288	36880
17539976	134217858
18772472	1073741830
16406300	36865
9915608	2147520512
60537692	4311744513
44026976	2147520512
32200328	2147520512
45523532	2147520512
67031948	150994945
43363424	1610613248
24233168	1073775104
42716720	1081348
36630380	1610613248
12880208	671088641
5769056	2147488256
44730380	671092736
41544812	1610613248
24281768	327696
62551028	4295000065
68689208	671088768
38009972	2147520512
16894244	2181070848
3542528	1085440
21669680	150994945
1565804	1610612992
31983248	524298
23544668	65793
64648280	1610613248
63843788	2147581952
39080792	671088768
15756680	2147549185
43499504	36865
72514028	4311744513
36929756	1610613248
25831136	3221356544
35502536	1610613248
70170212	36865
15880448	83886081
48520532	1610612992
68415752	561152
70241492	1610613248
47774036	1610613248
50685176	671088768
11908856	1610613248
77062340	3221229568
78493448	1073742592
41600216	671088768
60812768	1082163200
61346072	1085440
73113428	4295004160
2116280	2147520512
28854704	67141633
64605188	1081348
6858344	2147487760
49361636	1610613248
35233616	83886081
39796832	4295000065
1100216	672137216
80544044	4311744513
64947008	4353
73046684	1073778688
32335760	33620480
48729836	8392705
2857916	1610613248
14565332	1085440
83504	53248
77490020	4295131136
75002024	4311744513
28078076	1081348
30992780	67244032
57313244	1081348
849116	518
69616496	1073745922
12308024	327681
5420	524354
57125000	1085440
51258980	1073778688
59583188	4294971393
7219604	2129921
53210756	4311744513
32181212	67141633
43230260	2147520512
69387104	1073778688
43643036	1610613248
74759672	1082163200
74395172	4295004160
8962076	1085440
9808364	16809985
24010256	1074823168
56196092	671088768
36616448	37120
30209996	1073745921
44366204	4311744513
4994372	1610613248
62075396	67108929
27826652	4295000320
12142784	522
44628320	2148008000
4398860	5368741888
75476360	36865
76029428	3221258240
45488216	2147520512
7386464	150994945
7561424	167936
1379828	134250497
47182736	2164264960
68265416	17825824
12504692	36865
64243928	1610613248
50379968	1073774593
65382140	1610613248
78426380	4295004160
7043672	1085440
59553380	1610613248
47204120	16809986
40838816	1610612992
7939532	67141633
46390232	671088768
44794856	4362076161
73020764	2147581952
38033300	138
72839648	36866
60675392	1107329024
71823584	16810240
72166052	1048582
53424272	1085440
70747580	4362108928
13150100	4099
75158192	2147520512
53015060	32834
50380616	1081348
26712092	1073745921
20967896	1081348
61854104	536903936
11889740	17301568
72096068	524354
23886812	67141633
72791696	4296032256
36883424	1073775104
27951716	1140883456
33201164	4311744513
38289260	1074266176
11881316	37376
64328492	1610613248
43722740	1081345
15684104	67108929
49038932	1081348
58232	4395630592
60845168	1610613248
11851832	1610613248
71171048	1610612992
81321320	1074823168
13874888	1610612992
1271936	4311744513
33935996	167936
39688616	4395630592
78515480	1610613248
19046900	2147520512
41864924	671088768
49347380	32802
62750612	36865
64534556	2147487746
5609000	1610612992
27816608	1085440
53040332	36865
12570140	1744830464
34328684	1074823168
77408696	134217733
57963188	671088768
54326288	2147488256
64277948	2147520512
5848436	2147520512
29395136	1081348
36061760	4295000065
46629992	1610613248
31450268	134250497
23871584	2147495936
53267780	2147520512
16567328	3221229568
22634228	671088896
1914428	671092736
40255292	1074008064
49287764	1610613248
30101456	1610612992
69848156	17301568
72613496	4099
32156264	1610612992
73710236	24580
45011936	4311744513
39672740	2147487746
10563284	1082163200
60171896	1610613248
69629780	57344
14873456	134217860
14458412	67141633
65206208	2147553280
58214612	4295004160
3205244	69648
36920684	327681
52139936	671088644
44960744	1610613248
130160	4295004160
17300216	134250500
10662428	16809985
3649448	70
14087432	1085440
49886516	150995072
21216728	2147520512
44529824	135266308
76716308	1074823168
49018196	1610612992
35102072	578
81491420	2147520512
25953932	1073745921
24431456	671088644
2457452	299008
37133552	135184
4805480	557120
70386968	4362108928
16920812	150994945
43671872	36865
41267144	36865
76833920	1073778688
1580060	4362108928
16754276	4295000065
45550748	2147553280
69684536	67133440
10195544	1610612992
76510244	1610613248
47005832	671088896
6076532	1081348
80439068	2147520512
63073316	1085440
44730056	1610613248
72152768	1081345
56224928	16814080
32815928	4311744513
69473936	4429185025
6044780	1610612992
77059748	36865
74732780	32802
71568920	4295000320
8802020	6442451008
24201740	327696
18736832	83886081
36487172	2147520512
46358804	671088768
58027340	2147520512
42649976	37376
1917020	2147488256
1993484	671092736
33034304	1610613248
18625376	150994945
46948808	671088768
7903892	40961
62131124	671088644
12434384	671092736
65319284	4362108928
36717212	36866
68540816	1610612992
52158728	1074823168
942752	1085440
40129580	537919492
19767152	133122
35929892	16781313
40066400	67141696
26605172	1085440
32125808	1085440
3071432	2147487746
11009108	2147520512
34974416	671088768
72350732	1610613248
56176652	4311744513
51293648	5368713216
40429280	83886081
68527532	1610613248
77357180	1073774593
74648540	1073774593
3730772	83886081
60059792	9469952
20793584	1610613248
24146336	4362076161
60838364	1610612992
15886928	83886081
21776600	1610612992
14668688	1610612992
24001832	672137216
36814412	4294971393
1823060	134217857
51634820	167936
67327760	1610616832
23555360	16814080
53802704	36928
28168472	671088644
33183668	2148012032
81440876	671088768
54480836	1610612992
36835472	1610613248
79648508	671088768
67179368	83886081
25444280	1610613248
29117792	1081345
44780600	2148012032
47126684	1610613248
70116752	1610613248
10194896	4311744513
15182552	1610613248
12731816	1081360
781724	2147520512
58321532	524608
70159520	4362076161
57103292	1074921472
69820292	2147487746
8074640	561152
77996432	2147487746
43360832	671088768
22077272	1610613248
36331976	1073778688
54695648	83918848
63873596	1610613248
25130972	1610612992
25447520	1081345
57719864	671092736
49134836	37120
34594364	36865
20990900	4311744513
16352840	2147520512
55352396	17301568
71858252	327681
8488388	67133440
6069728	8425472
51801032	2147520512
46443044	1610613248
5271392	1610613248
58399616	1610612992
73182116	4099
885728	1610613248
66287720	37120
80987276	671088644
43623272	1610613248
42560552	4362076161
22901528	1610613248
5685464	327696
54020108	561152
62285024	36865
55560728	327681
46955288	1610612992
26415956	536871172
40851128	1610612992
5126240	1610613248
2090360	5368713216
22581416	671088768
71391368	1074790404
3861020	1610612992
25472468	4362076161
2608112	4295000065
62601248	4102
8385032	4362076161
14935016	36865
56451404	544768
1147196	2147520512
63752096	1610613248
23788316	32864
27476408	561152
34045832	671088768
36413948	150994945
2622368	671088768
18204824	2181070848
41865896	4295000065
26569208	67141633
2015840	1610613248
33628520	1085440
21305180	327681
11244008	671089152
27775136	1610613248
68281940	4311744513
60306032	671088644
30451376	4130
2676476	36866
40950596	53248
69569516	1610613248
3102860	167936
40492460	671088768
61279652	2147520512
20336744	1610613248
60629060	2147520512
44341580	2101312
38075096	8425472
69847832	8425472
76172636	2147520512
79845176	2818572288
45032996	16814080
62087708	1610613248
69040100	1140854784
1138124	561152
56310140	1610613248
80564780	37376
1016300	1085440
57278900	1610613248
20333504	4362108928
73997948	4311744513
77702564	16809986
5849084	561152
19513136	1610613248
64280216	17301568
38968364	4362108928
61511312	32833
38514440	1610613248
43079924	4295000320
53393816	1610613248
77100248	24580
54411824	4311744513
24384800	671088768
30671372	589888
43273352	1073745921
77355236	2147483682
27499736	1073745921
59212856	16781313
56409932	18878464
30885212	1081348
4230056	1085440
34066892	671088768
34612184	36866
39837980	83918848
2785016	2147520512
22940408	1085440
77847716	1610613248
31565612	327681
81174224	1049604
72960176	1610613248
9285428	83918848
8678900	37376
70926104	1082134528
62257484	1085440
1154648	36866
76506680	1073774593
56194796	4362076161
5884076	4311744513
3181592	2164264960
3969236	74
49869020	53248
36368264	671088644
36176780	4311744513
420788	1085440
12421424	1610613248
75030212	67665920
23446820	1610613248
29249336	36866
62435684	1073774593
9486308	1085440
964784	1085440
65975708	1074823168
20020196	4311744513
8608916	57344
35318504	1073775104
67419776	8437760
68356784	4311744513
64189172	1610613248
25041224	5368709121
2466200	5435817984
64036892	24608
31990052	1610613248
19872776	201326593
36282404	4311744513
43473908	3221229568
40704356	24608
53546096	67109121
52595156	1073778688
2832644	2147520512
44494184	1610613248
50915216	4099
57339488	671088768
33936968	4328525824
71185304	1610613248
25175360	201326593
15028004	83886081
57651500	4353
78725756	2684358656
36142436	4362076161
29136908	1081348
49259900	1610613248
35793812	1073872897
75565784	3221229568
20169560	1610613248
46842212	5435817984
74029052	2147549200
27745328	1610613248
57287324	671092736
53415524	671088768
6707684	67141633
232868	2147520512
31459016	524353
41501396	4362108928
79967000	2147487760
15090536	4311744513
69557528	36880
31378340	1610613248
24862376	1090519041
37530128	1610613248
30495764	75497473
59549492	36866
9054740	671088768
9394616	1073754112
48079244	83886081
5577572	1085440
6601736	2621444
27830216	16779520
26265296	4311744513
44127416	1610612992
50288600	4395630592
13655864	37376
6896252	134221825
59890988	1085440
11459468	4102
27016328	150995072
53877224	4362076161
51796496	1610613248
8566796	4362108928
37092728	2147520512
26999156	1610612992
36666668	67141633
32585564	83886081
5111012	1610613248
6468896	50
59055716	5368709121
35533316	1610613248
50363444	2147749888
23767580	1610613248
42793508	1610612992
28890992	671092736
5470652	4294971393
24461264	3221229568
19584416	1610613248
79038740	2147520512
47596160	4362076161
30677852	8392705
1148492	524354
6006224	32802
57384524	32833
19222832	4311744513
31393568	800
23317544	1074823168
9900380	17301505
61988888	67108929
36704252	1610613248
76782728	1610613248
23950640	32834
34988024	8523776
69939848	1610612740
65765756	2147520512
47767880	671092736
17400008	4311744513
57276632	36865
78999212	1610613248
32733956	1610613248
46824392	1610612992
50394872	36866
40682324	36865
75514916	671088768
68014316	4311744513
29053316	671088768
80779916	36865
12797264	17334272
5950496	32802
66899756	16777249
51194180	4311744513
25691168	32802
48247724	4362076161
35796080	2147520512
70543136	36865
37851536	67108929
76900988	1146880
43310288	36865
65629676	1610613248
451244	561152
76264652	4311744513
53531516	37376
36991964	1146880
33186908	2101249
52067360	671088644
46841564	134221825
55801136	1073775104
62772320	36865
26465852	67141633
32744324	1610613248
52733504	134217857
2414036	83886081
47505440	1610613248
69248108	1073905664
3610568	67141633
15686696	40961
7142816	1610613248
42816188	671088768
80334740	69648
7572764	1085440
9899084	1610613248
2847872	1085440
22131704	83886081
57197576	671088768
47959040	2147520512
65071100	1610612992
35753960	2147487746
33608	36880
56278712	1610613248
58776428	2147524608
11891036	67141633
30529460	1610613248
24291164	1081345
60095756	1085440
67756088	1610612992
17155712	67141664
20132624	1085440
49581632	671088768
22020896	1610613248
66341828	16809985
66605564	4311744513
75303668	536870918
55690976	671088768
76724084	4101
27748568	537919492
6784796	16912384
43551344	65793
63648092	1610613248
65710352	4296048640
38085140	2147520512
1107344	327696
48071792	528386
30683036	4328554496
53231168	1610613248
52944428	4362076161
23656448	1146880
75208088	1610613248
62845868	5368713216
26803784	671088768
6024368	36866
52874444	1081348
74782352	2147520512
24645296	4102
51606956	2147520512
2274392	2148012032
21507680	16809985
67777148	1610613248
60173516	1610613248
72031268	67141633
50577932	1610613248
25166288	1073807376
23237192	671088641
51124196	671088768
44537924	2147524608
24127220	2148073472
15615740	135266305
76360556	2147520512
5719160	1610612992
56891720	17301568
11976572	1081345
52469120	1140850689
12135656	1610613248
1108640	4362108928
65147888	1610613248
38092592	1074008064
53523416	74
74554256	1074270208
3838988	2148012032
20947484	1081348
64540712	1073778688
15351680	671089152
506000	528400
8525324	8392705
5077640	150994945
3146924	2625536
72995168	2147520512
1965296	2147520512
45538436	3221229568
75129680	17301506
40844000	1610612992
35022692	4362108928
67807928	36865
50389040	671088768
18921512	16814080
7323932	2164264960
53410988	4192
52275044	1610612992
40137032	1085440
66598760	16814080
49029536	37376
33283136	67108944
12678680	276828160
57633032	83886081
37521380	53248
37287128	1610613248
81203060	83918848
42766940	5368741888
81547472	2147520512
43167080	16777281
37563500	36865
13809764	2148012032
54607844	1082163200
20979560	1081348
73298756	1085440
22054592	1610616832
33188528	2147520512
32242772	1107296320
15479660	524354
74506628	2625536
54078752	2147487746
5973500	36866
53809184	3221229568
27070760	8392705
30805184	1610612992
41731436	671092736
26671592	1085440
76233872	1610613248
22561652	114688
66979460	4362076161
73823960	1073778688
46661096	671088768
31470032	1081345
41593088	2147520512
11941904	2147520512
71305832	1085440
66100124	2147487760
62820596	4311744513
62428880	1610612992
75008828	1081345
40252052	4395630592
38878292	4362108928
73426736	2147520512
20951372	800
42006512	671092736
2353772	135184
18494480	83886081
13049012	134217762
22357208	16842784
63616988	2147520512
76713068	1073778688
30413468	3221229568
79299884	557057
55595072	331776
35120216	1610613248
30001988	1085440
75214244	2147520512
43943384	671088768
31632680	150994945
57882188	1081348
69776876	1610613248
24713984	1610612992
25731992	16809985
1481564	16809985
58204244	1140883456
78046004	42991616
76150280	36865
78252068	4362080256
36842924	561152
79714928	4362108928
26220908	67113472
53842232	671088768
63829532	1610612992
30505484	57344
49512620	1610613248
76572776	16814080
44571620	2147487745
36536096	4102
5168036	1610613248
49421576	1073778688
14955104	2147520512
45043688	671088768
19915220	83886081
1546688	671088896
40010024	1085440
33684896	1081346
36695180	4295000065
44746256	40961
50406536	1610613248
17954696	167936
81194960	671088768
58298852	1085440
64041104	4362108928
77594024	150995072
1930628	4311744513
51367844	3221229568
3585620	1610613248
77017628	16912384
75604664	67112961
42077144	5435817984
77192912	2147487760
45618788	36865
59018456	561152
37517492	4295000065
9941528	1610613248
15432680	83886081
68236256	4362108928
32867120	4294971393
10909640	4362108928
4280276	2148012032
19944380	4311744513
79739552	671219712
3330632	8198
2661572	4102
46348112	4328554496
64390376	16781313
54357392	671088768
34966316	1074008064
23083616	67108870
57839096	2101312
66981080	36865
28002260	1610612992
10960184	1610613248
74478764	36865
40362536	2147553280
30080396	83918848
17498504	134217888
59890664	1610613248
80358392	1610613248
15293684	2148012032
20279396	4295000066
52358312	16777729
39291716	2180
6084956	2147520512
32965616	67108870
28328204	42
36131420	16777282
46595000	67141633
33978764	4295004160
33540716	2147647488
78236192	2134016
40192436	4295000065
11714132	261
31269476	2148012032
39302408	1085440
30729692	4311744513
26057612	4311744513
25440068	98
22606688	1090523136
55884404	1610613248
76370276	4362108928
9372260	16781313
61123160	36865
71289632	4311744513
12479744	2147483682
56555408	1610613248
1469252	57344
13048040	1610613248
39103148	36866
62041052	67108929
81635600	1610613248
8385356	327696
4387520	2424307712
27636464	2148012032
28410824	4295491585
75828872	561152
22245752	16777219
55989380	786496
12646604	4295000065
8786468	1074823168
33031064	1610613248
51434264	36865
58490336	5368709121
14726684	1610612992
73025624	327696
2019404	2147520512
12035864	671088768
60284000	2181070848
57777212	17301568
18504200	1610613248
7863068	67133440
74577908	66564
58492928	1610613248
40723472	1610613248
4047644	36865
24722084	536870918
28858268	201326593
17423336	1610613248
67905776	36865
8114168	2148012032
782048	5435817984
60074696	2147549185
79265864	36865
39167300	553648129
14601944	134217888
77064608	1081345
8931620	67141633
16847264	671088644
45146072	1610612992
5377016	1610613248
47876096	1610612992
51997052	36865
56192528	36865
48564272	36865
43810544	1610613248
56652284	20481
67542248	32833
50626532	1082163200
11052200	1146880
1075592	4294971393
4066436	1610613248
81403292	671088768
41545460	75497473
4240100	4362108928
9837200	1610612992
872768	1610613248
3568772	8421377
57994940	138
6872924	2147483682
13689236	1610613248
6061952	528386
39945872	65570
71268572	1610612992
5436632	4362108928
25089176	2147520512
9424100	16809985
19391960	1049604
56241128	16777282
73607204	67141633
76002536	1610613248
21841076	16809985
34728500	1610612992
38078012	150994945
65150480	8425472
36276896	4311744513
31259756	1610613248
57401048	327681
38101664	1074823168
70033160	16912384
76348244	4311744513
53692868	4362338304
74278208	36865
23017844	1610613248
3175760	98305
39789704	327696
9695288	1610613248
80976584	150995072
68643524	16908304
24086072	2148012032
15087944	1074266176
75260576	1085440
41897324	50
70591088	2148536320
33943772	67112961
54414740	36928
6370076	4099
24020300	2147520512
81282440	2147520512
35280272	1610613248
18177284	1085440
70806548	83886081
36973820	1610613248
5608352	3221229568
6941288	671088644
69103928	2147520512
4119896	2147487746
682904	17334272
27702884	1610612992
62992316	1610613248
10036460	1610613248
28911404	4362076161
70036400	4102
21670328	150994945
66052172	2147520512
12249380	1610613248
78982364	4311744513
33725720	83886081
68925404	67108867
38947304	36865
80934788	1085440
81511508	671088768
76564352	1610613248
80088824	2147520512
61906268	1085440
889940	1179652
50836160	2148008000
17198804	1610613248
5624228	4362076162
24556196	36865
58463768	4328554496
42491216	2147487760
14025548	2148012032
17855876	36865
78546584	2147520512
1073324	135184
859808	4294967301
27013412	134250497
14117888	1081856
25383044	201326593
76588004	4362108928
68697632	1073745921
71372900	1081348
52230980	1074823168
68553776	4311744513
77585276	4311744513
36226028	4311744513
4366136	1610613248
24541940	1082163200
50483972	83886081
79608980	1610613248
15823100	8425472
42806792	16781313
50413340	135266308
33967748	8392736
13714508	3221225728
43814108	1140883456
43070204	1050628
19778492	1610612992
24024836	1610613248
77810456	671092736
26923016	671088644
49111508	1081345
489476	1610612992
74331668	16912384
38865332	134217733
23453948	67158016
71291576	36865
58232756	1610613248
60933944	1610613248
23852144	4311744513
71308748	4311744513
67570112	134254592
61098536	4295004160
56027612	16809985
40847888	1610613248
34349744	671088768
55543232	1610613248
34428476	4311744513
74315792	2147520512
35893928	37120
57274364	36880
3425564	36866
20845748	1058
4859912	1073778688
3492632	4102
38219924	67141633
62015456	3221229568
18768584	16781313
31311596	135266308
24423680	1074823168
31351772	1085440
13649708	4295004160
525440	4311744513
17868188	57344
8808176	2147516418
66994040	1610612992
2259812	1610613248
53964380	134219784
150572	67141633
61938668	24580
23740364	17334272
13533716	1085440
12656324	671088644
16197644	8392720
22646216	1081345
56313380	2147487760
113960	67141633
53328692	1081345
20674352	37120
17572376	83886081
36068888	671088768
47431568	4362076161
62051420	4311744513
11442620	8421408
51367196	1073746176
34414868	1073778688
77085020	16814080
67519244	36865
43746068	1610613248
57115280	4295004160
49046060	4311744513
54526520	671088768
29983844	32834
11681408	1610612992
12489140	536872964
66811952	1081345
70943924	2147520512
27414524	524354
1117388	1073778688
36315128	4311744513
43577264	671088644
76515104	671088768
63226892	1610613248
50039120	671088768
21609740	327696
40933748	1610613248
66268928	134217888
26051132	201326593
50502764	67158016
11457848	8523776
70969196	2147520512
43652432	1073778688
34436252	1073778688
70553828	524360
27922556	1610613248
37368452	196610
67877264	671088768
73521668	1610613248
27946856	671088768
12656972	671088644
19035884	150994945
24443768	57344
46775144	4295000065
1675316	135184
54290972	2101250
62714972	36865
53740496	1610613248
32694752	1610612992
45273404	671088768
7428584	1610613248
54678800	1174405120
1103780	671088768
78897800	4362076161
33303548	561152
47299376	36880
59576384	1048836
33646340	37376
23966840	36865
12765188	1610613248
67547108	4296048640
11517464	201326593
49168856	67108897
33483692	4102
38974844	1610613248
2521280	4295000320
22033856	2147745793
43168052	1610613248
706880	1610613248
62942096	524354
32554784	2147520512
29434988	1081360
70538600	1610613248
57933056	32802
74208548	671088768
12965420	1073745921
44902748	1073742084
65566820	150994945
48983528	4162
43340744	1610613248
47583200	36865
81016112	1085440
32792276	1081345
40676492	671088768
51635144	137216
27819524	16779520
20786456	2147618816
81443792	1073766400
45606152	1610613248
47682992	1610613248
5051072	1085440
43724036	36865
42758192	1073778688
42618224	1610613248
49821068	671088768
1004960	553648384
79838372	1610613248
8958512	1085440
43124636	671088768
71750036	1074823168
51294296	5368713216
58984436	548864
73374896	671088768
46679564	524354
64367696	539492352
18699896	2147520512
27084044	67637248
72439508	1610613248
6116708	1610613248
51564836	1081345
55880516	69
13014020	1074823168
81160292	1081348
81253280	1073766400
80746544	1610613248
2180432	1610613248
41613500	671088768
41660156	16814080
69863384	1074266176
68605940	1081348
42249836	1610613248
9077744	1610613248
24693572	36865
66124748	2147520512
42701816	67141633
65506232	1610612992
42156524	1610613248
39215576	671088768
81611948	4295004160
60823136	671088768
55813772	2147549200
71025572	4311744513
23159432	4294971393
45262064	1073876992
50244212	1610613248
65990612	671088768
1941968	2148007952
43434704	4353
25858676	671088768
25670432	671088768
23218400	2101504
24647564	561152
80336036	2147618816
47081324	2147520512
40805768	150994945
37118972	1085440
54513560	70
9217388	1081345
76245536	2147553280
73752356	1146880
34186772	37120
51577148	36865
80672348	83886081
76309040	4362108928
70868	134250498
14610368	4362076161
53924852	83886082
48458972	1610613248
62552972	4362076161
6312404	4294971393
48698084	8425472
31724048	67141633
49665872	1085440
72605396	36866
77511404	2147520512
48745388	16781314
23514536	1085440
67491056	5435817984
24236732	1081345
61630544	1610613248
75566756	2148007952
22451492	100696064
30507752	75497473
51680180	1085440
1054532	4311744513
35095592	1610613248
1582652	1085440
66280916	1610613248
3462500	561152
642080	4362108928
1153676	83886081
21429596	524354
25505516	4311744513
54224552	671092736
23655152	671088644
4210616	1610613248
81432452	4295000576
73460	2147520512
18765344	1610613248
41701952	671092736
3397376	36866
68756276	2147520512
23499632	1085440
56250200	1085440
19579556	1610613248
23317868	1085440
44432948	32833
77742416	4395630592
28079696	1073758212
24053996	150995072
62440544	4295004160
24853304	67142144
38986508	32833
68485412	36865
73672652	2147520512
70193540	36865
35566040	67141633
34745996	67133440
38022284	16814080
38203400	67133440
38963180	37376
42546944	671092736
12355004	518
41578184	4295000065
57798272	4362076161
6141008	1610613248
14814164	671088768
76593512	672137216
64496000	36865
53056856	4294971393
12471320	671092736
3207188	4226
9791516	167936
25669784	45056
73638308	5368713216
27779024	4362076161
73024328	16809985
25179248	671092736
53030936	1610613248
70123232	3221229568
7209236	67108930
67040372	1610613248
50552660	536871440
62679656	1140854784
43152824	1610613248
63233372	67108929
12058220	4362108928
19294436	1610613248
28735148	1610613248
14302892	2147520512
47207684	16781314
12268172	1610613248
56502272	1074270208
2854352	4362108928
49075220	1610613248
19175204	201326593
40038536	135266308
52852412	150994945
65291744	671088768
74012528	4362076161
110720	67141633
37808444	1074823168
66799964	134250560
47084240	528640
707528	1085440
6084632	2148012032
25173092	4295000065
78317516	3221225474
1092116	324
59575088	1610613248
265592	1107296320
27279092	4295000065
56830160	1610612992
18552800	1610613248
62245172	2147487746
64139924	331776
73853768	1085440
51756644	673185792
68021120	671092736
78923072	83886081
58501352	1610613248
67594088	2147487746
28796060	4362108928
20662364	671088644
56643536	1081348
78835916	1074823168
68716100	1073778688
19390664	518
45036884	4102
21003860	4099
43741532	1610613248
1942940	671088768
70506848	1073778688
11932832	67141633
277580	2147483682
80727428	1610613248
74914868	671088768
55269452	9469952
69267548	1610612992
47288684	4609
21986876	1610613248
2287028	1610613248
914564	135299072
40470104	36880
35532020	4311744513
10715564	4295000320
33106880	33284
3774512	4294967361
15372416	1610613248
8921900	292
66399176	36865
58295612	4311744513
54962624	1074790404
70360400	37376
79572044	1610613248
9155180	1073745921
69396176	1073872900
17775848	4328554496
71684912	1073778688
8798132	2148012032
22578176	4295000065
77475440	134250498
1082720	197632
41987072	1610613248
12432440	4395630592
49323080	1610612992
26724080	1073778688
81236	134250497
65705168	1085440
64667396	1610613248
20131004	67141633
53293700	2147520512
51970484	1610612992
52543316	1146880
6802616	1610613248
44919920	4311744513
56505188	536875264
13823372	561152
1421300	83918848
33422456	1073778688
5631680	1085440
61746536	1073778688
56431316	671088768
78173660	5368709121
81277580	1610613248
39626732	2147520512
10057844	1610612992
6725504	2147520512
66086192	1074298880
59855348	671088768
17462864	1610613248
59874464	17301568
6011084	2147487746
41827988	4311744513
12925568	2147487746
81637220	16912384
70571000	1073775104
40798640	32802
77413880	135266336
63502292	2148012032
18747848	32834
38176832	671088768
13781252	671088768
62590880	1073774593
1588160	4362076161
40061540	4362076161
34396076	134250500
43471640	5435817984
38369612	1073745922
49166912	150994945
15890492	1073742337
23276396	102400
44085944	36865
1150760	14
44151716	1085440
74317412	5368713216
4528460	2148012032
57761012	37376
51623156	1056772
19842968	1610613248
56751428	1074823168
6165632	150994945
170984	1610613248
21539108	32773
67445372	4295000320
24563972	4311744513
30229436	4130
18516512	4395630592
14139920	24832
21843020	150994945
49556036	8425472
33123728	10518528
56554760	4864
10333244	4311744513
53575580	2147553280
73007804	4362076161
26808320	524384
51084020	1081348
69484628	201326593
5193956	1610613248
74418176	4395630592
64917524	67145728
47274428	2147520512
110396	67141633
48973808	4362108928
57347264	671088644
39996416	32802
78331448	5435817984
56875196	134217733
31243556	53248
5454776	1081348
72228260	65793
39123560	671088641
6232700	4311744513
3570068	2147520512
68331836	1610613248
18365852	33652736
401672	1610613248
32165660	1073778688
69677408	1610613248
7112684	35651840
2128592	2147618816
57135044	69633
17208848	4311744513
66371312	4362108928
14715668	1610613248
46247348	16812032
58109312	57344
1031852	1085440
68721608	36865
66207368	3221356544
29707796	800
31868552	4311744513
44829200	1085440
26326856	1610613248
13761488	20512
61463036	2134016
52130540	524384
8577164	2148012032
39644876	671092736
57412712	1085440
23807108	134221825
36164792	1085440
41943980	4295000065
18668792	150994945
9760736	36865
24118796	1085440
43107140	2148007938
43366340	561152
23534624	36865
58303064	4429185025
5625848	33344
71730272	1085440
41167028	83886081
6140360	4311744513
45120152	2147520512
56706392	3221229568
37590716	17334272
62664104	1082134528
80587460	1082163200
54774380	2147618816
34503968	671092736
51125816	4362108928
37792892	5435817984
37378820	196610
53724944	1073766400
63047720	2147487745
68381084	83886081
26624936	1610613248
50806028	36865
62741864	1082134528
11563148	83886081
23501576	4429185025
5511800	1073762304
50451572	1610612992
58201328	4295004160
22607336	2147553280
62924600	36865
30972692	1085440
1460180	2147484674
37381088	196610
75860300	134217734
62729228	1074270208
3329984	98308
888320	5435817984
60814064	1610613248
7298336	1085440
29646236	2147520512
22845152	1610613248
15037400	1085440
28936028	1610613248
4929248	1081348
30068084	1074298880
10352684	1073745921
33409172	4311744513
59205404	1610612992
56950040	5435817984
81099056	5368741888
58044188	1085440
79979312	36865
1260272	16644
35839172	2147520512
2285408	16814080
15567464	1610613248
42920840	4311744513
24566240	2134016
27599528	1610613248
17760296	1085440
23107268	3221229568
20647136	83886081
61110524	299008
50772656	20512
16507712	37376
24438260	2147520512
11100152	67141633
14046608	561152
10914500	65602
28487936	5435817984
12482984	671088768
34942988	269492224
46505576	4294971393
12176480	1610612992
43185548	67141696
76354076	16912384
12668636	67108929
73445528	2147520512
1941320	1610613248
28306496	528448
36439544	8437760
48807596	5435817984
5796272	36866
75998000	1085440
19664768	327696
13997360	1610612992
54039872	1074823168
35308136	671092736
63096644	137216
50787236	17301568
77488724	1610613248
13633508	1610613248
79985792	17825793
22803680	1610613248
44089508	671088768
23024648	66564
42906584	8392705
51489344	671088768
3246068	1610613248
17703596	4311744513
50978072	32802
50561084	1081345
3616076	1610613248
47510300	1074790404
10230860	2147483682
1661708	1610613248
76704968	1081345
75129032	1073778688
81024536	671088644
6110228	1610613248
39261908	1085440
57356984	4356
76368008	671088768
51428756	36865
70958180	36866
856568	1085440
2064764	4362108928
50937572	5435817984
4103372	4362076161
7904216	327696
70121936	1610613248
42066776	40961
11693072	524608
62149916	1610613248
43542272	671088768
46914140	1081345
69479768	536870918
73960040	2147487746
24008312	201326593
36330356	1073778688
67666988	1081348
45362180	1610613248
50610332	1610613248
24429836	24608
76525796	1610613248
21074816	1073745921
47451332	196610
2796356	201326593
44387912	150995072
12448640	1610613248
39229508	1610612992
47647352	70
42010076	1073905664
533216	97
57511208	2147520512
80496092	2134016
10431416	671088768
17268140	1610613248
32245688	1085440
53167988	17301568
23365496	67141633
58605356	4353
72198776	2147487746
63023420	4295004160
7179428	4362076161
21446444	1610612992
66186308	1074823168
2004500	2147520512
56987948	36865
29774216	2148012032
11725148	67141634
32526596	1610612992
51150764	4395630592
62190092	671088641
17990660	8392708
57502136	36865
24598316	1610612992
39683432	1056770
1258004	4362108928
31089008	1610613248
60316400	34078784
33406256	4362076161
58183184	1610613248
55966376	671088644
27146900	671088644
79245452	45056
62115572	1074823168
46891136	1085440
80901092	1610613248
57390680	1107329024
56406044	83886081
38455796	4311744513
43465808	1610613248
504056	4362076161
61154264	4328554496
61267016	36928
37906616	4311744513
69133736	1073873408
41031920	36866
47413424	2147520512
45359912	1107329024
39698012	3221229568
40159712	16814080
80418980	1081345
13280348	2147520512
62838092	671088768
52774976	4295004160
81180056	37376
19365716	167936
51473144	4295524352
4000340	1610612992
11471780	1085440
71418260	2148007952
585704	4362080256
35398532	135299072
25244048	70
23404052	1610613248
42356756	4362076161
53169608	2148012032
9284780	3221229568
36466112	4295000065
1592048	134250497
1316648	269516800
45289928	1074823168
36396128	2147520512
42518756	2147520512
34171544	2147618816
10140464	8716288
14612636	6509559808
72186464	5368741888
39030572	36865
21831680	2147487760
80885540	671088768
56952308	16781313
12922328	671088768
78250124	1610612992
79196852	36865
25663628	577
29689004	4329046016
57267236	134217733
38991044	83886081
22073060	4362076161
12957644	1140883456
52253660	5368709121
71363504	1081348
43102280	36865
51184460	1610613248
78924692	2155876352
81480728	5368709121
30309464	4295004160
30673640	1073778688
34546736	1082134528
43597028	16810016
52505732	1610613248
31395188	800
188480	4328554496
21281528	1610613248
47619812	1610613248
578576	1610613248
36120080	671088644
66148724	1610613248
51198716	1610612992
72971840	1085440
2669024	134217860
11799668	2147549200
42977540	1610612992
60334220	1610613248
74721764	1610612992
14434112	8425472
16632128	135266308
51427136	1073778688
48943028	16814080
38754524	2147520512
33690728	1610613248
31450592	1085440
33063140	2147495936
32652632	1073742084
52627232	1085440
62169356	2164326400
77318300	32833
5761928	2147508224
81353396	671088768
55501112	1610613248
37382384	196610
38126288	2147520512
10537040	671088641
5027096	36865
5935916	1610613248
71581556	16814080
58386656	1074823168
31788848	4378853376
63831800	2147520512
16228424	1074823168
62509232	2147553280
28034336	671092736
36766784	67108929
44968844	671092736
81234488	4362080256
52665140	2164264960
81702344	1610613248
13891088	2148012032
24076028	201326593
32465360	4311744513
19819640	37376
78231980	4362600448
75221696	1073778688
22499768	1610613248
53685740	36865
17151176	201326593
75505844	327696
25652936	196610
75948428	2147487746
65964692	20484
70486112	561152
74444096	4295000320
12941444	1115136
25176332	134250497
76499228	83886081
2838476	134217764
23328560	1610613248
59196656	37120
73197668	68608
18547940	1610613248
12367640	671088768
45103952	36866
45507980	83886081
42060620	20484
19176824	1085440
18649676	1610613248
48411992	4362108928
2258516	2147553280
3940076	1610613248
77054564	4295004160
22224692	67145728
40088	135299072
41925188	1610613248
44144588	671088768
199496	1610613248
35268608	5368741888
8854508	135266432
42594248	1610613248
36906752	1081345
11866736	1610613248
294104	4161
34396400	16809985
21211868	671088768
31710116	36865
28173008	1610613248
43373144	4362108928
69738320	36865
55392896	8650753
6830480	134250500
27612164	671088644
20840564	1610613248
30221660	201326593
78906548	536870918
52481756	2181070848
22609280	1610613248
28092332	1074823168
78645728	2164264960
60712004	1085440
44211008	1085440
71862464	1610613248
40507688	4099
62992964	1610613248
41497508	33591296
39243764	4362076161
4734524	4130
51267728	671092736
18380756	4362076161
37256672	2424307712
48002132	5435817984
4757852	36865
57667376	4311744513
46889192	75497473
24214376	1610613248
33553028	2148012032
8589476	1610612992
16583528	4311744513
49029212	167936
48638792	36865
66334700	150995072
669296	16908290
67133360	671088768
3204272	1181696
60033548	1140883456
25026644	1058
14156444	1081856
31425320	671092736
68763728	1610613248
55650800	4311744513
24175496	2147487746
75243080	1610613248
70603400	4311744513
77444984	2147483682
2874764	83886081
37506476	67141633
3900872	1610613248
26991380	28672
72356240	2147487746
7282136	36866
23165588	299008
78825224	33587201
9910748	137216
56421272	3221229568
6661352	2654208
75983096	1610613248
37904672	2147487746
8249924	1074003970
5924576	67112961
2805104	1074823168
58928384	83918848
18402140	1090523136
22080512	5368713216
41176424	671088768
19310312	1073873408
40065428	16777729
445412	1610613248
36356276	16781313
51104756	1610613248
7824512	671088644
37429040	327681
53516288	4362108928
46847720	4362108928
26738660	1074823168
61336352	5368741888
4449728	1081348
79952096	671092736
69106520	37376
42878072	671088768
6447512	16809985
66039536	8425472
95168	4102
53977016	4311744513
27854192	36865
46286876	2147520512
11179532	67141633
45615872	36865
65885636	4353
80200604	2134016
46926776	4362108928
6617288	4161
795008	557120
42003596	4295000065
66113408	1610613248
62700716	1073778688
60691592	1610613248
12536444	671092736
63471512	167936
7330088	36866
1676612	1610613248
57493388	2684358656
44732000	1610613248
63940340	1610613248
4310408	557120
56428076	671088768
18885548	2164264960
78231008	2147520512
73935416	4362076161
63512660	2147520512
79431104	1085440
25650020	1610613248
9417296	1081348
60118436	1610613248
39882044	32834
49627964	2147520512
44028596	4295002112
48135296	37120
39390860	1085440
2438336	1744830464
4476944	2147549185
33051152	67141633
42018176	2147553280
55464824	1610612992
12406520	671088768
8236964	2147618816
29269100	150994945
56214884	36865
73894268	1081348
29662760	36880
69071204	4311744513
57321992	671088768
80970428	671088644
2387792	32834
42194108	1085440
6807800	4295004160
307064	1610613248
14119832	1610612992
450596	2148012032
46347140	4328554496
18802928	16809985
690032	1610613248
64148672	1140883456
17372468	83886081
36779096	16843776
18246944	16908304
27253820	1085440
17273000	4429185025
37896248	671092736
51013388	671088896
8852240	1610613248
31461284	2147520512
55727264	2147520512
45556256	3221356544
33818060	67133440
15333860	4362076161
12667340	1085440
25007528	17334272
12373148	671088768
56762444	16781313
2377748	2147520512
14878640	2147487760
3750860	1081348
71506064	134250497
69804740	2147520512
22616084	37376
52629500	5435817984
57500192	1085440
73751384	2147487746
70243760	16809986
278228	4311744513
81543584	3221229568
80315624	1610613248
27523712	671088768
8215256	577
79835780	1610613248
59589344	2147520512
67170944	1073758212
36572708	1073778688
18802604	67141633
49616300	135266308
75947780	1610613248
57900656	1115136
54570260	671088644
22150820	671088644
6377852	102400
78274424	134218753
52851764	327696
40732220	1610613248
76314548	1610613248
1305956	1610613248
18551504	1081348
54939620	1610613248
40578320	40961
48397088	4353
67093184	1073778688
12205964	1081348
12224	4130
69659912	2147520512
1055504	20512
118172	134250497
66242360	1610613248
33248468	1610613248
33559832	134283265
66629216	83918848
12620684	135266308
59274740	2147549200
31562372	1610612992
70714208	32833
79931684	1610613248
1356824	32836
5456072	1081348
1920584	24580
67648520	671088896
3122624	24640
32108636	1610613248
3636812	1085440
43790780	67108870
9108200	561152
9566660	2147520512
77771252	557057
16226480	134283265
33146084	36865
473924	4295000065
33437684	671092736
16987880	134217733
1059068	16912384
12753200	36866
64578620	2147520512
9775964	2147487745
11061920	1074823168
30810692	1610613248
24231548	1081345
41727872	1073745921
62410412	36866
29813096	2147520512
32451752	2147520512
75193508	1610613248
30651284	1610613248
20357156	4329570304
53311196	67141633
65059112	4295004160
4354148	9469952
26800868	2148012032
15804956	83886081
63927380	98305
52370300	1085440
41920328	671092736
18019820	142610432
35996312	4362108928
45712424	1610613248
15286232	1610613248
12699740	671088768
34996448	1610613248
25507784	1610613248
21256256	2148012032
26136020	37376
79913216	1610613248
30495440	75497473
30514556	167936
74203688	1610612992
36366968	2147618816
70874912	1085440
15386024	4294967553
60430772	37376
49784456	1610612992
4666160	36865
78610088	671088896
71818076	37376
53434640	5368713216
52670000	36865
34906052	1610612992
61515200	327696
24104216	1610612992
81313868	1074266176
62441840	671088768
3500408	1074823168
65755388	1082163200
21057320	1081348
43640768	8425472
20428112	2147618816
11650304	1610613248
14637260	4311744513
39280052	83886081
33761036	4099
11220356	36865
57890936	2147487746
1153028	83886081
20796824	67141633
61999580	24580
3730448	1610613248
29925524	1073778688
51311792	2147520512
64121132	1073774848
37374932	1610613248
62467760	1610613248
4501568	100696064
3417464	229376
27866828	100663297
60690944	2147520512
62750936	4311744513
37512632	4362076161
37074908	2148012032
30683684	8425472
16009400	32833
36262964	1085440
16897160	1073774593
44922512	1085440
34151780	57344
43338476	8425472
79197176	2147520512
3829592	1081856
78063824	4362108928
77511728	1081348
51675968	8421377
30410876	150994945
18700868	1610613248
78259844	1073745922
76349216	1610613248
48589544	1610612992
53054264	2147520512
7801832	1610612992
65566172	671092736
18700220	1074823168
33346964	2147520512
43419800	1610613248
11447156	1610613248
34324472	671092736
15549320	67158016
38032976	2147487746
9556940	276824576
69009968	32833
118496	67141633
52308416	1073778688
2051480	1058
76255904	1610613248
76514456	671088768
35961320	4311744513
52818068	1073778688
14036888	4395630592
37844084	16814080
74645948	2147749888
45626564	4130
41049416	671088644
22222748	67145728
31024208	135299072
20867780	1610612992
57509264	137216
24936248	8392736
70003028	8425472
50643380	2147520512
22964708	65554
44656184	1085440
3094112	2129921
9727040	2147520512
28873496	57344
79960844	36865
5649176	135266308
18054164	2147520512
47119556	67141634
56742032	1074270208
3173816	2147520512
52241348	32802
46438184	671088768
81588944	671088768
45381296	36865
18923132	577
49170800	135299072
44847992	4311744513
2822600	3221229568
46974728	2164326400
76022300	4362080256
28937648	1090551808
80548256	671092736
81593156	1081348
55170956	2147516672
224120	1610613248
13012400	1610613248
76121444	2147520512
76113344	1085440
35845652	36866
80134508	1073778688
61518440	8392705
76287332	4296048640
23587112	671088768
79876280	1073778688
45084836	57344
9587720	4311744513
32009816	1140850689
61771484	671088768
19691660	4296048640
47891324	6442451008
11406332	1610613248
29506268	1610613248
74456084	1081348
19758404	16809985
4956140	671088644
18843428	37120
32246984	4294971393
54668756	17301568
81227360	1073778688
8728796	8392705
56806508	1610612992
53696	1115136
60093812	134250498
62269148	1610613248
50651804	1082163200
77426840	1073778688
2815472	83886081
22685744	2147520512
16942520	3221229568
46805276	1610613248
64381628	1610613248
31061468	4311744513
51201632	3221229568
10276544	67141633
66583208	671088768
64702064	53248
23434184	1610612992
68881016	1073778688
38815760	2147520512
62230268	2147520512
69607748	2147520512
8660	8421392
49377836	4311744513
5422376	1610613248
21005804	1610613248
21748736	577
29320616	98306
47140940	3221229568
32882348	134283265
31748996	1073745921
43221512	36865
53635844	37120
47146448	2147520512
9591284	1610613248
31008980	8425472
3469628	6442455040
74668304	67141633
70064588	2147487746
22429460	671088644
3393488	28672
11827856	6442450945
56316944	2147495936
16909796	2181070848
55774568	1610612992
32015648	4311744513
46522748	67141633
28875764	671088644
11146484	16812032
65971172	536872964
72411968	1081345
13865816	167936
57437336	17301568
57134072	1610613248
4068380	67141664
40994660	2147520512
56854460	2147488256
80708312	4311744513
25720976	69633
51628340	3221356544
40603916	4362076161
38302868	4311744513
5407148	2147553280
45573752	1610613248
25182488	1073745921
13510712	36866
66063188	1085440
68036996	4395630592
66576404	536870918
22221776	2147487746
7988780	1610612992
4069028	327696
37401176	36880
71476256	2147520512
68958128	2147520512
57673208	135299072
8235668	37376
4455236	1610612992
10206560	327696
22292084	201326593
22666952	671088644
27878816	50
13178936	40961
73399196	671088768
66512576	1610613248
46521776	1085440
7118840	1610613248
72998408	37376
10986752	1085440
3552248	671088644
18541460	671088644
44673356	36865
26681960	671092736
32016296	2147520512
70909580	1610613248
3753128	2147487746
21658988	1610613248
39079172	4295004160
76474928	671088768
72856820	37120
769412	32802
35079716	1081348
22745684	1610613248
34897952	671088768
48721736	1610613248
8144624	1610613248
26171660	671088768
131456	134250497
76051460	37376
81560756	36865
56084312	671088768
65946224	167936
35177240	1610613248
67224080	1208483840
22314440	528386
48766124	4106
44140700	37120
13354220	1610612992
42087512	671088641
53981552	1610613248
7025528	1074823168
13097936	1212416
30177596	2147520512
65376632	37376
50640464	1610613248
59614940	1081345
22395116	1073774593
43256828	536871680
37167896	524384
80720300	17858560
72208820	16777226
47333720	671088768
4944476	1085440
1211348	671088768
6812336	1610613248
51502628	1140850689
60120056	1073774848
27417116	671092736
50956364	67141888
62394212	1085440
8100884	36866
968024	327681
50987144	1610613248
66249164	150994945
41262932	4295000065
32490632	16777221
50595752	37376
39675656	36865
20856116	138
65347796	1085440
74567216	1610613248
31387736	800
2497628	142610432
54259220	1610613248
65079848	1610613248
4911104	1610612992
59216744	1074823168
63720344	101711872
35599088	4311744513
77021840	1610613248
4793816	1073778688
38450936	16781313
66982376	16809986
67938176	83918848
79607684	4295000128
80078132	2147520512
43355972	671092736
69580856	5368713216
16398200	4311744513
8951708	1085440
38988776	671092736
28387172	4429185025
16316552	4294967361
6183128	4295524352
23526848	2147520512
47482436	83886081
50714012	671088768
70955912	36865
49196072	2164264960
4748456	4295004160
55532216	671092736
1254116	16809985
78018464	17301568
25864508	671088768
38079308	4353
7608728	524864
5727584	150994945
45661880	671088768
35861528	4311744513
34143680	4395630592
15881744	4362108928
56135180	4362108928
611300	67141633
80478920	3221356544
12417212	1610613248
35342156	1073778688
70211684	134254592
61588424	2147487746
10874972	2147520512
33325580	32834
24097736	2148012032
22515320	2147520512
36355952	4311744513
32331224	1610613248
52803812	557057
59682008	671092736
12004112	1610613248
37058384	34078721
49699892	3221229568
14700764	150994945
70939064	2164260880
13394396	327696
23191832	17334272
54843716	36865
52459400	528386
22179980	1085440
23997296	1610612992
24824792	1610613248
47415692	561152
31828700	1081345
67366964	4362338304
7553000	8392706
48628424	12304
44029568	1073745922
63176348	2147520512
352424	1610613248
2890316	67141633
59474324	1085440
494012	1085440
31719836	16777221
62273684	1073778688
36180992	201326593
21228392	3221229568
19865648	524353
42182120	16908292
24190724	24608
65353304	1610613248
12168704	671088768
32575844	4294971393
25807160	36896
50386772	17301568
33396860	67633153
57802160	1610612992
34972472	16809985
39435896	1081348
25015304	17858560
51071060	1081345
24606416	4362076224
17132060	1610613248
69686156	1610613248
34682492	671088768
30667808	1140883456
23961980	1610613248
71191460	1610613248
50364740	196624
21009044	4311777280
42678812	5435817984
6218768	1085440
76087424	16912384
5257460	5368741888
47119880	2147520512
81258464	2147487746
68709944	1610612992
50789504	1140883456
38301572	2147520512
24771980	1073774593
39567440	69648
4791224	2181070848
67802744	671088768
49512944	32834
15986396	7
32767652	24577
21005156	32833
77328668	134254592
43561064	1140850689
62949224	2147520512
44202260	4311744513
79631336	327696
35610428	1610613248
63243740	2147520512
37367156	196610
44959124	1610613248
37348688	196610
32080124	671092736
61430312	1610613248
39890468	1610613248
65068184	1610613248
25978556	67113472
49348676	138
41039372	2147520512
23793500	5435817984
72223400	4362108928
37899812	4311744513
47245268	17301568
79614164	1140883456
38798264	671088644
5495600	2148012032
58648124	36866
5900276	137216
80139368	1610613248
70297220	2147520512
8450480	16781313
79971860	1610613248
43278536	1610613248
60615776	2147520512
1739144	1085440
76923992	1074270208
52319756	4311744513
60382820	16777281
36540632	4311744513
79107104	196610
64184312	2147520512
1887212	1115136
909704	2147520512
24604472	36865
43107788	1610613248
2813852	1610613248
25204844	36866
4324016	671088768
58652336	2147524608
58877516	1074823168
73489268	4311777280
37067780	135299072
24128840	201326593
50696840	1085440
39177992	8425472
13145240	40961
47552420	33591296
24537080	671088644
65864576	67141664
5781044	1610613248
78146768	16781313
52613948	1073745921
53390252	2147520512
61729688	2147520512
6229460	4295524352
63483500	4311744513
4292912	1085440
55521524	557057
749000	4130
67588580	536870918
7709492	2147520512
50665736	1610613248
33430880	1610613248
4553084	1085440
69169700	1085440
18599132	671088768
42508064	37376
14947004	83886081
57940832	16801792
2669672	2147520512
39172160	5368713216
48863324	671088644
60866552	97
16225184	1610613248
31663784	671088768
53305364	36865
1967564	32833
38895788	2147487760
35708276	2147520512
24863348	528386
46999676	561152
57057284	3221356544
435692	536875520
50607416	4362076161
6056444	201326593
78851468	2148012032
53908004	1610613248
37954568	17305600
48431108	16809985
69218300	671088768
4764980	67145728
1534052	1081345
75052892	1174405120
60702932	4311744513
79672160	1610613248
8564204	4295004160
5680604	36880
68006216	671088768
52367708	5368713216
66937988	134218753
33812228	36896
35787656	36866
32863880	1610613248
41538008	289
43518620	4099
47571212	1610613248
1982144	2147483682
38725688	196610
71781464	1610612992
49669112	1610612992
78545612	32864
24782672	1085440
35538176	1610613248
8986052	4362108928
21016820	16809985
14551400	2147484674
59688488	2147520512
4572848	1610613248
68193812	671088768
4140956	5435817984
12909044	671088768
50493044	1073745924
75593648	1081345
39536660	4311744513
72281396	4328554496
4183076	671088768
32152376	83918848
17407460	671088768
78689468	1610613248
1019540	67141633
40740968	1081345
43510520	83918848
18558632	20512
22367900	1174405120
67874348	65793
80409584	4429185028
63594956	4295004160
63380468	4362076161
62433740	3221258240
76677104	4311744513
78973940	1074823168
1609544	1073778688
32759552	57344
18523640	150994945
69441536	67109632
43010588	2147520512
50056940	2147618816
28748	67072
56529488	671088768
16162328	4295004160
25696028	2621504
15767372	4295000320
7927220	1610613248
75086264	1610613248
73932500	36865
38001224	3221229568
26762312	36880
57692972	83886081
59085200	1074823168
44892056	1610613248
42107924	1610613248
7253948	6146
43540652	671088768
7485608	1073774594
24895424	4429185025
38396828	671088768
67709432	1610612992
43454792	671088768
4706984	4362108928
81624260	135680
51702860	1610613248
7008032	1073746432
15647492	1610613248
48805652	83886081
58909592	327696
44940008	2147520512
7113332	150994945
49786724	134217857
44386940	67141633
79530248	1610613248
60068540	36865
64868924	16809985
74352404	5368713216
3970208	1610613248
67394504	671088768
11058356	16781314
44193188	561152
79832216	1073778688
80555384	1082163200
65570060	33587456
51886892	37376
21952532	2147483682
19900964	150994945
68414780	561152
39237608	196610
40552076	1085440
5206268	1081345
26359904	327682
40146428	2147520512
2439956	1610612992
42715748	134222336
2523548	1610612992
47082944	37120
21528092	671092736
13531124	1610613248
29399348	16912384
19005104	150994945
22912868	83886081
67270412	16779520
3134288	4295000065
37796780	4311744513
41105144	4362108928
48543536	4311744513
57387440	2147520512
13139732	4311744513
50574692	1610613248
79627448	17301568
66179828	1610612992
34681196	1085440
20927396	1081348
28811936	1085440
3452780	1610613248
2345348	1610613248
35952572	1074823168
85124	1082134528
27254468	83918848
28998236	1610613248
26405264	100696064
5980628	16777282
27460532	201326593
32204540	4294967361
18465644	16777729
432128	134250497
38206316	4297097216
38928188	1081348
798896	1610613248
23282552	150995072
53692220	36865
4423160	671088768
47353808	671092736
29374724	16781313
74779760	1610613248
25045760	4362076161
47057024	1081345
13232072	1610612992
31014164	1140883456
52754564	327696
50275316	8425472
27108668	150994945
31054988	4429185028
32017592	16809985
49825604	4362108928
39890144	671088768
44382080	1610613248
346916	1610612740
7652468	67141888
39162116	4130
18492860	6442455040
22469960	150994945
48419444	1074823168
74489456	36865
20886572	5435817984
44241140	1081345
4037924	4099
19063748	2147520512
40315556	36865
18017876	36865
67559096	1073746176
32376908	32833
31447352	134217733
13581992	2147487746
48592460	1081345
61709924	2147520512
12527696	671088768
1356176	4362076161
73518428	2147520512
46828928	5368741888
70091156	16809986
43415588	135266308
43820588	1081345
3244124	36880
70549616	1085440
49998296	671088768
33673232	1610612992
52049864	12289
7807988	671088644
25969484	671092736
485912	671088768
74096768	1073778688
75750464	5368709121
48908360	672137216
5799188	2148012032
14656052	24580
25386608	1081348
27836048	1610612992
70522724	671088768
5844872	1610613248
9711488	1610612992
73070012	1610613248
58802996	2147524608
76179440	1610613248
26840072	1610613248
12190088	671088644
65684756	1610613248
3000800	1073778688
80393384	528448
80147468	2148008000
67836764	671088768
1730072	37376
22973132	1081856
5450564	561152
79571396	1610612992
76475576	1140883456
51550256	1610612992
50818664	4362108928
75401840	1074823168
17597000	327681
1476704	1610613248
12706220	1085440
62227352	1610613248
28149032	1610613248
65584964	70
33970664	2147618816
24759020	1107329024
77874284	1073876992
37120916	1073745921
20561924	67141634
47337608	1610613248
21120500	16809985
75707048	671088644
27907328	4362076161
34825376	1081345
61534316	32833
52482728	1085440
55180352	36865
44675624	4311744513
53180624	4362108928
31179080	800
53308928	1085440
41907692	671088768
43229936	671092736
48385748	24577
2781452	4099
64655084	1610612992
358904	67141648
42880988	6442455040
61273496	32833
65992556	524354
27547688	36896
56089820	1610613248
42504500	4362076161
12079604	17301568
5921984	83886081
69709160	1074823168
5534804	3221258240
24331340	37120
55544852	1048836
15912848	32771
31849112	4311744513
68229452	4362076161
13552508	3221229568
15328028	16814080
24851684	67108874
9881912	1610613248
25965596	17301568
38080928	1610612992
12583424	137216
78432860	1610613248
52797008	4295032834
24151196	201326593
50600288	70
17242544	1610612992
81240968	671088644
28537508	671092736
55213400	28672
23851820	1610613248
23598452	42
36003764	36928
61093352	2147520512
15417128	67112961
56515880	4295004160
57653120	1610612992
81639164	1610613248
33594176	83918848
38419832	1073778688
55794980	20481
47381024	4362076161
27818552	4295000320
845552	1610612992
31113308	2147618816
27120980	1610613248
2268884	1081348
26657984	1610613248
31604492	1081345
1402508	4296048640
29870120	67141633
209864	83918848
65924516	3221258240
77442716	32833
60278492	37120
14565008	1610612992
4942208	4099
81230600	4362080256
72115184	671088641
4312676	1610612992
5964104	2101504
80869016	37376
40597760	134283265
61716080	1610613248
75501308	5368741888
75944216	1610613248
74629424	4102
50088368	671088768
52493420	671088768
8941988	3221229568
425000	135299072
773948	67141633
5632976	557120
30098864	4311744513
57879272	1610613248
54381692	1610612992
11758520	1073778688
38103608	657408
28652852	1610612992
46968572	16814080
57563048	67141633
15379220	4311744513
22991276	4311744513
70860980	16814080
43982912	671088768
76681316	67141633
71516	134250497
38978408	37376
1036064	5368741888
12920060	671088768
63434252	4311744513
72867512	4295000320
51268700	2147520512
38995256	36865
22494584	1610613248
29693216	1610613248
4138688	74
33641480	196624
33070592	135266308
51596912	36866
25143608	1081348
21192752	1610612992
45566300	1085440
52687496	4362076161
62320988	1610613248
17980940	1085440
15768344	83886081
36200756	36865
21566324	69633
59707928	1610612992
45705296	8425472
5260700	4362076161
81188804	1073746176
44075900	17301568
54436772	4354
26689088	1140883456
43127876	5368713216
37476344	5435817984
80800652	671088768
37687916	16809986
68559932	671088768
79507568	2147745808
51175064	2101312
12974816	1073762304
18001676	4311744513
9731576	67108929
69349844	36865
68576456	37120
32317940	1085440
42862196	1610613248
61094972	1081348
1589456	38912
40448720	1610613248
73633448	1610613248
47859572	53248
5480372	1610613248
69733460	2147520512
31203056	4311744513
15640040	1082163200
1135208	4102
65032544	2147520512
78850496	134250497
41032892	36865
59151620	1610613248
13110896	83886081
19675136	4311744513
33109472	1048708
69591872	1073745922
63192548	3221225474
43179068	67112961
24060800	1610613248
9353792	134250497
60452156	2148012032
51323456	672137216
61697612	1081348
19471340	1610613248
41480012	1073745921
23533004	1610613248
28893584	2181038082
2217692	1610613248
63001064	4311744513
37466300	2147520512
5154752	57344
42555368	1082134528
43687748	6509559808
194636	1610612992
27577496	67141633
51308552	1610613248
59784068	524322
1256060	1073778688
13282292	4295004160
20586548	3221291008
37494164	200
17318360	67112961
13762136	1082163200
8547356	327696
47582552	1610613248
22132028	1085440
21104300	167936
28899416	1610612992
32027312	1610613248
46990280	1081345
8775128	4295004160
17889896	83886081
47596484	1085440
20504252	1610613248
35101424	2147520512
23419604	4294971393
58144304	528448
49638980	3221229568
69910688	2147520512
49035368	1074823168
25797440	25088
5286944	4311744513
7011272	135299072
34406120	67141633
67825424	33281
1096328	1610613248
771680	4295000065
14696228	2129921
10688672	37376
59498300	36865
64138628	134218753
10182908	67133440
61338620	3222274048
4856348	134254592
23993732	1610613248
42017204	1074008064
1678880	1610613248
79991948	3221229568
40484036	1085440
35323040	1610613248
14495348	4362076161
61140008	163841
20774792	1073745921
81145388	1073778688
81280172	1610613248
6719348	4311744513
40024928	36865
50231576	16844800
68386268	1610613248
13826288	2147487746
72051356	1085440
50388068	1090535424
2936000	67141633
31489472	1085440
44620868	16779296
2904896	1610613248
73411832	2147520512
33598064	1081348
40130228	1146880
57697832	4311744513
30624068	671092736
65825696	1610612992
4449404	2148008000
17924240	36865
8578460	1610612992
10045856	32833
26560460	1610612992
67144376	1610613248
33550760	1610613248
31223468	16781313
71583500	1074266176
45588656	1610613248
67162844	1610612992
69104900	1610613248
73979804	1610613248
76553984	2147553280
53370164	83886081
3950444	36865
22618676	1610613248
42686588	1610613248
77756996	671088644
70871348	135266308
72714908	2147520512
70488380	1610613248
21683612	1610613248
59176892	24832
77678912	671088768
10532180	4362076161
60993560	6146
36355628	3221229568
61439060	2148012032
8917040	2147520512
43215032	1140850689
61647716	53248
35316560	1107329024
80868044	37376
11690804	1610613248
55646264	1610613248
41459600	201326593
78099464	1081345
12917792	83886081
30754640	1610613248
43373468	5368725504
61443920	2147520512
25452380	1610612992
12006056	36865
81410744	671088644
80785424	37376
19019036	150994945
20259308	150994945
67459952	4311744513
25569344	16777282
45210872	1610613248
59991428	36865
62635592	1048610
56949716	671088768
48295676	4354
52333688	83886081
1223660	4362108928
26426648	1140883456
57320048	671088768
53086988	134250497
23118932	17301568
65050688	1610613248
37241768	1610613248
22367252	1610612992
43744448	671088768
12266876	2147618816
17469668	561152
78297104	1073778688
56857700	4311744513
8541848	2147520512
81097760	671088768
46702244	603979777
26634980	2148012032
7958324	86016
70864544	4362108928
56421920	16781313
17574320	1610612992
23832380	1610613248
22749572	2147520512
14905208	1610612992
50676752	561152
53454728	1081348
74393552	36865
3091196	4328554496
30872252	1082134528
37382708	196610
37341884	671088768
72515324	2148012032
2281520	1048582
67871108	3221225488
28980092	1073876992
15477716	1081348
51892076	37376
132752	67141633
41025440	4311744513
54486992	671088768
31723400	2147495936
22500092	35
65005652	37376
7082876	1085440
41284640	4295000065
34998392	16810240
78434480	1610613248
8078204	135299072
16748444	4311744513
71980076	4295000576
1000424	1085440
16791860	1610613248
13770560	67141633
40750040	3229614080
77535380	1610613248
24500144	32833
2042732	671088644
4033388	36896
34568768	1610613248
77228552	134217860
156080	201326593
36731468	16809985
65059760	1610612992
43299920	1610613248
31086416	1085440
72318980	1610613248
78844016	4328554496
3621584	167936
28273448	1081348
18406676	1140850689
30502244	36865
2620748	2147520512
17842592	2147618816
3226304	3221229568
3573632	1610613248
49468556	67108929
2033984	1610613248
61409252	67141633
68081384	1610612992
74750276	67141633
5640104	1073746432
4132856	2147483682
30234944	536870918
26505056	1073745921
1578440	1610613248
63189632	671088768
18116372	4311744513
80144228	1085440
79190372	671088644
69494996	201326593
78977180	1081348
79259060	4295233536
58681172	1081348
39597896	4311744513
44434244	1048610
45337232	36865
43021280	150994945
60783284	1610613248
3646208	16908304
5598956	67141634
12598976	671088644
50790476	134250497
37382060	196610
71677460	1610613248
45473960	4362076161
451568	1610612992
53072408	83918848
15481604	98320
48348812	1074823168
3561320	1082134528
74337500	2147520512
56877464	671088768
20942624	67108929
35735168	1081348
64525808	671088768
50970620	671088768
3954656	36866
22046816	1085440
25833080	1073745921
77065580	37120
3608948	1073745921
31184588	1610613248
31093544	36880
70135220	1610613248
7819652	6146
1092440	1610613248
56818172	1610613248
44519780	1081348
56521388	4295004160
63962372	4362108928
22720736	16809985
47183060	1610613248
71679728	4362108928
74471636	2147520512
31928816	1610613248
57751940	69648
8244416	1610613248
2606816	4102
2052452	1610613248
4578032	8392705
56623772	1140883456
61788008	1074823168
11221328	1610613248
43569488	1085440
31768112	4362076161
32848976	24580
33061196	2147520512
3949472	1090551808
8146244	1610613248
53877872	1073774593
52886756	135184
46947836	1081348
79144364	28672
47554688	4294971393
17776496	1610612992
55879868	4295000065
19021952	150994945
71364476	4311744513
1619912	4362092544
34737248	671092736
48423656	1085440
56427104	671088768
33944420	7516192768
15133628	67141633
93548	1610612992
58989944	1081348
40053440	1610612992
31087388	2147520512
57182348	2147483682
1026020	1610612992
73336988	2148007938
77485808	2147520512
32071700	4362338304
63973712	1610613248
3164420	1610613248
43495940	671092736
23504168	35
60154724	36865
62770376	1140850689
25436504	53248
1597232	1610613248
80175008	577
3315080	2147520512
7988132	1081345
394868	2148073472
2291888	1048582
63667856	2147520512
5794328	1085440
3666296	4311744513
18288092	67141633
15568436	83886081
56901764	4353
63327980	4295491648
60859100	36865
17192000	32834
51934520	5368741888
72291440	4362108928
42638636	1140883456
35749748	3221229568
56060660	4311744513
8679548	137216
35108228	4429185028
72328376	16908304
24569156	1074069504
11982728	17301568
16465592	135266308
40306484	1081345
30520064	75497473
44787728	150994945
46634852	4362108928
3109664	136318976
13733300	8425472
49113776	36880
8391512	524354
31764548	1610613248
21830708	1610612992
68327300	16844800
13415780	3221229568
13155932	40961
76772684	36865
72957260	1107296512
844256	1610613248
18796448	36865
38612612	1085440
1518500	1610612992
29424296	1073778688
52755860	1610612992
70579424	671088768
10937180	2147520512
43607720	2147520512
73932824	1074790404
40076120	561152
71402384	32833
18348032	150994945
33613292	83886081
39720044	1074823168
3086984	268568576
13216196	2164264960
10968608	17301568
63651980	4102
2497304	671092736
42716396	4311744513
32815280	4311744513
68213252	4311744513
2753912	36866
106832	134250497
80051564	4362108928
66238472	1610613248
39750176	1610613248
11654516	1610613248
37383356	196610
70637420	4362108928
36495272	1073778688
75287144	1081345
13267388	1610613248
60373748	4362108928
45536816	4353
8316020	2147487746
15645548	83886081
78919832	4362108928
6206456	2147487746
80052536	1610613248
63299468	2147520512
62682896	1085440
28003556	1610613248
38007380	16809985
25545044	1085440
61704740	1073778688
46314416	671088768
69387428	1610613248
36984512	671092736
15042584	75497473
74009288	3221241856
16770800	671092736
73718984	1610613248
66474344	3221229568
56180864	134250497
37491572	1610613248
10208180	2147520512
53786828	1073778688
5679632	4311744513
28071596	8716288
30086228	36866
70392476	1610613248
65745020	40961
76547828	4328554496
37090460	35
9561152	2147618816
61189256	671088644
61295204	37120
61840172	16781313
2182052	1610612992
898040	561152
1675640	67
47013284	528448
33961592	671092736
48381536	1081345
79034852	4362076161
21805112	528385
37973036	1610612992
62188796	671088768
44828876	4311744513
4424456	1610613248
65613152	2147618816
36234452	1081348
61449104	561152
47652860	1610612992
63509096	1610612992
3934892	4311744513
27885620	57344
15600512	40961
26551388	327696
54779240	1610612992
77357828	1610613248
25531112	36866
20149796	1610613248
61603004	1081348
45618464	1073778688
344000	8425472
65433656	1610612992
30237212	1610612992
50522204	1085440
71433812	67145728
48336176	8392705
65088920	36865
43626836	1610613248
17770664	8392705
46648136	17301568
33187232	1073778688
63550892	2147520512
42412808	2147520512
44278400	1610613248
64155800	1610612992
826436	2147553280
41454092	2147504128
5484908	1085440
43570784	67141633
61467572	4099
24661172	201326593
52967756	1073745921
65534096	4295004160
69553316	2147520512
40331108	2147520512
58389248	524294
5371832	2214592528
37958132	8425472
45220592	1610613248
12717236	4295000320
28312976	1610613248
69132764	36866
31464848	671088641
44386292	671092736
64051148	1074790404
15590468	37376
66859904	3221229568
62328116	1610613248
69797936	2134016
77250260	150994945
63930296	4362108928
37360352	327681
36267824	4362076161
216344	671088768
61300064	16809986
62965748	150994945
63682112	1074823168
7454504	1048836
27832484	1081345
42885848	2148012032
57886076	4362076161
32448512	134221825
37932212	671092736
38970956	4362108928
52044356	1610613248
32015000	1610612992
69700412	671088768
54853760	2147487745
70147208	561152
5435336	1074823168
3949148	2147487760
694892	4362600448
21220292	1085440
5226356	1610613248
30868364	1073778688
7678712	671092736
72988364	36865
72678944	2147520512
12485900	536870917
49121552	4429185028
73688204	2147520512
79517612	69648
51073004	1610612740
40073204	67145728
74987444	4297097216
21303560	32802
33137336	2147487760
68561876	6442451008
35955812	2147495936
42764672	1610613248
3655928	524864
47356400	1107329024
5667320	1610613248
1508780	1610613248
44573564	671088768
61379444	1610613248
78034664	1074270208
5173220	16842754
39924488	4311744513
64668692	17301568
64024256	1085440
48990008	1610612992
54682040	36865
35742944	4130
60602816	1610613248
52693976	1085440
69503420	1610613248
57477512	1073746432
66683324	4311744513
31427588	1610613248
48758996	4362076161
15111596	75497728
66629540	1610613248
57415952	671088768
37587476	4311744513
19635608	2148012032
3350396	1085440
19527716	67141633
16804172	1212416
937244	1610613248
14848832	1073745921
480728	2147487746
36378632	1073774593
6946796	33296
45082892	2147487760
77837672	2147487746
31707848	2147520512
6294260	1610613248
46177364	671088768
30050264	528386
67482308	671088768
43192028	1610613248
357932	100663298
35923412	36865
66043100	37376
47900072	1085440
15735944	32833
61126724	32833
55473896	1610613248
6795164	2147520512
30033092	1610613248
47904284	671088768
63504884	671089152
48836	537919744
51506840	671088768
74933984	1085440
1114796	67141633
39094400	4311744513
58554488	1610613248
42372632	2147520512
26523200	4311744513
49426760	671088644
33178484	538972160
2786312	1610613248
44552828	4311777280
47191160	1610613248
24370868	3221356544
18899804	150994945
78872852	1174405120
12406844	671088768
66400796	1073745921
42194432	3221229568
39347444	1074823168
1904384	268568576
33278276	2147520512
67926188	36866
2415008	1081348
12492380	671092736
35624684	5435817984
45593192	1074823168
43735376	671088768
41032568	53248
327152	1610613248
9494408	42
10074044	137216
43182632	671088768
65206856	67633216
70673708	1140854784
54478892	2129921
23273156	671088768
51461480	4362076161
906788	1610613248
6954248	4295000065
29739548	1610613248
74122364	37376
76999808	3221229568
13789352	2148012032
66066752	1085440
26455160	1610613248
77812400	4311744513
34360436	2147520512
28889048	2147520512
49061288	3221229568
80010740	671088768
69683888	4102
8821460	1610613248
21312956	4362076161
13880720	671088896
559136	1610613248
54435152	16777281
43468400	37376
55546148	671089152
59188232	1610613248
72543836	4311744513
16859900	536871170
66731924	150994945
69050144	4311744513
69597380	1610613248
16615604	32802
30656144	2147520512
42256964	200
5637836	16781313
31621988	2134016
54284492	83886081
30387872	1610613248
75602396	1074823168
54280280	1610613248
75248588	8425472
116228	67141633
4952900	2147520512
42510656	36865
45325244	36866
56748836	4102
66931508	536871680
78214484	37120
16576724	561152
72400628	1610613248
8637752	2164264960
28859564	16809985
49251800	1610613248
5176460	2147487760
25802300	4328521729
7780772	24577
73939304	5368713216
39091160	8393216
14520944	4311744513
37245656	67158016
28818092	201326593
4161692	1610613248
32588480	1081345
60265532	4353
36396452	1610613248
19713044	1610613248
50788532	2147487745
7502780	671088896
42574808	1610613248
54678476	294976
65457632	1081348
21305828	1610613248
149924	40961
38310320	4295004160
51240836	4362108928
46386668	33587712
26614244	671088768
57091304	4102
18327944	16809985
1998020	1610613248
25788044	135266308
119144	67141633
33692996	4311744513
32984408	1081856
13528856	36896
23287736	150995072
6976280	33587712
35545952	1610612992
1788392	2147520512
55441820	1610613248
5291480	135299072
75089504	1081348
5543552	1610613248
74263952	1081345
47223236	327696
12079928	67141633
103268	1610612992
18746876	327681
68579696	1073876992
11966528	83886081
51323780	1073745922
78422492	5402263552
73730000	16814080
21204092	98305
46178336	65553
16208984	1610613248
72902180	36865
62733440	4311744513
72973784	1081348
57276308	2147495936
39205532	1081345
64044992	4311744513
79508864	33652736
44528204	1610613248
67911608	671088768
6856076	1081348
40539440	2147553280
47659988	671088768
81376400	4099
51273560	671088768
256196	1085440
66780200	671088768
76196936	36865
78270536	3221356544
55702964	1610612992
23804840	32834
36541928	1074823168
50359232	1610612992
61424156	2148012032
3550952	36928
79511456	36865
7777856	1610613248
31823516	671092736
26710796	1073745921
59566988	16781313
26195960	2147520512
28070948	135266308
76322972	4311744513
33695588	4130
54475652	36865
52894208	4362338304
36651440	4295000065
17518592	2147520512
30739088	16810048
1090172	36866
46301456	1610613248
33713408	2147811328
33297716	4610
43551992	1610613248
68465000	536870918
37505828	2147520512
47605232	1610612992
68636396	1174405120
8620580	135299072
76838456	4362108928
58268072	1058
12601244	83886081
64492760	1073766400
34994180	37376
1856108	4362076161
8837012	557120
41312180	671088768
207596	1610613248
37313372	167936
24929768	8425472
50053052	671088641
65190656	4362108928
80048324	2147487746
15197456	2147520512
14053412	671092736
28116632	36865
61612400	38
19036208	150994945
77155328	4295000065
79379912	1085440
75042524	17301568
47513864	671088768
62694560	4296048640
19344332	1081348
77859056	32833
20612792	28672
68871620	2147811328
25434884	1610613248
54644132	1081348
37442648	4311744513
18214220	1610612992
14528720	4295000065
60791708	1610613248
21864404	83886081
4017188	1610612992
45405272	2147487760
65435600	36865
58101212	4362076161
38472644	36865
1309196	200704
59438360	8392706
69089672	1073774593
4695968	4295000066
7368968	37120
1160804	5368741888
75754028	1610613248
66168488	671088768
73147124	1610613248
17408432	1610612992
7013864	2147520512
21075140	1610613248
30160748	67141633
60827348	2147520512
53568128	1074823168
34495544	1074823168
77649428	2147520512
50999132	3221229568
71455196	5368741888
33562100	134283265
28495388	4099
3701612	2147520512
32818520	1081345
865964	1610613248
63938072	1610613248
23896208	5402263552
21929528	671088768
77333852	1081408
17362424	37120
79106132	67141633
73674272	1073745922
15067856	2148012032
11780228	1610613248
69684860	4362108928
50022596	167936
13080764	16809985
26250392	1074020352
42300056	5435817984
80604632	1073778688
77961116	36865
26282144	201326593
49924100	2147487745
42497048	36865
27580736	201326593
22521476	2147520512
33577652	4362108928
31229624	2058
74920376	1085440
11483120	67141633
25577120	1174405120
78602636	1610613248
74900936	1174405120
32499704	1081345
23181464	135299072
68554424	1073778688
14479472	1610613248
61125104	1610613248
56768600	37376
11783468	1610613248
32008844	671092736
79588244	1610613248
15062348	2147520512
65468324	83918848
1114148	150994945
1219772	1610613248
70376600	1610612992
68320820	5368741888
34576220	36865
76052108	3221229568
24792716	671088896
54147764	5368709121
80078456	2147520512
36928136	2147553280
20710640	67141633
57149624	83886081
42747824	671088768
42557636	24580
74242892	536875009
65528588	1610612992
58802672	1074823168
4328228	134254592
29625176	4353
8496812	1085440
31546496	200
18824960	83886081
25170824	1073876992
40181096	57344
35303600	4295000065
34485824	16781313
71788592	1074823168
9358976	137216
36700040	17301568
66068048	4295000065
59591612	671088644
33225464	671092736
69607100	100696064
64261748	671092736
5844548	1610612740
66925352	2147520512
44978240	16809986
19236440	1610613248
1665596	528448
43853312	36880
43969952	37376
17224724	4362076161
66180152	16777474
59911400	17301568
384176	33281
1561268	134217762
45424064	4226
35940584	4294967361
19885736	200
50160944	167936
1070084	1610612992
4092032	2147553280
63581996	1081348
77518532	1081348
33494708	1082163200
36907400	671092736
33540068	4362108928
18005888	134217733
29513072	150994945
43839704	4311744513
30810044	2147487746
67227968	4362108928
15230504	3221356544
59710196	4294971393
28036928	327681
9485012	671088896
11731628	3221229568
16878044	1610613248
68846672	1610612992
53360444	16912384
39299492	83886081
7141196	1073778688
44925104	167936
185888	327681
46682156	671092736
50167100	65553
47296460	1610613248
56126108	262401
58668860	36865
28456184	2625536
5678336	229376
77234384	67141633
28276364	4296048640
47984312	134254592
68328596	4311744513
18542108	36865
21002240	16809985
49279664	671088768
29460260	1081348
9797996	2147520512
58151756	1610613248
71475284	3221356544
53276528	134218753
50135672	150994945
15911552	83886081
47663552	671088768
35313968	327682
67925864	2147520512
81236432	36865
3784556	4362108928
32651660	67141633
49470824	3221225474
55372808	1074823168
21133136	16814080
36137576	32864
899336	67
13165004	8425472
122384	327696
61895252	16781313
649532	4362076161
80995376	4395630592
53820524	67141633
74813780	671088644
6391784	1085440
36102908	1082134528
73746848	671088768
305768	3221487616
40513844	20481
54651908	1610613248
8919632	16781313
76243268	16801792
7045940	134250497
4605572	4362108928
45255260	135170
68590064	67141696
81074108	1610613248
24543236	134217733
19064396	57344
19049168	2147520512
10930376	167936
58232432	2147520512
62840036	36865
6896576	40961
50811860	1073775104
65091188	1610613248
5806316	1610613248
37677548	36865
2292860	1081348
78377456	1073778688
38721152	4295000065
55501760	16809985
73933796	1074823168
30485720	1081345
41029328	28672
120440	67141633
18928316	150994945
65600516	3221229568
64760708	1610613248
40579292	1610613248
15507848	16814080
25804568	671092736
33836852	4362076161
58328012	134217860
54920504	1610613248
48173852	1610613248
51665924	57344
25678856	68190208
67591496	2147520512
33435416	671088768
66813896	1081345
49489616	1610613248
9959024	1074823168
31847168	167936
19053380	1610613248
26071868	2147520512
78482756	1073744896
49643840	2147553280
54247556	67141633
3400292	16777250
43779440	671092736
340760	33296
7391324	2147520512
37014644	671088768
57449648	4362108928
67223432	1610613248
37053524	1610613248
13113488	1074823168
12026792	1081348
65246384	3221229568
17242220	83886081
69458708	32834
77382128	135266308
76116260	150994945
6166280	4362076161
64365104	2147520512
63929648	134217733
24330692	1081345
58220120	1081348
13294928	259
37363592	671092736
68596868	4362108928
61071968	1073745921
79551956	36865
11506772	2147520512
6187988	2147520512
47055080	1081348
66153260	1610613248
57988460	2147524608
60608324	1610612992
60056552	2147520512
21606500	2147520512
28729640	2147487760
11319176	1085440
865640	36865
62096456	33587201
61997960	1610613248
72550964	671088768
77707100	36865
25327316	1610613248
21008720	1610613248
77263868	1085440
29297612	1610613248
67381220	1610612992
23573504	150995072
29604116	671088768
78269888	1610613248
54170768	1610613248
4275416	16809985
9627896	1610613248
40891304	1610613248
73995032	4362076161
15515624	1081348
64079984	4362108928
40437380	3221487616
33227732	671088768
56288	1610613248
37212932	1074270208
35270552	135299072
68540492	4395630592
39615716	67371009
49875824	1610613248
11220680	1610613248
15283964	1073778688
49580984	37120
65722016	2147520512
62055632	36866
22150496	671088644
34590800	32864
36020612	518
73396928	1085440
2266292	4311744513
20216540	67141696
35214500	24580
63104744	134217738
35169140	36866
27365276	201326593
15741776	83886081
55542260	1073774848
51032180	800
13973384	134217733
47478224	4395630592
59339864	16781313
36673472	37376
24012524	135266336
29842580	1610613248
9185960	671088641
70498748	150994945
25754996	671088644
13901132	1073745921
2706608	1081348
43892840	2147520512
61749776	2129921
69659264	1085440
6216176	1610613248
949880	197632
27584300	65553
36624548	67141633
2600660	134218753
62050772	4102
2159372	1610612992
47812268	2147520512
56022104	2147520512
22667276	687865856
17416208	67141633
30553112	3221229568
46619948	1082130433
32485772	2129921
62952464	36865
58758608	1610613248
57125324	68190208
39320228	1610612992
13182500	557120
62286968	1085440
50150900	4362108928
37328276	4295000320
720812	1610612992
76532276	134254592
11049932	1085440
30022400	167772161
54379424	32833
71937308	1610613248
27977636	37376
75379808	17301568
33599360	67112961
74084132	36865
59599388	1610613248
78278312	134218112
42955832	671092736
27968888	1073778688
74759996	83886081
36988400	1074823168
5586968	1081348
72925508	37120
65321876	67141633
37975952	2147520512
14336912	37376
50009312	36865
28142552	1610613248
36342668	1081348
75045116	1074823168
51547340	1610613248
39633212	1081348
61569308	32833
58367864	8389121
70177664	1610612992
23198960	4362108928
28614944	3221229568
36715592	1074823168
75404432	1610613248
80843420	16809986
64591904	1610612992
61185044	536903684
54622748	1073778688
40040156	67141648
44175044	1085440
12498212	1610613248
53928740	1610613248
76181384	4362108928
10683488	1610613248
21732860	1085440
10881452	1073790976
11050580	36865
3208160	2701131776
51221072	671088768
18299108	4395630592
21673568	2101504
19035560	1081348
3183536	4311744513
71346980	5368741888
74503712	135266308
78691412	1073762304
48842588	671088768
40300652	1085440
61812632	201326593
39591740	561152
3017000	1610613248
50972240	1610613248
13213280	1115136
63135848	1610613248
48916784	1073876992
64327196	4162
45352784	4311744513
3609596	577
35186636	57344
17040368	1610613248
33402692	1610613248
12423044	327696
55863020	1107296257
42129308	2148007938
55418492	1085440
73733564	1610613248
68015612	1610613248
60403880	1074790404
33938264	2147553280
55840340	4311744513
36598628	4311744513
6599144	1610613248
33887720	69648
65982188	1610612992
62721776	1610612992
32903732	33536
28558244	671088768
37350632	196610
44510708	2147520512
469064	1610613248
58240532	83918848
33227084	1610613248
79439852	1074823168
53075648	1610613248
62695208	5368713216
47679428	1610613248
67288556	37120
54111152	1085440
10486496	1610613248
27729128	1085440
28314272	1085440
77812076	4328554496
59382308	33591296
18799040	83886081
38619092	36866
49688228	36865
65670500	1610613248
42425768	36865
55957628	83918848
31138580	671088644
37380764	196610
37509716	16809985
72012152	2147487745
42256640	1610613248
24762584	67108870
30689516	2147520512
80593940	2147520512
29039060	2147520512
16057028	16809985
65928080	1610613248
61934780	1610613248
75824660	36865
5521844	1610613248
9222572	528385
19314200	1081348
19899344	150994945
31637864	2214625280
42357728	4362108928
78087152	4295294976
11411840	83886081
5697128	36865
62964452	4295004160
44125148	1610613248
17378948	4362076161
4262780	1085440
244208	5435817984
32525948	1207959680
16670036	1140883456
1182836	4362108928
6887504	36865
63703496	1610612992
78634712	36865
6063896	32802
62512796	4362108928
7885748	2155876352
1935812	1085440
62361812	1081348
79950800	4395630592
16441616	135266308
78775976	2147553280
43130792	2147520512
76723436	1610613248
47574128	1085440
2941184	1610613248
2264024	1085440
63602732	671088644
54401132	2147618816
11465624	40961
1494524	8425472
60137552	150995072
79997456	4328554496
79215968	2147483682
32684060	2147487746
67311236	671088768
68565764	37120
40894544	1610612992
68115404	524353
14624300	671092736
8242796	167936
4971368	201326593
64637912	1610613248
62209856	33587712
36085736	1085440
53943968	4328554496
24194936	1073745921
64947656	331776
36710408	1081348
6835664	285214720
17927156	150994945
6778640	1610613248
49823336	67141633
66126692	524354
32357144	32802
33440276	671088768
74758376	1610613248
54626312	262
81386444	1081345
61747832	32833
6386600	36865
42708620	1610613248
44278724	2147520512
22439180	1610612992
1787096	1085440
30454292	8425472
72910280	1073872900
58841228	17334272
67099340	134217762
2611028	4130
47069660	1610613248
39895652	4328554496
68923136	4362076161
5985488	524354
28297748	6442455040
3536372	4429185025
37944200	83886081
33588668	4311744513
75111536	2147520512
27154352	1048582
104888	67141633
45583796	16814080
22825388	1610613248
8484500	67145728
35017832	2147520512
68694716	1610613248
2963540	16814080
58639052	67586
44806520	38
28600040	134283265
72555500	1610613248
26625908	1081348
46423280	1610612992
71417288	16814080
66714104	577
12274328	134254592
51848012	1610613248
34356872	163856
52606172	1085440
1591076	2147553280
63871004	1073775104
48140804	167772161
16942196	4328554496
73789292	135266308
13236932	8392705
28301636	4311744513
45138296	671088768
26487884	1610613248
45709832	1610612992
44411240	2147483651
69545540	16912384
58775132	2147524608
59887424	671088768
64794728	4362108928
38493704	1610613248
7751936	1082134528
51675320	671088768
71668712	3221225488
75517832	4362076161
13481228	2147520512
47309744	4296048640
6476672	671092736
19470368	83886081
3515636	1081345
76417256	1074270208
55854920	1081345
3217232	1610612992
12889280	671088644
6041216	1610613248
42484736	86016
37005572	2147520512
7144760	2155876352
211484	4563435520
45496640	4563435520
30523952	1610613248
144740	67141633
50927528	1081348
62574356	1085440
2307764	1610613248
68890736	1140883456
73531712	671088644
25295888	1610613248
65847080	1610612992
722432	3221229568
73129304	5435817984
74053676	5368713216
21300644	537919492
24039740	3221225474
79222448	2147487745
45687152	1610613248
55602200	1074270208
34270040	1081345
32626064	20736
1663652	4328554496
54089444	2147520512
74229608	1073778688
52941188	524354
70092776	2625536
17467076	1610612992
62257160	1081348
69149288	1073778688
49343168	4311744513
11675900	1085440
2188208	134217857
7359572	32834
4412144	8425472
24733748	2147520512
7526108	1610612992
31841660	331776
48306692	1610612992
65810792	3221229568
20816912	1610613248
39233396	196610
67143080	4295131136
7694264	1610612992
859160	37376
4406312	4295004160
21722816	1085440
67765808	32802
5617748	135299072
26991704	5435817984
810560	70
30059012	3221229568
52234868	1073778688
58362356	1081348
2781776	4130
48583388	3221229568
21595484	1085440
50594780	83886081
30517472	4130
79250960	5435817984
78599396	16912384
72665012	1073774593
61303628	1610612992
17631992	2164264960
80130620	1073778688
9959996	524802
29043596	4362076161
48845180	67141633
70336100	36865
73606556	4362108928
74396792	1343225856
39737540	67141633
48885680	4102
9189848	528385
13191896	1073152
1113824	4106
26637896	1090535424
28956116	135299072
56960408	4362076224
56850248	1610613248
24086396	75497473
15914792	83886081
61660352	83918848
33246848	1610613248
52904576	8392705
60524732	1081348
61705064	4362076161
2172980	1098907648
78138992	36896
1902764	1610613248
13151720	67141633
29202032	201326593
8700284	1610612992
44173100	4329570304
35812928	4099
35411492	2147520512
66775988	4295000320
65546408	4362108928
1385012	1074823168
39953000	36865
56207756	1085440
14513816	1610613248
74227988	578
44632856	331776
4848572	536871170
21271808	1610613248
2777240	5368709121
47010368	1610613248
21875744	1610613248
45094556	16814080
32003336	4295000320
74991656	67133440
53379884	1610612992
51393764	135266308
41358512	4295000065
58091492	1610612992
39056492	36865
45090020	4295000065
62607728	1085440
22182896	671088644
76277288	1081348
5204000	150994945
19695872	4295000320
44311448	16781313
33557240	1074823168
70214276	201326593
18288416	1610612992
61561856	36896
19079300	100696064
57975824	3221229568
58165040	4362108928
134372	67141633
17932664	36865
67071800	36865
28638596	17301568
19139240	524360
71074172	1073778688
79259384	1073746176
24094820	4311744513
10493948	16777221
25514912	1610613248
63962048	2147749888
18567704	671092736
67121372	36865
69832280	1610612992
52581224	8197
79349780	4130
71535548	4429217792
40629512	1610613248
8298200	134254592
72434648	1610613248
21942488	36865
51057452	4099
37532396	1610613248
53604092	561152
70160492	671088768
8809472	1085440
20753408	4362108928
17590196	1610613248
23583224	35
17032916	67
15466376	83886081
12614204	671092736
76380320	4311744513
25082372	32833
22944296	1610613248
38791784	671088768
68225888	1610612992
27723296	67112961
13068776	4362076161
68125448	36928
19020656	1610612992
75905336	2147520512
5081204	1085440
11206100	135299072
31253276	528386
73975268	8421377
74562032	5435817984
59601656	1074823168
9678440	671088644
18389828	1610613248
34547708	83918848
35210612	134250497
5621312	1610613248
71241032	553650176
41932316	83918848
75539216	150995072
58126160	1140883456
55895096	1090519041
21898100	4362108928
7541984	1610612992
23220344	1074823168
61499648	2147524608
1618940	4294967361
9479504	16797696
80186024	1074823168
77124872	133122
32335112	578
63390836	1610612992
47127008	671088768
7433444	2147520512
65756036	671088768
53382800	3221229568
5271068	671092736
40019420	67141633
5985812	16809985
67207880	2147520512
58017944	36865
52107536	1610613248
43518944	2147520512
21947024	36866
26824520	1085440
5353040	4311744513
8885936	1081348
78806756	16809985
75095984	1610613248
4579976	1085440
31621016	671088768
66986264	134217733
63076880	1610613248
33535856	83886081
22444040	524548
59557916	2181070848
48600236	16809985
6135500	16809985
4343132	16418
63472484	4311744513
28950284	1140850689
78501224	1081345
60432392	1610613248
75645812	8425472
27442064	1610613248
42048956	671088768
59475944	1610613248
33033980	36865
10306676	671088768
71303564	1610613248
69908420	1085440
1232084	36865
11795132	201326593
77856788	4295004160
51929012	1073745921
59158100	134221825
54612380	671088768
18985664	16809985
50773952	67141633
17414264	16912384
46193240	1610612992
1596908	16781314
14582180	4161
81279524	4295004160
30932840	1073778688
80520392	4099
29410364	1610612992
2852084	134217733
51050972	36866
30871928	4102
33294476	518
624584	16809985
25757588	1610613248
50118500	1074823168
48311228	1610613248
39733652	1610612992
3645560	524354
74810864	134250500
69728600	1085440
29010224	2147520512
8310188	42
11693396	1610612992
40103336	37376
47815832	2147520512
1012412	1610613248
32893688	4362108928
53035796	1610613248
30026288	1081348
31845872	1081345
49095956	1610613248
67716884	5435817984
12961208	17301506
19284068	1610612992
3305036	4362092544
79577876	671092736
17343308	36865
47504792	1140883456
14570192	1048582
42312692	1610613248
65086976	1074266176
61844384	1140883456
80138720	1610613248
51386636	2147553280
2505080	32833
61916636	36866
41111948	4362108928
10552268	2147520512
80917940	36866
27034472	671088768
1362656	4288
53241212	3221229568
68221352	1073774593
18215840	671088644
80949692	83886081
24973508	57344
109100	134250497
17555204	1610613248
44144912	1610613248
71227424	196610
60077936	1610613248
32924792	1610613248
64631432	67133440
77797172	1610613248
35873516	1610612992
36939152	37376
51564188	37120
42136112	671088768
45536492	1073745921
28052804	557120
63433280	53248
23997944	1081345
53483564	1610612992
40292876	1085440
21250100	524608
40794428	1610613248
54545960	671088768
55312544	1610613248
43004756	1610613248
42291632	1074823168
55330040	1073745922
65379548	36865
51048056	67141633
6926384	36865
1583948	1140850752
62786900	1075839040
12891872	671088768
29252252	3221229568
4842092	4295491648
20181872	1610613248
22113560	1610613248
40671956	1073778688
31540016	1610613248
17027408	1074823168
35678144	16843776
30341864	2147749888
3711980	1610612992
21654128	1610613248
76344032	536871170
13136168	1610613248
23122496	1610613248
29287892	1074823168
72696440	1610613248
19002836	1082163200
72355916	32833
68489300	57344
2487584	1085440
50767796	2147553280
68853152	5435817984
79331636	1610613248
57756800	33554438
37586504	4362108928
39507824	671088768
47797688	4328554496
7088708	57344
30968156	1610613248
11120888	2147520512
10581752	268568576
57190448	16843776
19140860	1610613248
31180700	2147524608
16800608	2147520512
20063612	1085440
49697948	3221229568
8276492	1610613248
68880044	1610612740
16612688	1610612992
6178268	2147520512
6704768	16809985
29023184	671088768
59516768	4328554496
18747200	36865
9653492	4311744513
79575608	1140850689
49617596	1610613248
15793616	83886081
62475536	1610613248
77056508	1085440
5624552	2147549185
24597668	671088768
31652768	1610612992
78472064	32833
66450368	200704
713684	36880
49670732	331776
67222136	4294987776
18056756	1610613248
36087680	2147520512
10245116	671088768
51331232	1610613248
61892336	2147520512
52639544	1073778688
21507356	201326593
48628100	1610612992
71595488	528448
39289124	1610613248
74954072	2147487760
43700708	1073774848
15455036	36866
61222628	16781314
8231780	1610613248
33642128	32802
77986388	1081348
25793228	671088768
9223544	1610613248
80698916	67108960
81208568	2147520512
42468536	1610613248
4203164	134217733
75741068	3221487616
52844636	1610612992
65753120	1140883456
27992216	1610613248
36733736	36865
81026480	1140850689
35023664	1610613248
42265712	83886081
64964180	4395630592
76374812	1073778688
58904084	4296048640
74745416	1073778688
65835416	135299072
32848652	524353
32378204	671088768
61330196	1610613248
67063376	1085440
76834244	327696
10075016	16809985
22150172	4311744513
58651688	2147524608
76984580	1610612992
55234460	671092736
58045160	4294971648
66799640	1610613248
1326044	2148040704
1155944	2129921
10439516	1081348
41712644	4362108928
27717788	1610613248
7514120	4295000320
72325136	67141633
73875152	37120
72786188	4295004160
66891980	2147520512
159644	557120
52460048	671088768
68725172	3221229568
824816	3221225474
49412180	32834
3521468	36865
7086116	134254592
63271604	2147487760
16778576	37120
39646496	2181070848
2145116	2147487746
2812556	36896
36349796	8425472
67002464	4294971393
44076872	1081345
3845792	2147520512
47259200	671088768
27513992	4311744513
12075392	65570
17522480	83886081
76256876	1074823168
13233368	16809985
137612	134250497
63729092	3221229568
67514708	1610612992
28182404	1610613248
70257692	4294967361
45656048	57344
79448924	1081348
23095928	1115136
37355816	327681
70122584	1073905664
38272412	2147487746
5941424	1085440
8142356	553648384
13377224	4362076161
60238964	1610613248
80715440	4395630592
1427456	1097728
8062652	65554
79357232	1073745922
59460392	1610613248
7743512	1610612992
28302284	5385486336
44567408	536871172
30901088	1048582
57432800	1610612992
47290952	4362080256
102296	1073775616
59518388	561152
27686684	2147495936
72665336	1073774593
642728	134217864
65695124	2147487745
41646224	1074823168
14631428	57344
921368	17334272
4250792	1610613248
65305352	1073778688
41234096	4362108928
63479612	4362076161
41200400	671088641
63767648	4296048640
63148484	134217733
35211908	16814080
44470856	33591296
70268060	8425472
34650740	134250498
24978044	3221229568
41130740	4295000065
46952048	5435817984
48663740	2147520512
61575464	1073745922
24035528	17303552
32605328	134217733
58315376	4311744513
62829668	1610613248
28861508	4295000065
49945160	4353
70371092	1610613248
34813388	32802
66613016	1610613248
24626180	20481
56137124	1081348
2619776	67145728
71370956	2148007952
17377652	1107296512
3838340	2147549185
50235788	2147520512
79883732	1140883456
77652992	2818572288
57942128	167936
6677876	1073745921
52445468	16781313
14391992	1081348
63557372	561152
425648	4295004160
60491684	67633216
17411672	1610613248
37303328	327696
69404600	1085440
43398740	4395630592
33281840	1140850689
12326168	671088768
6513608	2147487746
72272324	69648
40433492	4311744513
6718700	201326593
53028992	671088768
57025532	1610612992
35363864	37376
5495276	1610613248
42253400	69633
51911840	1610613248
75599804	671088768
76438640	67142144
33941504	1081348
34305032	150994945
79522796	17301568
14414672	1085440
35642828	36865
55050104	2147520512
39609236	1610612992
53372	134250497
57348236	1610613248
37352900	196610
57504728	1610613248
76787912	671088644
20797148	4311744513
11420912	135266308
51495176	5435817984
33041108	32802
78489560	135299072
2315540	4311744513
28173980	17301568
74344304	4311744513
15969872	16809985
47930528	4362076161
54106292	1610612992
8628356	1610613248
39385028	1610613248
3201680	1085440
71766236	36865
2645372	150994945
5522492	36896
20962712	201326593
55693244	2147487745
3398672	36865
2296748	1610613248
24402944	25088
7583456	536875520
4865096	1610613248
79860728	2147520512
28355744	1610613248
64008380	36866
38965772	1081348
31713356	1073745921
67284020	1082134528
8004332	67108929
44519456	2147520512
69106196	4328554496
61826240	53248
68557664	1085440
875360	1081348
41077280	2147520512
1646480	4328554496
8016644	1073778688
12904508	671088768
11285156	36865
27388928	1610613248
30022076	2147520512
71749388	671088768
75794204	1610613248
56067788	1048610
26439284	2147520512
43513760	4295000320
80054804	1081345
60652388	1610613248
700400	1610612992
20521424	671088644
59802860	671088768
35957756	4294967361
20900828	1081348
16230368	1115136
64447076	25088
63149780	36865
47683964	83886081
44148800	671088768
20789048	1610613248
52871204	1610613248
74505656	36865
42811328	2147520512
37550540	4311744513
3232460	328704
47364176	671088768
54618860	67133440
417548	1610613248
151220	67141633
31447676	135299072
65297900	1074790404
41086028	4295000065
3562940	4311744513
56285516	1610612992
44464052	2147520512
59804804	4295000128
29043272	150995072
24003776	1074270208
49041848	3221229568
55497872	4161
70674032	5435817984
786584	2147520512
81290216	1081348
55112312	671088768
1221716	1610613248
9696260	1610613248
80046704	36865
2083880	36880
30828512	537919492
27815960	16779520
26156	268568576
55206596	16777476
15832496	75501568
67721096	5435817984
70169240	1610612992
3456992	33028
79631012	20481
29306684	4295000320
23770172	53248
74493020	1073745984
37025660	1081345
70299812	2147487746
32052908	2147520512
9010676	4362076161
62499188	1610613248
8160176	2147520512
52373216	2147487746
21125036	327681
50103920	1081345
496928	4130
32778020	4311744513
69474908	5368741888
15613796	1610612992
22558736	67112961
10121672	5435817984
15420044	36865
40925324	1049632
8609564	1085440
43959584	2147487746
80417360	2147487745
17770988	561152
42824936	2147520512
81076376	16912384
67249028	1610612992
32042864	4295000065
74814752	1610613248
6082688	33554438
18842456	67141640
40857608	2147520512
40903292	36865
74593460	16814080
65305676	1085440
79859756	1085440
38955728	1610612992
20613116	561152
77165048	1610613248
33962564	1073778688
80115716	1081348
41087972	1610613248
52626260	16777281
73512920	4362108928
63610508	1081345
54937028	16809985
4134800	1610612992
68275136	1073778688
41677976	1085440
70661396	17334272
58736252	2147524608
19927208	671088644
65850968	1074823168
24900284	536875520
44147828	671088768
39790028	6476005376
51350996	5368713216
47361584	150995072
60435956	1073778688
68609504	4311744513
76319084	2147520512
42354488	1085440
50089016	4329570304
38008028	1610613248
42712184	53248
75969488	5368709376
75890432	1610613248
44357780	294976
98408	2181038082
30998612	1610613248
42134492	671088768
67345580	67141633
3619640	28672
23536568	6442450960
28448732	671088644
17358860	3221229568
78731912	2147520512
50792096	5368741888
68263472	1610613248
80214536	36865
35717672	36865
71401088	83918848
39043208	17301568
49115720	4362076161
79264568	150994945
18517484	4294971393
56075240	1610613248
74981288	671088644
46845128	3221229568
24085748	2147483682
46980560	16809985
26195636	1081348
19667360	4311744513
37634780	327681
20256716	4295004160
36389648	37376
49511648	671092736
75485108	671088768
71756192	671088768
70501664	1610613248
36718832	2147520512
34584644	1610613248
35925680	134254592
949232	4294971393
52835888	67141633
48729188	1115136
28180460	37376
68540168	4295004160
54329204	65793
67179044	4329570304
33334976	671088768
49807460	1610612992
21002564	16809985
60185180	53248
28757504	36865
62116220	1610612992
50872448	1610612992
19955720	150994945
43294736	1610612992
58079828	1073778688
67580480	1610613248
56481536	2147487746
53562296	671088644
54965540	4416
66243656	2147520512
56254088	143360
56006876	37376
2250740	4295000065
45697196	36865
24375728	1610613248
1783208	553648384
56800028	800
22495880	1610612992
62140844	150994945
24107780	1610613248
19060508	4295000576
36324848	2147520512
22773548	671088768
57593828	1610613248
3819548	2625536
1666892	1610613248
28951904	4429185025
32975660	4311744513
41675384	4099
61585508	3221229568
842312	1610613248
37011728	671088644
59636000	1081348
62576300	1610613248
6046076	1610613248
45394580	1073778688
17669900	201326593
60879836	1610613248
79226660	4362108928
6473108	1610613248
34971176	135266308
1251848	2147487746
64788572	1610613248
38783360	671090688
11187308	67112968
76856276	2147520512
11912096	1085440
39722636	4311744513
33354416	16810048
34525352	5368741888
1836020	135266306
34824080	1081345
79802732	4311744513
56372996	37120
1368164	1610612992
17800472	1073774593
16039208	83886081
37721936	36865
50196584	83886081
68292956	57344
68651300	557120
22748924	1610612992
10185824	3221229568
53619968	2147520512
49356452	65793
14187548	36865
62045588	67108929
60788468	1081348
25658120	83886081
70090508	2147520512
63207776	1610613248
49267352	1610612992
23195720	2147487745
54298748	1073873408
43673168	4362108928
30978848	4311744513
28729964	32786
72265520	36866
148952	70
46459568	3221229568
2313596	671088768
6745592	1107329024
3572660	32833
67034216	37376
31720160	2147553280
6850892	36865
51473792	36865
75052244	1610613248
4293560	134250500
27378884	4311744513
1145252	3221229568
14357648	135299072
21670652	150994945
66114380	1610613248
303500	1115136
5162852	4362076161
37807148	17858560
9621416	1140850689
66528128	524322
32689568	167936
22583036	1610613248
54379748	65793
41187764	2147618816
8262884	1085440
43537412	1610612992
75488024	83918848
40438028	25088
18427088	67141633
20241164	2147483666
80375888	36865
59758472	1073778688
24404240	1073741860
61769540	36865
7192388	67141633
1475084	16781313
39681488	16801792
16241060	1085440
22665656	32833
47435132	150995072
77289788	1610613248
79126220	1610613248
25710932	1085440
34865228	5435817984
5358548	2147487746
2785664	16809985
67603160	2147520512
1550900	1610613248
52441904	1082134528
2063144	1073778688
50855276	4362108928
39079820	4362108928
31922336	1610612992
68848940	4295000320
46552232	1610613248
42659372	1073778688
26426972	1610613248
31131776	67112961
66631484	4295000576
45670304	142610432
32638052	2147520512
7542956	1610613248
1465040	1610612992
72994520	536871170
3018296	33718272
2356040	1085440
29634896	2147520512
6618260	1081348
80076836	36865
8241824	1610613248
57437012	28672
78937328	1085440
65845460	671088768
38520272	4311744513
3425240	1610613248
5305736	36865
34078556	1081348
81641432	1081348
79183244	37376
7879916	135266308
47678132	150994945
45024896	671092736
75515888	36865
55925228	36865
18813944	671088768
28169444	1610613248
40903616	8425472
49225232	33591296
62890904	2147520512
61877756	1610613248
41607020	4609
44957504	1074270208
62319368	1082146816
52042088	1085440
8755364	1610612992
81161912	671088768
42373604	2147487760
79270724	2147520512
3355580	4362076161
74523800	37376
4333412	4362108928
14585096	2147487746
61185692	536903684
56630900	1610613248
34900868	164352
66894572	36865
71562764	67115008
58883996	1074790404
46248644	4353
65606348	4311744513
55467740	2147520512
11609156	3221749760
19452872	1610613248
37814276	37120
73874828	33591296
9045992	1610613248
40928240	1140850689
73160084	1610612992
32595284	1610612992
43143752	36865
81413336	1081348
22428488	671088644
64674848	4362076161
4484720	1610613248
56085284	1610613248
40977488	1074266176
43815728	1610613248
1714520	2129921
47738720	16809985
38573732	20481
74123012	4296048640
27493256	1610612992
50929796	134254592
3081800	1610613248
24181004	1085440
6814928	67141633
17283368	2164264960
33040136	70
58126808	1610612992
41120696	1610612992
40446776	4294971393
15934232	83886081
37976924	4609
19986176	36866
11466272	1048582
35736788	2147487745
79310900	2147487760
1096976	4295004160
65167652	1610612992
70295276	37376
37826588	671088644
12314504	83886081
59029148	36865
20579744	2147549185
53472872	1610613248
3549332	1610613248
52428620	800
6403772	4362108928
11240444	8392706
64122428	4295000576
48860084	4311744513
41802716	4099
48974132	135299072
1753400	4362108928
3152	36866
9452936	1610613248
78801572	2147520512
5910644	36865
4176272	1610612992
62955380	134283265
36835148	1610613248
51857732	134250497
80064848	1073778688
48864296	1610613248
65930024	1073778688
9923384	2147520512
50570156	8716288
63185744	150994945
21541052	4311744513
54573824	1073778688
31190420	2147520512
10166384	2148012032
41281724	671088768
55032608	37120
25894316	327696
79056560	1073778688
554924	4311744513
81285680	671088768
33607136	1081348
556868	1610613248
4791872	136347648
43708160	2147520512
34192280	1610612992
27871688	671088644
34438844	1610613248
15552236	83886081
24102920	1082163200
76266596	36865
68030192	2147520512
23035016	1073745921
32251844	1610612992
49615976	134217858
21002888	16809985
1608248	32833
9963560	36865
57346940	671088768
19923320	1610612992
38227700	1081348
7839740	2147520512
30120896	4362076161
67763540	1610613248
15232448	4311744513
27727832	1610613248
12821564	37376
8676632	97
36926840	1610612992
13144268	150994945
29224388	1073742852
19403624	5402263552
38717264	67112962
24478112	36866
33311324	36865
16453928	135266308
18770852	292
58948472	4362108928
66601676	3221229568
68364884	1610613248
2738036	66564
67696472	36866
34237640	1081345
63719048	4311744513
55137908	671088768
58999988	1073778688
66194408	1085440
9742592	167936
5281760	97
50902904	3221225474
135668	67141633
51695084	1610613248
6204188	67129344
77448548	1610613248
8806880	2147487746
11817488	397312
5645612	1085440
27512048	135266308
53490044	671088768
25418036	33028
52428944	1073774593
15329972	1610612992
58768976	28672
77947508	1073746176
66520676	16809985
22028996	671088641
52848848	8392705
30528488	1073774593
43487840	671092736
72384752	3758096384
44595596	4294971393
62233508	1610613248
14243924	134283265
36055604	671088768
731828	70
44733620	524354
61962644	327681
59026880	16781313
81468416	2148532228
46308908	2147520512
47838836	327696
81091280	4311744513
77234060	1610612992
14115296	67141633
20123876	2147520512
2329796	17301568
73004888	100696064
56277740	2147811328
16175612	1610613248
14346956	1073778688
1078832	1081348
34871060	4161
52630796	1085440
37528832	671088644
17602832	1610613248
8210072	577
74634932	1081348
39254456	1610613248
74598644	4295000065
58619612	1610613248
5113928	1610613248
73461080	1073872900
41816324	16801792
28378748	1610612992
64110440	1610613248
27974720	8425472
67343312	36865
19727624	1085440
68899808	671088896
73601372	2148073472
6771836	2147549185
68918276	1073778688
4502864	2129921
51445928	2147520512
18663932	4295000065
67621952	2147520512
56754020	1073778688
34335812	671092736
24177764	1610613248
6746564	1074798592
73327592	2147520512
54439688	1610613248
38663480	2147520512
6257648	4311744513
42636368	1085440
30282896	1610613248
65703872	671088768
26540372	4295491648
80436476	4362108928
4743272	2147483666
65734004	4311744513
29999720	671088644
36573032	1610613248
49434212	671088768
3973772	4295000576
78012308	16777282
21407240	150994945
49044764	3221229568
26307092	57344
34579784	1085440
77894048	1073778688
81383528	1073778688
26130836	32833
36396776	1610613248
6963968	16912384
43817672	1610613248
49232684	4311744513
60576572	36865
15122288	1073778688
3776456	83918848
18650648	1610613248
51512996	33554438
4179512	1085440
57539072	671088768
64019720	2147520512
70981184	8425472
58386332	1610613248
75949076	4362108928
34345856	2147487746
57645668	83886081
33876056	1610613248
76063448	1610613248
12926216	4328554496
23999888	672137216
7467464	1610613248
57800216	1610613248
27235352	268568576
67170620	17334272
56910188	4295000080
76958660	671088896
62443136	1610613248
15880124	83886081
5170952	1610613248
50342384	4362076161
16997924	1090551808
21564380	16912384
45068312	37120
12207260	2147520512
61010084	671088768
34703876	134217733
43837112	671092736
28283816	5402263552
23105324	42
58964996	83918848
46564544	3221356544
32544092	1081345
8800076	83918848
72550640	561152
60480992	24608
9958376	1085440
75736856	2147520512
637220	1085440
4766276	1610612992
13084328	17334272
12329732	36866
39507500	67141696
18559928	1610612992
64179128	2147520512
11312696	1610613248
69505364	671088644
56132264	671088768
52375160	8421408
31029716	4295000320
1026668	4429185025
63620876	1610613248
5138228	2147483682
8084684	1610612992
54412148	1073778688
75129356	150995072
4144196	1610613248
15787784	83886081
74544212	4328554496
75403460	2147520512
40587716	67141633
70717772	268568576
4853432	2147520512
5553272	67108960
28576388	4311744513
77492288	1610613248
31377368	1610612992
71880932	5368709121
75317924	1074823168
56064872	1610613248
81176492	134217860
69153500	1610612992
56736848	2148012032
64409816	2147487760
62760656	671088768
34495220	1073774593
35552	135299072
3644264	1610612992
48129464	1085440
48769688	1073750080
79984820	65570
49732940	2147520512
47196668	4295004160
65032868	1610612992
19304480	83886081
70357808	3221229568
12971252	2181070848
67186496	36865
26310656	1610613248
31356632	4311744513
29488448	2164264960
65661752	2148012032
68289716	1610613248
67522484	1073778688
36347204	1610613248
22860380	8392736
54336008	36865
43158980	1074823168
25683068	1610613248
76682936	1610613248
76217024	1610613248
29321264	2147520512
75569672	36865
40733840	36865
21522584	150994945
24238352	1073778688
50903228	1048610
57069596	1073762304
30850220	1610612992
50355668	1610612992
9415352	1610613248
5918744	134217733
12985508	327681
63169868	561152
9061544	134250497
50603852	3221229568
30835316	36865
28117928	37376
63544088	2147520512
58044836	4295229441
32701556	671092736
16688180	671088768
998480	5435817984
9090056	1610613248
16005188	1085440
59720564	4362076161
11942876	4311744513
50825468	2147487746
43878584	1081345
70493564	4130
63304328	1140883456
23007800	133136
12918116	671088768
76243592	1610613248
18727760	8421377
51206168	67141696
45160976	201326593
39613772	266241
41419424	4295004160
4208348	67133440
15155336	4362076161
15396392	1610612992
25803272	671092736
3090224	36865
44141024	2147520512
47007776	1073745921
19832600	4311744513
64268876	1610613248
8246036	36865
55820252	83918848
3754424	37376
38645012	671088768
21796364	2147520512
3255464	4362108928
65352656	1073746432
15567788	83886081
48581120	1085440
44245352	671088768
25708016	67108929
1018892	2147647488
70892408	5368713216
15763808	37376
37285184	5377097728
44575184	2147487745
50496608	83886081
9233264	299008
63014672	16912384
60358844	70
64583804	5435817984
15901184	37120
76617488	1610613248
54241724	150994945
237404	133632
72999380	671088768
65197784	33591296
46566164	4311744513
15367232	4101
17123636	28672
75232064	16809985
78476924	1085440
21433160	671088641
1662032	4328554496
26550740	1610613248
6899492	1074823168
61595228	1085440
41598272	1610613248
70518512	1081348
43444100	1073778688
72617060	1085440
73694360	1107329024
59510936	201326593
32757932	2147487745
56954900	1073778688
81589268	671088768
20722952	24580
37528508	2147487760
43893488	36866
62958296	2147520512
9879644	1085440
62167736	2684358656
35904944	671088644
37050608	67141633
421112	16781313
3456344	1085440
34825700	1212416
46752140	4130
70644224	3221258240
78629528	1610613248
32669480	2147487746
7679036	561152
77781620	2147618816
38023256	4295000320
27899552	671088644
22429136	671092736
58401884	67145728
72123284	4106
47099468	201326593
11536580	1085440
38411084	1610613248
1816256	327696
39106064	1073774848
12820268	4311744513
53549984	671088768
17789780	3221229568
26064416	201326593
48629072	20512
53906708	4130
81401672	671088768
535484	67141633
63520436	36865
23260844	150995072
14773016	671089152
32963024	134221825
64829720	1085440
27381800	1058
72477092	8425472
37488980	2147524608
46614764	36865
78738392	671088768
30226520	36866
26060204	2148012032
55531892	1081345
74206604	1073778688
30912752	1073778688
666380	17039361
13349360	1085440
37869356	1610613248
37625708	134221825
3338084	67108929
43788836	16777282
26320376	1610613248
62258132	1074823168
23840804	37120
22636820	4362108928
73722872	1610613248
52673888	1073778688
4599416	671092736
71544620	4311744513
36456068	4295000065
69962852	150994945
52176872	1610613248
33640508	4362108928
69020984	3221229568
25784480	528448
6458204	4311777280
78879332	1073778688
40558880	4295000065
22540916	2147520512
38662184	1073774593
67354328	4294971393
612920	1610613248
513128	1049604
79842908	1081348
54081668	2147520512
60250628	1610613248
35720912	1074823168
45399764	1610613248
28842392	150994945
15605372	83886081
76043036	8425472
5089628	16908304
3894068	671088768
37176968	67113024
63888824	1085440
62649524	36866
36140492	83886081
14847860	49156
285356	2147500034
80001668	1610613248
22287872	37376
31597688	16797696
26262704	671088768
28452944	83886081
50734100	2147487746
39250568	671088768
36200432	4362076161
37317260	1075843072
33369968	83886081
71763320	3221229568
39706436	671092736
23066444	32833
57652796	2147520512
62674472	2147520512
45673220	1610613248
45576668	2147488256
41203640	53248
52791176	1610612992
3530864	36880
64827128	16814080
58992860	2147520512
47164916	1610613248
13232720	4362076161
1510076	83886081
31001528	1610613248
33745484	83886081
6900464	2625536
10325468	2147520512
75386936	1610613248
1122896	1610613248
16509656	32904
47735480	1610613248
7453208	150994945
3118412	2684358656
73802900	1081348
18871292	150994945
76985228	1610613248
22450844	1610613248
77224664	1081345
48272348	20481
48898640	8425472
73617896	2147520512
53927120	16809985
71756516	671088768
72704216	1610613248
73385912	100696064
32460500	671088768
71819696	16809986
40426364	1074823168
13466324	1610612992
41857148	4130
36894764	83886081
50857220	67108929
19512812	4099
59150324	1085440
41691260	36865
5803724	67141633
39243116	196610
18566084	1610613248
50563676	8425472
6950036	2148012032
66241712	98
18883928	1610612992
33726044	4362108928
75867104	5385486336
51094388	4311744513
16194080	83886081
19899668	150994945
38764892	1081348
40560500	4311744513
22489076	16781313
76792772	536907776
15221108	1610613248
7034924	36866
38292824	75497473
26386472	6442455040
75630584	1610613248
69224780	4295491648
10038404	16809985
57797300	1610613248
16781816	1085440
72091208	1140883456
68512628	134217733
20844452	1610613248
40462004	67141633
5683844	1081348
49427084	4362108928
48355940	2147520512
32972420	67141633
46971164	1085440
47834624	1610613248
50339792	4311744513
67693556	67141633
76365416	37376
11388512	1610612992
75644516	37120
75971432	36865
79494608	83918848
3087956	57344
50647268	36865
56193176	4395630592
58158884	33296
48876932	1610613248
51895640	36866
49476656	1081348
16749092	1081345
42116672	67108960
44818184	673185792
40729952	1610612992
72173180	36865
72200720	36865
25555088	36868
61875488	4362108928
78839156	671088768
38962532	4294967361
7768460	671088768
66198944	1610612992
1363304	67141696
115256	134250497
65952380	4362108928
4127996	36896
45319736	671092736
1694432	2147520512
79582736	1073774593
80912432	4362108928
20821124	2147520512
80884568	671088768
55344296	36865
42143564	16777282
62483636	16781824
51803948	1610613248
53251580	1082146816
78503168	196610
78105944	1085440
7257188	36865
53241860	1107329024
26815448	2147616768
80946452	4295000320
11027252	1610613248
41776148	3221229568
23131568	4303355905
31257812	36865
38334620	20481
4992752	1081348
20931284	1174405120
78222584	2147495936
20259632	1610613248
57546848	1073778688
51318596	36865
67374740	2148012032
81214400	16809986
20891108	1610613248
77123576	1610613248
54876764	36865
33739328	1610613248
68048336	1074823168
61470488	557120
40753280	67141633
14092940	2147549200
80058368	1610613248
61021424	32833
25860620	1081345
33513500	1610612992
79217912	98
17058188	4294971393
67658564	1082134528
36405524	67133440
44741072	2147520512
38634968	5368709121
78215780	4362076161
1099568	1085440
67189412	671092736
53745032	2147487746
9613964	1610613248
2125676	1610613248
138260	196609
80101784	1073774593
31598984	1073762304
19897076	2148012032
37954892	1073745921
38899352	1073778688
17606396	8392705
7518980	1073774593
74072792	1074823168
21762668	1610613248
79966676	1073746176
33503456	67141633
10478396	1081345
54520040	134283265
39116108	1610613248
39443348	36865
57268532	671088768
31342052	1085440
60556808	16777281
27907976	1610613248
58172816	141312
4936376	1081348
49851524	1610613248
28833320	134217733
27236648	36928
42074552	2147520512
24363092	1610613248
6682088	1074823168
27153380	4311744513
19020332	83886081
75665900	4295000320
73870616	3221229568
45473636	1610613248
40622384	4294971393
42031460	671088768
13888820	671088768
63940016	1610613248
19901936	150994945
43505984	4311744513
21426356	36865
52714388	1149239296
78549176	24577
42458492	5368741888
30691460	1610613248
42416048	4362076161
65207504	1610613248
65004680	134217860
876008	557120
1621856	1610613248
10404200	1140883456
39942956	4378853376
25739444	150994945
20445284	4311744513
38699768	2147520512
27949448	32802
37644824	32864
47326592	36865
695540	2147520512
66474020	1610613248
55902548	2147487760
65449856	36865
47194724	536872964
5117492	134217733
28104968	1610613248
23442284	37376
59330468	1610613248
58159856	37376
2583488	67141633
44600456	2147520512
127892	4362076161
34431716	561152
79861052	2147520512
59589668	1610613248
37027280	1610613248
59621096	1610613248
57155780	4311744513
4255004	32833
79946588	36896
58717136	1610613248
79594400	2148007952
3304064	37376
1912484	57344
38947952	561152
51332204	524546
77905388	16777219
37006220	1610613248
2464904	2147520512
33733172	135299072
56906300	1610613248
41681864	4311744513
78052484	1610612992
1763768	17334272
79229252	36865
27216884	134283265
24011228	536870918
61221980	1610613248
5645288	1610612992
57270152	1081348
47570888	1073745921
48903176	67112961
120764	67141633
8343560	167936
3418112	557120
15915440	83886081
64948304	1610613248
3727532	150994945
54811640	32833
63060356	327696
70133924	1610613248
33034628	1610612992
565616	1610613248
68033432	134217733
3224360	36896
50538728	36880
69496292	2147520512
33334004	1610613248
58788092	1610613248
41384108	67141633
49808756	17334272
39755684	2147520512
54162668	1073745921
23583548	134283265
80752376	1073778688
37719668	3221229568
55581464	1085440
140204	524353
13148804	3221229568
30737144	134221952
45675812	4362076161
75848312	4295004160
53064308	4295000065
15447908	1085440
39004004	1082134528
24112964	135184
66087164	1610613248
30070028	67108929
62884748	1610613248
51843152	1610612992
74930420	16777282
75585548	1610612992
15646196	1082134528
18367472	2148012032
50645972	1610613248
36643016	1610613248
41143052	1085440
64361216	1085440
5515688	32833
27436232	1610613248
47952236	2147520512
2799596	4395630592
34684112	557120
38877320	1610612992
59288996	67145728
40727036	2147520512
68781872	150994945
34710356	2147487746
3180944	167936
42159764	671088768
9796052	134250497
16233284	196612
50956688	671088768
51002048	2147616768
57641132	1610613248
65622224	4395630592
3734012	83886081
4060604	57344
66396908	3221225474
59146436	1610613248
56234972	1610613248
40016180	1085440
298640	532544
79306040	36865
29692892	557058
45453872	37376
57156752	4311744513
17457356	36928
23586140	1610612992
80618564	2147520512
12457388	671092736
9351524	2147520512
5542256	1610612992
94844	134250497
42702140	16797696
77986712	2147520512
21476252	201326593
7113980	32834
69111380	36866
251012	4362108928
26626556	2147495936
34436900	1074823168
39455336	16779266
65345528	1610612992
40149992	1115136
53166692	36865
40930508	4130
12187496	671088768
36066944	1081345
56418680	37376
46727516	1081348
73549208	67109124
36538040	33028
33182696	1610613248
12054332	8425472
12482336	67141633
63865820	36865
40392020	38912
72649460	331776
62702984	536903936
74438588	67141633
61922468	36865
23312360	1085440
7447376	16418
25812668	32802
16763024	4311744513
5796920	1610612992
71870888	8392705
55812800	28672
78177224	1610613248
15095720	539492352
65146592	1610613248
70691852	1107329024
12274976	1610613248
75856736	4362108928
1345160	1610613248
53435288	1085440
22818584	1610613248
69028112	2147618816
63620228	2181070848
57675800	1073774593
49494800	4362108928
45466184	37376
3763496	17334272
70048712	3221356544
20664308	1085440
63340616	4311744513
40699820	4362108928
42731300	1610613248
51982472	1610612992
5034548	33824
10608320	671088768
11535608	4362108928
65826344	2147520512
69301892	4311744513
21181412	3221229568
6627656	67108929
24391604	67145728
3690272	1081348
3674396	1610613248
59888720	524322
16055084	83886081
66459764	1085440
63115112	1085440
61880024	4311744513
30880352	4311744513
19905176	4311744513
79223420	2147487745
62143760	1610613248
32500028	4295000065
18654536	1610613248
4897172	36865
76141208	2147520512
59271824	1085440
73091396	2147581952
78849524	2147520512
64191440	1610612992
58458260	1610613248
64419860	2147520512
60622904	53248
14078684	1610613248
54669404	1610613248
30736496	671088768
15038696	4311744513
30596852	1610612992
76350836	1081348
48717848	1140883456
26998508	1085440
81159968	1073778688
13662668	16809985
11882288	4162
42004244	1610613248
51874580	1610613248
31249712	83886081
59717000	100696064
194960	1085440
1312760	134217793
60118760	1610613248
60454748	1081348
55662464	1085440
54688844	36865
42874832	1610613248
81884	135266308
21460700	150994945
10923896	134217733
66741644	4295491585
58293344	36865
6529160	1610613248
24328424	537133057
44216192	8425472
15751496	1610613248
67370852	1610612992
10485200	4296048640
63185096	1140883456
28146764	4311744513
57271124	671088768
76931768	36865
15175424	2147487760
8153372	150994945
9595172	4161
40983644	1140850689
67424960	36865
47065448	1074823168
79587920	671088768
76550420	16912384
72052328	4362108928
70068800	4311744513
38362160	671092736
38476532	671088768
63779312	36865
57732824	800
74546156	5368741888
36848	17334272
37535636	200
10626788	1073774593
48824120	1610612992
37240472	1085440
31398752	800
39698984	671088768
52281848	1610613248
37383032	196610
77848364	150995072
46911548	4362076161
42959396	5385486336
5983544	36865
8534072	671088641
22475792	134221825
12512792	4295000320
61869980	2147487745
50541968	16781313
134048	67141633
62542604	1610613248
77782592	671092736
5204648	150994945
13459520	2147487760
47958068	1610613248
48338768	327681
41585636	8421377
7378688	4294967301
28073540	671088768
53170256	671088768
61002632	32802
107480	67141633
32345480	671088768
22423628	2147520512
15104792	2147520512
11760140	1081348
48761264	1610613248
78142232	83886081
50826764	37120
44922836	67145728
26720840	150994945
58821140	2147524608
57292508	1081348
36374420	1610612992
12030680	65556
12446696	134221825
35566364	67141633
1057772	3221258240
248420	1073778688
20859032	1610613248
49334744	1107329024
71607476	671088768
65896976	37120
23995676	1073774593
52654448	2148012032
30639944	1610613248
31782692	1081345
14093912	1610612992
43858496	261
79044572	36865
24745412	1073778688
15274568	2148009984
74223776	4311744513
7650848	65602
13072988	524548
77508164	671088768
13482524	1085440
18916976	577
6881996	4099
66700496	3221229568
62894792	1610613248
3295316	1610612992
44992820	671088644
52732532	134217733
34459580	4311744513
75621836	65601
13304648	8425472
47502848	4362108928
39244088	196610
50515724	53248
945992	1081348
70123880	1610613248
69113000	1610613248
44149448	1610613248
27939728	1610612992
32059712	8421377
10405820	561152
8087600	1073774593
4333088	4311744513
4772108	134219777
10208504	12304
61429988	671088644
9680708	4311744513
2554976	1610612992
56244692	167936
74533844	8392736
48799496	4362108928
3044864	57344
80865452	1081348
81016436	201326593
32944556	17301568
3548360	1081345
10984160	101711872
69667040	1081345
16258556	327681
49997000	1610613248
29501084	2147520512
2205704	2147520512
50042360	1610613248
30991160	2134016
11226188	1073766400
61064840	1081348
27915104	4311744513
68507768	3221258240
57993320	1610613248
25408316	53248
19172612	1085440
35347664	3221229568
35570252	1610613248
25940324	1610613248
28987544	557057
36655004	1610613248
79862024	2147520512
55769060	36865
4627604	1610613248
47973944	671088768
52934384	1610613248
36265556	67141696
81699752	133122
182972	3221229568
35775344	1610613248
72322868	2147520512
36990020	36865
63922520	53248
55409744	331776
72540596	1610613248
27276824	114688
32807828	1610613248
26829380	671088644
34291100	4295000065
60110336	33587201
61689512	1610612992
27092144	150994945
26786288	1140883456
33837500	36866
23739068	1610613248
19132112	524298
10791056	1074823168
45581204	16801792
39241820	196610
10962128	4295000320
56616968	57344
72844832	1073778688
24079916	2101250
47717336	1081348
13262852	1073778688
78788936	1146880
47135432	2147524608
73799984	8425472
73217108	2147520512
47404352	1610613248
33239720	671092736
48722708	134217793
76152224	1610613248
49106648	201326593
74179712	1610613248
12392588	8425472
16615280	68190208
1477352	1610613248
12381572	536872964
13023416	5368741888
14424716	2147549185
35739056	1610613248
68208392	4295000576
47672948	671088768
80138396	67375104
53825384	34619392
51763448	67141633
67908044	1085440
37541144	1610613248
53833808	1610613248
7943420	67141633
80472440	4295000065
11999576	1074823168
22644920	2147520512
56820764	2147618816
76027160	1085440
411068	671088768
43843916	1073778688
61425452	98320
3267452	2147483682
8429420	2148012032
39026684	196610
72064640	4311744513
66389456	37376
64194032	4311744513
6048344	5368741888
61304276	36865
12709136	4362108928
60163148	1610612992
56402156	1073742084
287300	1610612992
43394852	671088768
12932696	83886081
4873196	134348801
7318424	2147520512
70382756	2147483682
23346380	4353
9116300	1081345
45373520	671088768
68545352	5435817984
52319108	671088768
96140	134250497
28205732	201326593
79738580	1073778688
53967944	4295004160
50923964	2147520512
66127340	1610613248
49599776	4311744513
25517180	4102
2046296	3758096384
30933488	8393216
15701276	83886081
40807712	671092736
45296408	1610613248
28192448	36866
74690336	671088644
9415676	2147520512
78380048	1073745921
17118452	201326593
49702808	4362108928
73141616	1074823168
58077884	1610612992
9508664	131090
12474236	671088768
66328868	1610613248
36218900	69648
53851304	1085440
40554992	57344
72555176	671088768
41605724	36865
20606312	2148012032
45330104	2147487746
69523832	2147520512
55185860	17301568
5043296	671088896
20761832	1074823168
71211872	5435817984
23081996	1073774593
59745836	2147520512
23741984	4311744513
62902568	16797696
21729944	114688
63846380	1610613248
472628	4429185028
62484284	65570
47907200	1085440
43145372	3221229568
4301984	4362108928
69827420	4362108928
73534628	36865
79305392	4295004160
40488248	2147520512
12532556	671092736
4240424	4296048640
55425944	1610613248
8636456	102400
63211988	2164264960
81504380	671088704
62497244	17301505
764876	1610612992
61744916	1610613248
38786600	67108929
55736012	1610612992
66429632	2181070848
25920884	1610613248
47553068	36865
14587688	1610612992
41570408	4295000065
32220092	1074823168
3292076	40961
66702116	1073872900
10087652	98
67241576	4353
111692	134250497
57557216	1085440
31550708	4311744513
34042916	1074270208
74739260	36865
13682108	6442483712
18402464	2147520512
25420952	28672
27890480	4353
79973480	1073746176
18129656	16781313
58900520	4099
12087380	1610613248
58213316	2148012032
185564	2181070848
28409528	201326593
36182612	4102
339464	1610613248
25913756	561152
44511356	36880
35131880	671088768
49760156	134217738
72465428	1610612992
32711924	2164264960
39736892	36865
57586700	4362076161
5656628	16809985
22029320	671088644
857540	1610612740
57360224	1610613248
60559724	1610612992
3261944	36865
1729748	134221825
62981300	4311744513
1226252	1610612992
1432640	134250497
15781952	2148012032
38243900	1610613248
23950316	1610612992
59181104	134218241
23214188	2147520512
79827032	1081600
30418004	68190208
13273220	3221229568
72436268	4362108928
48772604	32802
71970680	4362108928
8155964	2148012032
34075640	83886081
18657128	150994945
43008644	4362108928
57318428	671088768
75574856	135299072
61194440	32833
13247948	1610613248
39037700	557120
31044944	2147520512
15095072	2147516417
62845544	1610613248
25143284	1610613248
75626372	3221229568
28254980	4563402816
28045352	4353
72338744	83886081
30955844	134283265
16882904	671088644
57206000	69648
9890012	1073774656
25519448	327696
2018432	671092736
22532492	536870918
38784332	36865
33346640	1610612992
62828048	1610613248
21576044	150994945
3131048	5502926848
78418280	2147520512
444440	65553
74512460	1610612992
12233828	6442451008
59583836	671088644
352100	671088768
34701608	1610613248
80178896	1610613248
54570584	1610613248
81370244	67145728
22261952	1073774593
72099308	671088644
57486584	67108929
36551000	4130
52611356	3221229568
28815824	5435817984
13522052	2181070848
72767720	17334272
19638524	2147553280
52711472	4311744513
23621780	1085440
43365692	2147516417
27082100	2147549200
32945204	2164264960
63745616	1610612992
37089488	1610613248
63438788	37376
79157000	1073745921
12851048	2147487746
13899836	536871170
74480060	1081348
69834224	2147520512
44137784	1610613248
24033260	16814080
22148876	36866
26208272	536875520
13117052	17301568
44466644	1610613248
64520300	1081348
16633748	135266308
3032552	2147520512
55573040	83886081
24831272	67125249
76285388	3221229568
34470920	67141633
60322880	1082163200
33329144	1610612992
51628988	2147581952
63356492	67141633
11259560	561152
24912272	36865
75200960	16777282
35716700	536871680
74171936	578
65581400	1610613248
5314808	1081345
72757676	16777282
39335132	671088768
101648	4429185028
54660980	1610613248
71242004	8421377
61593284	1074823168
39819512	1073778688
60446972	3221258240
1780940	2147520512
56690516	1107300352
4540448	3221229568
78072248	4226
52229684	4311744513
64778852	8425472
20990252	16809985
51446576	134742080
26849144	16777282
72931016	1610613248
19073792	150994945
25849928	150994945
57103940	201326593
40951568	37376
2026856	1610612992
58131992	4295000065
128540	134250497
30270908	1610612992
47167832	671092736
17650136	2164260896
72265844	1610613248
73197020	1073778688
724700	16809985
62867252	2147520512
46645544	36865
33375152	37376
1887860	1085440
15864248	1610613248
41911580	2147520512
50356316	8425472
11994068	324
4686248	2101504
67265228	32773
1208	1610613248
313868	2147484674
38407844	196610
70398632	16777282
16231340	4311744513
17920028	4311744513
6227192	1074823168
16978160	167936
46386344	1610612992
46865540	671088768
61002956	524322
63256700	5435817984
7696856	557120
3678932	3221229568
51767984	16809985
15710996	135299072
6709952	1610613248
13943252	671088644
3591776	1610613248
42391424	1610612992
452216	1081348
64563392	4311744513
1010144	1610613248
48994868	36865
36603488	4295000065
30403100	800
27940376	1610612992
38191736	1610613248
45645680	671092736
63562880	67108929
18256340	83886081
79232492	671088768
78782132	67108870
81617456	36866
73060292	1073778688
7313888	2147618816
61455584	4353
43886036	4295004160
75230120	36865
43585688	134250500
55575956	1610613248
50501468	1610613248
76986848	1610613248
20768312	331776
18950348	327696
66368720	1074008064
40739348	671088644
23759804	1610612992
22277828	67108960
60326768	1342193664
81067952	2147520512
31130156	1610613248
51577796	8392736
68257640	1610613248
47057348	201326593
27586244	1610613248
2197928	1610613248
9755552	83886081
284384	1085440
38170352	561152
51824360	2147520512
39887228	134217857
65950760	2147520512
43146992	2147520512
11967500	16781314
56599796	671088768
79311548	2147520512
37474724	2147520512
48732428	1610613248
23274128	671088768
42261824	67141633
67485872	36865
8421644	40961
34856804	8421377
76151900	4311744513
24358880	1073778688
11662292	2134016
51254444	134217857
2289296	2148012032
54348644	1081348
2361548	83886081
27548012	32833
71893568	36865
5413304	28672
67913228	1610613248
38167760	36865
51588812	1073746176
72662096	1073774593
58034144	4303355905
28753616	2147520512
11719316	1610613248
39754064	524360
76176524	2147487760
38439596	36865
42945788	1085440
41432060	327681
20018900	4362076161
80471792	1081348
66275408	1081348
47242676	1081345
29770328	4362076161
29550332	201326593
52352804	1610613248
73585496	1610613248
47281556	17301568
75095012	671088644
34711328	83918848
35760116	1610613248
53423624	4311744513
18986312	557120
30846980	344064
6395348	1610613248
4154564	1610612992
126920	67141633
3245096	1610613248
6912128	1610613248
34205240	57344
72215624	36865
61182128	1074823168
6247928	1074823168
7435388	16781313
53461532	1081345
8493248	1610612992
10344584	1073745921
68363588	2147520512
22096064	671088768
69965120	16777281
22192616	1085440
20584928	134217864
74262332	1073873408
5864312	1610613248
64503452	4294971393
23465288	1081600
1268372	4328554496
3938780	1610613248
65231804	1610613248
62132096	671088644
23856356	1610613248
24847148	67141633
17699384	4311744513
58294640	4311744513
25430348	671088768
34176080	1085440
22493288	1610613248
28212212	1610613248
63969500	4362076161
2077724	201326593
55586648	557120
36963128	36865
21256580	114688
60281408	1082163200
73446824	1081345
63033464	1082138624
5181968	2147520512
35841440	4102
43246784	4295004160
56751104	536904192
17810192	37376
29995184	134217733
70230800	1610613248
62494976	70
74993600	2147618816
489800	2147520512
7326200	4311744513
4621448	196612
45186896	2147520512
19741880	1610613248
599960	671088641
7891904	1610613248
53334524	4362108928
79206896	1610613248
81602876	4295004160
46843832	36865
78367736	671088768
47008748	4311744513
29498816	1074823168
55635248	37376
73220024	671092736
36554240	1610613248
1845416	83886081
68056112	671088768
67500128	1610613248
68233664	36865
3510452	2147520512
2714384	1610612992
77534408	1073905664
63180560	544768
14541032	2147491842
10486172	1085440
61852160	2147520512
48753812	2147520512
24404564	1610613248
31358576	8392705
76700432	3221229568
30873872	1058
1577468	36866
9184988	36865
40272788	83886081
12445724	1140850689
43617440	37376
4115684	671088768
39211688	4362108928
74542592	4328554496
28444520	786496
47627264	24580
67939148	1085440
71633720	134217734
73757864	37376
46833140	671088768
42570596	1085440
76528712	1610612992
14779172	1610612992
26758424	36866
11702468	1610612992
24340088	2147520512
70805576	36865
564968	4311744513
38790164	150994945
50430512	1610613248
46427816	1085440
71238440	1610613248
59158748	603979777
13444940	671088641
78911408	3221229568
78047624	150995072
65913176	4295000320
61317884	2147520512
32217824	1610613248
25177952	1610612992
29592452	2147520512
13410272	83918848
18592328	1081345
33857588	1610613248
28514504	1610613248
54808400	134217857
67928132	528448
3597608	83886081
17030000	1085440
54325316	4303388672
21279584	1081348
7032980	1085440
69455144	1085440
37186040	1610613248
51063608	4311744513
52335956	671088644
50577608	671088644
4433204	36865
78161348	2147520512
12973520	2147520512
55226360	4295000065
14043368	671088768
39073988	1146880
68432924	1610613248
70316984	8392706
46666604	1073778688
33953492	671088644
4860884	1610612992
45329132	137216
12370232	1610613248
20096336	83918848
64196300	1107329024
19015796	150994945
63206480	1610613248
73831736	1073778688
60185828	1107329024
50998160	83918848
1149788	1610613248
45417908	671092736
25722920	671088768
63092	1610613248
70568408	671088768
47282204	1081348
52895504	135266308
66745208	1073774593
52291892	32833
44467616	36865
19973216	1073778688
14041748	536871170
43694876	671088768
29497844	1073766400
22005344	2147549185
54827192	3221258240
44103440	1610613248
2730584	3221258240
36565580	1081348
70473476	1610612992
72191000	1090519041
34328036	3221229568
69171320	1610613248
23462696	67141633
34850324	2147520512
24443444	150994945
64523216	36865
21833624	4294971393
4205756	4295000068
53739848	1610613248
29595044	1610613248
25484780	1610613248
34305680	1081345
52189184	536907776
73214840	32833
41557124	2101256
46748252	671088768
78501548	2147520512
79203656	17301568
1701236	2147520512
54792200	2147520512
5554892	2147520512
79629392	4311744513
36468380	2147487746
69251996	327681
24043304	1074823168
37820432	167936
53445656	36865
38542952	134254592
18833060	1610613248
15173480	4362076161
57859184	1610613248
74703620	1074823168
25792904	201326593
45595136	1610612992
26926256	4311744513
28827488	2147487760
38323280	671088644
9812576	150994945
22361096	1610613248
28218044	4294971456
51057128	67141633
80596532	1610612992
19443800	1610613248
77493908	2147520512
67794968	1610613248
27951392	671088644
14075120	2134016
62983568	16783360
39663992	1610613248
73478252	16844800
26151572	528385
54631496	671088768
49111184	1085440
48817316	1146880
10383140	2147520512
57032012	2147520512
5393540	4311744513
81133400	1073778688
25512968	134348928
5700044	36865
60347504	2147524608
74157356	16912384
12321632	135266312
70884632	1610613248
44702840	67141633
63704468	1610613248
35840144	5435817984
5374748	2147520512
38084492	2147487760
25463072	36865
38560124	6146
7912964	1610612992
7572116	1085440
79424300	557568
60164120	1610612992
79825736	1074823168
22288520	201326593
55947260	1610613248
50654072	20736
40377440	16912384
42108896	1610612992
13626704	2147520512
41763512	4295000065
3934568	2147581952
34009868	67141633
66434816	16809985
9193412	1610613248
36705548	17334272
38185256	1610613248
46777412	1073745921
48550016	2147520512
56802944	1081345
4111796	1085440
74923292	16814080
3908000	2147618816
71984288	40961
51739472	1610613248
46468964	3221229568
36662132	2147487746
50063744	1610613248
65070452	1073778688
9035300	33344
44302052	1081345
63034436	1610613248
21702080	5402263552
53746328	36865
81581816	37376
70841216	4295000065
33756824	136314882
11895572	5502926848
49424168	4362108928
74527040	83886081
48894104	4395630592
75475712	1610613248
23339900	36865
7527728	33281
28179812	671088644
124652	67141633
22034828	1610613248
5976416	1081348
71058944	16814080
63417080	1610613248
31510532	20512
20585900	1073778688
65446616	20481
67289204	1610612992
30059984	17301568
49267028	70
60670532	36866
59874140	2147487760
9956	1610612992
46472852	1610613248
67543220	1610612992
57769112	4353
6620204	36865
2279900	33751040
9150644	1610613248
39918656	4295000065
5917124	16780288
36270092	671088768
32103128	67145728
12878588	201326593
45434108	4130
59366108	2147520512
13712240	671088644
51328964	1610613248
67762244	36866
1868096	800
29619992	1074823168
46213652	36865
6549248	2148012032
27295940	8425472
37478612	671088768
52232600	1081348
12774908	57344
9250760	1610613248
23657096	1081348
29675396	1610613248
40681676	17301568
21998540	150994945
4533644	2129921
76259144	1610613248
32388896	536871680
65697716	1610613248
50739284	2147487745
57221876	671088768
17134004	518
6883940	671088768
28319780	1073745984
18938036	35
52740308	37376
22021868	2147520512
52089716	1610613248
54373916	1610613248
34487444	67141633
11991152	4362076162
934004	528386
71979104	536875264
80840828	327696
34152104	671088768
8825996	37376
52579604	1082163200
70049684	2147520512
37008488	4294971393
32709656	4311744513
67173212	1048582
21486620	16781313
62438600	4129
35858288	536903936
16427684	135266308
51519476	16809986
57367352	32833
9802208	557120
76684556	3221229568
38021312	16814080
275636	2147488256
39641312	671088644
39665936	36865
8739164	150994945
52938920	1610613248
81292484	1085440
4324340	1610612992
76091960	1081345
26225768	557120
46408700	553648384
37858340	67158016
64306460	4099
9819704	1146880
29072	557120
49007504	2147520512
33381632	2214658048
27088580	671088644
68039264	537002240
80955524	2147520512
44912792	5368741888
41702924	2147520512
76067012	2189426688
10851320	67665920
19926884	671088644
56168552	524354
12257480	4362108928
45641144	671088644
50647592	671088768
41412944	83918848
3989972	1610613248
13031192	1610612992
18306560	57344
60790412	2181070848
19858196	150994945
43792400	4311744513
6113144	4130
74340416	32833
46532792	4362076161
61280300	2147520512
15056840	1610613248
34784552	2147520512
1888184	67633216
28072244	135266308
22984472	69648
3032876	135266308
75946160	1030
74114912	36865
44111216	1610613248
33950576	5368741888
73450388	69648
66175940	1073778688
77827304	1081345
75222992	37376
42672332	1081348
32523032	83886081
75376244	67141633
54276392	1085440
59160368	1610612992
2207000	1610612992
32165012	4311744513
59465900	150994945
58677284	1081348
1576172	1610612992
1749188	4362108928
73641872	1610613248
2700128	134254592
56124488	1082163200
59854700	1073778688
40112084	1081345
11737784	36865
19903880	671088896
33851432	4295000320
36832232	1610613248
17939144	83886081
13478960	40961
62588936	1081345
43091912	671088644
80581628	1610613248
147980	1610612992
37407656	2147520512
3377612	1610612992
76610036	37376
43443776	4130
60197816	1610612992
25187348	671088644
37985672	8425472
27658496	1610612992
39906020	1610612992
77290760	1074823168
21037232	2147549186
49730024	557568
66201536	4311744513
53941700	1610612992
56408960	671088768
45292844	98
42719960	671088768
6522680	67141633
81160616	1073778688
20828576	201326593
27030260	150995072
75634148	2181070848
38445752	1081348
5269124	1085440
31144412	8425472
48485216	671088768
72688016	67141633
39451124	5435817984
23919212	70
25027292	83886081
26769116	36865
36946928	524297
74726948	67141633
47396900	1610612992
22874636	1082163200
79400000	2148012032
44015312	37376
883136	3221229568
73153604	1610613248
58961432	2147524608
59327228	2147520512
81657632	268568576
36017372	16777281
27663356	83886081
52080644	8425472
38564336	67141633
81256844	4311744513
55553600	67141633
50594132	561152
7906160	40961
69018068	1073746176
33154508	1610613248
5059496	36865
14787596	76
23145824	1610612992
2043056	134250500
79075028	1610613248
31077992	150994945
3556784	36866
544880	1085440
6753368	67141633
4995344	67133440
7479452	36865
76844936	4362108928
28719920	4295004160
77954636	671088768
32263508	4311744513
70034780	8425472
64538444	561152
18368120	1610612992
65678600	4362108928
11141300	1073745921
26845904	671088644
12414296	4311744513
81261056	671088768
31524788	134742017
76321352	1073778688
4532024	1081348
27921260	2147520512
48744740	2148007938
64320392	4311744513
9270200	1610612992
3474488	36865
40707272	5368741888
14432816	2148008000
67416860	137216
31047212	1085440
13842164	4311744513
15453416	135266308
77611844	20481
4123460	1610612992
30899144	138
23743928	1081348
4012976	1610612992
6153320	8425472
2425376	2147520512
1290080	4294971393
48148904	1610612992
14920436	134250497
50546828	1082134528
34777100	1085440
21802520	671088768
51445280	2147487745
43698116	4362108928
22255472	67141633
69611960	1140883456
37828208	671088768
39981836	671092736
36567524	53248
27808832	1610612992
1319564	4311744513
72523424	671088768
62338484	1073778688
57547496	4099
11415404	4328554496
35852132	2147520512
68158820	1140883456
65739836	16777282
58777724	2147524608
40705328	2147520512
1190612	1107329024
23686580	2147520512
7912316	2147520512
31442816	135266308
78279608	1610613248
24354344	4362108928
18704756	1081348
47870588	4362108928
33322340	2147520512
19038476	16809985
31651796	1085440
27109640	2147487746
78852116	1610613248
47304236	67141633
42693392	671088644
12136952	1610612992
673184	16941056
2722160	16781313
24079592	4295000320
44545052	143360
52231952	16781313
32062628	37376
57255572	2147520512
17385752	1085440
13265444	4311744513
9780500	1085440
6212288	134221825
59341160	5368709121
11339264	1610612992
78474656	2147520512
51304340	2147520512
2260460	671088768
69852044	671088768
44359076	1085440
73967816	1610612740
56657468	671088768
33920444	1085440
10965692	1610612992
47483084	1610613248
57291536	1073762304
49409264	196610
63119972	4362076161
13143620	1610612992
55848116	1610613248
75973052	1073876992
51159512	67141633
77232764	1081348
70383080	1610612992
49643516	36865
77544128	1610613248
35974280	100696064
66539144	536870918
62720480	36865
24739904	1610613248
37923788	4362076224
30950012	24580
36962156	2147553280
1524656	37376
80048000	671088644
53600852	33652736
34215608	1610613248
65805932	2147553280
56282276	36865
1267400	134250497
5518604	1085440
31894796	1073745921
45197912	1610613248
42876452	150994945
69691016	1610613248
2265644	1610613248
7473296	134217888
23105648	1610613248
28130564	2147778560
6069080	4130
33313916	4130
76953800	1073762304
50190104	1610613248
39834740	2147520512
47332748	2148007938
36258752	1073766400
34173488	1610613248
47093312	1610613248
576308	8425472
7265612	167936
37383680	196610
76081916	1085440
7537772	327681
61912424	671088768
17227316	557120
70938740	83918848
8172164	1085440
63491276	134254592
2335628	2147487746
25286168	1048582
12893168	671088768
3112580	2147520512
6313376	561152
7809608	36865
42224888	36865
58179620	2147520512
21019412	4294967361
62555240	2147520512
62664752	4294971393
302852	6442516480
32488688	67141633
29121032	57344
3833480	150994945
79385096	3221229568
63649064	16779266
53958548	36865
55868204	2147487746
1863884	67141636
75881684	57344
15479336	1082134528
73856036	1610613248
58137176	35
76557548	16809985
26480	16810240
3347480	135299072
57224144	5368709121
17369228	32833
57546524	2147520512
20773496	134254592
64300304	4362076161
3570716	134250498
29204948	4295004160
42003272	4295000065
53870096	4294971393
2429912	8392706
48254852	2147520512
77084696	1073778688
11410544	671088896
53047460	57344
79733072	1610613248
72615440	1074823168
60230216	1610613248
11225540	1610613248
575984	67141633
56226872	671088768
19900316	150994945
58597580	4429185025
70814000	1610612992
78977504	33536
13177964	40961
47037908	4496293888
62616152	8392705
55042652	2147524608
70922216	134217793
11403092	8392705
53955956	5435817984
5231216	1610613248
35359328	37376
49248236	671092736
33051476	36866
34338728	1081360
22807244	36865
11792540	2147520512
163208	5435817984
41972816	1610612992
2670644	134545408
55378964	70
14233232	1610613248
74849096	4362076161
3187100	16908304
35458148	4395630592
44690204	3221229568
75836972	5368741888
43341392	36865
34084064	1090519041
3646532	327696
39000764	4311744513
17214680	1073876992
4377476	67141633
35768864	67141633
13431980	671092736
44191568	671092736
48895400	1081345
67217276	1610613248
79754456	83886081
222500	2147520512
25912460	671092736
63578108	1074823168
4017836	67112961
66549188	1610613248
21171044	532482
65526644	671088768
1879112	36896
67525076	1610613248
33029444	1610613248
42133844	67145728
37348040	196610
34157288	1140850689
38263016	1610612740
135992	134250497
21699164	1610613248
58228220	671088644
17888276	4311744513
11814896	6442483712
76142504	4295004160
58850300	101187584
26280524	67108929
49399544	2147520512
77008232	1073746176
70216868	671088768
68250188	536875264
38867924	37120
16368392	1610612992
65234396	5435817984
74271404	4429185028
59457800	1610613248
30269288	671088768
43000220	671092736
54619184	17301568
69098096	1081348
71607152	1073745922
80286464	4311744513
8864228	36880
40571516	4362076161
34923224	671088644
72892460	4362108928
47416988	4295000065
1757612	1610612992
4610432	2147520512
53310872	2147520512
69628808	1074823168
39532448	4295000065
22486484	4296048640
47445176	671092736
73991468	1610613248
41831228	1610613248
33026528	1085440
41369528	4311744513
372836	133122
24798872	4311744513
1418708	32834
3630656	1610612992
54647048	4311744513
17891192	1610613248
49120904	36865
21837512	134250497
51174740	100696064
64299656	2147520512
37013024	67371009
56484776	1073774593
3824084	67141633
53995808	37376
55749620	37120
349508	1610612992
4917584	32833
45008372	32834
42595868	557120
28953200	1085440
68415428	4311744513
69855932	2147553280
42736484	1085440
80964920	671088768
41772584	102400
75864836	3221291008
10744400	16389
52035932	1610613248
46323164	1081348
27196472	1610613248
20872316	2147520512
75632528	1610613248
63019532	1085440
12440864	671092736
16945760	537919492
16669064	135266308
52346648	4362108928
49885220	33793
9825860	2147487746
32185100	36865
11945144	1610613248
39678248	1610613248
2881244	2625536
64401716	671088896
65806580	1081348
79533488	3221258240
21392660	36865
52126652	16781313
1027640	1610613248
74389664	1610613248
74439884	1073746176
24153788	1610613248
18435836	3221258240
61318532	1081348
5469680	671088768
42908204	1074823168
1070732	1610613248
64615556	1157627904
53295320	2147520512
49211300	671088644
14094560	36865
59083904	67633153
6307220	557120
44152040	33025
11612720	36865
65543168	36866
23591972	2147520512
51911516	1610613248
12300248	671092736
3879164	1610612992
33578948	4294991872
53264540	1085440
73501256	33284
79813100	1610613248
2675504	67108929
39988964	201326593
35585804	4362108928
4331792	17301568
31623608	36865
51692492	4362108928
7039460	16908290
75921536	1610613248
71918192	83918848
1452728	553648130
78467528	4362108928
18537248	4395630592
1767332	1610613248
56593640	1081348
18811028	83886081
65007272	1610613248
60372128	2147520512
14121776	167772161
74790452	1610613248
77395736	1610613248
1303040	137216
40640852	4294971393
79752512	1081345
79745384	1610613248
6367160	1610613248
12483308	671088768
51404132	1610613248
18578072	32833
56555084	2147520512
67344932	36865
17218892	1140883456
7955732	2147487746
23631176	1610613248
51269672	672137216
66089108	6442516480
302528	1610613248
4830104	1085440
35181776	143360
55842932	1610613248
39683756	32833
8961428	16801792
47564084	36866
1963352	2147520512
56655524	2147549186
33983624	24577
64200836	1610613248
80510672	3221229568
21994652	1610613248
23919860	2564
46365932	1610612992
66794132	1610613248
37379468	196610
62099048	32802
23180168	4311744513
32179916	1610613248
69603212	36865
47690444	17301568
1798760	2148012032
22227284	1610613248
78961952	1140883456
9306488	1610613248
25335416	36866
50130488	2148012032
50208248	4099
68820104	1610613248
61834340	589826
121088	67141633
9335972	1610613248
13073636	2147549186
45075440	2147483682
4906568	327681
71040800	36865
1117064	1085440
40099772	1610613248
1180568	1610612992
115580	134250497
17152796	327696
81383852	2147520512
62909696	24580
23987900	671088644
43757408	1610613248
79933952	8437760
79616108	1081348
1129700	4311744513
78241376	4328554496
8150456	16809985
21048248	2134016
28006796	32802
44735888	1073774593
37424504	36865
49395008	1610613248
8965640	528448
27383420	4311744513
42504176	1058
74913896	8392706
75393092	1073776640
56283572	1073762304
68339288	1085440
69892544	2164264960
33966776	1073775104
55346888	2147520512
71593868	1073778688
23547908	4294971393
63061328	1140883456
54808724	1073762304
80802920	1610612992
53395112	4395630592
5136608	4295000065
18977888	4429185025
19495316	2147520512
79560056	6442455040
19760996	2134016
31865312	4294971393
80995052	1073778688
36852644	8392706
69079952	671088768
54754292	4130
17214032	1140850689
68534660	1081348
33050504	150994945
58592072	2147520512
43832576	1610613248
30271232	32802
1809128	1610613248
50621348	1081348
22782944	134217888
71927912	16912384
21856628	1081348
55262972	671088644
273368	1610612992
9844976	1212416
10594712	2181070848
49970108	2147520512
63690860	2147520512
34172840	83886081
15742100	83886081
144416	1610612992
37427096	3221229568
68261528	4311744513
33299012	1610613248
11506124	2147520512
31731824	671092736
41184524	67108874
31889936	36928
2870552	5368709121
707852	67133440
57890612	1081348
39903752	1610613248
394544	1610613248
42740696	1073766400
75367172	135266308
23455244	536871680
9393968	673185792
48517292	2129921
46753436	536871172
42047660	671092736
65997740	671088768
35908184	1610612992
73277696	671088768
31674152	2147520512
2904572	1610612992
37579052	1140883456
17757056	36865
11730980	557120
16990796	2147520512
10235072	1610613248
15246056	671088644
542936	2148016128
19955072	150994945
12462572	671088644
63831476	524548
54614972	1610612992
47896508	3221229568
3749564	1081345
49223288	4099
34173164	1081345
10141760	1085440
18506792	2147618816
71058296	4311744513
23894264	1081348
24932684	1085440
20968220	83886081
10351712	292
17383484	2147520512
55516664	28672
51774464	17301568
3945584	83886081
19676	1085440
70947164	4295004160
16856660	1610612992
2180	1610612992
24798224	67142144
50189132	20484
42227804	1074270208
10814060	1610612992
6329900	1081348
35870924	327681
21575720	4362076161
795332	57344
32170196	671088768
26000588	2147520512
2477216	16809985
59790548	28672
37836956	102400
10512092	16809985
22554524	16781313
26793740	36865
55733096	4311744513
18290684	1073745921
52597100	16777219
51229820	16842754
46723304	1610612992
724376	83886081
38469404	1073774593
71287364	134254592
58851596	36866
3987380	1610613248
70645196	4295004160
48168344	2147520512
70879124	36865
44253452	4311744513
26268536	4102
47173664	4311744513
21885464	1085440
1112528	1081345
47486324	671088641
74986148	3221258240
15533444	536873472
14024576	2180
56229464	4362108928
54725780	1073745921
78805784	8425472
30874196	1610613248
70118048	1610613248
2814176	1085440
4860560	4362076161
11546948	67633216
1137476	36865
2016488	4362108928
5913236	671088644
18482492	1085440
39803960	1081348
75537920	2147520512
60153752	17563648
54062876	4311744513
7919444	2147487746
74646596	671088644
39107360	67141664
26299640	3221229568
30305900	1610613248
15811436	83886081
26761016	671088768
2138636	16809985
26586380	671088768
57361196	528448
3763172	201326593
55275284	1074823168
53374700	36865
68461112	1081345
42464324	1085440
18920216	150994945
39783224	1610612992
39733976	4311744513
79037120	2147520512
32304332	4294983684
43907744	1610612992
43584392	134217733
21309716	4563435520
16116968	36928
39915092	2148073472
80996024	671088768
32825972	1082146816
52929848	1610613248
30254060	1610613248
21885788	150994945
7592204	67141696
68649032	769
61644476	1610613248
51199040	1610613248
27847712	4295000320
66335672	1085440
56782532	20512
14798288	69648
61244336	150995072
49071656	36866
8492924	4311744513
48446984	1074790404
63444296	524548
31663460	1081348
81284060	36865
52984280	1610613248
79720112	1610612992
4072268	1064964
47711180	1610613248
34405472	67125249
53325776	1073872900
40893572	327684
26825816	1174405120
58305656	1610612992
64364132	6442455040
7319720	528386
43128848	5368709184
51610196	83886081
30370376	36928
48897344	1610613248
38771372	671088768
25508	67141633
2115632	1610613248
5492036	163856
15302432	1073778688
1409636	2147516418
5754476	2082
56169848	67141633
36175484	8421408
4984976	1610613248
24332312	536870918
35871896	36865
70372712	16912384
43240952	1081345
5898980	1610613248
37878428	671092736
38194328	1085440
38473292	1610613248
78226472	33652736
35775020	1610612992
16167188	4362076161
47785052	67141633
14058596	4311744513
6893984	1610613248
44737508	17301568
28860212	201326593
60805964	134218048
53930684	4311744513
56826596	4311744513
71944760	1610612992
13578428	671088644
25781240	1610613248
51781592	36865
65247032	17301568
34442084	5368709121
76819016	2147520512
62636888	134217888
27908300	2147487760
54741980	1610613248
57151244	201326593
14677112	2054
44451092	671088644
36279812	1081348
4263428	1085440
42481820	671088768
909380	1610613248
53598260	671088768
61891688	4295004160
43724360	16809985
6125456	2147487746
1976960	268568576
54268616	2147749888
22331288	4362108928
37345772	196610
62911964	1073745921
57941804	1074823168
12357920	671088644
4676852	8425472
9388460	36865
38983592	36865
69651164	1074790404
8753096	524353
78019436	671088768
38442836	67141633
20830196	4362108928
18299756	1085440
23840480	537919492
37991180	2147487760
14624624	671088644
16278320	1610613248
14019068	3221229568
9738056	133122
70108004	53248
21146744	1073778688
63452072	67109124
73315604	36865
30475028	331776
40232936	1610613248
67703600	1074823168
27897932	1610612992
148628	1610613248
49302020	2147520512
10146944	4395630592
55519256	1610613248
54172388	33793
70571324	2147516418
1032500	37376
79987088	83886081
720164	4295000065
19629452	5368709121
63357464	1074823168
12192356	1085440
40429604	83886081
25884920	1107329024
38502128	1610613248
73193780	1174405120
4035656	69648
52301612	1058
51208112	16912384
405560	16809985
30812636	1610612992
31016	150994948
22318976	2101504
76612952	16781314
77305016	4295004160
32510720	671088644
67117160	67112961
80008148	671088644
1048052	4311744513
79114232	671088768
55731152	2147520512
60117464	1073778688
64350848	134217733
59046968	1610613248
73882604	671088768
77031236	1610613248
38710784	4362108928
23050244	1073778688
16125392	1082134528
18722576	1074823168
69882824	1140883456
79333904	1082134528
39341936	1074270208
4099808	1610613248
59133476	67141633
42213548	1610613248
29869796	1610613248
63316316	299008
49170152	17301568
68345768	1085440
63460820	1081345
42309776	1610613248
27454700	67371009
4438064	2148012032
76168424	28672
46295948	4328554496
623936	1610613248
32224304	1610613248
18304292	4311744513
40707920	4311744513
35829452	1085440
44509736	36865
3648800	37376
18489944	32833
40582208	37376
72999704	16809985
14760704	1610613248
56556380	2147520512
46182548	671088768
13344500	2147520512
12571760	1073745921
18178580	32774
52669676	67141633
54031448	32802
58481588	1610613248
38227376	1610613248
65163116	327681
6093704	1085440
42505148	2147647488
58616696	8454272
28847252	1610613248
733448	2147520512
78036284	201326593
9246548	4362108928
55991324	67141634
59485988	1610612992
62142464	8392736
38235800	4311744513
47637956	2147520512
43488488	2625536
64862120	32834
31100672	1610612992
8286860	1081348
29049752	16809985
23661956	671088644
58568096	1074823168
3892772	2148012032
52701428	1085440
20644868	1610613248
1598528	57344
12741212	2147487760
21970352	2147487746
31564964	2147487760
66253700	2147520512
71271812	67108936
36466436	4295000065
18760808	67141633
81274664	1073778688
40527776	1085440
3630008	4295004160
35205104	4294971456
54681716	137216
19571132	150994945
57030068	561152
64424072	134250500
62516684	561152
51291056	1085440
46198748	16818176
21400760	1610613248
48761912	671092736
45656372	1610613248
23288060	150995072
71536520	83886081
36123644	1140883456
59872520	137216
1257680	671092736
737984	536871170
60413276	671088644
54546284	2625536
15275216	1073745921
13983752	1610612992
71667416	4362108928
42766616	331776
52785992	4311744513
23916620	37376
51241808	2134016
12564632	28672
60047804	1610612992
59513204	327681
61801292	201326593
336872	2147520512
56527220	671088768
28560512	671088644
4529108	528448
27434936	1081348
61649660	4311744513
78085208	1073876992
32150756	4311744513
12450908	671092736
3033524	2147520512
62419484	5368741888
1709984	65570
17342660	327696
23551796	1140850689
23279312	1610612992
22811780	2147520512
34735952	2147520512
4472408	2181070848
31896416	3221229568
65435276	1085440
67695500	4362108928
81605792	3221229568
8918336	1048610
46959824	671092736
6573548	97
22369520	2147520512
2476568	3221258240
59995964	1081348
46845776	671088768
58011140	36865
42701168	67141633
68877776	2147520512
62288264	2147520512
36202376	1073745921
60338756	4395630592
48269756	1140850689
53773220	1074823168
22742768	4362076161
43988096	671088768
39970496	67141633
54620156	3221229568
4120544	8716288
52780808	2148012032
36729200	1610613248
201116	150994945
69611312	100696064
38557856	4362076162
22567160	32833
18686612	2148012032
30865772	1610613248
69209552	2625536
26020028	671088896
60854240	100696064
59292236	37376
70910228	1081348
20681804	16801792
40396880	69648
1888832	1610612992
25975640	671088644
71455844	1610613248
61761440	36865
26042384	671088644
68421260	1610613248
78358988	4362108928
45333992	1610613248
11175320	1085440
12894140	2181070848
12971900	4102
63061652	2147520512
2243288	2148040704
33927572	4099
50719520	1085440
2590940	1610613248
42346064	16912384
20464400	2147487745
79510484	33652736
64323632	2147487746
48861380	671088768
9211556	4295000065
79795928	1074823168
58342916	671088644
49329236	1610612992
56690192	1610613248
60444380	1074823168
233516	67108867
32028608	150994945
14003516	150994945
51916376	4311744513
75420956	67108932
24329072	1140850689
47240408	83918848
14037212	70
3047132	150994945
36708140	37120
20370440	1085440
5355956	1610613248
50112992	671088768
77177360	1081348
59539772	1140883456
39134576	1610613248
349832	8425472
11469512	57344
60621932	1085440
18674624	524354
72226964	561152
47380052	1610613248
54098192	16814080
75057752	2147520512
10352360	1610613248
81132104	1073778688
76335932	2147520512
16634072	135266308
81086744	671088768
69904532	4295000065
39978272	2147487746
12533528	671092736
55168040	671088768
68021444	1146880
36404228	67141633
40202804	2148073472
38594468	67633154
63234344	2147520512
34026392	57344
39068804	37120
35868980	671088768
14717288	1074823168
20169236	1610613248
42757544	36865
42258584	83886081
67598300	4362108928
43360184	1085440
17035508	1610613248
37233992	671092736
56514584	1074003969
75925748	1081345
72186788	2147520512
32164688	1610612992
6949064	1610612992
31573712	561152
74306072	1081348
17992928	1610612992
43550048	1174405120
79503356	1085440
67302164	1610613248
12918440	1085440
57705284	1610613248
19653428	67141633
62991992	4328587264
4868012	135299072
60164444	1610613248
4219688	2129921
38934344	1610613248
13694420	1610613248
22586600	16826368
11377820	36865
81666380	3221487616
22620944	1610613248
52965812	671088768
51669812	67141633
74653076	2147488256
39015992	4362108928
55570124	36865
12129824	1610613248
42943844	671088768
39092132	32833
61381712	2147520512
37951976	2147516418
196580	268568576
74116532	45056
26166476	1081345
30700532	36880
5568824	3221229568
68586500	1610613248
59633732	1081345
23835296	1610613248
377048	17334272
65363024	2147487760
38786276	1073778688
26966108	4295000320
62252948	135299072
59580272	4362108928
57229652	671088768
38919764	1074270208
3733040	16814080
53584976	4102
36225704	1085440
36822836	1073750528
1954280	36896
36942392	671088768
14435408	687865856
37286156	327681
47169776	1074823168
11631512	134250497
38087084	33536
37653572	1081345
32995424	2147553280
40584800	36866
19830980	150994945
33739976	671088644
13090160	134221825
6589100	1610613248
34411304	36865
76051784	16912384
64399448	36865
26935004	671088644
21408212	36865
41849696	1081345
69540032	1081348
2622044	2148012032
19905500	4294971393
24823172	671088641
55675424	4328554496
32586212	1073745921
57975500	2147520512
58068812	67108929
23622104	671088644
22447604	65793
72681212	1610613248
42011372	557120
24950180	6442516480
32441060	1081345
4463984	83918848
67676060	4311744513
70154336	1610613248
74888624	2147520512
288596	1081348
81020000	671088768
17111648	1610613248
41623220	2101250
40000628	2147520512
21327212	3221229568
71108516	4362108928
36402932	1610612992
81650828	98305
74434700	4328554496
27495524	671088768
41048120	1610613248
42550832	134217734
35260508	36865
18522344	100696064
99704	1610613248
32905676	4099
16616900	4362076161
74187812	4362108928
41745692	268568576
41505284	2147520512
53336144	3221229568
4288376	2148532228
24279824	4362076161
74485892	268435588
51249908	1610613248
32432636	16781313
34565204	32786
53639408	36865
27846416	4429185025
27011792	150995072
19359236	4362076161
769088	65602
41444048	561152
78750056	1085440
73964252	2147487760
76208600	1610613248
32566124	1085440
56951660	1610613248
70712912	134221825
35605568	2147520512
53572340	1610613248
68680136	1610613248
41774204	1081348
37756604	83918848
60852944	36866
22592	4362108928
68212604	1610613248
81197228	1610613248
44009480	1610612992
48758672	1610613248
46523396	1610613248
1888508	1085440
44812676	36865
46793288	1610613248
54745544	2147520512
81493040	8392705
6337352	4311744513
11498024	4295000320
69461300	4329570304
10542872	36866
63559640	67108929
51688280	135266305
77070764	4311744513
51327344	671088768
36675740	1073778688
59871872	1610613248
57239372	671088768
28376156	1073778688
12270116	4311744513
49620512	67141633
38001548	4362076161
12648224	1074823168
24312548	1610612992
74070524	1073746176
79673456	1610612992
59975228	1081345
77699324	671088768
59175920	1610613248
29152460	4099
2448056	83886081
413984	1610612992
3743084	86016
500492	17334272
25384016	671088644
39762812	671092736
13893680	83918848
50506004	16389
69857228	24580
63550244	4295000320
23831084	4102
54907868	1085440
10520192	1610612992
39968552	1212416
81742520	37376
32982788	4294971393
38015156	135299072
76185596	4353
80447492	536879360
7281488	4311744513
79511132	1610612992
57675476	1107329024
67966688	2147520512
79016708	5435817984
1195148	327696
22357856	1610612992
40721204	1610612992
5816684	4162
51167612	5368713216
71133140	1610612992
20886896	32834
41402252	4295000065
31920716	3221229568
76361528	5368741888
13067156	4102
13376252	40961
675128	1074823168
28380368	201326593
28038872	1073774593
768764	1610613248
67981916	1610612992
1407368	40961
57341432	1073745921
13767320	2148012032
27177680	671088644
9035624	33344
49123820	1212416
17354972	1610613248
43642388	2181070848
59641184	5377097728
47328860	25088
27745652	1610613248
77981528	201326593
17243840	4362076161
37032464	16814080
53455376	67141633
64368992	2164264960
35001956	577
18391448	671092736
4507076	1610613248
1150112	1610612992
47212868	36865
33620096	2164264960
68395340	1610613248
72987392	1074823168
9919820	2147520512
29535104	16418
17075360	1610613248
26117876	4311744513
7287320	4099
70420016	1081348
27316028	67141696
1036712	67112962
9217064	4311777280
74563328	327682
69797612	1081348
69792104	1140883456
50235464	1610613248
10276868	32833
9488576	2148012032
24442472	134217864
46258364	150994945
3450512	32833
65360432	1073778688
80073272	3221229568
80603984	1081348
49140992	36865
50750624	16781314
75018548	4362108928
1237592	4395630592
44175368	67637248
46347464	201326593
26841368	671088644
81112016	53248
52529708	37120
46930988	524548
65046152	16779266
51554792	4362076161
55905464	1610613248
22781648	201326593
45402356	2147520512
71181416	4362076161
41569760	36865
39419048	67108929
39819836	1146880
49713500	2147520512
72222752	67174416
61006196	2147520512
36325820	4130
57239696	2147487745
4276064	540736
56430992	557120
59098160	1074790404
77720060	1073778688
67221164	4295000320
45340472	16809985
12094832	4311744513
38147672	3221229568
31620368	4362108928
2079992	1610612992
35535908	4294971393
744464	1610613248
29688032	67145728
19746416	4311744513
74503388	2147487746
29290808	1085440
27108020	1085440
74092880	2181042176
67697768	1082163200
38486900	1081345
78184352	1140883456
637868	1610613248
21815480	36865
76806704	1085440
22414556	4362076161
39177668	1610613248
59938292	32771
43598648	1074823168
66243332	2147520512
27963704	1073774593
44230124	1146880
27834104	134250500
15440780	2147520512
41993876	70
37875512	4106
13442996	1073876992
22304072	134218244
79205276	2147618816
76868588	1073746176
36285968	671088768
25086260	671088896
18212600	1082134528
60443084	1081348
53112908	36865
62070212	1610613248
36171920	671088768
27006284	4311744513
31415600	800
43213736	134283265
73961336	5368713216
31924280	2147487760
2056340	137216
12091916	528386
55438904	2147488256
37000064	1610613248
39317636	4161
21465884	1610613248
74967032	45056
1258652	268568576
36685460	150994945
79334876	1610613248
34440140	8425472
29326772	1085440
49696976	671092736
38995904	4295000065
75271268	36865
12063404	36865
57825812	1610613248
22355588	1610613248
80272856	1610613248
20506520	4329570304
34926464	1090551808
44113160	1610613248
70828904	67141633
8761520	167936
77488076	37376
22520504	1610612992
78756212	36865
14062484	83918848
25298480	1081345
58887236	1610613248
40915280	4311744513
23981096	4295000065
30691784	17301506
55269128	1081856
20694764	4294967392
44087564	557120
26773004	36866
189776	2147520512
70518836	1140883456
79458968	1074823168
401348	65570
40806740	671088768
19323596	1610613248
80126732	37376
72897320	4362076161
65507528	4353
23421872	4311744513
78587732	577
5006036	1610612992
70825016	4099
78210272	1174405120
33745160	57344
48997136	1073778688
72475472	16809985
10789112	57344
79104836	134217860
78576716	16814080
42319172	1610613248
70416452	1074823168
55209188	1610612992
5418488	1610613248
24853952	163841
70510736	1610612992
81746732	2147520512
62385464	3221229568
573392	1610613248
77499416	134217860
62984216	134254592
18627320	150994945
20935172	16809985
63354224	671088768
5274956	57344
56678528	1085440
31573064	57344
55108100	2147581952
31324880	1081345
27536996	1610612992
65754092	134254592
14554640	57344
22264868	37376
70005620	1610613248
16003568	16814080
70798124	671088768
61713488	589826
76555928	1073746176
57317132	1090523136
15769964	83886081
4534940	1610613248
33205052	36865
24991328	32802
1318592	1115136
20695736	67141633
63947144	36865
27707744	4295491585
80617916	671088768
25502924	4362108928
3010844	1610613248
77535056	537919492
77750192	671088644
16718960	67112961
43845212	1081345
41228912	36880
12379628	1073774593
30058688	67141633
4422836	2147520512
15440132	83886081
18615656	150994945
78073868	1074823168
56434880	1073774593
2064116	1610613248
38507636	4328521729
53859728	1610613248
4722536	2129921
64141220	4311744513
39708380	1610612992
45625592	2147520512
80591672	69648
32227868	268568576
49522988	2147487745
18025004	4295000576
57527084	671088768
48627452	1610612992
6110876	1610613248
67994552	1073774593
80348672	4311744513
4994696	4328554496
47295812	4362108928
77965328	671088644
70260284	561152
59086172	4362108928
19275320	201326593
70888520	4362108928
738956	8396801
68511008	561152
41178692	24577
2774000	2164264960
76986524	36865
33270176	57344
130484	134250497
133076	134250497
79911596	5435817984
14568896	2147483682
60530240	536870918
78605552	5435817984
24125600	67108960
3318644	83886081
78638276	4295000065
53819876	4311744513
23546288	134283265
47119232	1610613248
78431564	4328554496
25535000	1610613248
43435028	1610612992
28564724	671088644
57853676	1610613248
3826028	37376
74054648	83886081
24723704	40961
11683028	2148012032
31405880	800
28290620	524548
63413192	4311744513
64756820	1610612992
28311680	8425472
81148628	1610612992
17699708	2097161
63678872	77824
39359108	70
19522532	1085440
12230588	1610613248
18654860	150994945
37047368	37120
65932292	1610612992
50860460	1081348
17500124	135266308
54732908	83886592
64006760	1085440
43265576	671088644
63477992	528386
52299344	671088768
39372392	1073774848
81133724	2147520512
55766144	1610613248
36580160	1081348
79232816	2147520512
2203760	2148012032
62583104	1610612992
741548	1073778688
8162768	1610613248
31653740	2147483682
484940	1610613248
493040	2147487746
56793224	67141640
60740516	536870918
53104160	1610612992
2741600	1140883456
62520896	2147520512
79643648	1073778688
77620916	1140883456
70941332	1073745921
32183804	671088644
30354500	1610612992
23104352	1610613248
38860796	53248
18564788	83886081
81323588	2684358656
71531336	1610613248
34805612	36865
3579140	1610613248
15662720	1610613248
38689400	4102
65990288	36865
27618968	167772161
843608	268568576
42693068	671088768
7795676	4362076161
26512184	57344
67631024	1610612992
35220980	561152
1165664	4311744576
2814500	671088768
76978748	19398656
74608688	36865
78608468	36866
16759784	4099
66343124	1610613248
14616200	4295131136
8713892	37376
67740212	2147487745
77260952	1610612992
80359688	2147520512
17238008	327681
30640268	4311744513
2581868	1085440
16884524	1610613248
49850228	4102
4699856	2147520512
6346100	1610613248
13696364	1610612992
61369400	1081348
58739816	4311744513
38171972	150994945
3015704	4294971394
54098516	16814080
4416680	1081345
72510464	5368741888
78553712	1081348
40775312	4328554496
24296024	2147520512
39675008	1073745921
8655248	2148012032
39132956	1081348
68649356	1610612992
44055488	4311744513
78848228	1073778688
39206504	66562
61272524	1073746176
79914512	1610613248
44532092	2147520512
23375540	4362108928
48934280	1610613248
30213236	16781313
80482484	3221356544
36919712	1610613248
18159464	3221229568
49796768	1074823168
4063196	17301568
25385312	671088768
14856608	4295000320
17329052	1081345
40728656	67141696
39829232	3221258240
25802948	4362108928
24508244	83918848
28013924	57344
40465244	5368713216
62347880	2147487745
36472268	1610613248
20137484	83918848
65395424	36865
51717116	1115136
76522556	5368713216
13110248	536907776
52102352	1073778688
34130072	671088644
36028388	536871680
70070744	1610613248
79469660	68608
28184996	16912384
21839780	16809985
77595320	1081348
23524580	671088768
23936060	1610613248
16056704	16809985
23282876	150995072
31822868	276840448
47327564	1082134528
60610916	32848
44541812	75497473
796304	4362076161
44037344	2147520512
15103820	16809986
1533728	1610612992
13435544	1610613248
53155028	1610613248
17595056	83886081
55606736	1082134528
42929264	37376
40589984	1081348
1053236	1610612992
33354092	4362108928
38658296	32773
57249416	57344
18574832	1610613248
27831836	16779520
65676980	561152
33638240	4362108928
30404072	16781313
56674640	2147553280
34594040	8425472
73256312	24580
54848252	1081345
48122984	4295000065
29329364	4295000320
45711128	5435817984
57236780	134217734
21338552	3221229568
47820044	67108960
74056592	2147520512
40222244	671092736
46681832	196610
61319828	2248146944
11547596	163856
69298976	32833
3342296	17334272
3687356	2164264960
38505692	8425472
2319104	2147520512
40887416	671092736
43079276	4311744513
26203088	37376
2493092	1081348
46595324	1073778688
50238056	1081348
62289560	327696
22793312	2147487746
27382772	36865
261380	268568576
33312620	16809985
8872652	1073778688
36100316	1073778688
16103684	1183744
74762912	5368713216
480404	671089152
21974888	2147487746
26776244	1085440
69558824	4311744513
24153140	2147520512
39165032	5435817984
73984016	2147581952
4710872	53248
929144	4311744513
49476332	1610613248
21944	554696704
56162072	1610613248
26694596	4362076224
52573448	671088644
20990576	1610613248
41823452	671088644
17456708	2147520512
319052	536872964
50330396	67141633
73865756	2625536
20988632	16809985
81272396	37376
39071720	671088768
49796444	2147618816
11264744	1140883456
79425596	33652736
5906756	1610613248
65732384	36865
35868656	671088768
31417220	671088768
19898372	17301568
1511696	1081348
70524992	1174405120
15316040	134283265
55939808	2164293632
10368560	1081345
51757940	1074823168
59127644	671092736
21764612	36865
43286960	1610613248
45413048	67141633
48705212	167936
10267796	1085440
289568	36865
1325720	1610612992
48701324	1610613248
5498192	25088
56199332	134217888
65222732	1085440
73185680	1073778688
18240140	1085440
32985704	2147520512
38936612	1073778688
50694572	4099
138584	67141633
16955804	2147553280
35375204	67141633
34011812	1610613248
77705480	134250500
8223032	4294967361
77333528	16809985
23732264	1610613248
62296364	524384
57907460	1085440
39004328	36865
48429812	1085440
46774820	1610613248
9200216	2181070848
39418724	32833
54895880	2147520512
73332452	671088768
65684	70
69154796	1074270208
52719248	1610613248
29160236	1610613248
45311636	36866
32408660	17301568
21066068	24577
5815712	2147520512
81254900	671088768
4542392	4295004160
78404672	4362108928
79893776	3254779904
37353872	1081348
10427852	1610613248
27947180	2147520512
2180108	2147520512
7870844	671088768
72444368	4311777280
77647484	1610612992
20078840	4311744513
28625636	2147520512
50898044	4328521984
80223608	1610613248
31998476	17301568
15606992	1610612992
60533156	16809985
76736396	2147520512
60388976	1610613248
40936988	2181070848
3614132	1073774593
55844876	4311744513
69578264	1610612992
22428812	1073872900
67822184	1073778688
25995080	1610613248
59146760	16809985
77138480	2147487746
11735840	1610613248
9082280	3221229568
62054336	38
39439460	1073778688
9081308	196610
3488744	16797696
40774664	36865
72292736	134250504
58558052	4295000065
36970256	540736
10907372	1073778688
28268588	36868
3204596	32833
39388592	4295000065
56450756	1610613248
31412036	134250498
34796216	671088768
5959892	561152
25186376	1115136
56758556	1073778688
78346676	671088768
14611340	1074008064
67786220	6442455040
39745640	1081348
4309760	134221825
8270984	16812032
27555464	327696
11382356	3221229568
4390760	1115136
80009768	2147520512
1054208	1054720
66399824	1610613248
72424280	134254592
65337752	17301568
68187332	1074008064
70867136	83918848
236756	36866
1675964	1610613248
38987804	327681
75306584	1081348
80702804	671088768
68379140	1610613248
99380	8425472
63270956	2147487746
79679288	67141633
4500920	1610613248
46221428	2164264960
16477256	134254592
1871012	2701131776
3816956	8425472
47212544	32864
55707500	4102
19571780	16843776
62261372	1610613248
60908996	4378853376
18079436	4295000576
75615032	5368741888
43369580	671088896
657956	268568576
76475252	16912384
18962660	37376
69610988	100696064
12539360	671092736
50211488	1610613248
19690040	1610613248
30734228	150994945
56828864	36865
74200772	4295000065
65564228	135680
31094840	4311744513
450920	4311744513
35196680	5368741888
6024044	69648
49590380	3221229568
77600504	100663360
17739236	83918848
15883040	1610613248
116552	36865
5895092	1610613248
17197508	4311744513
59917232	1073774593
23557628	1610613248
64104608	2147520512
78325940	4295000576
46451468	4362108928
39702224	97
50870504	1081348
133400	67141633
61509368	16814080
14534228	671088644
7852052	1085440
53255468	1610613248
2613620	1073746432
75816560	2147520512
21531008	36866
23536244	2147520512
24269780	1073745921
75768932	671088768
42178556	2147549200
46840268	37376
31501460	2147487745
4795112	1085440
62053040	66564
80518124	137216
40506716	1610613248
4057364	1610613248
69230936	671088768
4548872	1610612992
27975692	201326593
39355868	37376
32269016	57344
33100400	1610613248
31160288	36865
24053348	201326593
63626384	1073762304
64229996	2147520512
12293444	577
19720172	16781313
73749764	8409088
81460964	8425472
2565992	1610613248
44436512	2147487745
76708856	36865
41496536	36865
33298364	518
69644036	2147520512
49855412	671088768
63378848	201326593
19641440	1610613248
72727868	1081345
62436008	2147520512
41735000	1610613248
33300956	1073778688
21203444	134221825
23953232	53248
80819444	2147500034
43817024	1081348
5386736	2147520512
80084288	16912384
72329672	1610612992
73950968	671088768
22964060	73
1039304	16779266
29447300	67141633
59181752	1085440
2442548	2148012032
200144	17858560
42810680	671092736
61901408	536903936
49043468	1610613248
40987856	4161
79940	1082134528
39017936	1085440
42950648	83886081
25265756	671088644
30807452	134283265
37350956	196610
21469124	134254592
53171876	53248
79563296	36866
53651720	1610613248
69180068	32833
6751424	1610612992
66281240	4311744513
7682276	536872964
32034764	1073745921
15035132	671088768
1093412	1610612992
50306744	53248
74749304	36866
58246364	36865
15001760	36865
33298040	70
42919544	3221229568
9111764	8392705
49544048	1140850689
37358732	671088896
6075560	4328554496
2941508	1610612992
32590424	134221825
38795348	1610612992
44791940	671088644
36297956	1610613248
23463344	524608
73318196	561152
74458028	67141633
47021384	4099
51010796	1610613248
39584288	20512
3195524	36865
13724876	83886081
45601940	65553
73600076	4362108928
63865172	2082
31086740	557120
27836372	1610613248
79581440	8425472
13412864	196610
35848892	16809986
45346628	1610613248
38144	1610613248
44895944	65793
5796596	4162
50682908	16814080
35809688	4362076224
3965348	2147487746
78526172	1140850689
40644740	2147504128
61116032	4362076161
21733508	671121408
32640644	24577
49068740	1610612992
81362144	67141633
64473320	1073741860
29346860	1081345
32378528	67141633
4896200	536903936
44199992	1610612992
56579708	36865
24114260	671088768
14629160	201326593
51950396	1083179008
54532352	83886081
3966968	70
55893152	1085440
14930804	67141633
50085452	1610612992
3021536	1610613248
80434532	70
45640496	16814080
79177088	32833
49658096	4362076161
46940384	671088768
19146044	1074823168
44452388	1073745921
35089760	1085440
74051084	4362076161
2011952	1085440
42482468	4294971456
71965820	2147520512
27558056	83918848
55861076	1610613248
24620024	4102
30060632	4362108928
55490096	2147520512
22054916	16777282
75366524	135266308
80113124	1610613248
3339056	1081345
13967228	327696
59995316	151003136
67434680	1073746432
79139828	671088641
19033940	150994945
12104552	83886081
17719796	2147487746
50883140	4311744513
45272108	1610613248
6394700	2147520512
11614016	561152
14442536	53248
40961612	671088644
63344180	67108929
65515304	1610613248
68606588	2147487746
47503172	4362108928
73133516	1081345
40310372	2147520512
36346556	1610613248
125624	134250497
5566232	2181070848
76206008	1610613248
68173400	1610613248
6619556	1074823168
1547660	2147520512
53922584	3221229568
17664068	2155876352
39637100	36865
31850084	1610612992
17589548	2147520512
81134048	1610613248
19686152	150994945
68383352	790528
2318456	1610612992
41016044	4311744513
23274452	671088768
125948	67141633
27608924	2147520512
3774188	32833
62033276	1073778688
76489508	1610613248
68129012	1073745922
28086500	2147489792
15155012	1610613248
1787420	2147520512
59395592	1081345
62107472	4328554496
7137632	16781313
41912228	4295000065
40121480	4864
3605060	671088768
14430872	1610613248
13753712	1610613248
30413792	134250497
59675528	67108929
27827624	4295000320
55667000	37376
8656544	83886081
59520008	1085440
70170860	1140883456
35286752	1081348
37441028	671088768
5399696	2147553280
19935956	37376
35142572	4311744513
70595300	1610613248
34738220	553648384
46785188	1073778688
77749220	4329046016
57896444	1085440
27480944	1052676
24539024	1610613248
5476808	36865
74017388	3221749760
43803092	2147520512
52692356	1610613248
57301256	671088768
58024424	671088768
6394376	36865
52755536	1610613248
73626644	1081348
2566640	4311744513
49750760	1074823168
53340356	1610613248
16440320	135266308
7013216	57344
39562256	1081345
52638248	4328554496
65440460	1610613248
37565768	37376
22354940	671088768
45185600	33281
63637724	4362108928
62980976	2147520512
53445980	1610613248
69859820	1610612992
3016028	1610612992
16426712	135266308
80418008	327696
16023980	83886081
31397456	800
38972252	20481
78407588	8425472
29390276	1610612992
62839388	16797696
76166804	100663360
15222404	36865
62734736	1085440
67717856	536875264
23545964	201326593
59558240	1140883456
43951808	1073741860
54158456	1610613248
76584764	3221229568
3437876	167936
38944388	36865
6876812	1085440
1252820	2147520512
78525200	134479876
48748304	570425600
79344596	36865
28666784	36865
72109676	671088768
71535224	2147520512
52941512	524354
37890092	135299072
67523780	32833
7884452	4295262208
41989988	7
81509240	1073778688
28981064	1610612992
18018200	1610612992
6557348	67141633
28386524	4295000065
78858920	134217734
60889232	36866
59177216	4130
39142676	1073774656
69638204	1610612992
37817516	671092736
79181948	1073745921
79040684	5368713216
15917384	67141633
34251896	524546
11874188	1610613248
54914996	2147487746
13402496	40961
76368656	1140883456
42493808	2147487760
52508324	2147487746
21205388	4311744513
36982568	671092736
24898340	2147520512
15467672	83886081
17101928	16777476
849764	4311744513
11758196	1610613248
68927672	16809986
17467400	135266308
35891336	4295000065
64139276	1610613248
70517540	1610613248
42272192	524608
9794108	2147487745
27020540	150995072
75170180	67141634
2484992	1085440
63942608	1610613248
376724	1610612992
29969588	4362076161
39963044	1610613248
28925660	16812032
655364	3221258240
25328288	67141633
97436	134250497
23544992	65793
57910376	33536
35452640	3221229568
71866676	561152
17227640	4362076161
61250492	67108929
22423952	4295000065
61278680	134742018
11929592	2180
27821468	32833
66202184	2147553280
28950932	4362076161
55294076	327696
56374292	269615104
2349560	2134016
81029072	2214596608
66483092	671088644
19159328	33554528
29811152	38912
63427448	3221229568
62519924	8425472
15228884	2147487760
53184188	32833
14045960	1610612992
77853872	37376
92576	1085440
79700672	36868
21814184	1610613248
51544748	671088644
66978488	299008
17959880	1610612992
11796752	671088641
47650916	4311744513
75688904	553648130
55799516	36865
112664	134250497
46429436	536875520
7533884	1048582
34468652	4311744513
32654576	67371009
16168160	67112961
41250296	2147520512
22223396	33028
26326208	1610612992
32732660	83886081
61921172	1610612992
52239404	671088768
36452828	671088768
39319580	4295000065
28762688	1610613248
75849932	1073778688
68595248	1610613248
58836044	20484
61165928	36865
78065768	1074823168
4403072	16809985
11417996	1610613248
77055212	1081345
31604168	67141633
33634676	201326593
17918408	1085440
23719628	4362076161
127568	67141633
66800288	671088768
12815408	2148007952
54623396	671088768
53544476	2147520512
6928004	4328554496
64529696	1610613248
10887284	1610613248
35697584	671088644
41552588	2147520512
8544116	1610613248
2450648	1085440
19874072	67145728
75703484	67
64643096	32864
75064880	67141696
80734232	1073745921
69236120	331776
30943208	1085440
77733344	36866
11318528	1610613248
63475724	4311744513
79191668	1085440
81371864	2363392
28251740	17301568
65780012	135299072
28770464	8392705
40311668	671088768
50174552	1610613248
6040892	32833
57432476	1610613248
64088408	1610612992
78033044	17302016
40518704	67141633
19086752	32833
4947392	1610613248
24431780	671088768
80493500	1073774593
32179592	37120
24010904	671088644
29041652	32834
50439908	1610612992
36562988	1074823168
46388612	36865
24303152	1610613248
32340944	4130
60282056	1073778688
67995848	4395630592
74624564	2147487746
78842720	8425472
10670852	4328554496
70945868	4328554496
58839284	1610612992
69367340	4395630592
70296248	4311744513
5560724	1081345
46647164	1610613248
57238076	671088768
27996428	16843776
2149652	24640
68415104	1610612992
39971792	671092736
36092216	4102
91604	134250497
20630612	561152
79448276	16912384
45233552	4295000065
48781676	36866
38277272	53248
57516068	1074823168
17940116	4311744513
5400344	1081348
62184584	3221229568
76225124	4328554496
45508304	2147520512
18880040	150994945
36221492	16809986
41562632	1073778688
19290872	1610613248
79398380	1073778688
9470432	2147520512
56670752	67112961
56118656	1073745921
80246936	1610613248
79692896	3221229568
56138744	1610613248
531920	4362108928
24339440	2147520512
80187968	67141633
8650712	4362108928
2594504	32834
14033648	4295000320
66856016	1073778688
8685056	1610613248
48683504	134283265
26846552	671088644
80054156	1081345
18317252	1610613248
36386408	671092736
58907648	67112961
41233448	67436544
27619616	100663297
80753996	1081345
2327852	536875520
16284800	1610612992
46249292	671088768
14937284	1081345
71420852	1085440
7013540	671088768
60925844	2147520512
38428580	1610613248
75653264	36865
1924472	135266336
38163872	1073872912
71427980	1081348
41350088	150994945
20795852	1081348
68657456	70
9320096	67141633
60198788	1610613248
25190912	4362108928
4741328	1610613248
77717792	16912384
368300	671088896
21608120	83886081
41953376	1610612992
51918968	137216
69055328	70
34739840	28672
2879948	134545408
5479076	3221356544
34408388	150995072
9972956	67141633
76495340	1081600
48250640	4395630592
18354836	138
23144528	83918848
371540	671088768
26812208	150994945
4050884	1073766400
57703340	1081348
3695132	561152
6129668	4311744513
30164960	4311744513
13551536	67108929
77861648	32833
74933660	1140883456
52717628	671088768
38537120	4311744513
38217332	671092736
29582408	17858560
59441924	553648384
32485448	1073745921
64288964	1073778688
77871368	4362108928
68703788	1085440
65844488	1610613248
3724940	4130
51995756	1610612992
73688528	671088768
78573800	1610613248
17175800	5368741888
58022804	4362108928
30268964	3221356544
20600480	1081345
59794760	67108898
41179988	67141633
24696488	1073778688
25477652	1074823168
16445828	32833
11072612	167936
54450056	4362076161
6001364	2147483682
8922224	2147520512
33141224	2147487760
28067708	2148012032
2657360	4362076161
45158060	671088768
60319964	32773
57579896	671088644
81122384	671088768
55918424	1085440
41984156	117440512
16048928	16777282
41095424	3221356544
80163992	4362108928
32501324	1610613248
116876	67141633
48703592	1140883456
77105108	2147520512
3212696	262150
69666716	1073778688
8064920	3238002688
54475004	2147520512
47934416	135299072
337196	554696704
52287680	1610613248
43396472	1610613248
24384476	1140850944
55834832	671088768
12268496	4311744513
51263192	1610613248
55810208	67109380
47088452	2147487760
18453332	2147520512
18358076	536903936
53358176	3221229568
887672	1610613248
34490684	17334272
1218152	1610612992
18927668	1610613248
12503396	671088768
12913904	1074823168
35672312	67141633
40418588	2148663296
20153360	16797696
29727884	4311744513
33894524	2147520512
76804436	1074069504
29067896	70
5433392	1085440
56635436	4311744513
4978820	36865
77542508	1073774593
40277000	1610612992
30703772	1610613248
78499928	2147520512
73807436	671088768
58423592	1081348
77542832	1610613248
39217844	8392768
36039728	2147549186
12344312	37376
52809320	32864
44857712	1610613248
66101744	1073778688
39653948	327681
44073632	671092736
19946648	83886081
33725072	134479873
28909460	36865
7296068	1610613248
626204	1610613248
64493084	671088768
41363048	133122
68761784	4362076161
71907824	4362108928
11194760	536873472
488180	4161
24407480	1073746176
12319688	67141633
25891724	138
62945984	1610613248
49053512	67112961
73449416	671088768
15345200	83886081
71720228	2147520512
22046168	16797696
1863236	1610613248
7770404	1610613248
52048892	3221229568
14853044	2147483714
6236264	1610613248
40139948	1085440
50224448	53248
5100320	4311744513
65600840	1140883456
78529412	671088768
27457616	16781313
22063340	3288334336
62979032	1081348
41067560	2147520512
52605524	528386
50911652	2147487760
52680044	1085440
736688	1073778688
21136052	16908290
18973352	4311744513
47443880	4362108928
78010688	97
34126832	1610612992
23413448	671088768
57599660	1074270208
75581984	2147520512
31716596	17334272
81103916	1140883456
20332856	561152
50025836	150994945
70001084	1610613248
4675880	1610613248
16302296	67141633
80922476	36865
24947912	528386
4966832	16809985
68632508	16809986
59836880	16809985
51496796	1610613248
57109124	671350784
3439172	37376
57223172	671088768
52142528	4130
1118036	1610613248
51094064	671088768
41592440	4295233536
67481012	1073876992
51542480	1073778688
186536	1610613248
21263708	150994945
65557100	1610613248
35724152	57344
20812376	135266308
22751516	2147520512
6056120	1048836
27056180	671088644
7377068	536907776
29154728	3221356544
50681288	1610613248
10903484	2147618816
33118868	8421408
2465552	561152
3791036	2147495936
59695616	4102
18413480	1610613248
11085896	4362108928
53606360	17334272
57089360	671088644
32802644	2147487760
76774628	36865
75306260	1074823168
24584060	1610613248
76598372	331776
51399920	1074823168
53440796	1610613248
60633272	1610612992
212456	1610613248
65842220	1074823168
47324972	4303355905
10006976	327681
24049784	2097217
78616892	150995072
3597932	3221229568
62443784	1082163200
41088296	16781313
30986624	2147520512
8990264	67133440
62117516	4362108928
32626712	327696
3416168	1030
35847596	2147520512
9570872	2155876352
54466904	36865
60544172	3221229568
12965744	2148012032
36868844	1610612992
28051184	1073774593
847172	1610613248
6998636	261
57916856	1610613248
24152492	150995072
30212264	32773
13819484	1610613248
56004608	37376
48312848	5385486336
2193392	1085440
40945412	1081348
72284960	2147487760
39164060	36865
71208632	5435817984
51333824	4295004160
51792608	37120
35193764	536871680
80106644	36865
51937760	2147483682
8936480	1610613248
74624240	1610613248
3255788	671092736
25682420	134217734
54787340	4353
65046800	33849344
3149516	1610613248
25864184	1610612992
36969608	1610613248
39028628	36865
69732488	1610612992
41560688	4362076161
33258512	2147487760
22835432	577
72671168	1081345
10611560	1610612992
58921580	1081345
78334040	2147520512
5642048	327696
40053116	2147520512
72666308	4362338304
31568852	2148564992
81357932	1081348
47041796	104
32721320	1082134528
28572176	2147553280
31140200	1074270208
49449116	671088644
31841336	2147520512
34665320	36866
41950136	8425472
26358284	4329570304
35047964	671088768
29396	1075843072
10388000	2147487746
8083388	1610612992
1614728	1610612992
45421796	671088768
69463244	134218753
76588652	16814080
18428060	4311744513
78588380	577
21026864	1610613248
72547076	1081345
931736	36865
78556952	5435817984
14840732	1610613248
75095336	4311744513
52759748	1115136
7285052	671088768
9376472	16779520
43810868	1140850689
31970288	1085440
50905820	1085440
71631776	4311744513
53580440	8425472
68464028	536903684
77818880	2109440
57402344	4362108928
23178224	201326593
32199356	8425472
1533080	1610613248
79618376	1073762304
48623564	1610613248
11437760	67141633
56276444	1085440
55141148	1073745921
20100224	1610612992
31326824	524328
26863400	671088644
30784124	1073746176
1424864	134217734
79031288	36865
23022056	150994945
8143652	538972160
78209624	5435817984
4289348	1610613248
42579668	2147520512
1965944	1085440
67445696	32833
320672	4311744513
65743724	135266308
68046392	671088644
1187696	16809986
28738388	1610612992
31747052	1085440
37525916	57344
79323860	524353
52372892	4162
32280356	1610613248
77154680	3221487616
74217620	1610613248
52281524	671088768
56242748	1073746176
47323676	65553
4314944	53248
8616368	16777250
1094708	1074823168
24644000	671088644
45136352	1610613248
58167308	37376
23701808	37120
38775908	53248
780104	65541
69807008	25088
1851248	2147618816
39442700	24577
73926344	1610613248
27849008	201326593
51298184	37120
55639460	2147520512
40969712	196610
77259656	4362076161
32082392	671088644
25184	3076
12262664	1610613248
68203208	671088768
65540576	1074823168
81684848	134254592
58991564	36866
47779220	36865
45229664	671092736
16810976	36865
67749284	167772161
41731760	67108897
27557084	36865
43991984	1610613248
53260652	1073778688
51206816	4362076224
78383612	2155905024
23141936	671088768
11154260	36865
67698740	327681
16356404	1082163200
75130328	1085440
78622400	36865
76310012	4311744513
58732364	37120
74320004	1610613248
43361804	1610613248
31724696	2147487746
34277816	3221229568
51983768	1081345
54106940	33554438
79571720	3221225474
1498736	1610613248
21123740	1610613248
80517800	671088768
17952428	83886081
19034588	150994945
36853292	2147520512
21632744	2147520512
54304904	2147520512
2295452	134254592
58047104	4329570304
23478248	1085440
79039712	2147483682
39745964	33591296
12518624	1610613248
575336	1610613248
42164948	536872964
3955628	32833
18937712	1610613248
46874612	4099
9560180	671088644
10300520	16809986
45000596	1085440
25658444	17334272
5286620	4429185025
1553816	3221229568
77390552	134217734
42837896	2181070848
43291496	1074823168
22394792	1081348
20450468	671088896
24658256	1610613248
712064	2129921
80680448	671088768
15499424	37376
4704392	1610613248
12624248	4102
348860	1115136
42149072	67141633
74531900	196610
72873668	1610613248
23244968	671088768
59032064	1610613248
37534340	2147553280
67986128	1073778688
6299444	327696
73771148	671088768
25805540	671092736
57819008	36866
40486304	524864
59326580	2147487745
10371800	1081345
21723464	1610613248
60679280	1048582
2186588	33554438
7286996	4099
45053408	1081345
41674736	1610613248
67401956	1610613248
38827748	1610613248
21336932	67141633
74264924	1073790976
19036856	150994945
13082060	1085440
68405384	671088768
81087392	1081348
12084788	524298
7273712	1085440
10768700	1073745921
2631764	1085440
35709896	37120
31517660	1610613248
61591016	1610613248
45345332	1610613248
36056252	1610613248
64361540	1074823168
49552148	37376
3798488	2134016
28275068	536871170
26112692	2147520512
46892	167936
15887576	83886081
75179900	65539
80867720	671088768
39976004	1610613248
35665508	4294967305
46961120	2147520512
65399312	1610613248
71408216	4362108928
52738688	1073790976
29180648	4328554496
15312152	83886081
77512700	37120
13361024	1174405120
64403012	3221229568
38942120	327681
9933752	68608
81372512	2147520512
77926772	1073774593
21440288	1610613248
10470620	1610613248
25566752	150994945
20863568	1610613248
54203492	1073774593
62984864	150994945
1837640	135266308
2797976	2214592528
27093440	671088644
61938020	2148012032
71197940	671088768
23203820	4362076161
78480812	32833
31674800	1610613248
17875964	1140883456
41981888	1073778688
27167636	4311744513
25686308	1073778688
12449612	671088768
124004	67141633
54353180	8425472
2233568	1073876992
23603312	1610613248
16236200	1610613248
32151080	4311744513
56160452	1073745921
14625272	2147487746
62813792	1610613248
44686964	671088768
80662952	1140883456
70099256	1610613248
31394540	800
62510528	1073778688
23621456	671088644
58099916	1610613248
76842668	1610613248
30070676	3221229568
43638824	4311744513
57714356	4295000320
49781216	142610432
69288284	2147520512
26235812	4329570304
62665076	5368741888
7019048	2147520512
31994264	2147487746
63088220	4362108928
4982384	16797696
26156108	1610613248
63322472	2147520512
44264144	1073778688
21471716	134250498
4423484	37376
19578584	1610613248
66753956	671088768
17171588	135266308
44520428	1085440
2534240	4294971456
19003160	150994945
15029948	1081856
18496100	4395630592
22000160	150994945
8347448	1610613248
27630956	4362108928
78426056	4362108928
68906936	1610613248
58995128	671088644
21711800	1610612992
21245888	1085440
16682348	1073745921
23276072	4328554496
1711928	16908304
51101840	671088768
7063112	16809985
32128724	67112961
53512724	32833
1252496	32771
72083108	37120
56575820	1081348
75080	786434
72820856	36865
43220864	3221229568
43380272	150994945
61205780	2147520512
1742384	134221828
2709200	36865
80854436	1610613248
6482180	1085440
43785272	1610612992
14001248	67141633
1868420	538972160
941132	135299072
26206004	2147520512
24642380	1085440
32823704	1074298880
43715288	671088768
15434948	2147520512
37153964	4362076161
19904528	4362108928
46982504	1107296257
41162816	1081345
38634644	2147520512
25703156	57344
18430976	150994945
81743168	1073762304
17423660	1074823168
52626908	1610613248
1685360	36866
70342256	671088644
52573124	17334272
52927256	1073746176
24188456	1085440
56145548	4362108928
15629024	1610613248
24728564	2147487746
9948980	1610612992
18557336	70
2888696	67141633
14724416	201326593
80837912	1610613248
59632112	1610613248
923960	4362108928
5975768	1085440
54246260	1073774593
49121876	2147483682
18337016	32833
10595684	1610613248
54244964	134221825
15460544	4362076161
31100024	17334272
74839700	83918848
15514328	1085440
77058776	327681
79597964	5368741888
40492784	671092736
65179316	4362108928
72521156	1610613248
36849728	2147520512
11284184	1610613248
47618840	1610613248
47066420	33591296
1947476	8425472
59530700	36866
1075916	2147483682
22354616	5435817984
32631572	201326593
53529248	5368709121
1626392	1610612992
65331920	36866
65679572	134742528
180380	16814080
43928156	4311744513
25160780	2147483682
69526100	1610613248
46343252	4395630592
38395856	1610613248
28675208	524354
46495208	167936
53968268	67133440
72996464	16809985
64246520	36865
59030768	16781313
79375700	1073774593
77616056	1610613248
40505744	4294971393
9497000	1082134528
46411616	1610613248
996536	134221826
54114392	2147487746
3565856	2164264960
41125556	2147520512
10506908	1081345
55317080	4311744513
2218340	524322
70771232	1140883456
112340	67141633
56666540	557120
74504360	135266308
31440548	4362108928
47397548	150995456
1865504	1610612992
3139472	1610613248
53460236	1081345
73317224	1073778688
35890364	4362108928
66875456	1610613248
38991368	1610613248
12900944	671088641
40400444	4099
20686664	17301568
309008	1610613248
9253028	2147520512
34230512	671088896
8717456	67141633
23579012	134283265
142472	1081348
49929932	16781568
12685160	1610613248
41099312	1081345
69146372	2148012032
52880276	327682
5689676	671088768
4349612	1610613248
43629428	4294967361
65852912	1610613248
77590136	2147488256
62432120	2147520512
38535500	134250497
65287208	2147487746
39946520	67141633
44589440	2147520512
25154948	1610613248
56544716	1174405120
27010496	150995072
51315356	1073778688
30678500	67141633
65958212	1081348
57716948	16797696
28208324	4295000320
67526048	4311744513
30311408	528385
38183960	1610612992
24228632	2147520512
9496028	1085440
63650360	4311744513
31591856	1073774593
7348556	4311744513
73292600	671088768
37754984	4311744513
38871164	2147520512
25672700	1610613248
63684056	16809985
41496860	1090519041
1813664	1085440
31293128	1081348
47653184	1610613248
37381736	196610
1351316	2147520512
18933500	577
6698612	167936
3524708	1610613248
37149428	24580
26035580	1107329024
7377392	2164264960
20580716	4311744513
41808548	36928
3021212	65570
6328604	4295000576
75651968	24580
56127080	1610613248
48088316	1074823168
73952912	2147487745
21788588	150994945
10488440	2818572288
33093920	671092736
69403628	67141633
25223960	1610612740
14584772	4295000576
55994888	536870918
12224432	4295000576
73969760	1073778688
63939692	1610613248
56961380	53248
49504520	53248
44111864	4311744513
55980956	1610613248
54238808	1610613248
38259452	1610613248
77282984	1610613248
32008520	70
64283132	1610612992
11218088	671092736
11360648	4295004160
61714136	134254592
51898556	2147484162
63188660	1082163200
38784980	4295000065
39572948	671088644
15535064	344064
9694964	2147520512
74785916	1073766400
25062608	2147549186
67075364	1081345
43876640	671088768
62014160	671088768
31316780	1610612992
11555696	75497473
63818840	671088768
64445132	1610613248
421436	2147489792
307388	1074823168
7726016	1074008064
22966328	528448
2851112	266244
60919040	2147487745
68496428	37120
53518880	1610613248
675776	65570
29459612	1610612992
60803048	671088768
47971352	1610613248
45403328	16908289
59489876	16781313
21981044	32833
51933548	16910336
5569472	5368741888
45415964	1081345
56168228	134217733
42058352	4311744513
8707088	1610613248
13503584	1073746176
7363784	1610612992
40879640	2147549185
55503704	1610613248
59502188	1073778688
16968440	36865
17570108	83886081
895124	1610613248
1347104	1610613248
31238372	4362108928
73377488	2147520512
66018476	1610613248
5034224	1082134528
71438672	67108929
73618868	4311744513
35989832	4294967361
7983272	83886081
2802836	1610612992
26588000	36865
19028	2181042176
79424948	2147520512
56932544	67141696
44918624	37376
14794724	1610613248
78506732	5435817984
30708956	32802
64359920	671088644
57782072	69648
79364684	16912384
16926320	1610613248
42350600	671092736
66390752	1140867072
56588780	4362076161
44436188	800
36096752	2147520512
1912160	53248
78641516	16809985
40223216	4362076161
17787512	4362076161
75405728	1610613248
19624268	331776
74388044	1085440
38784008	36865
66359000	4311744513
41333888	671088768
76775276	1073745921
62903864	671088768
42589712	1140883456
31280168	2148012032
59131532	1610612992
8421968	1058
45652484	671092736
2589644	1610613248
4552112	1081348
577604	671088768
78519044	2147520512
51805244	16801792
63667532	4395630592
15442724	2101249
42577076	266241
20236304	2147520512
4394324	33554449
23887136	36865
3449540	4362076161
52446116	1610613248
80778620	2147520512
66295820	5435817984
54247880	671092736
31833560	32778
708176	4311744513
21864080	16781313
65719424	83918848
70946192	36865
79397408	1073778688
74245484	1610613248
34683464	1610613248
15874292	1081348
571448	167936
72714260	671088768
4547252	1030
24895100	4099
27551900	2147520512
60819572	32833
61593608	150995072
30018512	201326593
35835932	671088768
47441612	671088768
26368652	135266368
36486200	2147553280
69243248	327681
58812068	67108930
165476	135299072
34434308	68190208
66304244	1081348
3710036	67141634
52854032	671088768
41964068	2625536
9503804	67141633
57698804	20992
20025704	25088
77400272	16912384
70645844	100696064
1961084	2147520512
69957344	1073762304
36281108	4311744513
61591988	1610613248
42734540	671088768
73797716	201326593
11274788	1085440
6899816	2147549185
18974648	150994945
80413148	671121408
18823988	536903936
12983564	83886081
70818860	16912384
47073872	4311744513
17846804	2701131776
72874964	671092736
37053200	1073778688
56447192	67141633
23968460	1610613248
80326964	1610612992
53175440	2147618816
33643424	135299072
18150716	32833
18522992	1085440
5065652	17301568
36284996	4295000065
80765336	2147520512
37110224	1081345
2069300	1610613248
65225972	1085440
33061520	1081348
7459040	36865
19078976	2147520512
6281624	1610612992
41468672	4362076161
46400600	671088768
65211392	4362108928
2452592	1610612992
48535760	1140883456
27115796	4362108928
35799968	1073778688
2126972	4329046016
28835264	134217888
42675248	671088768
3050696	2147520512
75002672	1610613248
14773988	1610613248
80201252	4362108928
54258572	134283265
35056064	671088768
60772268	1073775104
21810944	1610612992
28017812	2147520512
56925416	2147487760
46327700	16777222
2668700	2147520512
76097468	1081345
56419004	4311744513
26829704	671088644
9810308	1085440
1825652	16809985
19857548	150994945
78489884	37376
8834420	2147487808
57148328	20481
24349808	16777221
1614404	2147491856
58490984	2147520512
40685888	33591296
9745184	67158016
40805444	671088768
12926864	1085440
2093276	1610612992
33783068	1610612992
70460840	1074823168
54605576	24580
13239524	671092736
30582920	150994945
67360160	1140850689
49172744	1610613248
22093796	1073778688
38506664	1085440
29601848	2147520512
68538548	671088768
1929332	671088896
52346324	1610613248
2384876	2147484674
38643068	36865
59891636	3221229568
39096668	4162
40074824	2147487746
23464964	150994945
25004936	2147520512
28637624	2148007952
61572224	331776
1051292	4130
23943836	561152
69001544	32834
68025980	8425472
5751236	65554
50005748	1610613248
59993048	2147618816
3688004	2148012032
70910552	4362076161
6143600	1085440
3527624	4226
49824308	67112961
32102156	671088768
3832184	134221825
7133420	16797696
9911396	1073778688
72744716	1081345
61275764	37376
65625788	1610612992
63031196	1610613248
68136464	1073778688
52018760	1048612
39980216	5368741888
50211164	67141664
79718492	2147520512
967700	16809985
21443852	16809985
39401228	1073778688
1962056	57344
60484556	2129922
3304712	4295000065
62804720	2147520512
72692552	1081345
7178780	1610613248
32822732	671088768
13848644	1081345
709148	1081348
38595440	4362108928
3082124	2147520512
31021292	1610613248
433424	1085440
24213728	1081348
2393300	150994945
75773468	4295000065
44102468	4311744513
41889872	4130
13584908	5368741888
22280420	67133440
17199128	292
50152844	5435817984
69884120	1073778688
31477160	671092736
73510004	37120
55972856	2147516418
19015472	4311744513
55799840	578
32653928	561152
64262396	1610613248
29205596	4429185025
29457992	83918848
38749664	4296048640
67303784	1074790404
40943792	67141633
75710936	37376
37241120	2147618816
42488624	671088768
32214584	2147508224
36398072	1074823168
28856648	67141633
55394192	8716288
36065648	4362076161
33625604	671088768
74789156	1610613248
5074076	3221229568
9688808	150994945
67652084	16912384
39912824	2147520512
79498172	1073778688
24739580	2147495936
24629420	67141633
47010044	1610613248
57424700	1140883456
15885956	8258
8629328	1085440
66224216	36865
2156132	2147487746
117200	67141633
20281664	2147811328
33470732	69
23440340	2147520512
64371908	7
1649396	1610613248
29582732	83886081
36381872	1140883456
69427604	4362108928
79544504	268568576
36380252	4295000065
9076448	1085440
30440360	1610612992
25615676	2147520512
13739780	4311744513
13709324	1073778688
39518840	2147487745
56205812	2147581952
47051192	577
68143916	36865
79233464	67145728
28759772	32786
57316484	671088768
68498372	100696064
33309704	24577
4415708	4362080256
32217176	1140850690
6448484	524353
71844320	1610613248
875684	4362076161
44991848	16781568
8046776	4295524352
78266972	4311777280
68616956	671088644
34891148	4362076161
39220760	4295000065
11007164	134217794
25324400	4329570304
62064056	1610613248
23954528	2147520512
2770436	17301568
49425788	671088644
67983536	53248
33308732	83886081
70650380	67108929
12200780	1610613248
9543008	327696
11252	4362108928
44913764	4099
26748380	1073746176
4194092	1610613248
18875180	1610613248
127244	67141633
66510308	344064
42507740	1140883456
2067680	67141633
8914124	16908290
23981420	327696
62988104	671092736
74979020	1610613248
73172720	1073774593
12722744	2147520512
34983164	4295004160
60812444	1610613248
41417804	331776
79693544	17301568
6702500	16809985
53068844	2147483682
8464412	4362108928
33900680	150994945
41111624	138
33116600	1610613248
65818244	42
71670008	2147520512
74368280	671092736
80630876	37376
39409652	1610613248
19864676	36865
10850348	1610613248
43615172	16777282
78980744	2147487746
44595920	4311744513
41479364	671088768
76611980	1073774593
81678368	1610613248
205004	2147553280
13230452	2147483682
55981280	42
81151868	36865
62106500	1610612992
40142216	4362076161
25483484	4311744513
13741076	1610613248
23638628	36880
17828012	5435817984
59399804	8716288
34194224	36865
66117944	67141696
17017040	2147549185
32817872	36865
70752116	1140883456
36099668	4295000065
50387744	4295000320
59035304	8392736
54408584	2147483682
75737180	1610613248
20324432	114688
53917076	1074790404
38498888	16814080
68288420	1610613248
15623516	2147487746
52321052	8392736
18924104	83886081
14449988	1610612992
7545224	4362076161
30156860	36865
53022512	1073778688
27888536	1073746176
42634100	134217762
29122976	2147520512
59275064	1610613248
30692756	671088768
1926740	1610613248
42128012	671088768
20101520	1085440
18878096	4295004160
30823004	2147524608
72570728	37376
30986948	2147520512
8563880	37376
23584196	134283265
54494444	1081348
73382996	1073766400
33124052	2147489792
52179788	3221229568
78753944	33284
16037912	1610612992
51398300	2147520512
43381568	17301568
47260496	37376
40214468	3221229568
65456984	1610613248
38205020	134217860
59360600	83886081
39694124	16781313
66620144	1085440
56685980	1610613248
57895148	1610613248
19114616	1610613248
21907820	1081348
64510904	4311744513
71464592	4295000128
26352776	67108929
4099484	2147553280
33901652	5435817984
72311528	3221356544
8183180	1081348
19114940	2147520512
25091768	1610613248
30736172	1073778688
13394072	2147618816
32969180	201326593
81130484	1074823168
28157456	671088768
67903508	36928
36621308	36865
39648116	2147487745
81741872	4295004160
31203704	1610613248
23584520	1085440
3225332	2147487745
24596372	17301568
286652	327696
806996	36896
74125280	671088768
17587604	1610613248
51133268	2147553280
47400464	4362108928
45679052	37376
27014384	150995072
67779416	561152
39306944	2147520512
25363280	2147618816
14273084	4395630592
54741332	67108929
29650772	17301568
21822284	4311744513
48747980	1085440
36393536	1610613248
41908340	671088768
74763560	36865
64481420	2147520512
35094944	2147520512
1021808	67141633
48778760	4362108928
54176600	671088644
62444	2147549186
43064696	1610612992
24253256	4311744513
39747260	1081345
63496784	4295000320
41722688	36865
61641560	65793
60280112	1107329024
57734768	1073774593
78374216	5435817984
81044948	1610613248
42632156	24580
54428672	4311744513
46276832	1610612992
19129844	1610613248
63421616	1085440
42015260	83918848
81120116	1073774593
1291376	2147520512
34325768	4295004160
66602000	1610613248
48283688	671088768
27855812	1074008064
123032	67141633
217316	536872964
43200776	83886081
58859696	1610613248
39401876	518
1498412	17334272
47203148	4162
53010524	1572868
15847724	1610613248
32767004	2147487746
58871684	1056772
53768684	4311744513
25711256	537919492
5822840	16809985
41068532	1610612740
56278388	4362108928
50466476	671088768
62332976	2134016
1938728	1610613248
3395432	2147520512
15433328	83886081
12371852	671088768
79193612	36865
62221844	36865
19171964	1610613248
2011304	2164264960
69141512	4311744513
21147716	16809985
1727804	671092736
14292200	1073778688
79938812	3221229568
60480668	1610613248
56358416	1073745921
69486248	67141633
75337688	536870918
1655876	1115136
66938312	67141633
25361660	1610612992
36531884	1610612992
5227652	1081348
11770508	134217800
44708024	1082163200
36610616	67133440
51464396	1073774848
12185228	2147520512
47130896	1610612992
68585852	1610613248
44719364	1073762304
56155592	36880
72914168	1610613248
35910776	33591296
80320160	16809986
19690688	1610613248
41614148	1610613248
39077552	114688
1777376	4311744513
18325676	150994945
40497320	1073876992
41014424	4362108928
58448540	134221856
14918492	1610613248
80969780	671092736
42664232	2164293632
43463540	2147520512
68684348	2818572288
47075816	1610612992
73598132	1074823168
52846904	671088768
31505996	66592
2350532	201326593
47195048	524354
76506032	65793
8851916	268444160
43636880	1610613248
43401980	4395630592
349184	671088768
41655296	36866
63624116	4362108928
60955328	1610613248
31844252	1090519041
77893400	5435817984
40266308	327681
37534664	2147520512
70330268	16912384
31401020	800
2894528	1610613248
74829332	16912384
57318752	2147520512
21527120	4295000065
27891452	17301568
33577004	4362108928
20986688	671088768
36152804	1610613248
39027980	4294971393
8173136	1610613248
52396544	134217857
54038900	1073774848
28699508	2147520512
40931804	671088768
38887688	1610612992
40607480	1610613248
32007548	1073745921
53080832	1056772
39767348	4362108928
76889324	1610613248
34167980	1610612992
10416836	2147487746
38470376	70
66050876	67141696
43930424	671088768
31391624	800
22802384	1610613248
70234688	83918848
19916840	150994945
45564356	5368741888
67869488	8392705
73929260	1610613248
3762200	1073774593
52098140	2148532226
40144484	16801792
25826924	2147520512
70345172	2147487746
69501476	2148012032
1302068	557120
76958336	4362076161
73484408	524864
27698024	1610612992
6935780	2148007952
30242072	67108929
73409564	671088768
76535192	1073742081
61693724	331776
29113904	2147487760
78895532	2147520512
65658188	1085440
46444340	38912
2746136	1081345
6992480	36865
53138504	83886082
47551772	1140883456
32496788	167936
37681436	2147553280
79356260	2147487746
63091136	561152
41500748	1610613248
2706932	83886081
33312296	1610613248
74544860	1610613248
46533440	1610613248
35021072	150994945
12610640	17301505
51333176	299008
57424052	4295000065
6068	1030
20425520	57344
13813004	135184
17373764	1081348
5222468	1146880
49405376	135266308
28332740	32834
56373968	1610612992
42435488	36880
46303724	1610613248
51068468	2147520512
323912	135299072
37068428	4099
56881676	83918848
40513196	37376
1098920	1610612992
49249856	1081348
65154692	1610613248
51631256	1085440
80870636	1610613248
44717096	83886081
35132204	3221487616
53181920	671088768
39982160	1610613248
54571556	1610613248
33906512	37376
71224508	1090519041
28862480	1073876992
36631352	4130
42559580	150994945
10406144	1610612992
2156456	4328652800
52631768	135299072
25396976	4362108928
38079956	671088644
77859380	36865
5049128	1073778688
221204	4362076162
28262108	1074823168
76446416	1081345
54156512	1610613248
22473200	16781313
33487256	135266308
14754224	150994945
65465084	1073745922
64443836	4311744513
10525376	16814080
32125484	1085440
69078980	1610613248
24801788	38
38004788	4102
21438020	5368741888
157376	1085440
21134108	2147520512
4523924	1610613248
8372720	1610613248
50034260	4311744513
13213604	4362108928
28220312	37120
49597508	6146
81691652	1073872900
18651944	2148008000
2231948	4362108928
15698684	1610613248
5310596	201326593
7594472	671088768
12474560	536903684
11187956	1610613248
73375544	67112961
716924	2147520512
54729992	67108874
5709764	201326593
17754140	2147483666
55945316	4295004160
48687068	36880
16192460	1610613248
64394912	4362108928
30359036	16809985
53456348	5368709121
67127852	36865
51288464	1081345
69454496	4295000320
1131644	1115136
74760968	17334272
7239044	1074823168
1203572	671088644
12445400	75497473
31852352	4362108928
69085784	4311744513
24036500	1074823168
46418096	36865
15754412	134221825
21834596	65553
55149572	67112961
21403028	6442455040
31884428	1610612992
16916600	518
45449012	16814080
44162732	2147520512
25340600	671088641
208892	33536
44172452	2147520512
41410352	1146880
79147928	2147520512
60489740	4328554496
38830016	36928
37305272	4130
38182664	4102
49733588	102400
56359388	1074823168
61290020	1085440
37963640	671092736
58739168	1610613248
34890500	1073746176
37824320	37376
27042896	671088644
79729184	1610613248
27431372	1081345
23936708	150995072
37675604	16777226
33766544	1081345
1990244	2147487746
59936996	24577
9794432	69648
80868368	4295004160
29571068	671088768
79885028	269615104
50107160	1610613248
6977576	1073778688
64663832	67633216
10541576	32834
8105420	16781314
59049884	266241
25654556	1610612992
12193652	524354
59217068	1610612992
268508	557120
11724500	4311744513
63613748	4362108928
40680056	1610613248
2476244	1073778688
22000808	150994945
2945072	4362108928
77603744	1610613248
67516004	2164260880
29819252	36866
47404676	1146880
41901860	36865
61393052	1073778688
23409884	16912384
29642348	1610612992
80175980	1073778688
74958608	5368741888
2323316	36866
71327540	36865
47073224	1610612992
28259192	671088896
1819820	1081345
71271488	1085440
11765972	4162
10056224	1610613248
4042784	1610612992
41530880	57344
70708376	671088644
74200448	2147520512
50523824	1073778688
50485592	577
66049904	4295000065
43795316	1048610
69168080	1073745921
66339560	1610613248
5962484	83886081
19445420	4362108928
22927772	3221229568
50463236	577
4739384	134217734
65495864	1610613248
18569000	4311744513
299288	67108929
48537380	2147520512
78280904	1610613248
13966580	134217793
7681628	1610613248
4718648	135266308
72923240	671088768
26852384	37376
51144932	36866
4593260	671088768
66354464	1107296257
64710164	1073778688
1667216	4362076161
60322232	1085440
79268132	3221291008
60091868	4362076161
67019312	851968
39867464	1073778688
12447020	4130
36761600	4362108928
14386484	16781313
4273472	1610613248
38839088	4099
73699868	5402263552
57718244	2147520512
11452664	1610612992
8912180	1082134528
18655184	327696
8903432	4311744513
9244604	135184
46199396	1610613248
24673160	671088768
41954348	1610613248
44993792	1610613248
35663888	1074823168
20572292	83886081
39439784	4295000065
23928608	1610613248
67504988	2147520512
37800344	1073778688
52287356	4295004160
73925048	2147520512
8716484	67145728
43848128	36865
50759372	36865
42302324	67141633
66266660	36865
74059184	1073774593
40152584	32834
5516012	36866
25997996	524353
10511768	4329570304
48000512	1610613248
36673796	1610613248
27030908	150995072
51215888	1610613248
4890044	4362080256
48406484	135299072
19035236	150994945
52074488	1074823168
45565004	32802
21548504	36865
18968816	150994945
286328	4311744513
49623428	135266308
27733340	201326593
5993588	4295000320
74176796	2625536
19352	1085440
23615300	2359552
29226332	671088644
78758480	4362108928
65304380	1610613248
43165784	36865
51303692	1610613248
46969544	1074823168
26740280	1610613248
51191588	35
3398348	1610612992
47779868	2147520512
7949900	4362108928
5853620	4311744513
30059336	5435817984
5129480	32834
77988008	1081345
2246204	2147487746
49928960	134250497
718544	671088896
46871696	1610613248
16038884	1610612992
59554028	1140883456
46249940	83886081
68467916	1610613248
2849492	1081348
63313400	2148040704
75640628	67108898
13900160	34078784
8408036	2147520512
1183160	4130
9861176	2637824
45191108	4311744513
79856192	2148073472
29805968	1610613248
41991608	1073778688
5668616	16809985
46669844	671092736
32509424	1085440
35484716	2147520512
43570460	57344
75323756	1610613248
1361036	1085440
53584004	2134016
1896284	1610612992
70921568	1610612992
36583400	1610613248
47253368	1610612992
11039240	1610613248
37572248	2147520512
37788032	4362108928
14212496	2180
55317728	20736
23278664	4362108928
78931172	1073745921
78884840	67141633
20800712	2148012032
573716	1610612992
42288392	1610612992
72137864	4362108928
35904296	671088644
67053332	67141633
57391004	4295000068
68181824	1610613248
19781408	66564
27110936	1140883456
68679488	67141633
31394216	800
73009424	1610613248
80293592	36865
626852	268568576
1124192	538972160
68090456	1610613248
71721524	4362108928
30737468	201326593
77018600	1610613248
35697260	1074823168
25935140	68608
43213088	671088768
76870208	16912384
57972908	4295000320
61305572	3221229568
55089956	2147520512
71774336	16777221
12372176	36896
25348700	1073872900
67037780	1610613248
25196744	1610612992
29613188	2147520512
14693312	150994945
47446796	1074823168
7086440	1085440
6461120	67145728
62719832	1081345
35030468	327681
65361404	36865
41971844	1610613248
52298048	16809985
40932776	37376
58092788	1081348
29017028	671092736
39322496	1073778688
53195852	36880
24154760	327696
47380376	1610613248
46379864	1610613248
77197772	5368709121
43427576	36865
42580964	671088641
28382960	36865
31601576	1081348
55400024	6442455040
62135984	32802
9286076	1610613248
27627068	671088644
4680416	1610613248
6840524	671088768
80784776	37376
10931348	4311744513
78650588	1610613248
55293752	2147520512
51543776	32771
46460540	2147487746
60449888	2147520512
45086456	671092736
77123252	1074823168
78273776	24580
25905656	1081348
32361680	2101504
81302852	1610613248
80041844	4311744513
17534144	1610613248
9729956	83886081
139880	4295000065
32499380	1081345
65240552	1074823168
43661180	4295000065
62574680	2147520512
9035948	1082134528
2334656	1610612992
1152380	1610613248
53672132	1610612992
77353616	16912384
6366512	2147520512
66156824	1074270208
11868356	4295004160
1449812	671092736
43460624	671088896
46622864	671088768
31395512	2147487746
3113552	1610613248
43871780	1081348
52370624	2147484674
26067332	1610612992
409124	4295294976
80801948	4328554496
56786420	1610612992
68106656	671088768
59303252	1085440
39824048	4295000065
26195312	1073778688
3749240	1610613248
27103484	1073745921
66008756	671088768
26100704	36865
24387392	134218112
11535284	1074823168
81226712	2147553280
43173560	561152
71249456	4311744513
6549572	34820
35366780	17301505
69651488	134217733
80163020	4362338304
6726152	3221258240
69726332	1073745922
46901504	67141633
15055220	1610613248
30624392	8421377
2421164	1610613248
65499104	524293
69142160	53248
60349124	1610613248
63835040	135184
68781224	1610613248
54254360	2097440
25900472	671088768
755156	1610612992
51730076	36865
17417828	4294971393
27396704	134217733
74682884	2147520512
81479108	671088768
42583880	36880
72350084	671092736
25568696	1610612992
145712	1610612992
68701844	2147520512
29100944	2181070848
65481608	36866
7515092	83886081
59620772	83886081
14706596	36865
74479088	671088768
2133776	4311744513
43266224	16777281
73759484	1610613248
9475940	1610613248
29584352	201326593
41325140	2147520512
35706656	2147553280
25130648	1140883456
7882832	2148012032
2249444	36865
73384292	36865
38733464	4295000065
56774756	1073741860
33758444	36865
33399452	561152
81529004	37376
17735024	1081348
60618368	1085440
517988	2181042176
80020460	1610613248
75964952	37376
7261400	344064
65477072	36865
39895328	2147487746
47913356	671088768
977096	524322
1606304	4295000065
53697728	1610613248
34975712	1610613248
16076792	561152
38847836	67141634
52956740	5368741888
73819100	3221229568
40312316	36865
66282536	2147549186
6343184	1610613248
47454896	67133440
49057400	1610612992
67712348	67141696
70514300	537919492
75482840	16781313
52635332	2164391936
14363156	1073745921
67493972	1081345
59041784	2147581952
26173928	134217793
46753112	1610612992
70559336	1073778688
29267804	67125249
62506640	2147487745
77055536	2147520512
52891940	2156003328
53567480	1610612992
41247056	671092736
39562904	1610613248
63317288	1610613248
39976652	671088644
80162372	1073766400
327800	37376
8152724	1081348
677396	1081348
54341192	32833
22307636	1610613248
4682360	1610613248
36522812	1107329024
59407904	37376
22838996	1073778688
69390668	4099
13243736	16777282
42082004	28672
23571560	3221225488
26464556	1085440
65595008	262178
1698644	1610612992
81467444	37376
58954952	70
33582512	4303355905
19281800	1610612992
13155608	16809985
48628748	38912
78876740	1073750528
55040060	2147647488
12005408	4102
72278156	3758096384
73493480	1073778688
29578196	1090519041
367652	17334272
41998412	671088768
25536944	671092736
55878572	1610613248
57380636	1073762304
51171176	1085440
27816284	16779520
47049248	671088644
61155884	671088768
48938492	1074823168
11734220	32833
11795456	17858560
73551476	2147520512
50003480	1610612992
38673200	2147487746
53010848	1081348
63247628	8425472
62754500	1085440
13675628	16779520
919100	4295000065
14826476	150994945
59387492	537919492
50877956	1610613248
29056556	8425472
54603956	671088768
36564284	4362076161
39617660	1610613248
73330832	671088768
28844984	327696
10248680	528386
40538468	36865
29472896	36866
22455380	2147520512
63390512	671088768
72017660	67141633
41024468	671088768
75010124	36865
53753780	67141633
18631532	8421377
9147404	2147520512
76905200	4362108928
44523992	1610613248
80834996	83918848
27412256	1073745921
60357224	100663297
76838780	671088768
80942240	671088768
29323856	1610613248
78352508	1610613248
51906656	1074823168
80540480	4311744513
26471684	1610613248
80059988	1081348
16472396	536903936
56198684	537919492
56615996	1090519041
20757944	83886081
52726700	1610613248
2965808	268568576
22038392	4362108928
87392	4295524352
47184680	36865
74494316	53248
29964080	5435817984
75465344	67108929
22490372	16912384
43014800	553648132
10017020	4102
47648648	67108929
44207120	36865
3983492	1073746432
23326940	1074823168
28988192	83886081
46547372	4311744513
13714184	1074823168
33679388	67141696
65163440	2147553280
81129188	16781313
12175832	671088768
7145084	4362076161
47805464	4362108928
32755016	36866
43319684	135266308
63693452	67108929
24561380	6442455040
48386720	83886081
56446220	2181070848
72061400	1610613248
5057876	134254592
23630852	2147520512
12981944	1610613248
68362616	1085440
22956932	327696
75998648	671088644
36800804	1085440
29650448	2147520512
42680	135299072
23317220	1610612992
55944020	524384
2504	33558784
80287760	1610613248
51936140	1610613248
10409384	67141633
52724	1610613248
49271888	32802
43387076	36865
74498204	1074823168
62040404	2147520512
79293728	2147487745
32658464	67371009
67913552	2147520512
57846224	1610613248
15571676	83886081
6972392	1081345
22121660	4362076161
75118664	4429185280
4300364	1610612992
14944088	2147520512
21023948	1610613248
22347164	17301505
37504856	4106
36333920	557120
53612840	671088644
4566044	2147483682
5729528	67141634
9196652	1610612992
81680960	4362080256
49201256	67108929
8783228	33028
26871824	671088644
33711464	4130
23745548	1073758212
8574248	524354
18168536	32833
17036156	4311744513
31823840	671088768
6521384	67141633
42349952	1610612992
46737884	1610613248
5980952	37376
70621544	8425472
81529976	1073778688
48765152	67141888
51411584	1073778688
1782236	4395630592
71229044	1074823168
1555436	98
39643256	1074823168
25203872	1610612992
77430728	1610613248
36366644	4295000065
69231584	2134016
74825768	28672
63318584	2147487745
60008924	1610613248
81154460	150995072
56584892	1610613248
58541852	83902464
26323292	1610613248
5282408	4311744513
78126680	33652736
18538544	1081345
81529328	37376
72662420	1610613248
10436600	4609
13072340	67112961
38409788	16809985
81493364	1081345
8935832	2147520512
49997324	1610613248
65373716	2147520512
34237964	36865
57687464	536907776
81231572	1610613248
42238496	1610613248
23990492	67141633
2831348	1610612992
24910652	2147520512
30044	150995072
50585708	4311744513
35951924	671088644
20968544	16781313
31156076	114688
17705216	671088768
58910564	16814080
37589420	3221225728
48942704	16814080
15917708	83886081
26841044	67141633
21157436	1081348
47229716	16809985
45649568	1081345
21145772	83918848
1509752	67141633
80917616	1610613248
2728964	65601
22293380	2147549185
58263536	1073766400
26445116	577
5919716	1610613248
34319288	16809986
77455028	1085440
29848736	321
17441156	67
4784744	16777984
80139692	1610613248
45038504	671088768
70082084	2147520512
20474120	1610612992
94196	67141633
30890072	1610612992
16763348	3221229568
5798540	2147520512
62549084	36866
70444640	4362108928
21546560	4311744513
48868184	36880
43105520	4362076161
39298844	2147520512
24923936	3221229568
61122512	1610613248
77472524	1610613248
49348028	36865
43446044	671088768
58497788	1610613248
64534232	75497473
71928560	1074823168
39198728	1074823168
75008180	12304
80704748	671092736
1358444	1610613248
59387816	1610613248
990380	135299072
37601408	4102
6025340	4311744513
44955884	5368741888
77644244	1610612992
7288940	1610613248
78183704	36865
966728	2147520512
79729508	1140883456
38409464	4295000320
4206728	135184
8734304	1081348
49890728	671088768
52702400	69634
54118604	1610612992
35013620	536871169
74999108	2625536
77635820	671088768
31980332	4362108928
30395324	2147487776
67477772	1610613248
41756708	2164264960
70180904	36865
49373624	36865
72925184	4362108928
12132740	36866
58077236	37120
21771740	32833
45671600	1610613248
23568320	1610613248
47555012	2147520512
71762348	32840
1351640	4362076161
33922064	65808
43901912	671088768
74027432	4311744513
78495392	196610
65778068	536907776
31165472	331776
41503664	4295000576
5439872	1073745924
72549020	37120
49453652	100679680
76635632	2147520512
29019620	1081348
76733480	201326593
1143632	1610613248
4009736	1610613248
81261380	36865
34974740	83886081
67481336	167936
38517680	299008
77792636	16777282
32753072	8425472
57221228	671350784
41683808	135299072
56732960	536903684
60804992	4362108928
2224820	2147487745
24586652	8425472
32214908	1610613248
287948	83886081
74844560	1610613248
58438496	1074270208
7728284	36865
40807388	36865
65858096	37120
31189772	67125249
54457184	70
77913812	33652736
52723136	4311744513
81311600	16809985
55590212	1610612992
25259600	1074823168
75235952	2147553280
70402520	1107329024
14223836	1073774593
141176	134250498
29741168	4311744513
48780704	1610612992
13054520	1610613248
70854176	561152
13264796	1610613248
50543912	327696
9913016	4295000320
77937140	4362076161
64294472	1140883456
66074528	1081345
20244728	1610613248
79558112	33652736
41848400	4311744513
17453792	1610612992
30720944	4311744513
15588848	1610612992
40014560	1610613248
77438180	1073766400
21672920	17334272
18931232	577
21363176	150994945
29482940	1610613248
35337296	536887552
41198132	16777282
33299660	578
31855916	1073905664
45326540	2214658048
28304876	200
48752516	4395630592
35659352	4311744513
75590408	1085440
69645656	16777281
80301368	150994945
19023572	1610613248
35550164	1610613248
49250180	36866
91280	134250497
18593624	4295000576
39770264	28672
1599176	5368741888
13778012	134221825
70999328	671088768
57660248	5368709121
905168	1610613248
8158880	1610612992
28867664	16812032
34285916	2147487746
7695884	37376
53741144	1610613248
12467108	671088768
43075388	4362076161
131780	67141633
40739672	17334272
63755336	32833
12497888	1073774593
53756048	83886081
69662504	1610612992
63225272	4362108928
66028844	671088641
8816924	1085440
68713184	1610613248
16957748	17301568
51739148	4295524352
33915584	1085440
29479700	50855936
51116096	2147520512
47288036	671088768
70885280	1610612992
1115768	545292288
62374124	1081348
52729292	67158016
71895512	2147487746
78104000	33652736
28364816	28672
81618428	671088768
12355328	671088641
24050756	1085440
4891988	8437760
989084	36866
61927328	1610612992
50918780	24580
33102020	4295004160
4629224	1073778688
56859644	4311744513
32272580	1073774593
61293908	1610612992
24610304	1073745921
39080468	1081348
61268636	53248
65375984	2147520512
74498528	2147487760
40344068	36865
11565416	537920000
18348680	150994945
49192508	2147487760
61100480	671088644
40664828	1074823168
18225236	327696
66709892	4362108928
13207124	4295000065
46784216	1610613248
31427912	1610613248
16283180	150994945
68447180	67141634
43296032	524548
28323668	1610613248
36168032	4303360000
668648	2147520512
22482920	1610612992
26576012	1610613248
78066092	2147553280
63064568	1610613248
79049756	36865
19451900	1610613248
33656060	1082163200
50695868	32833
38236448	536875264
64958348	32833
2531000	37376
71362856	1610613248
27974072	1610613248
36019964	36880
35592608	4362108928
45609716	1085440
54967808	1085440
63344504	67108929
69521564	37376
13538252	1610613248
2088092	4311744513
19233200	1610612992
81161588	1073778688
23203496	4362076161
25283900	4311744513
56578088	5368713216
47331452	1081345
51204548	40961
4342484	1115136
52320404	36865
68915360	1073873408
114608	67141633
47428976	1610612992
12636560	8425472
35440652	1610613248
66771776	37120
13059056	1610613248
46439480	2147549185
80152328	36866
70832792	1074806784
25702832	150994945
50466152	671088768
21769796	1610613248
72709400	134217733
79573988	1610613248
31213748	1610613248
18037316	67141633
53858432	1085440
10734356	16777281
71896808	2147520512
67440836	2147520512
23151656	17334272
38309024	2147483682
9675524	101711872
36205616	327696
31990700	83886081
25229792	134221825
8488064	1610613248
56636408	671088768
55137260	524608
57575684	327684
56336384	1610613248
66830096	1073774593
30546956	671088644
80003612	1610613248
37127072	1058
64063136	1081345
12852992	671088768
21038528	1610613248
19224776	4362108928
81285356	1610612992
15150800	671088768
32094704	1610613248
51056480	17301568
29635868	36866
24778784	1074823168
55189424	1610613248
7836824	2147520512
60651092	1081348
44810408	4294987776
59577680	4102
37224596	4295000065
1352936	1085440
16851800	1081856
69513788	1085440
32418056	67633153
31802780	1073774593
2827460	36866
7604516	67112961
15459572	83886081
39841220	1610613248
14609072	1073778688
64784036	671088768
36330680	1610613248
4861208	2147487746
43949216	16814080
30951308	671088768
43952456	67141633
48407132	36865
33639212	4362108928
22666304	4311744513
61741352	1610613248
57926576	1085440
56503568	134254592
24122036	1085440
41475800	1610613248
8953976	65570
38073476	1610612992
28467200	2147520512
22255796	4295004160
58228868	1610613248
33797648	1610613248
32461472	522
12315152	1610613248
81570152	5435817984
70808816	561152
554600	671088768
114284	67141633
41878208	671088768
12400688	671088768
76646648	2147520512
58565504	1074823168
55214372	4362108928
30504836	1081345
956036	2148012032
30211616	1085440
3065276	2147520512
7190444	32833
37480880	4162
12447992	671088768
73295840	33793
63855452	67141633
50335904	8392706
23736152	1610613248
64482716	261
38655056	36865
72793640	4295000065
56992484	1610613248
80986952	134217733
62844572	2147495936
36798860	4362076161
49704752	2147487746
46374032	4328554496
31393892	800
26093900	3221487616
23286116	150995072
49160756	1610612992
78621428	1085440
81665084	1610612992
79430780	163856
10803692	1073778688
6707036	67141633
3953036	4429185025
7827104	4099
2560484	2147553280
21395252	1610612992
1350992	1085440
41974112	67141633
21886112	150994945
8160500	17301568
67922948	671088768
78689144	1610613248
40909448	1610613248
59529080	1140883456
53726240	1610613248
63665588	1610613248
38233532	671092736
70428116	137216
48823796	1081348
3462176	1610612992
10343612	4311744513
55964	1073742400
14912336	3221229568
75750788	16809985
69211172	2147618816
79375052	1082134528
37013672	671088768
10957592	1610613248
73231688	150994945
60527972	5368713216
48498824	1610613248
2310356	134221825
3762524	327696
7762628	1610613248
7024232	2129921
40002896	671092736
6708332	67141633
54415064	1090519041
77482244	2147520512
44622812	36865
10663724	37376
40917548	4311744513
27404480	150994945
2159048	4311744513
17039720	8425472
37727768	671088768
27016004	150995072
28735796	1074270208
22198772	24640
6637052	8425472
58570040	2147520512
2364464	1048582
39952028	4362076161
72927128	5368741888
55384472	1610613248
79710716	2147520512
15162140	4311744513
43873400	671088768
14749364	201326593
41052656	4311744513
23246912	134217888
11484092	4311744513
1278092	36865
64679060	17858560
32545712	1073745921
29126216	1610613248
12296360	5435817984
40742588	1610612992
55329716	2147520512
57991700	2134016
3407420	83886081
65361728	83886081
998156	4429185280
79407776	1073778688
1818848	2148012032
49686284	83918848
2303228	8210
26987168	150995072
32815604	4311744513
39981188	83886081
38518004	1140854784
57359252	167936
76598048	2147520512
57805724	1085440
43221836	1081348
49430324	1085440
37894304	1610613248
15784868	2147549186
32636432	134283265
4430612	4294971456
39951704	4362108928
52014224	4395630592
23020760	4429185028
60614480	1073745921
35225192	671092736
79620968	1610613248
39687320	1081345
37643852	36880
19287632	1610612992
7461632	671092736
598664	1610612992
52300964	1610613248
47961956	671092736
4330820	1081600
49367792	1610612992
67262312	67141633
48706508	671088768
70033808	1074823168
133724	67141633
63289100	2164260880
56877140	67141633
80916320	1610612992
13653272	671088768
5977064	4395630592
33232268	327696
20055188	16908290
12390320	671088768
30666836	1610612992
12387728	1610612992
66913364	1610613248
53157944	528448
12205316	36865
80071652	83886081
55466444	331776
31688408	1610612992
4434824	4294971393
41591792	671088768
2276984	1073774593
76433780	1073745921
40628864	3221356544
30547604	100663360
65409356	1610613248
18447824	1081345
41727224	1085440
3247040	1610612992
79032908	16912384
46780004	2147520512
2142848	1610613248
52797656	2147520512
71513192	150994945
67355948	1610613248
53830892	671092736
5438252	1085440
13855124	2147520512
78273128	1610613248
39206828	1073778688
14763296	1081856
66716696	1081345
13170188	40961
46348760	4362076161
39951380	135299072
117524	4311777280
4521980	150994945
53587568	167936
43484600	671088768
43369256	671088768
23029508	1610613248
77602124	4362108928
30734876	1074266176
48555524	671088768
42835628	2148012032
41161520	4362108928
29883728	1610613248
13812032	67141633
875036	4362076161
13363616	1610613248
43035536	671088641
81371540	36866
44287148	671092736
50376728	134218753
22517912	671088644
14837816	1744830464
1922204	36896
80719004	1610613248
80191856	1074823168
32491928	36865
13576160	1081345
24044924	36865
3149840	4311744513
32730716	67141633
81074432	1081345
25747220	1074069504
40736	1115136
51441068	1610613248
25144904	1610613248
16111460	1081348
74005724	5368741888
47673920	2147520512
42895244	1610613248
27727508	4362108928
49359044	2147520512
30981440	671088768
10435304	1107300352
49648052	1081348
109748	67141633
23752352	1085440
1059392	528386
33622364	4294971393
38171000	1073778688
46742420	1074823168
51345488	100696064
2234864	2147520512
38774288	2147520512
259436	67141633
69952808	327696
57300932	671088768
27904736	557120
5195900	1085440
10240256	4162
6737492	1610613248
46857440	2147520512
66702440	671088768
71233580	524293
9424424	1610613248
39415484	196610
57908756	4130
27913160	36866
1844768	671088768
16477904	135266308
79009904	69648
2898740	1073766400
48573668	5368709121
708500	2147520512
38128556	8392736
33174920	1610613248
13280996	4311744513
8357168	2164264960
60341024	32802
55937864	1048836
43614200	24580
7567580	3221229568
3117440	83886081
11916308	4362108928
3567800	37376
34792004	4311744513
9779528	16777281
31218608	67112961
32852864	1081348
55714304	1610612992
14740616	1610613248
36977708	36865
41121020	1048836
19193348	2147553280
37304948	1082134528
11611100	2129921
1849304	1610613248
58473164	32773
35621120	2147520512
15561956	134479873
19149608	1610613248
10661456	4362108928
6678848	2134016
35163632	4311744513
29610272	2147487745
5110364	57344
63896924	1610613248
31633328	36865
78740012	1073762304
80682392	67141633
53478380	671088644
70322816	4311744513
33495680	1081348
2895500	1085440
49699244	36865
32659436	67371009
8203592	1610612992
69546836	1610613248
17261660	134217733
57790496	1610613248
56219744	4362076224
7229972	1085440
3681524	2147618816
2856944	518
15090860	1073745921
51204224	4311744513
15643604	150994945
58085012	1081345
2162612	4362076161
4071944	1610613248
79024160	5435817984
5863340	1073778688
38580860	4294967361
1011116	3221229568
43135328	671088768
57343700	671088768
61700204	1085440
49689848	1610613248
51309524	1610613248
44040908	1085440
26693948	276828160
60842900	37376
50808620	36865
7462604	4311744513
72139160	1610613248
759368	2134016
64576352	1610613248
63496460	4295000320
28992728	2147520512
247772	4102
11240768	67108929
8074316	1610613248
36086384	1610612992
77099924	1610613248
8271956	67141633
54726752	671088768
1934192	38
81528032	524354
2273096	1610613248
11690156	102400
30996992	4130
68580020	1610613248
818660	2147487746
1493552	1610613248
45414992	671088768
72952400	1073152
51778028	1610613248
3725264	671088768
69705596	4311744513
10142732	1610612992
71298704	1174405120
41905748	16810240
65719100	3221229568
26161940	327681
14076092	1610612992
78012632	150995072
128216	67141633
46900856	2148012032
72750872	2147616768
25167908	671088896
22992248	671088644
4802888	1610613248
5948876	5368741888
27021188	2147487760
56573876	150994945
24066956	134217733
68479904	69648
39054548	1081348
70083056	36866
158348	17301568
55222148	36880
2030420	4378853376
63740	1610613248
68930264	671088641
46800416	2147520512
21934712	4311744513
43486868	671092736
56864504	671088768
49511324	2147524608
73115372	37376
71749064	2147520512
64836524	671088641
37846028	4311744513
33410792	327696
28789256	671088768
26992028	150994945
56145224	1073778688
12657944	536870918
10657892	40961
36387704	2147520512
75658448	57344
53638436	1610613248
2504756	135184
47009072	5435817984
36047828	37376
61317560	1073778688
34523084	36865
61653548	1610613248
25088852	2147520512
41304728	1610613248
50892212	1073745922
81445736	36866
53090228	1073778688
11892008	1610612992
36929432	32834
65486144	1610612992
55648208	16809985
32227220	4311744513
36044264	671088768
48897668	4102
5334248	1343225856
44956208	553648129
51868748	1140883456
56083340	134217733
2392652	276828160
22187432	671092736
44118020	4311744513
12174212	671088644
38569844	4130
21058616	536870918
41584016	16777282
46449200	2134016
49192184	36865
51206492	4328554496
58886912	1610612992
30512288	83886081
43291172	4311744513
65613800	4294967301
68532392	16809986
69995900	671088768
60909644	561152
76342412	1085440
73742960	2155876352
5725964	1073750528
55454780	5368713216
57463904	1610613248
40915604	1610612992
5130776	671088644
3719432	2147520512
68322116	1073742084
19829360	150994945
79054616	671088768
48307016	83918848
56471168	671092736
74201744	269484036
59462012	67108929
63190604	1610613248
24710096	1610613248
12789164	1610613248
61207076	2147516418
53718140	1610612992
52060232	5435817984
18803252	4362076161
15982184	67125249
48634904	4311744513
2762984	1610613248
67369232	4130
40730924	2147487745
51384044	536871680
57151568	201326593
1127108	1610612992
46343900	16801792
48831896	671088768
21888056	4311744513
25591052	3238002688
8380496	1610613248
77648132	1081348
39173780	1174405120
46440452	1610612992
47259524	1073766400
854624	1085440
57161612	331776
71399792	37376
348536	4102
60142088	1610613248
20338364	1610612992
16426064	135266308
101000	4429185028
3610244	1610613248
41742128	4311744513
67310588	1610612992
70744340	67108867
9397208	4362108928
6023720	2147487745
1219448	1610612992
68988260	1082163200
46847072	67141696
41782628	4311744576
34832504	671088644
27117416	2147520512
58763144	1081345
44071040	3221229568
36467408	2147520512
52750352	4362108928
71925644	1610613248
182648	17039361
75364256	1610613248
27656228	671092736
46539920	1610613248
64409168	4362108928
24321620	1610613248
71002568	1140883456
75145556	16814080
25793552	671088768
37285832	327681
22358180	671088644
67650140	2147520512
57253628	671088644
74444744	1610613248
69752252	20512
30887156	70
16882256	1610613248
58175732	671088768
56941940	1610613248
8452100	1610613248
14541356	2180
47517104	1610613248
50818340	35
54883892	2147553280
62142788	36866
41706488	1610613248
32688920	1074270208
65946872	1610613248
48556496	5435817984
45433136	150994948
53588864	33558529
39018260	4311744513
20281340	150994945
53026076	1073778688
61387544	671088768
72343604	672137216
34499108	1610613248
80297480	1610613248
10381520	83918848
72755732	1744830464
37628300	4296048640
71958044	1140850689
53855840	37120
38376092	1610612992
21680048	16781313
1307576	1074823168
17867216	36865
37618256	2147520512
21719900	1073746176
70833116	327681
47730944	671088768
12228320	4295004160
48534464	134254592
42358376	671088768
14817728	536871170
20614088	150994945
5644316	4362108928
68256020	2147487745
77097332	2147520512
32282624	299008
46868780	1610612992
13487384	671088644
14013560	67633216
2672912	2147520512
53916104	2101504
35543360	1610613248
6748184	1610613248
42053816	671088768
46638092	2147520512
72649784	1610613248
47512244	69648
43125284	4362076161
13564820	201326593
48293084	1610613248
2364788	4328652800
51385664	3221229568
80239160	4296048640
20487404	1610613248
36958592	1073746432
53601824	4303388672
16568624	1610616832
31343348	67141633
1604036	16809985
16743260	1081348
4961000	1610612992
34316696	1610613248
73126712	2147487746
32228516	36865
41570084	4295000065
34388300	36865
7735412	4296048640
48742796	2147520512
57569852	1074823168
44920568	671088768
79974776	1073778688
78880628	2147487746
78152924	1082134528
67603484	33591296
31733120	1610613248
46267760	36865
80417036	1085440
64121456	557120
74235764	8392705
12298304	70
709796	671088896
71804468	36865
2202788	1610613248
72369524	4130
67645280	1610612992
4686572	1610612992
73774712	4295000320
32269988	17334272
30294884	134479873
1328636	67108929
37418024	671088768
41137868	1610613248
77367548	83886081
27229520	671088644
49914056	1073746176
64043696	1610613248
33343400	196624
35623064	65553
66552752	1610612992
40111112	1610613248
63701228	1610613248
54747812	20512
1749512	3221229568
46361072	36865
39277784	1610613248
33532940	1610613248
40485332	1081348
26490800	150995072
20087264	1610613248
18783812	36865
713036	4362108928
68603996	67141633
71385860	36865
11739404	537919492
5519576	1610613248
1591724	36865
2999180	672137216
14088404	40961
45428600	1610613248
47252396	1610613248
78182732	4311744513
1195796	36866
65795888	37120
7111388	32833
71446772	1073778688
14986856	1610613248
35847272	1610613248
21676808	1074823168
107156	67141633
892208	4362076161
79325156	2147520512
76768796	67112962
73765640	1081345
54577388	671088644
9710840	36865
59656736	17301568
21208304	83886081
49118636	36865
34055228	671088768
47671328	32864
44083676	1085440
77662388	2147487760
8432984	3221229568
70054544	1073746432
11252756	1610612992
53151464	671092736
63392132	36865
4110824	16781314
527060	70
9337592	1610613248
14597408	1073778688
75998972	36865
1345484	1610613248
2316836	4362108928
11576108	98
23070656	2148532226
7769432	32834
46500716	37120
33845924	671089152
1709660	2147618816
22057832	561152
34393808	671088768
42774716	4296048640
21223208	36865
42374576	67108944
39894680	4362108928
62833880	331776
39257696	2147520512
9392996	1610613248
34933916	134250500
60728528	1074266176
58434932	4362076161
43787540	2147483682
141500	83886081
53507864	2147520512
34917068	36880
1696052	671088896
69313232	1085440
8603408	1085440
22689632	67141633
74155736	2147745794
22642004	134217857
71634692	16814080
11448776	65793
75491264	4295000320
42276404	4395630592
61186664	16777250
28181432	3221229568
53758964	5368713216
4014920	1081348
22291436	201326593
65359460	671088768
28814528	671088768
66643472	5435817984
3909620	4295004160
53643620	671088768
50227688	2181070848
58981844	67141633
23111480	33554498
25727780	671088768
71864084	2147520512
63424856	2147520512
31125620	135299072
16849208	1085440
65442728	16809988
51475736	98
39861308	137216
4777292	1610613248
79394168	2147520512
42305240	1610612992
13184120	1048582
68884904	1610613248
22579148	671088768
1332848	3221233664
54467228	671088768
79420412	671088644
6135824	1074823168
23500928	4429185028
13665260	67108929
37478288	2147487746
11836280	1610613248
56969480	1073745921
30672020	1610613248
53702264	553648132
69967064	4328554496
17272352	1610613248
32987000	4362076161
23665196	671088768
71416964	16814080
21859544	561152
80476976	1073778688
17224076	49156
50564648	1073745921
24029696	135266308
65178992	4362108928
5416868	4311744513
15002732	5368741888
65753768	1610613248
45510248	1610612992
57535508	2181070848
22168640	671088644
57146384	1140883456
29264240	1610612992
79414580	1610613248
58530836	83918848
50490776	32833
35848568	83886081
34244120	37120
51637736	2147487746
15242168	134283265
27354908	4295004160
16454252	135266308
66748124	32833
12867896	16809985
65383436	1610613248
26637572	36866
2969696	8425472
33358952	1610613248
56368784	4362108928
59159072	4295000320
24176144	8425472
5349152	167936
19721792	1073745921
53045840	134221825
6914396	32833
45555932	2147520512
72777116	67141633
34427828	671088896
32669156	4362108928
77303072	1610612992
75953936	4295000320
77425544	671088768
46322516	1073778688
10536392	1085440
27130052	1610613248
59545604	671088768
10945928	1085440
80717060	4295000065
7950224	1085440
27019892	1074823168
35929244	1610613248
37100180	2147520512
42851828	4362076161
28194068	28672
7212152	1085440
2822276	36866
65665640	8425472
42321440	134250500
1913132	37376
41814380	1610612992
58985408	4362108928
3482264	5435817984
20124848	38
20608580	671088768
37533044	36865
56690840	1073778688
32072996	163841
43689368	1090523136
21261440	150994945
26321672	1073774656
45663824	1074823168
71886440	24580
37352252	196610
56070704	800
20161136	67108929
31210508	1610613248
75771524	1610612992
80411852	327696
1501004	135266308
5715920	16809985
51109616	36865
2186264	2147483682
54696296	36865
61151348	1610613248
43530932	1610613248
355340	327696
73057052	4311744513
17433056	1073745921
17698088	1610613248
67618712	36865
74815724	1610613248
39270656	1085440
63346448	196610
40486628	4294971393
81251336	16814080
21463940	4362076161
5384468	1081348
3430748	1610613248
52510592	671088768
69531284	1074823168
40563740	134217734
71517728	3221749760
35501240	67112962
26304500	2147520512
39905372	4311744513
42879044	1074823168
46915436	1081348
8232104	1073758209
55189748	2164264960
33012272	134283265
1824680	4295000320
49236248	1610612992
71519996	1610613248
28288352	12304
52380992	36866
33529052	1073745921
68856716	2147520512
33915908	1610612992
43410404	1074823168
10955972	36865
70233392	1081348
19561412	2147487746
46294652	1610613248
30205136	1140850689
6021128	1610613248
77924180	32833
35884532	2147549186
26871500	671088644
11490896	3221229568
65273600	1610613248
41253860	1074823168
56078480	1085440
40448072	2147504128
25672052	1610612992
18002972	671088644
5351096	2147549186
17640740	1610612992
12346904	671088644
853652	1073746432
3070784	67141633
62495948	1085440
13746260	1140854784
62363108	2147553280
42655484	1610613248
19028432	150994945
8631272	36865
49247264	1610613248
25368140	67239952
22979936	1073774593
29144360	1140854784
73970084	36865
24756428	1081348
13236608	4311744513
62134688	83886081
81344324	2147487746
18223292	2147520512
39842192	16809985
25845068	1140883456
40631132	2147516432
79302476	1073778688
4469492	3221229568
50497580	1610613248
42995360	57344
34171220	1073774593
42056732	1073876992
14641148	4296048640
67334888	1610613248
55707824	2147520512
13219436	67141696
30736820	36865
12475208	671088768
68745908	1610613248
60152456	1085440
62206292	3221229568
5936240	1610613248
38088704	67108929
15624812	671088896
44877476	671088768
17728544	36865
65670824	134218753
46973756	4295000320
4183724	4130
53736284	671088768
57872468	28672
2770760	2147520512
6323096	671088644
64007408	671088644
914888	1074823168
40784060	1610613248
30697616	3221356544
59059280	4362108928
25754348	1073745921
41098340	4362108928
28240076	2147487745
12487520	1610613248
65850320	1610613248
62083820	1610613248
27121628	142610432
45601616	4353
3506888	1610613248
66097208	561152
4124756	327681
21054728	1610613248
39335780	671088768
16306508	1081348
75880064	1610613248
30834020	1610613248
38147348	36865
41861684	671088644
12669608	4328554496
5228300	1610612992
41498804	2147520512
61043456	1610613248
76395872	16912384
31456748	1610613248
65244440	1074823168
25069736	36865
38120456	67158016
18283880	1610612992
48824768	671088768
64036568	1610613248
28178516	4311744513
37294256	37376
49422548	196610
40017476	4294971393
41348792	4295000065
77402216	4311744513
61395320	1081348
60945608	4362108928
31814768	37376
41608640	2147520512
21285092	4099
19273700	2147520512
79703588	4294971393
62637536	36880
72592436	1073774593
1715816	17301568
19615196	1610613248
70304348	2148007952
49155896	1073745921
11254376	2148012032
59429936	1081345
29563940	16781313
36645284	4295004160
71983316	36865
19310636	83886081
63681464	4362076161
35495084	4362108928
6643856	16912384
69972896	1140883456
21387800	1081348
60320936	4294967556
16058000	16809985
4104668	1081345
32309840	2147520512
70607936	1074790416
74956664	1073778688
40106576	1073745921
27585272	1610612992
79237352	1073774593
3417788	1064964
15462488	66592
52762988	1610613248
870824	4311744513
43833224	1610613248
56482184	28672
52646024	671088644
48549368	1610613248
31370888	1610613248
45243272	2147549200
80449436	135299072
1397648	67141633
37909856	1610612992
79848740	1085440
11411516	1610613248
3076616	1610613248
34826024	16814080
50448980	671088768
70468292	3221229568
77677292	2147520512
40868300	671088768
57063764	331776
79287572	671088768
65740484	2147520512
423056	134217986
58055528	4311744513
47256284	2147520512
10371476	1085440
41198456	1610612992
6695372	2147520512
58677608	1610613248
20916704	8392706
20787104	1610613248
52110128	4328587264
19763912	1610613248
21922076	1610613248
15951404	2147483666
65771588	134218753
67563308	4295000065
21360260	3221225474
56333792	671088644
77526308	1610613248
631064	1085440
32142332	1610613248
39579428	5122
15031244	2147520512
1270316	1085440
23258576	137216
44962688	24608
81388712	2147520512
13765376	70
60261968	67108929
35751692	1610612992
77134268	1073745921
28802216	1082392576
49858652	2147618816
30235916	268568576
9474644	32834
75191888	1081348
24684824	1610613248
74805032	1610613248
12425960	671088644
44167268	671088768
79222772	1073778688
44977268	36865
70795532	671088896
11736812	5637144576
48152144	2147520512
12502424	83918848
41703248	671088768
49736828	16781314
73869644	4311744513
35611724	2147487745
58814012	2147524608
36033896	671092736
56137448	1081348
4258568	4295000320
32979872	1610612992
48736640	327696
2391356	2147500034
65918360	2147520512
3306980	4311744513
55307684	1610613248
36527672	2147520512
52310684	2181070848
81160940	1073778688
55620344	4311744513
54458156	800
76212812	102400
110072	67141633
76992032	671088768
10027388	83886081
29896040	4311744513
64175240	1610616832
48552608	53248
17111000	2147520512
6805532	16912384
33649256	16809988
23778920	1610613248
6605300	67141633
76049840	671088644
6193172	1610613248
42997304	671088644
67664072	327681
33664160	1610613248
46202636	36865
22546424	2147520512
37101152	1610613248
36526376	150994945
73279964	4328554496
69708188	671088768
30988568	1610613248
74140508	32833
32549276	671092736
42038588	671088768
61115060	1073778688
25602716	536875520
62904512	36865
8484176	671088644
52760396	2148012032
54512588	83886081
23664872	201326593
63838928	36865
41595680	2147520512
65711972	1610612992
9567956	134479873
42374900	167936
79145660	5368713216
1678556	1610612992
1286840	1610613248
58825676	1082163200
43775228	2147520512
8048072	134217733
74189108	1610613248
12009944	537919492
3144980	1610612992
12872	167936
29122328	57344
19091936	2147520512
32796812	1610613248
26271452	671092736
592184	1610612992
10585316	2625536
8996096	83918848
15454388	3221229568
2167472	1610613248
78397544	1081348
60050072	4130
12901916	536870918
2376452	2147520512
29104184	37376
80594588	67108898
291188	1090551808
35626952	4311744513
55414280	5435817984
16135112	1610613248
5358872	1073745921
20700596	134218753
3977660	67141633
19610660	1610612992
53053292	4311744513
32412224	134250497
32276792	1610613248
28364492	2147520512
27308576	134218753
50009636	1085440
54563456	671088768
52087772	4362108928
38252324	2147487746
2679392	2147520512
592508	1610612992
2884484	1610612992
14162276	2148012032
70580720	5435817984
74123984	800
67204640	1082134528
50036528	67112961
63937100	1081348
2340488	20512
33796676	671088644
7901948	16912384
74756756	524354
32077856	1140883456
17377976	1073745921
51487724	1073766400
22204928	4102
24062096	1610613248
43417532	671088768
44112512	1610613248
64363808	44
51145904	4329570304
74359856	536872964
62453504	2147520512
57381284	4362108928
63867116	36865
70513976	2147520512
41062376	1610613248
49176308	1081345
8332868	1610613248
66775664	1610613248
78836564	35
7934348	4311744513
46309556	1085440
62100020	67108929
36863984	4295000065
77294972	135266308
9894872	1610613248
26507972	36865
74673488	2147520512
27136856	67141633
21881900	32802
79086692	4295004160
31631060	4295004160
8699312	2147487746
75930284	4362108928
1925120	65554
7978412	70
64751960	36865
36548408	1085440
38964152	2147553280
7122404	1610613248
44011424	1073775104
39533744	1140883456
30178244	196624
54696620	2147553280
38856584	1085440
66629864	1610613248
13457900	1081345
51372704	1073778688
29568476	1074823168
68512952	1085440
15406760	1610612992
73657748	1073778688
31350152	36865
465176	1610612992
64360892	2147618816
30557648	2164264960
37577756	36865
43822208	1610613248
45596	1610613248
2592560	67141633
47087480	1081348
31790792	1085440
13845404	36865
12674792	1610613248
76793420	1610613248
54508376	1074823168
37323092	1081348
78160376	4311744513
24632336	68608
32839256	1140883456
40132820	3221229568
47944460	2147516418
4124	196624
77189348	671088768
41199104	4362108928
53062364	1081348
7794704	4311744513
71578964	671088644
56672696	1610612992
2467496	135266432
2276336	2147520512
75351620	1073778688
51160808	5368713216
67289852	2147520512
5591504	1610613248
81560	268502016
42542084	83918848
75788048	671088768
10442108	1610613248
14333672	1610613248
210836	1610613248
45625268	671088768
29401940	1610613248
49177604	2147520512
66397232	2164260866
76112048	1610613248
13201292	671088768
76399760	1610612992
65890820	1085440
57176840	1074270208
6716	1081360
50445740	2147520512
70303376	1081348
1639676	4311777280
32633192	1085440
19031672	16809985
66302948	4353
31255544	1056772
1089848	66564
74569160	1610613248
10641044	2147520512
31908728	8425472
56223632	1610613248
13146212	136315008
10272008	134250497
41648816	671092736
78020408	1081345
77222720	1081345
9819056	1212416
52301936	3221229568
8869736	671088644
43344308	53248
39157256	36865
79310252	37376
29903168	4295004160
40378088	1610612992
50368628	2147520512
76259792	1610612992
79947236	16912384
43824152	57344
43583744	3221229568
64365752	17301568
10665020	1610613248
38059544	528448
56315648	16781376
48890540	671088644
43165136	1610613248
55226036	16814080
12349496	671088641
79849388	36865
80217128	3221229568
72691580	37120
74957960	671088768
30614024	4362108928
35293556	150994945
49286792	1610613248
63955892	100663360
30335708	4362108928
41696444	4295000065
41866220	32834
8615072	36865
29026100	1085440
57726668	4362076161
40366424	4353
77426516	16912384
37064540	150995072
53386688	671088768
33374180	4295000320
61361624	1610613248
74411048	2147520512
65595980	4362108928
48814400	2147520512
37018856	331776
29998748	83886081
8564852	1610613248
33655088	2147483682
9281540	1610613248
49057724	1610612992
19918136	150994945
18867080	4294967361
25039280	557120
38650844	4295000065
38268524	1073745921
37962668	1074823168
44523020	4328521792
62039756	1610613248
18877124	70
28751024	36865
75815588	1610613248
78889052	1610613248
37380440	196610
24984524	57344
12452528	671088768
5835476	1610613248
51264488	5368713216
47034020	67141633
320348	1610612992
5502404	294913
57020348	134217888
9726392	67141633
18071660	57344
43950188	8425472
42455252	37376
54810992	4362108928
58163420	1074823168
15805928	524354
42146804	2147549185
33954464	37376
33636620	36865
56720648	1610613248
12581480	3221225474
40676816	671088768
80151680	3221225488
68515220	3221229568
72872372	671092736
35101748	1074270208
7618448	1610613248
38343044	671088644
34246712	524354
3024452	1610613248
64058276	4353
598988	70
74823824	1073762304
51242132	1074823168
8344208	2147520512
28941212	671088768
77261924	1610613248
48975428	36880
33071888	134283265
11774396	4295000065
64202780	67108929
40831364	1081345
77238596	2147520512
7506992	197632
25859972	4311744513
76025864	2147487746
34161824	4295000065
15413564	83886081
63334784	1610612992
81712388	28672
63469244	671088768
57237104	32802
31408148	800
76956392	3221356544
43763240	134250500
77835404	16777282
8207156	1610612992
38346608	2147520512
54432560	4311744513
21620	1610612992
17024816	1610613248
5232188	1610612992
16067720	16781313
81591536	557120
2157752	1085440
1492904	4328554496
42294872	36865
61204808	1610612992
77099276	1610613248
1811396	1073778688
60367916	4295004160
73910468	561152
37042508	1610612992
33761360	1073778688
41523104	16781313
44874884	561152
68871296	36865
2893880	4295000065
32163716	1610613248
23485376	16809985
32365568	327681
18449120	1073778688
31395836	800
12603836	35
52211216	1074823168
6952304	167936
63126452	1610613248
1552520	557120
4179836	36880
9583832	36865
26675804	32834
31880864	134250497
64340480	1140850704
10965368	36865
56026964	1610612992
358256	57344
38812844	1081348
68030516	671088768
20135540	32802
61802264	1610613248
48659852	53248
66700820	671088768
16762376	2164264960
80145200	1610612992
43462568	2147520512
79553576	1610616832
54556976	65793
44612768	2147487746
44842808	53248
6830804	2147549185
31195280	671088644
38065376	1081345
20491940	1610613248
52084856	83886081
15786488	83886081
51769928	1082134528
77126816	3221229568
20718416	1610612992
62881184	1090519041
17796908	1610613248
52273748	4362108928
12161900	36865
60458636	4311744513
4589048	1610613248
28035308	1610612992
46759268	671088768
30066788	1081348
80963624	1610613248
11388836	1140883456
27119036	134217734
60542552	50
1671428	1081348
61065812	4311744513
37752392	1073774593
2633708	16801792
31340	2147553280
2024912	4362108928
43196888	2147520512
11886176	6442451008
73829144	36865
9823268	2147520512
6390164	57344
63497756	67108929
41433356	1081345
43129172	1074266176
63387920	5368713216
552656	4311744513
49464344	4362108928
23989844	37120
57510560	1610613248
7977440	33284
8133284	134218753
73625672	2147520512
2692352	33025
2019728	134250497
8960132	1085440
11770832	2148012032
37061300	24577
46245080	1610613248
66029168	1610613248
44934824	1074270208
3543824	1610613248
8617664	12304
32414816	1058
51494204	17301568
11159444	2147487745
35236208	1085440
78590000	167936
37663616	17301536
33849164	17334272
934976	150995072
58849976	134545408
22291760	671088896
49693736	4295000065
2338868	37376
8110928	201326593
63451748	1610613248
44130980	2147745794
65742752	2147487745
50616488	5368741888
66671012	16809985
78035960	671088641
3060740	1610613248
46305020	671088768
75679184	1064964
34871708	1081345
43945652	36865
60516308	268568576
37920872	1610612992
28586756	201326593
18076196	1140883456
12707192	2148012032
23298752	672137216
69605480	2625536
37560584	67
64341128	16779266
21324296	4311744513
80714792	36865
16342148	1073762304
26682284	4328554496
46236980	2147520512
27524684	1610613248
76110752	67141633
81704612	2147520512
76197908	1610613248
67154420	671088768
6570956	2147520512
2172332	134219904
5727260	4295000065
62737004	1085440
81693920	2148012032
34565852	67141633
32942936	67141633
40895840	36865
70361696	1610613248
15962420	4130
12321308	1610613248
45194996	4295004160
13201616	16809985
78150008	1074823168
2782424	36865
26788232	36865
22080836	2147553280
7803452	4362108928
77361068	37376
72524720	4311744513
59371616	2147520512
1917344	2148012032
52111748	67141633
24347540	1610612992
5120084	36865
37902728	4362108928
65659160	134218241
24207896	1610613248
4482452	525056
63513308	8437760
51502952	1610613248
13646468	2148007968
52251392	36865
70005296	1610613248
2293184	2147520512
16564412	1610613248
4167200	1610613248
14984264	135299072
14935340	524384
62954408	1610613248
5234780	32833
8261912	57344
31476512	1610613248
20225288	1074823168
46826012	671088768
63731684	3221229568
77181248	16814080
37787384	4311744513
56008820	1610612992
150248	4102
29332928	4311744513
73085888	150994945
56260244	1073778688
53720732	1610613248
6968828	36865
70383728	1610613248
50197880	2147487760
10842896	2147520512
48219536	4294971393
3834776	4362076161
16632452	150995072
8317316	20544
57828080	135680
686144	1610613248
6975632	67141633
79671836	4130
4264400	671092736
70382432	4162
60145328	1081348
60584024	4362108928
45494696	32864
19906796	1610613248
56143928	2147520512
25955876	671092736
40476584	36865
69195296	16809986
26363468	1081348
31670588	67108929
7600952	67141633
52419224	4311744513
7764896	1610612992
1332524	524576
41392532	4295000065
26259140	8425472
39415808	32833
66220652	134283265
79305068	2148012032
19959932	67141634
2313272	4295000576
42867380	1074008064
20198720	1610612992
57674504	1610612992
52724432	4311744513
13926728	2147487748
24058856	2148012032
80438420	1610612992
39694448	8425472
6346748	1085440
21370952	1610612992
32579732	557120
49446200	83886081
15476744	1085440
10263584	40961
3550304	134250497
30513584	3221229568
2839772	135266308
57059552	5368741888
77454380	16912384
39825020	4295000065
46775468	671088768
70843808	67141633
65014076	6442483712
65854532	17301568
63101828	1074798592
31190096	2147520512
68607884	1073778688
62008976	1610613248
4560212	57344
56038952	2147520512
74326808	5368713216
54117308	1073746176
1998668	1610613248
40168460	2148073472
49490912	1073762304
3780344	1140850689
7590584	1610612992
22526012	1610612992
42523940	671088768
18722252	4294967361
22268756	4295000065
37426772	2147520512
64501508	2147553280
4906244	561152
69966740	1610613248
74963144	36865
58912832	3221229568
78759128	36865
50477816	2147520512
14490488	8425472
8884964	16797696
53772896	671088644
21823580	16809985
58893392	671088768
18045740	167936
47718308	2147520512
53581412	671088768
15307940	1610613248
50605796	1073745921
18488324	1610613248
81478460	2147520512
49690172	1073766400
36606404	1074823168
70483844	1081348
6494816	1610613248
18145532	150994945
109424	1085440
5417516	671088768
21824876	1073774593
9479180	70
50051108	4328554496
13551212	4102
60669884	1610613248
11610128	134217733
39017288	1610612992
39510740	327696
5979980	2147487745
76600640	1610613248
36857180	671088644
61493816	4295000065
32886236	4395630592
59546252	1140883456
34073696	671088768
62262668	1610613248
69229964	331776
3606032	671088768
81082532	36865
16453280	135266308
3189692	671088768
80988248	4362076161
3283652	8425472
61157504	525314
22794284	1085440
53595668	524322
29294048	134221825
31580516	33591296
56101160	671088768
59893256	671088768
46576856	1081348
56883296	1073876992
44921216	671088768
54536240	33026
64271144	32773
77581388	1073778688
64971632	1610612992
46474472	2147520512
34577840	37376
3278792	8425472
53242832	4362108928
56584568	1610612992
43730840	4362076161
72173828	4311744513
57726020	4130
72184844	150994945
21823904	16809985
7202432	4311744513
29554220	671088641
59057012	1610613248
81331688	36865
52667084	4311744513
14177504	1610613248
2897444	327681
41543840	37376
54322724	65793
26300936	37376
33408200	7
64629488	671088644
1871984	557057
1235972	98308
69269168	1140854784
2481104	1610613248
42994388	1085440
71639228	1610612992
36386732	2148012032
47401760	671088768
64397504	1610613248
26737040	1074823168
81116876	671088768
71826176	83918848
27952040	1610613248
35832692	1610613248
58962080	2147487760
75536300	4295000576
6267692	1085440
68004596	671088644
30809072	2147553280
34443380	4311744513
11793188	150994945
45409808	2147487760
11913716	3221229568
38087408	4295000320
71797988	17301568
37041212	1085440
55171928	671088644
1115120	1610612992
47626616	1610613248
67867220	1140883456
40469456	4362076161
72239600	36865
62122376	671088768
37587800	2147618816
50629448	83918848
32803940	1610613248
52347620	37376
13999952	137216
78011336	16777219
27004340	671088644
49684340	98305
38470700	1073778688
18152336	5435817984
4214828	4328587264
15776120	83886081
65707112	4362108928
59786660	1610612992
51005612	1610612740
35967152	2147553280
64360244	1073778688
37469216	2147520512
38761976	36865
59108204	36865
74482004	2147520512
71463944	1610613248
62164496	69633
76377404	1073778688
172928	134217888
50774600	1610613248
22840940	5368709121
5053016	2155876352
16038560	67141633
51860972	1610613248
26113664	557120
46641332	16809985
31594448	2147520512
14816756	671088644
26324912	671088644
12577268	4311744513
42999896	67141696
2383256	2147487746
67333268	67141633
38032328	1342193664
5649824	1073745921
36614180	1081348
80610464	83886081
44690852	83918848
45345008	1085440
35480828	1073774593
69881204	1610613248
68566412	1610613248
81199820	1081348
9247520	1085440
7645016	36865
23204468	16777281
9804152	671088768
16442264	135266308
54578684	16801792
12093212	1610612992
74560736	57344
51520124	36865
37786088	36865
43145048	671088768
9686540	1048610
58059416	1610612992
14730572	2155876352
61329224	1610612992
37734896	2147520512
80071328	1610613248
10615448	1610613248
36851996	142610432
41190032	1140850689
65934236	36865
67993904	671088768
59670020	1610613248
80159132	16912384
39637748	2147520512
1925768	1610613248
29572040	1081345
26148008	1610613248
20488700	134217793
80399216	1610613248
2162936	8425472
52023620	67141633
43242248	4295000320
48758024	67141633
55840664	1610612992
24688064	4429185028
2773028	1081348
54804836	37120
73213220	1610612992
46784540	1146880
73549532	4295000576
9632	134218241
18064208	2147520512
58935512	2147520512
9012620	1056772
36012188	1610613248
54473384	786496
14131172	536871170
112988	67141633
47460404	671088768
45431840	671088768
29525060	16809986
66876104	1610613248
51165020	1610612992
69045284	671092736
29688356	2148012032
46454060	1081348
50767148	17334272
58294964	4311744513
78611708	3221229568
13538900	20512
53650424	1610613248
19398440	36865
45235820	1610613248
73804196	4102
2183996	1610613248
43145696	1610613248
31677068	557120
2387468	1048610
41358188	1610612992
12365372	4294971393
59440628	1610613248
6832424	36896
40502504	262401
75897884	4362080256
1531460	1610612992
74917136	37120
53285276	4362108928
4035332	83918848
260084	134250497
6903380	1610613248
26738012	4102
78132512	4362108928
40343096	2147618816
51789692	37120
52939244	671088768
78730292	1074823168
1151732	671088768
79661144	1081345
10571060	671088768
80837588	1610613248
1802324	1610613248
75935792	671088768
32862260	671088768
71509628	2147647488
51355532	1610613248
44461460	4362076161
18784460	4311744513
53764472	2147520512
5221820	1610612992
23444552	1610613248
23039552	4362076161
25824980	67141633
38331380	2147495936
35907536	1610613248
2820008	1140883456
5250656	1610613248
55903520	331776
29469008	134217733
5458016	1610612992
1026344	1610613248
55959572	536870918
45859196	57344
56670104	671088644
77248964	32834
33902300	671092736
51472172	1140883456
72887924	67108929
58016000	1610612992
52683284	16781314
11285480	1074008064
8196788	36865
37967204	1610613248
3487124	671088896
44237252	671088768
7381280	36865
19758080	201326593
28083260	16781376
14985236	83886081
69385808	2134016
79742792	5435817984
25511348	150994945
74886356	671088768
42581288	5402263552
69657968	83886081
31337516	1610613248
50917484	28672
45301916	1074823168
66045692	1610613248
78129272	36865
31433744	537034752
15803336	83886081
35595524	2281705472
80856704	1073778688
60453776	36865
62946308	1085440
40003868	53248
80423840	36865
6429044	1610613248
21173636	28672
264296	1085440
73008128	2147487760
38868896	1610613248
63918956	33344
27197120	1610612992
26787584	537919492
27266456	1610613248
39194192	36865
43134680	4130
68963636	1073746432
37139384	1610613248
12177128	671088641
31060496	201326593
8657192	4311744513
68744612	53248
14304512	53248
49804868	1610613248
39484172	1610612992
56865476	16781313
41736296	1074823168
28142876	4295000320
81270776	671088768
33392000	1610612992
34060412	2147487746
73495424	16777256
72615116	36880
66383300	1610613248
97112	672137216
30656468	36865
48456380	2147520512
16553072	1610613248
7021640	4311744513
12099044	2147520512
77970512	5435817984
78540428	1610613248
12644660	67141633
2164556	33558784
31944044	37376
5107772	1085440
51265784	1073746176
70358780	16781313
24438584	2147520512
80271236	1081345
4665512	36865
32365892	2147520512
61174352	1074008064
73442936	16797696
75627020	2147487746
962840	2148012032
5639456	1085440
34407416	1073778688
65086328	28672
61617260	1074806784
49380752	671088768
6860288	1610613248
76122740	2148008000
64987832	4329570304
40305188	8392705
64337564	2147520512
44064884	1610613248
63950384	134250497
886376	1085440
21121796	1610612992
25160132	671088644
53867828	5368709121
60921956	671088768
10103528	1610613248
49586816	57344
40008080	2147520512
64051796	67108929
81236756	4362080256
47389124	1081345
53063012	16801792
34698692	2147520512
6720644	1610612992
31398104	800
9189524	1610613248
76559816	2147520512
55615160	53248
80816528	36865
45631100	671088768
16664528	1610613248
81689060	1081348
39374660	671088768
77215268	2134016
55505648	36880
5301200	37376
59507048	1610613248
45485948	4294967361
17337476	2147487745
67405844	4362076161
1301744	1610612992
42453308	1073778688
6701204	16809985
31411388	800
5203352	1030
51745952	2147520512
7125644	83886081
16639256	1610613248
22602476	83918848
55059176	83886081
6935132	671088641
68886848	1610613248
14424068	671088768
9689132	4295000576
64374500	1085440
47125388	2147520512
23387852	1107329024
68204828	528386
78385880	3222274048
3384740	1610613248
24534488	4362076161
67193624	1090535424
4396916	1085440
18786728	561152
53970212	2147520512
28882892	134254592
47091692	4311744513
61643828	1610613248
79191020	1073778688
48402920	37120
38665100	1610613248
39113192	1082134528
66520028	2147520512
32178944	8392705
59561804	1073766400
44412860	4311744513
3950768	1081348
29142416	1610613248
56413172	65793
8522084	2181070848
47222588	557120
50089664	4329570304
46714556	1610612992
42377168	671088768
4229084	4295004160
13907288	16809985
40896812	8519696
26688116	1610613248
6561236	67141633
72822152	4295000576
49483460	2147520512
71976188	1610612992
39886256	37376
48461888	2148536320
41826368	2147520512
59954168	196610
46893404	3221229568
5128508	83886081
62029712	1610612992
16279940	16781313
35787008	327681
42414752	1610613248
62102288	536903936
77335796	1081348
38782064	1610612992
4818764	1081345
13367504	34079232
61389488	1085440
37013348	1074823168
34048424	2147483682
13076876	3221229568
73422200	671088768
33288968	671088768
41597624	1081348
4623716	2147553280
36327764	36865
1119008	1610612992
1398620	70
64488224	539492352
29828324	135266816
38408168	1073746432
72234092	2147487746
57094220	4311744513
69878612	1073762304
8700932	1085440
11212256	524354
33103640	2416050176
17668604	24577
55474544	8425472
80532380	2147520512
44655860	4311744513
37612100	2147520512
62704280	1085440
17655968	671088768
14799908	672137216
52295456	2147520512
66103364	1610613248
29785880	36865
72755084	36865
26260760	1610613248
59617208	4311744513
44075576	671088768
51632228	36865
26128244	4295004160
42196052	1073745921
35786684	1610613248
3627740	1081345
73070660	4311744513
73649000	561152
32460824	671088768
11673632	3221229568
32314700	1058
23256632	134217733
35634728	2148012032
67217600	1074823168
7693616	4362108928
11841140	135299072
71216084	1073778688
16979780	1085440
15912524	83886081
34583024	66576
19298972	4311744513
34021208	4295000065
47418284	2147520512
64769132	4328554496
70545080	1073745922
45621704	2181070848
50696516	1610612992
66558260	2147553280
21849500	2147487760
38198864	2147484674
37666208	36865
74681264	1610613248
1865828	2147549186
220232	2147487760
8817572	16781313
26075756	75497473
27942320	1610612992
73575776	671088768
43707188	1081348
52950260	1610613248
19002512	150994945
73916948	5368741888
80638004	67141633
64972604	1610613248
24274964	134254592
26799896	1073778688
13913120	1081348
71566004	1610613248
78417956	2147520512
10010540	4362076161
5382200	1610613248
31528028	1610613248
55022888	2147520512
42532364	150994945
62966072	1610612992
72588548	1073774593
2427644	671088768
27070112	4362092544
41656592	4362076161
52810616	1140883456
70952672	1081345
56037980	17301568
38684216	4362076161
19440884	2147500034
22181600	671088644
38430200	1082163200
19639496	1081345
67650464	4294971393
61583888	2148007952
38785304	1073774593
69549428	1610612992
59989808	28672
16260176	1073762304
51893696	1058
25148792	83886081
79790420	4295004160
15898268	83886081
77522420	16779776
27410636	83886081
59899736	671088768
68168540	4311744513
23892320	69648
11072288	524322
30128996	16809985
63796160	1610613248
44522372	2147487746
72577532	2147487746
33484664	1610613248
24437612	2147520512
36070832	32833
44455628	2147520512
71089724	671092736
51584924	671088644
2330120	2147618816
75150092	8392705
42978836	2147487760
61437116	1610613248
19163540	5435817984
60350420	671088644
10474508	67108898
27163100	1081345
48612224	24608
33289616	2147520512
73761104	4295000128
2962568	4311744513
23897828	67141633
62533856	561152
58004660	2147553280
63236936	67141633
57484316	67141633
33709520	671092736
22058804	134250500
73739720	1073778688
46547048	1610613248
73965872	1030
34444352	1081345
9789572	327696
75638360	2147487808
76575692	1073750080
59701124	557120
55545824	671088768
6747536	2147484674
9267284	1610613248
71769476	2148007938
12248408	1610613248
60502700	1074823168
81293780	4295000065
54365168	4311744513
75371708	1140850689
42817808	671088768
56029556	2147520512
60099968	671092736
5549384	17301568
607412	2147483666
50460644	1085440
14824532	671088644
8217524	1610612992
45390692	2147520512
71238116	37376
57126296	36865
4035980	67141633
13824992	2148012032
15400280	1081348
67759328	671088768
60705200	32833
6130964	1610613248
52413392	2147487760
63584912	1074823168
19329104	1081348
1859024	1610613248
73931852	1610613248
61231376	37120
42267332	671088768
64861796	671088768
39901808	1610613248
60154076	1610613248
58552220	2147520512
81722432	3221291008
2322344	16779392
5794652	67112961
72903476	1610613248
41252888	671088644
56818820	1610613248
42384620	1081345
33725396	1085440
33604544	2147520512
49855736	83886081
62435360	1610613248
11404064	1090551808
35765300	1610612992
78297752	16814080
4500596	2147618816
38744156	1073746432
71888384	1085440
6583268	1610613248
76145420	17334272
16308128	16797696
67568492	1073742084
51353912	1610613248
7078340	37376
52882220	67141633
80852168	1610613248
25716440	1610613248
9630488	4311744513
36755768	4295000065
45491780	1610613248
79898312	16809985
73279316	1610612992
58094408	36865
40237472	65553
46555472	4362108928
2820332	671088644
52705964	67141633
8465060	1610613248
4178540	1074270208
41989016	1610613248
36262640	1610613248
486560	4130
39721340	4311744513
64511228	1610613248
51620240	4362108928
9308	4295000128
78953528	1610613248
3085040	1610613248
33471380	1085440
65508176	524293
42845348	1140883456
52422788	2147520512
15398336	1074823168
35401124	1081345
64754876	1610613248
23564432	40961
9399800	1610613248
25604336	83886081
47193752	4311744513
72407432	671088768
64805096	57344
77796200	4295000065
19972568	201326593
3141740	57344
25630904	1073778688
43180040	36866
4829456	201326593
78797360	2147520512
16006484	34635776
37125128	4295000065
71886764	1610613248
38394236	36865
8533748	134217733
38906156	1081348
24552956	561152
43375736	671088768
60062060	67141633
45559172	1610612992
62603840	1610613248
22067228	1610613248
21132812	4362076161
27670160	2164264960
67565900	4362108928
36602840	1073746176
11637020	1073745921
37988588	1107329024
40456820	8425472
29091872	5435817984
14850128	4311744513
75491588	37120
72267788	2147520512
22040012	4362108928
36587936	528386
24111668	8425472
6486716	1073745921
75218780	36865
31154456	2147520512
44129684	1610613248
78333716	2155905024
48475820	2147487760
75767636	1073774593
2119520	135184
47143856	1610613248
7872788	4362076162
51759560	1610612992
38866304	1610613248
73559900	2147520512
69548780	36865
64047584	24580
80870960	16912384
27631604	671092736
57296072	1610613248
38680328	4353
39033812	561152
51388256	2148663296
63635780	1610613248
7028120	528448
75586196	1085440
38067968	1610612992
45188516	671088768
35264072	4311744513
63273872	671088644
49925720	2147520512
2977796	4295000065
54025940	4362076161
63181208	4362076161
23602016	1085440
4242368	32833
43129820	4311744513
7270148	1085440
47137052	671088768
27088256	1610612992
48984824	1610612992
32769272	32834
43154768	5368741888
24322268	1610613248
13518488	17301568
79564916	134250498
18639308	150994945
39615068	1049604
36274628	4311744513
35860232	528448
3179000	2164264960
23170124	1610612992
34151456	57344
37643528	3221258240
4013300	2147487760
66769832	3221229568
32420324	36880
72803360	561152
17492024	4130
65540252	17334272
62880536	134217857
40066076	360448
2793440	67141633
1509428	2147520512
260732	67141633
52148036	671088768
45194672	1073745921
14455820	1610613248
31734416	98
51009500	1074008064
54501572	65793
8591744	4295000576
47711828	671088768
18878420	2147811328
31247120	671088768
51557708	4295000320
69619412	3221229568
39950408	36865
31283408	67108929
79647212	1610613248
9513524	67112961
79386716	671088768
32115440	537919492
4464308	4311744513
7672556	327696
78830084	2147549186
81069248	1073766400
53164424	1081345
11188928	1610612992
78090068	1085440
32722940	57344
30139364	1610613248
7933376	671088641
12175508	671092736
10956944	4294967301
60292100	4311744513
63175700	4102
33148352	671088768
78228092	3221229568
65617040	1610613248
76355696	1081345
40962584	1610612992
9855344	66050
3739520	67141633
7716620	4102
62041700	67108929
13319876	3221229568
58346480	1073778688
48068552	1140883456
66910124	4362108928
77331908	24832
52060880	4295004160
276608	557120
12587636	1610612992
3927116	2147520512
20648756	17301505
48874664	671092736
61896548	1073778688
33960296	2148012032
31060172	1610613248
78616244	8392736
7982300	201326593
40373228	2147520512
26784992	1140883456
1642592	16777281
42972680	671092736
57263996	83886081
563024	1610613248
70175720	4295000068
61391432	16777282
41286260	671088644
52144796	134254592
37720964	67665920
32452076	1610613248
56698940	1081348
76300940	1610613248
31632356	1610612992
13276784	83918848
46271000	134217857
21271484	4362076161
59204	1610612992
37509068	557120
61944500	1074823168
36913556	1610612740
47046332	1610613248
11521028	135266308
44564168	37376
45702380	1174405120
67210148	2147487760
76537460	3221356544
40936016	4311744513
32182832	1074823168
80786720	36865
24931712	2147553280
36626492	671088768
8338376	134217734
20903096	2147520512
46203608	671092736
59908160	2147520512
11773100	1610613248
29728208	4311744513
6817844	4296048640
52500548	671092736
43705568	1074823168
47079704	536871172
39407060	1610613248
25833404	2147549200
81260408	37376
38901620	1610613248
37933184	2147520512
72805304	1610612992
51382424	1085440
76989440	671088641
18800012	83886081
7975172	2415921152
34150484	262150
3106100	150994945
37327952	524353
24777164	70
5563640	1140850689
11353520	671088768
72590816	1610613248
14949272	1610612992
35555996	4362108928
57186560	1081345
37445564	1081345
58968236	1610613248
37707680	1081348
21981692	67112961
58730420	1085440
54265700	1085440
41647196	671092736
26324588	1081348
1041896	16809985
81497576	524353
14550104	671092736
52280876	67141633
37282268	561152
29677016	3221229568
31748024	4328554496
60728204	36865
30943532	167936
46632908	1610613248
39328328	1081348
49059668	1610613248
6029552	20481
39529208	24580
23313656	672137216
75418688	2147487746
20727164	4294967361
851060	672137216
35790572	1073766400
25893344	671088768
16832036	1074069504
18671384	150994945
23291300	16809985
48978992	671088768
47086508	671092736
96788	134250497
60887936	4295000576
75273860	5368741888
16374548	24578
1210052	1610613248
41435300	2148012032
25276772	32802
25002020	1610612992
19210520	1107329024
61780556	1610613248
61254056	37120
8265800	536907776
34410008	4311744513
3151784	32833
76642436	1610613248
4750076	1610613248
56813636	4311744513
73238816	536871172
50013848	8437760
13081088	327681
75837620	1081408
67565252	2147549185
41407112	2147520512
72963092	525056
15613472	83886081
76720520	1610613248
79254848	16912384
45336908	16809985
32895956	8421408
65340992	1610613248
5128832	671088768
49066148	1610613248
28213508	1073746432
41988692	1610613248
77354912	1073778688
17047496	1073778688
20013068	2625536
73229744	117440512
6092084	4362076161
64479152	4362108928
12668960	671088644
169364	2147495936
2986220	2101250
11373932	1082163200
14433140	1610612992
61089140	1610613248
67924568	37376
69615848	102400
76318112	68190208
51089528	1081348
857216	150994945
47714420	4395630592
78693680	4362108928
39990260	33587201
76404944	16781344
23913380	671088641
51783536	5368713216
44257016	3221225728
61269608	150995072
24319352	1610613248
46878824	1610613248
3926144	16809985
5125916	4362108928
26800220	1085440
22542212	2147520512
22071116	1610612992
70029920	37120
40388780	3221229568
80687252	37120
37361972	167936
38305784	2147520512
59089088	1085440
238376	671088768
20063936	1085440
78263084	1610613248
37181180	577
47487296	1081348
10143380	2147520512
40662884	17301568
39604700	74
699752	66592
48512756	4311744513
72380216	671088768
16932152	1090523136
43957964	671088768
28977500	5435817984
44634476	671092736
55839692	2181070848
57518984	1085440
53213672	1074270208
74787536	1610613248
60797540	8392705
30320804	2101249
5771324	2147520512
39302084	4362108928
16871888	4311744513
53604416	2101312
63320852	36865
43416236	1610612992
6655520	278529
24278528	327681
10523432	4362108928
45347276	671092736
53794280	1073778688
41958236	1610612992
38932400	1074823168
1468604	1610613248
11102744	1073778688
915212	1085440
68987936	1610613248
7282784	69648
1886240	2147487746
31575980	150994945
286976	671088768
24046544	4294967361
31165796	1107329024
67812464	299008
64072856	671088768
68738132	4311744513
24255848	1107296257
25384988	1610612992
61485392	134217860
238700	4353
57533240	2147520512
57267884	671088644
33028148	4295000065
17304752	83918848
80899796	37376
30817496	1610613248
67538036	1610613248
40336616	4311744513
11255024	561152
79140800	2147520512
44891408	83886081
55528976	2147520512
24666356	536870917
18213248	83886081
69913604	1610613248
59796056	2147520512
27610544	20992
38783684	2147520512
37899164	2147520512
31773944	528448
25131296	67141633
46785512	16781313
2357012	1179652
59712140	1073778688
44917004	1074270208
58852892	1081348
1146872	1081345
3929384	4130
57693620	2147520512
6464036	528386
62118488	4311744513
26839424	4362076161
3889532	671088768
51335444	5368713216
76376432	4295000576
41819564	2147520512
71756840	4311744513
22619972	1610612992
36188768	36865
19205984	4102
65077904	137216
66206396	2101250
38884772	16781313
24520556	1073774848
24469364	536870918
44808464	2147520512
25616648	1073745921
42064832	67112961
50960252	4362108928
25382396	53248
80613056	536870918
13443320	36865
15674384	83886081
9773372	17301568
41830580	4295000065
51533732	67141633
44120288	1610612992
34414544	671088768
81146684	4362108928
70083380	4295000065
43411376	67145728
15866516	67108929
73414100	2148012032
49254068	135266308
41011508	2147520512
35213528	36865
61602032	671088768
54012656	32802
1400240	671088768
5622932	32833
69246812	671088768
54875792	1073745921
36319340	150994945
40495700	2147520512
53028668	671088768
37138736	4311744513
2228384	2147520512
78384908	671092736
38108792	67141633
70288796	16814080
43540004	671088768
2359604	1610613248
69629132	83918848
32805884	1073778688
621020	1085440
331688	1610612992
14355380	2147487760
78637304	2147520512
17632964	4162
47622080	1610612992
65811764	4295004160
27147224	537919492
53614136	4311744513
43834844	1074823168
48835784	36866
37280000	83918848
121736	67141633
47976536	561152
26995916	1081345
12963800	1610612992
81132752	1073778688
2216396	83918848
56621504	1085440
41663072	4295000065
74734724	49156
6955220	1610612992
57568232	201326593
67128500	1073778688
77957876	1081345
53402888	5368709121
65505908	36865
35805152	2147520512
79416848	2147520512
74614196	1610613248
410420	70
20163080	4161
16925024	2147520512
59356388	36865
43781384	561152
1376264	1610612992
48431432	16809985
66240092	150994945
28920800	1610613248
71054732	53248
78304556	36865
46422956	1085440
27156944	4130
3063332	4395630592
4904300	4362076161
37579700	2147487746
33954788	1085440
54464960	1610613248
80352560	1610613248
44154956	4362108928
42482792	1610613248
15989312	17334272
54345404	1610613248
18585200	8425472
52651532	67141633
863696	167936
74143748	4311744513
2393624	1090551808
39837332	57344
7889960	1610612992
52808348	37120
158996	2147487746
23255012	67112962
3765116	57344
50666384	2147549185
42124772	36866
71514164	790528
61396292	67141640
15978944	4296048640
32780288	1074270208
78847580	2147487745
54111476	1610613248
4426076	133122
31508588	1115136
485588	2147520512
77958848	1610613248
4473380	17334272
51960116	1610613248
32617640	4295000065
51752756	671088768
24348836	5368709184
1220420	2147516432
61358060	150994945
65993204	1074823168
36853940	2147520512
71530040	1074823168
39194840	1074790404
72229880	5435817984
3990620	17858560
71164892	134545408
29551628	150994945
52308092	1085440
65714240	1073778688
26089364	2147487745
18121556	83886081
44156900	2147504128
63629624	1610613248
47113400	1140883456
78485672	1090519041
71406596	1081345
53248988	4303388672
39448208	16801792
49978532	671088768
78380372	2147680256
66269252	1082130433
4085552	1610613248
6614048	4099
14799260	32833
13174400	1610613248
70016960	16912384
17701652	37120
53802056	1610612992
40713752	36865
120116	67141633
27158564	1073746176
3386036	4311744513
3717488	1085440
50785292	134254592
41324492	4130
38863712	1610612992
5867552	4295000320
3660464	1610613248
16047308	150994945
12412028	671088768
65524376	4311744513
62705900	2147495936
27000452	671088644
71526800	2147487760
45093584	1610612992
55078616	32833
60349772	20484
62527052	3221258240
59291912	2147549185
80125760	4311744513
53521472	1074823168
45521588	2147520512
58153700	36866
47729000	2147520512
77809484	1610613248
11661320	671088768
31050128	83886081
52644728	4429185028
69997844	8409088
299936	134217800
39556100	1610612992
74969948	1073774593
464204	4102
68286476	1610612740
11512928	1610613248
23229416	2147520512
25659740	671088768
70808492	196610
9145136	2147618816
30690164	1090519041
56628308	28672
4156508	150994945
74574668	2147520512
135020	67141633
31545200	36865
24814424	4362076161
47675864	36866
5516336	150994945
35806124	1610613248
21840428	16809985
36857828	196610
2647964	1073778688
53000480	1073746048
40494080	1085440
3866528	1085440
72724952	671088768
40471400	4609
49419632	1081345
49511972	17334272
48148256	1610613248
12818324	5368971264
61608188	671088768
21806408	1610613248
35787332	671092736
22029968	36865
38252972	1610613248
38011268	68190208
40829096	1610613248
65136224	1610613248
61337648	2147520512
1242128	57344
3664352	1610612992
6480884	1073745921
9939908	1030
64472348	1610612992
17571404	16809985
591212	6442455040
38277920	20484
28207352	1610612992
64561124	36865
39620900	4311744513
22578500	2147520512
7267556	295040
68678516	16809986
53893748	524353
2027504	36896
2132480	167936
66252080	2147487746
59214476	1081345
16467860	135266308
1676936	16809985
63646472	2147520512
28123436	2148012032
57802808	37120
72537356	37376
32472164	4311744513
50800196	4362108928
39799100	4311744513
871472	4362108928
10150184	40961
56141984	3221229568
34147244	2147483666
13930616	134217733
74860760	1085440
27407072	671088768
70075604	2148012032
36807284	1074823168
72572024	557120
63534692	37120
27399620	147712
79289840	4328525824
42174020	83918848
39398636	57344
37001036	32834
16465916	135266308
46874936	4295491648
79637168	1081345
76184948	36865
13352600	561152
53027372	671088768
48201716	134254592
12078632	1610612992
58248632	4311744513
60507560	16777282
76148336	4311744513
48297944	577
76471364	98
36734060	37120
15964688	83886081
61464656	37376
70826312	16814080
75510704	8421377
42590036	1074270208
34879484	671088644
11743292	83886081
43225076	4311744513
3656900	201326593
76417580	36865
4165580	36866
31956680	1074823168
3422648	1081348
43097420	8425472
26771060	671088768
5507264	1073745921
71854688	1085440
54598124	5368709121
27320240	33619970
39020852	671092736
18557984	83886081
14300624	1090519041
5093840	2147520512
42761108	2147520512
68318228	1610613248
76184624	86016
57319076	671088768
41394800	16814080
7241960	2147516480
38105876	16809985
59514500	1074790404
53163128	134217733
12874700	671088644
64068968	1048836
21669032	150994945
35674904	2147745808
33174272	83886081
49905632	800
63587180	1056772
58874924	2134016
38911664	4395630592
4926980	687865856
62775884	1085440
17104844	83886081
9660620	1224736768
61922144	36865
33408524	327696
52285412	36865
46983800	16781313
9413084	67141633
51446252	671121408
10970552	1073745921
71471720	1081348
65555156	36866
6263804	2148532228
65499752	2147487760
1709336	3221356544
2527112	2155876352
6733604	67141633
8805584	2134016
52869584	1610613248
6607244	1610612992
73360640	1140883456
30385928	4362108928
13418372	1146880
57484964	1610613248
31171304	2147487745
15669524	1610613248
29002124	36880
68274488	68608
2047916	1610613248
72198452	1081600
51538268	1610613248
14743532	4362108928
39305324	1074823168
33647312	2147520512
46656884	4362076161
76388096	1074823168
79023512	1074823168
81127244	671088768
18317576	1085440
54702776	4294971393
76785644	2148012032
17747336	83918848
42077792	36865
35438708	2147487760
80757560	33591296
34949144	163856
63868412	269486080
68289392	1085440
53430428	1610613248
56841824	671092736
43102604	1073778688
20930312	2164264960
24750272	32773
80293916	36865
36970580	2147520512
45053732	134254592
46324784	69633
47395928	1073778688
48765800	4362108928
79567832	671088644
62501132	1081348
20683424	6442455040
49931552	1610613248
70829552	671088768
46875584	4295491648
21848852	2147520512
1005608	1610612992
60502376	1085440
72166376	1140850689
12925244	671088644
43227344	2147520512
32295260	68190208
73210628	1610613248
25211648	671092736
56194148	1073778688
10125560	135299072
69105224	1212416
10168004	2164264960
24221180	4295000065
43515056	83918848
5610620	1610613248
37371044	196610
8449508	1085440
65561636	35
6598820	1610613248
63125156	24580
12576620	4294971393
31522196	2147811328
70222376	671088768
25414148	36865
5463848	66592
40205396	16814080
46279424	37376
11728064	2147483682
5678660	327696
5737304	2147549185
39167948	36865
400052	671088896
70298840	1610613248
23139992	1085440
43692932	671088768
40062188	135184
39383084	67633216
18808436	524384
66053468	1610613248
45242300	1048582
62390648	1610613248
66664532	2147487746
58333196	1085440
6499676	671092736
11978516	150994945
20900180	201326593
25648076	1074003972
41671496	83886081
71429600	4311744513
726320	1610613248
50924288	1140883456
179408	5435817984
40481768	67141633
79278500	1610613248
7036544	524328
49036988	4311744513
6539528	2147520512
39993500	20481
16974272	134250497
73612388	671088768
34996124	524354
16414400	2148012032
51293000	2147520512
77515616	4395630592
20444312	1610613248
80825276	134217733
68954240	1081348
1933220	17334272
72486164	36865
81360848	1610613248
5337488	4311744513
80956820	671088768
26602580	36865
4279304	1610613248
53166044	4362108928
4508696	2147483654
38435384	33281
65603756	1610613248
75956204	3222274048
38155124	671092736
31771676	537919492
34726232	671088768
71642144	1081348
3219500	2134016
64331732	36865
78636656	1610613248
24104540	2147520512
3748268	16781313
59535236	671088644
60044888	5368709121
69516056	2147483682
63823700	671088768
55787852	1610613248
44012072	1610613248
77319272	671088644
4092680	135299072
34147568	53248
9081956	2147520512
14039156	671088768
44053868	4311744513
69425012	150994945
80238188	1081348
78748436	1073876992
66922436	671088768
31378016	4362076161
81447032	3221229568
19850420	2147487746
45445772	4329046016
71392988	1610613248
76107836	1073745921
54743600	36865
62577596	1610613248
27347132	4362076161
57627200	66592
4405664	1610613248
71479172	1085440
27848036	4295000065
55042976	24580
24627800	4362076161
56165312	3221229568
73616276	2147520512
60318020	36865
15416804	2147520512
1239536	1610613248
6356468	75497473
7585400	1610613248
55915832	1610613248
22932308	1081345
35082956	2147520512
71982020	4311744513
36790112	4311744513
6357440	1610613248
58855484	2148012032
134696	67141633
72828956	671088768
65084060	1610612992
38658944	1073746176
81191072	1073745921
79543532	83886081
32286512	4362108928
5644640	36866
16040504	83886081
70648760	671088641
1375616	1081348
24490424	4311744513
4478888	20512
67622600	67141633
81075404	8392705
42019472	4311744513
4789280	32834
24127544	201326593
13017260	16809985
42094640	1081345
55579196	671092736
19640468	671088768
21858248	83886081
80285168	1610613248
50715308	83886081
58903436	57344
25164668	537919744
54695324	83918848
38459036	2147520512
956360	2148012032
44891732	5368713216
73882928	1082134528
1547012	1140883456
47944784	67141696
6051908	537919744
95816	4362108928
1258328	557120
14794076	1090523136
31603196	4362338304
16262768	2147495936
44597864	536871170
62135012	4311744513
45657344	100696064
18691796	1081348
42307832	1081345
67105820	2147483654
40561148	53248
60526676	2147614976
4158776	1074823168
2362196	1085440
10838360	4294967361
51220424	1073746176
52540724	5435817984
51068792	1610613248
50033288	4362108928
77759264	1610613248
79744088	36865
415928	4295000065
51410936	2147520512
48116180	1074823168
31765844	1074008064
41127824	2147520512
50353724	36865
32565476	24577
73627292	2155905024
5668940	1610613248
20535032	671088644
21295460	1081345
75660068	1073774593
44800040	2181070848
5523140	1081345
14013236	36865
42857012	2147520512
15001436	2155905024
35915312	1610613248
8929352	2147520512
48386396	4311744513
53239592	1073778688
60064652	16809985
50306420	1081348
64776260	1610613248
65983160	1074823168
44215544	2147520512
23018492	1610613248
8056820	4295000065
27987356	2147484674
76500200	1610612992
41768372	201326593
15654296	36865
5670560	1610613248
41692556	32864
79258736	163856
38591228	536903936
858836	2147520512
61833692	67141633
38714996	83918848
53964056	8409088
50003156	35
18946784	150995072
76561112	4311744513
8434604	102400
66499940	36880
65388620	16814080
19019684	150994945
36252596	1081348
44266736	1610613248
29618696	1610613248
17138540	1610613248
22276856	4311744513
15526640	201326593
39404144	1074008064
7056308	1610613248
69748364	1610612992
34639400	83886081
38969012	83886081
1551872	1610612992
58259972	4362108928
65592092	1610613248
57732176	36866
80371676	1610613248
18966548	4311744513
67860092	4294971393
54974612	36880
58119680	150994945
38868572	671088768
45280208	4362108928
7774616	16781313
459020	4295004160
32667860	57344
57053396	1073745921
50445092	1140883456
38519624	1097728
47597780	4099
55311248	1610612992
28536536	671092736
63759224	134218753
53271992	1610612992
38418860	671088768
75677564	1073746176
33142196	360448
65527616	1610613248
2117900	1610613248
20789696	1610613248
4613672	1610612992
65553536	1610613248
78887108	1610613248
10697096	37376
65303408	3221487616
58435904	1610613248
15064292	671089152
9122456	196610
48957608	167936
5770676	1081348
48579500	3221229568
33627872	3221229568
41895056	4362076161
1161128	1074823168
17002460	1610613248
32902112	4311744513
11097560	1073778688
54321428	67108929
63081092	4362108928
58054880	671088644
2236160	524864
73301672	83886081
43941440	553648132
11897516	16814080
8629652	36865
29888588	134217864
68223296	1610613248
51661712	4099
62809256	671088768
29722376	67141633
68411216	1073778688
52654772	1085440
27692516	3221229568
74452196	4328521744
70798448	4099
36809228	2147520512
39717776	20512
37496756	2147520512
79339736	1074823168
15635180	1610613248
56583596	1610613248
48313820	671088768
49698272	524353
10210124	1073745922
610652	1081348
3359144	1610613248
28284464	1048582
7891580	1610613248
21144476	4311744513
13287152	4353
32824028	4311744513
58736900	2147524608
78905252	1073778688
40231964	4362108928
81503408	1073778688
58606976	1085440
24603176	150994945
137288	67141633
66096236	4328521729
43249700	671088768
25437800	1610613248
56342864	4295000320
31549088	1074069504
19958312	1610613248
44865812	2147487745
43941764	102400
26325884	67112962
55253900	67141633
25528196	4311744513
22928420	134283265
16428656	135266308
4510964	1085440
40977812	2147487746
2492768	1610612992
74906120	1610613248
69301244	200704
40095560	671088768
37892360	4311744513
18638984	16809985
20979884	1610613248
20639360	671088768
37423532	36865
30512936	83886081
63532748	1081345
77989304	33026
78270212	33652736
73614008	671088768
3776132	134254592
80934464	7516192768
33736736	3221229568
59396240	1085440
27439148	16809985
29306360	135266308
43963472	1610612992
56521064	201326593
90956	134250497
12971576	2147487746
34520168	671088644
21461996	1610612992
12188468	671088768
22570076	32834
27624152	4362076161
50727944	1610613248
9490520	16814080
13411892	2164785152
60890852	1058
14802500	1140850689
29313488	2148012032
4705040	2129921
27483860	3221229568
32336084	196624
46933580	671088768
57038492	1085440
48606068	1610613248
437312	8425472
52369976	134250497
80179868	528448
600608	16809986
65665316	2147520512
21001916	16809985
12854288	671088768
17421068	1610613248
53169284	36865
65193896	135184
13519784	16809985
29949824	32802
8355548	83918848
43082516	2147520512
1089524	3221229568
30806480	1140883456
54059312	1085440
76319732	1082163200
37389188	4362108928
11176292	1073745921
59958380	1074823168
399404	1610613248
16262444	2147520512
68422880	4311744513
49210976	1610613248
63887528	36865
11787032	1073766400
28128944	2147520512
175196	45056
1785476	4362076161
74499176	1081348
21964196	1610613248
51729104	4099
62638508	299008
418196	1073778688
1426808	32802
53268752	1107329024
54419924	5368709121
541316	536903936
41212712	4295004160
64219304	67108929
39655568	671092736
47108216	2147520512
58881728	4311744513
20356508	1610613248
32638376	4362076161
53250608	1610613248
43386428	32833
80731316	671088768
64222544	4311744513
16181444	1073778688
15469292	1074135040
46558064	37376
49808108	8392705
36187148	4294991872
56206460	671088644
5598632	1610613248
37865468	4362076224
21320408	4295004160
26659928	4311744513
64164872	2147520512
73306856	4311777280
59157128	1610613248
76406240	4099
1741088	4362076161
78049244	150995072
72074360	2147487746
53746004	671088768
24678020	1610613248
32732984	4295000065
38105228	4295000320
76899692	1610612992
