75973449	1140850689
42633849	1081348
33734217	36865
49496817	2148012032
18561297	671088644
59925	1610612992
35141673	4311744513
6096693	2147520512
37256421	4429185025
58203021	1610613248
27678333	1610613248
24672261	4295004160
77597985	167936
32013453	1085440
50403369	1610613248
2559909	3221229568
60010941	537919492
62997249	4311744513
32460573	671088768
36916221	200
1421697	1085440
38231013	57344
46209837	671088768
26486013	134283265
694317	3221356544
71600421	36865
79487553	134217860
78396321	3221229568
13400301	40961
44973777	1610613248
1795269	671088768
69144177	1610613248
8062077	2155876352
34503069	16777281
5923029	1073774593
433497	1085440
36993657	1610613248
19069653	83886081
60937257	24580
67267245	1610613248
2283861	8654848
19578981	671088896
53289561	671089152
2904645	1610612992
109173	134250497
40742985	70
18190641	5368741888
25405473	16809985
57759141	36865
12155493	4311744513
44208489	2148012032
66836649	7516192768
67943109	1140883456
3598005	1610613248
27891849	37120
21830457	1610613248
46462557	671088768
18279093	36866
54191901	671088644
60398769	4362108928
9435513	1610613248
19088121	4311744513
30635805	16777473
73512021	1081408
73695405	1085440
38178201	268568576
11701569	1081348
12352161	671088644
29690697	4295004160
49596933	1610612992
34043637	1074270208
1647849	69648
40401813	4362076161
75094761	37376
39647865	1085440
9964281	2147520512
21692433	1610612992
54706089	37376
77563317	1610613248
1181289	1610612992
61462137	671088644
81624333	1073778688
69859245	3221229568
72513777	1610613248
64695333	5368741888
70378617	4295000576
35567409	201326593
70299237	1610613248
19969401	4328554496
43738041	36865
19614297	4362108928
53208237	1610613248
26313969	1610613248
15642057	4311744513
18922881	577
20225685	1610612992
57355761	671088644
16928337	2147618816
67903905	1074266176
52906269	528448
54653277	83886081
81132825	1073778688
17050809	53248
80120325	1610613248
10880229	40961
81387165	150995072
26638617	4295294976
44535729	671092736
17880249	1610613248
5956401	1085440
19277661	1610613248
5003841	1610613248
26165253	36865
1352361	1610613248
52701501	1085440
3031005	1610613248
24283461	671092736
46224093	2147520512
31636641	2147520512
33314961	1207959680
30960129	2147520512
27223113	268568576
36691689	1610613248
44194881	2147618816
69841749	37120
58621953	1085440
15743145	83886081
39834165	671088768
4606941	1073778688
1793973	4102
41983581	83886081
49026693	16777221
71094009	1073774848
4657161	65572
63472233	4295004160
47622477	2147520512
11283285	24577
62450337	1073746176
65618409	57344
27576273	1610613248
6570381	589826
22193661	671088641
24141225	1610613248
24635973	16814080
37999353	671088644
80346477	1081348
41238381	1610613248
32835117	2147487745
80057145	1610612992
18981201	1610613248
77146977	100663298
54701229	17858560
23251845	2147487748
76987245	4130
46262973	1048610
17137641	557568
75130401	37376
63243813	67108929
12604881	671088644
25091193	1610612992
18431373	137216
29323281	1610612992
36632397	36865
24518361	36865
34781385	393220
75178029	67665920
73646805	3221258240
76666485	24580
40732941	17301568
9646113	1073778688
10427277	2147520512
52378473	1081348
54476697	3221229568
46836129	671088768
8263281	1074823168
59392425	4362338304
290937	2147520512
59658753	2147520512
1398693	1085440
37307937	1610613248
73061337	1610613248
61039317	2147520512
40474713	1610613248
80675985	4311744513
44145309	1610613248
25952385	524384
286401	32834
50426373	3221258240
57996309	37120
80478021	4311744513
34849749	5435817984
996609	36865
34296681	1090519041
56553537	4294971393
51430773	69648
35328621	671088644
60356973	67141633
58427229	2147483714
64166889	3221229568
74728317	1073778688
21988893	36865
57660969	1085440
56781309	1073778688
20658549	67141633
60251997	2181070848
40312065	17301568
66017901	67141633
12753273	4395630592
78873897	5435817984
81166845	17334272
21113445	1610613248
40345437	8392705
33776013	671088768
28129665	3221258240
48209241	2147520512
12835245	134254592
883857	1610613248
23638053	2147520512
39460269	671088768
23156265	57344
13974429	2134016
38796393	53248
54071373	1085440
36415641	1074823168
61496157	1610613248
14613357	36866
420537	1610613248
39094473	2147614736
37602129	32802
49615725	4295004160
14410857	1610613248
73833429	2147618816
70295673	36865
73212645	557120
37404165	1081345
14782485	1610613248
14286441	262147
60170025	1081348
23119005	17301568
72554925	1081345
54703497	4130
25013433	28672
69800601	1610613248
33997953	4362076224
66084645	37376
62837193	2147484674
1008273	1610613248
32604105	1610613248
73359417	37376
45076485	1610613248
81642801	1174405120
72707853	1085440
2103069	1610613248
67697841	4162
81675525	1073762304
22464849	3221229568
15092877	36865
79050153	1081348
40259901	4295000065
1015401	1085440
38838513	1610613248
14558925	1610613248
43774329	1610613248
25663053	134217800
22181673	671092736
8704569	1610613248
11084673	17301568
44270697	4099
51561021	83886081
31397853	548864
76353825	4099
70500765	1610613248
40209681	37376
23449161	671088768
13798173	553648384
38981397	32833
60095505	557120
26682357	1610613248
70125897	1610612992
80909913	36865
36840405	2164264960
34116537	98
31697553	1081345
41982285	1074008064
39812781	671092736
79971609	1610613248
7208985	67142656
47741709	1085440
76455885	16912384
44677317	1610613248
46494309	37376
60713697	1074823168
52772457	5368713216
40019169	4311744513
47339301	671088768
7478553	536875264
2319825	1610613248
28016913	2148012032
51553893	5435817984
8275269	672137216
61845105	4328554496
29636913	4395630592
77860425	83886081
21522009	150994945
68395089	3221229568
63481629	4295004160
66010449	2147520512
42701889	36865
60163221	138
76002933	4295004160
30675981	1610613248
80708709	67108960
12133785	4362338304
38062209	1610613248
46595073	4362108928
34945005	201326593
748425	1610613248
603273	1049604
1055577	1085440
29905833	4311744513
48735741	671088768
66995733	3221229568
66323757	4362108928
37864245	37120
4887849	137216
75950769	1081345
41489481	1073873408
3044613	1610613248
45155541	69648
63516945	67108929
70228929	16912384
68704185	4362076224
37561953	134217796
44753457	36865
16644513	327696
43597101	2147520512
10401681	1074823168
69411801	4395630592
37383753	37120
68593701	37120
16812021	20512
61334157	1610613248
54154317	134283265
49032849	671088768
531345	1140850689
66174717	1610613248
33521349	1073741860
60944709	36865
68844153	3221229568
40445877	269516800
60358593	1073745921
13402245	40961
61167297	1610613248
61602753	1610613248
6731085	528448
55551405	83886081
64227477	2148012032
69957417	8425472
8884065	1610613248
5306781	67141633
79670937	2147487760
7310397	16779520
30735921	3221229568
34645305	5435817984
26540445	1610613248
77034225	1610613248
52146489	671088768
36164541	67158016
44376321	2147487760
76564101	67141633
9863841	134221825
2519085	68608
56303409	1085440
42184461	83886081
4325061	1073745921
1341669	67633216
53319693	1073778688
70852629	578
75332577	2147520512
65230581	1610613248
78534345	1073774656
73377561	671088644
544629	1081345
56787789	4362108928
34384161	1073766400
33925053	671088644
42853845	2147549186
33645441	36865
23975985	536871680
63846129	1610613248
35339313	1074823168
57890685	4106
13928421	1140883456
219333	155648
22371537	1074270208
29333649	150994945
50826513	671088644
34586013	671088768
6822453	1610613248
74597421	1610612992
37464105	327696
80867469	2147520512
71598801	36865
48172305	1610613248
3570141	2147520512
67986201	1107296320
70222773	1610613248
63389937	196610
47713521	671088768
4435545	1074270208
36082245	671088768
1366293	36865
61597245	4294971393
61224969	2147520512
5280861	327681
25136877	1610613248
2135145	1610613248
39839673	16814080
68482569	1085440
21791253	67145728
62941197	671088768
31520649	67141633
12353457	671088768
65535465	16814080
4514277	2147618816
67383885	167772161
39849393	36865
76168497	2147520512
53105205	559104
19385229	2101249
67872153	4294971394
61916385	3221229568
58272357	1081345
11953317	1073766400
67642761	2147778560
39670545	67108929
31262097	1610612992
10180389	1610612992
66612765	16908290
68553525	1074823168
5116593	1610613248
28367157	671088768
23285541	536870918
37760565	4311744513
2289693	327681
79733145	2147520512
70932333	1073774593
81425397	1081348
25495869	150994945
67680021	671088768
4591713	1074823168
45312357	1610613248
38664849	1610613248
32836413	4362108928
46296021	135266308
4895949	1610612992
54261885	1610613248
73092441	1610613248
53861421	1610612992
63647193	1610613248
52525245	2148012032
48402669	36865
55344369	561152
8997465	100663297
61959153	67141633
36670953	16809986
67093257	67141696
22855593	671088768
22765197	2147520512
22546821	16781313
43209921	1140883456
6001113	1082134528
77838069	4099
54469569	8425472
44529249	1081345
51251601	5368709184
60477501	1610613248
56059113	37120
42957849	671088768
64036965	53248
39694197	100663360
48563373	1073778688
25207509	1090519041
5824533	1610613248
31180773	331776
18508161	1115136
66848637	36865
1754445	4311744513
37659801	2147487760
74598717	36866
48625905	1085440
30655245	1085440
6703869	4311744513
68764449	1610613248
81418269	671088768
3476829	1085440
6261285	1610613248
8828337	526400
2111817	16809985
12563409	1085440
43407885	1610612992
2903025	1085440
10171965	1610613248
8759649	1085440
44100921	67108929
14994705	2155905024
41440881	1085440
68426841	1073778688
2193141	4362108928
34244193	1610612992
74606169	1610612992
12379701	2147487746
49524681	1073778688
75544149	4295000065
54395373	2147520512
18505893	135184
67247805	37120
22425645	671088768
54506505	37376
94593	134250497
37371117	196610
32357865	4099
47460153	1610613248
73426809	1140883456
59554425	1140883456
29217657	1610612992
38089425	2147520512
59349009	1073778688
79033305	1073778688
79169061	37376
46365681	2148012032
46321293	135266308
54437169	4295000320
2865441	1610613248
29418861	37120
32272329	4362108928
73934517	671088768
32624193	1082163200
53218281	36865
78339621	4362108928
59083653	6442455040
11017605	150994945
29604189	671092736
16862565	1073774593
9693417	4102
51406473	67112962
43603257	1610613248
1156665	2147520512
63330969	1610612992
67326537	1610616832
9314985	1610612992
20881785	134479873
35942601	1081348
25357197	57344
1682841	135299072
73412553	2147520512
38110485	1073774593
67038501	1610613248
78738465	135680
57554373	4362076161
67260441	4362076161
76516797	17301568
29008353	16809985
2778933	557120
13469313	1074823168
14010717	671092736
71570937	1085440
43930173	671088768
4916685	1073807376
18027345	4353
80253165	5435817984
54776073	1081348
70330665	36865
2135793	1610613248
14767257	8425472
41664441	1610612992
26463657	1610613248
57578673	528448
41232225	1610613248
26750397	1081348
14544345	2180
42894669	1610612992
77638809	557057
22877949	1610613248
72428565	2147516418
8215005	6442483712
72303501	1074823168
34905801	36865
5525805	1107329024
70943349	17301568
65172909	1610613248
52589721	5368713216
35576805	2147487745
74635977	16809986
72211161	671088644
7644441	83918848
53233509	37376
78235293	1074823168
2640585	671088768
45427377	2147520512
80868441	1081348
29289585	1085440
4902105	196624
42368817	2148008000
24407553	2147520512
34616145	1140883456
49536021	8425472
41803437	1081348
28845057	37120
59485413	4311744513
71520717	1610613248
73570989	671088768
50163285	1073778688
19110477	1074823168
36626565	2148073472
33756897	2147811328
72070545	4295000065
35364909	4295000576
67648269	8425472
27290829	2148012032
29952813	36865
71789313	4311744513
22746081	1610612992
79341753	4162
58526049	518
171705	294913
7359321	2147520512
36469425	1081348
21043461	4395630592
16117041	2147520512
2647713	33028
10187841	1610613248
472053	134217864
35117697	66564
4951029	2147483682
26861529	32788
42084993	4311744513
38802549	671088768
61280049	4295004160
75709713	2164264960
69478545	2818572288
39091881	1610613248
39237681	196610
41031669	8392705
75023481	1085440
37773525	2281705472
9854769	2147520512
38940249	37376
22269477	67108929
39304749	196610
22431801	671088644
70594401	4311744513
18380829	671092736
24195657	1081345
62590305	1610613248
67793745	1610613248
39735345	671088768
43803165	671088768
11824365	1081345
27501429	1610612992
39822501	1140854784
34423365	4311744513
32482929	67112962
3220869	2147553280
64581609	1085440
63101253	4099
15138885	1081345
62408217	1081348
52357089	16797696
17785317	2147520512
26431257	67108929
60478473	16777476
19857621	150994945
27733089	134217733
45204141	561152
30471213	1610612992
37594677	1107300352
35275485	8425472
46416873	1610613248
33343797	4311744513
61979241	1081345
60128877	1081348
1117137	1610613248
55180425	671092736
56483877	1085440
25393485	201326593
81461361	36865
61818213	37376
36553989	4099
62436405	536875009
64542405	1610613248
51544497	1610613248
79118193	8388641
72874389	4329570304
3601245	2147520512
44526657	2147549200
66917973	69648
66278073	32833
16744953	1085440
50927601	150995072
43452597	69633
66165645	536871170
2599113	36880
788925	1610612992
38720901	1610612992
77159613	36865
37107705	671088644
48349857	3221229568
28277733	4311744513
12483705	671092736
18615729	1049604
26369697	1073766400
59494485	67141696
81729633	671088768
43138317	32833
10075413	40961
6838329	671088644
79568229	4311744513
34367961	67141633
61675977	83886081
30757953	671092736
7529097	1073774848
2526213	557120
53734737	1610612992
66982773	37376
14233305	4311744513
2157501	36880
10841025	97
17984577	83886592
81350229	671088768
49207161	134250497
33300057	4162
57855045	36865
19034661	16809985
64958745	1610613248
4443645	671088768
6501693	2147520512
64175961	1081345
80034141	1610612992
2006517	1074823168
74959329	1610612992
35801013	4311744513
45189885	671088768
68054565	4311744513
62429925	4311744513
17579577	1610613248
12872505	671088641
241041	1610613248
22460637	1610613248
74794737	1610613248
59633805	67108874
68264841	3221229568
72610653	4295000320
38361261	2147749888
2582265	1610612992
32711673	671088768
64371657	1085440
1195545	57344
43910733	2147520512
67633689	2164260880
6500397	4362108928
42666897	4362108928
23755341	2147520512
1032897	1610613248
6000141	1610613248
39226989	2147549185
74708229	1610613248
63017337	4311744513
68973105	2147524608
63109029	1074823168
57642501	83886081
12295785	2147487760
23252169	800
46593129	36865
24896145	2147520512
53180373	67141633
2508393	69633
55721181	33587712
64049277	83918848
63497505	299008
11848341	1610613248
69670677	1085440
25398021	134217864
76300365	1081348
47914725	671088768
75698697	1081348
50489229	4395630592
42024405	4295000576
38878041	2147520512
40827549	1073745921
6400929	16912384
40193805	20481
10915545	1610612992
71137101	2147520512
56327061	2147520512
45414741	1081348
50556621	8425472
79977441	36865
38813241	24580
50829105	1074069504
54274197	5435817984
67055025	36865
62355405	36866
27861393	4294971456
38402733	36865
2591013	1610613248
22829025	1073762304
59901105	2147553280
31576701	1085440
4499373	34607104
71541453	1081348
59176641	1610613248
47076213	4303355905
11664309	36880
67276317	83918848
19796385	1610612992
30945225	1085440
71426433	1610613248
58555209	67141633
46316109	1610613248
66452061	1074823168
73531785	1085440
18326073	150994945
10529337	2147487748
2579349	36865
27687729	83886081
1908021	4362108928
24493089	536870918
2420265	1610613248
78548601	196610
15655341	2147483651
81735789	1081345
9958773	104
64217433	4362108928
38995977	36865
10561413	1081345
7849533	4295000065
77166093	33558529
79423401	4362108928
8142429	2147749888
130233	67141633
69505761	1610612740
73033473	16908290
39778761	4295000065
1633593	17301568
69666465	16779520
55868925	134250497
62516757	36865
19879005	4362108928
11507493	1048582
38025597	1073778688
66897885	671088768
38051517	37376
45520041	1610613248
19988517	2147487746
50985273	1610613248
25676985	150994945
5238417	2148012032
25002417	33587201
46868205	2147520512
63991605	5368741888
65752545	135299072
80380497	36865
850161	557120
42302721	2147487746
80581377	1610613248
35828229	2147487746
45231357	3221258240
59702169	671088768
9452361	134217733
33004245	1610613248
34841001	1140883456
1792029	4362076161
59291337	1081348
41872125	17858560
47380773	4311744513
9024681	1081348
33753981	4311744513
8628105	1610613248
44083101	1610612992
23579409	327696
39993897	1610613248
80782257	1610613248
57278973	327696
80010165	299008
63634233	1081600
78518145	2147520512
27773913	1081348
16976937	150994945
80821785	1073778688
45505785	2147520512
78937725	1085440
57281241	671088768
71413473	36866
26188905	1610612992
53952789	3221356544
2780553	1610613248
13521153	1610613248
6083085	40961
1437573	57344
12486945	134283265
30722961	69633
75404829	1610613248
41708505	1610613248
797673	8425472
67811565	557120
24791169	16781313
45394977	671088768
12204093	524424
60109437	1081345
41104245	16801792
2984673	1085440
22810557	34817
61437189	150995072
18219153	1610612992
40164969	1610612992
5766213	1610613248
24806397	671088644
374205	671088768
68797497	1074823168
69173337	671088768
43148685	36896
42817557	671088768
15412665	1048582
6297573	2148012032
22211481	201326593
3044289	1107329024
75874305	2147745794
53178429	1610613248
25700313	37120
74013897	671088768
27399369	1610613248
31390401	800
45324669	1610613248
11556093	37376
2422209	3221749760
17208921	4311744513
9887817	67
58409733	4311744513
42608253	1074823168
153237	4395630592
32061	134250500
41416905	2147520512
11787429	40961
15473253	16814080
12492453	671088768
37557741	4311744513
67522881	4311744513
48160965	1085440
21598473	4295000320
73422273	37120
57279945	671088768
27834825	4362076161
39218241	2147520512
47666541	1610613248
78623121	1081348
77205945	2147487745
33235905	37376
10376409	36865
12471393	1610613248
60366693	2147520512
20976069	671088768
17106213	671088644
39981585	36865
63722037	67141633
45404697	1085440
7758165	2147487746
36601293	16781313
64776009	4362108928
15040389	75497473
69745845	1610613248
69017169	2147487760
650253	687865856
6836709	5435817984
80693157	1081348
58843893	2147520512
54329277	65793
58617093	1081348
6235689	268568576
25367565	67141633
30774477	16809985
41784645	37120
62067369	32833
8459625	16781313
32648493	1073774593
2221329	134742080
31151289	67141633
79709493	2147520512
81130557	5368741888
22196253	1610613248
3052713	4311744513
60090969	83886081
25850001	1107329024
77754801	24580
35777685	2147520512
16805217	1610613248
18458265	671088768
39144045	1081346
361569	131090
47991513	36865
26844681	671088644
5229021	2147520512
26173029	4311744513
7332429	2147487760
37747281	671092736
38064153	671092736
58518597	2147520512
41402973	100696064
1029333	1610612992
62488569	2147581952
64135137	4311744513
39423009	1074823168
69241377	1610613248
57163953	671092736
35127741	1610613248
16666221	67141633
31356381	2147520512
39837729	36865
47116065	16781313
24220281	4362108928
19092009	1572896
36303213	83918848
43357341	2147520512
13078245	36865
41494989	2147483651
33205449	1610613248
44224041	83886081
62728005	2147614976
70581441	4099
31635021	67141633
70338117	671088644
61385349	4294967299
74340165	32833
15880845	83886081
13262601	1610613248
26001633	1081348
77879865	1081345
3074745	36865
35816565	4362076161
45329853	36865
28007193	36866
2926353	36866
37544133	4362108928
2163333	1048610
11068149	4311744513
81380685	1085440
39855225	4362076161
74126973	536875264
30242793	8425472
51132369	1081345
69677157	1610612992
66581013	1610613248
43533597	134479876
31774989	671092736
37441425	1085440
47082369	135299072
48100053	1107296257
16300749	65553
15594105	1610612992
65185869	201326593
9763725	20512
4165977	8392705
75967617	37376
38398197	8425472
36102981	1082134528
36842349	36865
43609089	4362108928
53782365	671088768
28523973	1085440
23969505	1081348
1153101	1140850689
28384653	4429185025
48324585	67125249
33418317	3221229568
26652549	67109440
1115193	1085440
5332377	67141633
15112965	1610612992
1151157	2147520512
42362985	57344
51533481	4362076161
25711005	8392736
731577	4295524352
21670077	150994945
8504013	67158016
34884741	32864
28862229	134254592
47600769	1610613248
4896921	671088896
39247077	1081345
81008733	67141696
29565309	17301568
80630625	671088768
3727605	3221229568
56654301	2147520512
39739881	1074823168
61235661	1610613248
67406565	36865
7143213	4362076161
20769357	4362108928
662565	671088768
28411221	561152
65074089	1610612992
62741613	1107329024
39288873	4295004160
40599453	1610612992
74584461	2147520512
369993	67112976
14848257	1610612992
42546693	1107300352
38643465	2147520512
30149481	2147520512
2637669	1610612992
33415077	671088644
16860621	1060
49443033	2147520512
60171321	37120
66963009	83886081
47935137	16809985
5774637	557568
16283901	1073758212
3734085	2134016
34496913	16809985
77313513	8425472
31071909	1610613248
30967257	2147553280
43388445	134217733
77033901	2147520512
24001581	4362076161
34066965	4102
30137493	70
18755373	32786
28820433	201326593
33029517	100696064
5790189	45056
20822169	150994945
42209085	1610612992
54548301	37376
13670841	1081345
27012513	4362076161
20376993	1085440
12602289	671092736
68338713	1610613248
65968329	537919492
13308285	201326593
16633173	135266308
40218105	36866
40627317	36866
58793673	1090519041
70455405	2148007952
18684741	1610612992
39811161	14
1447293	67145728
9129009	2147553280
61296573	276824066
64763697	135680
17702049	135680
1120701	4226
56132661	4226
120513	67141633
55493409	32802
13488753	1610613248
65304129	1610613248
76282869	1610613248
72474249	36865
14667465	1610613248
54765381	285214720
29057925	3221229568
20332929	4362108928
65531901	1610612992
59887173	37120
53733765	4130
1605	1073750528
67761021	1610613248
37878825	561152
60221541	65553
63666633	134479873
63068529	1610613248
60990393	32833
67335933	4362108928
13528929	1610612992
37372413	4295000065
60936933	2181070848
46444413	1610613248
73796817	16809985
66234009	1610612992
61581045	1073774593
15641085	67633153
63444693	1081345
26526837	101187584
51365649	1610613248
81254649	16912384
17194017	2148012032
30702225	1081348
46739901	53248
11622189	4311744513
65890893	1610613248
71576121	2148012032
611049	67141633
23409309	3221229568
25965993	1085440
51450537	33281
69046977	25296896
7017177	1073745921
53306085	2147520512
78763737	1081345
27845841	4295000320
7516137	8392705
64154901	1610613248
80085981	3221258240
1687377	2147520512
24991725	1610612992
55074801	1085440
59665233	1074823168
64214517	3221291008
10669629	2147520512
9485733	32833
34099365	1081345
4248921	2147520512
42030561	2147520512
6104145	1610613248
18940377	1610613248
21541773	4102
39891189	1081348
65881173	1610613248
49091493	1081348
40239813	1610613248
6308913	671088768
45675885	2147520512
67924317	671088768
64503201	20512
218361	671088768
6413241	2147495936
40158489	2147520512
23835045	671088641
38362881	67112961
71276097	67141633
72459021	2164264960
43340817	1081348
36659613	1085440
72994269	671088768
1499457	16814080
79183965	1610613248
17458725	1074266176
69644433	17334272
31600029	16809985
36178473	1610613248
38998893	36865
10282125	16809985
62952213	1085440
8583069	1085440
19129917	1073745921
70882761	1610612992
35672709	1610613248
65334261	36865
75624177	3221487616
70385421	1610613248
70324833	671090688
6848373	4362076224
160689	1610613248
39314469	671088768
53092893	32834
76226493	3221229568
38638605	1073778688
56941365	2147520512
21264753	1610613248
16745277	2147520512
61269357	4311744513
42901797	671088768
14719953	2147520512
1347825	1610613248
48899361	167936
54507153	65793
67909737	671088768
44803353	2147487745
41949885	671092736
24420837	1610613248
45554709	36866
32304729	67141633
44534757	134250497
33520701	1073774848
760413	1610613248
81660945	1073778688
62660937	1610612992
65683209	3221229568
55391997	67141633
18967593	1081348
42561273	67141633
17094873	268568576
42952017	134283265
70536405	167936
51043269	1610612992
79388085	201326593
4145889	32833
62332725	1074823168
24937293	8392736
49347453	1610612992
9016257	134217793
4430037	1085440
32948193	2147488256
12035613	83886081
68256741	1610613248
49915425	4362108928
32996145	201326593
71449437	1074823168
51396429	1074823168
4319229	1610613248
74898093	1610613248
1445025	4362108928
10684857	3221225474
15088017	4362076161
40546641	1610613248
29388729	83886081
1302141	75497473
49358145	98320
5667717	1610612992
46594101	37376
1221465	67141633
15342357	5368741888
26440329	1610613248
29426637	671088768
75523413	4311744513
18905061	4311744513
54203565	1610613248
36753897	37120
59535633	67112962
3185229	1610613248
51166713	671088768
22836153	671088644
37586901	671088768
78317913	196610
26721237	2134016
41757429	67108929
73933221	17334272
35391801	5435817984
79103937	1073778688
48733473	1610612992
22486557	671088768
47954253	1610613248
13538649	1085440
41314521	1073778688
47257653	1610613248
17538429	32802
75846117	28672
28281297	83918848
46313517	37120
27159285	671088644
5948949	1085440
44278149	1610613248
57843381	1610613248
46676397	1085440
26260185	1610613248
65168373	32833
71749461	671088768
77099673	671088768
12012609	3221356544
40868373	2147520512
13902177	36865
28000713	1610613248
36108813	2147553280
34871457	1140850689
57146781	1610612992
18508809	2147487760
7382325	37376
12317817	1085440
76824273	1610613248
42692493	138
40034721	2147520512
210261	67145728
32723337	67141633
22337517	4362076161
3527049	1074823168
39982557	1085440
66705429	4311744513
81211557	2101249
2996337	134217733
45520365	4295004160
68911869	1610612740
67180737	2097217
1286913	33619970
25559049	135266308
81532965	36865
38666145	37376
46756749	36896
73188021	201326593
5064429	1610613248
6741777	268568576
37981209	36865
1462845	1610613248
70585005	1085440
55572789	1610613248
38997597	1073762304
5241333	65554
58082817	36866
9396957	2148012032
78587805	577
68609577	4362108928
53665401	1073745921
14355777	2101504
613965	4294969856
18464745	1073778688
66236277	37120
12004833	3221229568
52797	1048582
54484797	2147520512
42155949	1073774593
30320229	1610613248
12913005	2147618816
44224689	671088768
69102381	1081348
62946705	5435817984
63225021	2147520512
76200573	1081345
12409185	671088768
50653821	100696064
6419721	1073745921
31544625	4362108928
9381	4295000128
51546117	37120
42116745	4362076161
19133157	4362108928
33332457	16809985
41142801	4295000065
54308865	36865
906537	1610613248
23908593	67141633
79256217	1085440
37507845	4362108928
2093025	536875264
6181257	67158016
32356569	1610612992
75129753	1073778688
80902461	285214720
8926509	16809986
27108741	5435817984
69853413	1610613248
52564449	36865
46777161	1610612992
7294197	16781313
77777157	1610613248
5281833	1610613248
29320365	4362108928
22905813	671088644
13627425	2148073472
76606869	1073746176
7288365	1610612992
674553	1610613248
71800329	36865
67817721	2147520512
39702621	4311744513
1403553	4311744513
39055917	1610612992
55017129	37120
5054709	1082163200
72462909	4311744513
79569849	65570
48504081	8425472
17087097	321
71928309	1082163200
56642637	1610613248
61378221	1073745921
49385361	17301568
486957	1085440
59569653	671088644
56202645	671088768
68938437	1085440
16677561	1073778688
39731781	671088768
44012793	1610613248
39760941	1081345
12906201	671088768
31670013	34880
45579009	1073745921
49008873	24580
2034381	1085440
42372705	3221487616
50578653	1610613248
79994613	1610613248
10437969	2147487746
59245005	1073778688
52265721	2147520512
23695077	67108960
22027449	4311744513
45489261	1610613248
7724469	1610613248
5804769	671088768
66026973	1610613248
59678517	1610612992
6873969	67141664
24924009	2147520512
14749437	83886081
61035429	2147749888
70637169	4362108928
69383613	4295000065
50484369	2147520512
29422749	1610613248
22796625	167936
21551817	1610612992
45605901	67633154
7539141	671092736
65481357	36866
37631289	1140883456
71474061	1085440
54813333	32833
32484549	524322
52384953	1073774593
67531953	6442455040
81495057	1610613248
37312149	1610613248
11057781	37376
55151265	1610613248
38056377	134225921
53564637	5435817984
3560421	671088768
39071469	561152
70724973	4296048640
50970693	671088768
44526981	671088644
57454581	286720
68029293	8425472
3654057	2147520512
49279089	8392705
47457885	1074823168
74102349	4362108928
79086441	1610613248
80937453	553648132
38383293	1610613248
68549961	2147520512
11798121	1085440
63813729	3221229568
7015233	32833
7071609	1073745921
8008293	36866
10242597	1073745921
81388785	671088768
68024433	1074823168
3586665	1074798592
63016041	4102
74531973	196610
40389177	3221229568
13170909	40961
33695985	83886081
11788725	1610613248
26987241	150995072
32515977	83886081
44535081	2147520512
55319097	36865
5830689	4295524352
57257589	1081345
41874069	4311744513
28708329	1610613248
60568545	671088768
56343585	671092736
27052689	36865
42978909	24580
67570833	4311744513
3209853	2701131776
60746421	4311744513
22538073	134217733
13858113	37376
16127733	4311744513
49263861	671088768
4748853	2148012032
49778373	36865
22570797	2147520512
28126101	1610613248
43016169	1073774593
53284053	4311744513
33013965	2181070848
53429853	4311744513
62419233	2147553280
13847097	1073778688
4666557	36896
44257089	4311744513
36484005	2147520512
40769553	1085440
1135281	3221229568
51447621	1073778688
71266053	671088768
26482449	671088644
36968061	16912384
73232409	2147520512
38960661	150994945
77086389	36865
5450313	2156003328
25693509	1073778688
5058273	36865
78771837	1610613248
74298693	83918848
55111737	2818572288
1036137	1610613248
63007941	1140883456
14345085	1073778688
62311017	4130
79687461	671089152
4515573	68173824
66920565	1610613248
52472757	2147520512
57474993	1610613248
196977	2147520512
8549697	1085440
17280525	561152
15008637	16809985
72918453	4311744513
20293401	134217768
37052301	83918848
34827069	1610612992
58554237	1081348
35904045	4362108928
74520633	1082163200
75478053	1610613248
52919229	1081348
30051309	16912384
38950293	1085440
32814705	4311744513
48585	1610612992
29278569	32833
64612065	83886081
68299833	1610613248
45454593	1610613248
64398873	5435817984
54466653	37120
3909369	589826
77305413	3221229568
34910661	2147520512
47478621	4362108928
18692517	16809986
39725625	67141633
77768085	2147487746
13590813	536871680
491817	1085440
29044641	1073774593
53686461	1073778688
10815429	561152
2805177	1610613248
60842973	1610612992
22281789	2147520512
41370897	67141633
41798901	17858560
74487261	37376
509961	671088768
40349325	1610613248
53265261	2147520512
1711353	1610612992
53755797	2147581952
6051657	2164264960
34388697	4362108928
17953797	3221229568
3808281	537919492
35765697	5435817984
27043941	1610613248
45674913	36865
26799321	1082163200
30629001	4311744513
63314445	2147520512
219009	134217762
45662925	1085440
43788909	1074823168
5712105	4429185025
74262081	4295004160
48604521	2147520512
65232849	4311744513
78963321	1073745921
31499913	1051648
13582389	1081345
37910577	4311744513
58945953	1081348
67287981	201326593
37469289	4362076161
65740881	1085440
38269569	4295000065
52800321	671088768
60837789	33536
74420193	4328554496
37503957	1081348
27665697	67108929
25688973	1610613248
52002633	327681
8562333	2134016
18690249	1610613248
81137037	1610613248
40244349	2147520512
42420981	70
37398009	262154
54636105	671088768
13907361	1610613248
34414617	4295000065
64065801	37376
45153921	1610613248
45053157	1610613248
48859509	331776
12852417	2147549200
151617	67141634
43095873	4362108928
1485201	1085440
30044505	2147520512
73779969	3221229568
1827345	16777250
42215889	1081348
81741621	4362108928
8254209	167936
73478001	16814080
58641393	2147520512
47326665	671088768
58539657	16814080
49064601	1610613248
7068693	8425472
43672593	70
57273789	1081348
12174285	671088768
2997309	1610613248
37746309	16912384
51074697	53248
43872177	2147483682
3635265	671088644
74642133	1610613248
8619357	1082134528
12731889	1074270208
11008533	100663360
16909869	2147520512
28872921	4294971456
50115333	16781313
22119789	2148008000
46834833	1610613248
57926649	528416
19206381	1085440
66442341	8388641
47350641	4362076161
58467405	1610613248
2991477	1610613248
35079465	2147520512
51684789	36865
14582901	1174405120
878349	4362108928
54623145	1610613248
31649925	2147487760
939261	1610613248
72887997	1073745924
6330621	4102
62366745	2147520512
1420077	134250497
32980917	2147520512
77193957	561152
56682165	1073778688
46107777	671088768
46782021	1074008064
9890733	1610613248
6965337	671088768
63820857	671088641
29068941	1610613248
2791569	32833
54096969	1081345
51065625	67141633
34407489	36865
42175389	671088768
56626113	36865
12869265	134254592
1507557	1610612992
43687497	671088768
64234281	167936
55321041	1081345
61487733	528448
51016377	1610612992
10827093	4362338304
632433	268568576
49101213	1610612992
56388297	36865
33237525	1073778688
4759545	16777226
2665857	16777250
28133229	657408
34169673	32802
36406245	57344
4061649	2147520512
51006981	1073774593
13588545	67141633
65847801	1610613248
63848073	1174405120
41264949	134283265
68795229	1610613248
81190821	4311777280
78695049	5435817984
31846917	4130
37669197	524608
72902577	3221229568
925977	150994945
75342621	4303388672
74981685	1085440
55055361	4311744513
12245565	1081345
58024821	1081348
59431953	1073778688
33958101	4311744513
11629641	1610612992
136713	134250497
6591441	137216
70887945	1610612992
81687513	1073766400
57317205	671088768
40790289	1610613248
34431141	2147520512
34141809	4311744513
26575113	6442455040
69271833	1075843072
33316581	16814080
19872849	16809985
60671577	2147520512
75129105	4102
77120409	36865
8144697	1081348
34825773	671092736
63687045	1081348
30341613	17301568
43484025	201326593
78289725	1073778688
51136581	4295000320
41590569	2147520512
70100949	1085440
48466497	536907776
55957701	16781313
8656293	8437760
71036337	1610613248
7405653	1085440
57113409	1081348
35933853	528448
33995361	1081348
66262521	36865
80239881	1610612992
58243197	1081345
32374713	4362076161
36715017	4295000065
557913	4362108928
61002381	16814080
33381057	134217794
65525097	4311744513
58126881	134744064
60150585	167936
54429717	2147618816
34011561	1140850689
62105601	1610613248
50577681	1085440
24342105	4362108928
14050893	671088768
66025677	36865
58452177	135266308
34095153	1610613248
20762877	1610613248
22556217	2147487760
724449	2147520512
40872585	36865
52675581	557120
6258693	1610613248
16766985	134217734
20160561	37120
15675105	83886081
71443605	671088896
73744977	1610613248
69822309	1610613248
2252757	36865
30139761	671088768
79807665	36865
61984425	1610612992
1573005	67141633
32148237	1074823168
77097	1085440
38150985	671092736
61954293	1610613248
24429585	671092736
67894185	4162
30638397	2148012032
75162153	3221225474
69115341	1074823168
5021985	2147520512
27390621	671088644
14066769	1610613248
44528601	1610613248
74405289	16814080
30609561	36896
79862421	36865
50951577	2147520512
62993037	2147520512
19900389	150994945
33612393	137216
25721049	36866
21215829	1610613248
69611061	1610613248
40762749	671088768
8269437	1610613248
50467197	2147520512
65893485	67141633
61555449	561152
449697	4295000320
24884157	17334272
27015105	150995072
80276817	1073778688
39536085	1085440
60673197	1048582
13860705	16809985
9009777	1610613248
77042973	24580
37177689	2147520512
71560893	134250500
17033637	524354
38893269	4311744513
35877477	2147520512
40973673	2147487746
15496581	1610613248
29506341	671088768
18398001	57344
61697361	1073774593
67405593	16814080
24390705	1074003969
61777713	1610613248
26726097	67141633
2983701	2147549185
73476381	16814080
331437	1610613248
10988445	2134016
75707445	1140883456
79182021	1073745921
17458401	1610612992
12514161	2147520512
10061481	1140850689
79052745	1073745922
45703101	671088768
635025	38912
29688105	1073778688
56528589	671088768
44723649	6442455040
40344141	1073778688
31608777	201326593
67525473	1610613248
14222613	32833
24297069	2147549186
4233693	2147520512
7193757	201326593
61008537	1610613248
63925509	1610613248
13375029	4295000320
31401093	2147520512
24467493	671092736
27803073	1085440
72517989	671088768
86493	8523776
74266617	3221225474
1024473	2164262912
3237393	1074823168
53462577	4295004160
9915357	1610613248
41299617	1610612992
55791165	2147487746
70514697	536870918
40617597	4362108928
39781677	4295000320
37559037	671088768
62014557	67108929
26475321	1081348
43106241	36872
67062477	4311744513
80748885	32833
52101129	67141633
35477337	671088768
34690989	167936
76665189	16809985
32488437	3221229568
40982421	4362108928
67801197	1073745922
63104169	2147520512
8204961	36880
10647597	536873472
79503429	2147520512
17879277	1074823168
52441005	36865
39596349	67633216
12265329	16777282
50959029	1140883456
39376029	1610612992
47353881	24577
17275017	150994945
39748953	36865
42312765	1085440
174945	16778242
30109305	67141633
946065	1085440
21885861	150994945
32050065	83886081
57511281	1085440
48471681	1610613248
4634481	57344
70673457	4311744513
43161645	4295004160
65596701	1610613248
27559749	4362092544
40415097	36865
27284997	201326593
6198429	4311744513
79580865	2147520512
28858341	201326593
550137	268502016
62478849	36865
18802677	67141633
55989129	1085440
1149537	1610613248
5923677	2147487746
50179485	1073746176
2112789	4362108928
11211357	3221749760
1762869	2181070848
71349969	1610613248
71442957	1085440
69998565	671088768
77673477	2625536
16812345	557120
27355629	1090519041
73785801	36865
48248769	671088768
37717149	67142144
3708813	3221356544
68663685	4362076161
46818957	1081345
12875421	67112962
6160845	67133440
5046933	2147553280
3828045	1610613248
53614209	2147520512
3865953	2147520512
14232333	1074823168
73831161	1073778688
61813353	201326593
47573877	3221356544
68829573	2147618816
55898409	1610613248
44946237	150994945
24414357	1081345
19927281	557120
62336613	4362108928
689457	1081345
68796849	4295000320
49414521	1146880
55750989	1610612992
4755981	4353
29733789	83886081
29078337	1085440
33377169	4295000065
1296633	16809985
76520685	1610613248
51375693	1073746176
36566301	1081348
7138677	36896
77937213	3229614080
16197069	4226
72866289	67371009
49950417	167936
73219449	2621504
62608125	2147487746
7139649	1073778688
41557845	36865
28997985	1073774593
57876105	37120
1810821	83886081
4139085	1074823168
31794753	4294971393
11739153	36865
3867573	8409088
64426089	136314881
505101	150994945
3899649	134217800
64483113	1610613248
3539037	1073778688
77414925	16810496
53576301	1090535424
28981137	4429185025
52568661	2147616768
10588305	20512
28687593	83886081
4708029	40961
15167721	1090519041
15954393	67141696
581889	4362076161
38648973	4295000065
35601429	1085440
22885077	1073745921
63260985	1074823168
40673973	4294971393
35912145	671092736
50611053	1074823168
38510625	67108929
1890525	1610612992
79729581	5435817984
17899365	1107329024
18121629	67141633
5593845	1073774656
27924897	2147616768
35821749	4162
28912125	1085440
54551217	1610613248
78116709	36865
14222289	1085440
33866409	1085440
74583813	36865
10975809	1610613248
37250913	671088644
255621	1610612992
43757481	1610613248
4970469	2147520512
61403169	671092736
77241585	16809985
20892153	1610613248
75621585	17301568
57282213	98
33869001	37376
31966149	24577
145137	2129921
38897805	34619392
68013741	2147553280
47072973	1610613248
78376233	2147520512
80418405	1610613248
27167385	32833
896817	150994945
38196345	671088768
38884521	2147520512
23508453	20481
23689245	4311744513
65765181	2148012032
36055029	578
65179065	4362108928
42471201	1074823168
60364101	1610613248
45206409	134742020
71856381	537919492
493113	134250497
17643405	1610613248
1924545	1610613248
12349245	671088768
55776585	1610613248
40376865	67141633
7122153	1610613248
12404649	671088768
53374449	32833
50848869	536875520
61591413	2148008000
65536761	4311744513
69874797	4362108928
12886437	1074270208
53082201	1074266113
23784501	578
29600949	1610613248
5636289	2147487745
72284709	138
38083593	1074020352
574437	134283265
3760653	1610613248
68831841	32802
10162569	2147520512
48457101	1610612992
18325425	150994945
5523213	671092736
32847429	67141633
76815525	134250500
30676953	36865
3082521	4362108928
34722741	671092736
6526317	1081348
24075453	201326593
75681849	1610613248
68204253	37376
62267925	1074798592
26050233	1610613248
4940985	1610613248
18653961	2181038081
63286257	37376
5138949	4311744513
44587245	1610613248
41589273	4311744513
13171233	40961
4454661	97
38570565	1610613248
58485225	1610613248
47128377	1610612992
81595497	1610613248
45086853	671088768
3508581	83886081
66701541	3221229568
19489557	1174405120
17857893	150994945
52556349	1081348
36734781	83886081
60643389	1085440
10650513	671088768
24202785	134217793
35502933	671088768
46367625	1610613248
30848673	200
17411745	101711872
108201	67141633
57188901	524353
15562029	1073746432
24199221	1610613248
73082721	1610613248
8413293	2147520512
10750953	1073778688
3664749	671088768
54023097	1073741860
61294305	524354
79957353	1610613248
31717317	16797696
11729109	67141634
19214805	1073746176
60183957	671088768
56174133	1610612992
14041173	2147520512
13162161	16809985
1041645	4226
53689053	4311744513
63580125	1610613248
21406665	2147520512
77088657	327681
54163065	3221258240
77361465	561152
7676841	67633216
63651405	1081345
32867841	4311744513
546573	36865
37015365	671088768
40634445	17301568
10685829	2147553280
47285841	4362076161
31625625	1073774593
17907789	1610613248
2290989	1085440
28946793	4106
52590045	1073778688
24882537	553648640
54922845	1073745921
52947093	20992
54385653	2147553280
68547369	67141633
8637825	1610613248
25954977	1610613248
47824005	32833
50175921	3221229568
35200965	671088768
44244777	4099
42329289	35
15256497	83886081
79343373	1610613248
73975989	1140850689
2723205	1073774593
62225805	3221291008
75948825	36865
81611697	53248
51837069	16777250
80731065	102400
13680237	1140883456
12187893	671088768
50758797	671121408
43088421	1073778688
80224005	1610613248
42844125	4362108928
52763385	167936
81541389	1074823168
41239677	671092736
64407945	1610613248
76501569	1610612992
73827921	67141633
68253501	671088768
23446893	4353
10431489	1610613248
39353025	1073774848
53158989	37376
36711777	1081348
8709105	2147520512
67612953	1610613248
44341653	36865
21897525	2147483682
21730989	16809985
36220917	4311744513
27599925	2147520512
63725601	1610613248
36245541	671088768
71091417	1610613248
7052169	1073746176
1436277	1085440
30512037	75497473
66316629	16809985
6061701	671088896
33566385	37120
68797173	4295001088
39888273	2147520512
55261749	1610612992
41835513	1073778688
1754769	2148012032
1687701	1610613248
16074597	17301568
74964837	16973824
24862773	201326593
74208297	4311744513
38383941	1081348
37820829	1610613248
36075765	2147520512
32750229	37376
7205097	3221229568
19228413	1085440
8713641	2147520512
8382837	4295004160
68538297	2147520512
71816853	1610613248
50944125	671092736
42170853	37376
37570377	1073762304
29578917	553648384
38362233	1610613248
66308205	4295000320
46279173	1085440
1362405	36866
1269093	1610613248
18616053	150994945
44138181	1610613248
69668409	1073774656
10960581	671088644
64556013	17301568
2128341	36868
24711465	16814080
49881405	2147520512
42836025	557312
67456785	3221229568
71418657	1610613248
63419745	1085440
55273413	1610613248
15429837	83886081
73377237	1073778688
47599473	1610613248
39683181	1610613248
34281453	4311744513
21539181	3221225474
31715697	4362076161
30680517	2147487746
4654893	577
6364317	1085440
42757941	1073766400
61195161	4099
58711701	1610613248
12463617	4429185028
51050721	1610613248
944769	1610613248
69340197	1610613248
79843305	671088768
29498565	1107300352
72395193	1073762304
55634673	671088644
51930705	2147520512
24464253	37120
21843093	4311744513
47122869	1610613248
20488773	134217793
43020381	17305600
35647113	4295004160
39490401	1081348
59661669	1074008064
71820417	57344
61469265	1073778688
9575805	671088768
53812821	1074823168
71468877	36865
51187773	5368713216
15010905	4311744513
20927469	2147520512
5656053	1073778688
19344081	4311744513
23949093	57344
21797733	8425472
74648937	36865
18814341	524322
39713313	4311744513
79759389	4362338304
4640961	4296048640
28925409	2147520512
8585985	32802
28170165	671088644
77648205	3758096384
32610585	2147520512
78631221	1610613248
6995145	1085440
54468597	4311744513
2446833	3221225480
17329125	4295000320
3087705	134217733
558561	102400
73311789	36865
66065529	32833
64060293	67141633
191145	4362108928
27029361	1081348
76371969	16809985
28146513	36928
12912033	536907776
48516069	2147553280
76528137	2147520512
45662601	1140883456
49586241	40961
30871677	37376
72678693	67141633
71217129	2147520512
27122349	671088768
60153501	1610613248
8091561	16809988
8188437	1610613248
58538361	1610613248
40684341	16912384
20314137	134217860
62091345	36866
1117461	1610612992
45718653	671088768
2799993	1610612992
14632149	16780288
286725	299008
14846313	2214592514
18120981	1074823168
58446993	1610613248
535557	150994945
23997045	1610613248
56233101	5435817984
26234589	4311744513
29079957	4311744513
61754385	36865
51112281	36865
51127509	5368713216
47603037	2147520512
25942989	4295000065
17597073	16809985
5692341	1610612992
68505897	1610613248
63260661	1073774593
15361149	1610613248
6868785	1081348
50676501	1073840128
54568713	36865
78635757	20512
57827829	1140883456
18866829	1074823168
54285861	100663360
39084105	167936
34468401	2147520512
41384181	4362108928
7432221	2147520512
72259437	1610612992
48785961	671088644
11466345	536907776
63409377	83918848
1229889	1610613248
652845	1610613248
35042205	4294987776
33202857	69633
62422797	36866
51021885	4362108928
39328077	1610613248
52075209	1074823168
28812657	67141633
22396809	561152
63420717	2147618816
28266069	4295000576
33484089	201326593
42088557	90112
34120749	4099
46910001	1610612992
14872233	1610613248
80433633	150995072
1891173	2147483682
8734053	8392705
14571885	5435817984
39828657	167936
79991373	1610613248
18501681	4311744513
28896573	4295004160
66157545	4311744513
31416645	671088768
37917057	4311744513
59900457	1610613248
72515721	135299072
22171953	2148012032
53264937	1073778688
57452961	1073774593
36025869	1081348
53260401	1073778688
39001485	3221229568
57887769	2147520512
30536985	4362080256
4520109	4362108928
40311417	671088768
56102529	1081348
7160061	4295000065
13806921	1610613248
46329069	1610613248
42473469	578
58082493	36866
78178593	1090519072
21670401	4362076161
67179117	83886081
19974585	536875520
71722245	1085440
7582233	671088768
25818897	671088644
81508989	17301568
24321693	1610613248
70169961	2147520512
47083989	3221229568
35109273	4395630592
43095549	538972160
67623645	2147487760
53838093	1074790404
74038197	4130
39860733	1073778688
38404677	3221229568
854373	2147553280
43468149	150994945
74120817	1610613248
60476205	67145728
7116645	1610613248
59581317	42
47903709	671088768
14847609	1610613248
64463349	67633216
8382513	134250497
27256485	800
49383417	1610613248
62050521	2147487760
1143381	1610612992
39764505	134217733
55787277	1610613248
58820565	2148012032
37274241	1073778688
53920389	4099
63076629	36865
41806353	2147520512
38187921	1081345
43251393	1082130688
63723333	1610612992
6243789	528386
46907733	1610613248
41884437	1610613248
80826969	135299072
56383437	2147516418
29608401	150994945
53541633	17301568
12872829	2147487746
43120173	2147520512
44305041	1610613248
44978313	2147520512
65736021	1073778688
13387341	83886081
80837013	4328554496
4373661	67133440
68220777	16809988
76519065	3221225474
8584365	67141633
66137457	561152
52487661	4311744513
67449981	4362076161
16270617	518
746805	4295000065
81290937	671088768
69744549	1610612992
11124525	1212416
13019601	16777792
81160041	1073778688
67310337	1610613248
67980369	1610613248
10689393	36865
2295201	524354
38230041	4311744513
54106689	1073758209
49040301	671088768
72077025	1146880
24127617	67141633
64167537	1610613248
75294021	2147487776
4047717	4362108928
63705837	67633216
29802801	1610612992
23246985	150995072
3400689	290
51550653	16797696
648633	83886081
39456381	2147520512
57019125	1073762304
42557385	1073778688
38472717	2147487746
47934813	4295000065
60491109	33591296
65530929	1610613248
6775473	2134016
49712925	671088768
6110949	5402263552
68539917	2181070848
17540049	671092736
65959581	1610613248
14755269	67141633
30492921	16809985
26859261	2147520512
54576489	36865
28128693	201326593
61703841	1610613248
29017425	4429185025
52022073	67633153
58621629	67141633
29398773	1074823168
57791217	1610613248
65160921	67141633
49829565	2147520512
6351033	2129921
41287629	5435817984
25866849	4311744513
61292685	37120
11493237	36880
22009305	671092736
17905845	83886081
5501181	1610612992
47075241	4295000320
49633545	36865
51283677	671088768
483069	1610613248
23411253	4295524352
78727449	1140883456
3575973	101711872
74681661	1610613248
1044885	4395630592
75414225	150994945
60003165	671088768
61734297	67108867
26127021	69648
19748757	1610613248
42844449	4362108928
58300869	2625536
197301	4362076224
58284993	17301568
12265977	518
4507473	1610613248
42167937	2147520512
74632089	5368741888
4688589	4429185025
39620649	4362076161
155505	1085440
16169205	37120
67901961	53248
1419105	67108929
53008653	671088768
39872397	1073778688
36564033	150995072
16984713	17301568
29656677	1610613248
1993233	671092736
45666813	36865
24098781	4099
36831981	32802
41590893	4295000576
50842389	16814080
6214953	5368709121
55372557	83918848
32164437	4294971456
31253673	196610
20742789	150994945
42212325	1073778688
80364945	1610612992
17704965	4311744513
34678353	4295000065
77701665	525314
32763837	2147487760
177213	37120
35638365	32833
70599261	1074823168
28055793	1610612992
42157569	1610613248
1440813	134217734
44530221	1073778688
74082261	2148007938
58215657	671088644
55645041	1048610
30522729	6442455040
55132797	4328521792
15830625	1081345
2280945	2147520512
38707617	36865
213177	1610613248
72389361	16814080
1555509	2147549185
3860769	16809985
12588357	200
35204529	1073778688
32443077	134221825
46407477	36865
4000089	4102
3345609	671088768
16924125	57344
62686857	671088768
30412893	1085440
31145133	327681
29787897	1610613248
9678189	1610613248
18060717	1610613248
61117077	1085440
18739821	150994945
406281	2147553280
32640717	1073762304
44685093	53248
63172533	1085440
25361409	1073774593
48383553	16389
44144661	1610612992
5508633	268568576
18568749	2181042176
9484761	1610613248
73491609	671088768
1828317	83886081
61712589	36865
60333969	4395630592
13865241	1085440
78503241	196610
37879473	1610613248
14660337	4362092544
24538449	327681
23783205	5435817984
26528457	36896
73617645	285214720
28510689	1610613248
43481433	671088768
62092641	36865
52130289	5368713216
59825937	2147520512
73851897	67141633
70238001	4362076176
43997241	4295000576
62112405	1610613248
19830081	150994945
42651021	2147487746
45486021	2147487745
8660505	1048582
26671341	1073778688
32797209	524354
54013377	2147520512
32558097	67112961
66406377	4311744513
72412689	36865
14369709	134217888
38623053	4311744513
24606165	1085440
51794949	53248
27016401	150995072
49415817	561152
13059129	1085440
29553645	1090519041
33066777	1073762304
73468281	4311744513
71213565	1610612992
12801225	1610613248
69647025	1610612992
60525453	1081348
69930525	1610613248
64578045	1073774593
1552269	1610613248
4469889	671088644
9998949	3221749760
72307065	1081345
25939101	1081348
71070033	36865
44330637	83886081
1188093	1610613248
53241285	3221229568
4886553	16779520
1342965	7516192768
93621	134250497
8330673	2147553280
4949085	4102
41559465	16781313
55744833	75497473
7870269	3221229568
60024549	32802
68876229	1610612992
56332245	2147487760
22033605	1610612992
51639105	36865
77229273	2625536
41885085	1081348
81394293	4130
43102677	1610613248
42025053	1610613248
50634705	1085440
8271381	1610613248
35742369	57344
19179489	32833
37634853	1610613248
42100545	2147483682
68723949	4311744513
13822149	4395630592
55686189	1174405120
4677573	1085440
47894637	16814080
36755841	1081348
33189897	671088768
80825997	1073778688
780501	1610612992
13248345	201326593
23165337	4362108928
25324797	24578
874461	36865
1390269	327681
11629317	1610612992
44626125	33591296
2403417	1085440
26529429	17334272
4412865	1610612992
64314309	1610613248
59911149	2147524608
80818221	37376
78120921	1610613248
72293457	1074823168
50089737	4295004160
28426125	201326593
20856189	2147581952
62839461	1610613248
44447601	16814080
27946281	201326593
25469625	150994945
44346189	1610612992
18103161	327681
38580285	20481
74427321	671088768
19298073	1610613248
66284877	327696
7779873	2147520512
73651341	671088768
62792481	2147520512
48212805	16809985
43137345	671088768
47253441	1081348
55368345	4353
63412617	4311744513
51213369	1610613248
15053997	671088768
33502233	1610612992
77562669	16912384
44342301	671088768
24103965	1081348
53272713	36865
63957909	36865
56932941	4362108928
28942581	4295004160
52708305	671088644
77451861	4102
45514857	24608
4759221	1610613248
73430373	4295004160
55465221	1073774593
54746265	1610613248
69712797	17334272
10307721	35
30778041	150995072
64228125	3221749760
30245061	4099
48399105	1085440
52949037	4362076161
70957281	36865
57051849	331776
44948505	3221229568
7073229	4099
55846245	1610613248
65857197	1073876992
47162397	1073778688
72621669	1074790404
3892521	16797696
64017525	32833
21348669	536870918
35275809	2147487760
13615761	4362076161
72885	37376
110793	67141633
56541873	786496
3917793	4130
61148181	17301568
11310177	1073778688
52454289	1610613248
47942913	4362108928
17530329	16797696
27704577	2147487746
52807125	4362108928
38612037	2147487746
11333181	36865
1885989	3221356544
49040949	4099
22444761	1610613248
54436197	8392736
12057969	67141633
18352965	671088896
21485073	1610612992
1264233	1081348
10429221	1610612992
71908221	2147520512
20295345	4395630592
1211421	1085440
24620745	1074823168
21755937	2147520512
76391733	1610613248
37763805	36880
1178049	2147520512
733197	4311744513
4253781	2147520512
49272933	1610613248
643449	1610613248
30659781	671088768
7178529	36866
34968657	136318976
33702141	2147778560
14748789	83886081
25451481	3221258240
9789645	327696
6146265	67158016
2259561	671088768
63451821	1073745921
49459233	16809988
75048429	2147520512
47009469	2147520512
29571789	5368709121
21460449	150994945
79878945	1085440
68910249	1085440
18383745	16777282
40071009	3221291008
74901657	16912384
21020457	1085440
48414657	671088768
8404221	40961
73202277	16814080
55957053	150995072
27333273	1610613248
61605993	150995072
65435349	1074823168
20860725	135266308
8753493	134250497
41419173	1610612992
1681869	1081345
25895685	1073778688
65162541	1073774593
25170897	1081348
79391973	36865
24130209	201326593
32564577	83886081
77452185	1081348
73770897	36865
77273013	2147520512
9231717	1610613248
25365621	4362108928
68902473	524353
56169597	4311744513
10015149	1074823168
35893029	1610613248
69164913	36865
3316125	1610613248
45361929	2147520512
19219017	1610613248
67127277	671088768
18244425	8421377
20732745	36865
68060073	671088768
14304585	1610613248
59237229	1610613248
66292653	2147520512
37407405	671088768
62454225	1073778688
26553081	24577
4556073	102400
23360709	671088768
32665989	134250500
66095337	1610612992
30466029	671088644
30829881	1146880
80280705	1610613248
30067833	2147616768
6146589	2147520512
53915529	32833
1260021	67141633
43632741	1610613248
58073097	1073778688
44388309	1610613248
56017965	134217860
76262781	16779296
66126117	1081348
31637613	1610613248
49229517	8392705
72376077	2147488256
22993941	1610612992
76083609	671088768
26538177	1073778688
42729429	36866
71265405	4311744513
31047285	8413184
24764925	4353
58578537	1610613248
60159009	2147549186
30070749	1074823168
37236981	1610613248
43335633	1610612992
74339517	36865
49806885	135266308
58842921	1081348
73652313	2147520512
38358669	4362076161
77031309	40961
3798885	1610612992
1095429	1610613248
33788973	671088768
54933537	3221356544
409521	1610613248
44930685	671088768
79716621	4311744513
10289253	1610613248
71089797	4362076224
62103981	1610613248
45661953	1610613248
131529	134250497
32561985	1140850689
67608741	1073766400
78019509	1081348
2354817	8425472
81251733	36865
50526489	2147520512
13093473	1610613248
18640677	150994945
18233733	3221229568
70679289	1610612992
21014625	1073778688
16741065	1073778688
81554349	671092736
5208285	1610613248
24050505	37376
54530157	65793
23215881	150995072
5393613	201326593
782769	2148012032
52495761	16814080
49354581	2147520512
68548989	1074823168
37166997	1610612992
7844349	1081345
16514589	5435817984
75366921	135266308
51280437	2147488256
25490685	553648384
15676077	4102
72680313	1085440
5320389	1610613248
75714573	1610613248
24430881	1610613248
41990709	53248
80316345	3221229568
10103601	33591296
13973133	34820
259833	67141633
1641045	6442455040
37471233	2147487760
8566221	65793
49062009	1610613248
3991341	1610613248
72321645	1074798592
3784953	32833
20596665	1073778688
47049969	671088768
75695457	1073778688
5878965	1082163200
52758525	524384
21444897	1610613248
8347197	1610613248
57773073	1073774593
3973197	671088768
53666373	135266308
40158813	2147520512
35332509	2147516672
62029137	2147553280
78556377	53248
67377	1610613248
51458637	2147487746
31859229	36865
39231849	150994945
38816805	4295000065
59490273	1081348
73222365	1081348
50993049	2625536
18071409	1085440
17574069	1610612992
40097901	36866
19688493	1610613248
20038089	83886081
37969545	4311744513
79230621	53248
38404353	1140850690
12905553	671088768
12773361	36865
40527201	67141633
4174725	4295000065
27023205	150995072
48690381	4295004160
76150029	16809985
8657265	67141633
26550813	1610612992
35990553	1074823168
51259053	2148012032
53117517	33554438
40668141	2147524608
43962897	2147487760
34875669	1081348
1051041	83886081
78643533	36865
81332409	2148012032
15919725	1085440
36176205	1610613248
74718273	36865
22170333	671092736
38335989	561152
40578717	3221229568
30059409	2147520512
3736353	1610613248
67692981	36865
72209217	65554
80195493	36865
52387545	8425472
53540337	671088644
73011441	2625536
78865473	1073750528
275709	1085440
48858213	134283265
35544081	17334272
74717301	327696
48597393	4362108928
53372829	4362108928
44384421	1610612992
56368857	1073778688
6775797	1073745921
23282949	150995072
77397429	4311744513
510609	2148012032
39867537	1073778688
24633705	1610612992
33052521	37376
3695853	2147520512
68929041	561152
43414365	2147553280
21952605	83918848
79312269	4295004160
11845425	32802
70398381	1610613248
27305733	671088644
65529633	1073741857
33812949	1610613248
23912481	1610613248
4859661	671088644
65328429	98305
54334785	102400
5990421	98
6069153	67108929
28380441	201326593
23789037	561152
30035433	4311744513
51356577	1610612992
22159965	1610613248
18675993	32834
32161521	1073778688
22429533	1610612740
7312341	1073762304
2568009	1610612992
75311517	200
8576265	2147487746
18786153	4311744513
20510157	2147520512
55738353	4130
62004837	67108929
5631105	671088896
47616969	201326593
36567921	1610613248
13675377	2147614736
16364901	5368713216
6703545	135299072
53748021	1073778688
8690637	25165825
76461069	1610613248
68535381	53248
46935921	1610613248
4387917	1048836
63319629	36865
41026161	4311744513
43122441	135266312
67448685	167936
49281033	524322
25087629	16777222
79226733	671088768
12945	1610613248
72033609	1610613248
4826937	4395630592
376149	1610612992
65726949	5435817984
10252317	1081348
15793041	83886081
17696865	1085440
48917829	65793
49598229	1115136
48289593	1610613248
17502789	1610613248
28680789	561152
16178277	1610612992
57708273	1073778688
27652089	36865
50313621	1610613248
46950501	1610613248
64796097	1081348
77244825	36865
30514629	24832
20263917	1107329024
34318389	537919492
79292181	37120
68289141	17301568
36884145	268568576
21672021	1081348
51461553	671088768
67886409	2147487746
56558721	1610612992
17392305	1610613248
33015909	67141633
22448325	671088768
14835621	67141633
1151805	40961
46204653	36865
73003017	1081348
29051445	4130
11343225	4102
67341765	67141633
3410409	4362108928
27152481	4362108928
74637597	1073775104
8170293	1610613248
56684433	1610613248
62412753	1610613248
72485265	69648
23719701	4362076161
3275625	2129921
49053261	16781313
50653497	2147520512
51998097	4362076161
64429329	37120
63405489	32774
11973081	36865
53214717	524608
21266049	1073746176
61152717	2147553280
38512569	2147520512
77569149	4294987776
75986733	268568576
23995749	1610613248
19962273	1081345
44465097	671092736
65305425	4311744513
72161913	1610613248
565041	1081348
45277689	67112962
58885689	8425472
31490193	671088644
68250261	1081345
70712661	2101250
68647485	1610613248
44623209	36865
45405669	36865
47709957	36865
31076769	32802
50871225	4362076161
7789269	561152
38723169	4295000065
17095521	2147618816
661269	1081348
71967837	1085440
51568473	1610613248
71917293	2147520512
47958789	5435817984
38350893	36866
43184973	2147549185
15810213	83886081
73831485	1073778688
17381289	67633216
53960565	1610613248
77023533	16777281
15203037	35
69107241	1610613248
70057857	1610613248
70777785	1073778688
6080169	67112976
56012133	16809985
71079105	4328554496
36326541	37376
52116357	1074270208
17937921	1610613248
9744933	1610612992
61048065	1610612992
4549593	196610
51742785	1610613248
7943169	1610612992
14899125	4362108928
73843473	2147487746
51559725	24580
21585513	1085440
44750217	32864
22672857	1610612992
2177265	67108929
50674557	671088768
12346653	671088644
71456889	2147520512
23416437	1081348
68410641	4102
62421825	134217762
134445	67141633
3880857	36865
54214257	65793
74949933	37120
18318621	327696
70582413	16809986
48646641	671088768
49187721	671092736
33272193	1081348
73073649	2147520512
42669813	4429185025
12418581	671092736
69381669	8421380
71950665	1073778688
63283665	1610612992
52223925	86016
60872457	2147520512
36562413	8425472
32843217	2147520512
54687945	16814080
1480989	4563404800
67009665	16809986
31327221	2147520512
17911353	524354
76017837	4362080256
1324821	1610613248
6099285	17301568
66166293	1610613248
31898757	134221952
283809	134254592
78048021	150995072
58263285	1073745921
62009049	1074823168
50512233	1610613248
42720681	25165825
31025901	4295000128
3241281	1610613248
19002261	150994945
3478449	671088768
48782073	671088768
4903725	6442455040
70273317	2147520512
51635217	16814080
56498781	1074823168
18662385	33591296
36473313	1610613248
45439689	1610613248
75540909	36866
17550417	1610612992
22320345	1610613248
47520093	36865
53052069	1610613248
70286601	4295000065
44894397	671088768
81289965	671088768
15481353	33591296
18993513	2147520512
78357117	528386
4027953	1610613248
27421401	2147581952
457149	1610613248
16931253	1610612992
34922001	8392736
67459377	17301568
76753317	1073778688
36215409	671088768
30578133	67112961
23183157	557120
53907105	1085440
19222257	2148073472
57045693	671088644
38218701	561152
64521993	1074823168
698205	1610613248
3022905	17301568
59140029	4295004160
72721461	1610613248
51958893	5368741888
60152529	1085440
13012473	1610612992
62507361	2147520512
59936421	1610612992
31752633	2147520512
47577765	151027712
79528701	537923584
79439925	1610612992
8735673	524801
62670981	1610612992
21815229	671088896
44944617	36865
26709573	1085440
1459281	32833
40512621	8425472
57847269	37376
46672185	1610612992
40242081	36866
72518637	1081345
15660201	150994945
47320509	67141633
44049	36865
70511781	1081348
8279481	2147520512
80780313	37376
9094017	1610613248
27171273	2147520512
40954233	1081348
1418457	1085440
31414701	800
54834069	5368741888
28176645	4311744513
78792897	4362108928
30350685	2147487760
32249325	2147549186
27895413	2147520512
19829109	150994945
56807553	1073762304
7739049	102400
79638861	66564
21081369	524864
26512257	4395630592
8869485	1085440
72596721	671088768
44373	1082134528
76122813	3221229568
36149637	67141633
41060829	4311744513
52441329	1082163200
4311129	4362076161
65351757	5435817984
47819793	1610613248
48814473	36865
2654517	75497473
71218749	1610613248
37325757	2147520512
53598009	1610612992
77360817	1610613248
412113	2147553280
17751621	1081345
11328321	3221356544
41334933	1610612992
34233177	33587456
33202533	16781314
78983409	2147520512
74722809	1081348
79629141	1081348
2031465	1610613248
71467581	671088768
18773517	150994945
68958201	37120
15767121	1610612992
1847433	2147520512
51964077	1610613248
123753	67141633
6440781	4297097216
33848913	4311744513
79308057	67141633
77792385	37376
53927193	2147520512
8014125	1074823168
42201957	671088768
18097005	1610613248
3600273	32864
7408569	4362108928
38902341	1073778688
47124489	150994945
18413877	1107558400
25002093	1085440
26555025	67108929
29703333	4362108928
943473	2147520512
68395413	4362108928
1465761	83918848
27394185	201326593
54049017	1610613248
25146273	5368741888
73630605	1610613248
19523577	16781313
49403505	1073778688
29698797	4362076161
69748761	2147487760
56989965	2147487760
1822485	1610613248
69191157	2147520512
52397589	2147616768
11717445	557120
17912001	327696
53562045	4311744513
62614605	1610613248
20614809	3221229568
22493361	17301568
50963889	1140883456
12384561	1610612992
4421937	2129921
44914809	37120
12372897	671092736
40522665	1610613248
1801101	1081348
30762813	67633153
66257661	5435817984
63813	4295102464
27658893	1610613248
52362597	4328521984
80092137	1081345
38996625	590848
53921037	150995072
9129657	4362076161
72848793	83886081
33561525	1073774593
79197249	1073745921
51093489	2147520512
64681077	37120
11790993	1610613248
1560045	1610612992
74661573	98305
15683529	1073778688
68729781	36865
602625	32833
19045353	577
34276593	1610613248
32239281	671092736
71942241	1081345
44183865	37120
9691797	327696
25678605	150995072
76062873	36865
74533917	36866
78939669	53248
27922629	2147520512
79316805	1610613248
2127369	83886081
43482081	2097218
72521877	671088644
52883589	2147487776
75560673	2147487760
80131017	1085440
48256221	1610613248
68028321	4311744513
33508713	16809988
66893673	2147520512
15684177	167936
42094713	1085440
65740557	1073778688
30167301	671088768
5221893	2147618816
67421793	2147487746
14229417	2147549185
78159801	5368741888
26408253	1107329024
68667249	4311744513
1775829	1610613248
874137	4311744513
58095129	1140883456
50769165	1610612992
9420609	557568
14061585	671088768
22761957	536875520
14248533	16812032
1652061	2147520512
15772305	83886081
31485333	1610612992
15803409	83886081
17356341	32802
21461097	150994945
65071173	2147553280
33138381	83886081
24166173	3221229568
77135961	1610612992
40017873	4295000320
42856437	2147520512
57557613	2129921
13017657	2148012032
5360565	671088768
5530665	2147520512
1122321	16777984
55326549	1081348
52501269	671088768
65257473	1073778688
52749129	1085440
56694801	2147487746
37994493	4311744513
41310633	150994945
26707953	1610612992
24579273	1085440
58095453	1610613248
73396677	67141696
28813953	1140854784
42215241	67141633
39019953	36865
39597645	4295000065
2430309	1610613248
4490625	1085440
32766429	4294971393
11040285	524354
76278009	1610612992
57547893	671088768
378093	1610613248
779853	135266308
23583297	35
27206913	67141633
8432733	4311744513
8015421	3221229568
5675169	2147520512
31027521	1610613248
69076137	1610613248
9415101	1610613248
53548437	1074270208
34965417	49408
77384793	4362108928
78092733	5368713216
36389073	134217738
14926017	553648384
13046169	1073745921
35741721	1073774593
24714381	2101249
49551897	36928
57824265	69648
56723961	17334272
45083613	671092736
54408981	671088768
51004065	36865
4506501	2147553280
15061773	1610613248
35324085	331776
2159445	1610613248
57070965	4295032834
14015901	1610613248
57571869	1085440
9358077	98
56524377	671088768
7350249	671088768
36178797	4295000065
57074529	1081345
758145	150994945
73290405	3221356544
39227637	1081348
56030925	67141648
17317785	1610613248
1228917	137216
47180541	2147520512
52435821	1073762304
13854549	1073778688
53207913	1610613248
14533653	671092736
17364441	671088768
26075181	201326593
38185653	67141633
70833513	1081348
21608193	1610613248
38159409	8425472
64734537	37376
50002905	2147520512
36119181	4295000065
1629705	67141633
33615633	2147749888
44006961	4294971393
49504917	36880
34330701	4311744513
3902565	1610613248
59766321	327696
57333405	1610612740
28911153	671092736
42642921	1610613248
14966517	134250498
11384049	1610612992
5628837	2147520512
30576513	3221229568
36283773	1610613248
47630253	1081345
44586273	1610613248
17787261	16777984
56260317	2134016
63272001	2147487760
67819017	4395630592
32117457	4294971393
51625821	3221229568
71215833	134479873
78031173	32833
80886909	4295000320
5699469	1610612992
32966985	8425472
13921293	17301568
44395437	16809985
68664657	2147520512
26751045	2147520512
38502525	4362108928
2614341	5368713216
39649485	36865
59028897	1610612992
80712273	2147618816
27669585	83886081
45255333	135170
51461877	16777219
6550293	1073774593
12757809	1081345
52936077	524353
73675965	1140883456
57251109	671088768
28958133	2147520512
70351077	16912384
77797245	2147520512
48566289	2147520512
57229725	1073746048
79251357	5435817984
26889393	134217857
37303725	851968
33982725	167936
243633	36868
9838245	1085440
81260157	1610613248
4647765	1149239296
43547853	37376
8297949	2147520512
799293	2147487746
47980173	36928
15424329	1610613248
76538505	1074823168
7001949	67141633
3784629	1610613248
20551953	1081345
46826409	2147520512
8089293	1610612992
65277561	36865
42730401	4362076161
8721417	1610613248
27567201	3221229568
68456325	1074266114
57254349	16908304
64459461	1073745921
36507333	4294967329
48513153	1073778688
10036209	16809985
48565641	671092736
38063505	2147487760
14175309	1610613248
33794157	1610613248
44399001	1610613248
31112409	1074823168
71949693	2147487760
70722705	671088768
44234409	36865
71921829	134254592
52229109	16842754
2794161	1610613248
4078497	671088896
57747801	36896
2320473	1610613248
55595145	2147520512
77454777	1074270208
33024009	16779520
51105477	1610613248
522921	36865
13636821	98305
80725557	33591296
14439045	1610613248
70572693	1074069504
32845161	1610613248
19901685	150994945
13842237	4311744513
33249189	4362108928
64104681	671088768
43940541	4311744513
73330581	671088768
34195269	536870918
47060985	16781313
41273697	36880
60467781	1610612992
69882249	4295000065
71963949	83886081
23995101	672137216
36418881	1073778688
52757877	1610613248
25572333	2147487746
74865045	1081348
72008985	102400
17750001	1610613248
44576553	671088768
70932657	37376
29069913	150994945
77002473	134217860
52387221	67141633
5467809	6442451008
68081133	1140850689
25497165	167936
47712225	1085440
7310073	1610613248
33265713	4311744513
71534001	32833
68513997	4311744513
56962749	32802
253353	2147520512
32086353	4295000576
81410493	36866
33688209	2148139008
4492893	4311744513
39491373	2147520512
39168993	1610613248
17219613	1085440
7438377	150994945
73464717	1610613248
21842769	114688
19421841	4328523776
2511633	135299072
30546705	4311744513
36262065	50
11465697	83886081
39897993	1610612992
69731913	2164264960
63711345	1610613248
56382141	28672
2640261	1610613248
29410761	8392705
71469849	1081345
74342109	69648
25668561	36865
63863301	1610613248
26647689	37376
17605497	57344
35119965	83918848
45717033	671088768
74997885	1610613248
18531165	2147520512
11011125	134221825
41215053	4102
18639381	150994945
77341053	4362076161
36079977	36865
55044345	20736
43363173	671092736
24331737	100696064
43934385	671088641
11882685	17301568
57602649	4311744513
52251141	553648129
50826837	37376
66164997	1073778688
29377713	1073742084
33821697	671088768
5651517	2147520512
44409045	70
42398949	83886081
56377605	200
32253213	1073766400
33072933	561152
60566277	68190208
399801	1610613248
3849753	4295000065
36428925	1146880
13242513	1610612992
77340081	2147520512
15832569	2148012032
42521421	1081348
44318973	2147520512
2054793	1610613248
50085849	1610613248
65301213	4362076161
25624497	16809985
7453605	1610612992
12947673	1081345
56361729	1610612992
41474577	32864
44058801	1073745921
28312077	4362207232
66579717	1107296257
60102309	4362108928
37811433	4362076161
69784401	5435817984
41214405	1610612992
43111749	1074806784
363189	4102
44937165	2181070848
30555453	1610613248
13473849	196610
2883261	1073762304
76395621	16912384
56746641	8425472
72261057	36865
11613765	2147520512
3091269	2147520512
68628369	83918848
900057	1082163200
42535029	33619970
13837377	2147520512
43071249	3221229568
54200001	36866
79304817	2147520512
16631553	135266308
40191861	4295000065
1500105	2147487746
25549005	32773
79294773	4362141696
51218229	201326593
62295465	16777282
15300885	4311744513
58021257	1074823168
78730365	2147520512
31190169	2147520512
42892725	4295000065
37918029	1073778688
79152213	1610613248
27142113	1073774593
70647537	4295491648
44495229	1610613248
53529969	36865
64608825	32833
30287829	3221229568
32765133	4311744513
65397765	2147487746
72601257	136314881
40777005	1073774848
79582485	36865
80116761	1073778688
13790721	74
35151717	1081345
2548893	32833
6493917	1610613248
65234145	1610613248
30713565	17334272
51631329	1085440
60214737	1073778688
51379581	1073746176
963885	1610613248
2086869	1081348
280893	1610613248
33290661	1610613248
42685041	671088768
30714861	4311744513
60418209	1081348
48889317	1107296257
10626861	4395630592
10494669	134217733
62024925	37120
48888345	4296048640
70887621	2147520512
61437837	4362076161
15792717	83886081
69526173	4311744513
80339997	2148012032
8896701	557120
47502273	3221229568
10184277	2147520512
32837709	100696064
68351997	36865
46526709	36865
36575049	2164264960
17320377	1610613248
1708761	1085440
35038317	1073766400
5070585	2147483682
61025709	557120
52981113	671088768
10643061	150994945
17939217	327696
26056389	1085440
61709673	1610612992
37768017	528386
486633	37376
612345	4362076161
73083045	4295491648
23264157	53248
4644201	5435817984
73289757	4362108928
28821729	1074823168
54526269	134221825
11802657	2147487746
17271453	83918848
4834713	2147520512
78605625	1610613248
68688633	671088644
80471865	3221229568
76590345	1610612992
79535829	2147488000
37628373	671092736
18265485	16781313
78871305	1610613248
4593333	20512
21191853	4362076161
61379193	1610612740
524865	1081360
52724505	4311744513
18501357	36865
35901129	135299072
46472925	4295000065
41688093	2147520512
1164441	4311744513
40980153	1081345
1300197	1610612992
15430485	83886081
5998845	1610613248
22327149	2147520512
48532269	536872964
13269	40961
77151189	1082163200
61999329	36866
67588329	5368713216
74209593	1610612992
12540081	671088768
51704229	1610613248
34940145	671088768
25008897	4311744513
18050025	1610613248
30598221	1610613248
65724681	134283265
2469513	4429185025
3755145	2147487745
70976721	4362108928
52798701	4311744513
20416845	4362108928
78529809	5368709121
62034321	67108929
11647785	1610612992
49303065	2147487746
4116405	4362076161
76163313	671088768
52069377	36865
36775929	4130
55190793	1610612992
55709517	9469952
31429605	671088768
56683137	1085440
28208073	3221229568
35814297	1073778688
65861409	36865
12862461	671088641
39194265	36865
66119637	2147520512
61923189	67145728
11438157	137216
25850649	32802
26845977	536907776
9740721	1610613248
53983893	1610613248
865389	17334272
20185833	2148012032
67510569	37120
76755909	97
75937485	1073745921
5038185	1610612992
2149725	1085440
71988573	97
67380321	1082163200
12779841	3221229568
3344637	262178
2797401	1049604
36547509	4295004160
68007261	4295004160
73186401	1610613248
61083057	4362108928
46598961	2147520512
145461	1610612992
75169281	3221229568
70299885	3221229568
35068449	1073778688
52988241	2147487746
21579681	1610613248
31513197	1081345
48796005	2147520512
65802441	1610613248
6548025	1610613248
46609005	2147520512
35778981	16781568
39833193	671088768
57771777	2147520512
33534957	327681
26514201	671092736
72946641	1081348
79349205	4130
339213	4295000128
62855013	36865
9110217	1610612992
10244217	536871170
64183737	4362108928
15098061	1610613248
55053093	17301568
16401189	33652736
39744741	1610613248
58194597	2621504
75613485	4295000065
59129337	1081348
54494193	37120
5708865	1610613248
19926957	83886081
65604801	4294971393
46589241	561152
77792061	1610613248
16356477	83886081
35327001	1610613248
14812293	671089152
43667085	8425472
66900153	1074823168
61931289	36865
34774581	2147487760
52189905	1085440
46824789	1610613248
53706549	1610613248
1472241	2147487760
30244089	134218244
74224821	1082134528
17048217	1610612992
9594597	1610612992
22384821	1610613248
57063189	1610613248
62115969	1610613248
38480169	1073774593
57881937	1073778688
152913	1610612992
14881305	1081856
14054457	671088768
2855397	67141633
76378449	1074823168
16632525	135266308
65482329	17301568
71615649	2147520512
4097937	1085440
72659901	4362076161
47296857	1074823168
360921	37376
40739745	1085440
47987625	2147520512
53955381	83886081
38470773	671088644
70626801	37120
5219625	1082163200
80146245	1081345
66121905	4362076161
1547085	327696
32852937	561152
2504505	557064
8550345	1081345
39422037	34817
2169165	4311744513
35797125	33619970
53961861	5435817984
6236661	4362108928
48750645	1085440
77341377	1074823168
49551573	1074823168
75375021	4362108928
27055281	5435817984
55238097	1610613248
72074757	1610613248
2750097	36865
29700741	36865
35063589	1085440
58463517	4328554496
69417957	536872964
41917809	1610613248
11793909	1610612992
68388285	1085440
34063401	4102
47001369	37376
38015553	32834
300009	16809985
11971785	3221229568
73179273	1610613248
19019757	150994945
21560241	150994945
52260861	2147553280
6849669	1610612992
47136153	67141633
37384401	4311744513
14910789	150994945
8200749	1085440
10224777	1610613248
16195773	137216
47406045	37376
59859957	2147520512
3625869	4295000576
25731093	70
30249921	136318976
3432117	36865
53358897	1073778688
19513533	8392705
65874693	1610613248
12882873	671088641
67074789	2147520512
1745049	4362076161
37553853	1073778688
35539545	4311744513
66263817	524353
69196989	2147487760
19672941	2147488256
21032445	4311744513
65772633	1073778688
37740477	2281705472
34700385	1081348
34969305	67141633
48568881	4311744513
44082777	2147520512
549489	1114368
71337657	4311744513
41748357	671088644
6556449	17334272
53121	135299072
24372885	53248
65140833	4362076161
53128533	16814080
7069665	1081345
20547093	1610613248
53592177	4362076161
4599489	2147520512
21382365	70
10582473	75497473
2531397	2147618816
12005157	2164264960
59225241	1073778688
1087005	1610612992
19684929	16809985
16368141	1610613248
37091505	83886081
10353	672137216
43814181	1610613248
46628121	1610613248
41236113	16777282
39957285	1610613248
50380365	36865
78841821	4362108928
55738677	135299072
44775813	1081348
49924821	3221229568
48981657	36865
16349997	1610613248
35589117	2147487745
2634753	101711872
50368377	57344
64673949	134283265
2169813	32834
34506957	1610613248
2912421	1610613248
9013017	136314882
72051429	1610613248
67984905	671088768
73858053	1085440
36384537	536940544
5885121	134219780
56365941	8425472
25840929	36865
364809	1610612992
59656485	1074823168
43204413	2147520512
70016061	150995072
31724121	67141633
11440425	537919492
79377393	53248
1167681	1610612992
59227185	17825793
50900385	1073766400
8550993	17301568
4477989	83886081
77425293	28672
50813553	36865
9819777	1610613248
27252273	2147520512
4567413	1610613248
34054005	671092736
31889037	1610612992
13975725	2148012032
73416765	2147520512
73402833	1140883456
39746685	135299072
15786561	83886081
77255841	1073778688
44560677	671088768
18590133	671088644
33136113	134283265
3094509	134217734
63441453	331776
52664565	671092736
30126153	4362108928
26500269	150995072
63416181	53248
48057609	32834
47429049	4311744513
66596241	2147520512
2631837	1610613248
32619009	57344
66099873	1610613248
5864709	3221229568
25839957	262150
68075949	5368741888
35944221	1212416
24028797	1610613248
46748649	36865
1253217	2147487746
52398885	4311744513
55799589	68608
7151961	2147520512
64394661	134221826
54136821	4226
24545901	57344
4743021	2147487746
32563605	1073758209
10346925	671088768
34397445	57344
59945493	1074823168
54730065	590848
55955433	86016
39904797	2147520512
79725045	1085440
48609057	4102
614289	4362108928
4591065	1074823168
29931753	201326593
65875341	1610612992
598413	2164264960
1842249	1085440
81633729	1073766400
67983933	1610613248
38203149	33652736
50741301	4362076161
1759953	167936
154533	150994945
80693805	2147520512
50010681	1610613248
58606725	1056772
2232669	2147487746
18129	4362338304
25025745	1610613248
70540941	528448
73990245	134250500
74344053	1073778688
40088505	2147487760
44211081	671088768
25411629	1610612992
63482277	1081345
79972905	4295004160
24594501	32834
63969249	1610613248
71939001	2147487746
71516181	671088768
77378313	2147520512
257241	1610613248
1255485	17301568
70180977	671088768
63308289	671092736
39079569	4362108928
3248409	1610613248
46742493	1610613248
72649857	83918848
61248945	1610613248
40436805	36865
11481573	2148012032
57053793	1073872900
15635901	2148012032
16054833	83886081
19715709	134479873
41643057	1610612992
40744605	36865
73878141	4295000065
50222577	1074823168
1449237	1610613248
80071725	83886081
20996481	2147520512
29273385	4362108928
11267409	2147520512
39708129	37376
67651509	134217733
3718533	67141633
33212577	36866
33709593	1610613248
47965593	1610613248
34789485	36865
211557	2147520512
24059577	16777221
41986173	671088768
32115513	2148012032
61739805	32833
25232133	671088768
30832797	1610613248
69995649	2147520512
80305329	1610613248
42355209	1610613248
36502473	40961
63557445	4311744513
2447805	1610613248
51867201	1081345
71943537	37376
35188005	4295000065
68170557	2147520512
58764189	37376
57663561	1610613248
1613829	4362076161
19329825	1610613248
56088597	1610612992
44996781	2147520512
1302789	4102
8830929	1610613248
63855525	1073778688
47637381	1085440
22073457	1610613248
62862789	1610613248
41831301	4295000065
36781761	36865
4676601	1030
81115329	101711872
4991205	8425472
62994333	1610613248
11450793	1610613248
2461413	1610613248
2520381	1610613248
69627909	3229614080
35881365	2148012032
11213301	36865
44170905	37376
25491981	671088768
21343161	1610613248
54300441	671088768
4943577	1610613248
6316041	98
48697833	4295004160
36090993	33281
1869141	2147520512
6215925	1610613248
44275881	1085440
40360017	2147487746
9322437	1610613248
62755545	1610613248
41940813	83886081
77988729	1085440
76095273	687865856
2332461	1073840128
41498229	67141633
34461921	37376
49402209	671088768
13155681	4311744513
61185117	536903684
46998777	4099
51249657	1081348
30901809	150994945
972957	4102
61913469	1610613248
6482253	1085440
9972057	1085440
77203029	16912384
62648625	53248
63137217	1610613248
33557313	2147495936
28010433	4311744513
12227745	1610613248
68043225	1610612992
14017521	1610612992
58539981	4395630592
49063629	36866
30874917	32840
80803317	3221229568
6651705	1073745921
40205145	134217733
16305285	32834
43561461	1610612992
14471769	16809985
50059929	17858560
49535697	67108929
35858037	16781344
49782585	1610613248
35944545	1081348
24975201	671092736
10860789	1610613248
67715013	134218753
29385813	57344
33076497	2181070848
44935869	67141633
73162101	1081348
3109413	4295491585
136389	67141633
35789997	4295000065
49578465	671088768
41702025	295168
81583509	2147520512
49536993	67141633
19016517	150994945
7349277	37376
3113949	1146880
58079901	1107296257
39880497	673185792
678441	1610613248
57826533	36866
261129	4296048640
28506477	102400
75453429	1074823168
43791825	1610613248
67900989	1610613248
39315765	24580
12961281	1610613248
6752793	1610612992
26357061	100696064
107877	67141633
65024517	134217733
1164117	1610613248
80198085	2147520512
47951985	36865
80179293	1085440
13660797	4102
81278301	4395630592
77851677	36865
70370841	1610613248
11767665	671088768
61644225	1610613248
20116821	1073778688
47875521	2147520512
15197853	1081348
33512925	2147520512
73169553	3221229568
12078057	2147520512
64056081	1610613248
60140217	1081345
76081017	4295000576
21016569	16809985
72426297	1174405120
3850401	1085440
46572069	671088644
52385925	16809985
33652893	167936
49966941	57344
71795145	4106
75311193	67158016
14919213	67141633
23979549	98305
35003649	1081348
34880853	1140883456
46975449	1081345
37922889	4311744513
16347729	4311744513
25201029	268568576
21335709	4102
23514933	671088644
4445265	8437760
36955425	671088644
12660933	671088644
824889	2147553280
569577	150994945
56349741	32802
37236657	4295000065
45278013	1572868
3577593	1610613248
47777349	67141633
54489333	1085440
12660609	537919492
3664425	1073774593
30474129	1085440
12332721	36865
61092129	1610613248
37262577	2147520512
77128185	4294971456
14306205	1610613248
20118441	4328587264
70348809	36865
68325753	16912384
80998041	2147487760
17160645	1610613248
4724553	4362076161
13075005	1610613248
47769249	16809986
1710381	285343744
46398081	36865
64635717	36865
9006537	1081348
81678117	1073774593
21493173	671088768
21363573	150994945
72146361	2147487746
9671385	2147520512
74587377	37120
22527381	1048582
43729617	32802
26823945	141312
2980137	2147520512
61641957	134221825
24481101	83886081
6642309	327696
57303921	2148040704
42631905	4295000065
50540745	1140883456
14115369	1610612992
50746161	1610612992
50240721	36880
81162633	5435817984
43160349	4362076176
64747173	1610613248
37269057	4353
36690717	1610613248
10254585	1074003969
13399977	134254592
42787101	1610613248
17357961	1073745921
40501281	101711872
12381321	671088768
68821473	671088768
60248109	1081348
25368213	36865
32481633	1610613248
75856809	1073746432
53852025	4833935360
13924857	1610613248
14086533	1081348
31887093	3221229568
12699165	671088644
60755493	2147520512
22487529	536875520
33734865	4099
70776489	33793
21186669	1073774593
27070185	1610613248
49776429	150995072
62930181	1073766400
17151249	2148007952
74464581	2147487746
28556697	1081348
75016353	321
6031893	1610613248
32271681	671088768
17442201	16809985
3830313	1610613248
47423541	1081345
12987525	1610613248
5850453	1074823168
78331521	1074823168
16676265	150995072
68954637	2147520512
78874869	67141633
67443501	2147483682
49925793	1085440
73265133	37120
61552533	37120
35531445	70
57901377	32802
32599569	134217740
27093189	671088644
66394713	36865
50786661	2147520512
37161489	150995072
15042981	1610613248
70300209	4311744513
25266477	1107558400
64523289	8425472
18136209	524353
51423321	150994945
9382377	2147487746
81552081	1610613248
31409517	2147520512
3198513	167936
69289329	150994945
18470253	36865
60790161	671092736
37863597	4362108928
45398541	36866
41174877	4295000065
50339865	28672
8366637	1140850689
34207905	67665920
37601481	4395630592
10633341	2147520512
3102933	2129921
81676497	4294971394
18532137	4102
4523349	4099
46422381	3221229568
9790617	1085440
5091321	1610613248
47064549	671088768
51942045	2147520512
68196153	17301568
77702961	1610613248
44014089	1610613248
21001341	4295000320
33796425	1081345
65957961	1610613248
14463345	1081348
61869405	36866
8460597	1610613248
46672509	1073746432
18096357	2181070848
69335985	671088768
81301305	2147520512
52771809	1107329024
51576573	1610613248
9431949	1085440
11973	135299072
71632821	1610613248
78825297	4130
54327009	671088768
76174329	2164264960
44491665	1085440
45087501	1610613248
11271621	36896
48646317	4295000576
54491601	1085440
33242385	4106
67627857	1085440
37880121	5368741888
4206477	1610613248
5023929	1610613248
40695033	4130
54781257	1610613248
14836593	150994945
11110593	1610612992
233913	4311744513
15427245	2148012032
4036701	32802
62731245	67108897
39951453	266241
78354201	4362108928
13462185	4295000065
32211417	1073774593
474321	1610613248
42581037	83918848
22160613	4311744513
23687301	1081348
65068257	2147520512
52814253	1085440
10368309	4362108928
59918925	1073778688
13161189	1610612992
631137	150994945
59807145	2101250
873813	67436544
39631017	1081348
75823761	5368713216
78649041	4311744513
50371617	1610613248
77622933	4353
76748133	800
23520117	1081348
31509633	4311744513
28280001	1610613248
27437601	2147487745
66443637	150994945
42892077	1081348
39792693	134283265
10478793	1610613248
47481861	37376
13779057	8425472
53644665	671088768
29701713	1610612992
27146649	671088644
72266241	1081348
34711401	67108897
44568777	2147487760
55941825	1610613248
71540805	4329570304
51687057	67108898
10667361	17334272
2071317	167936
14474361	524353
3747693	2147520512
7925349	4296048640
6779361	24577
8754141	1610612992
60299301	134217793
14667789	1085440
66192861	1140850689
1599249	68608
22933029	67633216
52969773	134250497
966801	67141633
31367073	2147488256
50328849	1610612992
50585457	2147520512
35584257	16809985
26994693	2147520512
32649789	16781313
23206809	672137216
25411305	1610613248
5438973	1610613248
65650809	36865
4802961	16843776
14696301	4295004160
42536325	1081345
36305481	1610613248
76213857	3221229568
30318609	53248
13508841	1085440
76285785	36880
36206985	1140850689
74304849	1081345
38069661	1610612992
17440905	1610613248
19901361	1082163200
12082917	1610613248
8423337	2148012032
3546165	37120
62688153	1610613248
35330889	67108929
73976637	16809986
72984873	1610613248
61624785	4311744513
37915437	4362108928
41997837	671092736
63643953	1610613248
65071821	1610613248
27956001	1107558400
23965617	1085440
66647109	1610613248
81558885	4362076161
73641945	37376
33812301	4353
69512889	525314
9569649	524354
50275065	1081348
80309865	1610613248
19070949	671088641
72863697	32802
79853349	671088768
6030921	2147487760
8490081	4295004160
30706437	528386
37873965	134218753
42024729	4362108928
29199837	5435817984
65349165	536903936
4476369	1073778688
40410561	4295000065
81193089	5435817984
14408589	4102
36335937	100663297
1189713	2147618816
46179381	150994945
2307189	1610612992
3643365	577
37621245	32802
19453593	1610613248
12416313	2147520512
59561229	1073778688
76014273	1610612992
48464877	2147520512
44787801	1085440
27820893	53248
73715169	33652736
68473497	2147520512
76326933	1073745921
71141313	1074823168
56816949	1073762304
25136229	4295004160
33712833	36865
79183641	37376
56231481	1073766400
68297565	1073774593
18456969	37376
20213373	1610613248
65232201	1085440
3188145	1073766400
58211769	2147516417
58319337	66564
47045757	36865
2416701	1085440
18226605	1610613248
24984921	1610613248
40282257	67141633
7527477	1085440
416325	1610613248
70943673	536871680
52618233	2147520512
62592897	4362108928
79332681	2148012032
10627509	1073745921
1455717	671088768
4672389	2164264960
11455329	1610612992
7604913	1085440
11941977	524354
42238569	1081348
30980217	671092736
36054057	67133440
40996677	4311744513
3048501	1081348
61643253	1081348
10419825	150994945
52851513	36865
18266457	2147520512
52459473	4329046016
54284889	1073778688
65535789	2147520512
35298813	4362108928
44268429	2148012032
33318201	67112962
61748229	4311744513
45573501	17301568
66234657	2147520512
72512481	2147581952
54493221	4328554496
39849717	4162
54619257	671088768
1590177	67141633
55589313	671092736
61334481	36865
12754569	2129921
7377465	163841
49271637	1610612992
34514409	671092736
72644025	1610613248
20305713	1081348
54048369	671088768
43212513	671088768
18849333	2147520512
66691821	67141633
47345457	1610613248
56070453	1610613248
24053421	167936
33639609	4362108928
62721849	1610613248
43126653	4311744513
80295285	1081345
61924485	4362108928
79187853	4294971394
72696837	16809985
11815617	1610613248
39592785	2147520512
43136373	671088768
66472149	4294987776
35988285	1610613248
71550201	1085440
37350705	196610
56105445	2147487746
4492245	1085440
67040769	2147520512
62492457	4362338304
8736645	1610613248
5316501	4311744513
73538265	1610613248
74101377	1081345
46791741	134218753
38744553	1610612992
47181837	1085440
42966273	2148012032
75373401	1610613248
28892685	1073778688
33475017	201326593
39847125	16809985
43638573	1085440
33606237	69648
15214053	671089152
17601609	67112961
58779741	2147524608
10527393	4311744513
40443285	2147520512
64583877	1610613248
10672221	1073774593
77780721	2147520512
31708245	4311744513
54582969	16809985
74973261	8523776
30905373	1085440
26090409	135299072
69623373	1610613248
12503469	2148012032
25987053	671088641
77872089	1610613248
40793853	67141633
5575377	1082134528
28632513	4362108928
2292285	1085440
34916817	4311744513
62482413	1085440
67504737	290
78611781	1174405120
21573525	2147520512
71464989	3221229568
8249673	1073872897
37201341	1073775104
10247781	1073745921
18960465	67141633
57455229	2147487746
53739597	83886144
75495873	4362076161
34398417	1081345
7740993	1610613248
77452833	1081348
30839925	4099
39925209	67141633
65555229	1610613248
53368941	557120
15208869	4295000320
36107193	1610613248
52767273	4362108928
46381881	4362076161
20963109	16809985
45429969	4362076161
62146101	2147524608
26724153	671088644
9387237	196612
12240381	37376
42264165	671092736
41856573	83918848
44041953	1610613248
78790305	1610612992
75078885	32833
48732501	37120
62107545	3221229568
4068129	2147483682
318477	1610613248
36493401	4311744513
30290745	1610613248
64224885	671088768
4538253	134250497
77866905	135299072
10387749	1610613248
56605701	4362338304
39813753	16797696
26878053	5368741888
63891813	36865
35616657	134479873
47128053	16812032
44984793	1610613248
35720013	1073778688
39808893	1074823168
72915537	70
22430505	671088644
29251353	1610613248
57848241	2147487746
66555741	4311744513
32658537	67371009
73414173	1610613248
29951517	4311744513
45401133	1085440
17718249	1610613248
79591881	16912384
58007325	671088896
73215237	4130
17605821	4362076161
65178093	4362108928
29993637	36865
41921049	2147520512
18966945	4311744513
38050869	1073745921
57338265	671088768
30857097	4311744513
32087973	671088768
50713437	4311744513
41484297	1610613248
714729	4362108928
20224065	36865
14994057	67141633
22248741	1610613248
1648173	1085440
70297617	36866
40238193	8392736
42114801	671088768
39126549	1610612992
73566453	671088768
16728753	528386
79276953	2147520512
70177737	36865
56424909	52
73416117	7516192768
34412349	3221258240
33131577	163856
11169237	36865
4574541	1610612992
17338845	4362076161
78692457	134217860
5626569	1085440
23644857	671092736
77480049	16912384
58570113	20512
80227245	167936
57052497	134217793
17700429	671088768
22650501	1610613248
25164417	671088768
3337833	671088768
13753461	1610612992
57995013	1074823168
27115869	1610613248
61951701	36865
37686693	2148073472
32323845	4362076161
43561137	67141696
48787257	1610613248
22381905	1610613248
65821881	1073778688
65898021	201326593
31543653	4362108928
11248941	2147487760
48558189	2181070848
26816493	1610613248
24062169	16777473
78199653	671088768
36752601	1081348
73866477	1073762304
34547133	4295000065
43388121	671088644
38160381	34078784
2902701	134217860
66441369	1081345
60194001	536903936
44345541	34619392
16621509	4311744513
69056049	671088768
66757269	1081345
78432933	1610613248
45162669	32834
1780365	1610613248
70218561	1610613248
80901489	75501568
52631517	2181070848
49591101	5368713216
25942017	57344
64344441	37120
11150769	16810240
2274465	16809985
29578593	1073742084
31635993	1610613248
73449489	1610613248
77591181	36865
36166485	83886081
31562121	1141374976
12448389	671088768
64129629	134221952
48986193	67141633
22169037	671092736
50802213	83918848
42326697	37376
22322937	1610613248
28920873	1610613248
36988797	4295000065
69717009	1115136
60724713	4311744513
41560437	33591296
642801	134250500
23164365	67141696
12592245	524322
41587005	4295000065
206697	1610613248
12853065	1610613248
75123597	37376
427017	134250500
71681421	33028
81366753	4329570304
47656497	2147520512
50673585	1610612992
62775957	4311744513
56751825	24580
8862357	557120
58423017	1610613248
36079329	671088768
28329249	1610612992
77018673	4295000065
42529197	69633
64132545	2147520512
913341	36865
69632445	1085440
40261845	1610613248
14522313	2147487760
1202997	2129921
71804541	2147520512
70925853	1610613248
3511173	2148073472
52781853	5368713216
25747617	83886081
32706165	67108929
70553253	83886081
59059677	4362108928
28390161	1610613248
49768977	150995072
42919617	135299072
25614453	1610612992
48475893	671088768
6042261	2147520512
26127669	1610612992
53828697	1610612992
11626077	2147483666
57290637	671088768
62556285	1048582
78465657	70
79491117	16777249
28000065	135266308
43598397	671088768
59567709	1140883456
30966933	53248
3838413	67141633
14932821	67141633
60282129	1610613248
47787069	70
9952617	1074270208
5503125	1073778688
78141009	24580
50910753	1610613248
76419273	67141633
31342125	1085440
62269221	2147618816
62451309	4362108928
31866357	53248
18555141	4311744513
69216753	28672
30486117	1610612992
30810441	1610613248
16006557	83918848
23836989	2147520512
75606681	1085440
65813133	83918848
32531529	4311744513
21070677	2148012032
42046761	1074823168
42085641	1073766400
26899113	671088644
18908625	2147520512
26888097	671088644
40689849	16809985
57443565	671088644
81450669	671092736
47099217	4311744513
3124965	2147553280
23074617	4295004160
26590017	1610613248
421185	671088768
77799189	1610613248
62203773	1085440
31553697	536875520
29741241	4311744513
1241553	1610612992
53251653	2147487760
30247977	2147520512
13719441	4311744513
38085861	4362108928
66366849	1073766400
16233681	83886081
50375505	671092736
81305841	2134016
7937337	6442455040
16890105	1610612992
64101441	2147553280
63185169	1140883456
18308577	1089536
18671133	150994945
51055905	4311744513
43404645	1085440
71471145	36865
54477669	671088644
80327037	3221356544
39946917	4294971393
80386005	299008
12769797	1610612992
55476885	4311744513
47606277	2147520512
80618313	671092736
47931897	2147622912
69965193	36865
76870929	4362108928
41958309	32864
46255845	65793
70651749	1610613248
70915485	1610613248
45026265	1610613248
49857105	53248
67976481	4328554496
12179145	2818572288
44398029	33591296
71398245	1081348
37371441	196610
71378805	2147520512
917229	1610612992
2228457	2148139008
76857321	5368713216
26054445	561152
38277993	1610613248
8720121	4311744513
34550373	1073811456
30790029	1085440
38999541	4311744513
77063385	4311744513
1640397	1610613248
50607165	67141888
24044025	4362108928
22467765	1610613248
71438421	3221229568
470109	4295524352
5343393	1610613248
51061737	1610613248
16121253	4362076161
14668761	2147520512
9070041	1610612992
69527145	8392705
63190677	536872964
24447405	16781344
54154965	1073778688
80336109	671088644
75863613	1610613248
78120273	36865
61952997	2147581952
14131893	1081600
73201305	1073905664
38678781	16781313
41199501	1610612992
53172273	53248
25054257	2147520512
22929789	36880
49126161	100663360
9557013	1610613248
19540749	1073778688
70405509	1081345
81375501	671088768
49481265	1073778688
14651589	1081345
1167033	1610612992
73815933	1610613248
56593065	4130
56589501	1085440
50432853	1610613248
61707405	1081348
76284489	1610613248
27082173	1074266113
27781689	1610613248
72279201	4295000065
22957653	2147520512
60341421	1610612992
45410205	83886081
30837009	1081345
5493	4295000065
37570053	4362108928
16779945	1610613248
57018801	1610613248
49697049	67133440
3374445	528386
26403069	2147778560
49197441	67108929
14032101	1610613248
60256209	4395630592
53034249	70
55417917	1140850689
78154941	1140850689
25934241	2147647488
19670997	33796
27456393	1085440
80835069	83918848
56254161	269516800
1299225	1610613248
72353397	36866
44340357	1082163200
43058937	67141664
74576685	53248
18625773	150994945
116949	67141633
68115801	1610613248
3388053	2148012032
54306597	3221229568
5824857	40961
11969193	1081348
44050377	1610613248
17139909	36865
1596657	1146880
39069849	4311744513
42231441	200
31375497	37376
56678601	6442455040
15816369	1082134528
64334073	17301568
48542961	37376
66612441	1610613248
78429045	1074823168
3184905	1610613248
70037445	285214720
76069029	1610613248
64116993	17301568
54985377	4311744513
2203833	4429185028
43676805	67108867
185313	2101760
74439309	679477248
9615981	2148073472
63719769	1610613248
21503217	2147520512
51392217	36865
577353	518
35149449	67141633
63440157	2147549186
16527549	4295004160
2270577	5368741888
31475289	1073745921
8910309	1073874944
11915733	1610613248
37627401	35655680
29680329	1074823168
49138797	671088768
52910157	83886081
1042293	526338
7706001	1074790404
45255657	8392705
66779625	1074298880
65328753	17305600
39049437	671088768
19520337	150994945
4944549	2147487746
4581345	134218753
80053905	36880
50764953	4295000320
188229	134217860
33840165	2147520512
7149045	1085440
57310725	4294971393
858585	327696
56803989	2147520512
12365769	536875264
68450817	4362080256
71562189	1073778688
80653953	4311744513
3232533	1610613248
23737521	1081348
77125269	67141633
38078085	671088768
9430653	1610613248
20359173	1610613248
70736961	1073778688
49391193	1085440
31674873	537919492
68777733	1610613248
67055997	1610612992
31138005	2181070848
1649145	70
26835609	671088768
524217	17858560
19287381	1081348
53563017	32834
31221273	1610612992
78767949	83886081
48874413	17301568
24304521	37376
51855861	37120
3957645	36880
79238397	2147487745
44109669	16781313
6727845	8390912
62691069	36865
58744425	4311744513
6114189	7
48509589	4311744513
26259537	1610612992
50778237	2147520512
34135653	1610613248
77143737	1141899264
28289073	671088644
59441997	32833
77254869	37120
65560737	1610613248
23157885	1610613248
12027837	1610613248
34032945	1610613248
18847065	150994945
21134181	1057
23805237	4102
34560741	1610612992
48661545	134217734
30978597	4362076161
8611257	1073778688
11072685	37376
42283281	1081348
65360181	1073778688
3652113	37376
30520461	83886081
77037789	134217733
70512753	2147520512
11038341	201326593
62036265	1610613248
43533921	671088644
74199549	2147520512
27973821	1610612992
11076897	671088768
78928653	16809985
3555237	2147553280
29181369	2147520512
74758125	1610613248
473997	134250497
69255957	1610612992
55981029	1074823168
24539421	83918848
42614085	8425472
55633053	16801792
62027517	33587201
12984285	32802
6911229	83886081
15889269	83886081
63996465	299008
32602485	1610613248
59555721	1073778688
23535345	1085440
14281257	1073745921
72493041	17104896
18570045	4294967361
33297141	518
33003597	4295000065
5589957	2148012032
105609	67141633
78968829	1081348
13016361	36865
40520073	32834
57983025	37120
62575725	4362108928
19710525	1146880
429285	327696
81505425	1085440
64064181	2147520512
42009177	1610613248
7234581	1610613248
38914005	75497473
65553933	16809986
38507709	1081345
73637085	1085440
37346169	196610
75008901	671088768
3712701	1610613248
3397449	17334272
1458309	134217733
33491217	6442455040
34492377	57344
44768361	17334272
57697905	5368741888
19028829	150994945
10579233	2147487760
29467785	1140883456
15150873	5368709121
30005949	16781313
52595553	2181070848
12364473	37376
14809701	83886081
57289989	671088768
44064633	1610613248
656409	4295000065
23458233	671088644
62461353	1610613248
52112145	2701131776
31959993	4624
54953949	150994945
54363945	4328554496
43755861	4311744513
71778621	1074270208
18641325	327696
44016033	1610613248
761061	67141633
54592041	2147520512
56608941	3221356544
22974501	1081348
18453	4362108928
5953161	37120
17457429	3221229568
31702737	1085440
67078353	1081345
70886001	1610613248
81265341	37120
50180457	4102
2569305	4311744513
72672861	2147520512
60419181	536870917
11978589	37376
33068721	2147520512
36994629	4295000065
56487765	4311744513
77027421	2147520512
16477005	135266308
8629725	4311744513
27354009	17301568
72133077	2147488256
66118017	67
5481093	134254592
18903117	1610613248
45717357	36865
23891421	2625536
44005341	4294971393
14861541	83886081
53329089	37120
32378277	67141633
43675833	2147520512
367077	1081856
14003913	16781314
16475385	1074823168
19768845	37120
51140145	2147581952
50963241	24580
29458065	1073778688
1752825	3221229568
10164189	16809985
66807813	4362108928
2646417	1073778688
81674229	36865
47334441	201326593
2186985	16777250
37968897	17301505
53489793	671088768
62855985	2147520512
2558937	344064
4038969	1085440
27821541	16779520
15744117	83886081
12663525	671088644
66351297	70
7967793	201326593
74746137	2101250
39252585	67141633
77923281	1081348
28428717	1610613248
7478229	1085440
79032981	1090519041
27011865	150995072
25792977	1064964
3189117	5368709184
11380161	135169
71281929	1610613248
13550961	2164264960
63505281	36866
12832005	2147549186
74840421	67141633
35004945	2147520512
46561377	4395630592
77160585	1081345
70136265	36865
47525925	1074823168
8050737	3221229568
23591721	83918848
52911777	36865
39416529	2147520512
26123781	1074008064
20777457	2148008000
9310125	1074003969
70448925	36865
58787193	1074790404
70038741	16912384
13124577	1610613248
73769925	4295004160
5219301	67141633
41044629	4362076161
37339689	2147520512
1136901	1115136
15687093	37376
47057097	1081345
53568201	4362108928
56319285	1610613248
76748781	1085440
54218793	671088768
71676885	4295000065
9557337	557120
61267737	4362108928
67685853	136315008
17677101	16387
25581729	1048582
11048709	4102
32961801	4295004160
50522601	57344
21960057	1610613248
78857373	2147520512
33060945	1081348
7387833	67129344
81001605	1073778688
18859701	299008
74396541	4328554496
62180121	1610613248
46273989	589826
37571997	2147520512
4732329	1610613248
39095121	331776
25325121	1141374976
53483313	4311744513
29687457	1610612992
56468325	4311744513
5373201	1081345
58243845	1140883456
78437145	4296048640
21669105	150994945
34568193	4102
74218665	2164264960
36247809	4311744513
180777	4362076224
57421209	4311744513
57562797	1074823168
69416985	1140854784
47186697	12304
81212205	36866
66107001	299008
32767725	2147495936
7662909	32834
9691473	1073745921
78505833	36865
78726477	5435817984
49330929	4395630592
71148441	100696064
13325781	67141633
80464413	561152
58951785	16797696
3395181	134221825
81957	134217858
41922021	4362076161
79854321	8392736
54199677	4295004160
23292345	672137216
54540525	2147520512
9481521	557120
60609369	1610613248
71261517	671088768
43936329	2147553280
78004929	131840
9899481	671092736
1368885	36880
34007349	1081348
41945025	4295000065
20687385	4311744513
5539413	2147520512
23877489	37120
38844669	134250497
14617569	1081348
49135557	17301568
19846281	1610613248
10686477	2164264960
37884981	2147553280
47726481	4362108928
78065517	1619001344
42838617	70
12554013	83886081
74519337	16785920
15668625	5368713216
36158061	36865
74556921	2148008000
65955045	1610613248
56284617	671088768
59309157	1030
53281785	671088768
101721	1610613248
50125377	5368741888
69658041	24580
5339181	5435817984
32982861	134221825
49049697	1073778688
55798941	3221356544
21263781	16809985
80165361	3221227520
20378613	1085440
17614245	4362108928
33448449	2147520512
27400989	16908290
20015085	2148532228
74467497	4362076161
52398237	200
1985133	557312
13530873	524322
64385589	36865
23987973	1140850689
48229653	671088768
55984917	671088768
19712469	1610613248
33504825	17301505
67106541	2147520512
59990853	2147483682
8480685	17334272
78809421	32833
11542161	36866
17476869	1081345
36397497	4099
36802497	4295004160
61653621	4328554496
52025961	36865
50704365	36865
7809357	1073745921
3459657	66576
78909213	1610613248
61634829	83886081
79657005	134250624
24466197	1074823168
65465481	16809985
79272093	37120
81125697	1610613248
12902313	671088644
61305645	2147520512
13225017	1610613248
66951993	1610613248
12271485	671088768
32854233	4362076161
46653393	1140883456
63810165	1610613248
15528981	2147487760
39824121	4362076161
81416973	1073876992
40803897	36865
79246173	1073778688
80290425	4295000065
6547377	528385
43611033	2147488000
7302945	3221225488
77319021	1610613248
22291833	40961
79595769	1073778688
50774997	32834
2149401	4311744513
5774313	1610613248
23293965	134217988
60939525	2147520512
73772841	36868
38164593	2147487746
73316001	4362108928
66089505	671088768
59048985	67108929
39240273	671088768
18649425	1174405120
803181	4102
130557	1610613248
52371669	4295002112
1564581	671088768
51642345	4362076161
67879929	8425472
1744077	2129921
28346097	1610613248
60181041	1081348
39337149	1081348
25306977	1073778688
79610673	134217860
46963137	24608
56668881	327696
1950789	8425472
56563581	671088644
63327081	2147487746
65165457	16777219
7949649	1074823168
47506809	1085440
72268833	1610613248
47928657	1081348
52266369	2134016
61022145	2147487760
28386921	4429185025
27518601	1073778688
47271909	142610432
8399037	1610613248
15057561	67141633
33662289	57344
62572485	57344
3187173	538972160
37242165	1610613248
39944649	1610613248
36512517	1610613248
57169461	4295000320
40582605	1610612992
42093741	36866
79264317	1610613248
76112121	1081348
52401477	1610613248
15756753	671088768
45585165	28672
5867949	1610613248
53083497	4162
60839085	1610613248
993045	36865
70922613	2147495936
63621273	1610612992
6720069	67141633
5762973	327696
37721685	134221825
75945261	67
32160225	671088768
24001905	672137216
1466085	1085440
51389625	1073774593
24356037	16814080
53236749	4362108928
51692889	1610613248
10269813	67141633
76025613	5368741888
56870085	32778
56680221	4311744513
44352669	34635776
55947009	1610613248
59585205	1140883456
11837973	2147516418
69481785	536870918
31911393	536871170
70801761	2147520512
1058169	1610613248
58554561	671088644
27639129	1048612
42578445	67141633
22177461	2625536
36496965	1610613248
49515285	8413184
56238933	1610613248
9162381	1073778688
47773461	2147616768
11707725	83886081
7045365	1082134528
46223445	671092736
13662417	16809985
26255973	2148007952
53649201	67633216
63308613	1140883456
5921085	671088644
125049	134250497
18254145	671092736
20647209	4362076161
43888053	36865
58592469	557120
26739381	1610613248
24064761	167936
39159273	1610613248
63572025	67108929
43057641	24580
78770541	17301568
65346897	4429185025
49661409	1610613248
73436205	2148012032
80194197	16781314
76735173	134218753
798645	2147483682
50490849	2147487746
6177045	1610613248
7383621	1610613248
42732021	67633216
2324037	1074823168
1815681	150995456
12973917	1074823168
44909949	4362076161
29729577	3221229568
81732225	4311744513
33613365	150994945
39641385	1082392576
21521361	150994945
56136549	134218753
39719793	4362076161
17747409	671088644
21840825	16809985
1504317	1610613248
79158693	2147520512
34948245	37376
50450997	2148012032
66174069	4311744513
50438037	36866
19654473	1610613248
63494265	1610613248
70280121	4362076224
56234721	1074823168
61348089	68190208
54280677	5368741888
22899981	8392706
53165469	8716288
54045129	66564
7012317	1610613248
4785465	1610613248
50707605	528416
41606769	37376
52001013	1074270208
77988081	1081345
33111165	67633153
67644705	1610613248
54445593	1074823168
12357669	1085440
63715881	36865
65290845	4362108928
9352893	1085440
78647421	1610613248
74521605	2134016
67980045	671088768
78896577	557120
506397	32833
3153153	536903936
65493021	2181070848
42174093	4395630592
12227097	1610612992
76756557	69648
3931401	5502926848
6157929	12304
71678181	2147520512
69746493	671088768
54459525	36866
5503449	4362076161
41740905	4295000065
40797093	1085440
63616737	37120
14053161	1610612992
14818449	671088644
71279985	37376
78067461	1610613248
34401333	1610612992
33035349	4295491585
19812909	36865
77312541	2147520512
60240009	1610612992
70005045	83886081
60517353	1073746048
74206029	1074270208
43348593	36865
44697081	2147520512
52696317	65793
71324697	557120
40812645	1610613248
79492089	17334272
59617281	1610613248
2914041	201330688
77309625	1081345
25660785	671088644
42521097	1085440
1204617	1048582
69111129	1610612992
46937541	1081345
56219169	37120
5332053	135266305
9539517	4311744513
43994973	1610613248
55465545	1081348
38553069	36866
12818397	671088768
13898613	36865
26676525	2147520512
68109645	4295000320
70173849	4362108928
52167549	1081348
57320445	671088768
17972589	4429185025
54755013	4311744513
1513389	1610612992
33372957	1610613248
48159021	671088768
34027437	4295000065
54923493	2181070848
30208773	1081348
56201997	1073745921
56716185	1610612992
52037625	1610613248
43183029	1610613248
64541109	1073762304
55458417	16797696
69042441	37376
80279409	36865
36267897	1073762304
37512057	1610613248
11292357	1048610
4284885	1081345
41225421	75497473
51362733	1174405120
3294741	1085440
39823149	1081345
40788021	2147487745
43526145	671088644
65635905	24580
50493765	266241
38153901	32802
9008157	4295000320
64068393	1610612992
23924793	35
45697593	4295000065
53669613	577
41109429	75497473
27419133	2101504
5651193	1081348
55672905	134283265
59267685	1085440
27993261	1140883456
37042581	83886081
71569641	4296048640
19722189	557120
23858697	201326593
6055545	1610613248
62190165	67108929
75646209	1090519041
20475813	1610613248
64673301	1085440
43063149	1610613248
75124245	1081348
48488853	135299072
80151105	671088768
15742173	83886081
53285349	36865
26343129	36865
34930749	57344
56816625	16814080
11566461	8421408
55773021	1081345
21667161	150994945
20254521	36880
6155337	1081348
61300137	17334272
7571217	8425472
40644813	2164326400
48232569	70
2894601	57344
21440037	5368741888
12414693	1073778688
21479241	36865
31022661	67141633
67471689	561152
27862365	4362108928
75168957	671092736
11468289	327696
37000137	28672
65552961	2147484674
2394669	150994945
58037133	2147520512
76177245	1610613248
48269181	2147520512
57207369	671088768
56344557	2101312
48780777	671088644
35544729	137216
68588193	1610613248
14727405	2156003328
76793817	1085440
36416613	1073745921
41376729	201330688
52741677	75530240
74160669	2147520512
42434913	17301568
33827853	4362108928
34797261	36865
22578897	1610613248
26010705	1085440
79399425	4362076161
21065169	16843776
5745153	4295262208
79699449	6442455040
78591693	671088644
53617449	1610613248
2222949	83886081
43034637	1610613248
56701929	17301568
52064841	4362076161
19550145	4294971393
39689661	135184
2880993	134221825
39769365	4295000065
43219641	1610612992
75661113	1073762304
25429449	1140850689
35737509	1074823168
2726121	1610612992
37352649	196610
2035353	1146880
63112269	536875520
47096625	2097217
71924097	2147487745
54621525	196610
70339089	101187584
807393	327681
734493	5368741888
30941337	1085440
52680765	1085440
57469161	134217857
74749377	2164264960
55493085	36865
51330981	1073746176
57379089	1610613248
25980897	8425472
35842809	16781313
12716661	4106
34600917	4311744513
31247841	67141633
10224129	1610612992
81343749	1073778688
23285217	150995072
769809	1610613248
77382525	16912384
77318697	1610613248
78151701	16814080
47833401	36865
12489861	671088768
55050177	1085440
56703225	5368840192
72926553	5368741888
2952273	2147520512
2244009	671088641
24407877	1610613248
28372341	2147520512
38903313	671088768
37908309	268568576
17370597	4362076161
3925245	1610613248
8978025	4362076161
38551125	1610612992
361245	66064
41471337	2147520512
76465929	4294971904
74452269	671088768
21813285	1085440
50683953	1074823168
9112809	1610613248
77073429	1074823168
5150613	134218753
13683801	1610613248
44043897	268568576
51856185	1610612992
78169197	67108897
567957	2147520512
50799945	1610613248
47629281	1073758212
78048993	671088644
41055645	1085440
29292825	4294971393
5800557	67112961
78103425	2147520512
15949533	83886081
2242713	1610612992
37345845	196610
2037297	1610613248
36216705	4311744513
14138373	1610613248
298065	1048708
18069789	262161
9724845	2147520512
9366501	57344
65788833	539492352
41030373	1056772
21906597	1074798592
69462021	1081348
41627181	53248
59588121	1610613248
44815017	671092736
2858961	8425472
855345	1610613248
29287965	4362108928
50415033	4311744513
14187945	134217733
30771561	1090519041
69562137	1610613248
54913449	67141633
9181173	6442451008
19317189	1081348
8833521	4311744513
28478289	671088768
79961565	4311744513
59549565	201330688
9176961	1610613248
43110453	4102
58315125	4311744513
65964765	2147487745
17825493	1610613248
38798661	1107329024
40883925	4311744513
13119393	528448
42111561	1610612992
61041585	2147520512
32195865	2625536
59027925	1081348
37576209	5435817984
23971773	67108960
53668641	36865
71211945	4295262208
39765801	32833
29290557	134217733
42526929	2147520512
43773357	1140883456
39491049	1090535424
34586661	1610613248
66093393	1085440
9425469	327696
78808449	4328554496
47382069	671088896
9401169	2134016
80751153	671088768
54116733	671088768
3941121	150995072
50549493	1610613248
21302337	4311744513
3163521	17301568
62432517	4311744513
49050345	37120
12203769	1085440
4740429	134283265
56937801	1610613248
78425481	4295000320
14234601	4362108928
59544381	1140883456
32726901	1081345
67447389	4328521729
59402469	5368709121
37030917	2147520512
24126321	1090519041
46765821	4429185028
63794937	1073745921
46906437	134283265
64797717	1610613248
11045469	4329570304
4008513	1073762304
31286721	1610613248
9754977	528448
18057801	2147520512
24750345	83918848
67451601	37120
44087313	1081348
1064325	671088768
28289721	671088644
71775057	4311744513
73171173	3221229568
6828285	528385
34115889	2147487745
4563849	2148012032
12461673	1085440
27933969	1140883456
39640737	4295000065
59569329	1610613248
46404237	671088768
46471953	2147495936
39777141	1610613248
30972765	5368709121
42440097	37376
35538897	4429185025
32159253	299008
61487409	1073758212
76821357	134217734
63341013	5435817984
29834553	36866
40260225	4295000065
53786577	16777282
3250029	553648384
38011341	1610613248
22740897	2147520512
12106569	1085440
8425605	37376
71569317	1610613248
165549	4295524352
21522333	150994945
33558933	671092736
76492173	67109889
1940745	1085440
1063029	37376
56024445	1610613248
75467037	67141633
53829345	2101504
44060421	2147520512
64183089	16818176
64536897	1610613248
28428393	150994945
35948109	2147749888
67536489	1610613248
67835217	1085440
38128953	16814080
46805997	4378853376
12899721	2148012032
35920893	1081348
46315137	671088768
35826933	671088768
44862321	1081345
45388173	4311744513
6866517	98320
2328249	2147520512
42504573	2147520512
909777	70656
48107829	1081345
41224125	1610613248
46880841	5435817984
68694465	1073778688
55959969	1085440
4368801	4130
21251793	150994945
42407373	37376
66352593	1140883456
12632745	37376
62317821	24580
31906857	1610613248
29041725	32834
37604397	671088641
27715917	53248
47573229	1140883456
48649233	1610613248
65500473	4130
46713981	671088768
37348761	196610
35923485	671088644
62536845	5435817984
23405097	24577
19638921	83886081
53609673	33591296
1655949	67141633
25689621	671092736
51503673	57344
35652945	1610613248
67973241	36865
28043157	1149239296
80250573	36865
29861121	36866
2681733	134217860
41309013	16777282
9061293	671088768
8328405	1081345
59680461	1073745921
57692397	1081345
5479797	1085440
18595965	201326593
63758973	24580
35549913	4311744513
11324109	4368
43195017	1085440
65991333	1085440
43146417	1073774593
16429053	135266308
27923601	4362076161
309081	2147618816
47008821	135299072
12300321	327696
51061089	1610613248
38460405	671088768
12196965	4294967368
16805865	2147811328
62291901	1081348
24623661	1610613248
48211509	1610613248
68402217	5368741888
9301053	524354
58806633	2147524608
65276589	2147520512
61519809	1610613248
58971549	8392736
22769409	528385
38615925	3221229568
56741781	1085440
78686301	1073778688
54982785	135266305
4771857	1610613248
7356081	150994945
43715361	800
1818273	135266308
60249	4102
63480333	4295004160
33289041	83886081
53301549	36866
41753541	36865
78627333	36865
27025797	1610612992
57859257	1081348
60733461	4295000576
55620741	1073742084
2844381	1081345
14157813	4102
44558733	69648
48754857	671088768
7939281	37376
69559221	36866
32743749	1610612992
1457985	1073745921
49453401	135266308
43408533	1610613248
27930405	1610613248
73449165	2147520512
9765993	4429185028
1031601	134254592
38742933	3221229568
35873265	327681
42362661	67133440
68037717	4362108928
3035217	16781344
73511049	4311744513
11796177	1140850689
7561821	32834
14819421	671088644
32337777	32802
80708061	5435817984
15931389	83886081
34427901	1610612992
48110421	4329570304
71053185	1610613248
54161445	37120
53012541	17301568
35546349	3221229568
17174577	1610613248
67584765	16814080
60660237	36880
79110417	1073778688
30018261	201326593
19392681	2147520512
67734777	1074823168
74914293	1081345
55542981	4130
412761	134217731
27692265	1085440
35551857	1085440
17473629	36865
48690057	1610613248
32718477	1073778688
6979917	4362108928
53385789	36865
52700853	36865
33895569	37376
63382161	1081345
65417529	4311744513
24581541	1085440
46952121	1073774848
40785753	1610612992
56234073	4362108928
47004285	671088768
5094237	100696064
13888245	2147520512
6585933	671092736
37945245	37376
80543469	536871170
26433849	1610613248
25536045	1073741860
50235537	8425472
21990189	1610612992
23480589	67108929
26787981	671088768
39823797	2147520512
73135209	36866
9455277	16781313
51272985	1074823168
44607657	671092736
64973973	134283265
65086401	1073758212
27111333	671088644
25667589	1085440
59953593	86016
69214485	1073745922
13178361	40961
32380869	557120
9255369	327696
7168809	4362076161
56571681	16783360
910425	1610613248
70062393	36896
66910845	4294967306
81512553	1074823168
63743097	36866
75042597	134217733
30830529	1074069504
71458509	1610613248
74880273	4295000320
18968889	150994945
32513385	671092736
23891745	1074823168
37153713	32864
8700357	67108929
25892121	672137216
43599045	672137216
71475357	4362108928
35204205	36866
50982033	4295004160
193089	1610613248
24605517	67141633
21204813	16809985
33293901	24577
18962733	17858560
37814349	1073766400
1802073	201326593
77603169	1610613248
65460621	524354
41392281	4295000320
35511033	1085440
706305	1074270208
67036881	1610613248
35021145	1085440
69004857	1610613248
5692989	1610612992
3377685	4311744513
15449601	1073778688
45430941	1085440
3174213	83886081
5775285	14
66363285	16781314
49187073	4295004160
46905789	37120
13394469	1610613248
6107385	671088768
5684565	75497473
20228601	67112961
73905357	4328554496
58319661	4295294976
659325	537919744
31037889	4311744513
54674985	1610613248
58142109	100663297
19382961	1610613248
60506013	1610613248
4946169	2147487760
605541	2148073472
8002461	557120
36333021	2147520512
42778677	3221225488
24368025	528386
35970465	671088768
53721129	150994945
66221697	4362108928
24388437	83918848
19913025	4311744513
503481	1048582
49884645	1610612992
46723053	5368713216
23850597	4311744513
27748317	2147487746
78684681	5435817984
13609929	201326593
34208229	67665920
67011609	1610613248
54295257	1081348
64627293	1074823168
36176529	671088768
68008233	2147487746
24863421	671088768
6537009	201326593
39339093	4362108928
7385565	197632
58115865	2147520512
27267177	1073745921
69699513	1073778688
18014061	67108929
24933	135299072
5280213	83886081
36501177	4353
6654945	1085440
31614933	1610613248
47665569	1610613248
5876049	671088641
65945973	532544
75638433	4362108928
77195253	16814080
57702765	4362108928
21042489	201326593
66740421	671088768
64682049	24580
80732685	4370464768
28124805	1081345
78806505	4362108928
30203589	1610613248
65613873	4294967301
6930993	1073745921
16288113	1074790404
41110077	8392705
23085957	1073778688
31685565	2147483654
47130321	1073745921
54958809	1074823168
79672233	36865
60281481	67108929
16750137	4311744513
81296445	2147520512
3924597	1610613248
23668509	1073775104
10645977	1174405120
41170989	671088644
2941905	4362108928
66346761	4311744513
13246725	1610613248
56220465	1610613248
58724013	671088896
39043605	102400
13178037	1081345
23916693	37376
11169885	1610613248
2242389	1610613248
57571545	2101312
31409841	800
28745265	8425472
3919737	1085440
57267957	1610612992
54804585	36865
2971713	150994945
44084397	561152
6700953	36865
23449809	36865
66210033	1610613248
16171797	16809985
20598285	1073778688
22407501	67141633
56745345	1074823168
5906181	1610613248
74338869	1610612992
73079157	671088644
50915613	4295004160
80976657	671088768
5838789	671088644
53066325	4295000065
27293097	137216
72005745	4162
20332281	4311744513
2309457	4362092544
30258345	135266308
2082333	1081345
49022481	2147487746
13694169	1140850752
1057197	1085440
65972865	1073762304
11456301	67141633
28560261	3221229568
1913853	327696
63176745	67141633
39883413	2147520512
33025953	4362076161
18032529	5368709121
35268357	5368713216
45111477	4294971393
18373053	4362076161
38774361	32834
57972333	4362108928
58897353	1610612992
35884929	4311744513
35732001	1081345
16467609	2148012032
12030429	2625536
37803333	1610612992
3728253	1610612992
30058761	1610612992
50061549	4102
75197145	553650176
51305709	1074823168
2276409	2148532256
49038681	1610613248
75245421	167936
6737889	2147520512
24729285	1073774593
25044537	5368709121
11653941	5368741888
56560017	1085440
26520681	8392736
76828809	1610613248
60971601	1610613248
67625265	5368741888
69964545	36865
51334221	37120
13960821	134250497
39216297	1610613248
49769301	1610613248
1826373	1610612992
13195209	1610612992
9898833	4295000320
32398689	671088768
30276165	1085440
728337	1610612992
35011749	1610613248
38956125	1610612992
49692837	1610612992
29194329	25165825
19037577	16809985
37478037	33587456
4406061	75497473
37171209	4161
78345129	16814080
6575565	1610613248
22278549	4311744513
57667449	36866
43389741	134254592
24052125	671088768
7363533	40961
26295501	671092736
32812113	4295102464
4104741	2147487760
33551805	557120
635349	67108929
14218077	36865
40890405	4311744513
28234317	1073766400
9935769	4303360000
49981521	561152
26982381	1073745921
20889885	1610613248
38819073	16418
5625597	134217733
72862077	1073778688
62555637	36865
395589	518
72641757	2147553280
78130641	8425472
21122517	8425472
75503973	163856
28516845	2101250
13888893	1212416
1437897	17039361
2681085	1610613248
59529153	1140883456
63102225	561152
65087049	67145728
26723505	2147520512
50652849	37376
2047989	321
17696541	671088644
28986969	800
67258497	1073778688
4138437	16777222
72725997	1610613248
40114101	36865
3875025	2147749888
62282829	1610613248
33718989	1073746176
24989457	37376
1827669	327696
74999505	36865
62701113	1610612992
17925285	134217864
3168381	2147520512
15580821	5435817984
8574645	150994945
17435721	1085440
21823005	16809985
46925553	1085440
64733565	1610613248
14184381	2147520512
44042601	671088641
55833933	1610612992
78451401	16779266
30471537	83886081
53658597	1081345
24380013	68608
51468681	65793
29238069	671088768
26999553	1610613248
11535033	1085440
56111277	1610613248
81161337	1073778688
4844757	4395630592
11573913	671088768
473673	2147520512
61369797	8425472
81074505	4161
2706033	1610613248
12435429	12304
8744097	2148007952
78455937	4362108928
43822281	1610612992
80283621	1073778688
31399149	800
75340029	1610613248
18487749	671088768
16180545	67633216
39680265	1085440
76338597	327696
81277329	53248
22459017	671088644
22585053	1074823168
65163189	1085440
39577881	4362076161
6811437	2147520512
37854525	1073778688
35206473	671092736
61503285	36865
79986837	1081345
47745597	1081345
37824393	4378853376
79183317	4295004160
12401733	32802
19652529	4099
44877549	671088768
3608049	2147520512
2327925	36865
16181841	1610613248
1587585	1073778688
61173453	1610613248
47988273	2147520512
60508281	1073745921
44126517	1081345
59170485	1074036736
14410533	2164264960
20566209	671088768
64797069	36865
25740813	1610612992
10776225	2147520512
40122849	4295000065
12931149	1610612992
36947001	2101250
33903993	4395630592
79573737	102400
57506745	671092736
34587957	1610613248
59789973	36865
37352325	196610
4309185	100663360
35795829	3221229568
67967409	57344
43648293	8425472
79749345	2281705472
37920621	1610613248
14958417	4295229441
51696453	2147520512
54450129	4311744513
11683101	2148012032
36056649	671088768
3954081	2147520512
48327825	3221229568
38815833	1081345
34215357	4295004160
32692881	1610612992
77272041	83886081
3103905	1085440
23209401	36865
14292273	2147520512
2820081	1610613248
12741933	4311744513
47606601	20736
18386985	1085440
32564253	1081345
49326069	1610612992
27351093	36865
1410681	2148012032
21742653	671121408
44196177	4311744513
57255321	65793
7827825	2147487746
63705513	17334272
63763185	1082163200
3412353	32833
4547973	1610613248
15197529	1073876992
19409529	1085440
34514085	2147520512
33413781	4362108928
31474641	5435817984
2558613	2147520512
52736817	4362076161
80465709	67108929
11184141	1610612992
62393961	83918848
66925101	1610613248
19018137	150994945
17708529	16814080
27460281	37120
78889449	671092736
15134025	83886081
42018249	1610612992
48780129	134283265
72756453	3221356544
81648633	1610613248
16623453	167936
434793	83886081
27669909	134221888
68682477	327696
32162493	671088768
67750977	1610612992
73387281	5368713216
5312613	1085440
57842733	16812032
65589573	1610613248
76938969	1610612992
54317289	1081348
466869	528386
17669649	83886081
77853945	671088768
41209221	16797696
16306257	1610612992
34981617	1610613248
11008857	1610612992
67075437	1081345
28738461	1085440
44231817	671088768
48139257	1610613248
8462217	201326593
44096385	1140883456
13682181	2148012032
52720941	2147520512
77336193	4295000065
68073033	1610612992
60318741	2147520512
76207377	1107296512
11618625	1085440
45592941	1610613248
81034653	1074823168
62435757	4294991872
38898453	2147487745
131853	134250497
22365057	1610613248
81715377	4311744513
68597589	36868
62958693	2164264960
14077137	16777282
34792401	2147581952
33535605	671092736
26176593	671088768
75952713	4362108928
69250449	1610612992
39741825	671088768
60453201	1610613248
3138897	134250500
37344549	1073745921
58044585	2148012032
35901453	671088644
73831809	2147520512
78903705	36865
15968973	1073778688
9950997	67141633
7294521	4362108928
22895121	2147487746
14527821	1610613248
48623961	1610613248
15384477	1090519041
57371961	1085440
53089653	1610613248
7217085	4162
38984637	1610613248
67117881	671088768
54678873	4311744513
21020781	32833
19639245	1085440
44838993	1610612740
54142653	4362108928
80785821	36865
25202973	83886081
2471457	16842768
25954653	671088768
2012025	4370464768
66840537	671088644
55087761	671088768
6759597	70
23191257	671092736
19036605	150994945
25825053	67141633
68874285	1610613248
28253109	1610612992
1428177	4295000576
1380225	1610612992
41784321	4295000065
67104921	331776
30499401	1610613248
77865933	800
37922565	150994945
59189925	4295000576
32521809	2147488256
77266209	5368741888
33163977	4395630592
17731857	4362108928
30530181	83918848
22004121	83886081
25729797	36896
74506053	1610613248
72351129	16814080
34332321	1085440
63786189	1610613248
40894293	2147487746
106257	1081348
65681589	2147520512
39038097	2180
25263885	57344
20383149	1610613248
9906285	2147487746
1922277	1073872900
58052685	32834
16766013	1610613248
69419577	36865
3032949	2147553280
68102193	1073905664
41343033	1610613248
29899353	1610613248
63571377	196610
67242945	4295229444
76414089	4311744513
38065449	134217864
2107929	4295000065
60465189	67141633
30872001	1610612992
53956677	800
81705009	4295004160
7078737	671092736
3876321	4362076161
80868117	2147487760
6753441	2134016
57074205	134217888
23287161	150995072
47669781	1610612992
24393621	671088768
38473041	20512
25852593	1073778688
66308853	16777281
76734849	5368741888
59480877	1085440
69408885	32833
10904529	1074823168
19749405	4295000065
60886389	150994945
3453825	4295000320
63773229	3221229568
5814813	1610613248
69073221	2147520512
28043805	4362108928
4320525	1048610
50549169	4294971393
6870081	200
5880909	1610613248
316533	687865856
3471645	2147487745
20784585	1610613248
39053325	6442451008
4042857	1081345
1250949	2147487746
53506965	3221229568
59992797	36865
81105933	2147520512
32937177	4311744513
9057729	1610612992
31388457	800
45500601	2147520512
20996805	2147520512
72278229	36866
5471373	1610612992
17747085	2147520512
35031837	1073745922
468165	4311744513
44007609	4294971393
78469869	1073778688
33573189	4295000065
78871953	1610613248
50658357	1610612992
74851113	2147520512
10992009	1610612992
10537113	1085440
45406641	2147487746
80024421	4362108928
12276993	4395630592
81470109	1610613248
71817501	16779296
49350045	4102
11933877	1610613248
80293017	671088768
75628389	53248
27027417	150995072
78464037	4362108928
41767149	1085440
37754085	2147520512
32942037	671092736
67306773	2147520512
79971285	1610612992
1322877	671090688
5711781	1073778688
67402029	1610613248
68603097	1610612992
66689877	16912384
40387881	1610613248
57709569	36865
75074673	1610613248
44356557	4311744513
8826717	1085440
32499777	1610612992
61768317	2147520512
51392541	1073778688
35105061	4295004160
49775781	2148012032
11435889	1140850752
68308581	1610612992
54964641	2147487746
19074189	4311744513
3194301	4130
300333	1610613248
31914633	1052673
26971041	537919492
40821717	518
41412693	100696064
72952473	134217733
40884573	2147487745
67149633	671088768
1256133	557120
7737429	1610612992
41712717	4295004160
50937969	1610613248
51163797	671088768
27905457	2101760
48993645	1610612992
32761893	28672
13420065	40961
63600537	16797696
78762765	1610613248
34734081	4295000320
44801085	36865
14607525	2147520512
4818513	1085440
12933093	1073905664
4077849	1610612992
23745945	97
59579049	1610613248
43737393	16809985
51293397	1073746176
54605973	1073778688
12943785	83886081
64708941	1073778688
81524217	36865
12359613	671088768
10374465	1610613248
39986769	2147520512
28199973	135266308
71603985	671088768
81553053	5435817984
69071601	2147487760
38327889	4295004160
21157833	2147520512
80783553	1610613248
35656509	1610613248
53461605	83886081
50210589	135266308
63183549	36865
3737649	2147520512
66456921	2147520512
55754553	671088768
39208521	557120
66478953	4311744513
5210553	53248
33176613	4295004160
23584593	201326593
61023117	100663297
72210513	24580
12907821	67108929
111441	134250497
71815233	2147520512
10264953	1610613248
55092945	1073745921
22580193	36866
10531281	1073745921
77295045	135266308
74991081	1075855360
42258009	75497473
53110065	4362108928
54644529	1610612992
59522349	4295000065
28497081	2592
2612721	1074823168
54356817	1610612740
34581801	1081345
74424081	1085440
68172177	327696
11421309	134217734
41702349	524298
1135929	134218880
1959213	2147520512
49233729	3221229568
64740045	671088644
32180637	671092736
71791905	2148007938
75586269	671088768
12385857	671088768
28216497	2147520512
23567097	4328652800
12642141	1610613248
51937509	2147520512
76102401	1610613248
26388489	83886081
41237409	67141633
81406929	4395630592
46729533	36865
42995433	16797696
5508309	16777476
14617245	1073745921
72805053	5368741888
10467453	1610612992
4515897	4362108928
1397721	2147520512
70837077	36865
36634341	1140883456
42137805	67141633
69661605	2101250
43314897	2147520512
55247493	327696
23663973	134254592
43168449	20481
25806585	671092736
58334565	1081348
43941189	102400
66431649	2147618816
9599133	134250497
44634549	1074823168
40112481	561152
825213	1610613248
37445313	57344
76680417	24580
78043161	36865
12082269	1074823168
50928897	2147520512
67676781	36865
62184333	36865
6313773	1073778688
43098141	537919492
25700961	1085440
33179853	4295004160
48435393	1610612992
70143069	8519808
150969	134250497
33976245	4395630592
65777493	2147749888
21246609	4311744514
11721981	4295000065
75910593	1140854784
48188829	2147520512
19014249	17301568
7475637	4328523776
29566605	1610612992
38377461	4311744513
27832233	4295000320
3779769	67141633
36752925	1610613248
52520385	536871170
79290561	33591296
56849025	553650176
2890065	1074823168
63784245	2147520512
33657429	67633153
11641629	67141633
45528465	1610613248
50408229	70
65192025	1610613248
37352973	196610
78779937	2147520512
15283713	2147520512
47312733	1081348
17449653	1085440
7722849	16777282
33811977	1610613248
40554417	4162
35057109	4311744513
43732209	4102
52626981	1610613248
53499189	671088644
51418137	1073778688
43218993	671088644
36671277	16809986
47562213	5368713216
81096213	671088768
24715677	671088644
46695837	4295294976
49697697	3221229568
29466165	83918848
33873537	671088896
25519521	2147581952
56268741	6442483712
80717781	4328554496
44563593	1610612992
45598773	2147487746
3276921	1048582
17066037	1610613248
71506785	67108929
20012169	201326593
6552237	1610613248
30229185	4311744513
25860369	3221356544
52476969	1610613248
68661417	3221229568
52838877	1610613248
61550265	1610613248
4015641	1610612992
18896961	37120
4941309	2147487746
14850525	1115136
7897809	40961
27010245	150995072
1127181	3221229568
58937205	1090523136
57674577	561152
2921817	1610612992
46284357	671088768
38848233	53248
30052281	1610612992
14447145	4429185025
487605	135299072
5739321	1085440
58666017	2147520512
12432189	2147520512
46476165	1074823168
46668297	671088768
19283817	32802
51261645	32802
75047781	37376
38830089	4362108928
578001	2147520512
36467805	67633216
28936101	2147520512
17595777	4362108928
4382733	37376
68627721	53248
7153905	4362108928
63667605	53248
45616593	2147520512
1429797	1610613248
56535717	671088644
12228717	1610612992
43768821	671088768
24846573	1140883456
70217589	671088641
52706685	5368713216
68394441	1081345
78848625	1081345
43309065	137216
10536465	1085440
28626033	671088644
80466033	2147520512
61310829	1073778688
8900913	528385
48807021	25198592
31190493	1090535424
10226721	1610613248
13461213	1610613248
4633509	16779268
81144813	75497474
31325925	524354
9501285	1610612992
20428509	2147520512
55821945	2147520512
57344745	671088644
64267653	36865
62280885	1610613248
2221977	1140883456
70207221	1610613248
42517533	1610612992
45332769	2147520512
37375653	2147520512
10022601	4294967361
78268017	135299072
64664553	1056772
49839285	1107329024
57166221	8454272
54977601	1085440
38462025	83918848
11958177	3221229568
25091841	1073745921
7481145	1074270208
48716625	16809985
65965413	4102
45719625	1085440
25009221	1610613248
25272957	8425472
57915957	32802
12547857	671088768
50521629	4311744513
77183265	4295000320
37395417	671088768
42623157	1074790404
79578921	4362108928
21669753	150994945
38922429	4362108928
56427177	1610613248
73772193	1073778688
76863153	2147520512
69778245	36865
50621745	4311777280
54983757	36865
17692005	2101312
9355485	1073774593
46382529	2147487746
25212693	137216
60274353	36865
24462957	134250752
36022305	4294967361
35808789	8425472
79459041	4362076161
623037	167936
33609153	4311744513
18444657	1610613248
66486081	2147520512
19829757	150994945
47752401	1610613248
24447729	1610613248
46298937	4295004160
19819713	1081348
20934921	1610612992
70566213	1073778688
59521377	75497473
62273757	1610613248
15741849	1610613248
14415717	561152
80249601	1081348
8168673	150994945
60784329	36865
58741185	4295000320
45485049	4311744513
47807481	1073778688
8506605	2147553280
75446301	1610613248
32606049	2164264960
74007093	49156
7286097	4362076161
49355877	2147487760
66088857	67141696
13740501	268533760
78924441	5435817984
4899189	2701131776
65671869	1073778688
43392657	1085440
60147993	1610613248
57346041	671088768
32345553	53248
63158601	36865
66538569	36866
57493137	1610612992
32846457	1107329024
52985325	671088644
60489165	5435817984
1464465	1610612992
43775301	671088768
1834797	1610613248
71709285	1610613248
72120441	671088768
43009689	671088644
58563633	1073766400
57140301	1073745921
79078665	2148007952
73198389	1610613248
45502545	1081348
15331665	1610612992
12212517	1085440
32232477	28672
79414005	2147520512
2726769	2147483682
29398449	4295000320
3878913	1610613248
4363293	1085440
40494801	1610612992
20791389	1081348
54093081	134254592
53522841	671092736
46347537	4328554496
81252381	1073778688
45254037	4370464768
78843441	1081348
48687465	150995072
56878509	1610613248
73613433	37120
76438713	561152
6184497	4311744513
75930033	1610612992
74328501	36865
60080925	1342185472
47379477	2147487745
24827133	518
39679941	67108929
50787957	1610613248
76405665	8392706
47785773	671088644
21390789	327681
1677333	524608
27885693	1074008064
22491417	2155876352
58631025	1610613248
33555369	2147647488
54306273	134283265
60117537	53248
33006189	3221229568
6300489	2147520512
12281853	4311744513
70453137	2147520512
49546065	524353
5052765	83886081
1579161	1610612992
2239473	557120
29898381	1073778688
11753409	1610613248
942177	135299072
57262449	1073762304
20909325	2147487746
2337645	524802
69618837	20736
58962801	36865
77478753	2147483666
63591141	67108929
21958113	36880
71240133	196610
52531725	5368713216
29322633	2147487760
5169729	25088
61508145	1085440
30235989	1074270208
80775777	1610613248
79880565	16912384
45306201	32833
6912849	4295000320
9413157	37120
28388217	4429185025
45018165	1610613248
42703185	671092736
38558901	2148012032
60248757	1610613248
55175565	3221229568
79380633	3221229568
27476481	134217733
75702585	2147520512
66048681	4362108928
461685	16809986
33071961	134283265
79322637	36866
60989097	32833
16655205	4295000065
60914577	83886081
76838205	83886081
7759461	1610612992
46858485	671088768
35462757	67108929
28345125	2147487746
4230453	37120
700797	153092096
26734845	4429185025
50336625	4311744513
372261	8425472
17805	4294967306
34884093	671088768
18711957	4362108928
1817949	1610612992
44966649	671088768
1874649	524354
28860609	1610612992
28129989	1085440
39398385	83886081
13025433	134221825
15083157	67158016
44742441	1610612992
74936973	1610613248
64589385	557120
443541	1610612992
43200201	196610
73879113	37120
31992717	1610613248
46435017	561152
39849069	36865
26434173	1610613248
80445621	1610613248
80233401	36928
62918841	8421408
35744961	36865
39421065	3221229568
73108641	1146880
42656529	1610613248
71667813	1140850689
68764125	671088644
41614221	1073778688
53612913	134218244
20962461	16809985
1774857	16777282
1633917	1050628
78475377	134221825
1121997	561152
44731425	1610613248
39040689	1610613248
53097429	1073745984
12069633	1610612992
60792753	1610613248
26352525	4362108928
47181513	671088768
17878629	83886081
61339665	1610613248
34978053	67108898
23994777	671088644
50544309	4295004160
15555225	524354
23668833	3221229568
21069705	3221258240
74482077	4295000065
5701737	134250497
14340549	4099
9313041	1081348
75553545	4295000065
22607733	4395630592
75321237	557057
81544305	4362108928
5457441	4362076161
52702149	1085440
1261317	1610613248
17594481	1610613248
25375017	1610613248
28184421	4311744513
38761725	1610613248
54681789	1610613248
23521737	4099
33559581	134283265
27632649	671092736
64538193	2147520512
20471277	1073745921
30855153	327696
81396561	671088768
18156297	8425472
68728809	4106
51385413	2147524608
8753169	1610612992
56494893	4362076161
67929825	1610613248
50207997	671088896
41903877	1085440
54107985	16777281
61101525	1085440
13306341	1082134528
39948861	16809985
49543797	1081345
65841645	2147508224
72033933	2147520512
12009045	83886081
18805917	83886081
23645505	671092736
79736061	1610613248
38827173	67108929
2654841	17301568
43016817	134250500
53746077	83886081
15521853	70
75967293	16809985
57218709	2147520512
56946873	671088768
42508785	1610613248
16175685	33587201
5146401	57344
48152865	2147520512
46292133	671088768
53550705	671088768
38316873	1085440
16286493	2147520512
80326065	1610613248
43692681	1610613248
64199613	4362108928
21821385	16809985
59055465	1610612740
11465373	16781313
55647309	1073778688
2198325	1610613248
4807497	2625536
11993493	4102
67355373	2181070848
47167581	671088768
14671029	671088768
51432393	671092736
36690393	32834
77286297	2147749888
57949005	1074823168
61482873	16797696
53130477	4395630592
31369989	36865
17998185	37376
8264577	4102
18290757	36865
14522961	1085440
3750285	561152
71511321	70
27823485	4295000320
58207881	1085440
12682317	36880
51097053	1610613248
57638613	20736
15497229	3221258240
29828721	4130
11512029	671088644
23616345	36868
52406013	1610613248
58927161	135266308
1771293	4362108928
54573249	134283265
31015209	2147495936
51745377	1048612
61858713	4311777280
42371733	1610612992
72337521	4311744513
52291641	1085440
49057473	2147487745
31291257	1610613248
18330933	8421377
24085821	3221356544
662241	2147553280
80009841	36865
40076517	1610613248
48206649	4311744513
45589701	671088768
55051797	1073745921
56152101	4295000065
78502593	2147520512
267933	538972160
81462657	4311744513
70239621	1107329024
69326265	83918848
1086681	1610613248
13052973	1074823168
30130689	1610613248
43855329	1610612992
25688001	2147520512
72897393	17858560
68174769	1610613248
27529617	1140850689
32614797	83918848
4169217	45056
3119133	17301568
26056713	2147549186
11067177	4295000320
37107057	67141633
48563697	671088768
707601	3221258240
75811125	1074823168
81211233	1073745921
12405297	671088644
16663305	36865
51262293	1073745921
14242377	137216
57228753	16781313
57828153	1085440
37653969	1085440
46176141	36865
67336257	37120
46914213	671088768
48657657	67112961
81294501	1081348
73737525	135170
35610177	2147520512
27848433	4295000065
30181557	671089664
16441365	135266308
41150901	4295000065
36297705	4161
22008009	1610613248
8543541	327696
81247521	671088768
39370521	16781314
3662157	65793
67641789	65569
80149809	36865
5889981	1085440
23571309	1610612992
64917597	2148012032
12924993	671088768
15148929	1140850689
61816917	37376
27682221	1610613248
34782681	24640
22178757	671088644
21864477	83886081
63907689	1610613248
42691845	37376
47436501	262210
35198049	1074823168
34194297	134217733
23680497	1610613248
80691213	3221229568
26394321	1149239296
24156129	671088644
81399477	1610613248
10454817	36866
9998625	1074823168
62651541	524354
16032801	4295000065
15390633	36868
79279869	4311744513
62005161	3221356544
49241181	3221229568
77057553	16781314
62770125	1610613248
20348805	1050656
40675269	3221258240
55400745	2147487746
9890409	4099
35983425	671088768
60038157	1610613248
9525585	16781313
16627989	4295000065
24977793	135266432
14895885	4311744513
2031789	4362108928
74972613	33591296
7251429	1610613248
49673397	1140850689
41255877	1610613248
67435401	37376
22052397	524354
15813777	83886081
5858229	2147549185
33113433	36865
54358761	1610613248
62532309	8425472
68645217	524354
20347185	67
55880913	36865
13671165	1610612992
12283149	1081348
154857	1610613248
62273433	1610613248
53803749	1074823168
31401417	800
23644209	1149239296
984621	1085440
28566741	4311744513
76400157	1073762304
26213853	4328554496
78974985	1140850689
61704165	1081348
3732465	37120
74010009	135266308
62663529	1085440
74889669	1085440
36249429	1085440
36428277	1081348
79281813	671088768
63737265	2147520512
34144077	16809985
27460605	201326593
18712281	4610
7023657	57344
34990041	671088644
67733157	36865
75579465	1610612992
71672025	1610613248
75707121	671088768
49798137	1073746176
54294285	671088768
44180625	3221356544
57878373	1074823168
20761581	1610613248
45146793	1610613248
34859145	4311744513
71292945	4295000128
19054749	671088768
27192333	1610613248
1606701	4102
26007141	1610613248
37202637	524354
63186465	2147520512
38556309	1073774593
8681241	2164260880
52882617	671088768
51147597	2147520512
4240497	17301568
1020261	1085440
3276597	1610612992
28714161	4311744513
66220401	1081348
68594349	2147520512
35951349	57344
78550869	1610613248
21717705	1610612992
38930205	2621444
80150781	671088768
69082941	1610613248
50664513	67108929
71015925	1610613248
41297997	2147520512
64267329	1610613248
2021097	67141633
48500841	1081348
426045	150994945
37988013	37376
72054021	2147487746
81188877	557120
59843757	98
46272369	671088768
4032813	16797696
36665769	1074823168
38223237	2147520512
4456281	16809985
7323681	4362076161
48734121	1073778688
10881525	1074823168
75158589	1056784
12603585	671092736
23664945	1085440
45552117	2147520512
38712153	36896
80416137	2147520512
6442401	1073745921
48552357	1610613248
27734061	134217733
34625541	2147520512
43311981	4362076161
17167125	36865
7224213	16781313
64588413	5368713216
9180525	1610612992
71784453	1610613248
59583909	671088644
59533041	1610613248
671313	2147520512
46875981	2147520512
10437321	4099
61617009	1048610
37897941	671092736
59616957	5368713216
4985373	1610612992
79628817	2147520512
56394453	671092736
1905105	138
31664181	1610613248
22863693	4395630592
34286637	4130
62553045	67141696
63639093	1610613248
44971833	1610613248
31518381	1610613248
45703425	4362108928
33915981	8392705
20353341	1610613248
54383709	5435817984
30503613	1081348
6778389	1610613248
62574105	4362076161
13043253	1081345
32189061	1610613248
39433053	67145728
44029317	1073750528
50719593	69633
28369749	36865
47748513	671088768
52811013	2147618816
40475685	2147520512
26374233	65554
12181737	537919489
42788073	135299072
63433029	134283265
544953	36865
24816117	32833
36131169	1610613248
49318293	67125249
60252645	1073778688
47935785	1610613248
33494457	1081348
58246113	36865
20944965	67108944
44185809	33591296
27968961	36865
63422985	671088768
1806933	1081348
16466961	83886081
30747261	671088768
59530773	1073778688
37091181	331776
25653009	1085440
44625153	36865
15091581	4295000576
66756621	150994945
75960165	4296048640
79783041	36865
64061265	1073778688
44406453	537133057
16160457	4362076161
39393849	671092736
3642069	1610612992
24133449	16809985
36004485	67141633
72977745	1081345
36240681	2147520512
57863793	1610613248
78305277	3221356544
79610349	1610613248
68405457	67141633
8675409	1074266113
20888265	83886081
68583981	36866
16241457	1610612992
12062505	67141633
53415597	1610613248
33312693	671088768
13550637	1610612992
60564981	1074823168
73283925	1610613248
40014633	1073774593
57540441	36865
79910697	1074823168
33143241	4311744513
60506661	4362076161
14422521	134250497
31045017	1073778688
19569585	1073745921
7793805	2147520512
15314817	536873472
70550013	671088768
60457413	1610613248
37503633	1610613248
40789317	1056772
81119541	671088768
62706945	3221229568
27200109	8392736
24887721	1073876992
21434205	1085440
42314061	32802
78583269	4311744513
42113505	1610613248
21044433	1610612992
27388029	67141696
12008397	1610612992
10070553	1610613248
28874217	671088768
1485525	150994945
51333249	5368713216
18079509	2101504
64183413	1610613248
855021	4362108928
41610009	1610613248
37405461	687865856
18556437	83886081
70329045	2147520512
39382833	16809985
33520377	1610613248
38615601	1081348
40567377	2147520512
35005593	37120
73197741	4362108928
62934717	36865
47912133	4102
4035405	1140854784
60397149	1610613248
15050757	2147487760
51058821	70
11192889	1081348
52360329	4102
270849	36865
3051417	57344
39675405	36865
37942653	2148012032
20435637	36866
20427537	1610612992
52288077	4362338304
81111117	1610613248
60935313	1610613248
14338605	2625536
25888557	671088644
5823885	1081348
52636053	537919492
2346717	65554
24645045	32802
14575449	2147520512
69295485	2147520512
37809165	36865
32853585	5435817984
2474373	1610613248
45134481	671088768
36286365	67133440
39240597	196610
68363985	163841
68333205	1074823168
2060949	2129921
32827989	1610613248
2170461	1610613248
18442065	536875264
28787385	83886081
74876061	524322
35995089	4295000065
43053429	1085440
8475177	134221825
55872489	1610613248
62328513	2147487745
31183365	4311744513
59143269	2147520512
6629349	1610612992
64400493	1081348
3250677	537919744
67185921	1610613248
22780425	1052673
59184741	1074823168
59271249	36865
60760677	1085440
79710789	36868
14866077	36865
11308881	1610613248
74693973	671088644
22341	1085440
29831961	2147520512
34494321	1073774593
81580269	671088768
48274041	1610613248
23821761	2147520512
69281877	4296048640
61301109	1610613248
61270977	16814080
20242209	671088641
4376253	4311744513
72615513	1085440
63892785	150995072
31616553	36865
48430857	16809985
32072097	671088644
25894389	672137216
22583109	4296048640
36704649	1610612992
67863729	2147520512
73778673	2147487746
36971301	5435817984
14893941	2147520512
81284133	1610612992
44614461	671088768
27119757	1074823168
11893053	1610613248
10157385	8425472
41826117	671088768
64045065	33344
51144033	33591296
38697249	36865
40823337	1610613248
2612073	4362076161
54861609	1610613248
5425365	800
34785597	83886081
62312637	16912384
70927473	37376
19306497	67141633
48806373	16809985
1043265	1085440
32487141	100667392
43371597	1610613248
27832557	16779520
23276469	37376
54102477	2147520512
38605557	6442455040
19299369	1081348
1165413	2147520512
71645133	1081348
64485705	4311744513
74586729	671088768
69402729	1081348
23872305	518
50548521	3221229568
54222681	83886081
8431437	2164264960
45339897	8421377
47063901	196610
28691157	1610613248
25890177	671088768
36414345	4161
323337	134250497
67671597	1074823168
43951881	137216
64798689	4311744513
6642957	2148008000
3482337	2147487746
46654041	1610613248
23615049	34078784
4600785	671088768
61651029	4362092544
6219489	38912
33852477	1610613248
62589009	1085440
66546669	1610612992
33367125	17334272
64310421	4429185025
68919645	2147520512
22367973	4362108928
21352881	4362108928
56275545	2147520512
57856017	1073745921
27923925	4295000065
59543733	1140883456
43922073	1073774848
13882737	1610613248
60999789	1610613248
28873893	561152
64131573	1610613248
52234293	1610612992
11299485	17301568
54817545	37120
57063513	536871680
33352545	150994945
30487737	800
19051509	1146880
73626393	1073778688
67951209	17301568
62030757	1085440
52371993	1085440
1029981	2101250
61701249	2147487745
72603525	1073778688
4604349	67141633
55257861	4311744513
61149153	150995072
14775033	2147549185
81699825	1085440
33841137	671088644
13950453	1610613248
56479017	1610613248
19540425	57344
33050577	1081345
52055121	1610613248
65995869	83886081
72758073	537919492
16757589	1610612992
1917741	134283265
57303273	1610612992
67754541	8409088
44224365	3222274048
69323997	16814080
20330013	1610613248
66347085	671088768
60937581	2181070848
75352017	16797696
43681989	1610613248
79310325	4311744513
1862337	1074823168
31415673	800
37240869	1073876992
25830561	1610613248
80197113	4311744513
15399705	83886081
9831441	1074069504
80284593	4362338304
5599677	2147520512
30687645	1610613248
37139781	4311744513
70546773	557120
27150213	528448
54412869	536872964
16362309	2101249
22643373	2181070848
81653817	2654208
48774621	561152
44961465	671088644
49156293	32833
5062809	528386
76743273	2147520512
66541809	1610613248
37425225	34820
49450485	4362076161
59448801	331776
38190837	36866
36081597	2147520512
4486413	4362108928
18821469	134217733
32526669	2147520512
15916809	1610613248
42916053	4362076161
38261145	8425472
3627165	1074823168
48316485	36866
70552929	561152
55927245	671088768
26920497	1610613248
55132149	1610613248
45037281	4362108928
9836949	134217864
67329777	671088644
50974905	16809985
17148981	1140883456
67053405	3221291008
14891997	4311744513
27912585	36896
69912057	36865
7355109	2147487760
41757105	671092736
40349649	1073774593
22394865	1610613248
63428169	4311744513
11614089	1610613248
75637137	4296048640
2555697	2684358656
38435781	1073778688
69511593	671088644
64526853	83886081
44118093	6146
52071645	4311744513
6982185	83886081
43534893	4311744513
10521885	1610613248
2536581	134217860
12250749	4311744513
29753553	4311744513
58297305	4362076161
80887557	33619970
77760957	299008
42590109	671092736
58777473	2147524608
51304737	67158016
30526941	4294971394
35200641	1610613248
6201993	67109632
39265545	4311744513
45632469	2147520512
63385401	36865
64549209	1085440
73143957	1073778688
13653021	1085440
52137741	1610613248
50724129	2147520512
45655473	135266308
31563417	1610612992
69713121	83918848
61105089	83886081
3602865	524354
12631773	24577
18770601	150994945
78180537	2147487745
70511133	53248
10595433	2147745793
44371461	67108930
4038321	3221229568
34810869	537919492
43557897	2147520512
33962313	4362076161
53225733	1610613248
22089333	671088644
54066837	4311744513
65350461	36865
12263385	1048616
8072445	1082130448
4374957	16809985
66492885	8421408
2278029	2147553280
52862853	1610612992
75863937	671088768
42846069	671088768
20735337	1610613248
72404589	1085440
961941	1085440
69737097	4395630592
20759637	1610612992
15888297	2147549200
22631385	1085440
23861613	671092736
11498097	2147487746
43618809	1074823168
27389001	4362108928
28866765	1140850704
16116069	1610613248
2084277	4311744513
4162089	134217733
3151857	2147520512
57111141	671088644
12583173	67141696
39765477	1073746432
64710237	1073778688
49153377	3221229568
15771333	1610612992
38663553	536903936
50114685	1610613248
66781245	2147520512
43525497	1610613248
59885229	1610613248
40448469	1610612992
56322525	1074823168
67957365	536903684
23273553	671088768
34009293	671088896
36948297	1610613248
35898537	4395630592
16861593	1610613248
36424389	1610613248
24977145	1610613248
6363993	2147500034
41078001	327696
55515117	1610613248
41215377	671092736
755229	1073778688
40287441	4295004160
68643921	36865
20399349	83886081
28724529	2147520512
263397	1085440
38761077	1073774593
51781665	4295000320
20307981	1073778688
81311673	1610613248
19765281	67141633
44410341	2164264960
50977173	1074823168
76746189	32833
31393317	800
3998793	8523776
23999637	672137216
23210049	671088768
34065021	2147487746
62713749	1610613248
52734549	8425472
52017537	4295000065
42228525	8392705
20164125	36866
16022757	671092736
14321433	2147520512
44776461	4295000065
78719349	16777282
60824829	3221229568
11226261	1610613248
41698785	4362076161
24071565	1074823168
58631673	2147524608
17302233	36865
59067453	32833
765273	1610612992
119217	67141633
49120977	4294971393
2554401	1074823168
47159157	671088644
26421861	671088768
46420437	671088768
80453073	102400
48181053	36865
47056773	4130
23108313	671088644
57589365	1073766400
23851569	1610613248
2281593	1048582
6358809	1081345
51133665	557120
54111873	1074823168
52836609	1610612992
40472769	1610613248
13116477	671088768
47331201	1610613248
53419485	2147520512
14579013	16777312
33613689	4311744513
72068601	1073778688
29335917	17334272
51566853	327681
23066841	167936
55477533	561152
62594517	36865
64052841	83918848
37336773	671088644
49606329	53248
17799249	1610612992
41076057	4295000065
48805725	1610612992
45594561	36896
75041301	2164785152
50089089	4329570304
56923545	4311744513
80568093	536870918
14318841	1073766400
36213141	134283265
43302261	671088768
42948129	3221225474
7449069	1610612992
71613381	32833
23729097	70656
63123609	1085440
66951345	671088768
49413873	2148012032
64457517	2147487746
15002481	67141633
6155661	1085440
24977469	67158016
31684269	2147520512
77426913	4362108928
11419041	1085440
39549693	1081348
77853297	327696
78864825	134221825
48732825	528386
24436389	1073762304
53912289	1610613248
13383129	1610613248
39574965	4295102464
60035241	1610613248
136065	67141633
42071061	24580
52139685	1073774593
2383653	134217733
28151049	2147520512
32746989	2148012032
78071349	4395630592
9133221	1610613248
41299293	1081345
63072093	36865
72039117	1610613248
43106565	1610613248
19740009	1081348
4685673	83886081
32327085	4311744513
75557757	1074823168
41616813	37376
35855121	1074823168
1452153	32833
70028373	4362108928
30356841	538972160
68985741	4362108928
55389729	4295000576
59359377	2147520512
70913217	5368741888
65963145	1610613248
49187397	1074823168
8811489	4362108928
32699685	671092736
39376353	671092736
45049593	1610613248
20545473	1140883456
64367445	1074823168
43437369	32833
10941465	671088768
72473601	2134016
35519457	4311744513
12723141	3221225984
33468537	1610613248
15858813	5435817984
63420069	1085440
15325509	83886081
9975621	167936
38094609	36865
76547253	671088644
40315953	4311744513
78010113	671088644
52232997	671088768
40883601	28672
31086813	1048581
71427081	1610613248
5954133	327696
21944181	4311744513
26703741	24580
55781121	1074790404
6489057	1085440
79344021	1610613248
68729457	1610613248
20486829	37120
78663621	1610613248
65365041	671088768
43042737	32801
5990097	4161
37267113	4295000065
69393657	134254592
26677497	37376
62634369	1085440
17692653	4311744513
73921557	16781313
15797253	671089152
36855957	327681
39547749	1081345
30901485	17301568
138657	134250497
52145841	4362076161
68372409	98305
68191617	1048581
42924801	67141633
76732581	5368741888
33219705	1610613248
31447749	134217733
74829	1610613248
23460825	1610612992
19946073	1081348
81453585	2147520512
45028209	2147487746
10075089	16809985
29516061	196610
1188741	16781314
53475213	1610613248
33859605	67141633
11754057	1610613248
15123009	4328554496
20345565	37376
79558509	36865
3042345	16809985
12694305	2147520512
32851965	3221229568
1741485	4429185028
48576009	50
33279645	1610613248
50881593	1610613248
54227541	167772161
34203045	36866
1019613	2164262912
65790129	4102
70831245	1610613248
79122729	1610613248
44229225	1610613248
34958613	2147516432
59907261	1085440
43963545	4311744513
19433505	524353
46624233	36865
64043769	1081348
77979333	4362108928
59035701	1610613248
5190465	2147520512
80742081	196624
75916749	1081348
46996833	1081345
16986333	4099
40154277	17301568
789897	4130
44880141	1074270208
16013685	1610613248
18811101	83886081
62258853	1610613248
28134201	1081345
54818841	671088644
65461269	4362108928
75675369	557120
41855277	4295000065
79590585	67141633
37857765	4295000065
17681313	1140883456
12612981	2818572288
21750753	4362108928
47262837	1610613248
50644749	36865
1094133	1085440
37379541	196610
135093	67141633
63077277	4362108928
27648849	16809985
63897969	561152
31018125	1081348
63862005	1610613248
58495917	1085440
44254173	16814080
36070581	671088768
12942813	83886081
16444929	135266308
37062669	1146880
12647973	671088644
54040917	36865
20703585	33591296
46564293	671088768
65444421	36865
35556069	4311744513
79043673	1082134528
54350985	1073742338
62080977	3221229568
2443269	135299072
25803021	150995072
46314165	2134016
70815045	37376
12140913	1074823168
1803045	2148012032
13033533	4362108928
30771885	1085440
48673209	1610613248
81172353	561152
80124213	36865
40006857	2147520512
42295269	16797696
53993937	2147487745
3492381	2148007952
2299737	4295004160
80654277	1073778688
60853989	28672
19718301	1085440
63173505	4311744513
12811917	2147520512
75918693	1073778688
30629325	4362108928
10742205	32833
57764649	1610613248
64092045	1610613248
38783433	1610613248
4847025	4362076161
61163409	1610613248
43235517	1610613248
80932917	1081348
11140725	1085440
59274489	1610613248
7245921	1610613248
72124329	2147520512
8645925	1069056
59561553	4362108928
18070437	67141633
16522365	150994945
1979301	578
14980125	4130
55081929	1610613248
34492701	1610612992
15803085	83886081
60214089	17334272
8221161	67141696
64567029	1610612992
36655401	83886081
5014857	1610612992
23601765	4362108928
3374121	2147520512
15194613	135299072
26934753	4295004160
25499109	150994945
33239469	671088644
49105101	4362108928
22495629	557120
45059637	5368713216
16243725	8258
67660905	1610613248
9930909	4311744513
18313761	32833
80838957	1074823168
568281	524802
42496149	1610613248
7186953	1610612992
34114917	1073778688
81495705	2147520512
78431313	4378853376
65732457	4362108928
2876457	40961
58780065	2147524608
5999817	561152
18600501	1610612992
24158073	2147520512
22600281	8425472
47032149	671088644
52807449	2147520512
49525329	1610613248
59087541	4362080256
39287577	67145728
2769537	32788
79372533	134254592
31292877	1610612992
16276449	4295000320
69991113	1610612992
10879257	537919492
27558453	83918848
10054677	2147520512
67930149	1610613248
75356877	1610613248
1159581	2147484674
23834397	2147487746
54156585	4295000065
62552397	2147487760
26574789	36865
38438373	1085440
28875513	671088644
3628137	8392705
31273761	1610613248
400449	2147489792
26064489	201326593
8247081	1081348
9613065	4311744513
78344481	16785409
36313905	4311744513
41712393	1090535424
65484273	36866
44468337	1610613248
25590477	4311744513
55506369	1610612992
76813257	671092736
597441	1610613248
60048849	1073778688
48259137	1610613248
23997369	672137216
69821337	67108897
42775761	671088644
75464121	671092736
60612933	1610613248
21666837	150994945
67769769	1610612992
28030521	1610612992
59798721	327681
36993981	1610612992
24878973	67141633
27118137	131090
41781	131090
37214625	1610613248
47317269	1610613248
24536829	4311744513
50651553	2147487760
45096897	4295000065
69184677	1610613248
5865357	1610613248
1903161	1082163200
28121565	2147520512
52479237	83918848
46999749	37376
53679333	5368741888
1261965	268568576
53032305	3221229568
81427341	150994945
34761621	4311744513
48861129	1073778688
58576593	2148012032
37347789	196610
40394037	671088768
76549197	3221291008
38286741	2147618816
17499873	4362076161
78143601	671088641
57996957	1610613248
20572365	17301568
18763797	4395630592
12691389	36928
7354461	67108929
8839677	1081345
64544349	17301568
55615557	1610613248
27962805	135266308
79425669	53248
15287925	1081348
4829205	1610613248
72850413	671088768
41509893	589826
20675721	524353
28799049	1140883456
59026629	16781313
21811017	16809985
54944229	2147520512
38942193	327681
16153005	32833
70102893	1074823168
80755041	67141633
3678357	1610613248
35333157	671088768
12791181	4311744513
57306189	3221749760
73840881	98
28385625	4295000065
30503937	1610612992
58232181	83886081
66478305	4395630592
604893	4295524352
66103113	2181070848
32331945	67141633
78734901	1073778688
28459497	201326593
27433389	150994945
7610745	5368709121
39104841	196610
11943273	1610613248
758469	4429185025
12757485	1610613248
76740681	24580
37242489	671088768
47364897	1085440
2789949	32834
78947121	1107300352
11857089	266241
12967113	32833
53982597	83886081
67272105	536903936
53286969	36865
65210817	4362108928
45595533	4295004160
44903793	671088768
63986421	16777219
39288549	1085440
44700969	4296048640
32124585	134217860
47801649	4362076161
68727837	4311744513
45167529	4362076161
49704825	20736
2411517	4362108928
16819473	150994945
26172705	37120
79242933	5435817984
68049705	16777281
57252405	2147553280
27901569	1073745921
10701381	4311744513
32968281	201326593
29613909	36865
25507209	69648
35864517	1081345
36108165	67141633
14839509	4311744513
75119709	4362076161
7409865	5435817984
38679429	150994945
21288729	4311744513
55904241	1610613248
1005357	1610613248
47231085	4362108928
1903809	2148007952
12307773	1081348
44288841	36865
22587321	671088768
37750521	2148012032
44928741	36865
34035861	282624
40110537	37376
60355677	16777729
51585969	37120
49982817	1073774593
58015425	86016
54184773	134221825
34304133	1610613248
21285165	1610612992
38440965	1081348
53956353	1610612992
59896893	1610613248
68302425	1074823168
11868753	1610613248
43572477	1081348
34985829	1610613248
43123413	1085440
65705889	2147520512
78737817	134218753
31736109	2147520512
67292841	1610612992
4264149	671092736
45625989	1610612992
955785	2147487746
50920473	2147487760
72571773	2147618816
43437693	16781313
65636877	1073762304
18172173	36880
51600225	327696
40587789	1610612992
3479745	1610612992
5878317	16781314
1138845	4362076416
68997	1610613248
37949133	4362076161
45669081	67141696
65079921	1610612992
66457245	1610613248
73442685	671088768
25889205	1085440
13327077	57344
15304449	4311744513
67389717	1082163200
64326297	17301568
1993557	671092736
62520645	32864
52726125	671088644
72861429	201326593
32735001	66562
30514953	67141633
40610793	36865
56196165	167936
3740565	1081348
28103421	1610613248
47694405	4311744513
30986373	2147749888
55407873	1610613248
53628465	28672
79444785	1082134528
51122649	1081345
40841805	32834
1235073	1610613248
48629469	16814080
62605857	53248
10613253	37376
5005461	1073741956
25594041	1610613248
30308889	2147520512
79035573	524353
42336417	1073778688
55778529	37376
9069069	1074823168
36864705	67108929
81318153	671088768
22617777	16814080
52786713	16777282
40909521	4311744513
62868297	37376
151293	67141633
37393149	5368971264
24303873	32802
67769121	4303388672
51536397	1610613248
28861905	1610612992
63928101	37376
21159777	16809985
34037481	671088768
57399177	16809985
68525337	1073778688
58450557	1610613248
22362789	83886081
19586433	561152
68058777	2147520512
52672017	1610613248
40617273	67108869
24581865	671092736
37369821	196610
29053713	4353
15059505	553648129
48613917	1610613248
69789909	83918848
31884177	1081345
1544493	4296048640
28820757	671092736
11704161	1073778688
73995105	1073778688
62628861	1610613248
34484601	4099
77786229	36866
74154837	36865
70837725	36865
71938677	16810048
24415977	37120
73134885	2147520512
3071181	32834
54619581	1610613248
81114357	1610613248
21521685	150994945
77822517	1090535424
63025437	83886081
65028729	1610612992
18870393	150994945
4014021	1342185472
69680397	36880
72552333	1146880
54523029	135266308
78734253	69648
23556081	35
77298933	5368741888
27835149	16779520
39785889	1610613248
6319929	1073745921
1744401	16814080
16886865	2101312
68740473	1610613248
8259393	1610613248
5947005	1074823168
32733381	83886081
63214005	16814080
36600969	16809986
62385213	671088644
45041169	67112961
64510977	331776
81553377	134218753
29770725	1610613248
12497961	1610612992
2488305	4294967361
5938905	1085440
73198713	37376
35505849	36865
45350265	2147520512
49362033	57344
8173209	2147520512
28345449	67141633
916257	4295000576
72340761	5385486336
73911837	1610613248
64603641	1610613248
32654973	67371009
18872985	150994945
12727029	1610612992
75356553	1140850689
3540657	1610612992
30084681	75497473
7075173	45056
12650565	1610613248
70598289	83886081
23875545	35
77481993	1610613248
47304633	1610613248
50073213	4099
71116041	1610613248
46803081	83886081
77946933	1081345
4569033	2147549185
26107257	4295004160
68750193	1610612992
44023485	671092736
4525941	137216
6377601	67141633
55337565	8425472
68016657	3221229568
77766465	4362108928
195033	2147520512
73029585	561152
41575989	4295000065
46721757	67141633
71783481	2164264960
77496573	36865
46311249	2147520512
23504241	35
59044449	671088768
11255745	37376
2009757	1085440
57332109	671088768
48029745	1073778688
31029465	1610613248
44644593	1073778688
6666609	4362076161
39110025	2147520512
53600925	134217733
1993881	671092736
17508945	83886081
34495941	83886081
56405793	36865
34824153	671088768
12338229	57344
12817425	1610613248
49164069	57344
59633481	1610612992
63831873	4311744513
472377	4362076161
32065941	1073778688
12524205	67108929
135741	67141633
58290501	4311744513
47289	45056
7653513	83918848
73748865	1074270208
49404477	1610612992
8422689	2147520512
79361517	135299072
53079285	4353
52776993	1073778688
3663129	16777282
51339729	2147487745
10851717	1082134528
12163917	1610612992
62729949	1081348
5797317	1081348
15829005	83886081
34050765	671088768
10165161	1610613248
1037109	28672
53086089	3221229568
43331745	1610613248
41261061	524354
67616841	1090551808
47185401	1081348
29869869	3221229568
71866749	561152
28905969	1085440
6555477	67141633
6201345	36865
78569661	4102
28216821	327696
22054989	1610612992
65333613	67141696
12398493	1610613248
9025005	1085440
81262101	2147520512
7287393	4099
12810945	2147520512
31463625	2148012032
38627913	1081345
49458909	134221825
962265	671088768
4846701	16809985
12797985	2129921
20753157	4395630592
1974765	67141633
76758825	4362076161
5230641	134283265
30317637	1610613248
1004709	2147520512
511581	268568576
68816613	1085440
49989945	4311744513
74938593	83886081
508665	2147487746
33849237	1140883456
2115705	57344
71661009	327681
8916789	134221825
74466525	3221356544
317505	150994945
45221961	1610613248
38907201	1610613248
35772177	2147520512
63446313	1073778688
58116189	2147520512
35666553	2147520512
80510421	671088768
24644397	671088644
57339561	671088768
22076049	1610613248
81265665	5368741888
43783401	3221229568
78845385	37120
57081333	20736
18432993	4362108928
60415617	2155880448
37347141	196610
27075369	16814080
34996521	1074823168
58425285	1085440
60130497	1610613248
36221889	1610613248
75601173	4295004160
49586565	671088768
47325045	1610612992
79962537	32773
33807441	134221825
45405021	17301568
80521437	16777984
36426333	69634
993369	1085440
42374325	67108960
50820681	1610613248
16075893	2148012032
72196581	1610613248
32329353	1082163200
52161069	4362108928
38411481	2147614736
11535357	1085440
58772613	2147524608
62008725	1610613248
2255025	1074823168
65739585	671088641
2683353	201326593
18693489	4099
38348301	20481
34316121	671088768
39657909	33281
4634157	1610613248
46493985	2147520512
31072233	167936
36123393	4311744513
65094501	4353
51162825	2147487746
38337609	1073766400
76421541	36865
31262745	1074823168
70235733	53248
27856533	4295000320
62152257	1610613248
23948121	4311744513
20190045	1107329024
27260373	1212416
8733	2147520512
79989429	2147483684
71291001	16912384
80190957	3221356544
2024661	134250497
22565613	1610613248
78631869	4362338304
51687381	2147487746
19356717	4295004160
2343801	1085440
46452189	1085440
20652069	1610613248
273765	4311744513
34077981	1073778688
58730817	2147618816
54078501	1610612992
50308761	1085440
78127725	155648
56730441	1085440
29160633	1610613248
43237137	37376
70155381	4311744513
51126861	1610613248
47006229	524353
446457	134217858
61035753	137216
12839133	33284
13789101	1081348
69168801	4295004160
466545	4295524352
79354065	8425472
65537733	1074823168
22432773	1610613248
74128917	2621444
44924529	671088768
64405029	36865
40148445	1610613248
9110541	671088768
76387197	8425472
33316905	16418
13424277	4362076161
49479321	3221229568
59510037	537919492
3337185	1074823168
17379669	2147618816
37904097	4362108928
1317693	36865
73549605	1610612992
78251817	1073876992
21442629	8458240
15433077	83886081
74136369	1090551808
35645169	1057024
29217981	1610613248
54541821	1610613248
41242269	16814080
74441253	1085440
44146281	524802
10246809	1610613248
15220209	672137216
2755281	67133440
46337169	1610613248
42913137	1610613248
15919077	83886081
59549889	1610613248
73874901	150995072
53255217	1610613248
16867749	17301568
68913165	2147549186
3907749	2147520512
35442345	1610612992
14024001	2147520512
27455745	2147520512
80370453	671088768
61110921	5368713216
33501909	1610613248
65866269	671088641
66279369	524298
73963677	4362108928
44885001	36865
29800533	1610613248
1260669	528386
20975097	16809985
12517401	4362108928
33984021	1610613248
64754625	150994945
71918589	4328554496
62514813	1610613248
40693737	1081348
75528597	536903684
64148097	1610613248
29344017	24580
13758645	1610613248
62877693	1610613248
40614033	1207959556
322689	1030
12457785	671088768
53609349	4362108928
8725629	1610613248
51040353	2147520512
61483845	1610612992
4465677	150994945
1150833	67072
41367333	1610613248
62701437	536875264
3357921	671088768
52174677	53248
3450909	4311744513
78807477	37120
4017585	1610613248
48114309	671088768
20130105	524802
63496209	4295000320
36663825	1610613248
46249689	1610613248
20799165	4311744513
41709153	561152
81610401	4295004160
1462521	8389376
65579529	134217793
28053201	35
69262761	4311744513
28063569	2147520512
43716333	1074823168
69518721	2147553280
21734553	1610612740
44107077	2147520512
27834177	1610612992
64307181	1610612992
79683249	53248
47531109	83886081
15644973	83886081
44287221	1085440
70968945	1610612992
37891137	1610613248
49644885	2147520512
59591361	671088644
59535309	36865
2842113	16797696
69968433	671088768
29932401	4311744513
2261829	83918848
52993425	1610613248
1268445	2147483682
14112777	1081856
9470181	2147487745
46792713	1085440
44989977	4311744513
53156397	1610612992
41425653	1073778688
20121681	1610613248
156477	528386
12276669	1610612992
65798877	1610613248
19644105	37376
27674445	24580
21258921	83886081
74108181	134218753
10814781	4311744513
5501829	4378853376
50571525	1610612992
41487213	1610613248
53546493	1081348
15027429	75497473
44582061	671088768
61598865	1610613248
75080829	1610613248
23270961	1073774593
40674297	4294971393
40837917	1610613248
1914501	671092736
73432317	2147520512
6736917	40961
4072341	2147487746
61253805	1073766400
68538945	1610613248
23947797	8425472
23548953	4295000320
70633605	150994945
57421533	36865
71510673	4295004160
25133961	671088644
12494073	671092736
1908345	671092736
17771709	1610613248
2618553	3221749760
47733285	2147487746
57332433	671088768
2381709	1081348
68437209	1610613248
62130873	671088644
78235941	1610613248
72675129	4311744513
59404413	2147483682
72772329	1610613248
27845193	4295000320
11000433	2148012032
50017809	1610613248
39423657	2147520512
45407937	1610613248
39000513	134221825
46477461	1085440
38556957	2147520512
27042969	671088644
70742469	4362108928
711489	1610612992
70805973	1610613248
27091893	671088644
32227617	1610612992
16444281	135266308
28889121	1610613248
47593641	1610613248
56108037	671088644
41950533	4362108928
21960381	2147520512
60991689	4362076161
62637933	4295004160
24247173	1073745921
8223753	561152
74594181	4295004160
42604689	1076363264
541389	69634
78012705	150995072
76833345	1081348
10308693	67141633
22262673	5368741888
38066745	16779266
63676029	4311744513
38455221	1610612992
1551945	1085440
62354109	24580
32596977	134221825
62644089	1073778688
69653505	2147520512
29858529	67112961
40756917	1064964
41302533	28672
65275941	1081345
30009189	37376
24385521	2147520512
761385	32833
19864425	4130
80092461	4362108928
25175433	201326593
34119129	2148012032
53692293	36865
68837673	1074266176
25994829	4311744513
57432225	1610612992
61599837	4311744513
28073937	1157627904
57259533	671088768
60946977	32833
55497945	1610613248
47284221	1085440
3495297	1610613248
37295949	17334272
31233585	24640
65704917	1140854784
22752561	67108929
79868253	1107329024
14124765	4362108928
70972509	1610612992
72744789	2147520512
70061421	4311744513
44214645	2147520512
24381633	1074270208
14024325	2180
55189173	1610613248
62037237	1073876992
38801253	1610612992
29815113	2147520512
36920757	4295000065
60693609	1073745921
66919917	3221229568
78974337	671088768
55526133	1610613248
72242913	1081348
42556737	28672
14831409	25088
48915561	67141633
7134789	40961
10578909	2147520512
67990413	327696
21550521	2147487746
23531133	201326593
12612009	16781314
32923569	8392706
15980637	1081345
43381641	36865
31348605	2147520512
39550017	1610613248
59529801	2101249
58076661	1074823168
19940565	4362076161
80785497	36865
168789	5435817984
62076117	1073775104
76551789	2147520512
22565937	671088768
58552293	4295000576
20663085	4362108928
18952041	671088768
46995861	3221229568
2088813	4362108928
61785813	1073746176
39514701	1610613248
35633505	1610613248
80332221	36865
81604245	4311744513
2108577	134254592
74504433	1090519041
68360421	4295000320
36557877	67141633
79771701	1610613248
234885	671088644
33073905	4295000065
1423965	4362108928
18163749	34078784
43190157	1081345
73069761	53248
5376765	1030
48708201	2147520512
8016393	163856
12278289	65793
80473485	671088768
30409329	25165825
23148165	5368713216
45689817	528448
6716829	67141633
20646561	150994945
42196773	2147520512
3846513	1610612992
16425813	135266308
2491221	167936
79267557	5435817984
17414337	1610612992
65938197	36865
11527257	134283265
54177321	1081345
24469113	1610613248
17771061	1085440
79318101	1610612992
47288433	36865
43804137	2164264960
10010937	1073742352
36327189	4296048640
18921585	561152
19291269	1343225856
27612561	1610612992
73256061	2147520512
56583345	331776
57847593	67108929
51087009	1610613248
39235413	196610
27952113	4099
76902357	671088768
59736189	1610613248
79066677	578
40101465	4295000320
11586225	1140850689
2676873	671092736
78517497	2147520512
80258025	1140854784
21041193	36865
36584445	671092736
1311861	1081408
32798181	37376
10390341	561152
77327445	1081348
60454173	4640
35859333	36865
61128417	36866
37273917	4295000065
74586081	671088644
58499157	1073778688
39724329	1610612992
48339165	2147520512
10024869	134479876
27846489	2147647488
68989629	1073778688
18699321	69
61314717	1085440
39042309	86016
64119261	1610613248
47040249	2147520512
50950929	4294987776
38907525	671088768
40742337	36865
79376745	69648
49746297	536903684
21823653	16809985
33854421	1610612992
31370961	2147520512
54543441	2147487746
66126441	1074790404
43217049	2147487745
16189941	67125249
40833381	671088768
42958821	36866
64170453	2147745796
1747641	8392705
36109785	268568576
35993793	4311744513
14764341	2147549185
71132241	67141633
1113897	135299072
43033665	1610613248
31537497	671092736
68533437	6442451008
48833589	2147520512
56691237	1074266176
10033941	16809985
58854909	17858560
30600489	4311777280
46281441	4328554496
67728621	53248
43588353	1081348
27482637	104
47991837	4106
3166761	1610613248
56068833	4295004160
37654941	1610613248
64395957	67141633
74907489	36896
33655485	83886081
36409161	1074823168
38891649	36880
3726957	561152
79760361	1074270208
12747441	2147487746
23146869	1610613248
13269081	150994945
23388897	4311744513
25110633	150994945
76644453	4362108928
77443113	2134016
2834013	1085440
2458497	299008
7871565	17334272
16429701	4296048640
7199265	1073774593
53015133	1174405120
36802821	4429185025
41900313	1085440
39469341	1610613248
19388469	1610613248
47144577	2147520512
18031881	1610613248
31949949	3221229568
49543473	150995072
11933553	57344
38955477	2147487746
37015041	1073778688
59906613	1610613248
58819269	1074823168
67021977	3221225728
14346057	4295004160
28110873	102400
5398797	150995072
77231217	150994945
7926969	137216
30227889	262210
33117321	37376
64708293	1085440
18395733	4362076161
23823057	2147520512
67184949	1085440
22502433	671088644
67134405	1081348
22531917	536870918
58038429	2147487760
72817689	1081348
38100765	67112961
81123429	37120
72795333	16778241
64097229	201326593
63975405	16814080
77249685	1081345
62182713	1610613248
1872705	2148012032
450345	1610613248
15325185	83886081
55676469	2147520512
30000765	1610612992
76111797	1081348
62137029	1610613248
67053081	1073905664
66151065	4362108928
80260941	1074823168
55579593	525056
39989361	33587201
867657	1610613248
40941597	32836
79847841	1074823168
17244885	4295065600
6473181	1085440
42003021	4295000065
68171205	57344
29304165	4362076161
68481273	1074790404
11451441	57344
2877429	70
62855661	2147749888
1373745	2147520512
2311401	17301568
53510853	1085440
73614729	134218753
58054953	671088644
62485653	1610613248
74669997	1610613248
53877621	1610613248
57366129	4362108928
23889153	687865856
19629525	1610613248
19508025	1610613248
59808117	1073778688
28326009	536871170
52846005	1610612992
30650709	1610613248
76463013	1610613248
79735089	100663298
9286149	561152
59245653	331776
55624305	1610613248
41898693	1610613248
74365113	671088644
14188593	1610612992
55255593	1073747968
55142517	67141633
81348933	37120
50481777	2147520512
68701269	53248
77666673	1610613248
60553641	4362108928
13617705	2147520512
59891385	2147487760
53990373	83918848
19828137	16809985
4743345	4295000065
14190861	1610612992
53369913	4102
81482745	2147520512
13183869	1610613248
37013745	5435817984
74309709	36865
45137721	671088768
56141085	1610613248
16429377	135266308
76378125	1073745921
60307401	134217733
32880153	2147520512
60146049	4353
54209073	134283265
68743389	1081348
33350601	1610612992
35805549	2147516432
38348949	36865
54188337	83886081
30792945	671092736
51593745	83886081
75815337	1074823168
19890669	1610612992
1262613	4311744513
29273709	4362108928
29379657	1610613248
24287673	1085440
76210293	1140883456
12485325	671088768
22574361	1085440
24547521	16809985
422805	1610613248
76993401	57344
23583945	40961
79943097	4362076161
73658145	1610613248
27804045	1610613248
57839169	1081348
50108529	1073774593
2139357	16780288
18777081	1610612992
185637	4378853376
40840509	37376
13098657	1610613248
15915189	4311744513
57975897	1610613248
7256289	1085440
74772057	1081348
37394769	4161
73966269	1610613248
22677717	16809985
32779713	2147487746
79408821	2147553280
49931301	36865
2288073	33751040
5952837	2147680256
1614477	2147520512
47666865	2148012032
54971445	1085440
73588485	671088768
6428469	57344
52293585	4362108928
47748837	1073774593
65302509	1610613248
23667537	671088644
1138197	1081348
66200961	2147520512
81070293	1073766400
19050861	4395630592
9237549	36866
41375109	67141633
74166501	1140850689
28944525	546
62248485	2147520512
28776045	1074823168
271173	1610612992
4098261	1610613248
79476213	135266308
21262161	150994945
34965093	4311744513
28979517	4295000065
21487665	327681
30702549	37376
80802993	1610612992
49879137	37376
21268317	4362076161
17708853	1610613248
7604589	1085440
12178497	671088641
31938609	1073774593
43556277	4362076161
16465665	1081345
386517	1610612992
15166749	150994945
73431021	1610613248
22079937	4362108928
28917309	16781313
26631489	4311744513
64008453	4362076161
31510605	518
41190105	518
33469509	4362108928
16634469	135266308
75531837	4362108928
68594997	67141633
26683653	1073746176
13266813	16781314
40897533	2147520512
52169169	4311744513
57810333	1610612992
4302381	1610613248
44075649	671088768
43498605	1081348
72733773	1610613248
3053685	134250497
22557513	67108867
47907273	4303388672
69686229	100696064
2837901	524353
53464845	150994945
3999765	1610613248
32222109	36865
6226617	1610612992
78975957	1081348
13947213	4295000065
27000525	671088644
12152253	327696
9956829	557064
49423917	671088768
30202617	1081345
58804689	2147524608
28795485	36866
11079489	2147520512
6361077	1107329024
71952609	1174405120
12348921	671088768
13798497	1610613248
53238045	2147484674
52525569	16781314
11275833	2147520512
41987469	32802
1988373	6442455040
36879933	671088644
33969765	1081348
59720961	671088768
8212413	1610612992
76933785	2147520512
59601	4102
25682169	83886081
39353997	687865856
70233465	1610612992
76205433	17301568
6193569	36896
15918429	1085440
64567353	37376
38131221	17301568
58666989	1073778688
80477697	1610613248
74715033	1081348
43674213	1610613248
5420829	2147487745
47591373	4429185028
34080249	2147524608
33831093	671088768
79004145	136315008
47443629	1610612992
71824629	1610613248
20390925	1610613248
60266253	135184
32753145	671092736
69847257	1610613248
3822213	2148008000
3670905	2147520512
47046081	67141633
40181493	1610613248
54357465	67141633
54232725	327696
39533169	1074823168
2856369	134218753
15405537	16912384
4666881	83918848
44709717	5368741888
27302493	36865
75801081	150994945
13667277	40961
18587865	1610613248
57818109	16814080
43418253	671088768
19402725	518
30512361	75497473
42557061	2147520512
42947481	671088768
10792425	36866
17040441	2148008064
36748713	671088768
74636949	1074823168
56601489	2147520512
4971441	4295000065
35000409	36865
33639933	1085440
46199145	1081345
63090561	36865
13425897	1085440
23515257	134217761
40036017	37376
4423233	671088644
15088341	4311744513
44285925	671092736
35914413	536870918
22644669	1610613248
40303641	671088768
29332353	4311744513
57036297	671088768
60806685	167772161
27368589	1074823168
77093193	36865
78719997	1074270208
81127317	4362108928
32385	4362108928
21004905	6442455040
54480909	16809985
71259573	2147520512
33362265	36865
47637057	1610612992
52712193	671088644
5111733	1107329024
46278201	4311744513
36071229	1610612992
57270873	671088768
78634785	16814080
31514493	1610613248
59926377	83886081
71563485	8421888
54311781	1085440
2168193	1610612992
44265189	1073778688
57533313	2147520512
2674929	4294971393
7073877	32802
56425233	671088644
4192221	134250498
24244581	2147553280
41924613	4295000065
23100537	67112961
23153997	671088896
34735377	2147520512
31956429	1610613248
74446113	4328554496
54718725	24577
66267381	4311744513
31397529	65554
43155489	671088768
57162657	1610612992
79757769	1610613248
17862429	2147520512
16726809	1610613248
20040681	1610613248
12849825	8425472
76435797	2164260880
19406289	2147520512
40974321	4311744513
61020201	53248
235533	1085440
76584513	3221229568
6858741	1610613248
60309345	36865
37366905	196610
11402517	1610613248
923385	1610613248
25077909	4226
27847461	4295000320
41641761	17334272
65948889	37376
32919033	32834
46705233	1610613248
22773297	1610612992
25213665	1610613248
6203937	57344
59395665	4362108928
24534885	17301568
47019513	16814080
48755505	16777282
74310357	2147484674
1160229	8425472
36553341	4362076161
52063869	671088768
78268341	1610613248
75722997	150995072
73093737	4311744513
11056161	137216
36544593	1073774593
29815437	5435817984
5980377	67108929
28245009	134221825
17460993	1610613248
5987829	1610612992
60453525	16777281
41686797	1610613248
41534841	1610613248
36978429	553648384
52609485	4362108928
32764161	134221825
73778997	150994945
74403993	1610613248
62718933	36865
8607045	3221229568
23920905	2147520512
60199509	671088768
54478317	1140883456
2543061	37376
77250333	1073746432
7610097	83918848
18397677	2147553280
77003769	1074823168
713757	66564
3769077	1073762304
30326385	3221229568
67976157	671088768
60371229	16785409
79777209	36865
34737321	36880
55492437	1073766400
42989925	36865
79572117	36865
18632901	1124073472
7299381	3221225474
66708345	4311744513
3948573	5368741888
78999285	4362108928
47228817	1610613248
69138993	2147520512
1439517	1074823168
65244189	134254592
65604477	4294971393
13818909	1610613248
26908833	40961
64745229	2147549185
49762821	1085440
28889769	36865
38372277	67141633
12568269	2147483682
2153289	2147520512
65448957	36865
43342761	1610613248
3463869	4429185025
68273913	2147520512
138009	4311744513
15809241	67141633
25733361	1085440
78403125	2147520512
66466965	1107329024
28648065	1610613248
54665589	83886081
9007509	17334272
67826793	671088768
69737745	1610612992
17162589	16809985
80563881	2147520512
41788857	671088896
18851925	536871680
69410181	67141633
78454965	1610613248
3584397	4102
40842777	8392768
11193861	1610612992
5748717	1610612992
33892005	2147520512
1971525	134217733
70442445	671088768
23627361	69
64804845	4362092544
19780509	98
52509369	1610613248
21904653	16781313
65629749	37120
36464565	671088768
50737737	524354
74065413	1073745921
14273481	150994945
2971065	1085440
60231261	671088768
79608081	17301568
6171861	75497473
56546409	3221356544
13122957	83886081
48263025	1073745921
72581817	67108870
72431157	1081345
13680885	134250498
68567781	1610612992
52833045	67141696
71469201	36865
61786137	1073762304
784065	561152
36364449	57344
21241749	4362076161
61572621	2147487760
54308217	1085440
65180037	1610613248
32115189	53248
43639869	790528
46654365	1073762304
22282113	2147520512
31989153	65793
49518849	1140850689
72542613	1610612992
42076893	1610613248
27828669	4295000320
41427921	1081345
59209689	1610613248
64892325	671088768
70812129	134221825
1144353	294913
4138761	2147553280
41143773	1610613248
53371533	4161
669045	1610612992
66262845	134217888
68693169	2148012032
28398909	4296048640
66019521	1140850689
64159437	1082163200
13886949	2147614736
41150253	4295000065
52559265	1085440
7946733	1610613248
68618649	1610613248
73480269	8425472
535233	1245184
55801209	1610613248
72887349	36866
67217349	1085440
7186305	16779268
77031957	4328554496
32896029	36865
49609245	402685952
8033565	83918848
49607625	1074823168
2917605	57344
41632689	4311744513
1441461	16777222
14946429	1610613248
33208041	1050628
22398429	67108929
66334125	1073778688
17932089	2148012032
38145477	134217864
4199025	1610612992
71064849	37120
737085	524354
123105	134250497
3945333	671088768
78372669	2147487746
68629989	1610613248
13721709	1610613248
15758049	1085440
62621085	4362076161
18771897	36865
46749621	1085440
1212717	67141696
19905897	67141633
33569949	134283265
10787889	32834
31934073	4295000320
73548309	3221229568
54728121	36865
34229937	1610613248
37493589	32834
7060917	4362076161
22335573	1073778688
59180853	4311744513
26591313	1610613248
31277325	36865
57239121	671088768
40223289	671088896
27679953	4294971393
7595193	1610613248
23639025	1610613248
48882189	3221229568
59100501	1085440
33851505	134218753
2120889	1610613248
37963065	1610613248
62577993	36865
59091105	4362108928
65700381	1073778688
32560041	1090535424
5849481	2147484674
27604137	36865
8974137	1081345
27632325	83886081
1179993	1610613248
34476501	28672
22756125	36865
41651481	4295000065
371613	36868
44296293	1610613248
22129833	36865
32806929	33028
61077549	4295004160
70820229	671088644
38867025	1073745921
77424969	57344
56072073	4362076161
71001021	167936
33185037	150994945
47513613	671088768
62910741	1610613248
78477969	671088644
70338765	1610613248
1719453	1085440
9043149	4362076161
18706449	24608
26953869	16781313
63045525	1073745921
24359601	1174405120
73648425	4311744513
19519689	150994945
32203965	1073774593
75306657	1081348
37205553	1610612992
74490825	36880
77718837	16809986
25324149	5368709121
21013653	5368713216
63691581	67108929
984945	2148012032
69702429	36865
33257613	1610613248
36120477	671088644
51377313	1610612992
19729317	201326593
6499425	1610612992
30999981	100663298
34065345	135266305
5678085	67141633
23996073	67141633
51440817	1610613248
43886433	671088768
34410729	1610613248
18249933	1610613248
61853529	561152
31578969	671088768
19189533	1081348
5223189	1610613248
38360937	671088641
35128713	561152
6593385	33591296
62098797	536903936
14920509	269516800
76721889	16797696
55820973	8425472
49369161	671088768
41772009	1610613248
76870281	16912384
63990957	1074823168
18384393	4311744513
24787281	4362108928
52130937	1610613248
55973577	36865
2505153	1073778688
12588033	1610613248
36503769	577
67939545	135266308
28660377	671088644
31098801	70
18968565	150994945
56853237	1074008064
24685869	4311744513
43374513	36865
68154681	36865
4473129	16814080
71303313	4295229456
65503713	1610613248
48525141	2148007938
7518729	40961
55306785	69648
74144793	4296048640
80744997	36865
19032717	1081345
16317273	1610612992
78342213	16809985
63439509	2147520512
74448057	2147520512
12652833	671088644
38591949	36865
26402421	1610612992
80209749	37376
34525425	16781313
59148777	2147553280
31168137	1610613248
58275921	1610613248
23442681	4162
26336973	1074823168
19286409	2147520512
33095289	36865
68010825	671088644
45246585	2147487760
27580809	65553
60983589	1610613248
16054509	83886081
20357877	32833
43066713	1081345
26568957	1073774593
39536733	671092736
65262981	671088768
1667613	2147487746
75855837	1074823168
72389037	67141696
76754289	8425472
68861649	36865
81733521	4099
7404357	102400
12668061	671092736
35580045	2147520512
30474777	4311744513
40675593	67141633
42656205	2082
36438969	671088768
51017673	1610612992
55823241	4311744513
61714533	16809985
74322993	1090519041
67715337	1610613248
11653617	1610612992
55998201	1610613248
51232809	1610613248
72598341	36865
54257673	36865
42519801	327681
1809849	4362076161
73639677	518
47049645	36880
77086713	2147520512
35867757	36865
36186249	1610613248
51085389	1090535424
35267061	4311744513
62658345	1610613248
1019937	134217857
67143153	16809985
2889741	557120
1461873	67141633
40701837	671088768
31216089	1610612992
28878429	4395630592
70267161	2147549186
10810245	67113216
10676433	1610613248
17625261	83918848
19423785	73732
77979009	5368713216
60599001	1073778688
8829633	57344
5406249	167936
23963349	83886081
2151669	1107300352
16284225	5368741888
67898073	37376
35540841	4295000320
42530493	1081345
54211989	1140883456
69007125	1081348
69982689	2147520512
74590293	321
18698025	1085440
58649817	1081348
72773625	4102
44354289	4311744513
12074817	1085440
24398157	150995072
78811041	1081348
30068481	3221229568
27427233	1085440
39347841	4295000065
50358981	24580
4035729	1610613248
5884797	1081348
79525785	16809985
390729	1610612992
4673037	1610612992
20973477	4362108928
2722881	1610613248
2899137	4362108928
15669921	67141633
1724313	1610612992
24038193	2147520512
66909549	1074823168
76818441	2147487746
32732733	4295000065
55536825	1610612992
3771993	2147520512
19167177	68608
52147785	36865
74762661	2147520512
16738797	1610613248
68398005	1610613248
4940013	1610612992
747777	1610613248
51047157	2214592528
50009709	1610613248
19609761	1073775104
9534657	1081345
39960849	1610612992
72528357	5435817984
36684561	1107300352
1888581	3221229568
74051481	16912384
14573181	1081345
72269805	1073778688
36333345	1610612992
43295133	67141633
9744285	1610613248
16469553	135266308
83577	5435817984
21889425	1082163200
75954333	1610613248
37993845	1610613248
18768009	1081348
44536701	671088768
29311617	4311744513
64689825	1082163200
47329257	67112962
44815989	3221258240
49062657	1073778688
49154349	1610613248
12897453	4311744513
50620125	1610613248
3351441	1610612992
59788029	1610613248
759765	1141374976
27097077	1081345
3602541	4311744513
22741221	1610612992
60579561	4311744513
38745849	344064
7289013	53248
10167753	4328521729
64306533	1081348
81358653	2147520512
69583521	1074270208
74010657	671088768
16727133	4362076161
22794033	57344
61583313	1048836
73300125	36865
43601313	1610613248
39478413	4311744513
54667533	1073745921
2389485	2147520512
3682893	6442455040
26543685	83886081
1326117	1081348
56678925	4311744513
26066433	2147520512
3036513	1081345
78470841	524353
46615485	1073778688
19786341	671088644
47338005	1085440
78632841	40961
7386861	150994945
52168521	1610613248
44443713	36865
39234117	37376
3233181	1081345
11555121	16809985
80545737	1073778688
67859193	1610616832
21576441	1610612740
52924413	1085440
40441665	4362076161
63993549	1610613248
23138769	2147487746
13560681	14
60657321	16809985
38814861	1074823168
25875921	32833
81579297	536875520
74773029	3221229568
23369133	67
36212169	1610613248
54022125	1074823168
26136093	1081348
66057753	8392705
21146817	671092736
1284321	1074823168
25429125	1610613248
630489	671088896
10472961	1610612992
49965321	8392832
64609473	36865
37146261	1081348
20874657	32778
13492641	150994945
68398653	36865
40906929	1610613248
54548625	8716288
2494137	536872964
11358777	1610613248
44099625	671088768
73784829	1610613248
23260917	150995072
14796093	1085440
66540513	2147487745
20868177	8425472
10857225	1074823168
67499553	4362108928
2769213	1085440
70793661	2147520512
6662397	83886081
31261773	2148007952
39190053	2147520512
36626241	1081348
35691825	1085440
71327289	36865
37284933	2147520512
2725473	137216
7849209	1610613248
52040865	16809985
53876973	4362108928
49602765	69648
77080557	1073778688
58759329	1610613248
44979933	671092736
8918733	4311744513
13760265	1073745921
65677377	1610613248
2189901	135266336
3601893	1610613248
38298081	2181070848
12765261	1610612992
78920877	7516192768
46708473	671088768
44199093	1610612992
49816281	1610613248
56513037	1610613248
48823545	16777282
50697885	1073872900
4194813	37120
6813705	1610613248
13464777	40961
34531581	1073778688
8714937	1115136
41157381	37376
47319213	1030
29699769	36865
37360425	2147745808
65364393	4295524352
53143437	1610613248
1039701	1610613248
39118773	1140850689
63382809	1610612992
55236153	4362108928
250437	16810240
80015997	135266308
6834765	37376
38683965	17301568
5686185	16912384
50377773	67112961
58021905	671088644
70019949	1610613248
19514181	1610616832
34372821	577
2357409	1610613248
8990661	1081345
60096153	1610613248
38716689	42
42341277	671088768
418269	2134016
16803273	2147520512
58788489	2147487745
37491321	1074823168
517737	150995072
49669833	5368709121
18370137	1610613248
45162993	671088768
14033073	1085440
53570793	53248
18694461	137216
54501645	1107329024
80397669	1610613248
3832257	32802
476265	671088768
5669661	1610613248
35977269	67141633
81474969	1610613248
22103913	1610613248
3437625	70
71372325	67141633
2652897	83886081
70374405	4362108928
80395401	1610613248
4769265	2147520512
76550493	2147487746
27027093	150995072
64252749	1610613248
35311125	268568576
80200029	36928
63839973	4395630592
4240173	67141633
624333	1610613248
19857945	150994945
48018081	1085440
18111261	327682
63846777	1081345
55657677	1610613248
2668125	4395630592
17624613	4311744513
43982661	4311744513
16967541	1081345
2574813	1085440
25213989	37376
72824817	1610612992
6925485	36866
30023121	32834
41610657	1085440
13517589	83886081
8449581	1085440
77090277	134217860
69760425	4311744513
43467177	671088768
2839521	3221229568
7481469	1085440
8392233	17039361
8209821	327696
58029681	4311744513
62656725	671088768
27631677	671092736
78314349	1610612992
25648473	1085440
36499881	16779266
41310309	32864
64717041	4311744513
74374509	2147487760
69399165	135299072
61384053	1073778688
12689121	4295000065
16428729	135266308
78588129	577
61094397	1610613248
60863709	671092736
68519829	561152
57973629	1610613248
1326441	2148012032
56382465	135299072
46854597	1140883456
64136109	1082134528
2338617	3221229568
35214249	671088768
80608593	2147520512
29513469	196610
53679009	134221826
43985901	37376
108849	4295004160
42717117	2147520512
44635197	32802
75363681	4295000320
34965741	4362076161
33226509	67112961
1855209	134217733
74831025	1073745921
12737721	16908290
27296661	67141633
1810173	1610613248
52170465	1610613248
77676393	671092736
20504001	537133057
73437177	671088768
80540877	2147520512
69801897	36865
53502429	2147520512
1404849	2148073472
78637377	1140883456
30872325	134250497
39816993	4311744513
43764285	67141696
44529897	33591296
52458825	1610613248
52888773	536875264
52691133	1081348
34337829	57344
75223389	1073873408
24077721	4311744513
60379005	1081345
13258065	8425472
27823161	4362076161
65916489	1610613248
30805257	1140850689
52254705	2148012032
31003545	1610612992
60249729	33587456
8232177	1073774593
73687953	2147520512
34143753	2147520512
68618325	1073778688
5322981	1610613248
37123581	671088768
5240037	4311744513
32976705	4295000576
15805353	83886081
48523521	1610613248
33847293	4311744513
54009489	1610613248
65430489	3221291008
1885665	4311744513
18718761	2148012032
4866465	1610613248
30956565	2101250
24277629	4130
58914201	2147520512
16397949	261
68566809	1610612992
19594533	2147487745
73683741	37376
76347345	4099
43561785	1610613248
41980989	1610612992
12522585	167936
4137789	4311744513
38244621	37376
39319977	4295000065
49387953	10242
14395953	1081348
77507265	1081348
867009	4295004160
62275701	2147520512
75249633	4311744513
44478381	671088768
6861981	150994945
58813113	2147524608
24627549	4296048640
60433437	1610613248
80826645	1074823168
34256181	2147487760
10050141	40961
67134081	1610613248
53890581	1610613248
942825	1085440
17291865	4311744513
56365293	1610613248
16287789	83886081
70615137	37376
56296929	2147524608
48862425	134283265
11698653	3221229568
27064677	671088644
44351697	4303355905
57422829	100663312
54411897	577
40325025	1610613248
47735877	1610612992
11747253	67108897
886773	150994945
71397921	537133057
64625025	36865
2665209	671088644
41832597	1074823168
40713177	67142144
78389193	536903936
1010217	1610613248
12366093	536875264
23509101	4295000320
39721413	32833
10321977	327681
47249877	1610613248
62173965	1073778688
51425265	1610613248
27829317	4099
26105637	4311744513
2806797	1610613248
62493429	1610613248
16087233	1081348
71413797	37376
80165685	2147520512
49406097	67109632
810957	671088644
75964377	2148007952
74539101	561152
23746917	4362108928
9204177	8392705
10488189	135299072
75864261	536875520
5422449	1610613248
72416901	671088768
21568665	36865
67990737	1610613248
16788693	4311744513
6826341	16809985
15736989	83886081
57221949	1075843072
62959341	536870918
854049	37376
11682453	1085440
74578629	67141633
23495169	671088641
70767093	1073774593
4139733	1073745921
60427281	1610613248
14351565	1610613248
56211393	16777729
80701905	1610613248
23187693	4429185028
46282089	671088768
18302421	4362108928
19494741	1073762304
24713733	134250500
53145057	1082134528
48291861	6442455040
79360869	671088768
15000861	561152
58717533	268568576
49964997	4429185025
943149	135299072
39481329	2148012032
53062113	150994945
71963625	1140850689
18183513	1610613248
7035321	40961
681357	4102
63037749	2101250
13449225	1610613248
52632165	67145728
63426873	1610613248
3702333	1610613248
48643401	1081348
12735453	536872964
50853	5435817984
15709125	1610613248
42034773	671088644
80622201	16814080
3848133	36928
19849197	1085440
78980817	1073745922
62588361	1085440
43728645	36865
64042473	4295524352
17254605	1081348
28461441	36865
32025117	2147520512
41236761	1610613248
1011189	2147520512
75982197	2147876864
78530781	67145728
5992365	1610612992
60593169	2181070848
2853777	150995072
36692661	17301568
68848365	671088768
59488005	37120
36865029	4311744513
3300573	1610612992
55683597	1610613248
706953	134217762
15687417	4311744513
1996797	67141633
42444633	4311744513
2065161	4395630592
41095497	3221229568
47793549	1610612992
31499265	1610613248
841089	4362108928
31567953	1081348
60392289	1085440
671637	1610613248
58962477	1073750020
37548021	5435817984
76542393	1610612992
72688413	134217733
26724801	1610612992
28144245	2147520512
57266985	2684358656
80076585	1074823168
48891585	671088768
31726713	1085440
52856373	5368713216
79062465	671088768
20067249	8392706
80870061	131600
42472173	36880
62395257	2147487746
29673525	17334272
76067733	4362076416
31077741	1610613248
13452465	4311744513
49225629	4099
54940989	1610612992
36320709	1081345
66992169	2147520512
76610109	1081348
54229485	671088768
2736489	1610613248
79316481	4362076224
41523501	1074823168
40041849	4311744513
15557169	327681
27157341	69648
34033917	134221825
66394389	2147520512
1081497	67141633
765921	3221225474
36633369	1610613248
24451941	1610613248
50371941	70
45333093	32773
78369429	2147520512
52152321	1610613248
55543629	2147520512
54739137	24608
2014941	134217733
32727873	4295000065
57955161	4311744513
54177645	36865
71366169	1085440
70264893	33591296
56495865	67141633
51137877	524322
22881837	1081345
69403053	1085440
1076961	4311744513
23661381	671088644
29175213	1610613248
81234885	671088768
11817885	1610613248
33210633	4328554496
43434777	1610613248
42660741	24577
9795477	33591296
19434477	1610613248
39987093	1610613248
21421569	28672
52713813	1073778688
17628177	2147520512
3028737	1610613248
3510525	6146
3002493	4102
132825	134250497
68648133	4311744513
23652633	1610612992
81364161	4311744513
3436653	4099
23854485	671088768
42328317	98
19439013	135184
489873	38912
14434509	671088768
77254545	36865
29081577	1610613248
74987517	1610613248
80194521	671088768
15875985	536907776
15790773	83886081
554025	4102
28450749	32802
49417113	671092736
54920577	2147520512
71360013	16777281
46384797	1610613248
8157009	1057024
52872573	8425472
14315925	1610613248
15105837	1090519041
13825389	4130
12602613	671088768
73279065	1610613248
43537161	536872964
24749049	83886081
24378069	327696
61594653	671088644
13535733	1073905664
77067597	2147487746
51286269	4311744513
31648629	83886081
21394029	557120
1794945	1115136
24601305	1610613248
22273365	671088768
49784205	1081345
78792573	4328554496
78218121	1610613248
36605505	3221229568
25667265	1073905664
58746045	671092736
56223057	4362338304
32975733	150994945
5012913	16779268
7235229	1610613248
3159633	671088768
22173897	1107296257
34015125	134254592
38728353	8392705
27686757	327681
70861053	1610613248
2190225	67141633
45565401	4362108928
72723081	671088768
16762773	327681
63177393	671088768
235857	536872964
32597949	1085440
2066457	135184
3300249	1610613248
31319445	1073778688
8003757	1610613248
34809573	327684
2719317	1610613248
6766077	4295004160
27365349	1085440
80343561	4161
81128289	671088768
9994413	2147520512
64426737	1610613248
74207325	32833
2121213	1610613248
24468465	671092736
25852269	1610613248
60397797	671088768
5405277	1610612992
43487265	671092736
46397433	4295524352
73142013	1610613248
56643285	1081348
76042137	32833
23650689	2147553280
13301157	1085440
7308129	4362076161
22060821	36880
9846021	16797696
34977	1085440
13012797	538972160
68413557	1074823168
825861	5368713216
80999013	4294967330
61430709	1610612992
80411601	3221229568
68360097	671088768
35344497	16797696
46365033	4362076161
42918645	16781313
72278553	4328554496
56888229	67108929
64793181	83886081
32685753	524548
285429	67141633
47169525	4362108928
27818949	16779520
74931465	1610613248
5989125	1081348
57844029	4328554496
3432441	1610613248
64087509	83918848
38584821	16814080
26459121	16809985
24109797	4311744513
77692917	1610613248
935049	1610613248
62592573	36865
27668937	1610613248
52991157	2147487746
3812169	70
44358177	2147549185
141249	1610612992
63486489	1610613248
27976413	201326593
66077841	16450
26541417	3221356544
10743177	800
1981569	1610613248
2314965	37376
69519693	327681
22873737	1610613248
715377	3221229568
77261349	1610612992
7277349	2147520512
37014393	36928
17388741	1085440
45328881	67141633
75807885	1073778688
70059477	16912384
15506625	2147520512
47737821	671088768
40921185	5435817984
53620689	536871680
38091693	67141633
74650557	2147581952
49531161	1085440
8856201	1610613248
29904537	1073778688
57888417	1085440
11759889	1610613248
37346817	196610
34869837	671092736
27734709	134479873
80766381	1081348
1513065	138
47876817	1610613248
47321481	4362108928
18779349	83886081
67759725	1081348
2597817	1610613248
37329645	671088644
30762165	150995072
8145345	1610613248
63098661	1081348
16140045	4311744513
63379569	67108929
26921793	16781313
49392813	1081348
36761673	1081345
9674949	16781313
46380585	1212416
10853013	1610613248
80062005	671092736
71380425	1140883456
36732513	557120
78294909	1073745921
36068313	1081348
29293797	134217800
58607697	134254592
56930349	37376
41711097	4362108928
47878761	67112961
24033333	1610613248
27940125	1610613248
39976725	4295000065
68673081	36866
67058589	1081345
61989285	67141633
18695433	1081348
56907021	671088768
19989165	36865
77720781	299008
56389917	2147553280
61571001	37120
41331045	36865
64304265	671092736
15933981	83886081
34586337	1610612992
53714325	8425472
52052205	2147487746
29843949	1085440
32987721	16809985
59058705	4362108928
52662945	1085440
59910501	2147524608
25800105	671088641
33764349	1074069504
47267373	4311744513
68746629	2147487746
69720897	1073762304
15806001	1610613248
79948605	16814080
55975521	671088896
69825225	67141634
2289369	1060
30349389	134217864
17976153	2147487746
12799605	36865
81710193	671088644
27483933	561152
21844713	4395630592
2058357	1081348
30250893	1048582
12909117	671088768
25383441	2147488000
80491305	2147520512
35257665	28672
26456853	1074823168
5606157	1073778688
47401185	20512
80015025	83886081
70648833	2147616768
65189433	53248
6522753	67141633
69650589	36865
12828441	32786
425721	1610613248
58193301	1082134528
80831181	150994945
26940909	1073774593
4330569	671088768
78151377	1610613248
78678849	557312
19485669	524354
73833105	1073778688
8816025	2147520512
42810429	671092736
22718865	134254592
19685901	589826
34709457	32834
32889873	2147487760
63031917	134254592
1525053	1610613248
779529	150994945
80008869	53248
11745309	3221229568
63358833	1610613248
2153613	553648384
25180617	134221825
4013373	4226
33650625	671088768
12909765	671088641
27098373	671088644
483717	1081345
3172593	1610613248
66055161	524353
10218297	4130
14655477	83886081
74740629	1610613248
5530341	4328554496
22089009	2147520512
41165481	1610612992
47488665	3221356544
34389345	1085440
29450289	36865
12603909	671092736
32438217	1610613248
38948673	1610613248
4221705	1610613248
37816293	4362108928
12913977	671088641
75981225	1610613248
52140333	1610613248
35675949	38912
38771445	1610613248
36508953	3221749760
54613425	16781314
43780485	1073778688
2577	152043520
11625753	1074823168
7932801	1610612992
17592213	2147520512
14451357	134283265
43509297	1610612992
35640633	671088768
39723681	2147520512
17340789	57344
2243361	1610612992
76089765	36865
66924777	1073872900
77920041	1073746176
47425161	671088768
10641441	671088768
26736141	1610612992
3192681	67112961
5417913	1610612992
80717457	4295004160
2000361	1610613248
51450213	1073778688
29973873	33587201
45596181	1610613248
68470581	16814080
10291845	4362076161
25917393	1081345
62023305	1081348
41035881	3221291008
64204473	1610613248
23707713	36865
41943729	2147487745
56338401	1074823168
68771901	1073741827
31369665	37376
76102725	36865
20974449	16809985
50347317	671088768
56754417	671090688
38090397	4311744513
23288457	150995072
53547465	36865
38100441	1073745921
6803337	4329046016
43142853	671088768
71356449	2147495936
279597	8425472
50007441	1610612992
73594317	4362108928
72985845	2147487746
77662785	53248
77702313	57344
53396157	37376
52618881	134283265
15438909	83886081
61803957	1610613248
15914217	83886081
13193913	17301568
40253421	1610613248
70981581	4328554496
70416849	1610613248
52710897	671088768
4289421	1610613248
752313	2147520512
78901761	2148012032
43530681	4295004160
45228765	1610612992
60872781	2147520512
15902229	83886081
58217277	1610613248
15796929	32774
5391345	1610613248
65330373	1081348
21128997	1610612992
52938669	1073762304
57463329	2147520512
77447325	4311744513
51801429	1610613248
38012961	2147520512
6728493	1610612992
11015337	1610613248
37731405	2147520512
494733	2147487745
25390245	36865
47580357	687865856
46712037	671088768
7369365	150994945
6046149	1610613248
51733389	134254592
8863329	33591296
30512685	75497473
47476677	1140883456
38838837	67108874
53759037	671088768
3526725	1074823168
51426885	137216
38407917	196610
8931369	4162
33494133	671088768
25849029	671092736
9987933	65793
71681745	1073778688
48553329	2147520512
67674189	1610613248
12948645	16814080
35021469	5435817984
10379649	4362076161
64660341	1073778688
81064785	5435817984
67228041	1085440
42402837	2147487746
2275113	2147489792
70055913	4362108928
12331101	1610613248
10107165	1610613248
18774813	1610613248
27404229	4362108928
20782641	1610613248
29446401	135266308
74952201	1081348
37196805	4295000065
27551001	2147491844
38933121	2147520512
68637117	5368713216
375825	268568576
55647633	1610613248
30953001	561152
56391537	1074823168
50012301	67141633
80545413	100663298
31059921	16797696
1256781	1085440
1452477	2147520512
36317793	1081348
60236121	67141633
6328353	40961
61271301	1610613248
849837	135266308
1990641	1610613248
19718949	4362108928
25087953	6442455040
63405813	3221258240
56548353	1073778688
27011217	150995072
28895601	69648
56621253	327696
27239313	16809985
71055453	1610613248
53702013	1610612992
10897401	40961
37085349	4130
48790173	671088768
38762373	1610613248
50498949	53248
76899765	4295000065
71241105	1610613248
1351389	67141633
5544273	4311744513
65406837	4295000320
13023813	671092736
11756649	3221229568
69983661	16912384
61196133	37376
61258989	4295000065
10919757	327681
44634873	37376
4240821	2147520512
54236937	2147488256
68404161	67649536
33160737	1030
1426881	1610613248
54752097	4311744513
15108753	4295000065
59028573	4311744513
79104909	2147487745
6507849	4362076161
36120153	4362108928
73055181	134221825
33348333	67141633
18668541	150994945
45096249	65553
36484653	524384
53691645	524353
54095673	2147520512
80580081	5435817984
48790821	1610613248
48539397	4311744513
50548845	1081348
1512093	1610613248
34696821	1610613248
12625293	671088768
9686289	1610613248
182073	1610613248
70548069	1610613248
47652933	1610612992
28912773	201326593
9198993	1610613248
66371709	4362338304
57247545	4311744513
18665301	4429185028
78077181	45056
15330369	83886081
53160933	2147520512
50807721	36865
64060941	16809986
1506585	2181070848
4351953	4311777280
18552873	4362076161
56055549	8421632
14069037	57344
25079529	32834
12376137	671088768
50954169	37120
29652789	1610613248
43068333	4099
66202905	201326593
77743461	2147487746
1763517	65602
15777165	83886081
28917957	578
21869661	67141633
3860121	196610
43166181	4311744513
76379421	134221952
33293577	67112962
75851301	37120
37833465	4311744513
61114161	36865
8648841	1085440
73183161	1081345
78943233	536872964
19498305	1082134528
77307357	3221229568
77608353	135184
80372721	57344
37449201	786496
31999521	671088896
11833437	4303388672
56005005	671088768
77782989	1085440
79193361	36865
25712625	671088768
15875013	1610613248
41338173	4295000320
29535501	150994945
76901709	163904
73799733	201326593
19104969	16781313
1140789	1140883456
23055825	4311744513
43491153	1081348
45168177	150995072
81486633	1610613248
53026473	36865
42437181	2147520512
75072081	36865
20005365	4295000065
68663037	36865
67515753	1073762304
26914665	16779520
8066937	2147520512
74341785	331776
11779005	1610613248
20861373	671092736
79635621	2147520512
3946629	1610613248
63440481	2147520512
42948453	1085440
15508893	4311744513
32031597	1085440
36047577	671088768
74018109	671088768
75915777	37120
39211113	1073745921
62639877	2147520512
63078249	1073774656
66130977	671088768
78922173	671088768
57545625	3221356544
76156833	1085440
2246925	671088768
41578905	536871170
20127189	1081348
5572137	67112961
2033409	2148012032
696261	1610612992
79645665	4311744513
29182017	32802
4583289	1610612992
34597029	1610612992
62045985	2147520512
56384085	3221229568
80579109	2147520512
1273305	70
61402197	1073778688
24649257	1085440
32097045	1140850689
54115761	4328554496
46667973	1610613248
1851321	1085440
1712001	327696
60621681	2147745808
10156413	1610613248
69067389	1610613248
64376841	8425472
66232389	1610613248
17896773	4395630592
67136997	1085440
42953313	36865
81015861	36865
6890493	4311744513
74741277	6442450960
43508325	4311744513
66214569	1610613248
6438513	1074823168
78882645	2147520512
3790461	1610613248
36956721	1610612992
16933845	2147520512
53498217	671088768
61469589	2147520512
23676609	1610612992
43301937	53248
68942325	1146880
60145725	4311744513
91029	134250497
5231937	4311744513
42615381	1140850689
43802517	1074266113
9977241	4362108928
15275289	2147553280
38844345	1081348
30210717	134217733
9668145	1073778688
52880673	57344
10895133	2147520512
65715285	36896
9266061	1610613248
37303401	4362076224
50110149	1610613248
70481973	1610612992
62094909	671088768
80347125	1073778688
9070689	2147520512
79601925	196612
18461181	134283265
10392609	201326593
4393101	134283265
34856877	1610613248
19009065	2181070848
32986749	671092736
60334617	16809985
78427749	1085440
36141861	1074823168
743241	150994945
15585033	83886081
67221237	671088768
54079797	1081345
60055653	134217858
34017069	1610612992
68289789	4362108928
71066469	1073742084
13752165	1610613248
34563657	671088768
51202353	2147553280
57240093	671088768
48863397	4362076161
39477117	2147520512
60429873	276856832
49971801	32833
12581553	16781313
28842789	1610612992
32659509	67371009
502185	2134016
27201	36865
33533661	1610613248
22500489	557312
31719261	1610613248
427989	2147520512
66901125	1610613248
40940625	1610612992
9560577	2147483682
19687845	2147618816
43076757	83886081
5228049	2148012032
21757557	1073775104
31401741	800
10641765	1085440
16539537	67109121
28528185	8392736
37290441	4311744513
42197745	1140883456
31657053	2147520512
64105005	36865
44536377	2147520512
54614721	40961
59590389	1140883456
62978133	4362338304
17790825	4362108928
25460553	4362108928
57270549	671088768
56931969	1610612992
53119785	1610612992
72352101	1081345
73909893	1610613248
57701793	2147520512
51837717	49153
5347605	561152
30668205	24832
1781337	1610613248
6754737	67141633
26948685	537919492
49712277	1073750272
49097325	28672
49985733	1610613248
74886429	1085440
43613625	268502016
7105953	1610613248
21308817	1610612992
30996741	1610613248
50745189	1073745921
6673089	2147520512
74030421	5368713216
8985801	8421377
32002437	1074790404
63644925	1074266176
4976625	2625536
77631033	3221356544
30666585	1073745921
49195173	671088768
1107093	1085440
74818065	134254592
70865589	4295000065
57291609	671088768
39186489	2147487760
28945497	201326593
78655521	16912384
76053477	4295065600
16943889	1610613248
1273629	66592
25267773	201326593
49502325	5377097728
52005549	4362076161
76466577	557120
5578617	525056
1053309	2147549200
31604241	4295000320
76529757	4311744513
37803657	1073758209
9627321	2147520512
17671269	150995072
52824621	135299072
2429337	16809985
38938953	196610
65867889	1610613248
12423765	671088768
6126825	36868
21032121	5368709121
81451317	1610613248
19889697	2147520512
46862373	150994945
11533413	1085440
58025793	4353
18993837	37120
2488629	2147483682
69837213	1610613248
49226277	134254592
30106389	68190208
44143041	2147520512
63827985	8458240
77877921	3221229568
39312201	671092736
36604857	16809985
81519033	1140883456
18571665	4311744513
47948097	2147553280
25508829	150994945
12479169	671088644
75163449	1073778688
26882589	671088644
5963205	1610613248
4000413	1610613248
43317165	1610612992
74116605	4362108928
33248541	2147549200
13648485	150994945
24428937	1073745921
17422761	1610613248
47717733	36865
7342797	1090551808
27226677	36866
64187949	1610613248
24109149	4362076224
60596733	16777281
80478345	1073778688
79993317	4362092544
77467413	671088644
8197833	1610613248
43025565	553648132
69600369	69648
4824021	17825796
66616653	16809985
41880873	1610613248
38936037	69633
39227961	1081345
76599417	2147520512
64156521	33344
1202349	4429185025
55955757	1081348
11944245	16777250
21333441	75530240
32802717	1081345
81475617	2147647488
10967709	4362108928
33395961	536903936
31200861	4311744513
47251173	4353
18564537	83886081
25776777	2147520512
10074765	40961
12184329	671092736
73397325	1073778688
64500609	1073745921
68058453	2147618816
32500101	4295000065
9960393	1610613248
70467717	36865
56945577	1140883456
78724857	5368713216
70379265	1610613248
47299125	36865
77095461	37120
9389829	2147487746
51895713	1085440
37954641	1610613248
68086965	2101250
15128517	1073745921
63269733	1610613248
41545533	1610613248
43419873	150994945
18620913	20512
55726041	671088768
38352189	331776
48863073	1081348
57864441	2147520512
11196453	2147487746
56040321	57344
59049633	4362108928
24306789	4311744513
27325497	134217733
52667805	17301568
39327105	1610613248
21146493	1082163200
36499233	1610613248
15790449	1610613248
80587533	1074823168
66269325	4295000065
42637089	150995072
5908449	1610612992
80565177	2147520512
51699369	3221356544
81207993	4295000065
73934841	4362108928
23606949	1610612992
3775233	1610613248
79403637	2147520512
5867625	1610613248
4096641	4311744513
18665949	150994945
22135989	4362338304
27568497	671088768
1647525	1610613248
66525285	1081348
59657781	2181070848
38974269	2147520512
78802293	2147520512
57154233	67141633
41850093	150995072
62787621	36865
10217001	524353
73020189	4362108928
13481301	1073775104
78480561	4362108928
68558709	1081345
21562185	150994945
43066389	1085440
43020057	1085440
50148381	2147520512
24600657	17334272
32233773	671088768
41102949	1073745921
65733105	67141633
80401881	4362108928
50153889	1073778688
34100985	2147487746
177537	1610613248
15910329	134221825
54812037	32834
24505725	1610612992
23287485	671088768
61222377	1073745921
78578409	16777984
58549053	134218241
3399393	1610613248
58078929	2101312
4022769	1610612992
34344957	1030
47277417	35
31280241	100696064
51782961	2129921
29178777	1085440
15434373	83886081
81366105	1073745921
69061557	1074270208
61912821	1610613248
9466941	4362076161
446133	1610613248
22628145	67141633
54556725	65793
13787157	1085440
79206321	2147520512
77198169	4311744513
26269581	4362108928
27434685	524322
29899029	1610612992
10228017	167936
60305781	1073778688
80540553	1074823168
8989689	2147520512
42956553	1610613248
68056185	1610613248
2116029	6145
18882381	70
28301385	16779296
60962529	1073741830
29589285	28672
23700909	1610613248
54768945	1610613248
72746085	1085440
27366321	327682
77189097	2155876352
53698449	557120
76603305	1610613248
25043565	20512
1254837	36865
24832317	671088768
40580661	557120
41694573	2147553280
61548321	1085440
77242881	1610613248
42075921	1610613248
77021589	83886081
15413313	1610613248
52571901	1048582
53496273	4311744513
28382385	4429185025
27089301	2147483714
599709	672137216
69833325	1073778688
35245029	1048610
73922529	37120
56286237	2155876352
54777045	1073778688
20109693	1073774593
41815425	671088644
75350397	1610613248
13051029	1610613248
23501649	201326593
76575765	1610612992
73437825	2147549185
79043025	1073745921
59277	135299072
9931233	1081345
8607369	800
71067765	1610613248
51457665	1085440
5067669	134217888
13700001	1610612992
50058309	1073762304
14810025	36865
16660389	1085440
23288133	150995072
74380665	16912384
48719217	36866
33098205	1074008064
27995205	1610612992
42510081	4362108928
9565761	4329570304
294177	1610612992
67709181	4362108928
48217665	134221825
26098509	4295004160
47620533	2147520512
43785345	538972160
38073225	4362108928
51246093	1073778688
7531041	150994945
13263573	1610613248
183045	1115136
51692241	134250497
40001025	2147520512
38375517	2121728
31941849	1030
39681237	16801792
64744257	1074266176
43317489	3221229568
20742141	1114113
48752589	67141633
19089741	201326593
44153085	671088768
30456957	3221229568
36833925	1073745921
76822977	2147520512
28982109	201326593
15685797	1141112832
13200069	4328554496
5096181	83918848
45535269	1085440
67168749	671088768
54527565	1081345
1683813	83918848
23222361	1610613248
79918473	2147520512
19015545	4311744513
3671553	1610613248
24085497	2147520512
31850481	33591296
2373609	2147483682
76086849	1610612992
16713849	67158016
24924657	32864
33403413	1074270208
52552137	67141633
24197277	1085440
53219253	4311744513
13661445	1610613248
13368873	2621442
60076065	5368713216
17009661	4362076161
57711513	3221258240
15128841	1085440
38902017	1073762304
18192585	1085440
46944021	671088768
25598253	135266308
14012013	671088768
61216545	1073872900
26567337	1610613248
16120605	83886081
38709885	4609
36568569	16779328
20003745	135266308
43495365	2147487745
36335289	1081348
79798917	1610613248
8409	4362108928
12488241	671088768
22367649	1074823168
44133969	1610613248
81197949	1610613248
45473061	671092736
23286189	1610613248
48873441	1085440
19522605	1074823168
12311661	524297
13174473	16809985
27417837	1140850689
26957109	134250500
16673673	1610613248
56172189	1610613248
67198881	671088768
31692369	4295000065
52460121	67141696
4794537	4362108928
346989	36865
30985401	2147487808
71318217	3221229568
20596017	201326593
7961313	4362076161
61124205	33344
71392737	2147618816
77800809	1610613248
27874677	67141633
23583621	134283265
60410757	36865
81449697	53248
4609533	1610613248
15705885	1610612992
25018617	4311744513
61804929	8392706
57149049	1082163200
64486677	1081348
3785925	1610612992
44951421	1610613248
15561381	1610613248
23715165	134217858
12507033	671092736
45319809	1073778688
37816617	28672
37021197	32864
48749025	2181070848
3739593	671088768
14160405	1610612992
71855733	2147520512
17244237	1610613248
62204097	36865
73473141	83886081
2288397	1084227584
25054905	150994945
53772645	38
51118761	37376
14858625	1090523136
21611109	37376
25745997	1073778688
15250989	16777476
59830473	1085440
40417365	4311744513
35874885	561152
79467465	2147520512
50789901	1610612992
44553549	4362076161
57839817	1610613248
54631245	67633154
7336317	134221952
12381645	671092736
44642649	2147520512
36351489	32834
25520169	1085440
4828233	2147647488
8280453	134217733
24721509	671088768
14556657	1610612992
36583149	1081348
67704321	4362108928
45164937	1073758209
30872649	2147520512
23714193	327696
53474565	1081345
73547013	4370464768
66043173	32773
1280433	671088768
70742793	1108344832
63467373	1610613248
35226885	1085440
64250481	1073778688
39028701	4362108928
72483969	67141633
69242025	2147487746
40915353	1610612992
61492917	1140883456
200541	1610612992
49673721	671088768
22366353	4130
66061965	37376
39679293	4295004160
78150081	327696
9245001	33344
79835205	16912384
52644477	33554438
3514413	17301568
31953513	2147520512
225489	1610613248
19395273	67112961
5065725	2180
86817	1610613248
63938793	67633216
78320505	5368713216
80032845	2147520512
38889705	671088768
1247709	1610613248
60067965	528385
17331069	135266308
25495221	1610613248
52785741	1610612992
21191529	16809985
38291925	2147520512
57789921	167936
2421561	2147520512
14288385	134217860
51260673	1610612992
24324285	201326593
2630865	1073775104
896169	524608
57254673	4296048640
71001993	528386
1583373	4161
76713789	2147553280
79263669	4130
67984581	36865
57217737	4311744513
76655793	134217733
78978549	3221356544
35258637	1146880
64513245	1610612992
1106445	135299072
26043753	83918848
35582313	671088768
63587901	1085440
4663965	1085440
22725993	2148012032
63576561	4362108928
12353781	1073872900
29264313	4311744513
10402977	1074298880
51367269	1073778688
67152873	37120
58105173	134217860
41401029	671088768
80593689	67141696
50011977	4362076161
80424237	2147520512
41838753	1074823168
66708669	1610613248
1323525	1610612992
39539001	4362108928
76511289	3221356544
5259153	38
38168805	200
68260953	671088768
18040953	1610612992
27645285	134250497
76775349	1081348
35537601	53248
11965305	1610612992
42722625	83918848
8127525	67141633
4964961	4102
22031337	131090
67510245	36865
9789321	671088768
50502189	3221229568
4942281	2147487746
19335333	66576
64485057	1085440
71263137	137216
81041133	32801
509313	1610613248
16523013	1610612992
81279273	37376
12735777	4362108928
256917	5435817984
53604165	2147520512
27498189	32802
47551845	1610612992
61797477	2147618816
3648549	167936
46512777	671088768
47420301	16814080
78383037	16809985
69286737	1610613248
74760069	4328554496
27625845	4294967301
19021377	150994945
56380197	3221356544
26071293	75497473
4494837	331776
24749697	83886081
9498693	2148073472
62523237	67141633
67934685	28672
11580069	83886081
42004317	536907776
5102337	1058
5867301	671088768
7962609	1081348
22623285	4311744513
3597033	1610613248
51200409	4362076224
38408889	167804928
18292701	671088768
53642073	57344
7657725	2147520512
69487941	36866
66422577	1610613248
60896109	4362076161
7857633	16781313
32182905	671088644
40463373	2147487746
28410249	201326593
5671281	1140883456
2240121	1140883456
66506169	1090519041
12396225	671088768
55279569	2147520512
70390281	4311744513
2890713	150994945
21995373	16781313
421833	1085440
10047549	671088644
15748977	53248
20144685	2101504
34089321	2147520512
12185949	1081345
80444973	4311744513
11659449	1081345
30768645	671088768
32902185	4362076161
59531745	1610612992
8955993	1074266176
80247657	557568
37736589	16781313
68417121	4362076161
13198449	40961
22108449	37376
26792193	671088644
79718241	37120
28268337	671088768
23650365	1081348
81504453	671088768
78822381	1073778688
35264793	1610612992
78506805	2147520512
47574525	75497473
44474817	671088768
58475505	53248
1493949	134217733
77180997	1610612992
41040093	1082134528
27451533	4311744513
22189773	1085440
80695425	671088768
40082025	2147520512
58715913	36865
58647873	2147524608
48650853	150994945
41910357	1073746432
31659645	1610613248
71741685	4296048640
51351393	1610613248
19021053	150994945
22771029	36865
37763481	1081345
81284457	36865
8519565	671088768
39358533	1081345
52698585	1074823168
46525089	67141888
5462301	4362108928
16047057	150994945
19377453	1610613248
65365689	1081348
76037277	16912384
79994289	36865
7059945	1610613248
12643113	2147487745
3102609	4130
33425445	1085440
42857409	2147484674
46665381	2147520512
77508561	1610613248
1269741	4311744513
72865965	1073774593
37616385	1610613248
27044913	37376
31552401	2147520512
71279337	1610613248
67195641	24580
8130117	2148007952
30333837	4311744513
61182849	1610612992
33611745	196624
10515405	2147487746
29879589	4295000128
21326637	3221229568
46622613	1610613248
12230337	2180
53607081	1610613248
3093213	8425472
35520753	536871680
10958313	1610613248
71560245	4395630592
30958185	1073778688
69062853	83918848
44553873	671088768
329169	16781313
12100089	4311744513
19057341	536903936
64922457	83918848
18871365	150994945
14451033	1610613248
8411673	1610613248
47890101	1610613248
33832065	671092736
37911873	4362076161
47610813	2147520512
67568889	2147487745
5379033	65570
35100525	1085440
59340909	1610612992
51980925	2147520512
73470549	2147520512
41818665	4099
33363237	1074823168
57729981	671088641
63460569	36865
65211141	134217733
20563941	1610613248
61988961	36865
69113721	2147520512
65346249	17301568
309729	2147520512
2851833	133122
43468797	201326593
50744217	1610613248
64672977	4296048640
34987125	1610612992
30815949	4311744513
60760353	537919492
38489889	1081348
11156277	1081345
19140285	671088768
75271665	135266308
26260833	4362108928
56898273	671088768
43528737	16814080
21435501	2147520512
41378025	67141633
78037653	671088644
31871217	2147487746
39509193	2134016
48817389	2181070848
20929413	1610613248
42353913	67141633
17641461	1085440
56267769	1610613248
80401557	1081345
24332061	671088768
10857549	1073745921
57254025	134250498
35657481	67108929
33484737	1610613248
2122509	1610612992
37021845	671088768
70555197	5368741888
19001937	150994945
50621421	2147520512
24084201	3221229568
62175585	1610613248
75548361	1074823168
45316569	671088644
11227881	1085440
43360581	671088896
27156045	1073745921
33228129	1610613248
43369977	2147520512
68837997	671088896
33032757	671088644
56033193	1081348
10538409	557120
54273549	37120
36983289	1610613248
14175957	1610613248
58791729	67141696
358977	16809985
40337013	4311744513
25257	1610612992
287697	2148012032
42208113	1085440
150645	67141633
46276257	1610612992
23441061	2147487760
66425817	671088644
708249	1610612992
68003373	1610612992
11740125	57344
58823805	2147524608
29687781	561152
38788941	536903936
58046205	4130
79208913	4362108928
65759349	134283265
32705517	4362108928
75868473	1073778688
21810369	1610612992
39961497	4311744513
81108201	1610613248
73213293	28672
12837513	32786
33870621	1090535424
16128381	327696
60985533	3221225488
58930725	1610613248
19899741	4311744513
57151641	67141633
73999641	2147520512
44902821	1610613248
53982921	671088768
67854333	1058
72402645	2148012032
18932925	577
62978457	1074823168
36637257	1081348
20604765	134217864
43202145	4099
49147221	4362108928
31024281	32834
23273877	150994945
64590681	4295004160
4601433	671088644
59708973	2181070848
48261	3221229568
26032737	4362076161
72825789	1610613248
139953	67141633
27717861	1610613248
64328565	2147520512
9574185	134217864
24285	1610612992
40187001	671088768
61392801	1610613248
23103129	2148012032
7527801	40961
53739921	4362108928
69696921	1610612992
79260753	1073774656
63303429	1074823168
52221009	671088644
7233933	1610613248
57859905	37120
52795137	4311744513
3119781	4295524352
51072105	1073745921
62003865	67108929
5895813	4294971393
52894929	8425472
3067617	536871170
55589637	1610613248
46441173	1610612992
69710529	16912384
78784149	2147520512
61857093	1073778688
11743365	2625536
41162889	671092736
11553501	201326593
55618797	1074270208
17962545	32833
30053901	2147520512
8570109	1610612992
67754865	1082163200
18846093	150994945
66673353	1610612992
60114297	4296048640
115977	67141633
73323777	1081345
74609733	296
10855605	17334272
70123953	671088768
66502929	4311744513
42432645	16809986
81413085	1074823168
31077417	4129
31133793	1610613248
1071777	8421377
27849405	4295000320
23473461	1074823168
17781429	671088768
75503649	67108929
65254557	1074266176
31222245	67112961
8623569	57344
52577409	83918848
199893	1610612992
1266501	1610613248
66515241	16801792
30869733	671089152
53012865	1610613248
78029877	1081348
42542157	1610612992
46346889	4328554496
66304641	16809985
34765185	4362076161
79897413	671088768
18928389	150994945
5564361	1610612992
63164109	134250497
53636889	135266308
42369465	671088768
73747245	2147487746
38715069	36865
20750889	4311744513
55333353	33824
355737	57344
28246629	1074008064
68162781	37376
45150357	1610612992
9756597	1081345
21309141	4563435520
3957969	16779296
4414809	1085440
20004069	1610612992
1906077	2147520512
46771977	671088768
5037213	33587712
78950037	8425472
51850677	1610613248
42434265	671092736
32405169	544768
132501	67141633
64066773	1610612992
18467661	1081348
65262657	134250497
39047493	4311744513
71139693	331776
18818553	671088768
23544093	1085440
27994233	1073774593
52753017	5368713216
42311145	67158016
53296689	671088768
27891201	1085440
24925305	6442455040
42180897	671088644
12900693	671088768
3549729	2147553280
75547713	1081348
11686341	1140850689
51071133	1081345
8398713	2147487745
176565	2134016
74540721	1610613248
46243857	1610612992
69668085	3221229568
64360965	1085440
15971565	4311744513
27454125	4295000065
52376205	2147520512
186933	1048836
11927397	67141633
34865949	67108929
9806817	4295000320
80812389	1610612992
62189841	4362076161
5938581	2147520512
42526281	4311744513
65090289	8425472
26789601	4311744513
73315029	1073762304
22656657	1610612992
79595445	67141633
31033029	4130
36156117	1610613248
35518485	2147520512
53112981	4311744513
31512225	4395630592
19032393	150994945
74778861	1085440
46664733	2147520512
65227665	671088768
60433113	1610613248
68074005	37376
49468305	4295000320
2850213	67108870
69012957	4362076161
44109345	2147520512
53450913	1610613248
19634709	150994945
21901089	2147520512
3152181	1610613248
2684649	1610613248
38857305	150994945
60154797	1610613248
51121677	1081856
55762977	1610612992
7056057	1610613248
75959193	53248
52321773	150994945
57037593	4362108928
41200797	8425472
54202269	524322
54658137	2147487746
1545141	1074823168
51234429	4329570304
73110261	5435817984
7393989	4311744513
12699489	671088768
81001929	4328554496
67614249	1610613248
12491805	671092736
79259133	1610613248
1648497	1610613248
4159497	800
56600517	671088768
891309	37376
37463133	17334272
63115833	1073778688
31670661	16812032
60360537	16777281
12238113	671088768
18697701	1073778688
71667489	1610613248
27427881	1610613248
19883541	1610613248
435765	1610613248
11788401	1141374976
39071793	4311744513
40433565	4294971393
15350457	4362076161
2616933	1610613248
18953013	1085440
48680985	36865
47010765	2147520512
45679773	1085440
46501437	1610613248
79985865	557120
16822713	8425472
62375169	135299072
15881169	83886081
69750057	2147618816
60264309	67141633
17190129	137216
74531649	196610
37333209	37376
23848005	1610613248
57833661	98
67993329	331776
67444149	36865
81089409	36865
28867737	5377097728
1023825	32833
34304781	2101250
28687269	1050628
33396933	83886081
15040065	150994945
2009109	2147553280
36717933	53248
39582093	4311744513
60105549	16809985
46875657	16809985
4833093	1610613248
25578489	1174405120
65159301	561152
1811793	1610613248
47656173	2147495936
3123021	163856
56340345	671088644
9604965	1610613248
15706857	37376
76301013	1081348
48850113	2147487746
73375941	2147520512
9979509	4295000065
62193405	2147549186
13105137	1081348
47550225	6442455040
74310681	1610612992
8964093	2147520512
47754669	1074823168
34413969	4353
37117749	136318976
41740257	4311744513
29762949	4311744513
33533985	1610613248
67149309	1073778688
37887573	67141633
63942033	1081345
61494213	37120
10275969	1085440
22576953	1610613248
146109	134479873
3178101	1081345
6714885	37120
68006289	671088768
57400149	5435817984
8678973	134250504
5047581	4362076416
63589521	67141633
53252625	83886081
68879469	1610613248
1140141	4295000320
77512773	4099
60110085	4311744513
1143705	1085440
31068993	1085440
63531525	1074790404
32543517	1610613248
46719813	1610613248
48155781	1610613248
16345137	1610613248
52605273	1085440
11919297	4311744513
61044177	4362108928
68780325	16777476
55322013	65570
28841817	2147520512
11708373	36865
20366949	65554
50833317	32786
39281745	536907776
56813385	1610613248
33339261	4362108928
42915729	20484
48966105	672137216
57088785	134742020
67962225	135266308
26986593	671088644
61562577	17301568
13175445	16809985
37461189	2147745808
26672637	138
55336593	135266308
25970205	671088641
69399813	196610
71583573	1074266176
45317865	1610612992
71832405	1610613248
7512897	557120
45387201	1610613248
71752377	1081345
1757361	1610612992
1319637	4311744513
68566485	3221229568
4808793	35651840
79257837	4311744513
66728757	2147520512
36826149	67108900
63815349	1610613248
46262649	2147520512
32627757	1610613248
47404425	671088768
48726021	1073778688
53526405	36866
1660485	1610613248
74429265	4328554496
21886833	150994945
28752069	537919492
50674233	8425472
9171129	2148012032
15114261	67141633
51196197	37376
68032857	671088768
31538793	671088768
79654089	2147520512
38909793	4362108928
17763285	36865
15290193	4295000065
21689193	1610613248
18918669	577
34721121	150995072
51434337	36865
62120829	1610613248
50998557	1090519041
41415933	1073745921
79344669	524353
3111681	150995072
8039397	36880
62206365	1074798592
50467521	2147520512
6468969	1073745921
32270709	671088644
66359397	1073745921
66330561	2147647488
13607661	36865
53413977	3221229568
78640617	67141633
42936141	37120
54407685	2147487746
67604529	1074270208
27091569	1610613248
66412209	5368741888
386841	16809985
16165641	1610613248
63061401	57344
10633665	524291
48627849	1610613248
888717	70
6833793	4362076161
3459009	1085440
711813	1085440
13280745	1610613248
43275693	1073778688
50547549	1610613248
14916621	1081348
30885933	671092736
75276525	36865
81427017	1074270208
47098569	1081345
17004477	1081345
60956373	83886081
77131425	1610613248
59330865	1610613248
31263717	671092736
64052193	1074823168
14854413	1610613248
12307449	4311744513
63514677	331776
47917641	1610612992
70836105	671088644
35197077	33536
1493625	102400
81299037	1074823168
73851573	3221356544
13572669	4311744513
41386449	83918848
33567357	134217793
7097205	1610613248
66277101	1074823168
53224437	557120
48874089	671092736
33387861	67141633
26693373	1610613248
95565	134250497
53748345	2147520512
12385533	671088768
114357	1085440
24782745	1610612992
88761	137216
4463085	1081345
68917377	268568576
887097	673185792
44880465	1174405120
66211329	67141633
24654117	83886081
2970417	2147520512
30202293	36865
40718361	1073746176
68847069	1074823168
68205549	1081348
17629473	32833
9483789	1610613248
63750225	16814080
41437641	1610613248
9322761	1610612992
54959457	1610613248
15823173	1073744896
20449893	1085440
39718173	4311744513
43951233	2147520512
42683745	1610613248
29016777	671092736
39345897	32778
10907769	1610613248
60364749	1610613248
72877629	1081345
24953817	671088896
50178189	2147614736
74944749	1610613248
3327789	1610613248
65045577	4362108928
39277857	4362108928
27601221	1085440
47785125	24592
43155165	671088768
52456233	8392736
462657	2147487760
51469653	1610612992
74644077	2147520512
28874865	1081345
56953353	16781313
15494637	32833
24152565	1610613248
53535801	4362108928
51157641	150995072
47536941	2147520512
8912253	1610613248
47283249	671088768
57305217	671088768
50361897	4102
11795529	6146
27065973	536875264
39734049	1610612992
51773889	1073774593
7755897	36865
4972737	67141633
20646885	1610613248
51008277	16814080
993693	1610613248
78570309	3221229568
56038377	150994945
18471549	16842768
38248185	36866
10125633	25165825
73303689	1610613248
14008773	1610612992
34759677	671088768
43009365	671088768
68914461	1610613248
58605105	1610612992
41317437	4295000065
30469593	4295004160
23949741	1610613248
15920373	83886081
11786781	1610612992
33926025	67125249
70956957	2147487760
61209417	671088768
74518041	5435817984
69520017	5435817984
42534705	37376
74496333	4130
4315017	1073766400
41456433	671088768
51130425	4395630592
2483121	37120
36855309	1610613248
3078633	2147483682
53011245	1073778688
65209197	1610613248
32432061	4303355908
42147525	671088768
1520517	327696
28996689	1073778688
61322817	1610613248
58014777	3221229568
31550781	1610613248
65801469	1081348
21569313	1610612992
78711897	2147520512
18137181	1081348
78010761	2147520512
1416189	4294971393
40952289	1610613248
36180741	2147520512
36086781	1085440
46973829	4295000320
59541789	2147487760
941529	135299072
45718329	671088768
62073525	67112961
42013389	134221825
53850081	83886081
63350409	3221229568
29811225	1054720
70666005	671088644
50104641	8392736
47116713	2147581952
43964193	1074003969
80142681	1073778688
72787881	2147520512
58076013	17301568
72498225	1610613248
40235601	16777250
67263357	1610612992
50319453	57344
117597	67141633
16742037	1610612992
61596921	2148012032
60581505	4295000320
56286885	1074823168
65158329	1115136
46706205	671088768
74573769	1073746432
5927565	1085440
78110877	3221229568
78202569	671088768
67021005	1610613248
27788169	1610613248
406929	1179652
62766885	1085440
50945745	36865
71178897	1107300352
25768353	1610613248
60508929	67112961
1790733	134217733
6912525	137216
73706097	1610613248
3246141	4311744513
35766993	40961
29176509	1073766400
1839981	2148012032
1257105	671088896
10184601	1085440
21249201	75530240
14820393	36865
27603489	671088768
43964517	32802
68015037	4311744513
46250013	65601
2102745	1610613248
55867305	36865
16665897	4362076161
22761309	3076
44125221	671088768
69875769	4395630592
1309917	134250497
11244729	201326593
57579321	2101312
53498541	671088644
25825377	1081345
9657453	2147520512
37409349	2147520512
41716281	4295000065
45028533	4311744513
5853693	36880
23795517	1610613248
65545509	1610612992
2743293	4295000065
55960293	2164264960
57015237	135266308
30950085	671092736
7818429	1610612992
70342005	134218753
63481305	557312
43033017	524354
10115589	97
20461557	134250498
47634789	671088768
53477157	671088768
56170893	1610613248
17391657	137216
60471669	36865
31180125	800
73300449	1074823168
47505513	671088768
16342221	524353
9921189	1610613248
45712173	36865
41486565	1073745922
63540597	53248
42591729	4311744513
47473113	1610613248
5532933	4294967361
8015745	1610612992
13174149	150994945
23877165	1085440
76243017	2147487745
66616005	37376
59632185	671088768
73657497	671088768
37713909	4311744513
1187445	67665920
80136525	83918848
13907685	1074266176
4734273	167936
36809625	37376
52622445	17301568
2629569	4362076161
50032065	1610613248
15574341	83886081
3690345	40961
2429661	36865
65581797	1081345
58127853	1610613248
65808597	4311744513
32954025	671088768
3081225	1610613248
39207225	4362108928
33219381	1610613248
10664769	671092736
11571645	40961
24951225	36865
12350541	671088644
19548201	2147520512
8512113	2147520512
37296921	4295000065
12349569	671088644
37235037	5435817984
81619149	1610613248
31642797	134217733
65185545	32864
28801965	83918848
81179805	1073778688
2235585	41975808
68003049	671088768
7755249	536875520
40947753	2148532228
45268293	36865
11179929	8421377
26360949	1610612992
28210017	4362076161
18903441	4311744513
39305721	36865
47266401	37376
81391053	69648
42851577	4362076161
57754929	1610613248
77593125	1048582
17384853	2147553280
41563677	75497473
46384149	671088768
49424565	671088768
616557	1610613248
34401657	1081348
58562337	83886081
2920845	1610612992
78375909	2147487746
7461705	8552448
18930981	1074823168
69393981	16781314
2476317	2147520512
61798773	167936
2638641	1610613248
13776465	4295000320
46775217	671088768
68269053	327681
41868885	36928
18853869	4362108928
72132105	1081348
69299049	1073746432
46563321	671088768
68213649	2147553280
40148769	36865
65445069	4362108928
77964429	1610612992
8513085	1610613248
959673	1074823168
57781497	671088768
40310445	671088768
4233369	1610613248
34503393	671092736
26535261	1610613248
29133741	2147520512
48607761	67112961
55498593	1610613248
331761	1610616832
69139317	67141633
16949721	8425472
12173313	671088768
53968017	671088768
42684717	24580
1793325	1610612992
14161053	1074823168
55605837	1610613248
67038825	1610613248
43617513	1610613248
69469797	3221229568
6033189	1081348
41997513	1081348
79969665	167772161
161337	66576
30215901	36866
61996413	1610613248
350877	135299072
16369761	1610613248
19218045	2281705472
28924437	36868
54924465	1610613248
4454985	4311744513
17906493	1610613248
35670117	1610613248
74691381	37376
41870181	1081348
38738397	24608
61411269	537919492
21922797	2147520512
46714953	671088768
60659589	1074823168
26055417	53248
61245381	4311744513
69684933	4311744513
81334677	4395630592
31632753	1610613248
40978857	1610613248
42504897	1140883456
51438549	1610613248
80470893	37376
15740553	1610613248
81037893	4311744513
2073585	4303388672
66191241	83886081
9202233	1081345
56154369	2147520512
36539085	2147520512
23954601	36865
67738665	1085440
65223777	1610613248
56388621	3221229568
9344793	150994945
25740165	1610612992
44520825	4311744513
7144185	1610613248
45663573	671088768
26034033	2147487745
30472509	150994945
45279957	2147520512
61849317	57344
35388885	2164264960
40478601	2147520512
55663185	83886081
70880493	1073741860
22791441	1610613248
32283993	2147520512
7175937	536871680
63720093	1610613248
44237973	671088768
79878297	2147520512
8968305	65602
62263065	135299072
16244373	1081348
49409661	196610
24128265	2147487746
28663293	37376
12787941	3221229568
39004401	8392720
80594013	671088768
15636873	4106
8466753	1610612992
12857601	671088644
1144677	1610613248
81680385	163856
39435321	4295000065
7049577	1610613248
31253025	4303388672
31438029	1610612992
71334741	201326593
50185965	98
24354417	4294971394
12081945	1074823168
14516157	5368741888
56734977	150995072
22879569	20512
67584117	1610613248
18788421	4311744513
6537981	67112961
69226797	2147581952
53233833	1610613248
77126565	1085440
72521229	1610612992
19984953	32834
53104881	36865
70148901	4311744513
54248925	36865
16837941	577
53081877	1073774593
3268173	1081345
74706609	1097728
19016841	1610612992
25295637	1140850689
48413685	1610613248
2434845	671121408
48640485	36865
80460201	1610612992
49640673	4362076161
34077009	5368713216
77515689	1074270208
480153	2147520512
23281977	4362108928
12786645	16777282
4687293	4362108928
46362117	4362076161
9570945	1073774593
73894989	2147520512
2590365	32833
33105009	1610612992
21091089	37376
10819641	1073745921
10871805	4311744513
47092089	671088768
37399629	1610612992
17371569	3221749760
31437381	671088768
21255033	16809985
35270949	1610612992
63277185	2147487760
69359961	1610613248
68367225	4161
60020985	8425472
22839717	671088644
81056037	36865
78744945	1085440
66229149	37120
68130381	4362108928
77243853	16912384
31269873	4311744513
24458421	2148012032
40230093	261
34701357	671088768
4135845	36866
8112621	69648
65246781	17301568
69028185	53248
306813	70
31249785	67112961
70663737	45056
70334229	1107329024
61021821	8421888
13571049	1610613248
73255413	83886081
18655905	150994945
5540061	1074003969
60021309	1610613248
35137461	16781313
21651933	4311744513
47590401	1610613248
74712441	671088768
78823353	2147520512
1106121	67112961
12988497	1074823168
69807081	135299072
988185	524354
13891809	4311744513
1083117	589826
8896053	1610613248
68039985	8425472
68304045	1074823168
34839381	2147520512
56894709	1610612992
55249761	167936
55575705	6442455040
1994205	2147520512
27288237	16777282
75522441	2147520512
12955449	671092736
14386881	1073774593
14371977	2214596608
7316877	1074823168
44594373	1074823168
4605969	1073774593
58552617	1610613248
78746565	16809985
24129885	6146
64756569	1610613248
24561453	1610613248
46778133	1610613248
12958689	40961
7846293	33587712
56383113	671088768
67256877	671092736
68375325	1074823168
64408917	53248
42036717	67141633
1696449	1610612992
41052405	261
34379301	671088644
26423157	53248
2535609	3221225474
1940097	67141633
23830185	561152
11337393	134217733
6949137	142606340
62406597	4311744513
80393781	1610613248
8884713	1610613248
66493857	1085440
23299797	1610613248
45382989	136318976
34176801	4295004160
39355617	4295004160
81236181	1073778688
10754841	67141664
50056365	67141633
20321265	2148012032
1174161	4395630592
31276029	561152
80729445	2147520512
75051993	1610613248
170733	4429185028
80732037	2148073472
50287377	2147520512
62057973	1610613248
11448201	83886081
17159349	17301568
9830793	142610432
73806213	36866
9295869	4362076161
25565853	3221229568
33963609	4362076161
77365677	36865
21520713	150994945
1807257	17302016
38683317	1610613248
32002761	1073750020
67969677	1085440
14799657	671088644
23447541	1610613248
68710665	1074823168
47026641	1610613248
66125145	4311744513
13305693	4311744513
11449821	1610613248
3263313	150994945
60637557	4362076161
1572033	8425472
74873793	1610613248
47434881	2147483682
38944785	2147520512
4313397	671088644
37595649	8425472
59534985	537919492
76186965	16781313
4947465	536872964
2519409	67112961
34501449	1610613248
24568581	201326593
20298909	4311744513
47555085	671350784
63958233	671088768
11500689	20512
21499653	1073778688
16444605	1085440
44583033	1081345
6330945	2148007938
68972781	2147524608
37280397	163856
32061081	1610613248
141573	83886081
56106741	36865
66890433	1610613248
4106037	1610613248
72786909	1074266144
14543697	536871170
60443157	2147520512
74599689	1073778688
18522741	150994945
20518905	1610613248
21338625	1081348
74454537	67112961
54945201	4362108928
1341993	2147487746
52124457	83886081
41305773	75497473
9762105	1073778688
5322009	1074823168
13635201	1610613248
33684969	135184
43500873	671088768
5193057	1610613248
9579369	2147618816
11255097	671088768
50205729	1610612992
3632349	4295000065
62760729	671088768
74926929	1073778688
9764373	67141633
34193325	4295000320
80001417	16912384
17732181	671088768
30338697	1610613248
25447269	1073778688
24430557	1082163200
64425117	5368741888
15492369	1610613248
3001521	3221229568
3084141	36865
34324869	1610613248
19287057	4362108928
27310593	1610613248
65273997	2147553280
56550945	2147520512
52953573	671088768
41251665	83886081
44302449	1073774593
13107729	16809985
15588921	83886081
12971649	17334272
42989601	671088768
69224529	1073742084
18655581	150994945
4131957	3221229568
9873885	3221229568
51346857	5402263552
71961033	1081345
64586793	65554
67501173	36865
18430077	4311744513
51709737	524353
34172589	800
12211221	4362108928
49836693	671088768
9048657	2148012032
34777497	67141633
40486377	1081348
40464993	4311744513
32286909	1073778688
26675229	671088768
32876913	40961
79153509	2147520512
14660661	67141633
32020905	671088768
38815509	2147520512
62164893	67108929
51366297	1073746176
10580853	331776
46432101	671088768
39077301	1074806784
71997969	134250504
8164785	2148012032
68758617	671088768
65864325	1081348
51283029	5368713216
65560089	1081345
30205533	67108874
26063193	201326593
35958153	671088641
7148073	1610613248
33191841	67141633
81506397	2147553280
9670413	32834
27383493	83886081
3567873	37376
23643885	36896
48933381	67108929
39173529	1610613248
69141909	36896
35606289	1610613248
60909393	1073754112
3360513	3221356544
64121205	2147520512
62408541	3221229568
30264501	16777221
47624421	1610613248
36826797	1074823168
9915681	262150
81480153	167936
1503669	1085440
62994657	36865
74570205	36866
81667101	36865
25454073	16781314
59048337	671088896
47117361	83886081
43425057	67108929
73031205	4311744513
71186349	2147520512
16706073	2147520512
25782933	67141633
43382289	671088644
75471897	671088768
9113781	1081600
15544533	1085440
5859849	24580
8094477	32833
47961705	36865
76678797	57344
67091961	1085440
48926253	1073778688
29608725	150995072
48788553	1081348
55273089	36865
53722101	2147520512
66857385	50
38198289	1073778688
18663033	4295491648
64049601	36865
47535645	5368741888
38536221	536903936
68214297	16809988
33677193	1610613248
42019545	36880
233265	1610613248
63781653	36865
63137865	1090519041
80228865	1074823168
23635785	671088644
29654733	17301568
15770361	83886081
79861449	1081348
67281177	1048610
77251305	1073774593
16191237	1610613248
36230313	4610
70954689	4362076161
64836921	67108929
56417457	1073746176
186609	1085440
56137521	2147520512
26185665	4328554496
911721	65554
483393	536871680
11247321	65570
19566669	4362076161
56078877	37120
80019885	1140850689
207021	1610612992
42074301	327696
2069373	4294971456
30535041	4311744513
28965261	1085440
59533689	1610613248
6317661	4362108928
43551093	561152
23464389	671092736
32322873	671092736
70007637	83918848
2694693	1610613248
29248437	1610613248
5403657	67141634
80937129	1081348
603921	4311744513
37695117	1073746176
26419593	134250500
9176313	135266305
4174077	3221229568
61556745	671088768
61264173	65793
53562693	671088641
73899201	1073778688
37379865	196610
40363905	1610613248
6741129	1073745921
71462397	1081345
9105033	2101249
77215341	37376
1223733	1610612992
15871449	4362076161
23205837	150995072
3026469	1085440
30268389	98320
24003849	1610613248
28083333	83918848
3385461	16809986
27146973	671088644
40560249	16812032
75297261	83886081
68659149	1610613248
65847477	2147618816
5845593	1610612992
38519373	536875264
29584749	1073778688
73925445	4311744513
78475701	671088768
73662033	2148012032
31687185	671088768
46242237	1140883456
61667229	32833
27174837	4295004160
68115153	1085440
66016929	2147520512
19145793	1073778688
19831701	150994945
24509937	800
67868589	1073774593
60346281	671088768
55769133	36865
69477249	1081348
17882841	36865
61635801	561152
23525301	4362076161
79059549	1073746176
6368853	2147487745
48675153	2147520512
11636121	1610612992
72186861	671088768
63261957	4362108928
78307545	67174464
41555901	4362108928
34472937	3221229568
20677017	4226
71485077	36865
40778301	1073745921
20507241	4295000320
65523801	1610613248
73287165	32833
48205029	4362108928
38049573	1610613248
57413433	1610613248
34519593	37376
41273049	1610613248
15183273	16809985
23872629	67141633
2163009	57344
20990001	16809985
46464177	671088768
22822221	1610613248
52665213	3221258240
20768385	2181070848
54984729	83918848
1968285	134221888
14676861	2054
4273869	2147618816
23155941	1082130448
59484765	1081345
61347441	1074823168
76441305	5435817984
64477281	4311744513
9816213	67158016
60529341	1074823168
59812005	1610613248
174621	327696
46884405	134225921
57190845	671088768
21500301	16781313
74804133	36865
38079381	1073742592
24473001	528385
34203369	1610613248
19406937	67141696
4998657	2155937792
12662553	671088644
13850337	1610612992
35763429	1085440
38237493	4161
40730673	1052673
71369733	33558529
13846773	134217988
37490673	2147520512
58070505	4311744513
8953401	1610613248
44507865	671092736
28867413	150994945
81446781	4362108928
73327341	135170
43099437	1610612992
57323037	4311744513
43241025	3221229568
53230593	2148012032
76749429	2147520512
79218309	167936
5526777	67133440
75546417	1081345
15925881	1610612992
27049773	150994945
25070133	1610613248
39812457	1073778688
61654269	2147520512
12512865	1610613248
7763349	67141633
48628173	36865
9732945	2147581952
4373337	1074823168
15932361	83886081
71370057	4311744513
69223557	4295004160
58505961	150994945
7520673	4311744513
21392409	2147483906
10420473	1081348
12184653	671088768
25560345	67141633
72539049	2147520512
12482409	17334272
81092001	671088768
18641001	4395630592
766569	150994945
942501	135299072
46471629	37376
29576973	4362076161
1783605	1085440
62509629	67436544
18006285	524354
51385737	4295004160
74437041	134283265
55623981	1074008064
46461909	671088768
38304561	1140883456
24049533	1074823168
58088325	4162
43004829	4429185028
73863885	1074823168
15585681	1610613248
78320181	8388642
65078625	1610613248
62469453	1610613248
45250149	1085440
49374993	1610613248
41494341	1085440
77049129	33587712
4748529	1074069504
28851213	1610613248
31608453	1610613248
55480449	67141633
6809493	16781313
589665	268568576
66474093	1081345
63002109	24580
74371917	4311744513
38408565	167804928
13466721	4362108928
43444821	1081348
53584725	134217734
23731041	1081345
56418105	4353
67167453	36865
23788065	5368741888
22127241	671092736
15791421	83886081
21287757	1073778688
3806985	1610612992
29821917	36865
77344293	67141634
77135313	2147487746
16033125	12290
72613893	1082163200
74322669	4311744513
49403181	134217793
41045601	524354
79055985	16912384
46349805	33619970
36044661	83886081
8484249	57344
21002637	16809985
44439825	2164269056
45647697	17301568
46669593	2147553280
1533801	67141633
63048441	1610613248
52371345	3221356544
28475697	4295004160
51922281	5368709121
3629433	6442455040
10132761	1610613248
46745085	4362108928
26682681	671092736
2199945	20512
66199665	20512
68775465	1073746432
1799157	2084
37700625	150994948
63255153	4295000065
35215545	5402263552
41591217	1610613248
35716773	134254592
19892289	2147520512
57994041	1140850752
41443797	528386
4099233	83886081
73040601	3221356544
24740301	1610612992
30864873	16809985
57590013	1610612992
29460657	1610613248
74009037	36865
36524829	1610612992
81279597	4295000065
74685225	4296048640
34571109	671088644
42110589	36865
28235289	6442455040
37351353	196610
56875593	1073745921
51312189	3221229568
65196237	4295000320
31911069	1081345
40788993	671088768
20994213	1085440
30142353	134254592
29966097	1073774593
11480601	67141633
3741537	1610613248
27354657	4295004160
40408293	36865
49493901	5377097728
49405449	1081345
22164501	4311744513
15317085	4362076161
6223701	4362076161
24687165	671092736
47664597	2148012032
75302445	2147520512
79101669	4362108928
29587341	1085440
52297797	1085440
34901265	4295004160
24315861	67108960
4932561	2147520512
18986061	201326593
61864545	1085440
45444225	528385
36310665	45056
3669609	2147520512
57276381	4295000065
5571489	150996992
42830841	16797696
64462053	1610612992
39310257	8425472
40699893	1082134528
47073945	36865
10362801	67141633
38008101	16781313
24620097	1610613248
9233985	83886081
75045189	4294971393
53669289	561152
76993725	671088768
56908641	1610613248
9796449	1610613248
46677369	1610613248
14759805	536871170
78821733	201326593
8897673	37376
75586593	36865
29686161	1174405120
679737	135170
28306245	1610613248
7442265	4311744513
6779037	4303388672
22276605	1610613248
68861325	671088768
41265597	4362108928
64232013	4362076161
17307093	1610613248
25541229	4362076161
61128093	36866
118569	2147520512
68628045	36880
31406601	4311744513
21060957	16781313
53517981	1610613248
16992489	1082134528
34914549	1610613248
66523341	1610612992
56274573	1081348
73611489	671088768
16453353	135266308
26214825	1073766400
931809	8425472
50894553	1074008064
24400749	83886081
53313213	1073774848
16244049	1610613248
52008789	134283265
6888225	67108929
25566825	150994945
35877801	36865
62856633	1085440
32013129	1610613248
23656845	1610613248
66910521	167936
45617565	1610612992
13486161	1085440
60267549	1610613248
1158609	537919492
50059281	1610613248
13270053	671088644
48468765	4295000065
47483805	1610613248
70122009	1073778688
68735613	1074823168
37674057	32864
66101169	83918848
44655285	1107296768
56802045	37120
983649	70
4875861	4311744513
52231701	671088768
38007129	36865
52897197	67141633
62683617	37120
79746753	4362076161
64760457	1610613248
47622153	4311744513
74706933	2147520512
36231933	4295000065
26717025	67108929
72510213	1610612992
53353713	4362076161
63498477	32833
20210133	2147524608
33831417	1140850689
47267697	671088768
34211469	671088644
78472785	1073774593
34961529	4311744513
81727041	1081348
54239529	1610612740
21069381	1081345
81203781	671088768
30940689	37376
32788461	67141633
20194581	83886081
40497069	1610612992
5606481	3221229568
27093513	671088644
39408753	1085440
81262425	2147520512
47099541	2147487746
66975969	671088644
41381265	671092736
41025837	4311744513
17272101	2147520512
49888533	1081345
47623449	4311744513
78312081	36865
2322741	4106
30341289	2134016
60209229	536903936
51676365	4295000576
4437813	1610613248
9536277	1610613248
37372089	37120
49895013	671088644
25556133	1140850689
36633045	4311744513
49670481	1610613248
4238553	577
19526493	16777219
23883645	1610612992
44763501	4295004160
64197345	4295004160
132177	67141633
31833957	32833
63003729	36865
22370241	671092736
67731861	671088644
43987197	2148012032
718617	1073778688
51268773	3221258240
35870997	327681
2610453	1610613248
59115081	1610613248
15714633	83886081
20889237	201326593
9131925	331776
71839857	20484
24626577	67141648
1435629	134283265
14700837	4311744513
75248013	2147520512
38180469	1610612992
60385809	1610613248
42450789	1610613248
26535909	4295000576
66317277	2147520512
78770217	1074270208
23966589	1610613248
80105745	3221356544
30117	4362108928
53316129	67141633
36741909	1081345
19243965	557120
53598981	2147495936
35922513	4099
45712821	671088768
11272593	536872964
21464013	327696
6798153	137216
69701457	1610613248
66512649	1074270208
28029225	671088644
17192397	150994945
628869	1090551808
58215981	2147520512
33275433	1610613248
27200433	1610613248
64064829	1081348
43330773	150994945
7043745	1081348
61159197	2147520512
43358313	671088768
36383241	37376
21744273	34078784
66473769	671088768
74751645	70
78034737	1074823168
73404453	671088768
31419885	671088644
13595997	5435817984
1890201	1081345
54445917	1610613248
39702945	4295000065
658353	1610612992
9839865	20484
68448873	4295004160
80136849	1074266176
77674773	69648
80220117	36865
26465925	2181042176
25846761	16781313
47305281	671088768
37375005	4295000065
3550701	1610613248
12380349	561152
39601209	4295000065
40848933	1140850689
63087321	67141696
29996553	5435817984
33933153	36865
15349809	4362076161
77270745	1081348
72950853	4295004160
54570009	4362076161
71666517	1085440
64973325	1610612992
3827073	1610613248
27833853	4295000320
71509701	1073778688
32446317	1610613248
32594709	1174405120
13181601	67145728
53625873	2147520512
79400721	1212416
70486833	1610613248
10981641	1610612992
34071501	36865
79420161	671088644
51723669	1610613248
59117025	4362076161
847569	1610612992
74618157	2147520512
49938105	4311744513
17811237	1081345
74454861	3221229568
46861401	1610613248
27608025	4328554496
78725829	1610612992
43368033	671088768
3070533	4362108928
27513417	67141633
24272121	3221229568
46366005	4362076161
14275425	1610613248
27131097	561152
51077613	1085440
3072153	4311744513
44679261	2147520512
65118477	671088644
69057993	1610613248
47183781	4362108928
37013097	5435817984
67533249	671088768
34465809	17305600
35183793	4294967361
53459661	671088644
5277297	134217738
35848317	4311744513
19453917	4429185028
2212905	134217857
65727273	2147520512
71472117	36865
247845	4311744513
10925913	37376
30665289	671092736
24613617	2147520512
64668441	17301568
38900397	671088644
40489293	1610613248
83253	134217738
58642365	167936
33347037	1081348
69120849	2147618816
56074341	1610613248
67661877	671088768
37021521	1610613248
75138177	536871680
46789149	4311744513
41517345	671088768
20805969	1610612992
1926165	1610612992
25876245	1081345
69146121	1074823168
6859065	4395630592
49513341	36866
363837	1081348
10284069	37376
47400213	67141633
17183973	36865
2228133	134217793
12924021	1610613248
13648809	518
67210869	3221291008
40115721	4311744513
55526781	1081348
8542245	135299072
42523689	1081345
27388677	133122
18348753	1090519041
22378665	2164264960
14336013	1085440
42777705	671088768
22187505	671092736
45388821	671088768
68974725	1610612992
18918993	17334272
41724381	4295000065
71582925	1074266176
4035081	2147520512
39995517	1081348
34676085	671088768
75914157	2147520512
52470813	67141633
12589977	57344
60720501	16908289
60183309	1610612992
24387465	150995072
44048109	2147520512
20410365	1610612992
45693381	327696
997581	1610613248
10081569	1081348
23003337	83918848
33305565	83886081
6824397	1610613248
39537381	671088768
43114665	1073766400
80272281	1610613248
7926645	36880
33890061	57344
73936785	2147520512
48153513	67141633
1187769	37376
36599673	2147520512
34022577	4311744513
73618941	4362108928
71074245	1090519041
12153873	37120
22068921	36865
508017	4429185025
73592697	671088768
11819181	1074823168
57297117	2684358656
52165605	17301568
77728233	1073746432
29136333	1073778688
72982281	36865
47158509	4362108928
7080681	1610613248
25315077	1610612992
80420997	1090535424
5627865	16809985
79511529	2147553280
51183561	28672
40465641	4311744513
71773437	1073876992
673905	1081348
8952105	36865
56639721	36865
74671617	36865
36608421	83886081
59988261	2147520512
53755473	1610612992
62659641	4311744513
35964309	36866
77765169	37376
74643429	1074823168
60745125	2147520512
78756285	8425472
8472909	150994945
44471577	1073774593
58771965	1085440
10974837	1610613248
41469069	518
31101717	33296
42548313	1610613248
77654361	1073778688
36871185	36928
46511481	2147520512
39344925	8425472
15469689	536875264
64054137	16814080
15543237	2101504
23572929	1085440
44332257	1610613248
5857581	65793
72867261	1073778688
13184517	1073745921
43786641	1610613248
116625	67141633
24548169	524802
80997393	671088768
53162877	8425472
10978725	36865
27746049	24608
56768349	671088704
53415273	1610613248
78204513	5368741888
15973185	167936
1278489	1081348
24083229	67108870
73337061	1610612992
14051541	671092736
14630529	4311744513
53883129	1610613248
38002593	36865
27229917	4311744513
62403357	1610612992
736437	135266308
54338673	4303388672
45512265	33816577
14548881	83886081
46999425	1610613248
23286837	150995072
27848757	4295000320
68359449	135266308
45638625	1610613248
51981573	4362076161
12648945	1085440
59059029	4362108928
33537225	528385
38729001	36865
34345281	201326593
239097	4226
37011801	671088644
73828569	1085440
39308961	32786
35811381	1073778688
58651761	2147524608
1482609	67141633
43895505	1610613248
44881761	2147520512
37063317	67141633
57267309	37376
69962601	3221225474
47711901	67141633
77894769	4311744513
21453645	2164264960
30180909	16809985
78047697	150995072
45377157	2147520512
62205069	2147520512
48544905	83918848
79581837	1610613248
33281265	4311744513
48106533	2147520512
10237413	1081348
49002717	557120
52745565	4362108928
47527869	1073778688
55543953	671088768
59821077	1610613248
21112473	2164264960
6600837	671088768
73329285	1212416
78572901	2147520512
49725561	2147553280
24865689	1610613248
4999953	150994945
8254857	67108929
14648025	1085440
47945181	4130
75190989	671088644
16737177	2147520512
60756141	3221356544
51592773	2164264960
78192525	1073746432
38043741	1610612992
19831377	150994945
4249569	1085440
35809761	1610613248
28268661	134283265
1027065	1610613248
8208849	16779266
9491889	536871170
2480205	1610613248
79922361	1074266144
24116601	2156396544
70106133	2147520512
66059373	37376
39349785	4311744513
33952269	2147520512
44040009	16814080
75588861	671088768
44315733	134217888
1568469	4295102464
68813373	671088768
171381	1085440
48651177	1610613248
70733073	1082134528
3588933	1085440
56738541	1085440
6112245	201326593
13833165	67108870
40879065	16809986
8959557	4311744513
73185105	3221356544
36819345	134217888
67037205	36865
56223705	1073778688
19824573	2147520512
7697901	4295000320
58523781	67141633
75930681	5435817984
32800449	2147520512
11731377	1085440
35584905	50
12458433	536903684
6329325	134250497
76574145	671088768
22832589	1048610
10719849	150994945
44546421	1073775104
40401489	2147520512
23755665	1140883456
10571781	4353
660945	70
432201	671121408
70164129	67141633
5677113	4362338304
55025553	1081348
44248017	1073742084
47604333	1081348
35423553	671088768
81680709	83886081
56057169	1073742592
9745581	1610613248
43195989	4362108928
50439009	2147487760
46795629	2147520512
79044645	36865
80750505	671088768
23387277	671088644
22565289	2129921
56217225	1610612992
18191937	1074823168
66962037	1081345
31945413	150994945
37929045	16809985
58881477	1610613248
36909417	8425472
31009377	2147520512
12710829	671088768
55830045	1610613248
80734305	1081345
61714857	1074823168
38549505	200
31242981	561152
13723653	1073778688
75530541	671088644
312969	32774
46797249	1081348
77306385	1610613248
63049413	24580
36559821	1081348
63905097	1081348
17454513	1610613248
68664009	4362108928
38562789	32802
66576801	36865
38668737	134217864
24043701	1174405120
27335217	2148012032
12445797	1085440
47608545	557120
40048329	134217800
67643409	2147520512
42960441	2147487746
37246053	327681
9748497	2147489792
18681177	37376
21362925	150994945
40557009	67108874
9888141	8425472
2375229	16809985
72531921	1073778688
18684417	1610613248
73337709	16912384
78282597	1141374976
45397893	1085440
40188621	83886081
42387609	671092736
31056681	57344
75832185	1610612992
50815497	1081345
35525289	2147520512
36089049	1074823168
58597653	537919492
77919717	33652736
2707005	1610613248
23859993	1610616832
65830953	4362108928
80999337	671088768
42143637	67108929
60321333	1140883456
63372117	37376
55832637	4161
22122381	1610613248
17599665	1610613248
26972661	4429185028
55161309	67158016
65309961	1610612992
60303837	8421408
80608917	2147520512
32667609	4328587264
27722073	1610613248
70447305	2147647488
22580517	671088768
256593	268568576
74660925	1610613248
78522357	37376
65177769	4362108928
63777441	1610613248
21865449	4362076161
73671429	37120
25982517	1610612992
32808873	4329570304
32602809	1090519041
54041241	67141633
54573897	134283265
38497017	1074823168
63428817	4295524352
45540777	4311748608
23125161	16912384
61649733	1073762304
25547061	1085440
75113229	1074823168
22785609	1610613248
69352185	1081348
69083913	2148012032
22475541	1085440
39676053	1081348
2160093	2147520512
72849117	671088768
5172645	2147520512
2563473	1610613248
1430121	2164785152
22584729	671088644
30166977	1081856
52336029	5435817984
67795365	3221229568
77844873	134250500
1001793	4362108928
5565981	1610613248
46295049	1081348
59559609	1073778688
23660733	1610613248
68866185	24580
61620573	38
37914141	53248
62114349	33591296
48950553	17301568
46639785	75497473
48824841	8392705
22853325	1610613248
37320573	1081345
67540053	8437760
1892469	1610613248
13724949	3221258240
70711041	557120
74621397	1081348
31091997	1081345
34181985	134221826
77456397	36865
62265657	1085440
4883637	800
76326609	1140850689
60939201	4362076161
53545197	3221229568
23689569	1610613248
2386893	2147520512
57108549	2147520512
13904769	1081348
50202489	1610613248
77222145	1610612992
3529317	1085440
80723613	1074823168
12780813	1610613248
67124685	1082392576
13143693	150994945
41796957	1610613248
46959249	134217793
33955833	36865
46665705	1085440
3307701	57344
66438453	134217733
54932565	36865
68669517	2147484674
59534661	1610613248
79997529	1073778688
34714965	671088644
54791949	67108929
32439189	16814080
60213765	1141899264
80613777	150994945
58524429	16781313
11037369	1085440
64587441	66564
57858285	36866
39010881	2621441
3661509	2147520512
9638985	561152
79066029	546
2786061	671088768
77770029	134283265
15439233	83886081
3620361	2147520512
21540477	4362108928
63365637	2147520512
42522717	6442455040
21369	557057
39337797	1610613248
155829	16778752
6025089	2147487746
74368353	3221229568
69607497	134217738
10493373	1610613248
8205609	4311744513
62565033	36865
61376601	34078784
24697209	3221229568
1776477	1610613248
77419785	2147487746
13229877	16777250
43194693	557120
77568825	1610613248
53118165	37376
46630713	2147487746
117273	67141633
8212737	17301568
1740513	1610613248
43412745	1610613248
40532709	671088768
58878885	24580
60796641	6442455040
57206721	671088768
30444321	528386
8445693	137216
36090345	4295000065
20751861	4102
36760053	137216
405309	70
55935345	17334272
15226689	671088644
76253709	1073778688
33139677	83886081
75610893	1073762304
4989909	546
915609	1085440
78501297	1107329024
41074437	4295000065
7182741	2134016
17543937	1610613248
52224249	5368741888
71804865	2148007938
56112897	1610613248
21710253	1081348
70245129	2147520512
12161649	134250497
36471045	671088644
47401509	671088768
33652569	1610612992
71307849	1610613248
23235321	671088768
80065569	1610613248
23503269	67141633
26970717	16814080
42222693	671088768
41410101	4311744513
49590129	1085440
16034421	16818176
31905237	83886081
44763825	1081345
21196389	2147487760
5467485	134250500
63638121	1082134528
2428689	2147520512
32650113	1074823168
43290597	2147520512
3774261	134217857
27119109	36896
66810405	70
76393353	16809985
42206169	1610613248
24615237	4429185028
57586773	201326624
6672441	671088644
1364025	1610612992
23739789	1610613248
41932713	1610613248
77100969	16912384
19944129	1081345
35247945	4295000065
31809333	2148532228
26674581	2147487760
63152769	1610613248
41894157	1610612992
40718685	2148012032
38876745	36865
68909277	35
79575357	17301568
42896289	36865
49332225	36865
42433941	1073778688
68068497	37376
54027957	1610613248
32906397	36865
37682481	1073746176
5160657	2097409
43426029	671088768
26467869	150995072
23687625	2147520512
127965	67141633
39225045	1073778688
78047373	150995072
42399921	37120
44745033	1610613248
77583729	671088768
67025865	1610613248
53410089	53248
60163869	75497473
50414061	4295004160
15414933	1610613248
10027461	4130
77347209	1085440
67840077	1610613248
31388133	800
52558293	1085440
6078873	16809985
18382449	150995072
2597169	1610613248
77596041	3221229568
68221425	1085440
76779561	36865
23885589	36865
77982249	16809986
36175557	4311744513
2155881	36866
75025425	1610612992
40006209	1073778688
18354585	1610612992
38092017	1081348
51829617	1081345
11741097	2147487760
1113573	1610612992
6476097	1610613248
61827609	67141633
32017989	1074823168
54017265	4311744513
65618733	557120
77011869	1610613248
61391181	4362076161
41082861	4295000065
15898665	83886081
74644725	36866
34815081	4099
42504249	36865
44161185	1610612992
72441201	1610612992
40911141	83886081
41663793	671088644
76038249	4362108928
28069725	57344
60002517	38912
17790177	17858560
46267833	2147487760
30879129	671092736
9054165	1610613248
46932357	671088644
53999445	2147520512
72487209	561152
12370953	671088768
9592977	16797696
69233925	1073745921
75418113	2147647488
16428405	135266308
17631741	1140883456
62772717	1610613248
65655021	671088768
44457969	671088768
28856397	201326593
53668965	36865
63491673	331776
62230989	2147483682
76594881	16912384
53088357	1073152
41377053	1610613248
3227997	1085440
71301369	8425472
45347349	671092736
6823101	4311744513
12046305	1610612992
13534437	2147487760
28671069	1081348
11303697	1610612992
57217089	671088768
64047009	1081345
49395081	5435817984
31329165	1140850752
2310105	1610613248
3510849	1610612992
19019109	4311744513
14272509	1085440
1575921	4102
59845053	1610613248
72538725	83886081
6681837	1610613248
44063985	3221229568
2143245	134221825
465897	16908304
59558961	1073774593
45334713	1085440
57987885	69648
43278285	671088641
50983005	17858560
52533021	1073762304
44514021	16809985
6427173	1610613248
45658065	1085440
129585	2147520512
49067193	1081345
18066225	1073774593
49547037	4362108928
30878157	2147520512
1857477	577
39479385	1610613248
20845173	67141633
24351177	671088768
5399121	16842754
58776501	2147524608
32831877	3221229568
49327689	1610612992
6830553	4362108928
28892037	17301568
39527337	16779268
9944193	2147618816
6357189	75497473
53141169	36866
53747373	4311744513
52417029	2147487746
3032625	67141633
659001	536871680
10719201	134250497
23508777	1610612992
32321577	4311744513
42437505	37376
18384717	4429185025
26841765	671088644
42998349	37376
53724369	4311744513
2064513	4311744513
10849125	1073774656
44783265	1085440
42285873	671088768
41424681	4311744513
37736913	1073778688
30873297	536871680
636645	1081345
19635033	150994945
53629761	2129921
16316625	2147520512
12697869	671088768
13323189	1610613248
60115593	671088768
58482957	1081348
49412901	16809985
17071545	67141633
117921	67141633
47228493	8409088
43337901	6442455040
79613265	16912384
19416333	1610612992
67674513	1073872900
41029401	1610613248
64333749	17301568
33746853	671088768
47331849	1048836
50509965	1073762304
33297789	20482
3590877	36865
46728561	1342185472
28095969	1081345
78126753	33652736
50908485	4130
76960677	16809985
30554157	1081348
3059193	4295000576
9253101	1610613248
78812661	1610613248
4150425	2147647488
39658557	2147487746
6584961	2147520512
2371665	1085440
40776033	4311744513
43821309	167936
27352713	1610612992
28750125	36865
74044353	17334272
4196433	167936
67438965	4311744513
31230993	3221229568
48820629	57344
42095361	67133440
53627493	671088768
18175737	1610613248
34758705	671088644
54909237	16777729
15536109	1610613248
76695321	37120
80897601	1610613248
45411501	8421408
23645181	671092736
48873117	536871680
1005033	33026
14104029	1610612740
52635405	671088644
39134325	1610613248
25624821	32834
67210545	1610613248
66778329	671088644
77184561	53248
49649421	1610613248
48760041	37120
67578933	1610612992
38068689	1610613248
77686113	1610613248
3071829	17858560
1228593	4353
2668773	1610612992
45525225	36865
28512957	1085440
58949841	1610613248
3538713	1610612992
937317	4311744513
76869957	4311744513
54591717	1073774593
78029553	4311744513
55179129	150994945
732873	524864
21446517	1610612992
81621093	2147520512
1919037	4362338304
64523937	1085440
77678985	1610612992
15255201	1610613248
65215029	1610613248
34599945	4226
39110997	1610613248
78834369	1610613248
56689293	5435817984
57835929	3221229568
2164953	36865
79231593	1073778688
62968737	4311744513
54242445	36866
78836961	67141633
15894453	83886081
75659817	1073741860
66662661	671088644
43255281	135266308
64399197	4311744513
73040925	4362076161
42335445	1610612992
49059417	2147614722
71988249	671092736
2043453	1610613248
54492897	65793
81400125	150995072
499917	1610613248
62189193	83886081
63274917	1610612992
63320925	2147520512
14093337	134217733
17795361	150994945
23621853	671088644
33570273	134283265
5066373	2147487760
572493	4295524352
44188725	37376
48531945	1085440
35398929	528386
38562141	86016
27364701	1610613248
1720749	2147520512
8846157	1610613248
65694225	1174405120
27016077	150995072
2525241	2147520512
133149	2147520512
12620757	536872964
26028525	83886081
77287917	1081345
1387677	1081345
5127285	36866
4512009	40961
63839325	671088768
54036057	1610612992
37464429	1073762304
66177633	37120
3206613	37376
57225837	671088768
33295197	2147614722
36612633	2147520512
3729549	2147487746
5387781	196610
17623641	1610612992
77072781	299008
13125873	1610613248
40454625	36866
72594453	98320
2186661	67112961
36726357	1610612992
39833517	4295000065
5484981	97
31742913	1085440
31176561	1610613248
17151897	1610612992
3098397	134217864
39575613	1073762304
35967549	4294967361
49293345	36865
75989649	1073745921
81401745	671092736
75823437	2155876352
75630333	4362108928
57294201	1082163200
79106205	8458240
8838381	2147520512
79812849	327696
60104901	16814080
77388033	2147487746
1972173	2164260880
17651829	83886081
30698661	800
15811833	83886081
65000541	536870918
39617733	4295000065
36322977	2147520512
2568333	67109408
36664149	1085440
51422025	1610613248
22643697	2147520512
24872169	4362108928
30675657	1610612992
36091641	4311744513
10352109	1073745921
40925397	1140883456
62041773	2148012032
77984841	1610613248
63389613	1140883456
39935901	24580
16442661	135266308
28951653	1073876992
27276897	671088768
32521485	57344
48098433	1081345
51238641	1610613248
36559173	1610612992
36362181	2147487745
79588965	36865
34122045	150994945
61744341	4311744513
77314809	1081348
56580105	1610613248
15053349	4362076161
46906113	1610613248
43431213	201326593
38768205	67112962
57212877	36880
957	671088768
9910173	2164264960
80208453	201326593
26800941	24580
31275381	1081345
7146453	150994945
61520457	36865
5873781	40961
26067405	16809985
44031261	1107296768
28075557	269516800
13419093	1073873408
22371213	4102
62959989	2147489792
13410021	1610612992
71472765	1085440
53230269	5368713216
4205505	36896
22153161	671092736
39660501	2147520512
46837425	671088768
81123105	1081408
49496493	196610
1250301	3221356544
36596109	3221229568
76690137	2147520512
56967285	36865
45717681	1082163200
2735517	1610613248
1192953	4294971393
63226965	1610613248
52246929	65793
74381961	4328554496
49076265	4295002112
68746953	4362108928
65449281	4311744513
35037345	150995072
6165057	32833
27320961	1610613248
13840293	1074823168
54325065	17301568
62702409	1610613248
69652533	1073774594
1450857	1610612992
15929121	5435817984
77649177	671088644
72030045	1610612992
5649573	1610613248
40774737	1610613248
70272993	67113216
47202249	4328554496
43844637	5435817984
54597873	201326593
33572217	671088644
34845213	5435817984
28327953	4362108928
15371841	2147581952
76691433	1610613248
57043101	671092736
1035489	167936
81396885	671092736
34025493	1610613248
14504169	1074823168
18679557	37120
27136281	36866
3210501	1073778688
47920881	1081345
28049637	4362076161
56867493	1610613248
14993409	2148012032
49280385	1610613248
41491749	1081348
69906225	2147520512
60402009	1610613248
31141893	561152
23501325	4429185028
13298565	168
3176157	2129921
33219057	150994945
56547381	1610613248
4490949	1610613248
40531089	4311744513
7000653	5368741888
10518645	1610613248
15207249	134217793
27274953	32833
45365169	2147520512
57023661	57344
12635337	1610612992
856965	4311744513
60956049	163841
37562925	1610613248
81717645	1081348
47982441	327696
45600717	2147487746
75902169	1610613248
30864549	671088768
12964845	1610613248
50792493	327696
74574417	2147520512
1560693	4102
20843877	671088768
77082501	671088768
21236241	32802
2032437	1610612992
39960525	4311744513
30640017	1081345
17359905	1610613248
25747293	2147487745
1869465	1085440
32821509	4362076161
1854885	1081348
30490653	74
12503145	135266308
79914261	2147520512
311673	1085440
1253541	32833
50105937	4362108928
6909933	2148012032
13312173	201326593
33927645	1081348
24527757	70
68179629	4311744513
3139545	1082163200
61000761	3221229568
59658105	2147520512
1483905	671088768
60906477	671088768
75587241	37376
80403177	1610613248
4074285	4362108928
50527137	4362108928
59051577	67108960
52834989	67141633
63570081	4362108928
36554637	83886081
2604945	67141633
15019977	1610613248
8067909	1610613248
66333153	36865
19846605	4311744513
119541	67141633
59476665	1610612992
67697193	1081348
68198097	4311744513
20849385	1610613248
48126945	4294967553
25037733	2148007952
47654553	136314881
35010777	1073766400
68561949	3221229568
24715353	2147487746
33992121	134217864
12903285	1610612992
81624981	1610613248
30864225	1610612992
26705685	5368741888
7738077	4161
66183789	16809985
41029725	4102
20892477	2129921
31634373	42
22345941	83886081
37595973	1085440
23225925	1610613248
61237929	4294987776
74198577	4311744513
516765	3221229568
24033009	201326593
27239961	150994945
69281553	1073872900
70893129	134250497
12861813	1610612740
61259961	2181070848
62208633	1074823168
52413465	36865
23989593	67112962
48287649	4295000065
78569337	4295004160
50186613	1085440
1262289	1610613248
62405301	1073745921
21007173	2147484674
22089657	1085440
50534589	8425472
33871593	2147520512
12515781	671092736
9705	167936
19003557	150994945
25386033	671088641
74270829	32833
14606877	1610612992
50931489	201326624
45284817	4130
65408457	1610613248
29812521	1081348
74451621	16814080
28342209	167936
39756729	16777281
72779457	671092736
10351785	4328554496
72402321	150994945
3500805	4311744513
66120609	4295000320
19615593	2147520512
23283921	134217888
79693617	4311744513
43794093	1610613248
79042053	1140883456
55986537	2147520512
60757113	1085440
10186545	134217733
53738949	2147520512
67733805	1081345
59557017	67112961
48801837	4395630592
31391049	800
415677	4162
22173249	561152
30015669	2147520512
615261	1085440
7899105	2147483682
72593481	671092736
66510705	671088768
21391113	200
72774921	16809985
2704413	16418
48751617	8421408
40114749	1081345
812253	1610613248
33710241	2147520512
33442617	37120
12876717	671088644
30837981	1610613248
6840273	2147520512
43781457	2147520512
40271889	671088768
65788185	83886081
56751501	1073774593
15431457	83886081
58840653	4362108928
75242505	2148012032
45507729	36865
57244953	671088768
43249773	1610613248
35092101	4311744513
2368749	1610613248
63222105	524322
14706993	2147520512
37249617	167936
3884421	1610613248
24410145	561152
44441769	4362338304
78534669	4295000320
27198165	1073774656
75387657	67110914
3303813	16781313
44023809	4311744513
4407033	1610613248
23804265	4311744513
66772821	1074823168
5402361	57344
294501	1610612992
7216437	32833
56128449	4162
54292665	536872964
73056801	1073774593
69035313	1610613248
14583225	331776
35350329	1610612992
55684893	1085440
55696233	36865
62174937	69634
5964177	1610612992
21884241	150994945
11905041	134217733
59757573	4311744513
70685445	1073762304
3037161	135266308
65947593	1610613248
56209449	2147520512
18300153	4362108928
69276693	2147520512
33819105	671088896
134121	67141633
3243549	4162
63990309	68608
6005649	1073881088
27667317	671092736
62785029	327681
51428829	37120
57624357	536903936
80647797	4296048640
49492281	66050
78071673	2147487746
55266609	1610613248
74878329	671088768
12460701	671088768
73913133	671088768
67653777	1082163200
44181597	671092736
36294141	1610613248
73330905	2147487746
9722901	16777250
51743433	67141633
9099201	1610612992
24134421	4395630592
28025661	1074823168
53659893	1610613248
44173497	4362108928
9417369	1085440
37740801	1073872900
58773585	2147524608
52695021	36866
80770593	1085440
75627741	37120
16865481	536871172
29171325	2147487745
60453849	671088644
3637533	134217733
32877237	36865
35909877	1610612992
1694505	4362108928
55837173	17334272
77645613	2147520512
32701629	134221825
50762037	2147553280
62124393	1610613248
31406277	800
63411645	16810240
11662689	671088644
64783137	1610613248
34640445	4295000065
43942485	536872964
33140001	83886081
75313785	3221229568
75061713	2147520512
20054937	134221825
27677685	4311744513
6418425	67141633
36783705	1610612992
23486421	83886081
55710489	2147483682
57199593	1073873408
51508533	1610613248
37478361	4311744513
28452693	2147487746
53049153	2134016
60831957	671088768
26743269	537919492
9680133	4311744513
66018873	1610613248
78018213	671088768
29378685	4295000065
61564197	1610613248
30814977	1081348
4643877	8392705
44976045	1081345
45664869	671088768
23882349	2147549216
18765093	36865
26873193	1074823168
40799037	2147487808
77707173	1140883456
41626857	3221229568
44301153	1073778688
47242101	1610613248
53179077	4362108928
49968561	16777249
31322361	1073778688
47570313	35
67353429	37376
19346025	36865
40143261	1073745921
9036021	671088768
12516753	1085440
26198301	671092736
17330097	2147520512
46377669	150994945
66194157	20484
56727201	83918848
16526901	1610613248
78832425	17825796
9515217	3221229568
63922593	67108929
62703057	1081348
36050493	2147520512
34799853	4362108928
23815281	4099
62165217	1081348
7342473	4311744513
43744521	1081348
27129153	1610613248
58212741	2147520512
19900713	150994945
61869	671088644
33869973	1610613248
68261925	2147520512
61714209	1610613248
45502869	557120
51119733	4395630592
53936589	67112961
70215645	1074823168
46283061	4295000065
80352633	1090519041
51478077	3221356544
64002297	1081348
1699365	36865
2263125	1141112832
3348849	1610612992
6346497	1073745921
5384217	1610613248
35634477	1074823168
57444213	2101504
29448669	32834
42698001	1610613248
23588157	150994945
72935301	1085440
73885593	2147520512
3273033	83886081
13528605	553648132
35869701	36865
50135745	24580
57200889	4311744513
39392229	67633216
35103765	135184
8999409	2147553280
35851233	1081345
33902049	671088768
21003609	16809985
70330989	16912384
36127929	1085440
3894789	137216
1716537	1058
30096669	327681
64009425	32833
69969729	1058
67417257	1081345
37467345	671088768
29531289	83886081
21536265	4099
31045665	33558529
34768749	2147487745
29394561	67
536529	1085440
52146165	67141633
48739305	134217733
34977405	83886081
18516585	83886081
44581737	4395630592
2540469	1610612992
11776413	4311744513
355413	2147549185
35804577	53248
81420537	2147520512
75556785	32833
80160825	150994945
496677	1074823168
55705953	69648
7597461	1085440
12386505	1074823168
16424841	135266308
15383181	1610613248
81678441	36865
44509809	1081345
26923089	671088644
80516577	67145728
3922653	2147749888
61617333	5435817984
8957289	2147618816
6296925	561152
68169261	17301568
17464557	1074823168
66011421	561152
32505285	16809985
64069365	36865
69609765	1081345
73743357	1073778688
1833825	4362108928
5585745	36865
28857045	67141633
31753605	2147520512
29680977	327696
14143557	83918848
75666297	536875264
4094697	2155876352
4030545	83886081
49308249	671088768
3946953	1610613248
29061813	1610612992
80150457	671088768
10369281	1610613248
110469	150994945
63500097	1610613248
23610837	16781313
35821425	57344
39116505	1081348
70182273	327696
45330177	1610613248
13893105	1610612992
43438341	671088768
79381605	1610613248
755553	1610613248
40626669	671088768
15739905	83886081
55780473	2147520512
37264521	262224
26480829	671088768
609105	2147520512
3163197	36896
55053417	150994945
68536353	1082163200
65738937	4362080256
9551181	4311744513
27104205	4295000065
13186785	2147520512
43454217	36865
16207113	7
51529917	134218753
64829469	1610613248
54436845	1073746432
62862141	83918848
44049081	36865
29689401	1610613248
52319829	36865
67162593	4295004160
63403221	2147487746
57339885	671088768
8606397	2214596608
58687077	1610613248
47339625	1074823168
68716173	201326593
40010097	134217734
79649229	67141633
71950341	134250504
16477977	135266308
204753	518
1396749	1610613248
9164973	2147520512
79432473	36865
39802089	32802
27857829	1610613248
23230785	65601
18284277	1610613248
78231729	4328554496
13698057	67108929
69811941	4362108928
20337465	2147487746
48753237	671092736
10415613	134217888
77094489	2155905024
68199069	67141633
55203429	3221258240
11442693	1610613248
4299789	1081348
71815557	2147520512
59414781	201326593
417945	5368741888
70694517	83918848
12604233	1073774593
41828385	4311744513
17786289	4362080256
14769849	671088644
18448869	2147520512
8816349	1610613248
44993865	1610613248
75552573	671088644
39212733	1073774848
24802509	53248
69119877	1610613248
52690809	1610613248
1670853	83918848
16919913	17301568
2985969	1085440
81639561	1610612992
4696689	4295000128
52262157	1610613248
57689805	1610613248
71304609	4295004160
59346417	1610613248
17947965	1073745922
309	2147520512
60926565	1610613248
42649725	1081345
60366369	671092736
18947505	2147553280
19227765	4130
22562373	4362076161
21256329	671088768
12788265	2147520512
36000597	37376
721209	1610613248
68741445	1610613248
68880441	37120
74804457	3221229568
15539349	37376
24602601	1146880
43310037	4362108928
64618221	37376
3403605	36896
63207525	1610613248
3467109	1085440
71713173	69648
2046045	134217857
61376277	67108867
387489	4130
22622637	1107329024
67743849	5435817984
1265853	1610612992
61922217	671088641
45142257	2147487746
62050845	75530240
50244285	1610613248
49556757	1610613248
34065993	671092736
54384357	5435817984
43459401	4362076161
22863369	1610613248
26007465	1610613248
57811953	1073745921
33089133	1081348
79984569	4362108928
30424881	83886081
11642277	65541
72361173	5368741888
66293301	1074823168
19007769	4311744513
80031549	2147520512
15217941	1085440
73588161	1073778688
30975033	524322
13445985	40961
35301	1085440
58062081	671092736
51266181	2147520512
6302433	1085440
64172073	1610613248
70242861	67112961
15116205	4395630592
76707957	1073778688
35006889	1073778688
74210889	1610612992
53656329	1085440
69511917	5402263552
30595305	1610612992
2231697	2148012032
21764685	1610613248
38445825	4295004160
48217989	4362108928
21015921	16809985
46735689	1610612992
79613913	5368713216
53149269	142610432
78584889	1081348
323661	671088644
18764445	36865
25893093	327696
49003689	671088768
78903381	1610613248
25303089	2147487746
42162753	671088768
3843921	1610613248
5442537	36865
21209673	1610613248
70874013	1610613248
30581049	561152
70920021	98320
25073373	67141633
46346241	4328554496
15531897	4362076161
23671749	16781313
33846969	2147487760
898437	524328
18888537	17301568
7863789	2147487745
1018641	83886081
19016193	150994945
19517745	150994945
66827577	16809986
36995925	2147520512
42839589	2164264960
45605577	2147520512
37245	135266308
75693837	83886081
25913829	4295000320
7158765	1085440
11997057	2147520512
36160977	671088768
27123645	524354
40599129	1610612992
80797809	4311744513
67009341	671088768
31930833	2147520512
27586965	4311744513
68384397	1048610
38367741	1174405120
67969029	2147520512
31723797	4295004160
44865885	671092736
29214741	2147520512
59322117	37120
39556173	150994945
16024053	8421377
72776217	134221826
285753	1610613248
47906301	2148012032
21668781	150994945
20746677	1115136
47860293	1140883456
377445	2147520512
1938801	2147487746
35316957	17301568
15646917	1610613248
72291837	1074823168
73366869	150994945
39108081	196610
1182585	1610613248
80433309	2147520512
64415073	37120
14255337	2148012032
29154153	1610613248
53553297	4102
15414609	83886081
55293825	8388641
9266385	16809988
59658429	1343225856
12528741	671088768
30804285	1085440
65743473	1082134528
54920901	561152
4875537	2147549186
35635773	16781313
40226529	1073778688
13707453	36865
75030609	1085440
76114065	1610612992
70673133	1610613248
64968465	2148012032
32648169	67207168
12249129	2214596608
79128561	1074823168
40731969	671088768
14551473	2147749888
52511313	4362108928
44030937	75530240
49093761	4311744513
5540385	659456
42826305	671088768
22984221	3074
31479177	1074004224
54979869	2147487760
35816241	36865
40330857	4311744513
61515921	327696
392025	2164264960
59178261	1610613248
79143789	4295004160
61398309	4106
23974689	1610612992
57929565	134217793
61418397	4362076161
12383265	671088644
546897	150994945
80872977	134250500
21433881	100728832
47748189	671092736
62116293	1085440
69997917	1610613248
32049093	671088768
80949441	16809985
22165473	1073766400
55518033	1610613248
65277237	36865
66839889	1610613248
14975589	557120
19826193	83886081
78346101	536872964
27441165	134283265
56003709	4362108928
32038401	671088768
60580857	4353
28879725	2147487746
6798477	1610612992
80067189	4362076161
19773705	524354
24296745	4295000320
68259981	2147520512
1374717	4362108928
1152777	83886081
80316021	2147520512
3422721	671088768
51687705	100696064
29503749	4294967361
24332709	1073774593
52516821	671088768
16752081	4295004160
81459741	67141633
40681749	1610613248
21590049	137216
12388125	671088644
41749005	1610613248
53127561	36866
68227257	2147495936
67744821	671088768
52313025	67141633
21098865	36866
7106277	4130
44911893	1610613248
5411109	1610613248
65452197	671088768
69991761	1610613248
30157581	671088768
53318073	1073778688
28997661	1074008064
35201289	557058
53458365	557120
139305	67141633
67147041	36865
52386897	671088768
5369961	8392736
76492821	561152
33711213	1610613248
12490185	671088768
45039549	2147520512
81461685	671088768
27167709	1610612992
19029801	671088768
40459809	4311744513
63194565	1073778688
5594169	2148012032
81355089	16814080
74609085	1085440
35961717	1073745921
3529965	229376
57769509	1073774593
34750929	2147487746
16683717	4294971393
38227773	772
55019397	2101312
32319633	33591296
61221	57344
72784641	1610613248
4648413	1610612992
77930733	671088768
35456925	4362338304
4279701	4429185025
31948329	36865
14574801	1056772
53408469	671088644
49041597	2181070848
43113369	32802
54567093	32833
58811169	2147524608
28027929	1610613248
61056489	671088768
51240909	1081348
43127949	5368713216
67599345	1074823168
75484857	150995072
66130653	1610613248
65987769	4130
59663937	671088768
1522785	671088644
44453433	67141633
61531797	1074266176
64605909	524322
21905949	1074823168
39721737	1081348
18782913	1074823168
28813305	83886081
47586837	2147749888
21444573	1081345
5141865	167936
42715497	3221356544
59808441	1073778688
2953245	16809985
68873313	1073745921
67140237	16912384
59800989	1085440
59060325	4362108928
66039285	1610613248
78118329	2147520512
43783725	1073778688
694965	67371009
3756117	36865
52905297	1610613248
75202005	1610613248
5282157	1610613248
13006641	4362108928
42160161	4353
4357461	524864
2649009	4395630592
67912653	1610612992
16095981	671088641
69961953	1610612992
45530733	1610613248
65174205	37120
62780817	3221229568
1941069	4311744513
51871089	1610612992
15903201	4296048640
18000129	1081348
16124493	1085440
45584517	524322
70424625	1073745921
54354873	672137216
10019685	4311744513
58768077	2147524608
31179153	800
2873217	3221229568
850809	4311777280
53181345	1074823168
70133349	3221229568
71208057	3221229568
53106501	536871170
37954965	36865
3765837	1085440
20693541	6442455040
48060525	1610612992
52796109	2147581952
71727429	16912384
34069881	1610612992
35812353	4226
9904665	150994945
18078537	2147487746
49552221	36928
40129005	37120
71660361	671088768
42102813	1610613248
80330277	1081345
13989009	134217738
65109	83886081
72949557	16809985
55460361	671088768
57448749	1610613248
41243241	3221356544
23557701	135299072
80062329	2147520512
72023565	1610612992
72131781	135266308
78456909	4130
25547709	4362076161
51757689	1610613248
47371053	544768
7456521	3221229568
38222589	1610613248
55701093	671088768
16837617	1610612992
44966973	1081348
17997537	2147520512
26341833	1610613248
5069289	134217860
25921605	1081345
80342913	1048582
13244133	2621504
62126661	1610613248
75861021	83918848
79061817	2147520512
28921845	2147487746
49629981	2147520512
34940469	5368713216
56431713	1610613248
17746761	4362108928
36483357	4311744513
63495237	1081348
77087685	4311744513
20532513	1140883456
55289937	6442455040
33196701	67141633
63731757	1073778688
60315825	4362108928
69686553	2147520512
21976257	1610612992
47697969	1610612992
18967917	1081345
16880061	4311744513
55976817	37120
29538093	671088768
59429685	16781313
38302941	1610613248
23866797	2147520512
37894053	4311744513
38924049	83886081
61435893	1610613248
9808437	4294967361
49503297	1610612992
54101181	100696064
16453029	135266308
8734701	1081345
15164481	66564
2263449	83886081
74442549	4328521744
41285037	4295000065
33488949	2147647488
11825661	36865
29232885	4295004160
44013441	2134016
43027185	150994945
10647921	1081348
5472669	2148012032
26028849	327681
78252141	1074823168
6573297	327681
47246961	36865
5717937	1610613248
22935945	134217733
6804309	1610613248
68448225	3221229568
1072749	1610613248
79200165	1610613248
1695801	1610612992
42068793	1081348
81079689	1074823168
60425661	16777281
15201093	83886081
16037013	4362076161
66459837	537919492
11923509	1610613248
23635137	53248
39579177	5368709121
4040589	2147520512
76657089	1610612992
50921769	8421408
58820241	2147524608
69203145	4295004160
73251201	16814080
58019313	1610613248
15316437	83886081
71193801	1610613248
20551305	4362092544
72313221	8425472
67145097	1085440
40271241	1085440
43435425	536903696
18260625	83886081
71457861	1610613248
70298265	2147520512
5437029	2147581952
33727413	1081348
78816549	1610613248
29766189	1073778688
53395509	16777282
23972097	671088641
67283769	4311744513
4540197	4295000065
34004757	67145728
79129857	1610612992
54581349	671088768
60402981	4362108928
25143033	4311744513
152265	1610613248
5753253	32833
13122633	40961
12699813	671088768
48447381	1073778688
31097505	2147520512
66167913	1610613248
47453025	671088768
56536365	1074270208
29803773	2147520512
49356525	8425472
78006225	1073778688
43344705	102400
74186913	1074823168
38617545	37376
24198573	671088768
17574717	134250497
46527681	1073762304
64297785	1085440
30880749	671092736
47357445	20481
27211125	16801792
47638677	1610613248
78538881	1610613248
48848817	671088768
73871337	4295000320
48755829	37120
9316605	2147520512
49577493	671088768
36018093	1074823168
60667689	1610612992
6892761	1073778688
55138629	1056772
20989677	16809985
44081157	1082163200
7909797	671088644
20204625	2147520512
50967453	671088768
59677545	4311744513
39400005	671088896
39392877	557120
53737329	38
6411297	83918848
38871561	67141633
2768565	2147520512
18639705	4295000576
29748045	100663297
21115713	671088644
36264333	1610613248
44802057	1610613248
45273477	1610613248
39615141	3221229568
51165093	1085440
54048045	2147483682
55666425	24608
22728909	1610612992
611373	4362108928
148377	2147520512
28030845	53248
25664997	5435817984
23153673	1074823168
41791125	67141633
26002281	1610613248
15045573	672137216
38916273	24577
55987509	57344
45687549	2147516418
63980265	1610613248
47507781	671092736
23824353	671088644
77396133	1073840128
68552553	1610613248
58098045	16781313
49510425	671088768
70952745	1610612992
3372177	36866
19518393	150994945
33868353	331776
3882477	1074823168
61634181	1610612992
33435489	671088768
49383093	6442455040
19089093	2147520512
63237981	671088768
32280753	1610613248
29601921	1085440
56013753	4362108928
49487745	1610612992
78224601	2147520512
77984193	2147520512
55538121	17334272
22760985	671088768
61254129	1085440
32573973	1074823168
25367889	1610613248
69432537	1081348
61503933	1610613248
15179385	1085440
15102921	1610612992
21125433	1610613248
52957461	671088768
22079613	150994945
27114573	1085440
633	671088768
50995317	24608
81136065	67371009
34845537	2148012032
74332065	1610613248
34796613	671092736
25827969	1085440
64144533	17301568
31713753	671088768
20755425	344064
26248197	32802
43510593	4294971393
67142181	8425472
12846261	1074823168
2554077	1081348
77029041	24580
1313805	1610613248
43835241	671088768
65679645	37120
42862917	1610613248
12431217	671092736
18927741	1610612992
8921325	1610612992
61262877	8425472
1740837	2147487760
80379201	37376
65282097	83886081
14102409	1610613248
75088605	1610613248
47365221	75497473
66137781	1074823168
32042613	32802
41038797	4295000320
39890541	134254592
24748401	67141633
27238017	67141633
4812357	1610612992
76453941	1610613248
33088809	1082163200
78102453	33652736
18582357	4311744513
73419681	83918848
18997401	201326593
18925473	1074823168
52357413	16814080
120189	67141633
3955701	1610613248
18498117	2147749888
43565673	36865
29877321	671088768
35324733	1610613248
69747465	4296048640
113061	1085440
71955525	36865
64169805	4362108928
57390429	561152
35992173	1081348
56764785	1073778688
32880801	1085440
17896125	83886081
47690193	24577
11706429	1081345
53731821	1082163200
63140133	536872964
47038305	36865
3201753	5368713216
67931121	1140883456
19029477	1610612992
23842497	35
29700417	1610613248
50636973	1610613248
33959721	32802
30207477	1610613248
12474633	671088768
38151309	671088644
39733725	1610612992
21381393	4295000065
7576401	1085440
24008061	2147487746
56185797	8388641
17180733	1081348
69648969	2147520512
49340325	4353
66844101	671088768
55855317	1074270208
63342957	4161
60802797	2147487746
16384665	1610613248
18575229	1174405120
65179713	4362108928
10214409	3221229568
37460541	1081345
69395277	1073872900
38063829	4295000320
69594213	98305
35139729	4362076161
63436269	2181070848
41446713	32833
35955237	4362108928
1230537	67112961
43425705	671088768
51982221	37376
43825845	36865
57318177	1610612992
42479949	1610613248
75936513	4295004160
29378361	1073742084
33269601	17301568
48143469	1085440
33375549	671092736
36011289	4295000065
48123705	4295000065
32659185	671088768
71250825	8392705
78451725	1610613248
7390749	69648
80715837	4295000320
28859637	17301568
77934945	131090
1027713	201326593
58499481	2181070848
48469089	163856
30164709	1081348
8422041	327696
1595361	163856
31842057	671092736
30689913	36865
43168125	36865
54634809	4294971394
46468713	1610613248
36399117	1610613248
3454149	137216
79856589	17301568
1928109	327696
44495877	16781313
65228637	4362076161
55937289	1610613248
22645317	1610613248
2847945	1115136
34658913	2181070848
51473541	1610613248
80761521	16810240
19731909	3221229568
40999917	671088644
2465625	671088768
66220077	4362338304
25781961	67141633
57211581	67125312
22268505	1610612992
11208765	16777476
72654069	67141633
36012261	1610613248
65826093	1610613248
4858689	57344
1522461	4362076161
58763865	1610613248
15569481	83886081
55466841	2147520512
62836869	1610613248
44636493	37376
25115493	1085440
39365661	671088768
50143845	671088768
57071289	1073774593
1062057	1085440
21133533	1610612992
23548629	1610613248
1121025	16809986
57257265	671092736
29706897	83918848
919821	36865
63847101	266241
47095653	1081345
64252101	1610613248
79406553	1085440
79184289	36865
39830925	2147520512
8335209	36866
27950817	1140883456
31776285	36865
62593221	24580
67717929	1048582
46999101	4362108928
72729561	1610613248
67628181	1610613248
8729841	1081348
48432477	1610613248
47384337	32833
58034541	3221291008
74884809	16912384
25721373	4130
32757681	150994945
64213221	16777473
58278189	4311744513
12655749	57344
33479229	37120
62533605	2147618816
11379189	671088896
26553	2147520512
25542849	671088768
63949485	37120
56815005	3221225488
948333	1073905664
46433397	4099
71735529	36865
53225085	36865
36149961	4362076161
29223813	37376
31334997	1610613248
66774441	4130
37833789	4311744513
36510249	5368741888
44450193	671092736
12668709	537919492
77133045	2147520512
74578953	1081348
65251641	37120
81111765	1174405120
78806181	4328554496
68520801	1610613248
40442637	4294967361
53056281	1073774593
42333825	671088768
69500901	2147487760
35001705	577
24220605	4295000065
27816681	16779520
53822217	1610613248
22131777	83886081
57779553	34611200
35505525	36865
79883481	4311744513
12527769	8421377
46980633	16809985
32047149	36865
79941477	100663297
636321	4311744513
65173557	37120
3546489	28672
13490049	5402263552
25133313	1081348
69661281	2147520512
34236417	2147520512
37727193	671088768
15437613	4295000320
13364985	2147520512
18974721	4311744513
37345521	196610
64366473	36928
51897981	134217733
26205105	32840
43204089	671092736
66562545	561152
76476945	134217860
47799705	1081348
10147665	36865
53386761	2147520512
52425129	1610612992
15109725	1081348
24880269	1610612992
11489673	1610613248
13085049	32833
21267669	1074823168
38000649	4311744513
55377741	36865
18960141	2147553280
53789817	67141633
8925213	1610613248
18298857	75497473
42299157	1610613248
16732641	1085440
39255501	4362108928
57716373	1073745921
75991593	37376
14450061	2148012032
27821865	4295000320
26072589	2147520512
49308573	4295000065
32935881	167936
8441157	1610613248
6686697	4130
57205749	671088768
27284673	1610613248
54239205	671092736
46548417	36865
43387149	671088768
45138045	671088768
44111289	327696
59415105	1610613248
8228613	8392705
25319289	1610613248
22488825	536870918
9368121	1610613248
387165	1610613248
65327457	2147520512
18626745	150994945
76876761	4362108928
35139405	2147487745
69257253	2147487746
11339013	1073778688
34320657	1610613248
5354733	2147520512
7980105	1085440
39009909	528386
6204909	1610613248
14057049	671088768
44888889	36865
33267657	28672
35563845	3221229568
60296061	69
32812437	65602
11549289	4102
37038369	4303360000
70200417	2148012032
16135185	1107329024
79620393	1073778688
10183953	4362108928
75883377	2164264960
43681341	2147520512
16295565	67141664
26913693	4311744513
53705253	2147491844
57299385	671088768
60557205	5435817984
22359225	4311744513
26383629	1610613248
22028097	36865
72654393	83918848
42569373	35655680
2561853	57344
7351869	1085440
49204893	1610612992
48369621	69648
6515949	67158016
15723381	67141633
64672005	196624
68290113	5435817984
57078417	1074823168
40337337	4311744513
36046281	671088644
28417053	150994945
33819753	4362108928
16613733	83886081
65206929	1074823168
77892825	8392705
68456973	70
72946965	1081348
28756605	2147520512
61460841	5435817984
56693829	524384
32040345	32864
64630857	1610613248
13115505	1610613248
69345705	36866
25845465	1610613248
32645577	83886081
61177017	150995072
67572777	1610613248
62177853	671092736
494409	4311744513
57346365	671088768
47280657	1074270208
80423265	2147553280
24154833	4328554496
16981473	83886081
7924053	1610612992
10154145	537919492
4188981	1610612992
65408781	2147487760
48999801	4328554496
59092077	524322
11825985	3221229568
7988853	2147520512
39772605	1610612992
444513	671088641
76302957	1610613248
1122645	36866
31673901	671088768
2811981	1140883456
42634173	134217762
12285417	553648384
41865645	4295000065
25847733	1610612992
14530089	1610613248
15509865	150994945
49273581	83918848
25584321	1610612992
47240157	2147520512
1278165	40961
35150421	671088768
75289809	36865
41993625	1610613248
48448029	1610613248
39475821	16809985
48398781	1610613248
70473873	36865
16281633	1085440
61242465	65793
65155413	1610612992
67320057	167936
19886457	1610613248
39644949	1073778688
148701	4102
12716013	4362108928
11634501	1610612992
12396549	671088768
54805557	4864
1723017	1073741860
1074693	2129921
30843489	4311744513
57428337	1074266176
80329629	4113
45075513	671092736
50101725	557120
22068597	1085440
939909	36865
39065313	671092736
46564941	4362108928
25454397	1610613248
32417157	36865
69083589	1610613248
36913629	1610613248
2684325	4311744513
4046745	67141633
6936825	150994945
39342333	1610613248
23811393	201326593
8879853	671092736
3127557	2147520512
11907309	1073745921
50464929	671088768
16995405	16777222
60428253	2147520512
7687533	561152
66386937	2147487760
25191957	67108874
17402349	57344
30520137	57344
76285461	671088644
62086485	67141633
38506737	1073778688
56503965	67141888
76167525	4311744513
29064081	36865
4156257	1085440
24661893	2058
63274269	1610613248
13850661	67141633
5498589	83886081
51814065	671088768
39785241	1610612992
14975913	17301568
38921133	16781313
47740089	1610612992
21352233	135299072
70240593	1081348
49718109	1610613248
18391521	4303388672
45657741	4295000320
37430733	4864
52504509	1610613248
38997921	4362108928
25488741	557120
33321117	4311744513
35618601	1610613248
21489933	1081600
41583441	2147487746
63192297	2181038082
64716717	671088768
63491349	1085440
36630453	16779268
65812809	1610613248
9822369	1074823168
81467517	37376
47120925	1610613248
17242617	1085440
80720697	4311744513
22182645	671088644
1408089	36865
76934433	1610613248
27453153	1140850689
67444473	1082134528
53147973	2147520512
29315181	524354
27698745	2147520512
37327377	134221826
18925797	4311744513
202161	1610613248
35645817	1090551808
10949241	67141633
47647425	70
68352321	1610613248
59253753	67141633
41684205	75530240
75111609	1610613248
72870825	6442455040
80576517	24580
10029	671219712
28713513	1610613248
30266445	2147749888
5928861	1610613248
45540129	83918848
39219537	1610613248
30718101	2147520512
67672245	1073745921
38763669	1610613248
23546361	134283265
69151953	1610613248
6086001	57344
34005729	1610613248
75522765	134254592
22376721	167936
44207193	2147520512
15861	1085440
61515273	2101252
53381901	150994945
38325621	671088768
3941769	518
70576905	1073778688
65907417	1610613248
45516477	36865
64065477	16814080
37795233	1610613248
31785357	2147520512
44727861	2101249
68368845	1074823168
36621705	1610613248
36148989	4362076161
44598909	2129921
77401965	524322
26149377	2134016
16319217	671088768
10790805	4362108928
28658757	1610613248
46210161	1610613248
12786969	8425472
56139789	67141633
67145745	4311744513
75690597	36866
55341777	4295000065
39675729	4295000065
56434953	1610613248
37168293	2147487746
71774733	2147520512
69400461	1073745922
79962213	2147520512
50721213	4362108928
56980245	67112961
40476657	671088768
23584917	65793
56650413	36866
48599013	671088768
73212969	1610613248
58683837	2147520512
60573	134250497
14313333	134217733
1698393	1610613248
24507345	4295000320
81633	36866
45652233	1610613248
74827785	1073746432
76721565	1085440
1243173	4311744513
73727157	3758096384
51241557	2148007938
6129417	1085440
55993341	1082163200
13899585	16781313
70151817	66624
23842173	1073745921
33235257	1610613248
22912617	1610612992
11182197	16814080
70591161	1081348
65878905	1610613248
1539957	1610613248
22662165	1610612992
43691385	36865
8580153	1085440
59959101	4353
7111137	17301568
70821201	1610613248
25464441	1085440
44223069	1610613248
18922233	577
22261701	2147487760
38417313	1081348
43173633	557120
39720117	135266308
224841	4362108928
64137	1610613248
60055329	1081345
71526549	4295000576
45259221	65570
73717437	16908290
12887085	528386
3852021	327696
60410433	1074823168
43763637	16777282
47255385	2147487745
36308073	1074823168
49203273	671088768
4958481	1610612992
81488577	671088768
2455905	134250497
1562637	671092736
9303969	2147487760
4338993	1085440
53850405	2147520512
9409917	4362108928
55829073	1081348
2348985	1081348
1841601	134250497
54063597	1540
65226693	1610613248
56988669	800
59832417	671088768
16061961	16781313
26039541	83886081
19796061	1610612992
47564157	671088768
17407533	20512
80580405	1074823168
6651381	2148012032
3649845	1610613248
519357	1610613248
27007977	671088644
29541657	32834
28942905	1085440
9504525	25165825
56430093	1074270208
41201445	1073745921
18480945	1081345
37211385	33652736
32152773	37376
48046593	4395630592
79868577	1610613248
9536925	1610613248
6422961	528385
74431857	1073741860
953193	32834
77742165	1073778688
80499405	1085440
59809737	3221229568
44827653	671088768
63298893	524354
55395561	1610613248
2101449	4395630592
35066181	1610613248
40688229	4311744513
51241233	4362076161
72716601	671088768
4542141	83918848
64631829	1085440
28468245	2147520512
67799253	3221229568
33437109	671092736
34187169	4295004160
18043221	1610612992
4897569	2147487746
27653709	4353
80744673	671088768
77244501	36865
26387841	1085440
56160201	557120
33258585	2147487746
34154121	17334272
5556261	2147520512
342129	67633216
81382629	1610613248
78134853	524354
26997609	37376
21452997	1610612992
64766613	67108929
6987045	16777249
4246977	1610613248
78328929	2147520512
41986821	2147488256
25865553	67141633
12774009	2147520512
37237629	8716288
80064273	36865
32003409	36866
13998729	1081345
53441517	1073741842
4941633	67141633
5666097	1610613248
49378557	1610613248
1946901	1610612992
66111213	1610613248
52492521	671088768
71312385	2147520512
40855089	1085440
11233713	561152
45403077	1610613248
37556769	1140883456
52030821	5368713216
23599821	1073778688
36273	135299072
67071873	1610612992
61342257	1610612992
47425809	4362108928
55986213	671088768
133797	67141633
42585573	1146880
25482261	4311744513
7201857	1610612992
31339533	671092736
6982509	1081348
2306865	1610613248
73375617	1610613248
75029961	1610612992
48664137	2147520512
52093029	1610613248
3644661	2147520512
38371953	37376
3290529	1610612992
53520573	2147520512
14283849	16781313
11132625	1610613248
32266497	1140850689
2742645	36865
48148329	65553
2529777	40961
827481	67141888
50983329	1610613248
61345173	1073872900
19952229	266496
21812961	1610613248
70236705	83918848
44903145	2181070848
39546453	561152
22489149	1610613248
12358317	671088768
308109	3221229568
12083241	1212416
34372497	17301568
28025013	201326593
16419981	4294971393
26962617	524322
26903973	1610613248
15760965	4311744513
50531997	1610613248
23088225	2147487760
62912037	671088641
8192325	1610613248
28538553	2147487760
57548541	4311744513
1530561	24592
40336041	67141633
6841893	36865
21423837	1610612992
22325529	1074008064
57665181	1085440
4935801	2147520512
53029713	671088768
48121113	671088768
40236573	4295000065
25327713	1610612992
68692521	687865856
27148593	671092736
67762965	3221225474
66375921	4362108928
67323945	32773
70118445	344064
8618385	4362108928
61321197	67108929
53383845	1610613248
48731853	4311744513
30182529	1610612992
77973825	1610613248
51160233	561152
48923661	561152
57331137	8437760
12400761	671088768
9164325	1610612992
63669549	134217857
65587953	1610612992
47956521	1610612992
31933749	1610613248
60325545	36865
58145673	1610613248
31292229	671088768
65214381	4362076161
61874913	1610613248
70516641	1610613248
692697	1081348
8728221	1085440
10917813	4311744513
56234397	1610613248
25295961	1610613248
66707373	1073778688
40182789	83886081
43979421	36866
59069073	4362108928
75968265	37376
77048157	1610613248
11481897	1060864
14612385	269485056
81227109	36865
34853637	1610612992
20008281	1610612992
40136133	2147495936
4611801	69648
46571421	2147520512
1283673	4295000065
2918253	1081345
59026305	32833
7999869	135266308
62255289	2155876352
66394065	3221356544
3045261	67141633
5419209	32848
17855301	83918848
3529641	4362076161
5080953	4102
6986397	1610613248
26568633	671088768
30298845	1610613248
71319189	1610612992
6227589	2148012032
42922209	2147520512
3358569	1074270208
14320137	1610613248
19171065	1074823168
77084769	671088768
26112441	36865
47015949	671088644
12874773	671088644
37209441	4362076161
72260085	1149239296
1947549	98
53652765	37120
37183197	5435817984
34181661	1074823168
62234553	1610613248
61425849	1610613248
27883101	1073745921
52999581	671088768
37988985	137216
62180769	67108929
14008449	4311744513
17656041	1074823168
72340113	2147520512
29605161	1610613248
17304825	20512
36485301	1085440
66349677	1610613248
16176009	1610613248
50172033	1610613248
72109425	28672
30224001	1081345
16330233	67141633
47231733	1048582
18290109	16781313
35907285	150994945
18330285	6442455040
310701	524802
61585257	1610612992
70047813	1069056
74715681	37376
65519589	16809986
41581497	2147487745
52250817	68608
54147837	1610613248
38293869	2147487746
68036097	1081348
79492413	2148012032
10986501	1610613248
33376197	518
75343917	36865
52267989	2147520512
12091989	4102
70335849	2147520512
1813737	2147520512
78554433	5435817984
10113321	671092736
838497	1610612992
15512457	1085440
4450773	37120
16063905	2147520512
57187605	1091043328
52148433	1610612992
37560333	671092736
70565241	134217731
62164569	1610612992
65413965	67108929
81740325	2147520512
52394673	2147487746
31470429	561152
16896909	1610612992
54569685	671088768
33132225	69648
5819349	1610613248
6903777	1085440
44766741	1181696
33556665	5435817984
1504641	1610612992
52331169	1610613248
62369337	1610613248
15386421	67141633
54336081	1140883456
40533681	1085440
55821297	1085440
2215821	1610613248
37498125	4362338304
15567213	83886081
14289681	557120
24541365	2147487760
8587929	4311744513
23162421	1610613248
66685341	5435817984
240717	2101250
45553413	4362076161
66223965	2147520512
28985997	1610613248
54138441	557120
6754089	1610613248
26778909	1610613248
19856649	150994945
14274453	150994945
37378245	2164264960
66922833	4102
63590169	67108929
78273201	3221229568
60620385	1140883456
36650217	1074823168
43244265	671088768
3638505	1081345
72125625	671088768
81371289	2134016
31845945	8425472
15352725	83886081
46370217	671088768
36599997	16809986
73674345	1081348
66180225	201326593
71242077	561152
7184037	1610612992
608781	1081348
54328953	65793
29872461	135299072
16167585	2147520512
39349461	4362092544
53282433	671088768
5271789	2147520512
52201245	17301568
56032221	2147520512
17035581	1610612992
316857	2164264960
3146997	1610613248
63757029	1610613248
78782205	1610613248
79941153	3221225984
50264049	4311744513
19035633	150994945
78056445	1073762304
48464229	134218753
6042909	67141633
37828929	1610612992
28716429	134217733
62373225	2147487746
55198569	1085440
66169209	557568
18306633	142606464
6338073	16809985
32667285	2147487745
25499757	2147520512
1866225	134250497
46257789	1141374976
15936573	36928
9677865	1610613248
79638213	1073778688
45223581	671088644
69612357	4429185025
166521	1085440
24993021	8392736
68648781	1610613248
80297229	36865
28800993	2147520512
46386741	2147520512
7771125	36865
30473157	1610613248
48688761	671092736
36661881	134283265
48151893	1610613248
11897265	2148012032
41569509	37376
37974729	4395630592
56026065	2147520512
58557477	1073778688
1879185	1610612992
15456405	1610612992
46310601	67109380
31762677	1140850689
13537677	36865
39926505	2147811328
32378925	83886081
15221505	32833
22522521	1085440
77791089	2147520512
63583689	1610613248
22676097	135299072
10141185	16809985
23973717	1610612992
23081745	2625536
33025629	83886081
1315749	16908290
3912609	36896
4787733	4099
35625405	4311744513
3480717	671088768
77490741	1081348
38008749	67108874
14395629	1610613248
54429069	24580
928569	1610613248
24995613	1081348
1393833	33558529
61000437	1082134528
1080525	4311744513
44491989	1085440
15361797	1610612992
3307053	671088768
48404937	1610613248
48487233	1610613248
5225781	57344
66224613	1610613248
49066869	671088768
2381385	1073745922
64965549	1610612992
36229017	671088768
2310753	66562
26205753	201326593
57708597	3221229568
3228645	1610612992
22221525	2147520512
13159569	40961
58433385	16809985
57886149	671088644
22920393	1085440
38103681	2147487745
28546653	1081348
71968485	2147553280
77865285	37120
50813877	2147487746
11663661	134217988
59229777	67141633
21924741	1081348
11620893	1085440
574113	17334272
32666637	1074823168
57681705	32802
78735873	1073778688
56073045	4362076161
68045169	8392705
2093997	2147520512
29136657	671088768
450993	536871170
17991381	67141633
43699485	671088768
78624741	36865
38730297	4295000320
47115417	1085440
14473065	1610613248
30532449	2147520512
72611625	671088768
21211617	67141633
20693217	67141633
23689893	1610613248
14123145	1610612992
42772197	33587201
44934573	4311744513
72439257	4295000065
28247277	2148012032
8986449	1610613248
79616181	1610612992
79846221	1085440
34127553	16797696
57390753	32833
6507201	134217764
44375673	2147520512
23532753	35
72101325	1610612992
52704093	8421377
17417901	67141633
43721193	4295004160
81367725	8425472
45423813	134221826
24052773	67141633
63996141	528386
53139225	1085440
22957005	67108929
50149353	134217793
63358185	1610613248
35695065	1610613248
66158517	1610613248
1037433	1085440
38934417	1610613248
6233745	524353
63558417	2148012032
80007897	57344
80176053	1081348
20734041	150994945
79073805	1081348
41988765	2147483682
20698401	32773
16349349	1610613248
53627817	2147520512
50999205	4362108928
41148309	671088768
44184513	2181070848
12638577	1610613248
77850381	16908290
43573449	2148012032
11772525	1081348
36558849	150995072
40785429	1610613248
21840501	16809985
61680189	1610613248
17333985	135266308
71652261	1073778688
30887877	53248
63953049	1610612992
7414725	1610612992
77130453	2147520512
5588337	1074004224
28311105	36865
1345233	17301568
47858673	1610613248
8529933	24580
4487709	1085440
31008081	67141633
12531333	671092736
34327137	36865
70344597	1073778688
26119569	1081348
26195385	17301505
503157	36865
65665389	1081348
41444769	4294967301
8455413	32834
73368165	671092736
24250089	16777476
26559237	3221229568
56924517	2147487746
81051501	2147520512
50984625	4362108928
13735317	1610612992
33447477	33587264
2365185	1610613248
28505181	24577
3716265	1610613248
59090133	3221229568
66731673	150994945
1026093	1610613248
37823745	1081345
47303013	67141633
3740889	16826368
44238297	671088768
42322485	4353
20018973	83886081
56273925	2147749888
53439573	671088644
80740461	32833
52013325	83886081
69634713	2147520512
23894985	671092736
56395101	135266308
59881665	2147581952
11575209	4311744513
45015897	35
46419465	4328554496
77002797	1073778688
17675157	536875264
76707633	28672
1516305	4362108928
37553529	4295000065
8293089	1085440
43122765	67141633
62716017	1081345
74946693	36928
69153249	2147487745
5414349	4311744513
31981377	36865
20610921	1610613248
71478273	1074266176
1159257	36865
2477613	3221229568
24199869	2134016
70515021	36865
69961629	1610613248
11589465	67141633
41620701	1610612992
67285065	1140854784
63994197	1610613248
18324129	671088768
6435921	1073745921
36815133	1081345
6650733	1610612992
41610981	32833
1525701	16777732
78316293	1073778688
65735049	1074270208
16025025	83886081
66053865	73
28386273	67112961
2825913	671088768
31716345	4295004160
77118789	53248
58389969	671088768
19210917	1610612992
39006669	36880
40734237	1081348
59098881	1174405120
15215997	1140850689
45403401	2147487760
68460861	4295004160
68192589	69648
31170729	2147520512
13529577	1090523136
10752249	4102
68526957	1610613248
32633589	1073745921
69893589	4395630592
2295525	1085440
49658169	1610613248
38630181	3221291008
36445773	1610613248
45262461	1610613248
2662293	5435817984
66146205	5368709121
1997769	1610613248
57896517	671088768
4886877	671088768
41549097	4130
53842305	1610613248
26615613	671088896
40852497	2147487746
41108457	36865
16978557	36866
75706149	53248
52154589	1085440
70725621	1610613248
64751709	36865
75994833	1610613248
12624969	671088768
42480273	36865
38654481	57344
76699857	37376
40189593	83886081
7157793	1610613248
80139765	1140883456
44981229	16814080
673581	2147520512
36806061	67665920
41596077	4295000065
12162297	671088768
5205693	2129921
14155545	553648384
63995817	2147487746
50491821	557120
71836617	83918848
26822973	2147487746
48795681	524293
53181993	1610612992
32751201	1610612992
56756037	4296048640
55420185	17301568
60253293	536903936
12502497	4362076161
22378989	4311744513
63748281	1610613248
37389261	1073745921
44029641	32802
11197425	4429185025
55467813	36866
5184633	1610613248
12473337	671088768
59183769	4130
78550221	1140850689
39745065	4311744513
4493865	2147495936
56126505	8425472
2705061	65793
4185741	16809985
64075521	1610613248
2004249	16809985
21184401	2164264960
38686881	1140850689
21973989	1610612992
8075361	40961
44942673	671088768
61699305	36865
47504217	75501568
58367937	1073778688
9283233	1610613248
37370793	196610
79706901	67141633
41228985	2147520512
29371233	1142947840
1400637	167936
2498025	1610612992
70915809	1090519041
13145313	134283265
53552649	1610613248
37380837	196610
30639369	4362076161
36002541	4362108928
63790401	1081348
69285765	1610613248
34232529	4311744513
1335189	4311744513
75410985	4130
129261	134250497
77847141	1610613248
16621185	36880
17716629	49153
25320909	1085440
5029113	16809986
48983277	1085440
66607257	1610612992
48024561	671088768
25900221	671088644
40822365	1610612992
66646461	83886081
11059077	67158016
76428021	4296048640
59144241	1610613248
48244233	1610613248
28227513	36865
37931637	16809985
197625	36868
80404149	1085440
24833613	1073778688
15981609	70
1653681	1610612992
53077341	1073778688
51273957	1074823168
16728429	1610613248
69160377	1073778688
22665	4311744513
43064445	8392705
77022237	36865
41742849	1610612992
3723393	1610613248
56428473	2101312
79745133	1610613248
72648885	1610612992
57953217	561152
45683337	4362108928
25979925	1081348
32529261	4311744513
19539777	2181070848
7437	1610612992
255297	135266308
76046025	4362108928
32529585	3221229568
78218769	1610613248
37252857	2147487760
19120197	83886081
33153609	201326593
66544077	671088768
19677477	1610613248
74992053	4294967361
39835785	16809985
61104765	4099
76390113	1610612992
9197373	1081345
60598029	1610613248
11104113	134217860
68167317	36865
2103717	32833
27638157	134250497
75796869	1610612992
39492021	1073746176
68937465	36865
18795549	671088768
54288777	672137216
23833749	1610613248
996933	2147483714
28366185	1081348
36342741	1081348
9993441	1610613248
19304553	83886081
1989669	1610612992
49409337	196610
74442225	2147520512
627897	295168
28812981	67141633
65378325	36865
62690097	1085440
79178457	327696
7442589	1073745921
76215153	5368741888
34496265	1073745921
34749957	3221229568
46316757	1610613248
51406797	2147520512
34298949	1085440
34381569	17334272
13438533	4362076161
14594241	150994948
68626749	4362108928
31465245	134221825
37349733	196610
1120377	16777250
23267721	67141633
24874437	37376
19507377	1085440
60543273	2148012032
30797805	8392720
47981145	1081348
60682269	67141633
38695629	671088768
37298217	4295000065
12365445	671088644
48688437	1140883456
58936233	4362108928
58985157	57344
62690421	8425472
12513189	134283265
48047565	1610612992
39840645	671088768
81307461	36865
37492293	1081348
78543093	1073778688
34840353	1610613248
39743445	671088644
501861	16779268
22713681	1610613248
54278733	1085440
49086633	32802
76797381	2147520512
80549949	1074823168
59828853	1610613248
68310849	1610613248
41475873	1610612992
53621661	36865
31169433	2147520512
61238901	1610613248
24877677	2147520512
54721965	16809988
26981085	1048612
184017	134250497
74478513	1073745921
48624933	1610613248
57202833	1610612992
68558385	1610613248
68521773	671088768
9984693	1074823168
451641	1610613248
20915481	4311744513
18936489	4295000065
74881569	2147581952
2891685	1058
20603469	101711872
60785301	83886081
49876545	135266308
23978901	67108929
15485241	36880
38568945	1610612992
3280485	16812032
7193433	98
23422269	4362108928
45267969	1610613248
6694149	134217860
32492001	1073778688
8917113	36865
59775069	1610613248
6332565	4429185025
64692741	1081345
8376357	2147520512
34511169	1610612992
36207633	5435817984
21522981	150994945
71382369	3221356544
31405629	800
596469	1081348
55090677	3221229568
7675221	1610613248
41079945	67633153
11265141	327696
79517685	1081345
22091277	1610613248
74916561	37376
18372405	2147520512
61077225	671088768
24010329	2147520512
57207045	671088768
59676249	1081348
46981281	1081348
27098697	671088644
71348025	36866
53234805	671088768
8689017	1610612992
57038565	16797696
64057377	1073778688
77144385	67141633
22835505	201326593
49179297	2147520512
16811049	20512
37350057	196610
42505869	1610613248
23291373	2148012032
34166757	83886081
23198385	3221229568
51244473	671088644
17436045	134217793
74459721	36865
51628413	8392706
61827933	1610613248
51160557	37120
8958909	136315008
24758769	37120
81525837	36896
34920057	671088768
22496925	1610613248
72134373	2147520512
2891361	2147520512
53467437	1074823168
74656065	1081345
56044209	524353
34800177	57344
35170185	1073762304
46519581	20481
63635205	4395630592
29434089	1081360
60302541	2147520512
7437405	393217
44006637	2181070848
27339105	1073766400
8917437	37376
35587821	36866
23106369	1610613248
34346577	2147487746
48605817	4429185025
32482605	24580
54187365	65793
38640225	4311744513
80812065	83918848
80357169	671088768
8655969	1610612992
34022253	4295000065
389757	83886081
65192673	4362076161
37876881	36880
81563745	1073778688
8202045	1085440
46472277	2147520512
77846169	67112961
46908057	671088768
51574953	2147520512
3580185	8425472
31388781	800
39339741	1085440
11088561	671088768
70010229	1610613248
76758501	1073807376
77152485	1610613248
37182873	1610613248
48513477	1610613248
23793249	32834
38173017	4295131136
42221397	1074790416
64362585	135266336
78573873	1610612992
42208761	201326593
26382981	1610613248
25502673	1610613248
49467981	135266308
58751553	1082134528
2241417	1610612992
78057093	1073778688
31768833	1081348
42736233	36865
51959217	36865
25048749	8392736
17918157	2164264960
57764973	2684358656
7964229	1073873408
42244077	671088768
78945177	8392736
60616821	32833
30841545	1610612992
43363821	134217794
16283577	327681
53533209	4296048640
30166653	671092736
27815709	4295000320
37394121	2147520512
19078401	2148007952
27094809	671088644
15253905	4362108928
13098333	1073905664
323985	327696
739677	1610612992
18502653	143360
48751293	1085440
7945113	1085440
27459957	1073778688
36029433	1081348
24495681	98
65194293	1140883456
81748425	16809985
37161813	76
37850313	36896
78131937	33652736
24129561	201326593
21105345	1610613248
46429509	1610613248
34808277	1074823168
32227941	24577
78692133	1610613248
69758481	1081348
49083069	4353
81243633	4362080256
72341409	36896
40648053	2147520512
67313253	1610613248
27994557	1610613248
27914853	3221229568
42533085	83886081
408225	268502016
68354265	1610612992
29042373	2147483968
11666901	1085440
78247281	3221229568
62933745	24580
57207693	671088768
15979989	1610612992
79131153	2147520512
79060521	36866
65761617	671088768
26586777	1085440
23614725	557057
649929	1282
50978469	36865
8513733	1085440
25178349	1081348
194385	1610612992
60693285	83886081
51410685	1610612992
1190361	1085440
56297253	150994945
78814929	2147520512
16086261	5435817984
62409837	4362108928
28843761	1610613248
68231793	67141633
9673653	167936
43619133	4102
45524577	1073905664
30555777	671092736
3556533	134250497
60228669	37120
1168653	1115136
56860689	150995072
80813037	671088644
44664681	37376
42540213	1610613248
50443869	98
38812917	134217864
71523957	1610613248
69564405	1085440
7447125	2148073472
47107641	17303552
27583077	16809985
1186797	1610613248
70490073	2147520512
38543025	134254592
39105813	2148012032
23666889	2147520512
5061837	57344
36649245	4311744513
31398177	800
32416509	4362076161
46983873	16809985
39070173	1610612992
109497	134250497
3987453	1610612992
111117	134250497
61282965	671088768
75805617	1140883456
70734045	4295000065
9778305	67141696
4292985	1610613248
6098961	1610613248
58028385	671088768
29105877	3221229568
23381769	57344
49860669	4102
12810621	36880
19080669	1610612992
74379369	1049604
79550085	671088644
54685353	4311744513
44455053	1073745921
40927341	57344
47433585	2147520512
67642113	1610613248
15588597	2148012032
4525293	36865
12781461	4295000576
76046349	4311744513
24455829	4102
55627545	4362108928
2030493	2129921
5261097	2147500034
495057	269516800
77125593	4295004160
62689773	1085440
2323389	524297
6827313	67141633
53826753	2147487746
51631653	1610613248
3170649	16814080
42156921	135266308
38154225	2147487746
65738289	4294971393
5154825	4102
1340697	67141633
3259749	36866
6173481	671088768
23819817	557120
46921665	4311744513
20217909	1610613248
61065237	36865
12745821	2147487745
28517169	1610613248
45705693	1610613248
18430401	577
32419425	1085440
43766877	671088768
20883405	1073778688
3788517	2147618816
74565669	1073778688
32622573	1081345
39968625	2147516418
71545665	671088644
30460845	671088644
37517241	83886081
38234253	2148012032
16076541	3221229568
57869301	1048610
42405753	1073778688
14093661	4362108928
10551693	1085440
33090105	2148012032
42864213	25169920
69829437	25088
54697989	1610613248
74684901	4130
70393521	2147745794
78797109	16809985
76413117	1610613248
3783981	4362108928
59429361	1610613248
38106597	83886081
39403569	57344
70494285	1610612992
15062421	4099
106581	134250497
582861	2147491842
61836681	524328
74963541	1073778688
1203645	671088644
16848309	4295000065
80057793	1140850689
18490989	100663298
60639825	1610613248
61649085	1610612992
1386057	4295004160
48708525	4295294976
46874361	134479873
53135337	1610613248
5950569	67141633
28255053	5435817984
19706313	36868
40696329	1610613248
11799741	1074823168
63935553	1610612992
11891433	2147520512
72723729	135299072
70869477	36865
23545713	1610613248
67780461	1610613248
14166561	135299072
60764889	1058
28633485	1073745921
47958141	671088768
22499517	32834
29017101	4311744513
58275597	2147520512
49221417	671088768
69276369	2147520512
2449101	134254592
4367505	1610612992
33689181	2147520512
60334941	2147489792
589341	327696
55183017	671088644
57348309	671088768
61790025	201326593
61414509	134250498
3826749	65793
76584837	1610613248
34041369	1610613248
6617037	1074823168
10181361	1610613248
50541069	1610613248
21377505	4362108928
73555113	67158016
65884413	201326593
56144001	4311744513
15944997	2148012032
37176393	1085440
33164949	4295000065
24382281	3221229568
1099965	557120
5787597	4362076161
56107713	1610613248
19740657	1074823168
80964345	53248
54212637	1075839232
14985633	1610613248
16050945	4362076161
43311333	671088768
23637	134217888
64509033	67108929
76862181	2147487746
22144413	4311744513
17451921	4328554496
46822521	1074823168
38188569	4102
48715329	16809985
48666729	83918848
28844733	1074008064
66529821	67141633
45466257	524353
37367229	196610
40811025	53248
75048105	37376
25097997	17301568
69836565	1610613248
31289637	36865
79372857	37376
54186717	3221229568
16547961	1074823168
37285905	1610613248
79770729	36865
51608325	1610613248
31223865	2147520512
70319325	8425472
39265869	4311744513
25708737	2147618816
19761717	150994945
26815845	1610612992
63648813	2147520512
80637753	1610613248
50655117	2147520512
43019085	134218753
195357	1083179008
34595085	4295000065
80609565	67108898
75614457	4311744513
63899265	36865
3072477	5368741888
71704749	671088641
73612785	5368713216
74491473	1610613248
78868065	16912384
35697333	36865
60215709	1073778688
54827589	134217857
76792197	4311744513
1543845	37376
53206941	4303360000
47649693	1610613248
77475837	1081345
36535845	2147520512
51331305	1073762304
47879085	16779266
75572013	1610613248
39982881	134217733
38089749	671088896
25378905	1081345
13148877	1085440
40516833	2147553280
43282173	3221229568
11168265	135266308
68349	671088896
7106601	671088768
81172677	671088768
6814029	1610613248
40417689	2147520512
67615221	1610613248
410169	1610613248
48405261	671088768
51169305	3221229568
38178849	2155876352
9849261	1610613248
12248481	16809985
48946341	4362076161
70769361	1610613248
27182613	1081348
26963913	327682
53908725	1610613248
12072225	83886081
72165153	537427968
51726909	32833
58867221	1610613248
33834657	1610613248
29347905	671088768
57914661	1081348
1658217	1610613248
47683065	37376
43311657	4429185028
67679049	671088768
27544845	4295000576
31447425	1081345
7210605	2147487746
61251861	16779266
52770837	5368713216
54142005	1610613248
14968137	4311744513
5615229	36866
47433261	4311744513
45410853	561152
39620001	4311744513
19963569	557120
37921269	4362108928
78461445	1610613248
60597057	2181070848
36380001	1073774593
58953	38
17633685	8421888
2986293	1081348
15307041	1610613248
7491189	17301568
40188945	327681
5765565	67108929
60680973	1074823168
54676605	53248
55535529	1074008064
4049337	1610613248
24460689	134221825
74978121	331776
5645037	1085440
32523429	83886081
77145681	4311744513
49189989	1207959680
12101061	2147491844
15385773	1610613248
19354449	32802
900381	83886081
57537849	1610613248
41462589	1610613248
35321493	67112962
1154721	16781314
56629029	1610613248
79416921	36868
78518469	37120
19015869	150994945
15775869	83886081
79480101	37376
62518053	4311744513
24202461	2147553280
19288677	1048610
6600189	134217733
52732281	5368713216
59399877	83918848
64093989	671088768
69654477	1073745922
4559313	2148012032
37849017	2147520512
52218093	671092736
15607389	83886081
56052633	1610612992
27277545	1085440
57192141	671088768
80977305	36866
73072677	1081345
41551041	1610613248
38484705	1146880
25512069	4429185025
12438345	134217734
60862089	3221229568
74642781	2147520512
63539949	16809986
60481389	1610613248
26217093	135266308
13157949	40961
26909481	1073746176
33950973	16814080
74483049	4311744513
32708109	2147749888
55040133	67141633
8899617	1610612992
55314237	1610613248
65256501	1073778688
44474169	1610612992
11297865	4362108928
10587333	101711872
12964197	36865
17015817	49153
51636189	5368713216
44610573	6442455040
31623681	36865
12220293	2155876352
56864901	167936
55644717	5435817984
72885081	1610613248
24020373	1610613248
5810601	201326593
19385877	67141633
44992893	800
37938765	36865
28264773	657408
77105505	1610612992
80583645	1610613248
78407013	1081348
32143377	1085440
47829189	1081348
44900553	3221229568
64202853	1610613248
62710833	561152
66373005	536903684
76521981	1073778688
50354445	134250497
51490065	671088768
23013381	3221229568
38850501	2180
32911905	1610613248
40047357	16809985
43613301	1074823168
25892445	671088768
75190665	2147553280
1464141	2147520512
41336229	1089536
40607877	671092736
62584149	24580
6753765	67141633
79247145	150995072
160365	201326593
8242545	1610612992
22717893	1074069504
31349901	70
42240837	3221229568
43605849	5368709121
40913409	1610613248
46921017	36866
35916681	4295004160
79290237	1610612992
51156993	67141633
26508369	20512
328521	16809985
33135465	134283265
8895729	67141633
66155925	4362108928
39470637	4130
67257849	4295004160
33924081	2147520512
73510401	4295004160
26098185	201326593
34439565	1610613248
6954645	4106
73612137	1085440
69094929	4295004160
45311709	2147487760
14763045	671088644
4454337	4328554496
50731905	4294971393
67631097	67108929
43385205	135266308
79266909	2147487745
33404385	4311744513
21083961	2148012032
69058641	4296048640
5524833	17858560
73244397	134254592
78598497	1073775104
17950881	37376
63217569	3221258240
80013729	1610613248
23701557	1610613248
36944085	1610613248
54848325	134217857
36641469	671088768
80155641	3221229568
36901965	2181070848
2803233	671088644
74610057	3221229568
41303181	16814080
20631333	4328554496
34245165	1107329024
41233845	4362108928
50482749	53248
14161701	2148012032
50546253	32864
63438861	2148007938
8048469	36865
3333621	1610613248
6317013	2147520512
1473861	1085440
2567037	150994945
64786377	4362108928
42453057	1074270208
31370637	4294971393
28831449	8716288
67933389	36865
8142105	1085440
39335205	4296048640
65461917	1610612992
3486225	33558592
21841797	16809985
50804157	2147520512
64562493	2147484674
52105341	67141633
7791537	1073758212
25242825	1610612992
73087905	1610613248
37718769	1085440
54750153	1081348
41005425	4311744513
73261569	1073750020
63977997	524354
1118109	4362108928
54800373	1610613248
20425917	8425472
51149217	2147520512
78251169	150995072
43237461	134250500
51292101	1610613248
36171021	1140883456
50607489	4362108928
40760481	17301568
3708165	671088768
32615445	1610613248
46979661	671092736
37901181	4295004160
519681	1610613248
44696757	37376
66563193	4311744513
13326753	83918848
14473389	1610612992
70525065	67141633
52020777	3221356544
76453617	1610613248
40140345	36865
69189537	1610613248
50539773	4311744513
77190069	1081345
69465261	1081348
67931445	327696
65199153	33591296
38039529	16809985
64303941	1074823168
27111009	1610612992
42623481	1610613248
28781229	2147520512
25428477	2147520512
45580305	36865
76645425	2147487746
31414377	800
39834489	4295000065
75682497	1610613248
5942793	134217857
48540693	2147520512
28981461	57344
40459485	67141633
51703905	1610613248
76544337	3221291008
8770017	1610612992
24259161	671088896
15707829	17039361
42358125	17301568
41977425	1610613248
5048229	32848
32535741	16801792
78765357	5435817984
31455849	150994945
70321269	2147487746
52843089	36865
662889	16844800
382953	1610612992
54095025	16777282
30556749	671092736
76040841	20736
56259669	3221229568
10558497	1140883456
77299581	150995072
74229357	3221356544
27930081	1610613248
16454325	135266308
80821137	117440512
63621597	2214592514
66801009	137216
19184025	528448
54868089	2147520512
76457505	36865
31378737	1081348
71452029	4395630592
6578805	561152
7725765	4362076161
67648593	36865
7359969	3221225474
65507601	37120
40710909	1610612992
66049329	1610613248
25777101	528386
22888317	36865
78894633	2625536
80247009	4130
54415461	17301568
38571537	65570
26498973	32833
69570237	1085440
33592953	1610613248
49942641	57344
24261753	1610613248
25880781	671088644
31007757	4311744513
1783281	1610612992
50673261	1610613248
13412613	1610613248
41036853	4311744513
73711929	1610612992
55982973	1085440
39971865	167772161
31938285	561152
58540305	1085440
40707021	4294971393
51681873	36865
18609897	671092736
80486445	36865
31399473	800
19843689	1610613248
48685197	1085440
13397709	36866
40287117	561152
46679961	83886081
10823205	67158016
14501901	2180
1100613	83886081
35264469	4295000065
39424629	1610612992
29472321	561152
54905997	9469952
24081933	20512
6712617	4362108928
59509713	4362108928
69625641	1610613248
58074393	1610612992
75978309	2147520512
60634317	137216
35432625	1081345
538149	10518528
41499525	4362108928
27274629	671088768
18530193	33591296
49518525	4311744513
75927441	1073778688
52272849	20512
34653	135299072
36730893	135184
31602297	67141696
36870213	4311744513
8608017	150994945
77089953	1610613248
27547761	4130
145785	538968576
25865877	671092736
76240101	83886081
54061653	5435817984
1276221	2164264960
38960985	4362108928
27827697	4295000320
65818641	1610613248
67902609	8425472
7775985	2147618816
32426229	1610613248
47458857	16781314
3336537	2147520512
44368869	1081345
34574673	150994945
44298885	1610613248
3488493	4162
43582197	2147487760
18816609	671092736
16597209	2147487746
47050941	4311744513
31734165	16777222
70881141	4296048640
65616789	1610613248
59601081	1074823168
42560301	53248
1901541	1050628
43399785	32834
24790845	4311744513
18720057	2147483682
41355021	2164264960
69474009	4429185025
71428377	2147488000
35199993	36866
75414549	37376
43468473	4362076161
4565145	4295229444
28727769	200
2600085	2147483682
64161381	1073778688
37835733	1610613248
43313925	16809985
24580893	67141634
6734325	67141633
1272009	671088644
18716169	1610613248
51329037	2147489792
57322713	1610613248
46301205	150994945
27312537	536875520
64716069	1610613248
12516105	671088768
7499937	37376
70037121	1074823168
2342181	150994945
48747405	1610612992
12603261	671092736
44928417	4311744513
35174397	1074266176
66629613	1073778688
40904337	4362108928
51880161	4294971393
70995837	2147745794
682329	67141648
38895537	4362108928
19276365	536875264
922737	536936452
15569157	83886081
32507553	1081345
32507877	2147520512
38327241	2147487746
23865501	4362076161
61831821	1073905664
30955593	671088768
10386129	1610613248
16995729	8198
7690773	4295004160
58716885	1610613248
57780525	1073778688
8684805	4362108928
28143597	1081345
78066165	1069056
47649045	1610612992
71227173	1082163200
25061709	2214625280
72330069	1610613248
54102153	1610613248
51132045	4362108928
56725905	3221229568
27310917	671088768
3544869	2148012032
21550197	2147520512
39270405	1081348
21807129	1081345
72252957	1074823168
7349601	67141633
70710069	4362108928
67417905	36865
73395705	1085440
10481709	1085440
45352857	67141696
58124289	36865
43598721	1610613248
53476185	1081345
56675037	1074266176
61076253	4311744513
40071333	37376
63347493	1081856
1422345	2147487760
1612209	1610612992
1929729	4295004160
64132221	1610612992
2375877	24577
20391249	83886081
73782561	1610613248
25993209	671088644
68842209	3221229568
4388241	671088768
71529141	1610613248
32912553	36865
66628317	4102
50404017	2147520512
25923873	1610612992
71869017	67141633
5198241	34082816
27228621	540736
21241101	4099
10103277	1074823168
32126529	4311744513
5495673	2147618816
23987325	32802
27180669	671088644
63842241	8425472
53456421	1610613248
48868905	1073745921
25053609	1610612992
65917461	16418
8452173	16912384
41501469	20512
60144429	1081348
79189797	1081345
23158533	57344
43191777	1610612992
35250213	1610613248
30131661	536903936
46345917	137216
52627629	4295000066
75566181	1074823168
24139281	671088644
693669	1085440
23705445	561152
65029053	32773
61382109	36865
40783485	1610612992
79193685	28672
65905149	1140854784
43380669	5435817984
32605401	1081345
61952349	1085440
1354629	1140850720
63778737	36865
67557225	1610613248
33174021	36865
59421909	67633160
36970005	1085440
52597821	6442451008
5803149	671088768
56155989	36880
15678669	83886081
12109809	1081856
33246273	1085440
14504493	4429185025
10058889	2147520512
13526337	1610612992
10122069	67072
6085677	40961
38477901	17334272
16473117	17301568
14900421	1073745921
43718925	4311744513
51796245	16809985
44077917	1610613248
3486873	8425472
56702577	1610613248
42356181	299008
76643805	2147487746
47806509	2147520512
38744877	4295000065
46641	1610613248
76070649	2147520512
15793365	83886081
51922929	33591296
5780469	6476005376
41595105	1073778688
52252437	1610613248
80183505	671088768
31131525	671088768
9872265	67158016
53519925	2147520512
37349409	196610
72240969	3221225474
80113521	102400
49955277	1073872912
39321921	3221356544
58418805	1610613248
3074421	16777476
58694529	134217986
72020325	17334272
57650601	70
30172161	67141633
31841085	5435817984
34461273	1610613248
25614129	1085440
27495921	5435817984
31126017	1081345
38206389	16814080
20024481	134221825
30111249	100696064
33944493	1081345
8721093	1610613248
72530625	83918848
23844117	17334272
27013809	150995072
23418705	150995072
52737141	1610613248
42252825	1074823168
24459069	1085440
71836941	4311744513
60898377	36865
67334313	1073873408
56426205	4864
1121673	67633153
57629217	2147520512
45519069	2147549185
1867521	2148012032
28776693	671088644
27025149	671088644
66077193	1610613248
26790897	1610613248
53394213	7516192768
35836977	67141633
30746937	3221229568
59707353	24577
34205313	37376
34794345	33536
1467057	2129921
14903337	1610613248
27464169	5368741888
41620377	4099
60222513	4362108928
73970805	36865
9377517	4395630592
9885549	1610613248
13430109	1610613248
62497965	1085440
31741941	2564
70115529	16912384
17337549	1610613248
4430361	1073774593
60049821	1074823168
1279137	1073872897
33569301	134283265
74900037	1073745921
32126205	1073778688
14245293	32802
78304629	1073766400
68757321	2164785152
73767981	32785
41294109	5369233408
36162597	1610613248
20817957	1610613248
28297497	8425472
47524305	1073778688
53882481	1610613248
47586513	16900
77164473	1610613248
16333473	17301568
4206153	2147549185
913989	67141633
4667205	2147520512
6520485	67141633
21962001	1073745921
56856153	671088768
81135093	36865
127317	1610613248
20370513	1610612992
47385957	36866
71346405	2147520512
68480949	134217860
11979561	4099
60843945	67141633
42576177	536871170
20626473	671088768
22715301	17301568
62680701	36865
77406501	8425472
42721329	1085440
8565897	1610613248
28236585	1610613248
45691113	671088768
67753893	1073745921
14761101	537952256
57907533	1610613248
72577605	67145728
67652157	1073766400
15468393	42
12440937	1081348
69835593	1610613248
71768253	1610613248
67091313	1081345
28913421	4362076161
15288897	1081345
21603981	4311744513
36651837	1073766400
58781361	2147524608
55255917	1085440
25745349	537919492
11458893	1074823168
3331353	2147520512
3562689	1610613248
42266433	671088896
30863901	1085440
48299961	671088768
76674585	1073774593
73646157	1073745921
63933609	1140883456
15284685	4311744513
15705237	1610613248
46918749	36865
25270041	1085440
65520561	1610613248
22741869	1074823168
56424585	1610613248
16729401	1610613248
3082845	4362076161
64067097	4311744513
76418625	1073742084
79117869	5368709121
945741	134250497
33087189	4311744513
17231277	1610612992
56119053	1074823168
41056941	2147520512
1865577	2228240
44086017	1073778688
2112141	1610612992
64174017	671088644
31987857	4311744513
16705425	672137216
14519721	327696
77433069	671088768
62601321	3221356544
32071449	327681
32414889	1081345
6669525	150994945
15625533	1610613248
7350573	1610613248
52522005	1610613248
8134653	1610613248
70469337	327696
70050081	671088768
54367509	1610613248
38280585	1073778688
44232789	671092736
75537669	36865
55588665	100696064
5102985	201326593
12182061	671088641
5086785	1610612992
44464449	1081345
48043353	671088644
10476849	1610613248
51192633	671088768
24394269	1610613248
36169401	76
31513521	4311744513
62139945	671088644
4117701	16777729
62646033	67141696
43595805	67141633
11495181	57344
61978269	1073742084
42536973	37120
56472213	1610613248
58069533	1610613248
33308805	1610613248
75221445	2147483682
33945465	1140883456
68306313	1074823168
47483157	1610613248
23197089	671088768
52836285	671088768
14197017	671092736
33802257	37376
62937957	671088644
54233697	1610613248
7300029	1610613248
70958901	1610612992
1428501	150994945
71291649	1610613248
68510757	1610613248
32989665	1610612992
58909341	16814080
40043793	4311744513
6621573	16809985
6689613	67141633
58780713	2147524608
30320553	524322
9090129	4295000320
29148321	2134016
3603189	1074823168
44089581	671088768
38034021	2147487746
783741	8425472
20984169	1174405120
80188689	1610612992
31586745	1085440
57330489	671088768
62564709	1074823168
31430253	28672
59322765	1073778688
62580585	2101504
34603833	1610613248
69635685	4294967556
1085385	57344
24850461	1073778688
63267789	603980032
29131149	1610613248
8838057	2148012032
51139497	4311744513
28111197	2147520512
44093145	36865
37781949	36866
52639941	1081345
15143421	1610612992
35895621	671092736
69550797	4429185025
12425709	1085440
68430405	3221229568
59545029	1140883456
41109753	137216
31306485	1030
6389913	17858560
55467489	2147520512
10876341	2148012032
61471209	1610613248
1913205	671092736
79184937	1074823168
75814365	1610613248
11190297	1610613248
4239849	4311744513
36136029	4395630592
3536445	1074823168
37294653	32834
53121081	1174405120
34405545	1085440
36905205	4311744513
27024501	150995072
72394869	37120
35928345	4295000065
33310101	16809985
78248901	1081348
30213633	16809985
13495881	1610612992
9767613	1610613248
29822889	2148012032
15544857	3221229568
57524889	671088644
25679253	268568576
63376977	36865
48872793	2148012032
1307649	1610613248
9886197	1073778688
3656001	1081348
2592633	1610612992
58767429	2147520512
64273485	1610613248
112413	134250497
55967745	2147520512
43050513	1085440
71364873	1610612992
49453077	671088768
33516813	5435817984
54975981	4161
35961069	671088768
43392333	671088768
11649729	4362076161
30059085	3221229568
31761381	4362108928
64243677	1610613248
19299045	1610613248
48604845	671088768
31577997	1610613248
64168185	5402263552
80200353	36865
22517661	4296048640
49340001	1610613248
73730073	69648
14432241	1610613248
77367297	1085440
64559901	524322
31377765	1610613248
10758081	2147520512
58998117	36865
16427757	135266308
23936781	150995072
77512125	5435817984
17646969	1146880
55692345	37376
32357217	134221825
38946081	1610613248
29275329	4102
11394417	4395630592
7782789	36896
72658929	83886081
20554545	2147520512
37348437	196610
46345593	4328554496
51183885	2147520512
4667853	1610613248
70916781	536871172
71288085	2147520512
26373585	671088644
51171573	1073778688
23418057	1073778688
18928713	16779268
31442241	57344
53218929	1610613248
65820909	134283265
43937625	1610612992
43880601	2147520512
74146413	671088768
7950297	1073778688
41157057	16777282
71394357	16777281
27420429	1073745921
32756385	1085440
68432025	3221749760
57141921	40961
27477129	1610613248
36298353	57344
38205417	2147520512
40639953	4294971393
72291513	4362108928
68438829	3221229568
56189037	83886081
47094033	1610613248
16638033	135266308
30817569	16809985
49340973	49156
47514261	4311744513
838173	4130
260481	4295000065
27057873	1610613248
15809889	83886081
3531909	83886081
36032673	1146880
7791213	1610612992
27285645	37120
569901	671088768
18780969	1610613248
51036465	2147520512
44883381	2147520512
65926209	4311744513
1338105	167936
29428905	790528
14805489	5368709121
11441721	321
44576877	100696064
25493925	150994945
58049121	1073778688
29527077	36866
13017333	16809985
18146577	1107329024
20624205	671088768
25554513	1140883456
67382265	671088768
75285597	2147520512
71862861	1610612992
73956549	83886081
944445	1085440
18131025	1610613248
81582861	1085440
44244129	671088768
27908373	1610612992
53157369	1090519072
65607717	1610613248
2810037	36896
33052197	1085440
31297737	37376
35870673	4362076161
48881541	1090523136
74033661	4311744513
27705873	1065472
64080705	536870918
25112253	671088644
48006093	2147487760
18411609	4362076161
49348101	1085440
48168417	1074823168
14348649	17334272
79044969	1610613248
27740865	69648
80667561	1073775104
13515645	1610613248
10947297	67141634
78872277	1073746176
23890449	1610613248
79560129	2148012032
38815185	53248
74347617	1174405120
44828949	36865
1498485	1610613248
35930289	16912384
61986369	4311744513
38960337	671088644
23195145	150994945
44805621	327696
2685621	17334272
627249	1610613248
8077953	66564
58630053	2147487760
35754033	37120
39623241	1081345
3780093	1610612992
68201661	1610613248
28240149	4362076161
39498825	671088644
2296821	1610613248
6966309	134250497
47138097	4311744513
37367877	196610
2245629	671088768
9576777	16809985
6506553	201326593
72883137	2148007938
20770329	2147520512
47135181	83918848
24727341	16809985
612021	4362080256
53070213	98320
49434933	1610613248
32615121	2147487745
48822573	16781313
58810521	2147524608
55479801	67141633
41391309	67141633
33765969	2147520512
60791133	360448
80780637	37376
42260925	525314
3217629	4362108928
19931817	67141633
17003181	786496
28821405	1073766400
28009137	2147549186
48649881	671088768
52484097	800
52686597	671088644
1636833	1610613248
48993321	1610613248
1607025	524802
12206037	67141664
44049405	327696
404661	4362108928
38832681	150994945
59344473	5368741888
34284369	37376
61450797	671088768
53300577	1610613248
46249041	2147520512
14325969	83886081
40709289	1081348
65746065	1085440
41724705	1610613248
17562405	4395630592
48102645	1073762304
8750577	4395630592
2211609	1610613248
80463441	36865
64063209	4311744513
48074457	5368713216
47405721	67112961
31708569	1610613248
63054597	1610613248
22525761	16777732
48053721	1073774593
56729145	4311744513
15134673	1610612992
40270917	1174405120
64406001	1610613248
46949205	2147520512
37909929	16809985
45513885	1610612992
41813805	8392705
2799345	327696
59898837	1610613248
2573193	1610613248
12173961	671088768
2915013	2129921
33989529	2147483682
50507049	1610613248
43767849	2134016
63134949	1140883456
56301141	1081348
6633885	1073745921
25560993	150994945
77056257	1610613248
1540605	1610613248
4855125	16809985
28027605	134254592
36450957	67158016
13484217	1085440
1565877	8400896
3883773	4362076161
47779293	4311744513
24213153	67141634
64145829	1085440
79917501	2147520512
2819757	4294971393
33044745	134283265
26914017	2147520512
45108561	4362076161
28128369	671088768
35183145	1081345
47421597	36865
27858153	1610613248
52887477	1073778688
31905885	537919492
44389281	32802
22187829	671088644
60681297	133136
73939701	1073778688
46332633	16814080
35097933	536872964
3092889	4295524352
75737253	4311744513
37374357	6442455040
46865289	83886081
74683281	4429185028
76192149	4295000320
57835281	17301568
74403669	65539
15818313	1610613248
46328745	1610613248
78972069	16814080
8052357	57344
12079029	2147487746
6818565	32834
30478017	70
3439569	2147487746
42549285	1610613248
56493921	1610613248
73199361	1085440
5705625	2147520512
42172149	1610613248
35722929	1610612992
2219061	2129921
60344013	1074806784
44593401	67141633
74289297	4311744513
75060417	1610613248
9882957	1610613248
26850189	671088644
6525993	17334272
38943165	36865
46977393	1610613248
58264905	4362076161
51613509	4295000576
12861489	671088644
74500869	2147520512
40918917	671088768
46925877	4429185028
81438357	671088644
1050393	70
26498325	2164264960
79518009	1610613248
43540401	1610613248
39863649	2101312
36963849	671088768
8240601	1085440
3177129	37376
17440581	1081345
59600433	68190208
7826205	1610613248
4023741	4362076161
60816405	1073778688
5202129	1081345
32105793	16809985
33691125	1610612992
30125505	1081345
78606597	67141696
23518497	1081348
28574517	1610613248
41774277	671088768
9547941	327696
63426225	67141633
38679105	150994945
21721593	2147553280
43401405	6442455040
8162193	1610612992
52898169	1610613248
22510209	1610613248
73228845	4362108928
29545221	37376
42405105	83886081
17410449	1610612992
44456997	2147520512
65749953	2147487745
39609957	4362076161
2540145	1610613248
33957453	4328554496
28087545	1085440
50494089	4099
24752289	53248
33916629	32802
71566725	1082134528
52196061	2147487746
64986933	135184
44232141	671088768
23833425	2147520512
48216693	1610613248
67055349	8425472
48191097	1610613248
55730577	36865
41648565	671092736
1388973	1610613248
3225	1610612992
53831613	4362108928
18303069	4362108928
13449873	201326593
35642577	16814080
1850025	540736
43074489	196610
6108681	1610613248
28284537	1610613248
10495965	1610613248
9280965	671092736
1692237	1610613248
67776897	3221229568
52668777	32833
586749	1085440
57911421	1610613248
34564305	36865
61553181	1048610
59945817	1074823168
15172581	1610613248
9169833	671088644
63459273	2147487746
70562325	1610613248
5815461	4099
59968497	36865
13889865	57344
5399769	2147484674
57494109	1140883456
23608245	4311744513
16396329	557568
34431789	561152
4722609	561152
26454261	2148012032
10548777	67141696
35974677	67112961
71441337	4311744513
9635421	1610613248
53675121	671088768
38856009	36865
48730881	1610613248
52763709	67141633
3237069	671088768
9484113	262164
30644229	4362076161
36300621	83886081
30314073	4311744513
2302653	2147553280
41009313	1610613248
52946445	35
35646141	1610613248
17166153	1090551808
15700377	4102
24885129	524608
79732821	2147520512
64443261	1610613248
18314409	671088768
33097557	1610613248
59353869	1081348
9294249	4311744513
41391957	67141633
31060245	201326593
33956805	2147520512
35625081	33751040
53335893	36865
54269013	1610612992
50561805	1610613248
70723029	1610612992
13048437	4295000065
64037937	3221225474
71153625	1074823168
35919921	1073745921
77321937	37120
51419433	2147520512
57597141	561152
3456093	3221229568
48374481	671088768
24272769	1610613248
16775733	1610612992
40818801	671088768
50011005	1610613248
59161413	1081345
8654673	37376
69676509	671088768
33394989	2147487760
67520289	268568576
28453341	671088641
14531385	36865
43356045	4311744513
65049789	671088641
2068077	4295524352
63088293	671088768
8382189	67141633
53867253	1610613248
74071569	2147520512
38953533	2147520512
50626281	83886081
81494409	6442455040
46947585	671088768
33276081	1085440
16473441	2147520512
63443397	4311744513
75172521	1610613248
61646817	32833
59914389	16814080
71465961	2147520512
15736017	83886081
403041	40961
53866929	671088768
61273569	2147520512
35470857	1082130433
46682877	65553
42602421	37376
70956633	134218753
74333361	32833
16083669	16781313
70249989	36865
37115157	4311744513
64084269	150994945
53907753	2147520512
42293649	1610613248
33729033	671088768
41437317	134217733
13121985	40961
16543425	2147520512
59723877	4311744513
65305749	671088768
51114225	4311744513
50328525	32833
9058377	134217793
66821421	16809986
47481213	1610612992
252381	4295004160
34811517	671092736
25902489	1073778688
11307261	4295000065
51232161	1610612992
19812585	16783360
11607609	1610612992
38328537	1610612992
80304033	671088768
2322417	2147487745
9289389	67141633
81441921	1610612992
57052173	536903936
30012105	2148012032
71994081	1610613248
3673821	1058
57276057	134217858
34489785	32773
3094833	16779268
47530137	4362108928
69355101	1610612992
35867433	1610613248
22055313	2147524608
42405429	2164264960
18256089	83886081
7960665	1074823168
33139353	671092736
58079253	3221356544
74900685	3221356544
42052269	36865
25984137	1610613248
46992945	1610613248
12205389	1073774593
11977617	1610612992
61328649	2148012032
34752549	4295004160
64471125	83886081
60992985	17301568
26550165	2147487746
1311537	134218880
79172625	4311744513
3324549	1610613248
40016253	2147520512
71285493	1610613248
68088585	37120
72701373	134217733
50872521	4294971393
47174709	4362076161
55838469	1081348
56427825	671088644
24762981	6442455040
56527617	2134016
43815153	17858560
76374561	3221233664
63982533	1610613248
80620257	2147520512
19549173	2147618816
29557857	671088641
8210145	577
79507641	1081348
46180677	671088768
81696585	1081345
45032745	671088768
37778709	1081348
78215853	1610613248
12148365	2129921
59761461	1056772
37442721	1610613248
51429153	1081345
75387981	1074823168
33111813	36866
49548981	33536
55724421	671088768
52117005	53248
14313009	1610613248
67779489	671088768
21592965	1610613248
38072253	1610613248
68491641	142610432
7929237	1174405120
18171201	4294971393
48795033	1610613248
47381097	4362076161
56162469	32864
11435565	36865
53349825	4362080256
9877773	1610613248
72753861	150994945
19938621	1081348
46228629	16777732
56737893	671088896
54168573	65793
40173069	1610613248
74033337	561152
21803241	4395630592
9295221	67141633
36352785	66562
4237257	1610612992
22621341	1085440
4761813	32833
77721753	2818572288
11630613	536871172
3782037	32834
9726465	32833
45379101	8198
35301729	2147520512
41129841	4295000065
16405725	37376
45278337	1073778688
15989061	4362108928
73876521	1074823168
57295821	5435817984
20580141	2147520512
4858365	1081348
53787873	2147520512
78870657	32773
3094185	1610612992
11001	3221229568
32583045	671088896
15335229	671088644
33971709	1081348
44626449	2147516448
34210173	16781313
8391585	331776
63290469	524353
17754861	2147520512
46178733	2147520512
9300081	16777296
81122781	3221229568
68380509	150994945
17148333	1610613248
26387193	671088641
68220453	1610613248
80539581	33849344
35819481	1610612992
4986993	2147553280
77389005	36865
16814613	201326593
35044149	671092736
63343605	67108929
64662285	1081348
58645929	671090688
39634257	561152
16956201	1610613248
13838997	4099
3536121	1610612992
25413249	1085440
53788521	150995072
44019597	4311744513
38897157	5435817984
52917285	83886081
45373593	671088768
71958441	134250497
15157677	134250497
75590481	2148012032
7043421	4311744513
77235429	1085440
2236881	1610613248
9283557	4362108928
69205413	1073876992
24242313	1085440
31229049	3221749760
7850505	36865
61119021	1610613248
43874769	17334272
39510489	150994945
42538269	2147520512
3227025	2129921
3521865	16797696
49183185	671088768
18299181	83918848
12840429	2147553280
38862813	4353
75640701	17301505
70030965	4362108928
40099197	3221229568
57216765	671088768
76409229	2147647488
19640541	671088644
9189921	557120
63840297	83918848
78824325	4311744513
68888865	1140850689
37882713	36866
448077	70
21507429	4362076161
24657033	2147520512
34311585	142610432
18159861	1610613248
61654593	1610613248
3506637	2148012032
15345597	5435817984
52540797	134250497
57050229	33281
3452853	536871680
484689	4102
1660161	671088768
55360245	1610613248
42323781	67141633
69504465	1090519041
43264677	134250497
66364257	671088768
325929	268568576
47627985	4099
55720857	536903936
5368665	1610612992
2445861	671088768
69343761	81936
53777181	36866
1220169	2147487746
57921789	1073774593
8057217	2147516418
39461565	327696
44148873	671088768
39273969	1610613248
81641829	671088768
49251225	671088768
27506289	75530240
51766113	35
59604321	671088768
61889169	1146880
79707873	2147520512
61545081	1081348
16273209	1073745921
75856485	2147520512
16612113	2147487746
1861041	4099
34557501	67108898
23900493	671088768
21776673	1610613248
72468417	37376
17826141	1074823168
62864733	1610613248
62524533	2147495936
80652009	36865
3460629	561152
525837	4362108928
78679497	1140883456
66206145	2147618816
64986609	1610613248
25363029	4311744513
23044809	1074270208
53092245	1610613248
1659513	1610613248
35993469	83886081
22178433	671088644
40505817	4362076161
5732517	1085440
21369081	1610613248
20013141	70
47408961	32802
4125153	2147520512
44412933	137216
59029221	36865
33779253	32802
35020821	1073745921
51139173	671088644
56386353	16809985
70104189	1074823168
13144665	134283265
7634397	2147520512
55656705	4102
32670525	17334272
6049389	1081345
79900005	36865
30318933	671092736
34775877	1572928
57673605	33554438
65934957	4311744513
4501965	1085440
61975353	67108929
46342353	1081348
71473089	16912384
46729857	1081345
15332637	57344
10970949	1610613248
725745	4099
41065365	5368713216
23418381	150995072
56618985	3221229568
60040749	100663298
74808993	671088768
34022901	4295000065
37770609	1073778688
14314305	2147811328
8979645	4362092544
55875405	67141633
159069	4102
70705533	4395630592
9078789	16779520
54856101	2147520512
18878493	74
337269	4295000065
57243657	671088768
73771221	8425472
64581285	1610612992
77228301	1610613248
18248313	2147487745
50164581	1085440
16531113	16781313
14729349	1107296257
38104977	2147520512
36083217	1610613248
56348769	1610613248
45222933	67141633
77518929	37376
59357757	1074298880
22515069	2147549186
9871293	4362076161
68484189	1610613248
14099169	150994945
14740689	28672
22820601	1146880
15898989	1085440
45189561	327681
22618749	3221229568
55275681	2101504
47191881	1610612992
4408653	17301568
59093373	327696
71622777	671088768
60170997	1610613248
1298577	1610612992
76514853	1073778688
52037301	1074823168
2227485	67586
69439989	1610613248
40546965	4362108928
65774577	134218753
7729653	134254592
15310281	1610613248
10294113	1610612992
56669205	4353
56120673	1610612992
55820325	1081348
63319305	2147487745
79656357	143360
27674769	16781314
3021933	16908289
26760117	1081345
29306109	9469952
36552045	2147520512
15414285	83886081
12087777	1073745921
42599181	83918848
66351621	1107296257
43498929	1610613248
36369633	4311744513
15656313	1610613248
13693197	327696
3787869	1610613248
2899785	1085440
45432885	1610613248
80816925	57344
2042481	16783360
68387637	1081348
33582585	151027712
22340433	1610613248
64740693	1610612992
15684825	83886081
77917449	75497473
4794213	1081345
11821773	1610613248
19043409	150994945
74657361	36865
9330537	67141634
64020441	1140883456
10014177	1610613248
67008045	67108929
80832477	4311744513
53082525	36865
42163077	1085440
122781	67141633
27194925	1610612992
51850029	16777250
57016533	32802
5453553	38
57851157	134742080
10498233	4311744513
57167841	1073745921
27106797	1610612992
44149521	2147520512
68654289	1074823168
54220737	16777219
42697677	4311744513
68176065	4295004160
24805425	1085440
31627893	16814080
32092509	57344
56307945	2164264960
21699885	67141633
42712905	68190208
61278429	37376
6710349	1610612992
904269	134254592
50878677	1081348
58562661	36865
40930905	2147520512
77269125	67112961
24076425	67141633
17395221	1115136
45368733	671092736
71571585	1610613248
3934965	671088768
13693521	134217733
69962277	1610612992
10387425	83886081
57760437	1081348
30270333	134217733
27035193	83886081
55393617	8716288
55896465	2147520512
42815937	671088768
64420257	5368709124
33984993	2147487745
28173405	134221825
930837	1610613248
9797421	17301568
70823793	67158016
56522433	1610613248
13375677	2147520512
36902613	2164264960
65246457	4130
36742233	4295004160
214473	4295000065
41568213	16779520
62840433	1610612992
2398557	1610613248
79142169	1073746176
7136085	327696
53895765	16781314
28210989	2147487745
36114645	1081348
12362205	1074823168
26335353	65570
14836917	4099
30732681	4311744513
40266057	4362076161
58527993	16810240
57356733	36865
71489289	1610612992
53555565	1610612992
9801309	1610613248
45487317	2147680256
25382145	1610612992
2391429	2147483682
19902009	150994945
24738681	671088644
63614793	4362108928
24889017	4362076161
76618857	4328554496
11307585	671088768
27047181	671088768
41736045	36866
12708561	671088768
80548653	1610613248
31073529	1081348
41540997	67182592
20031609	1610613248
8552613	32833
59557341	1140883456
28149753	671088768
8961501	33718272
59605617	4311744513
36474609	4311744513
12538137	671092736
76166877	67371009
7938633	2147520512
59015613	1610613248
26833665	1610613248
56390565	2147520512
47371701	524864
22077669	561152
28270605	6442455040
30231129	1074823168
43096197	134254592
67737693	5435817984
73121601	53248
23959785	1610613248
77020293	53248
17948613	1610613248
1439193	32774
80849001	4295000065
36519645	16809985
73113825	1610612992
21002961	16809985
56154693	37376
39730809	671088896
37400277	1610613248
56448237	1174405120
43920129	1085440
59851533	1073746432
31140597	4129
28495137	201326593
36720201	528386
33714453	1091043328
2374905	16809985
28545681	671088768
16894641	4102
24389733	150994945
36171993	524322
53608701	671088768
35721633	4295004160
37070445	4353
1073721	4311744513
38792181	36865
54730713	67141633
28287129	2148012032
47860617	1610613248
51166389	1610613248
4416429	1610613248
58201725	33558529
39678321	4311744513
13759617	1085440
77950821	32833
50008089	2147549185
2948385	2147483682
15942405	1081348
55234533	671092736
17348241	2147487746
41224449	16781313
42990573	36865
38017497	134217864
8486841	196624
26757525	2147487746
31295145	20512
115329	1085440
58364373	1610613248
61368501	2147520512
62636313	1085440
69057021	3221229568
13135269	37376
14785725	1610613248
57676845	36865
77721105	8392960
56145945	201326593
72888321	2147553280
24997233	32802
14631177	2147553280
27393213	201326593
53581485	671088768
19825869	83886081
53605137	2147520512
52132881	67141633
21578061	201326593
4870353	2147483682
24818709	4311744513
22501461	553648384
33757221	36880
1442109	518
37246377	2129921
79415949	2147520512
80739813	2147520512
11386317	2147553280
44147253	671088768
12844641	2148012032
33231369	8392736
4451421	1610613248
31805769	67112961
39822825	4362108928
36560145	4311744513
46954389	67141633
36185925	1081348
12613953	671088644
49575225	1610613248
19057989	150994945
8338125	36865
14932497	36866
38343441	32833
21930573	16809985
8426901	1140850689
69703077	2147553280
37951401	2147520512
5164545	2147520512
11484813	536870918
49469277	36865
38863461	4295000065
49211049	2147487746
46562997	3221356544
18791661	83886081
23716461	1074823168
1735977	327696
33816837	4295000065
27915177	1610612992
80492925	33591296
70797873	1081345
38827497	1610613248
29998173	201326593
34075389	1610612992
33393693	4362108928
1880157	2147483682
38131545	2147520512
25676013	4295000065
16783185	1081345
1100289	1073905664
43570857	561152
5965149	67112961
3841329	3221229568
55723449	134250498
33844701	1610613248
36833601	1610613248
5234205	2147483682
41066013	4295000065
48130833	16809985
25515309	1074823168
57206073	2147483682
21340893	2147520512
45205437	266241
24049857	4362108928
21791577	67112962
55796025	3221229568
3809253	8425472
21367461	4294971394
52382361	8392736
58782333	16814080
76521657	1146880
40436481	16912384
80009517	36865
47705097	67108867
40498689	4294971393
37939089	4311744513
77811825	1085440
26273145	1610613248
21340569	671088768
37441749	1610613248
53543577	2147520512
7721553	1085440
12751005	32802
34586985	1610612992
47084637	671088644
32492973	1074266176
9830469	4311744513
16951017	1073778688
68421657	1081348
52195737	16812032
22457721	150994945
11917029	16814080
40814589	37376
40493505	671088768
523245	67141696
33189573	1610613248
25931001	1610613248
73642917	5368741888
24120489	1610613248
7453281	1074823168
58233153	4102
24515769	2625536
20301501	2147618816
14126061	4311744513
2015265	1610613248
79527081	1610613248
31372581	36865
54185097	36865
40892349	4362076161
78221361	1073778688
56518545	671088768
60048201	1074823168
74750349	134250497
42767337	671088768
1155693	1081348
4631889	1610613248
49091817	180224
79096485	671088768
23791629	37120
5598705	671092736
67505385	671088768
2700849	1085440
32032245	4311744513
36971625	327681
3787221	1610612992
7717341	536870918
53455125	1610612992
32208177	1073774593
62661909	4362108928
29982621	2147549186
78853161	4294971393
43704345	1174405120
53464197	36865
13978317	17301568
29657001	1610613248
227109	4295004160
43643757	36865
67117233	1610612992
8643981	671088896
41828709	1610613248
55474293	1610613248
12275373	98305
115653	67141633
59234637	1610613248
7348629	2147549200
40219401	57344
1941393	16814080
36685857	327696
69077109	2147487746
18301125	134217864
55376769	1610613248
55103637	1081345
530373	4295524352
40010745	8425472
27814089	201326593
2051877	1610612992
65534169	17334272
68183193	1081345
4415781	16842756
80853213	393220
70660497	201326593
79300929	1073778688
26280597	201326593
71176953	36880
14365497	36866
51509181	2181070848
28675605	1074823168
76387521	8425472
14578041	36865
5504097	1610613248
17919777	1610613248
28149105	36866
50552733	3221229568
55298361	1073745921
59820105	37120
58242873	1610613248
14520693	671088644
80783229	4295000320
18057153	4362076224
40414125	36865
54754041	2147520512
5009349	32802
57170433	67141633
77906109	32833
18505245	1074823168
52809717	1074823168
439977	67141633
28904025	4429185025
44192613	1074270208
42552525	1610613248
32355597	1610613248
592905	133122
29248113	37376
73996077	1610613248
49460205	1610613248
43232601	671088644
59869677	1085440
33127689	16912384
11920593	4395630592
6757977	1610613248
57483741	671088768
27843573	4295000320
10594461	1073745921
76169145	142610432
12390069	2818572288
1881777	4362076161
53062437	1610613248
9905313	1610613248
39868185	1082134528
53788197	1610612992
76618533	1610613248
59789001	1610613248
79804425	561152
66870021	671088644
52858641	8425472
59133549	671088644
62361237	4295004160
45440661	671088768
65973837	16809985
23868093	2148532228
50955141	557120
44538645	1085440
27826077	671092736
48552033	1610613248
76735821	2147520512
49274553	671088768
74032689	36865
19228737	1610613248
1044561	2129921
36013233	67158016
4724229	1610613248
18559029	2147520512
47976609	1081348
56513685	671088768
1768053	4395630592
33211605	1073745921
31404009	800
34453173	671088644
47434233	2147520512
53410413	1074823168
46200117	671088768
37615737	36865
39916785	4362076161
22801485	1610612992
68746305	1610613248
16476357	135266308
53505345	2147520512
71522661	36865
51466413	1074823168
32018961	671088896
39592137	4362076161
67027161	1610613248
11664957	57344
26947389	16778242
44209137	1610613248
42031533	2147520512
36115617	1081348
48935649	1610612992
16457889	2129921
22315161	32833
709545	4311744513
14056725	671088768
49255437	135266308
32424933	671088768
23394081	20481
13225989	4295000065
64280613	4362076161
709221	1610613248
80584293	2248146944
37741773	67141634
14790585	1081346
19848873	524353
71859621	1610613248
34835817	36865
48658629	32833
564393	1115136
26770485	17301568
30147861	1610613248
46834509	671088768
48885753	4362076161
43345677	536871170
30281673	76
13725921	1610613248
36466185	4295000065
24323313	4353
56997417	1073905664
17688117	67141696
71736501	671092736
48776565	1610612992
78262509	37120
32400633	1610612992
42651345	671088768
47118657	4311744513
41608065	1610612992
24305493	4311744513
1535097	32802
36216057	671088768
62788593	5368741888
75777105	2147749888
54090813	1610613248
65243541	4162
11484489	1610613248
65247105	2147487760
66107325	2147520512
73601445	1081348
32057193	1610613248
39777789	1610612992
16843125	135299072
14918889	4295000065
11840565	1073746432
33397905	1081348
5989773	671088644
53273037	1107300352
58748313	2147680256
48140877	671088644
4850265	2625536
23994453	150995072
54488037	1085440
58912905	36865
64485381	1081345
8883417	16781313
63300189	2147487746
55907481	2148008000
79292829	8425472
54544737	1081348
78779613	2148007937
377121	528386
7830741	1610613248
26943501	67141696
49635165	1610613248
48270801	16810496
5220597	2147520512
41498553	67141633
43542669	671088768
10436997	83886081
64571889	671088768
47144901	3221749760
52269285	2147553280
39308313	67108929
52888125	2147520512
46644645	671092736
48689733	86016
12943137	1073774593
52255029	4353
6731409	589826
31802529	561152
77364057	1610613248
13177713	40961
42800061	1610612992
44190993	1610613248
39490077	1610613248
75731745	671088768
65302833	67108929
71412825	1073778688
52036329	1081345
44415849	1069056
170409	1610613248
5587689	1085440
63149529	1073746432
107229	134250497
33314313	4610
35480901	67145728
44718465	36865
31389429	800
52777965	4429185025
75869445	1610613248
15095145	2164261376
66980181	2147487760
44258385	67637248
56067861	5435817984
68842533	1610613248
54819165	17301568
11591085	1610612992
60437649	36865
66337041	4362076161
55449993	37120
73006257	2147487746
50658033	1174405120
71619213	1610613248
65638821	4099
4852533	32833
8585013	98
7961637	17301568
69204117	5435817984
59422881	1610613248
1811469	65570
56526321	671088768
60851073	1074266176
19169445	4362076416
1242201	16809985
2728713	67141633
53906457	1610612992
45449409	33591296
60332025	67108929
60089673	537919492
2672013	134217733
427665	1610612992
58579833	1048610
60678057	1048582
58544517	16777221
16952313	4295000065
78180861	2147520512
42375297	67141633
46877277	2147520512
51153753	1610613248
10535817	67141633
61659777	1085440
58492677	671088768
63273945	4311744513
26779233	16779266
18675345	1610613248
45348969	671092736
201189	1610612992
67268217	1081345
45251121	1610612992
38469801	1074823168
44939757	2147520512
6821481	671088644
15464829	3221258240
43567293	1610613248
52468869	671088768
80739489	4362076161
6078225	16797696
36821937	1081345
63393501	16779296
52554405	1610613248
80454693	536871170
21330525	150994945
77974473	1610613248
31048905	4311744513
15841965	5435817984
3234153	37376
6916737	2147520512
44027049	16809985
74825193	28672
38890353	1073778688
55857261	1081345
27000201	671088644
39143721	2147520512
56392509	1610613248
79300605	37376
4960749	1610613248
41093553	671088768
5919141	1610613248
74742897	2692743168
39704565	2147520512
47746245	1073905664
9411213	536875264
74914617	2147487746
27018993	150995072
18656553	4311744513
57780849	536907776
51940425	671088768
14889	4295000065
50456181	577
67019385	36865
34393557	1610613248
71082669	5368741888
63285933	3221229568
1445673	1085440
17227713	53248
69664845	327681
37813053	17301568
78710601	1174405120
33996981	102400
38233605	671092736
58082169	16809992
14921157	1610613248
55973253	1610613248
37370469	196610
4324089	4429185025
48899685	69634
50566989	1073872900
73991865	1074823168
32059461	1081348
60656673	2147520512
29158689	5368741888
56281701	16777282
16617297	1610613248
53246469	5368741888
8390937	1610613248
64694361	135266308
55675173	671092736
27283377	5435817984
24185937	671092736
80787441	2147520512
77811177	1074823168
29065377	67141696
48368001	671088768
35382729	2164264960
26453937	671088768
76415061	150994945
63352353	603980032
66141993	83886081
74159049	1610613248
48218637	3221356544
32406141	3221229568
64577397	17301568
39696141	1140850689
54017913	67133440
36949269	1610613248
80587209	671088768
19570233	2147520512
79268853	5435817984
5925297	1610612992
32261961	536871680
1748937	36880
36014853	4362108928
44175765	1081348
77758041	2625536
1631001	1081345
12183681	671092736
43508973	36868
75191961	1074790404
35388237	4328554496
432525	150994945
474969	4311744513
15062745	536871170
45363549	671088768
34250025	1610612992
13129113	2181070848
55857585	1074790404
29245845	1081345
957729	4311744513
35481225	2147524608
48694269	1610612992
66548289	4295000320
79914909	1073778688
57110169	671088768
1220817	36865
69604581	1610613248
78939345	53248
30487089	1074270208
61517217	2147524608
45290649	37376
649605	17334272
13196181	1081348
2769861	201326593
79387437	36865
65723709	134283265
64445853	1610613248
15912273	135299072
22111365	1610612992
8423661	1085440
22240317	1081348
34793049	4353
46831269	671088768
23214909	1610613248
31643121	1610613248
42001725	1085440
2806149	1610613248
34224105	201326593
1172865	1610613248
22320669	1085440
51152457	36865
14833677	671088768
58386729	2147520512
12908469	671088644
13094445	1610613248
32027061	4362076224
42700593	65793
11517213	671088768
61237605	2147749888
46179705	4295004160
79937589	1610612992
33326625	135266308
42024081	4362338304
126993	67141633
59319849	8392736
61545	1610612992
55671933	1610613248
74152569	36866
50659653	1610612740
60981321	67141633
3036189	290
2857017	2147618816
79079637	2147520512
45323697	4362108928
28638345	671088644
15931065	83886081
67412397	1073778688
52479561	1610613248
31795077	1085440
25993533	36865
3319689	1610613248
71756589	1610612992
16869045	1610612992
59060001	4362108928
57934749	2147504128
77810529	36865
38981073	2148073472
48107181	671088768
35114781	4130
80750829	671088768
23425509	589840
75605709	3221291008
60643713	4130
40868049	1610613248
24955437	1085440
57198945	671088768
38333073	1610613248
20340381	1610613248
60946005	36865
26542713	2147553280
53047209	1610613248
42621861	67633153
63544809	1073746176
44096709	16814080
64417341	671088768
44057829	1610612992
50928573	2147520512
624981	17303552
37249941	2147520512
34224753	4295004160
73871985	1610613248
23482209	1085440
66317601	1081348
5247489	2148012032
44265837	4295000320
72964137	1610613248
42151737	1085440
67948941	1610613248
68330613	1610612992
79298985	1073905664
28037973	4311744513
63965685	67108867
35837301	671092736
50865717	537919492
657057	83886081
30439461	1610613248
5537469	1610613248
28317585	4362108928
20074053	4295032848
27701013	4362108928
34262337	1610612992
31575405	4311744513
41163861	16908304
36072201	142606464
46775865	1610613248
22476513	2147520512
50929221	36866
61807521	1085440
42861945	1081348
21984033	1610613248
1063353	2180
6603753	1610613248
27432741	1610612992
2451369	16781314
3606105	36865
32230209	4102
78041541	2147520512
47783505	1073778688
43229037	671088644
27768081	1081345
7859901	36865
23489337	32833
13820853	671088644
38497989	196610
8682213	37120
60096477	1140883456
44344893	671088768
71222637	4362108928
41417877	167936
24412089	36880
56173809	1610613248
23691513	2147487746
1200081	134217857
56838981	2147618816
1008921	1610613248
19066089	1074823168
40307853	67141633
61889493	2147647488
74709201	2684358656
27099993	671088644
266961	83886081
10965441	1610613248
23232081	1073774593
64110189	16777473
23500029	1081348
63882093	4429185028
73856757	1610613248
67590921	4295004160
31164897	201326593
23419677	150995072
30746289	4362108928
72456753	4362108928
47753049	1085440
16456917	1610613248
38056701	299008
69421845	1610613248
69113397	1074823168
43471389	327696
7027869	5368741888
28853481	100663298
691725	36880
51200733	4362108928
4830177	1085440
103341	1610613248
3083493	2147520512
39197829	4295000065
69173661	2147520512
37364961	1081345
45458481	4130
4232073	1610612992
70635873	167936
46941753	4362076161
32234097	1073778688
44365629	4311744513
68197125	1610613248
14920833	37120
66771201	1610613248
17361201	1073745921
2495757	290
20640405	1073745921
75928413	4102
5745477	1115136
13901205	536871170
52239153	1081345
24286377	671088644
46729209	1610612992
53714001	4311744513
32655621	1610613248
41122713	1081348
76283193	33536
40091745	4395630592
57228105	671088768
3629109	524322
18325749	1610613248
43995621	1610613248
62606505	66592
41019357	1610613248
26196681	4295000065
17717277	2147520512
17036553	1074008064
1038405	2147487746
5274057	4311744513
56709705	1081348
51507885	1610613248
70825089	1081348
42968541	2147520512
64384941	671088768
68815641	8400896
44898285	1610613248
75979929	1073746432
57768537	1085440
3651141	671088768
78905325	8400896
42860325	1610613248
4401201	1610613248
76541097	1073774593
68382453	37376
27450561	201326593
5985561	5368741888
27055929	537919492
58088973	36865
48552681	1610613248
60810897	2147549200
44503005	1610613248
6147885	67141633
35123529	135266308
40982745	4311744513
28747857	1073745921
20771625	17334272
45448113	4362076161
79554621	16912384
57309753	671088644
71275125	536903936
65967681	2147520512
63592113	536871170
64206741	17301568
33148749	671088768
21402453	4311744513
56465085	4362076161
9968169	28672
57133173	40961
20538345	1085440
891633	4395630592
7772421	1074823168
57155529	4362076161
31413081	800
38678133	4296048640
19867989	134250500
49029609	4295000065
75886941	1610612992
47106021	4362076161
48500193	24580
70874985	36866
19838181	70
54505857	134218880
357357	4294971456
41337525	1610613248
71594589	1081345
11094069	16781313
67160649	2147520512
68631609	135266308
40944513	1610613248
75099945	4295000065
1154073	83886081
14678157	1610613248
35795505	1610613248
1917417	1081348
3794673	2147487760
53913909	1610613248
104961	33281
24005469	37376
31723473	4311744513
74702073	7
59488653	1073745921
79070889	1073778688
2104365	1073778688
18285249	134250497
43084209	1610613248
31578645	2147520512
27964101	2147491844
78817845	1081348
43131513	671092736
20561349	67158016
27705225	134217800
31692693	2147520512
811605	1073774593
47302689	1081345
31808361	1610612992
60367017	1610613248
21831429	98
2911773	671088768
58301841	1610613248
31497321	67
36594489	2147520512
9011073	2147520512
16426461	135266308
45394005	1081348
40272537	67141633
48626553	4311744513
2181801	1610612992
53953437	1610613248
6141405	1081348
16856085	36865
21119925	16809985
40007181	36865
75124569	3221229568
52969449	36865
46385769	32833
74657037	1073778688
76971369	1610613248
26001957	36865
13925181	2147520512
79039461	2147483682
5579589	1073766400
11069121	671088768
71411853	65553
124401	67141633
51025449	1074823168
80200677	1073762304
72074109	1074823168
39379269	4295000065
52388841	1081345
548841	262210
44350077	1082134528
1045209	1610612992
4780605	1610613248
42864861	2147487745
54303681	4328554496
43840425	1610613248
3452205	327681
64702137	671088768
42837321	1085440
71447493	36865
29737029	1610613248
79498245	1073778688
5109789	2147520512
938613	1610613248
36015501	134250498
27440193	150994945
18924501	4362076161
42627369	5368713216
75160857	671088768
199569	134250497
22704933	671088644
19985277	4362108928
27021585	150995072
18969861	150994945
10161597	6442455040
77855241	196610
6810789	1610613248
53455773	67141633
16907601	42
35604021	1073778688
35495481	4362076161
81341157	1081348
26863149	1610613248
249465	1085440
50601009	2147520512
53838741	5368741888
70361769	561152
63287229	1074266176
12715365	536875520
24408525	2147520512
10042365	1610613248
55428285	167936
3078309	1610612992
12187245	2147520512
77338461	4362108928
25676661	150994945
19666785	1610613248
61061997	28672
37414533	36865
63279453	67108929
44156973	1610613248
48536481	4311744513
41711421	1073873408
8378625	17334272
73327017	1074790404
7129281	2147553280
60316797	4362108928
46498521	1610613248
55612965	2147520512
44448573	36865
66244701	37120
19827813	137216
53615829	36865
59086569	4362108928
68611845	1081348
23159181	1107329024
21233973	1610613248
14250153	268568576
18883353	1610613248
2451045	9220
1294689	3221356544
22048833	671088768
78242745	1081360
9391125	1610612992
42052593	150994945
41093229	67141633
36880257	4130
80967909	2147520512
5316177	1610613248
39648837	1081348
75670509	1073778688
46877925	1074790404
68246697	1610613248
44358501	4295000065
58608021	1610612992
8990013	1610613248
36280533	671092736
56829261	1610613248
11607933	1610613248
14837241	83886081
2188929	4295000065
31439649	16809985
25837041	36865
48668349	2147520512
70572045	16777219
58035513	1610613248
22232541	67141696
64264413	1073778688
63574941	1073745921
41662497	16912384
9137757	2147487760
55056981	331776
70592457	67142144
15568833	1085440
51076965	561152
53618421	53248
431229	4295004160
35392449	36880
58618713	557057
15777489	101711872
29647929	671088768
54276465	36865
46889913	5368741888
75515961	35
45338601	671088768
75352341	1074823168
49053585	327681
288345	2147491904
56012781	4362076161
75520173	57344
7037589	83886081
2311725	671092736
38011989	150994945
54125157	8425472
40959741	1610613248
9490917	98305
23253465	1610612992
47471817	37120
42499065	2181070848
69445173	4311744513
42039633	671088768
52718349	671088768
22102293	327696
28907589	1081348
61795533	37376
26146137	671092736
54004305	1610613248
33261825	36865
53971905	331776
8134977	1610613248
31914309	1081348
17665113	36865
51615453	5435817984
1848081	2147520512
68334825	36865
1509825	16809985
15367305	2147520512
5974221	5368741888
23195793	2147487745
66336069	1610612992
81404661	4294971393
37044201	1085440
58555857	1085440
80204889	5435817984
25256109	1081348
80555781	142610432
22550061	36865
22938213	1073745921
40819773	1610613248
15439881	1081348
15100977	1073774593
7050225	135299072
33906585	1610613248
3314181	83886081
30873621	4610
17563377	1610612992
76027557	1081348
72917157	2147520512
49302417	32864
59426121	671088644
63958557	32833
33853125	1610613248
24230325	577
42932253	67125249
1297605	3221229568
73819173	16809986
73872957	1073778688
32175777	1610612992
80151753	1610613248
18160509	134217800
17765553	1085440
18432021	67112961
55215417	17301568
76090413	1610613248
61920273	1610613248
52106961	1610613248
24537477	4295004160
2380737	4311744513
26197005	4362108928
35630265	67141633
71701185	1085440
75179325	1610613248
24092949	201326593
27999741	135266308
34113945	1610613248
61463757	1610613248
10369605	40961
68409345	1074823168
52102425	1610612992
27165765	67112961
20565885	66564
71582601	4362108928
12422469	671088768
25298229	4294971393
11719713	2148012032
1725609	1610613248
18653637	6442455040
53685813	36865
7150341	1082134528
22274661	83886081
38787645	1073775104
12256581	16812032
8671521	2625536
70908681	1610613248
69397545	36865
12919485	1085440
32281077	37120
12688797	1212416
68699649	1610612992
54310161	671088896
28789977	67141633
5392317	1610612992
10820289	1073762304
30603081	83886081
12178821	671088768
29354061	4311744513
37695765	1081345
76461393	1610613248
72482997	4311744513
78035061	524384
30323469	1081345
38694009	4311744513
27088653	671088644
43288653	671088641
29459685	561152
51436605	1115136
6321873	16809985
35154633	16809985
45555681	4099
76927629	4295114752
25787793	4345298944
8950485	3221229568
19611705	134217733
73301421	83886081
63883389	67133440
31996929	671088644
1483257	1610612992
41915217	4295000065
70978989	1146880
15288249	67108929
27702957	4294971393
58094157	16814080
169761	2147487760
32539305	1610613248
18073353	1073778688
39731457	1610613248
34553289	536871169
6156309	1610613248
63234093	67108929
37351029	196610
55462953	671088644
59585529	1073774848
49003365	65539
66634149	2147520512
28665561	36896
72785613	4311744513
28237557	1610613248
1360461	1081348
32522781	1073745921
39916137	671088768
74087445	3221291008
81290289	1081348
3690669	36865
38361909	1140883456
51874653	1073742084
75005985	1073778688
78964293	2147520512
74688789	671088644
24260457	1085440
28002657	36865
63613173	1610613248
1913529	671092736
74207001	1073778688
17561433	4102
74771409	5368741888
32090889	2147520512
15268161	1081348
138981	67141633
54448833	4311744513
4515249	4429185025
71846661	1610613248
14005209	16778752
22644021	1610613248
92001	134250497
33112461	4311744513
32038077	2592
22759365	2097409
78928005	1085440
44262597	6442516480
65930097	70
38251101	1107329024
53330385	671088644
6163113	2147520512
53259105	5368713216
47388225	671088768
844977	1085440
70882437	24832
38714745	67141634
76543041	1073742084
15609333	8421377
55585749	4362108928
42782241	16779266
4833417	2147520512
4057113	1610613248
39847449	2164264960
44978961	671088644
61445613	1610613248
49823085	557120
13216917	201326593
11791965	150994945
51011841	67141633
52873869	2147520512
65649513	1081345
81683625	1081345
56678277	4130
75018621	136318976
21513585	1048582
8728545	578
22041705	1073745921
27201729	1073778688
67061181	2147520512
53544873	36865
30971469	4130
73644861	4295004160
61337721	1610612992
8032593	4099
75367893	150995072
36111405	1610613248
17560137	1610613248
53242905	671088768
33484413	2147647488
49964673	1610613248
848541	1081348
18109641	536871172
72978393	83886081
8783301	1085440
57160065	525056
57631809	16810240
9521697	1610613248
1454745	327696
81685245	2147520512
24669345	4395630592
28698609	67375104
2120241	526344
31886769	4362108928
61482225	1073774848
32040669	36865
79529349	561152
15856869	134218753
81111441	4295000576
42525309	2147520512
8215329	1081345
69038553	1085440
43793769	2147520512
37092477	1610613248
60202101	1610612992
79968369	2147520512
36825825	1610613248
33333429	1073778688
74607465	4311744513
5084193	4130
12900369	671088768
7514517	1082138624
16035393	135299072
4475397	16777250
14128977	1081345
46488477	671088896
72113961	1610613248
47141013	3221229568
60023577	1140883456
10995573	2147487746
35523669	671088768
77180349	1610613248
4985049	134217733
4066509	1610612992
44310225	36866
28909857	536870918
15129489	134250497
13674081	3221229568
27011541	150995072
6353301	1610613248
58603161	4311744513
4598841	2148012032
60308373	536903936
42010473	2129921
27402933	671088896
54120621	4295004160
1048773	137216
79866957	1610613248
31973277	671092736
28993449	1610613248
36230637	4311744513
18855813	1610613248
5610045	2147520512
57490545	671088768
4459197	1610613248
46239645	67141633
11007885	5435817984
42254445	1074823168
45411825	671088641
47046405	16809985
24499893	671088768
10820613	2148012032
18810453	70
74441577	1610613248
65008317	1610613248
15934629	83886081
55303869	4362600448
21927009	32833
46525413	33281
5769129	2147488256
14569617	1073778688
33504177	67109184
35008509	67141633
30042237	1085440
4011429	1073762304
14603961	36865
12130545	2147520512
305193	36865
3353385	2147520512
17553009	8425472
40096281	28672
27073749	671088644
55524189	4106
69292569	2625536
50045025	1212416
55402689	1610613248
72254577	36866
528429	1610613248
8559417	1610612992
13817289	2147520512
22989	134250497
47097597	671088768
80462469	32801
81233913	83918848
25181913	1610613248
27412005	69648
71663601	3221229568
77755773	16809986
2274789	57344
3162873	4161
9249537	1610613248
13593081	2148012032
5016477	1610613248
64277049	1610612992
77317077	671088644
59022093	1074823168
39673461	2147520512
51467385	135299072
68181573	5368713216
9684993	67158016
64005213	4311744513
43146741	1073758209
19076457	36865
64680105	1610612992
48686493	2147520512
70838373	671088768
58577241	65793
67619757	1610612992
68551581	8425472
77111337	2147488000
49163097	1610613248
40082997	3221291008
2863173	1074823168
58958589	1610612992
61271625	2147520512
28024689	1610613248
10552341	37376
20172873	37376
34931397	671088644
57426069	1610613248
30057465	1610613248
72804729	4295000065
79563369	66050
35198697	4311744513
60485601	1610613248
78910509	2148012032
966477	36896
49098297	2147487746
72089013	2147553280
40702809	671088768
16734261	67108929
81684921	2148012032
51903813	2147520512
30860337	32833
64525233	1610613248
7933773	2147520512
39888921	1081348
78579381	1073778688
77564289	134217860
9767289	2147520512
18224337	4395630592
53903217	2101504
19048593	1074823168
74812233	1610613248
21304605	4295000576
5312289	16779520
68872017	2147487746
36958989	671088768
147729	8425472
57575757	1610613248
34807953	134217733
73271613	4295000576
68365929	1610613248
21829161	1610612992
3263961	327696
2176941	2147520512
55737057	4362108928
73322481	4106
14837889	1610613248
8273973	2147520512
555969	16809985
8317713	4311744513
78185721	2148012032
22742517	1073778688
4854801	2148012032
6154041	67141633
69344085	4311744513
21104697	1610613248
54469245	1610613248
40452357	37376
69665169	100696064
39363717	4362108928
60778497	671088768
39501741	4311744513
38125065	1085440
52084929	67633153
22527057	32834
71164317	16809985
50700153	1081348
49810125	1085440
80908293	536907776
8417829	36865
1746345	1081348
71051565	671088768
56621901	1610613248
28464357	4362108928
38323029	1140883456
34885713	1610613248
12233253	134254592
27368265	2181070848
69640221	25088
29818677	1610613248
43624317	1085440
43288329	2147487760
20383473	2147520512
42704805	5368709121
56109009	1140883456
44290461	36865
19464285	36866
31705977	2147487746
47589429	16779520
57344421	790528
32168001	4362076161
10963497	4294971393
8728869	1610613248
58746369	2147520512
70344273	201326593
28888473	4294971393
60237417	16797696
67130517	4311744513
57946089	40976
51226329	1074270208
11848017	2147520512
81139305	671088641
28416081	1610613248
42800709	8392705
51862017	1174405120
61342581	1610613248
35634801	1610613248
37398657	5368741888
56303733	32833
48794709	4362108928
26459445	37120
68531169	1610612992
41136645	5368717312
15434049	1610613248
41380293	1085440
45307497	4362108928
43581549	4378853376
67367361	4311744513
31523889	67141633
6918033	32833
48582489	1090519041
5033001	1610613248
18065901	150994945
38259525	1610613248
72477489	671088768
31034325	2147520512
51287889	4311744513
21073593	24577
61705137	2147487745
73885269	36865
15917457	67141633
51273633	671088768
52414761	1610613248
77162529	1610613248
73482861	36880
12905877	671088644
1813413	4329046016
7429629	2147487746
20949177	150994945
24469437	1610613248
53690997	4295004160
65367309	1085440
53549085	2147520512
27389325	5435817984
8384781	2147487745
78184425	36865
69300993	1081348
19351209	1085440
386193	16809985
52377177	2147618816
73150761	1610613248
73522389	2147487746
41318085	70
55480773	671088768
24114333	1085440
46818309	8425472
54175053	4295004160
3887661	36865
3733437	1610613248
26626629	1085440
50860209	65793
24126969	2147520512
41213757	671092736
44200713	671092736
52630869	1082134528
5050173	276856832
32846781	28672
38757837	1610613248
66558981	3221258240
1666317	4295524352
43597749	577
53414301	1074823168
78968505	1610613248
34661181	2147520512
78444921	37376
60497913	4099
38183061	671088644
36031701	1081348
38004537	16814080
52059009	5368713216
22192689	53248
70827357	2147520512
39448929	16797696
12749709	622592
67879281	17334272
414057	1610613248
24914289	36866
34781709	1610613248
18493257	4429185025
78696345	1610612992
42469257	671088768
50169117	1610613248
12357993	671092736
40553769	2147520512
16698945	1081348
69186945	2147520512
55551729	671088768
17305473	20512
12178173	671088644
39506601	2147488256
36674517	65602
58040373	800
47944209	1610612992
18643269	1081348
45431265	671088768
75509157	3221229568
20028045	800
56370153	1073774593
27008949	36866
10512813	134217733
43991409	1610613248
11671113	37376
40182465	1074266176
21248553	1085440
8757057	671088768
64591977	2147581952
48524817	67178496
78673341	561152
29225109	1073778688
5199213	134217864
7095261	3221229568
64833681	671088644
44369193	4295000065
39185517	16779392
54208101	201326593
56150481	671088768
16494501	1610612992
14705373	2148012032
65872749	1610613248
32444697	5368713216
67020681	4362108928
81421833	2147553280
56452449	1610612992
25138173	671088644
18796521	4295000065
38184033	1610613248
7219029	671088644
2526537	16780288
39685125	1073778688
56465733	1610613248
71375565	1610613248
65522181	1610612992
69407913	1610613248
68690577	4362108928
81110145	3221229568
75741465	327696
49390545	2147487746
53748669	1073778688
74513181	37376
31404981	800
2476965	4362108928
32677977	150994945
640533	1610612992
26130909	32833
31481121	1610613248
6692529	1085440
1312833	1048582
76471437	134545408
43489209	671088768
6152097	1082163200
8489109	1610613248
14350269	4311744513
52773753	4328554496
32262609	4362108928
54364917	1610613248
41714985	3221229568
51359817	37120
34130145	1610613248
15795633	1610613248
40793205	1085440
47940645	5368741888
52671369	83918848
64210305	37376
27850701	5368713216
60728601	1081348
47677881	4311744513
5273733	1610613248
37073685	1610613248
5640177	2148008000
36520293	1081348
4474101	1610613248
71265	671088768
23447865	67108929
15218265	1073774593
64804197	1073746432
76830753	1073778688
35873913	67633153
15901905	83886081
25400289	1085440
8666337	1610613248
21001989	16809985
24163581	1085440
28785765	16809985
12639873	1610613248
31403037	800
32841597	37376
2570925	17301568
55498269	67112961
60184929	67108867
58628757	9728
36187545	294913
5760057	37376
69073545	100696064
63148881	1073746432
24869577	134217733
39526041	36865
91677	134250497
27970581	2147520512
53292801	1610613248
499269	1610613248
13507545	4294967361
39839349	671088768
39261657	1074823168
26262129	1610613248
1456689	57344
60262041	5368741888
14470473	28672
11003673	4429185028
77949201	1610613248
33813921	83918848
64298109	1082134528
28002981	36865
4711917	134217733
22646289	1082163200
56525025	24580
38494101	1081345
13257741	16793601
36495993	2148007938
5064105	67141633
899085	1115136
73930953	33591296
41815101	5368713216
62380029	1610613248
79540365	2147520512
70975101	671088768
73741737	16814080
13080837	16809985
22142145	57344
81208641	134218753
13001133	268439568
54034437	33591296
65178417	4362108928
71674293	1610613248
18829569	2148012032
5153205	2101312
23204217	4362076161
63109677	671088768
40095633	36865
59763729	36865
20556489	1610612992
52649661	4295000320
56334837	2101312
262749	1610613248
79596093	4294987776
46785585	57344
56143029	36865
41403621	4295000065
31582533	2147520512
41324241	2147520512
81054741	17301506
32314449	2147520512
4857393	1610613248
19494417	36865
60471345	67141633
57054441	134254592
57108225	671088644
59815893	2147520512
10833249	38912
37429761	32802
4607265	134217858
67439937	4362076161
67650213	4329570304
76226169	1073758212
45450705	671088768
2924733	1085440
35756301	134283265
61392477	1082392576
50741625	36865
4965933	66816
59335725	4362108928
64100145	1610613248
36357969	37376
11301105	1073778688
74026857	4162
342453	327696
57335025	1610613248
15848121	1610612992
34242897	83886081
12505089	671088768
1240905	1610613248
20251281	524354
50398185	8392705
35265765	1146880
67313577	1610612992
27223437	1610613248
70243833	1081348
70012497	4311744513
60542949	1610613248
53789169	135266308
27698097	671088768
66988929	1073778688
4477341	67141633
473025	4295524352
62145777	2147524608
3403929	134217733
31666773	4362076161
22501785	75497473
34380921	4311744513
63545457	1610612992
10757109	16842754
11991873	1610613248
44072409	83918848
28261209	32833
6040965	4311744513
13955637	4311744513
30313749	1610613248
47951013	4295491648
6688965	2147487745
666777	1085440
52690485	671088768
26585481	2147524608
34577265	671088768
19773057	1610613248
35045769	135184
7509981	98
48676449	4311744513
37382133	196610
43369653	32802
34206933	134217738
6972141	1610613248
18519177	1610613248
29485605	524354
47635437	1610613248
52768245	1074823168
6884985	561152
35087565	1085440
13590489	1610613248
34127229	2147487746
21144225	150994945
12190809	671092736
65522505	1081345
36737373	200
47047377	2147520512
12911709	2147487746
51786849	69648
9002973	8425472
20910297	134217733
28818813	671088896
67534545	2155905024
9321789	1610613248
47169849	1081345
23544417	4311744513
63312177	1073758212
34074417	150994945
32101581	1073774593
54572601	67141633
28887825	1074008064
27120405	100663297
27843249	16779520
30881073	2155876352
3513117	1073774593
70624857	1074823168
35594301	1610613248
21333765	1073778688
39860085	2147483682
25377285	1610613248
1748613	24580
40603665	2147487746
3197865	2101312
42558357	2147520512
14603637	1610612992
14413125	557568
54362649	67141633
860853	4311744513
21394677	32864
8111001	134254592
37353297	196610
10524477	2147520512
56491653	671088768
28839873	671088768
23813013	1610613248
63894081	33554692
3009297	17858560
11318601	327681
26958081	671088644
59397933	1610613248
49549629	16809985
45091065	4162
43484673	671088768
56442405	1610613248
79425021	561152
454881	16809985
15724677	2134016
37378569	196610
31695933	37120
50863773	5435817984
33985965	1073778688
23593989	16912384
53413329	4311744513
44920965	1081345
50021697	4295004160
61048389	4295004160
55636941	4162
27240285	8392705
31563741	36865
69050865	4295000320
73715817	1610613248
44223717	671088768
67498905	1074823168
56478045	16814080
46817013	1610612992
43299669	201326593
80120001	37376
14151981	150994945
46408449	1610613248
4115757	16844800
15571101	83886081
5852073	4610
17131485	3221229568
44506569	671088896
119865	67141633
20395785	2147520512
55747425	1081348
39243513	2147520512
80397021	1610613248
1098669	8421440
15681585	67141633
46339761	83918848
48846225	1610613248
67325241	524548
61901481	1073778688
17345325	67108929
22074753	67141633
38887761	1081345
38537193	2147487746
43980717	671092736
45457185	150995072
5960613	1610613248
39765153	3221225473
20660817	67141633
33513573	1610613248
24908457	671088641
25569093	200
41061477	1610613248
12901665	1090519041
55732845	36865
75625149	1610613248
1983513	36865
46831917	83886081
20775837	32802
64897185	524802
28194141	3221225474
49633869	134217888
14238165	2148012032
66751437	2147553280
62246865	36865
51805641	3221229568
36948621	1073775104
5993661	2147520512
7826853	1085440
11063613	135299072
1153749	83886081
74096841	67141633
702093	18874432
58345581	37376
56064621	37120
46951797	3221229568
55934049	1610613248
14391417	1610613248
78145869	1081348
63749253	1610613248
69141261	671088768
54622173	1610613248
57882585	1610613248
14343465	4295000576
53247117	3221229568
1787169	1073872897
35870025	671088644
81191469	671088768
49223037	1073745921
22297017	2147487746
22473921	32833
64927641	5435817984
669369	65570
4078821	1610613248
69088125	1073745921
31620441	16781313
35385969	153092096
62681025	53248
17488209	1610613248
78000069	1081345
12754893	5435817984
1954677	1610613248
61187709	150995072
50993697	1074823168
23894013	4311744513
23977281	2148073472
424749	16809986
17810265	24580
63850665	671088768
36930801	1074823168
72173253	2147520512
22197549	1073778688
852105	17301568
12392661	17301568
16018221	36865
18056181	4362076161
15323889	671088641
48942453	16814080
60025845	4311744513
48210861	65553
72612921	4311744513
66759861	1073790976
553701	4362338304
9826905	2164264960
31668717	1610613248
20956953	1073778688
19726725	1610613248
40097253	1610613248
73543449	1085440
32165409	36880
53108445	1085440
18523389	671088768
12941517	67112962
31244925	83886081
435441	1610613248
13160865	2101249
66259605	1610613248
40686285	134217857
4248597	150994945
875109	2147811328
3651789	1081345
80062653	37376
78489309	1085440
24743541	2148007938
36109461	1081348
73883973	3221356544
22886373	1073778688
52180833	2147487746
75366597	135266308
75955629	4362108928
34375089	4311744513
51331629	57344
12488565	2147487746
44520177	1074270208
49534401	4395630592
6624813	37376
29769429	1610612992
47432613	1107329024
51977037	67141634
46648857	1081348
23386629	16779266
79679685	1610612992
81207345	2147520512
933429	1074823168
3879561	2147520512
10121421	5435817984
44289489	196610
12549153	671088768
12959985	98
47450757	1073745921
47499033	4429185028
2905941	1085440
1295661	1085440
21748485	4362076161
143841	524802
66051273	67141633
81213501	1073778688
2688537	32786
10957341	4294971393
16504869	134221825
10078977	167936
61060053	1107300352
1006977	4362076161
17135373	2147614736
77594097	1085440
36275349	4295000320
43229361	4362076161
3454473	137216
20728533	1610613248
33457845	671088768
69054429	1107329024
64969113	1610612992
57150345	4362108928
61286205	557120
9276753	671088644
37337097	36896
52746537	4362108928
51152133	67141633
8178393	67141633
67889001	4362108928
46374105	4328554496
34295709	1610613248
42587193	1610612992
42750813	1610613248
30096021	561152
33241413	327681
56097021	4130
54494841	1610612992
38234901	671092736
537825	57344
25511097	1610612992
18305661	671088768
112089	134250497
25828617	557120
40362609	536907776
23613105	1610612992
2814897	4362076161
63568137	1085440
79748697	37120
33616281	5368709121
59373957	1140883456
53611941	537198592
45177573	671088768
64743609	1610612992
36775281	1610612992
42387285	671092736
74561133	36865
13583685	4102
78862233	1610613248
20830593	36865
48976797	1610612992
1136577	102400
26231025	201326593
80317317	20481
18994809	4311744513
14106297	196624
81180129	37376
43177197	1085440
64592625	16777282
55481097	134217762
7372929	536875264
7098501	1073745921
60883149	2147520512
1123617	4311744513
53176161	1610613248
9669117	36865
35407677	4102
3016101	167936
12517725	1610613248
2514225	1610613248
60679029	1140883456
57716049	536871170
15917781	83886081
49630953	135266308
62557905	1085440
46718193	4295000576
4073637	1610613248
53109093	1073872900
44312817	4362108928
63495561	2134016
63387345	67141633
47047053	671092736
64999569	8425472
2244333	1610613248
33182769	83886081
50953845	327682
18189993	1081348
79468437	1610613248
30872973	4353
77494305	150994945
1157637	524298
20724321	1074823168
4627029	67141633
47057745	4099
36639849	1074823168
33259233	671092736
1250625	1081348
31982673	1610613248
13458945	1610613248
10930449	4362108928
62057649	32833
71453649	1610613248
79130829	2147520512
75508833	4328554496
17191749	57344
34434381	1073745921
59511981	36865
38042445	32773
30722313	1085440
41340765	16809986
12861165	671088768
81133797	36865
76648989	1610613248
2292609	1610613248
4505205	1610612740
22751913	1610613248
2739405	1610613248
55274385	2147520512
43288005	69648
54005277	671088768
4501641	672137216
44613813	1081348
75230193	1610613248
72930765	1074823168
81134445	4362108928
34776525	36866
10555905	32833
75663057	1610613248
46829973	135184
39856845	4311744513
51554217	671088768
80834421	16809986
401745	1090519041
29028765	1610612992
67314873	1610612992
69068037	150994945
45602661	2147520512
35867109	2147520512
61494537	32833
39253557	32833
55125021	1058
37945893	2147520512
10366041	4311744513
6407409	1073745921
79361841	671088768
10753869	4311744513
47811693	8425472
1271685	5368713216
65898345	67108869
49027341	3221356544
45499629	36865
2204481	1085440
48616833	150994945
31087461	67158016
64372953	4362076161
25471569	2147487745
30704169	11
30109953	2147520512
54520761	1073745921
56392185	1090551808
5199861	1610613248
33605589	1610613248
61399929	2148663296
71671701	671088644
26182749	1085440
28200621	4362076161
21320805	36865
43847553	4362108928
21077481	4362076161
78927681	1610613248
24494385	2147520512
21428697	1081348
2005545	36865
67169721	1081345
21638325	1610612992
3864009	1610612992
45518421	4311744513
80900517	150994945
3548109	1610613248
16568373	24577
73017921	32773
37348113	196610
20943345	135299072
47972397	4329570304
10975485	1073745921
81309729	2148008000
34469697	16781313
27259401	553648129
65233173	36866
24717621	42
29152857	67141696
52439385	1610613248
5629485	1074823168
67900665	671088768
16091769	17334272
11062641	135266305
33559905	327696
5311641	1085440
76174653	2147520512
48853029	2147483682
32541573	557120
43608117	67141633
33021741	67141696
44375025	1090551808
49981845	671088768
50106909	1610613248
53561397	4311744513
63931341	1085440
80255433	671088896
1547409	262162
22064061	36865
47686629	4362076161
42767013	70
1421049	36865
42329613	671088768
51214989	1073778688
23466657	1085440
1239933	32778
50922093	4362076161
66492237	2147520512
51274281	1610613248
57440001	32802
20605089	4099
1855533	524802
1166061	8519696
73212321	2147520512
32366613	1610613248
42838293	1610613248
24219309	671092736
36656049	1074823168
27154425	2147487760
22721457	4311744513
60821589	4311744513
8502393	67108960
28970769	1074823168
79936617	3221356544
27598953	1610612992
77047509	4378853376
26154237	4311744513
41047545	2147549200
74534241	1174405120
32444049	67141633
72670593	3221487616
50121165	1107329024
62511249	671092736
17242293	167936
16998321	75497473
38999217	1073778688
72501789	4295004160
10458705	4311744513
65724033	671088768
53279841	3221229568
64364205	2147487760
50608785	1085440
21395649	1610613248
49383741	67141633
1057521	3221229568
37511733	1610613248
7679433	197632
33639285	4362108928
4762785	57344
20978337	5435817984
39906741	2147520512
54657165	1610613248
65889597	532482
52490253	1073745921
47701209	1073766400
17720517	2147520512
30185445	2147520512
5495025	1115136
464277	8425472
18650721	1073745922
55965477	32833
43100085	671088768
65792397	1140850689
38110161	67141633
46473573	1610613248
37185465	4295000065
50663541	4295004160
34552317	4295000065
65570133	1610613248
50144169	671092736
116301	36865
79935969	1610613248
4304973	1074823168
14071629	1610613248
29626869	32848
41096145	671088768
75505917	1081345
76320453	1073758212
55150941	167936
28513605	1610613248
74086149	1085440
26742945	2147520512
8675733	1073775104
63478713	1610613248
20607033	36865
37474797	36866
62405625	1048582
28816869	8425472
78456585	2147516417
42972753	67141633
14252745	1081345
36298029	1610613248
5999169	1610612992
24947337	1081345
42154005	24577
68005965	671088768
74501193	17301505
8192973	2148012032
2419293	671088768
63717825	671088641
56173161	134217733
30212337	1073766400
13644597	8425472
39348165	2147553280
3205965	1081348
79402989	2147520512
80871033	671088768
67808973	5435817984
76494117	1610613248
672609	1074270208
80113845	1082134528
3704601	135299072
40256013	671092736
21158481	16809985
75728829	671088768
74056017	1610613248
74205057	1073745921
47696349	1610613248
39879849	36865
62046309	67108929
11106705	671088641
40945809	67141633
39017685	528386
52434849	37376
50063169	1610613248
5127933	16780288
70214673	1073774593
65767449	16814080
2160741	1610613248
6024765	671088644
22133397	671088768
3203697	537919744
66849933	2147520512
30840573	1090535424
29610993	36865
33700197	1073745921
61072041	1073745921
64949349	36865
40720305	32802
2576109	36868
80801697	1610612992
8419449	1610612992
22229625	1610612992
72048513	40961
966153	70
36081273	2147520512
4331541	36865
11739477	36865
39649161	36865
38938305	2147487745
12399465	671088768
22017729	201326593
47798733	1081345
48267885	1073745921
63191649	1073745921
79395537	1073778688
59423853	28672
21286137	67145728
4735569	40961
42681477	1610613248
7563765	1610613248
68215269	1048836
58794645	2147520512
34577589	83918848
58297953	32833
35802309	16779520
21620181	2281705472
39975429	8716288
57873837	67141633
14163969	1610613248
26341185	331776
36085485	4362108928
49452429	4294971393
72549741	5368741888
34655673	1610613248
29819001	1610613248
4512657	2147520512
70268457	1610612992
44878521	74
21103077	1610613248
68726541	2147487760
39327753	5435817984
32786517	83886081
34548429	1610613248
52769541	4362338304
29469729	1610613248
49735281	1610613248
7018149	2147520512
36016473	327696
36953157	36865
80387301	1074823168
33766293	561152
44972481	1073778688
46985169	1073758212
138333	134250497
1431417	1073778688
11685369	1085440
73462125	4328554496
28993773	4295004160
71674941	2147520512
41991033	36865
6530853	1610613248
57940257	1085440
34144401	1090519041
40926369	1610613248
41012877	36865
51308301	1074270208
27850377	16779520
78212289	671088768
11610201	134217733
27716241	1081348
6678597	167936
61015989	36866
22340109	1610613248
172029	1610613248
8541597	1048612
3552645	1081348
38345709	67633216
47791605	16809985
74350533	36865
28755309	134220032
59001357	3221229568
69120201	4295004160
75574929	36865
44401269	1610613248
4392777	68608
11697357	201326593
10815753	1610612992
35587173	10486272
72573069	4295000065
55962885	294913
47041869	36865
50192769	2147520512
75676665	4311744513
60008025	36865
71082993	36865
32519217	16781313
34508901	1107329024
7566033	1610613248
35304645	1610613248
507369	1610613248
20171577	134217733
64374897	1081345
18797493	561152
47553465	2148012032
32523753	4295000065
64790265	37376
43621077	537919492
73020837	2147618816
39753813	16810240
72857217	536903936
55716969	1610613248
31456821	524322
62908797	671088768
65863677	16809986
79190121	671088768
35832765	4295000065
61652001	1610613248
67952505	5435817984
11589141	1610613248
60841677	4362076161
51633921	16781313
49127133	16777282
767541	4362108928
57325305	671088768
38265357	17301568
65449605	1610612992
12702405	2147520512
57274113	17301568
73201953	4295004160
183369	67145728
60512817	1610613248
71292621	1085440
1641369	17301568
67057617	1610613248
26521329	1610612992
6162141	2147520512
521625	4395630592
15168369	33284
7600377	1073778688
59704437	1610613248
79545549	5435817984
65293437	1610613248
2845029	1085440
19233921	1073746432
8721741	16844800
41654073	671088768
784713	1073778688
42184785	1610613248
67842993	1610613248
23290401	1610613248
17952177	1610613248
2937693	2147618816
58635561	262216
266313	4311744513
20259705	1074823168
51266829	1107300352
32844837	518
37652025	1074823168
37188381	1610613248
54207129	83886081
459417	38
11044173	1610612992
57856341	83886081
641829	67141664
41658933	2147520512
63445989	1140883456
74959005	1610613248
55825509	2147520512
506721	33554497
62643441	1610613248
66837945	4130
27693885	1073750528
100425	1081345
61747581	32833
43890645	5368709121
45237837	671088768
36439293	1610613248
42392793	83886081
21686277	4295000065
73129701	4130
10382889	4311744513
20670537	201326593
11440749	150995072
62164245	67108929
11199693	671088768
1959861	8404993
59803257	4295000065
33259881	1146880
3326817	1610613248
56555481	5435817984
20199117	671088644
78446217	4362108928
208641	1610612992
13900881	37376
492465	16809986
30701577	1610613248
44020893	1085440
25231161	1081348
32479689	1073778688
69889053	37376
25056849	671088768
79484637	36865
18630633	4295000065
56080821	134283265
9771177	671092736
30842517	1610612992
12901341	671088768
59437785	16781313
77834505	36865
80129073	1074266176
60888981	4296048640
59585853	1073778688
34199805	67141633
71844069	33558592
12386181	671088768
35706081	671092736
20886969	1610613248
126345	67141633
41430513	2147520512
23526597	1610613248
650577	1610612992
21181809	134217733
14434185	4362076161
50591289	36865
65605773	1610613248
53758389	1085440
4961397	2147520512
143193	524354
254325	4311744513
18463773	1610612992
67628829	671088768
61157253	1085440
64270245	1610613248
78983085	150995072
68046465	134217888
46930413	800
3751581	8392705
63573969	1074823168
61178637	2147487746
31050849	1081348
11142021	2147520512
48578601	296
57184365	671088768
14880333	536871170
75058473	1610613248
67356993	4295004160
30105093	1610613248
51759957	1610612992
62455845	1610613248
41326185	4311744513
58999737	1074823168
53101317	1610613248
21994401	4295000065
62122449	671088644
24820653	67109184
14744253	1610613248
35347089	1610613248
43620105	1610612740
63771285	671088644
11186733	2147487746
47926065	4362076161
35479605	3221258240
19201845	4295004160
45660333	671088768
41744145	2147520512
60044313	36865
69640869	1610613248
34792077	32802
36530337	37376
46506945	4294971393
43038525	1074069504
43414689	2147520512
67558521	1610613248
3760329	4106
25109337	1610612992
26202837	17334272
40953909	1610613248
56100261	4311744513
12202473	40961
68580741	1074270208
41471985	3229614080
43337577	1085440
5567601	528448
80921577	1610613248
46385445	35
49214289	331776
59481849	1073766400
25599549	1610613248
45709581	16781313
42179925	5402263552
72426945	8425472
71934465	150994945
76153593	4362108928
81404013	1073762304
468813	4295524352
14717685	16912384
67122093	1115136
58048473	20481
79017753	2147487745
19266645	32834
31081305	4311744513
21317565	1074823168
30967581	671088641
11918325	2148012032
32522133	1074270208
53890257	32802
73478973	2147520512
65159625	1610613248
80441085	2147520512
57647685	4362076161
75255141	100696064
19415037	4099
60562065	20481
46603173	2147487746
15914865	67141633
21225873	1610613248
56460549	4294967361
12322353	24580
2843733	134283265
2792217	671092736
65630721	4296048640
39938493	4295000065
25732713	671088768
37383105	196610
7817133	4295000065
53386437	16814080
13728513	4295000320
46402941	671088768
74266293	2097217
31970037	2147520512
52093353	1610613248
60512169	2147520512
62824557	671088768
66267705	32773
33839193	1146880
918525	4362108928
36726033	2147520512
39451521	1140850689
23734605	8425472
33624381	671088768
2111169	36928
78832749	4362108928
39043929	83886081
14162349	1610613248
11579097	1610613248
66460485	2147520512
77368593	1610613248
75782937	1107329024
55826157	37120
81383601	1073778688
17323617	1610613248
43806729	671088768
11856117	1610613248
74819685	4328554496
48659277	16809985
48424377	4102
19038225	16809985
3304137	3221229568
73277769	671088768
10869537	37376
12805437	16814080
54442353	524608
77015433	671088896
47250201	1610613248
51081501	34817
49312137	67141633
67770741	67141633
17553657	75530240
33947733	524354
4678221	524801
78161745	671088768
81069969	67665920
36566625	1074823168
74390061	4328554496
1112601	2148073472
62467833	36865
70979637	4311744513
37165053	1073762304
1863309	1081348
32301489	36865
54577785	1610612992
56873325	6442455040
42822093	1081348
37352001	196610
9060321	2147520512
52150053	2147487746
17691033	1073778688
2209989	671088768
29473293	671088644
24536505	67108929
5850129	1610613248
69996945	36896
45537537	4311744513
72064713	1610613248
27176781	2084
58037457	37376
65576937	4130
70060125	2147520512
64768881	67141664
29904861	24577
44743737	1610613248
19462665	2147487760
70262301	67436544
36084513	8425472
43818069	1610613248
65176149	1610613248
6553209	671092736
78034413	1610613248
31179801	800
7553073	1610613248
70205601	4295000065
45650289	36865
10372197	16809985
25145949	2147520512
7028841	1610613248
9555069	1610612992
44996457	2147520512
72573393	4311744513
13260333	1610613248
51368241	1141374976
1992909	671092736
32570085	36880
3276273	36865
34382541	2148012032
71415093	2147487760
64052517	1081600
27153129	1074823168
68404809	671088768
62356377	36866
66974673	1081348
30110277	1085440
3858825	671088644
2246277	2147549200
28380765	201326593
14467557	1610613248
23944233	1085440
614613	2148012032
23663325	671088768
47290701	1081348
1621281	1610613248
64019793	1081348
28904673	671088768
31347309	1610612992
3867249	4311744513
33640257	4362076224
76140309	671088768
33046041	83886081
40187649	67145728
45455565	2147483682
6292065	16809985
42301101	671088768
50727045	137216
18749217	1610613248
28148781	150994945
67932093	4099
844329	1085440
59473101	4328554496
10665093	4362108928
6914145	2147483682
9833385	524328
44116149	1610613248
3215037	1610613248
43555305	1610613248
47216181	6146
37714233	1073742592
65321949	2147487746
9406029	2147520512
8852961	4362108928
23185101	1610613248
65929773	4362108928
464601	2147614736
11412885	1610613248
44875281	2147487760
38472393	36865
23604357	557057
17881545	1085440
4616337	67239952
39055269	1610613248
31321065	4311744513
14485701	100663360
38376813	1085440
22427913	1610613248
38707293	4362092544
63795909	5368741888
43391361	1610613248
38024301	2147520512
39204957	671088768
37656237	67141633
74563401	1610613248
32657889	67371009
64367769	167936
40377837	671092736
67715661	8425472
41087721	1074823168
1107417	1610613248
47812341	671088644
70408101	1610613248
76917585	37120
23063601	1073745921
80213637	5368713216
24136365	37376
62684913	1073742337
51118437	1610613248
2862201	1610613248
57195057	37376
67850445	671088768
23700261	67112961
50343429	67145728
36854661	4362108928
51923577	2164264960
45285141	4295000320
33760785	1140883456
254649	135170
50099133	4362076161
36577965	1075871744
60693933	1097728
27574977	671088896
55265961	1610613248
14586465	1610613248
65553285	1610613248
131205	134250497
42502305	83886081
77902869	53248
20444709	57344
49345509	2147520512
76284813	557120
30927729	2147520512
49478673	2147520512
69468501	36865
9315633	1074823168
41419497	4295004160
530049	671092736
14537541	65570
80721021	2147483682
79065705	546
31390725	800
31637289	1610613248
68008881	1140883456
44167017	83886081
20201385	536903936
71652909	1610613248
19370325	1610613248
62294817	4311744513
23645829	671088644
65610633	1073774593
47029233	4362076161
7706325	65570
48775269	4362076161
6111273	1610613248
23960109	4295000320
29720505	671088644
14767581	17334272
63887925	67112961
21167877	4362076161
80316993	36865
34312557	16814080
61448205	1610613248
69609441	1610613248
31142865	1610613248
2552781	671088644
40851201	37376
8743773	4295000320
8490405	2147487746
38790885	671088768
36821289	196610
58076337	36866
48240021	5435817984
8818293	2148012032
79754853	1610612992
17832945	331776
65403273	36865
62810625	1085440
61308885	1610613248
18995133	4102
65768745	1610613248
12437049	36866
40743957	37120
54513309	1610613248
27819597	16779520
73514613	36928
19036929	150994945
23282625	2101504
26379093	1610612992
44690277	1610612992
65836461	2181070848
1930053	2147520512
21327609	86016
44362713	1610613248
30569385	671088644
37818237	2147484674
2139033	4130
46431777	2147520512
10803441	1081348
41926881	4378853376
60304161	4130
13008909	1610612992
13272321	1073778688
20382825	8425472
4611477	4328554496
66187029	2147488256
52573197	1081408
37725897	1074823168
3139869	1610612992
79958973	2147520512
55478505	524801
28916661	67
58294713	4311744513
10163541	1610613248
69128949	4362108928
18792957	2147520512
77142765	36865
57321417	671088768
48115929	1073876992
16674645	671088644
78844737	536887552
47634465	1610613248
60340773	4295000065
14853117	83886081
60103605	2155876352
4171809	1610612992
38439669	4362108928
51894093	4311744513
79400073	1073746432
5385189	2147647488
53017077	671088768
439329	1610612992
8672817	1073775104
64490565	2147520512
25715865	2147520512
7518081	1610613248
64616925	17301568
35740749	1085440
29466489	537919492
9528825	1610612992
76325313	1610613248
30313425	36865
77374749	4362076161
36654753	1074823168
16770873	1610613248
49061361	134250497
26215473	67
16974669	1610612992
1795917	1610612992
43622373	2147520512
38628561	3221229568
67231281	1082134528
404013	36865
70120065	1610613248
60305457	4328554496
367725	37376
8013477	1081348
18908301	2147520512
20841285	1610613248
72342705	4295000065
66068445	4311744513
24352473	671088768
42399273	4295000065
51191013	100696064
30600165	1085440
80564205	4296048640
81474321	327681
3464517	4362108928
61357485	1610613248
44152437	671088768
40008477	1081348
80276169	32833
79104585	5368713216
77818953	1073746432
63616089	2147487760
63258393	1610613248
30612153	1610613248
59788677	1085440
68545101	36865
76121841	1073774593
79585077	83886081
31082277	4295000065
28647741	671088644
20939781	1610612992
50745837	671088768
78808125	2147520512
70997457	671088768
65298297	3221229568
58489761	2147520512
34133709	1610613248
25346829	327681
45478569	4295004160
25821813	4311744513
9384321	1610612992
76393029	1074266176
13182897	1610613248
74599041	1085440
22168389	671088644
42103461	1610612992
38833005	197632
44371785	4311744513
81722829	4362108928
19965837	1610613248
16912137	4311744513
14719629	1610612992
21823977	16809985
50808693	67108929
32042289	8392706
63090885	1610613248
65621325	67141633
16830813	1610612992
2154261	671088768
44427513	1085440
85845	1073778688
32920329	671088768
62119533	1610613248
38195697	3221229568
20679933	1081345
29331381	1610613248
22002825	4311744513
49864881	201326593
36024897	1610613248
60632049	1610613248
14052189	671088768
33170457	1140850689
28048989	134254592
63179013	1090519041
57029817	561152
73937757	2147520512
65308665	1073778688
68298213	67141633
67570509	16809985
54746913	36866
52880349	1073745921
12782109	1610613248
7614309	24577
27812469	671088768
25831533	2147520512
38772417	1610613248
67678401	1610612992
43218021	2147553280
57144189	1140883456
66222993	134283265
29866953	1085440
25048425	4362108928
12239409	1610613248
12869913	671088644
35601105	2147484674
80018913	5368713216
52960053	67141633
36275997	134217734
66608229	1073745924
72014817	2147549200
13808865	1081348
126669	67141633
63585957	1610613248
25467033	4362108928
18933897	83886081
54044805	1074270208
25344561	16644
57750717	17334272
55687161	1073778688
50276685	142610432
79837797	36865
47493201	1610613248
32404197	1085440
59103093	1073778688
65082837	2147520512
68974401	3221258240
63807249	134217857
14056077	671088768
3665397	100663360
70794633	1610613248
37984773	2818572288
31080333	67141633
61977621	67108929
37818561	3221229568
53479101	671088768
50940237	36866
17421789	32833
30687321	2147520512
45575445	561152
73328313	1073762304
62490513	53248
8637177	3221356544
55070913	2147520512
17281173	67141633
40849581	1610613248
55537797	57344
729957	3221258240
80523381	36865
79194657	2147487746
13926801	136318976
5734461	2147520512
81452613	2147487746
43657689	67141633
71331177	1610613248
73080453	20481
26891661	1610612992
33876129	57344
8358861	2147520512
4931265	36865
54162093	8425472
5442213	1081348
73065549	4362108928
34894137	134217734
24737709	1085440
26808393	1610613248
60291525	67141633
26362893	671088644
73486425	37376
41884761	67141633
28481205	1610613248
6406113	196624
72382557	1074270208
43979745	671088768
8242869	3221229568
67993653	1610612992
42080781	3221229568
456501	8392705
42198717	4294971393
26435145	671092736
1310565	4362108928
63959853	1610612992
24386169	671088768
17152869	327696
32200077	1085440
70564917	2147520512
52666509	98320
47731017	1610613248
55786305	671088768
43515777	20512
12175581	1610612992
3736677	4099
31161009	2147520512
36774633	83918848
56170245	83886081
5868273	2148012032
43007097	671088768
19620777	17301568
56216253	1610613248
60486573	67141633
69799629	16814080
61557069	4311744513
55154829	16777234
27749613	3221229568
52644801	2147520512
64171749	1610612992
109821	67141633
57641853	800
31112733	36865
513525	4295524352
36361857	2147520512
19538481	67141633
41603529	1610613248
71621481	1610613248
45132861	671088768
28337997	2147487746
58428849	17301568
18273261	2147520512
39440829	4295004160
78053205	671088644
5986533	1610613248
47164017	1610612992
12430893	671088768
33409893	671088644
18969213	150994945
15495933	6442455040
44095413	671088768
25425237	36865
81332085	4311744513
43134753	32802
40566081	2147618816
690105	2147520512
65843265	134218753
2798373	671088896
42255093	1610613248
108525	67141633
61325085	1610612992
59094021	671092736
36315849	1081345
79691673	2147520512
59442969	16812032
48915237	67141633
30779661	97
62477877	67112961
51267477	1610613248
29458713	2147520512
42472821	36865
4153341	32833
49470249	1610612992
26229	2101504
62113377	1610613248
36808977	16781314
37846425	1610613248
11691849	36865
48519957	67108898
46933977	1081345
6086649	2164260865
10648245	1610613248
18161157	1207959680
29321337	67141634
53847813	5435817984
31797669	4311744513
36119505	67141633
74898417	2148012032
4164357	262150
15605445	83886081
29193033	4295004160
14601045	83886081
68026053	1081348
25653333	671088768
41291841	4129
9120909	1610613248
10433433	67133440
44594049	2147520512
2477937	65793
68827305	1074823168
39635553	4362600448
11276157	67141633
2790273	1610613248
78559941	2147520512
750693	1610613248
14627937	1610613248
30185121	4099
18669837	150994945
41152845	4295000065
22303497	1082163200
2645445	1610613248
55322985	1610613248
40967841	8425472
49881081	1610613248
14876121	671089152
30756333	4311744513
35020497	167936
13856817	134221825
71295213	2147487746
18764769	32802
68463129	4362108928
14724813	16814080
24714057	1610613248
2234289	1610612992
24347289	1610613248
40054161	1073778688
43443849	1085440
24918825	1610613248
3088677	1610613248
26331141	137216
58788813	536907776
55058601	1073152
19020081	16809985
62425065	4311744513
75243801	4395630592
23041569	1610612992
57707301	2148012032
69112749	4362108928
78429369	1074823168
73845741	3221229568
67007073	16777281
22671885	671088644
17513481	1610613248
10223157	2147520512
21360333	1610613248
76140633	671088768
13651077	37376
29508285	1081345
49463769	4362108928
38238141	4311744513
65364717	4099
79968693	1610613248
15568185	83886081
158097	1610613248
1342317	17301568
3085437	4362108928
51003741	1610612992
20707797	8421377
45471441	1610613248
78499353	1074823168
63173829	36865
80918013	36865
80716161	36865
72743169	16809985
12375813	671088644
32925189	4294971393
64332453	17334272
47275149	1610612992
35861925	1073762304
54174729	32802
37292061	671088768
15589893	150995072
7886793	1610612992
63441129	16781314
46853625	1610613248
45691437	1073778688
8438565	201326593
13362393	1610613248
46551333	57344
21160425	16809985
50346669	36865
5991717	2155876352
8439213	1610613248
15516345	1081348
25809825	1610613248
49557	36866
54509745	4311744513
19855353	150994945
8177421	1610613248
19260489	114688
71109561	1610613248
11684721	1073745921
1658865	67141633
60485925	1081348
59360673	1073778688
14507085	1610613248
30019557	1610613248
135417	134250497
20363709	1610613248
36463269	1610612992
2611101	2147520512
10592193	3221225474
2318529	1610612992
659973	1610613248
44145957	671088768
7415373	134254592
2011377	4130
61429413	36868
37410969	4311744513
47531757	134217860
50324313	134250500
57937017	36866
35972409	671092736
35452065	135299072
39184221	589826
22023885	36865
47186049	83918848
73658793	2147487760
74434773	1610613248
16227525	68190208
81226137	67108867
51414897	4329046016
6718773	201326593
2405685	1610613248
42180573	4362076161
32265849	1074270208
23127105	24580
37004673	150994945
28852185	2147487746
64199289	4311744513
81221277	671088644
80926113	671088768
96861	671121408
67067337	1085440
55307757	36865
74902629	1610613248
60344337	4295000320
5128581	83886081
49616373	98
260157	150994945
52938345	1610612992
64637661	1610613248
44930037	1610613248
5219949	1073778688
52389489	1610613248
32501073	1610613248
75010521	4362108928
54119973	3221356544
25140117	67158016
56240229	36865
38040177	134217864
32756709	671088642
2836281	2147553280
4048041	67141633
55184637	4311744513
20734689	1610613248
47765037	671092736
33711537	1073778688
69483405	4295000320
23987649	536870918
46912269	16781313
55831665	1085440
18696729	536903936
46687413	4311744513
65845533	2147487746
67039797	1081345
30738837	1074823168
42538917	2147520512
32753793	4311744513
55032681	536871169
57577701	1085440
50661273	1610612992
78764385	1090519072
31760733	134217857
63172209	1074823168
61099257	1085440
12669033	671088768
74633061	1048610
70013145	1610613248
27255513	134283265
6715533	1610613248
61273245	4099
54872625	28672
712785	1610612992
57687213	1074823168
69512241	33619970
68475765	1610613248
31095561	67112962
29694585	4099
61169565	36865
39102249	4329046016
50975229	1610613248
11715177	2147487745
76268937	1073774593
22899009	1610612992
2799669	671088768
53006385	1073745922
42356505	57344
14526849	4362076161
13934901	1085440
63154065	1610613248
54436521	1610613248
33926673	4295004160
40180521	524294
33498993	4099
6167325	36880
25759605	135266308
70793985	2147520512
11605665	40961
57226161	3221258240
18143013	150994945
9049953	1073745921
21106317	37376
9080733	518
8737293	4311744513
71834673	2147520512
48061173	1140883456
164901	672137216
40593297	1140883456
54218469	2147520512
55177185	5368713216
36233877	83886081
27392889	1081348
14380725	150994945
47563185	1610613248
11993817	1085440
50962917	16781313
39007965	5368713216
20696457	36865
75611541	4311744513
56410653	671088768
54455637	100696064
4797453	67141633
77745	36865
22789821	1085440
50565045	83886081
20576901	1610613248
58357893	1610613248
27961185	671088644
48542637	134217858
26870925	671088644
56881101	1073778688
49511721	1073778688
52823001	2147487746
14031453	2147520512
15242241	3221229568
17797629	4362108928
40456569	98306
39809865	1610613248
56157609	5435817984
24653793	1090519041
7273785	135266308
65467749	37120
111765	67141633
10486893	100663360
57447453	2147520512
51177	134250497
66011745	134479873
44424921	2147520512
53713029	1074823168
77321289	16781314
16509	1610613248
59778309	2147618816
54246009	4362108928
15682881	1610612992
23120949	32833
62799609	671088768
77260053	5368741888
58495269	2084
47913429	671088644
77445381	1074823168
45433533	36866
39640413	4362108928
44016681	5435817984
8284665	1610613248
33341853	1610613248
46845201	1610613248
58416537	561152
55340805	2147487746
73783533	327681
48643077	671088768
37879149	67145728
7280913	57344
59386269	1610613248
12709209	671088768
21323073	8425472
67772037	266241
44997753	671088644
2382357	2147487746
9160437	57344
18682149	1610613248
18970833	4295004160
36684885	1610612992
39501417	67145728
60337857	1081348
62488245	1610612992
63193593	1073745922
25422321	1074823168
12916245	671088768
80881725	134221825
75273609	1610613248
18772545	36865
17249421	1610613248
37445961	4311744513
44863941	36865
70125249	4362108928
30723609	1081348
21839853	16809985
29836821	36865
78864177	1074823168
27926517	1090519041
25171221	2147520512
23177001	2147487746
71190561	2101250
23099565	561152
56165385	32834
11648757	57344
166845	100696064
39064341	1610613248
59574189	8392705
69964869	1174405120
40858005	1073778688
16424517	135266308
4945845	40976
66016281	2147618816
44770305	1082130433
1470945	32834
56568765	1610613248
69381993	201359360
97185	1082163200
47357769	67108929
40685637	1610613248
15654369	16809986
8969601	1610613248
13056537	83886081
55395885	4353
5205045	536871170
65760645	671088768
76723509	671088768
54392133	800
29684541	2148012032
43235193	36866
14934441	4311744513
17693625	4162
67509597	36865
77190717	4311744513
66087885	37120
77404881	2147520512
4702845	1081345
65850717	4311744513
32764809	578
17579253	8425472
75367245	135266308
31720557	67141633
76657413	1073778688
77931705	1073778688
15771657	83886081
376473	4362108928
47392761	1610612992
154209	2147487760
67081917	1081345
1431093	4362108928
66127737	2147520512
7920813	536875520
62237145	1085440
4062945	36880
44965677	2181070848
35284233	671088644
66411561	1073778688
11749197	1610613248
64354485	37376
68051973	1610613248
1245117	671092736
31417293	2101504
77223117	1610613248
80590125	1085440
73055829	1610613248
43059585	1097728
31041777	4311744513
67420821	53248
56060733	1081348
67691685	1081345
21533997	1081345
385221	150994945
61228857	1610612992
12373545	671088768
67672893	1610613248
15969945	37120
72964785	1610613248
53983245	36866
1553889	135266308
3066645	24580
71052213	528448
6777093	1074823168
13479681	40961
5414997	1073152
2841789	67141633
23810745	2147520512
23767653	537919492
70430781	2147487746
23188665	2147618816
6182553	1572896
33346065	2147520512
42651669	1081345
79249413	1610613248
63108381	150994945
75175437	1610612992
22232865	1610613248
18916401	37376
78714165	2654208
44490693	28672
30085653	4362108928
71204169	134221825
50876409	134250497
6367233	1081348
76799325	4311744513
4828881	1085440
40499013	4294971393
31224189	53248
49866501	1081345
31156797	2147520512
2059005	1610613248
26598441	4362076161
41131137	1610612992
4787085	8198
35298489	167936
53341401	69648
70679613	1610613248
1792677	1085440
74984601	4295004160
18444981	1610613248
29874405	1610613248
19744221	4130
7040505	4362108928
1406793	518
79427937	2147483968
36098121	1610613248
17443497	102400
69908169	35
14633445	671092736
14176281	8452
32439513	134217733
40113777	4295000065
6319281	2147520512
4552833	4362076161
75109017	4311744513
11051625	1074823168
11151417	38
3734733	2147520512
39321273	4311744513
37976997	4311744513
39486189	1610612992
6620277	1073778688
31266633	1610613248
20166717	1073774593
22500165	671088644
17163561	134250497
75142065	2147520512
73443009	671088768
21177921	671092736
43594833	16777282
27407793	134283265
12303885	134250500
4464057	1610612992
14067741	2164262912
24345993	1073778688
66233037	1610613248
23379177	672137216
62932125	1085440
23126133	1610613248
22754181	1610612992
2910801	135266312
30139437	671088768
51851973	2147553280
45488289	1610612992
68501685	4102
50583837	1610613248
4822077	2147487746
40028889	1610613248
14996001	2148012032
71371353	1174405120
52268313	4303355905
35024061	1610613248
30792621	1610612992
3023229	67141633
21059337	4362108928
465573	1610612992
12019737	6442455040
79826781	2147520512
38596809	4311744513
9781221	32834
40728405	1610612992
76423161	671088768
18416145	32833
6466377	536872964
76152621	3221229568
55878321	536871176
5114973	67112962
54221385	1610613248
3818973	67141633
73764741	1610613248
74896149	1610613248
76158453	1073778688
3944685	17301568
52107285	1610613248
73792281	1610613248
31426689	671088768
33602025	671092736
38557929	1081348
36509277	1073745921
51542553	671088768
15735369	37120
32896353	8392705
37491969	1610613248
75614133	4311744513
62369661	2155905024
53833557	671088641
23589453	1610612992
21923121	1610613248
8582097	2147483682
30236313	1610612992
74503137	1085440
62260797	1610613248
53867577	528386
46541937	671088768
28684029	1610612992
53499837	671088644
30246357	4295004160
38544321	1073778688
219657	40961
48898389	4101
74042085	671092736
24467169	1610612992
45302961	1073775104
27306057	1074823168
67701081	36865
43767201	4362080256
851457	4295000065
43520313	36865
27016725	1081348
70023189	36865
9981777	1085440
5697849	2147549185
11662365	1610613248
68781945	1610613248
62973921	1610613248
9712533	1085440
941853	1085440
49978281	4395630592
17023593	3221229568
55877997	1081348
18164721	3221229568
67472985	1610613248
4722933	2180
30712593	32833
44675049	36865
56998713	1085440
27073425	134254592
20466417	2147520512
56795565	2147520512
15123981	134283265
63608961	1081348
38998569	2147520512
5147373	4130
27504345	327696
27022233	8392736
35334129	83886081
9865461	1085440
33561849	1610613248
24160017	1048582
62795073	1085440
79511853	1610613248
23971125	150994945
6728169	2148012032
56295633	1610613248
19328853	3221229568
787629	525056
610725	1610612992
55611669	1610613248
19921449	201326593
16841829	134250497
19051185	1610613248
72166125	1610613248
24877353	1085440
49405773	2147487746
34049469	81
13143369	1610613248
39644625	671088768
24047913	2147520512
40278369	2147483682
13415529	671088768
54370101	3221258240
79119813	1081348
2340237	524354
61491297	32833
11438805	4429185028
72952149	4295000065
17659605	36865
59114757	1085440
2938341	1074823168
11768961	1610613248
12533601	671092736
271821	1610613248
61353921	49153
18397029	4362076161
9539841	1610612992
37457301	1073778688
80394105	1610613248
13385073	1610613248
66348705	1090519041
40396305	4099
40840185	67141633
875757	4328554496
47077509	327696
35194485	36866
4717101	16809985
79528377	536907776
41584089	16777282
56977653	4294971393
5984265	528386
71429025	1081348
61427469	1610613248
40912113	167936
411141	4362108928
34178745	1610613248
25480317	6442455040
18062985	1610612992
10768773	1610613248
211233	1610612992
39909009	2147520512
20263593	1610612992
14912409	5368709121
62821317	557120
55977465	268440064
76969425	16777282
35335425	1610613248
65825769	327681
11118369	1073778688
80340645	1081348
38114373	4362108928
56608293	1610612992
18835401	150994945
62299029	4362108928
9778953	1073905664
81724773	5368713216
43167153	17301568
18658497	150994945
6822777	4311744513
24575061	1073778688
34191057	167936
57598437	201326593
44500089	1610613248
47400861	4362108928
42991869	36865
6273921	33587202
68364309	5368713216
27111657	671088644
21406989	150994945
75092817	561152
74788257	1073778688
22193985	671088644
70787505	150995072
20795601	671088644
8689989	1610612992
46655013	2147520512
6733677	20512
29399421	4362076161
67403973	134283265
68202957	1073745921
5040777	81922
38938629	37376
49988973	1081348
31772073	4296048640
32087001	1073778688
49018917	1610612992
41685825	657408
70112613	2147520512
26837553	4295229441
45677505	1073778688
27099345	327681
55919145	1610613248
9172749	167936
4890117	134479873
40938357	1610612992
2089785	1085440
41126601	671088768
73528221	1085440
66374301	83886081
23976309	1048582
7880637	2147516432
16835673	1610612992
28204833	2147520512
11374329	2147745808
27970905	295168
81064137	1610613248
1739541	2147520512
40748817	36865
25475133	4362076161
22769733	4294971393
56695449	1610613248
36876369	67141633
40061613	16809985
50957409	1085440
64012665	2101250
74837181	1610613248
13145961	1085440
77455101	2147581952
78498381	1610612992
110145	134250497
73262541	32833
3944361	2147484674
48638865	134218753
41069253	800
79031361	1073745921
31421181	2147520512
22549089	1610613248
50168793	2147520512
49653633	671088768
59914065	1085440
24166497	1610613248
8863005	4311744513
66260901	36865
71364549	1610612992
58551321	36865
50786985	4362076161
39911277	1073778688
2659701	134217860
39571401	37376
27978033	671088768
39628101	671088644
68675997	1610613248
31415349	800
4105065	4311744513
14879685	4130
56991261	1610612992
38969085	561152
31577673	1610613248
52554081	1610613248
42734613	4311744513
76089441	1212416
26446809	1081348
58747665	2147549186
4884609	8392706
5299977	1140883456
23962701	150994945
63832845	37120
37640685	1073746176
79636593	1073778688
47224281	1081345
540093	32834
2880669	1060864
7103037	2147520512
3897705	16809985
19333389	1610612992
46468065	671088768
17506029	2147581952
949305	1610613248
64576749	32833
62431221	4362108928
24387141	1081348
33740049	32802
81375177	1610612992
55220925	37376
74548497	1085440
34779765	4311744513
18231789	2147520512
2226513	2134016
57794781	37120
17165181	1085440
22424025	4311744513
77722077	2147520512
8675085	2147487746
54422589	36866
72831297	4311744513
57085545	1610613248
30120645	327681
6877209	1610613248
31984293	1085440
51310245	1610613248
7747473	36865
79569201	201326593
73216857	1073774848
53977737	2147487746
15002805	4130
80244093	3221229568
48614565	16814080
7082301	4362076161
46730181	1610613248
21458181	1610613248
81566013	1610613248
73224957	2147520512
42834405	671088768
20866881	98
49233	1081348
18510429	2147520512
22210185	37120
22668321	4362108928
14619189	1073745921
59534013	1074823168
18693165	1081348
3225081	10486016
36233229	1610613248
55415649	1140883456
35862897	1610613248
36464241	4311744513
69404025	16781313
40168209	1140850689
48394569	1610613248
60771045	36865
31118889	5435817984
7450689	1610613248
33317229	1610613248
12151281	57344
30736245	1073778688
32524725	2148012032
75240885	16912384
72484293	1610613248
58862037	1610612992
66083349	4295004160
20018649	2147487746
67485945	36865
24472353	561152
66934821	671088644
73814637	1610613248
44730453	83918848
144489	1081348
64216137	1610612992
68664981	67108867
25603761	2134016
31551429	4311744513
54486417	671088768
60414645	1610613248
740325	32833
33177585	1610613248
70863969	671088768
59414457	1073774593
46502085	2147520512
66237897	37120
34453821	36865
15327129	37376
30378873	16809985
75456021	1610613248
36413373	150994945
971661	1140883456
53853645	4295004160
53400369	2101250
25758309	4295004160
36921405	134217733
70401945	1082163200
81155505	37120
118893	134250497
76766277	1073775104
3943713	17334272
7965849	1610613248
54338025	134283265
40863189	36865
13172529	40961
9903369	4295000320
34490757	671088768
12960957	1610613248
55614909	1610613248
81215121	2147618816
9001677	1610612992
39801441	1610613248
55797321	1082134528
21822681	16809985
1932645	1610613248
78747213	2147520512
53041377	83886081
34064697	36865
42791313	8425472
81142221	8425472
69608469	671088896
1328709	57344
20301825	36865
36081921	32833
75236997	1074823168
32763189	8425472
60415941	1085440
58203993	5435817984
15573369	16781314
28480233	32802
39332937	1610613248
43442877	1610613248
52587129	2164264960
5947653	16809985
71553117	4295131136
47003961	67108930
53780421	16809986
45025293	4311744513
69088773	2147520512
70866885	1610613248
52865769	5368713216
70232169	135184
43883193	1085440
12568593	37376
17521581	4362108928
53205645	1085440
5273085	75530240
38874801	4099
53683221	67112961
1049097	268568576
38340525	4130
4581669	67141633
65320653	2147491844
40855413	36865
56444349	4362076161
32171889	1610613248
51115521	5435817984
46915185	1610613248
8834817	2148012032
2860257	4161
56161821	36865
74984925	37376
62075793	2147553280
4636425	37376
20642349	83886081
67602261	4328554496
77425617	1082130433
38405325	671088768
41971917	1610612992
19650261	134254592
46696161	1140883456
58770993	2147524608
162309	671088644
76417653	4362076224
49955925	266
71238189	37376
69513861	4362092544
2433873	1610613248
37981533	17301568
23662029	671088768
53440545	36865
3794025	134217888
30801693	4130
39456057	134217733
81302925	67141633
34184253	2147488256
28731009	1610613248
18878169	1610613248
32776797	67158016
51615129	134742020
7891977	150995072
75528273	1081348
57567657	1610613248
1893441	37376
71735853	536903936
12848853	1107329024
30104769	4328554496
26817141	1081348
65373789	4362108928
38529093	524608
22821573	16781313
74624961	536875264
57587745	1085440
16794201	1343225856
41745117	4395630592
55016805	4295000576
796377	5435817984
23224629	671088768
616881	16779520
64234605	1610613248
71757237	1146880
73137477	671088768
4031193	1610612992
41513133	2147487746
35308533	1610613248
9030837	2147549200
61507821	4362108928
19745841	1074823168
48752265	1610613248
40075221	2148073472
74146089	36865
28455933	5377097728
68333853	36865
39183573	1610613248
39449253	671088768
12310689	1073745921
67956393	135266308
26742297	1610613248
78768921	1082163200
67098117	557120
6395421	1610612992
79620069	1207992320
3508257	32833
21333117	1610613248
5600649	4106
3705573	135299072
80504913	4362108928
26131881	196609
5335293	4311744513
31049877	1085440
71541129	671088768
44889861	201326593
27190065	32802
61819833	33619970
15416229	83886081
65501769	17301568
76648665	671088644
50332737	671088644
79421781	1081348
41988441	4362108928
38321733	1085440
13804005	8392705
9034725	16781313
57787329	4362076161
22488177	671088768
52003929	1610613248
25955949	83918848
24088737	1073774593
21523629	16809985
74516097	164352
77133369	1074823168
24038517	4311744513
59159793	2147520512
75688005	1073778688
74074161	4362076161
23262213	4311744513
24190473	8425472
1933617	4295524352
17041737	83886081
9125769	67145728
178833	134250497
64294221	2147487745
14156193	4099
37800741	1610613248
62210577	561152
54326361	671088768
23801673	5435817984
18431697	32833
6703221	3221225474
44843205	53248
13050057	1074823168
39551637	2147520512
44202657	1610613248
1519545	1610613248
47780913	402784256
54498729	2684358656
31454553	1610612992
60885093	2147749888
67693953	16809985
75175113	70
58851669	1610613248
52514553	671088768
61734945	36865
47477973	1140883456
25159881	16801792
17435397	4161
48653121	1610612992
27878889	1085440
34600593	32802
43430565	299008
3873	1610612992
72162885	3221291008
9114105	4311744513
51252897	671088768
25822461	4429185025
13977993	2625536
12390393	671088768
48572121	671088768
60309669	1212416
35209389	135184
42414177	201326593
24552381	1610613248
8386401	1610613248
21781857	2147520512
60801501	671088644
35145237	2147520512
31179477	1073745921
1127505	327681
59151369	1610613248
53603517	671088768
58114893	6442483712
40315305	1610613248
672933	4328554496
49348749	2147520512
39160893	4362108928
61262229	1081345
69578661	1073745922
17649237	536887552
50161017	4362076161
24128913	40961
53752881	2148012032
26691429	2147516417
2623413	1610613248
22663785	16779268
48864045	1610613248
11023113	4311744513
14658069	4311744513
3470025	4311744513
44057181	2147520512
71795793	1073774593
80601465	4362108928
19070625	134221825
49240209	33558784
30945549	134283265
1192305	16777250
3016425	134254592
57347013	671088768
47853489	671092736
10997193	1610613248
75937161	2148012032
72243885	36865
7743585	1610612992
8991633	2147520512
20041977	1610613248
33920517	32802
50673909	16809986
48579249	1610613248
16763421	1081348
15442797	1085440
62220621	1610613248
4338345	133122
34839705	671092736
34995873	671092736
34892193	32834
32947545	37376
33755925	1610612992
75602145	36865
6531177	671088896
6620601	1107329024
80829237	83918848
57451341	1610613248
11598537	32833
1957269	1073774593
38613657	2164264960
42285225	1610613248
66472797	4362108928
75108369	36866
53182965	150995072
13836405	4295004160
81464925	36865
69689793	3221229568
13641033	1610612992
27476157	134217733
40830465	36865
1329357	1610613248
6160197	1085440
49982169	4362108928
53869845	2164260866
64043445	24608
46780401	1048836
68807541	1610612992
33282237	1074823168
52084281	67108869
1635861	2147487745
51210453	36865
70231197	1610612992
45663897	1610613248
5470077	16781313
47404749	671088768
4498401	1085440
35346441	1073742084
73578441	2147487746
32190033	2147520512
8667957	32833
74871849	1073774593
47315973	327681
8909661	1610613248
53737005	1074823168
48024237	4311744513
76998261	1610613248
28578405	67108873
24255273	557120
42177657	671088768
33842433	57344
31724445	67141633
23625741	196624
36323301	1610612992
43869261	5435817984
62437377	36865
4615689	528385
74830701	67141633
9156225	2147520512
9995061	67141633
58949193	671088768
51183237	20481
73575525	1074823168
60846537	1610612992
41937573	4295000065
14346705	671088768
33462381	536872964
75564885	3221229568
41603205	1610613248
56329977	2147520512
68251233	2147520512
14877741	67141633
30959157	2148012032
40546317	2147520512
54542793	1610612992
67379349	67141633
79978089	1610613248
39021249	1610613248
31056033	1610612992
1584993	2147520512
58509849	2818572288
60721797	4362108928
40973025	671088768
15028725	1610613248
59004273	1610613248
37938441	557120
63987717	3221229568
2106957	671088641
48901629	67436544
26824593	67158016
20361765	4362108928
61779981	32833
57499293	1610613248
61589793	2147520512
4385001	2692743168
39395469	134218753
44345865	2147520512
20479053	1610613248
2776665	83918848
20864289	32834
12783405	524384
810633	268472320
56530533	2147487760
30485793	800
79424697	1610613248
22899657	163856
29540685	1073745921
44982849	16781313
62716989	1610613248
40190565	524864
79486581	2147553280
51105801	1610612992
47722917	1610613248
3390645	1610613248
77718189	5435817984
20986113	67141633
74729613	1140854784
42452733	67141633
33705705	5435817984
41760669	4295000065
8860413	1610613248
39655317	4311744513
32815029	4311744513
21438093	1610613248
137037	134250497
2098209	1610613248
32562309	1610613248
75406773	1610613248
46368273	201326593
52601709	8392705
38930853	4130
37296597	49153
66238869	671088768
39385101	36865
32209473	1140883456
74257221	1073745921
14051217	671088768
50302281	557120
38706645	671088768
53761305	671088768
48408177	1610613248
62308749	1610612992
43307121	2147520512
79504077	2147618816
37422309	67141633
58692261	32834
3211797	134221825
53727285	557057
2893953	1610612992
50594205	135299072
6068505	8392705
68798793	2147520512
29015481	1090551808
39905445	4295000065
53916825	1610613248
69962925	1610613248
6102201	2147520512
74263377	1081345
69965517	5368741888
31822617	102400
75466389	671088768
63048765	327696
43836861	5435817984
52720617	8392705
2669745	16781313
16685013	67158016
7218057	4311744513
70157001	1074790404
47924769	1085440
56329005	1610613248
80951061	671088644
60382569	134217864
59255697	672137216
59002653	1610613248
74898741	16809985
69875121	4362108928
63217245	4311744513
12618813	150994945
24910077	1081348
18652665	524354
33761109	1610612992
51017025	36865
14366469	134217733
54649389	67108898
40087857	36865
71959737	150994945
578973	3221229568
23027961	67141633
27699717	671092736
46550361	36865
34136949	327696
31589337	150994945
69888081	1610613248
645393	1610613248
60271761	1610612992
807717	4311744513
56975385	4311744513
43024269	37376
11929989	16809985
737733	1085440
81179157	1610613248
57231345	1610613248
45345	1610612992
5137329	2147520512
33314637	36866
43670973	1081348
12658989	537919492
71643189	1610612992
32335833	1140850689
54719697	2147516432
1891821	1610613248
4312101	1610613248
55883181	201326593
55195329	196610
32617389	67371009
43039173	2148007952
21523305	150994945
48453213	83886081
55855965	671088768
13208169	1610613248
81336621	6442483712
79402341	134218753
2208045	1085440
72841017	4311744513
54817869	134217857
29307081	561152
73860969	4311744513
13699677	67141633
15409749	1610613248
52131585	134254592
65436969	134217864
26714757	1140850689
12647325	3221229568
36136677	1081348
43603581	2147520512
69919185	1081348
37648785	1081348
8871753	536907776
70128489	150995072
65352729	1073746432
70351401	2147520512
51465441	1073775104
1978977	67141633
47114445	1081348
78160449	100696064
27438573	2147487746
11419689	16810240
121809	67141633
51381525	1048582
3783333	1610613248
59094669	4311744513
6777741	1610613248
1332273	327696
6457953	1610613248
41166777	67145728
44632281	1174405120
27326469	2147520512
37970517	1610613248
22340757	524354
41550717	671088768
65285661	4295491648
56970201	4311744513
74621073	36865
15920049	4362076224
11890137	1610613248
26659353	33344
16352265	1610612992
50794113	67141633
66508761	1073745984
23453697	4362076161
834285	1610613248
57515169	1140850689
32589849	1610613248
16534029	32833
27903189	671088644
67603557	65554
37366257	196610
2413137	131344
70867209	4362108928
73197093	2148007938
58945305	36865
44062041	69648
45941889	20481
38798985	2147614736
3224757	1610613248
28299765	36865
78818817	1073775104
22226061	36865
4152369	1610613248
9023709	4311744513
19370001	83886081
75294345	16777219
28778961	1082134528
34225725	83886081
72539697	671088644
29715969	1610613248
28843113	671088768
51618045	3221229568
1364673	150994945
48371241	5368713216
1394157	1073778688
18407397	2147487746
4299141	1610613248
15978369	2134016
2633457	67141633
5969685	3221229568
55555293	16809985
57322389	327696
29722773	671088641
70929093	2147520512
38684289	4362076161
78127401	28672
23520441	1085440
57306513	1074823168
59058381	4362108928
81314913	1073745921
60362157	1610613248
61835709	4362108928
42281985	2147489792
65244513	1074823168
21772137	262150
16973697	17334272
31868625	2147520512
25755069	1610613248
29924625	537919492
54678225	1074823168
71254389	1610613248
81615909	1610613248
45699861	671088768
26466249	1610612992
36807033	6442451008
42050973	671088768
36061509	671088768
30266769	167936
71944185	1085440
50615589	4311744513
38219673	16781313
68147553	1610613248
80702877	5368741888
56399313	2147520512
37914789	4362108928
66762777	1085440
43304853	1610613248
37111269	4311744513
28535313	32833
25785201	2147520512
15638817	540736
53589909	4295000320
70332933	8421377
33174669	1610613248
15900609	83886081
38926641	37376
73891101	67142144
56213661	2147487746
3571761	16843776
37720065	1065216
19408233	1610613248
633081	671088768
66830817	4294971394
56792325	1610613248
71557005	37376
52688865	20482
46566561	4362108928
30233073	135299072
67276641	4311744513
45588081	35
27346557	4362076161
16938705	1610612992
23475405	4130
11912493	1610613248
24072213	83886081
81162309	671088768
40665549	3221229568
81276033	100663298
74289621	1074266176
25282029	4311744513
61054221	1610613248
56719101	1610613248
26418297	4295004160
25289157	4362108928
52770513	5368713216
34374441	83886081
56683461	1610612992
13985121	16394
2439705	1610613248
45014925	1610613248
25227921	28672
80231457	37376
65780733	2147516418
75434961	2147520512
57199917	1610613248
2661321	67108929
69790233	1074790404
29469	134217888
14021085	2147487746
3039753	1610613248
22380933	2147520512
11938089	67108929
79828077	1085440
524541	671088896
60233529	2147553280
52577733	1081348
71453001	2147520512
31938933	40961
54161121	4353
26588721	2147520512
18654933	150994945
75591777	671088768
16884597	1610613248
49605681	36865
837849	1610612992
35095989	671092736
57730953	32833
35152689	38
22356309	671088641
74606493	2147487745
63903477	1073774593
39158625	4395630592
1866873	67072
18017949	66564
13551609	671088644
33385593	671088768
64223913	1610612992
48875061	1085440
33952917	1610613248
36075117	134221825
53628141	1073778688
30190953	1074823168
4703169	137216
18198741	1073774848
81745509	1610613248
4544085	135184
68564217	1048836
2184393	2147520512
5352465	57344
36261093	4311744513
35680485	201326593
57983349	2148012032
66965277	8425472
44214321	1610612992
12794097	2129921
8129145	1610613248
61060701	32833
36687477	1073778688
15826413	1610613248
5407221	37376
30859365	67141633
25842549	4311744513
28435521	4395630592
26717673	671088768
38657397	1610612992
19794765	1074823168
15613545	83886081
63845481	1073745921
40206117	2147487745
41766501	3221229568
12993033	671088644
55734465	1081345
47146845	1610613248
74368677	671088768
10749657	3221356544
22619397	20481
59820753	2148012032
49980225	4294971393
69606201	1610613248
15118797	83886081
2633781	134217733
78596229	1610613248
67322001	1074823168
43245561	70
59133873	769
34502745	671088768
46725969	1610613248
43373541	524322
2034705	1610613248
18293025	1610613248
6838977	134250497
6528585	201326593
56228889	1081345
48809289	1081345
36820965	2147520512
79458069	4362108928
19040493	1610613248
74977149	4329570304
75725913	4295000320
39934605	2147520512
43182381	671088768
16602717	4311744513
5464245	16809985
62006781	1610612992
28311429	1610613248
79414653	75776
21405693	201326593
61037049	33281
49237617	135266308
7934097	1610613248
32193597	1610613248
81047613	8392705
45565725	2181038082
333381	2147487746
5895165	2147553280
50917233	4311744513
42606957	671088768
41969001	1081345
13521801	1610612992
62133141	671088644
23517201	2148532228
5283777	37376
79143465	67141633
26756229	671088644
48946665	1081345
29228025	4362108928
67522557	1610613248
47243073	57344
57215469	671088644
70515669	2147618816
8502717	33587456
57909477	1610613248
62406921	2147618816
5673873	1610613248
251409	1081348
8158629	2148012032
23816577	671088768
20749593	17301568
14565729	4294971393
76906893	671092736
49190961	1610612992
74831997	4328554496
21002313	16809985
73269993	671088768
9292953	67141633
37820181	2147520512
44299533	1610613248
74784693	17301506
69852765	83918848
53363757	32833
79039137	2147520512
10440885	1081348
45533325	16814080
17083857	67145728
59878101	4362108928
32483577	4297097216
34774257	1610613248
2526861	262276
49689921	67141664
37589817	4295000065
46198497	2147487745
63205257	1610612992
16163049	1085440
6051333	1085440
23835693	1610613248
69393009	1107329024
70944321	1074823168
34602537	1610613248
8051061	1081348
56740161	4328554496
114033	67141633
80278437	1073778688
37979265	16781313
29985861	67112961
1080201	4362076161
16303341	1085440
68393145	3221229568
21218745	100667392
19014897	150994945
27086709	1610613248
49360089	800
49089225	8425472
46579521	1610613248
48033633	67108867
33601701	83886081
46307361	1610613248
743565	134217738
35824017	524322
2931213	2147487746
12921753	4362108928
39843237	4295000065
32614149	150995072
25292397	553648132
57130905	1073746176
45522309	1610613248
2984997	1074823168
36343389	83886081
73720029	1610613248
57851805	1140883456
40584549	1073778688
7947705	1610613248
81292881	1610613248
1688997	37376
59842137	1074298880
25567149	4311744513
49174113	20512
17934033	16912384
55503453	671088768
22786257	1610612992
12923373	671088644
28881345	2147487760
62990769	5368709184
4118673	1610612992
25352985	67108870
58526697	57344
34063077	4161
17157	67141633
3450585	2147520512
80269365	1085440
9578721	16810240
63421365	2147487746
35834385	33587201
72480081	2147504128
38217729	1085440
75278793	2147520512
36615225	4966055936
7915629	2147487746
28439733	1085440
13205577	518
47751429	4101
62369985	1073778688
66480573	134217733
78465981	2181042176
47178921	2147520512
61778361	1610613248
336297	4362108928
22125297	671088768
21401157	1085440
38401437	4311744513
6076929	1610613248
43953825	4311744513
9983073	1610613248
37649109	1610613248
12658017	671088644
54848001	134217857
37152741	1081345
59039265	3221229568
1232805	8425472
77150865	671088768
25350393	2564
52478265	1081348
22462581	1073876992
11004645	67158016
5605185	1610613248
13779705	135266308
67367037	1085440
47604981	1073766400
190173	327696
66674973	1610613248
29343693	16912384
81245577	1073778688
14175633	1610612992
23649717	5402263552
48765225	67108929
56980893	1610612992
3808605	16809985
49546389	2147553280
20030313	2147520512
57649629	1073774593
746481	1610613248
1978005	1610613248
26268285	1085440
66656181	1610613248
52046697	36865
52051557	53248
25506885	67141696
4950057	150994945
77421081	134217860
20906409	36865
40676565	671088768
22393245	8392705
38540433	536903936
30107685	17301568
74593533	37120
73600473	67145728
13804329	1085440
79960917	1140883456
57648981	4311744513
55951545	1085440
18617349	1610612992
53354037	1081345
52011381	4295000320
47093061	524354
49551249	16777729
64174989	201326593
46323237	4362108928
112737	1085440
37972461	528448
34370553	4295000065
29859501	1610613248
81081309	37120
4130661	1610612992
57643149	1073778688
35340609	16810240
57785709	3221229568
71623425	17301505
59612421	536871680
22229949	671092736
68012769	1081345
65589897	4311744513
51434661	167936
19056369	1085440
76887129	1073905664
45164289	65553
42867453	671088768
68822445	1073778688
42799413	671088768
5484657	4295000320
13273941	16842754
56625789	37376
47394705	4295000065
48605169	2147520512
2565417	1610613248
71534649	1081408
43709529	4429185028
35366529	1081348
61555773	2147487745
11822421	1610613248
67885761	671088768
39710721	1589248
57049905	2147618816
39747009	1073778688
52265397	1073762304
66087561	1610613248
3999117	8523776
57301653	561152
73678233	1610613248
78088521	4429217792
27249357	20481
74744517	4328554496
34546161	1085440
37850637	2147520512
41685177	327681
31403685	800
43311009	1073741829
57782793	1610613248
41682909	4106
30798453	1610613248
69103677	1073745921
54109281	1073778688
32751525	1610613248
39162189	4295000065
7743261	1081345
31193733	2148012032
40482813	1610612992
32462841	134254592
32442753	67125249
59997657	1610613248
38699517	24578
37852905	4311744513
43602933	2625536
69625317	1073766400
6768669	1610613248
52171437	67141633
42228201	8392705
37916409	36865
34318065	671088644
16841505	32833
13841913	67145728
42526605	1081345
39820557	2147520512
43795713	3221229568
37626105	4362108928
66699597	2147618816
31990125	1610613248
10391313	1140981760
53740245	4328554496
76073565	671088768
73889805	1085440
48920745	1081348
1562313	1610613248
26805801	196610
43796685	5368741888
42618945	1610612992
62004513	67108929
13429137	2147520512
54936453	1610613248
43047921	671088768
69044709	671092736
47613729	1610613248
48869229	1081348
80623497	1081345
35032161	1610612992
6529233	16912384
67113993	1610612992
1567821	1610612992
46879869	1074823168
19485021	32834
21809397	1610612992
63624189	1140883456
44141745	3221356544
73954605	671092736
50582541	1610612992
79703013	2147520512
20740197	1140858880
59641581	83918848
66247293	671088768
78122217	1610613248
64244973	537919492
36609069	1610613248
57736137	1085440
4024713	2147549186
33799341	671088896
65782677	16912384
80096349	3221258240
55739973	1073766400
40826253	4362108928
61573917	1074823168
26985621	4395630592
70974453	2147520512
54320529	1610613248
10675785	8425472
11890785	134221828
42758265	1610613248
28939017	4311744513
22777833	561152
57132849	1073746176
68755053	4311744513
80344533	1073152
81304869	4295000320
49599525	2147487746
64735185	1610613248
39003429	1610613248
60950865	16912384
31536201	4295491585
18592077	36866
11596917	1610612992
81709545	536875520
13582065	40961
1816329	8425472
62786973	1610613248
66419337	671088768
29768781	36865
49310517	2147520512
48550413	17334272
27070833	4311744513
50900709	1610613248
11363313	1081345
23988621	2147520512
51560373	37120
53800833	33558529
18877521	32833
959349	83886081
62758785	36865
36404625	4328554496
11932581	1610613248
53867901	1610613248
5306457	524608
65211465	4362108928
5789865	1610613248
22828701	134217733
30992205	4395630592
41703969	1610613248
56146593	4362108928
32542221	134254592
50973609	36865
34360509	327696
53472945	1085440
24665457	150995072
77688705	36865
67300941	2147520512
39170937	196610
24068325	1610612992
52143249	1610613248
37109325	4130
22121409	4362076161
74042733	4311744513
71152005	2147520512
15769389	83886081
19043085	1146880
67752273	1610613248
74076105	1610613248
31391373	800
66460161	53248
65674785	134283265
31705653	2147520512
75212697	8421888
41592837	2147520512
52955517	1085440
332733	137216
41723085	268568576
36353757	1073152
4536957	2147553280
64337637	83918848
76585161	3221227520
167169	4311744513
38013609	37376
13970541	32833
37510437	671088641
53518629	37376
53384817	134742020
56670177	671088768
39301509	36866
40423845	67141633
47895933	4362076162
33503529	671088768
19171713	1610613248
4180233	83886081
22684521	36865
61666905	1073774593
28105041	67108929
47554761	67141633
37381809	196610
69570561	1610613248
47118981	1073774593
12884493	83886081
28889445	537133057
1577217	17301568
37205229	1073778688
80730093	1074823168
69447117	561152
80422617	4311744513
31743561	1610613248
230025	4295000065
55611993	1610613248
27702309	1610613248
5494701	150995072
80866821	8425472
64245945	100663360
41447361	3221225474
24434121	671088768
31301949	6442455040
77012841	1610613248
66929637	1610612992
254973	2147487745
37355241	671092736
55482717	2147487746
12414369	524353
28494813	201326593
52142601	1085440
32334537	5435817984
59787705	4395630592
44942349	32833
72012873	1610612992
61935177	1610613248
79310649	1074270208
13498797	1610613248
67964169	1610612992
206373	10244
48321021	1610613248
75880461	557120
55813197	4311744513
53241933	1207963648
448725	83886081
19205733	2148012032
51288213	1610613248
75619965	150994945
10879905	40961
1299873	1610612992
43030101	3221229568
39471933	36865
12943461	67141633
74577333	5368741888
2563149	2625536
77467089	67633216
18589161	524322
70854897	4353
49645857	2147520512
36259797	134221825
7981401	3221229568
54846705	544768
68494233	5435817984
28233993	135266308
22712385	671088768
74849493	5435817984
46876305	36865
15560409	83886081
31613637	561152
20129457	2147516417
2635725	2147483682
49841553	67141696
40313685	2147520512
23951361	35
3017073	2148012032
13053621	4311744513
77264265	6442455040
48348561	1610613248
65725653	1073778688
54089517	2147520512
67044333	1074823168
39701973	2147553280
68895669	1081345
29877645	134254592
14075841	1610613248
7412457	16809986
12436401	671088768
7241385	1085440
14695653	4362076161
41198853	4362108928
16922829	57344
9609501	67141633
9422229	83886081
70447629	1610613248
34881501	1610613248
11876529	36865
65030025	4362108928
13542537	67141633
52563477	525314
30019233	67112961
11292681	137216
13112913	4311744513
431877	16785920
65157681	5368741888
60249405	1081348
56976033	4295004160
49350693	1610612992
43393953	57344
66503577	524384
53285673	671088768
168465	1610613248
52378797	1610613248
49826973	2147581952
12838809	1610613248
19855677	150994945
32044881	4362076161
4083681	4295004160
68711961	1610613248
60033621	3221749760
54933213	67108930
42443985	671092736
52410873	1610613248
41636901	1610613248
5287665	1610612992
73487397	16814080
6084057	2148012032
22715625	2147487745
77330361	561152
31263069	4311744513
73241805	8421377
49933245	37376
53091921	1610612992
72025185	16809986
70175145	671088768
15855897	4362076161
955461	2148012032
75166365	8425472
3185877	134221825
18427809	1610613248
19832025	150994945
38786349	4362108928
4372041	1610613248
64164945	1074823168
57661293	532482
1899921	134283265
44479029	8425472
15191697	83886081
52947417	2147520512
7850829	1610613248
75673101	1610613248
44487453	2147520512
30586233	2164293632
43777893	1073778688
3582453	2147487760
571197	83918848
25537341	1610612992
77742489	2148040704
34153797	65554
23841849	16777282
20674749	1610613248
73884621	1610613248
1956297	2147520512
557265	134217738
35885253	1085440
28553133	2101250
75463473	2147487746
73998993	4311744513
61075605	4362108928
37635825	2147520512
3698121	1074823168
61748877	35
52564773	1073745921
13180305	3221225488
4504881	1610613248
11804925	2147618816
54037353	1085440
23276145	2147520512
65715933	134218753
57268929	671088644
38928261	33793
8710077	1610613248
23197413	1610613248
30508149	75497473
2190549	1074069504
12566325	2147520512
38852769	1610612992
36314877	1081345
32229237	4294971393
18842205	1610613248
5156769	3221229568
16883625	4099
8449905	1085440
17125329	16777281
23346777	3221225984
6438189	16814080
39008289	1073774848
184665	134250497
19055073	671088768
36539733	83886081
32676681	2147483682
26690781	67141633
58445049	1073778688
12430245	2164264960
3470349	1610613248
34587309	1085440
37931961	1610613248
44449869	36865
33130929	67141633
8604453	1610613248
75800109	1085440
41366361	2147487746
54084657	1610613248
9634449	3221229568
57922113	2147520512
75373725	671088768
30739485	1074823168
41133	135170
18795873	1081348
8724009	524353
62122125	8425472
42134565	2147520512
16945509	1097728
46942077	2147520512
64649001	1081345
5516409	17334272
38635041	1073766400
36289605	1081348
26321097	8425472
29066349	1610612992
43384881	167936
72937893	1610613248
51528297	1610612992
62290605	1610613248
28878753	17858560
69132513	70
10953129	2164264960
968421	1081348
19086177	1074008064
49984761	1610613248
1290153	36865
4487385	2147745808
26695317	671092736
19086825	67633216
11292033	134221825
3033921	1610613248
24164553	4362108928
46915833	1610613248
7603617	1610613248
72215697	2147520512
48626877	2181070848
4521081	1074823168
1654977	16809986
26193117	36865
60781737	16912384
69130893	1610613248
73072353	28672
66412533	1140883456
40645137	671092736
1325793	671092736
15413637	2248146944
52732605	67141664
16789989	4295000320
78830805	86016
7603293	4311744513
52772133	1107300352
50462661	24580
54536313	524353
48768465	1610613248
62452605	83886081
16839885	1073774656
24313269	1610613248
12665469	83886081
37884333	1610613248
53424669	1081345
940557	1610613248
33478905	4311744513
54478965	67178496
16041873	4311744513
56750529	3288334336
10916193	1610613248
981705	671092736
65535141	1610613248
3170325	2147553280
77380905	2147520512
51326121	32833
66607581	16910336
62067693	327696
80507505	1073774593
74006445	16912384
16778325	36865
31402389	800
72965757	37120
76503513	167936
74143821	4295000320
69628233	83918848
7883553	2148012032
65622945	1085440
78082689	16912384
49096353	1610613248
10865001	201326593
57792189	36865
31531341	24640
21424485	1610612992
34418505	1610613248
64296165	1073746176
68163429	671088768
67489185	2147520512
36537141	67158016
2291961	2148012032
76269261	134250497
81572493	37376
30336429	671088644
41720493	1610613248
68169585	1610613248
74544609	1074823168
58855557	1081348
3667665	1610612992
39963441	1081345
3800181	1081348
2617257	8392705
10751925	134250498
77565909	528416
34347549	8392705
79287969	66816
79565637	4295000576
59684349	32773
6212361	1085440
28901433	1048836
42105	4362108928
48588645	134217733
71948073	134218753
81311349	36880
41737665	4362076161
825537	4362108928
18436233	1610613248
70745385	671088768
19735149	2147520512
36346953	1081348
33902373	16779266
15038445	1610612992
40205469	1610612992
69571533	2147520512
47682093	1610613248
31783737	1081348
13137213	32834
7469481	1610612992
29932725	561152
81605865	1610613248
74381637	67108929
44176413	16814080
37559685	8425472
24453885	17301568
15137589	53248
28381089	4311744513
64786701	16809985
63976053	16814080
27164145	32833
57384597	671088644
75716517	1081345
74994969	4295000065
80995449	32773
58479393	1610613248
56857449	671088768
5812869	201326593
62119209	1610613248
50712789	1074790401
46894449	4362076161
2256645	524354
32818593	1610613248
52615965	1085440
50008413	150994945
41843289	4295000065
66138429	8392736
51889233	1610613248
52537881	67141633
31067049	83886081
36068637	1610613248
27358869	4295000320
13755081	1081348
788601	2147489792
26984973	1610613248
29746749	671088641
34489461	1610612992
64128333	67108929
51336813	537919492
50958381	2147520512
81668721	1085440
5696553	327696
24275037	1610612992
81665805	36866
20643645	1073774593
15896721	1073774593
18032205	67133440
23518173	35
20901549	1073778688
69334689	1610613248
80320557	37376
11738181	1081348
48616185	1610613248
71975937	1610613248
52800969	36865
66078165	1610613248
22535481	1610612992
52255677	1610612992
28685973	134250500
48909	134284288
78626685	1610613248
56744697	1610613248
28130313	4353
6213333	2147749888
46499169	1610612992
76279305	1610612992
18801057	83886081
76286757	4295524352
64156845	3221229568
65483625	671088641
8891517	1610612992
28114113	1074823168
343425	2147549185
24335625	1140854784
78162069	67145728
43257225	671088768
66998001	331776
33005217	67158016
4140705	1073778688
11336745	528386
48223497	1081348
75613161	1081348
37716501	150994945
378417	32834
60212469	67108929
12569565	4362108928
22567557	4130
57229401	671088644
37032537	32802
23193849	1610613248
14039553	201326593
27290505	1073774593
23998341	671088768
61789053	4362076161
41912625	4295000065
63929721	67108929
51630357	4311744513
75783909	671088768
81275061	2147520512
3409761	3136
48623637	36866
71153301	1073778688
4936773	1610612992
25456017	1610612992
33761433	1073778688
48293157	671088768
40198017	4130
52588425	1085440
25109661	671088768
39104193	1074823168
1245765	4311744513
16112505	1610613248
80437197	536870918
2330193	1140854784
25182561	134254592
63399333	2147520512
18212025	65793
53354361	37376
39189	37376
25397697	4130
34009941	83886081
39044577	196610
76390437	20512
21470493	2147520512
1119729	2147520512
47648397	2148012032
65621973	557312
58400661	1140883456
5802501	2147487746
37052625	1140883456
32456685	2147520512
34955697	36865
20211753	2147520512
68549637	2147520512
29853669	671088768
49153701	524322
80651685	4311744513
67316169	1610613248
52812957	37376
67178145	83886081
30875565	67141633
58846161	1610612992
457473	150994945
903297	2147520512
65716905	134283265
47291025	772
75947853	671088768
8596353	1610612992
32161845	4311744513
20290161	4395630592
73176681	2147487776
56610885	37120
43312305	1082146816
51056877	4362108928
19477893	671088768
15874365	1610613248
35771529	4311744513
47276769	1610613248
65179389	4362108928
65513757	1074921472
75746973	671088768
63766101	2147520512
2625357	4362076161
80233077	2147520512
1281081	1081348
28638993	150995072
76884537	1610613248
67084833	1085440
35586525	2147520512
70563621	1073840128
68927097	5368725504
31194057	1610613248
673257	2147487746
53201433	3221229568
19482429	70
4686969	4311744513
97509	1610613248
18798141	2147553280
449373	1610613248
797349	2147520512
46839045	671088768
77140497	1073746432
3207909	1085440
36898401	4294967361
8908041	2818572288
75461853	5368713216
11541513	4311744513
69911409	134479876
15257469	67141633
2306217	1610613248
26429961	1073774593
42380157	28672
70701645	1610612992
2409249	3221225474
43584789	8425472
68326077	33587456
9278373	24578
35828877	671092736
18637761	1085440
80383089	1073746432
63536061	2147487760
22174869	4311744513
18814665	1610613248
41930121	1610613248
4670769	1081348
60878613	536870918
35788377	687865856
23531457	134283265
10862733	1073778688
70272345	36865
4760517	67141633
35581341	4311744513
62065101	4130
10095501	135184
22247445	1073745921
38294193	33554466
18830217	1610613248
675849	1610612992
1341021	557120
23930301	150994945
46724997	69648
1351713	2147483682
30831177	4311744513
67604853	2147520512
42041577	671088644
23307573	102400
30278757	4362108928
16184109	671088768
36665121	83886081
75263241	4362076161
50055069	1085440
13656585	36880
60542625	4311744513
55076097	1610613248
72401997	1081345
29302869	3221356544
51446649	2164264960
14558601	1610613248
72517341	1610613248
47272557	1610612992
77640753	4295004160
59269953	2147520512
15136293	1081348
17595129	32833
52563801	70
80903433	671088768
78986001	539492352
34973517	1073778688
1755093	4311744513
43101381	4294971393
50454885	1082134528
43080321	268568576
68942649	2147487745
45670053	2147488256
1310889	150994945
2079741	1610613248
67943433	671088896
18476409	16814080
65895753	1085440
61278753	1073774593
33121209	37120
45016869	1610612992
80705793	1081348
58850697	32833
66900801	36865
55997229	2147520512
54114141	4328554496
4593657	1081348
19866045	37376
31859553	4311744513
50708577	33591296
13420389	40961
71427405	53248
75200061	1081348
56747289	1610613248
14361285	1085440
13402893	40961
63418449	1610613248
12795393	4102
43512537	8421380
8085	4099
43633389	1085440
23565801	5435817984
36097149	1610613248
29391969	16777250
44322861	671088641
24431529	671092736
1372449	1610613248
63450201	671088768
26864445	1610613248
32179665	2147524608
78042837	1610613248
32646549	4362076161
18625449	150994945
45625017	36865
20017677	36865
62942493	1081348
47321805	671088644
8208525	671088768
36731541	16809985
17017437	53248
79453533	5435817984
1965369	1058
1290801	1610613248
7164597	536907776
39481005	1610613248
68194857	1610613248
69145473	1610613248
24477537	2147618816
66335421	671088768
81129909	671088644
53540661	671088644
33236877	2147520512
71280633	1610613248
36053409	4294967361
31687509	16814080
32029005	1073778688
52024665	4311744513
34634937	57344
76187289	16781313
56224353	16809985
18921909	524353
68126817	36865
59410245	1212416
17587353	1610612992
39165105	524354
34045581	4102
47157861	1610612992
29582805	67141633
36341121	1610613248
40968489	671092736
31291581	32833
50773701	8425472
67811889	1610613248
66556389	4130
38529417	16814080
26777937	4362076161
15350133	1073745921
45413769	16777984
38097525	37376
64660665	1081348
76903329	16912384
29293473	1610613248
70074705	1610612992
73229817	1140883456
18204897	150994945
29527401	4311744513
36702057	671092736
32282697	6442451008
54145893	36865
76972989	4362108928
81146757	33591296
44624181	1073746432
61468617	4295000065
72951825	4295004160
101073	4429185028
1017993	2148012032
1791705	2147520512
54489981	1610613248
41762937	4295000065
75541557	134217733
9906609	1085440
47589753	4362108928
73209	134250497
28138089	1085440
11818533	1081348
19107885	8523776
57571221	36865
65422389	1081348
12893889	2147520512
25858425	134254592
38309097	2147520512
59059353	4362108928
25166037	1610613248
77779101	536870918
15683205	2147520512
73446897	1074823168
32468349	1085440
55796997	8421377
12030105	2134016
70306689	1610613248
34062429	1610612992
24590289	24580
58333593	1610613248
65195913	36865
81006465	1081348
15706533	67141633
34895757	4362108928
44143365	672137216
65743149	671350784
6409029	1610613248
27241581	83886081
15031317	1048582
2822349	1610613248
39863973	1048610
6016665	2155876352
1492005	2147520512
24241989	36865
42613113	4311744513
22909053	671092736
31868949	32834
17129541	1610613248
35465349	1074823168
67742877	5368741888
48300285	67141633
2958105	1610613248
43172013	299008
70495257	4295004160
77935269	8716288
14542401	36866
13426869	1610613248
32005029	1140883456
43775949	1140850689
36668037	67113472
50343753	4099
60638529	1073766400
30766701	36866
80116437	1610612992
6697389	2147520512
4665261	4311744513
26685273	4328554496
68624481	1074823168
68702889	1610613248
53776857	37376
70577877	1081345
37685721	1610613248
66599805	5368713216
13017009	16809985
18679233	133136
70296969	4295000065
27854265	17334272
16669461	135266308
37156305	37120
40879713	671088768
21297477	1610613248
35046417	1610612992
18328989	8425472
46926201	83886081
77286945	1074823168
37575237	1140883456
77015109	4295102464
26795109	2148012032
79893849	3221258240
32323197	2147520512
2379441	4102
13891161	1610613248
66938709	201326593
48587349	671088768
30738513	1610613248
56714241	36865
54805881	671088768
77567529	1085440
76634409	28672
18657201	150994945
62455197	4311744513
36913953	2147618816
23626389	201326593
27827373	4295000320
44269077	33536
1594389	1610613248
35986341	4099
12892269	671088768
3116541	1146880
18781941	1081345
75165069	1610613248
54670773	2147520512
70398705	1082163200
10072497	4311744513
80497137	1610613248
20547417	671088768
2759817	1610613248
38179173	2147520512
26080365	1074823168
38242353	1610613248
24482397	671088768
50231001	3221229568
69187917	544768
56507853	536907776
20426565	134283265
8428197	4362076161
47318565	36866
57878697	4311744513
79564989	3221229568
44104485	4362108928
5257209	17301568
24796677	1610613248
29583453	1610613248
6994497	1085440
55527429	1610612992
56067537	671088768
31269549	2147520512
23892717	1610612992
55218981	1073778688
45691761	36865
53941773	53248
25569417	36865
12199881	4102
23607597	8421380
36545241	16912384
973605	4311744513
71491881	2147487746
80979573	3221229568
1749585	524802
3577269	1610613248
1079877	1074790404
4558989	40961
41165805	671088768
15894129	83886081
47073621	671088768
2801613	2147520512
161013	1610613248
40100817	8425472
23313	1610613248
9118641	1610613248
58229913	3221229568
78917637	1073872900
17389065	1074823168
73751457	2147745793
77968965	67141664
57186957	671088768
75474813	4362108928
39115857	1073778688
36949917	3221225488
24170061	1610613248
55470729	36866
4446561	1085440
52892013	327696
27323229	36880
47415765	1610613248
39048141	1081345
76546281	4311744513
16497417	2147520512
22690353	1610613248
44887593	1610613248
24992697	2147520512
63820533	1610613248
64762401	4311744513
14829789	1610613248
58573677	2101249
627573	67141633
1807905	1073778688
3294093	36865
2832393	3221229568
66205173	8425472
4327005	17301568
67819665	67665920
13048761	1610613248
41966733	1610613248
41374785	1610613248
37261929	2147520512
67690065	1073876992
31079361	2147520512
20074377	83886081
39645273	2147520512
53526729	137216
42025377	67141696
49821141	671088768
44649129	1610613248
9305589	67108929
17168745	1157627904
48951849	1073778688
23881377	1610613248
26833017	67108881
40249533	671092736
72845229	1073778688
57304893	1081348
16776705	4099
40654857	4362108928
32380545	1073762304
43518369	1610613248
74325909	2147520512
2783145	167936
69696597	134283265
52077801	2147520512
21984357	4429185028
5765889	671088768
70137237	201326593
25896981	17303552
4383381	36866
137361	67141633
43662873	83886081
74730261	3221356544
51216609	1074823168
6183201	167936
76227141	1081348
78243393	28672
17986845	1610612992
17853357	1610613248
19278633	4362076161
16143933	37120
15129813	4362076161
67675485	1082134528
66550881	1157627904
23516553	1085440
6213981	57344
38828793	2147487760
71589	16777250
71781537	4328554496
13592433	45056
31394613	36865
57056061	2147549186
71461425	1073778688
5853045	17334272
15006693	2147520512
25558077	150994945
9506793	1081345
6986073	17334272
31514817	2147520512
27743133	1610613248
35995737	4099
25967937	5368741888
19200225	1610613248
18627393	150994945
37365933	1610613248
22689381	83918848
75283329	4303388672
28967205	1610613248
21589077	1610613248
18666273	150994945
67270809	2147520512
52227813	1610613248
1561341	1081348
73302717	1085440
38643141	4311744513
44446953	1081345
41739933	1081345
8120397	2147520512
67058913	1081345
23389869	671088644
32965689	67108870
11970813	4362076161
1576569	57344
35864841	1610613248
26841441	671088644
36078033	5368709184
36413049	150994945
7777605	2148012032
36374169	1085440
4576485	1115136
30805581	671088644
57027549	4311744513
37239249	8409088
53461929	671088768
27946929	201326593
13804653	528385
47528193	557120
12171693	671088768
4778985	1610613248
34870161	1610613248
55354089	1081348
63610905	4311744513
8434353	524353
55978437	528386
37524045	37376
61260933	1610612992
69144825	2147487745
56612181	1085440
44444361	36865
44206545	1073766400
13487457	561152
2406333	1610612992
60027141	1085440
47193177	671092736
60945033	28672
2336349	1085440
40229769	4362076161
61194189	24640
10161273	1610612992
4585557	1610613248
44366277	4311744513
4863549	2147520512
7320765	1610613248
62802849	3221229568
1009245	1610613248
22192365	327696
50567637	671088768
26033061	327681
11027649	1610613248
14018817	2148532228
27944013	135266308
409845	135266308
39477441	2147520512
50397537	50
3955377	16809985
18314085	83918848
74327853	2134016
53155749	2164264960
65432433	1610613248
13494909	1073778688
2517465	536936704
23092113	2101250
62212845	135299072
35541165	4328554496
36080625	1073762304
15001833	67141633
73016949	6442455040
46535457	2147520512
76116009	1073872900
34077333	1610613248
14775357	37376
71424165	4311744513
12411129	671088768
41936601	671088768
48470709	67158016
8350761	4362108928
31202481	36866
18918021	577
2099829	4362108928
48474921	2147520512
63166377	1081348
25791681	36865
39577233	5368741888
70750569	1074823168
56457309	28672
47618913	1610613248
33539817	33284
27289857	2156396544
16639005	1074069504
23700585	1610613248
68132973	3221291008
28768917	1610613248
46258113	1610613248
17554953	1610613248
70227309	1085440
81049233	134479876
67452249	1610613248
32470617	299008
63636501	134254592
77798217	1085440
46295697	4328554496
63069177	2101504
79745781	3758096384
33682701	16809985
45570585	2147520512
51485853	65602
23679201	557057
56629353	1085440
57357381	1081348
60522537	1073745922
33957129	37376
73405749	33281
4195785	5368741888
35196429	536871680
50904921	36865
6628701	150994945
36612957	1081345
68173149	1610613248
13064313	2147487746
49268397	2147488256
5024901	2147487745
54133581	1085440
16002669	553648384
1591473	524293
41955393	4362076161
47041221	1610612992
62101389	67141633
45297453	65793
21386253	2147520512
37935849	16809985
5172969	1085440
33844053	671092736
35517189	4311744513
62904585	134283265
8686425	1081348
50960325	1610613248
38271513	1610613248
47937	167936
24221901	4295000065
77220201	1085440
36077061	1107329024
69444525	20482
44497173	1081348
15458673	104
47426457	4294968832
52327929	2147483666
5019393	671088768
16795821	1081348
27585669	4362092544
43171041	1610613248
78230433	1610613248
37370145	196610
33822669	1610613248
63653997	1610613248
78575169	4311744513
51333573	1073746176
3074097	671088768
1911585	2147618816
25232457	36896
1870113	4395630592
51551949	2147520512
732549	4295000065
4536633	69206017
106905	67141633
29372205	4296048640
13576557	672137216
53432121	671088768
60038805	3221356544
13263897	16809985
24075129	2148012032
50738385	83918848
28770213	8392705
63712641	4362108928
1025121	2164262912
37403517	4295000320
53085765	671088768
13991277	1085440
58664721	83918848
3225405	671088641
32567817	1090535424
5543301	1081856
20068545	3221225474
20621937	4311744513
5760705	4362076161
18839613	150994945
5421801	1610612992
72395517	150994945
47426781	17301568
13003725	16809985
17108157	36865
69454569	1081348
2454609	4311744513
53661189	4295491648
15470985	8425472
27635241	671088768
37444665	4295000065
27309621	2147487746
12898101	671088768
48364437	1073745921
26466573	561152
2747829	1610613248
41533869	68190208
80637105	1081345
68991573	4311744513
5624625	1610613248
50438361	1141374976
2332137	1610613248
73806537	4311744513
42181869	2147487746
3528669	1610613248
5646657	67108929
1275897	1085440
74690409	4295000065
45237189	671088768
4350333	4129
23954925	3221229568
63334533	4311744513
34748661	2147520512
39053649	4295000065
21481509	1085440
24308085	4429185028
30961749	8421377
39869157	1081348
80752125	1085440
24021021	1610613248
67636605	1073778688
38111457	37376
72156729	1610613248
22416897	1081348
6370149	3221229568
58537065	1610613248
34903533	67145728
35217813	1081348
72180381	4295262208
1118757	36865
49879785	557120
32279133	1085440
52009113	4296048640
26317533	4328587264
6421017	1085440
9907905	553648132
1308297	33587712
68756997	1073745922
77580813	36865
57635697	1610613248
9784785	2147520512
11407053	1610612992
76543365	3221229568
21091737	67141633
31754901	36865
25196169	16781313
12726381	1081345
42772845	1610613248
62214465	24580
41718549	268568576
50680389	687865856
37306641	671088768
157773	1085440
25370157	4295000576
17844933	4102
65350137	671088768
3463545	4102
10049493	16809985
43259169	2147520512
41705265	4311744513
2618229	4362108928
72114285	4295004160
40004589	16777282
402069	327696
51606057	4099
4332189	32833
21261837	1610613248
38963253	37376
35658777	1610612992
75790065	1610613248
36067341	16809985
19916913	150994945
80238909	1030
27180993	1610613248
13662093	16809985
2577081	327681
5929833	1085440
23190933	537133057
40094337	1610613248
2695017	2147487746
42524337	1610612992
68232441	1073778688
18118065	167936
60472965	167936
57311049	671088768
14301993	3221229568
61017933	4130
6448233	150995072
18136533	135266308
28394373	4311744513
51563613	1073745922
59759517	5368741888
32633265	5435817984
8239305	1610613248
15107781	135266308
68189025	1073742084
12925317	36865
31621413	134217733
11082081	1610613248
63154713	36865
43823577	143360
12185301	671088768
32605725	2147520512
30028305	53248
63830901	28672
20362089	1610613248
13065933	2147487746
59835657	2147487746
24593853	33591296
15674457	2147487746
32061729	53248
69679101	4311744513
62517081	671088644
34824801	671088768
3033273	36865
56598573	671088768
69157785	1085440
12902637	671088641
32777445	150994945
5322657	1610612992
50711169	4129
55868277	671088644
80045157	1082134528
18931953	2147520512
11350029	2147520512
59817837	1081348
30981513	671088768
36673221	2147487745
76654173	1073872900
3638181	327696
53860125	24580
80177997	4362108928
70634577	2625536
34762593	57344
1361109	1610613248
41485593	1082163200
12506385	2148012032
26521005	8425472
50939589	671088644
73363629	671088644
62654457	1610613248
1998741	2147520512
70778109	1081348
24769785	24580
72007689	1073774656
36279561	135184
46979985	36865
36500853	100696064
44409693	4311744513
30855477	1081348
68314737	36865
70195881	16912384
388137	2147520512
76301337	262164
29740593	4311744513
51366621	1073746176
81103017	17301568
45566373	1085440
16990545	68608
39701001	1081348
2249517	57344
129909	67141633
31271493	1073766400
75806913	687865856
49423593	671088768
61183173	1610613248
241365	1610613248
36513813	1610613248
1787493	4362076161
34358241	1610613248
73614405	1610613248
76229409	1610613248
41713365	4362076161
6943953	524354
70341681	36865
48391653	1610613248
6942333	201326593
53013837	17334272
1597953	4311744513
5150937	2147520512
32234745	1081348
23617317	2147487746
21982089	83886081
67270485	1610613248
69522609	4362108928
53424021	4102
14793177	671088768
2957781	1085440
45351561	327681
2487333	1085440
43679721	1610612992
17853681	1610613248
59506473	37120
42251205	67108929
1418133	4362108928
50541717	36865
7391397	3221229568
15106809	8425472
54560613	671088768
75368865	17301568
40134189	1610612992
72537753	16809986
48996237	1610612992
61423257	1090519041
81027525	4130
15083481	4295000128
43685229	5435817984
60937905	1085440
49452753	1610613248
10667037	1610612992
3441837	1073746432
48409473	1081345
17257845	4362108928
2690157	4311744513
23439441	1085440
35435865	67141633
36632721	1610613248
1122969	36865
44675697	671092736
15016089	1085440
28832745	671092736
16213593	67145728
2373285	4311744513
16783833	36866
49689273	4362108928
66761481	1074298880
58888605	1073778688
13710693	37376
62061213	1610612992
31411137	800
31217385	1610613248
29258481	4295000576
18143337	150994945
3441189	1610613248
63032241	1081345
18622209	1610613248
66687285	4311744513
12136377	1610613248
69301965	134220032
52310757	70
81085197	1085440
18637113	4362108928
5100069	1610612992
12974565	1610613248
64970733	4329570304
34691313	1081345
67705617	327681
31517733	292
40386585	57344
4260585	1610613248
44498469	83918848
64029513	32833
37391205	1074270208
70796253	536903684
30745965	671092736
39448281	1073778688
62653809	1610613248
35700897	1073876992
55809633	2147520512
80380821	2147520512
10060509	36865
22037817	134217731
31877373	16781313
61906341	1085440
25609917	589856
17553333	1073778688
30981837	16814080
18491637	1085440
41356317	1610612992
41686149	268568576
72803109	4362108928
81089085	2147487746
61496805	4362108928
48631089	1610613248
7709889	67141633
68317005	2148012032
9027597	150994945
50002257	331776
62799933	1610613248
45320133	1610613248
12780165	4102
61737861	1081348
57870597	1107329024
1727553	4295000065
38025273	16809988
80068485	4311744513
41562705	1610613248
46515693	1610613248
81314589	4362080256
70170933	36865
65858493	2147487745
16790313	17301568
57290313	36865
41191725	4295000065
45608493	1081345
37973757	67108929
34116213	1610612992
72281145	32786
62871213	1081348
16432617	83886081
47587161	2148040704
41916189	4295000065
8527665	4362076161
41995893	537919492
78760821	671088768
2343153	536870918
66189945	36865
729309	553648256
69085857	4362108928
33771801	2147520512
76564749	2147487746
57245277	1610612992
8919381	4311744513
21031149	16809985
33697929	1610613248
3473913	2147520512
51753153	17301568
51330333	1610613248
58898325	2147520512
75292725	2147581952
44798817	201326593
80227893	2147520512
64521021	4864
76239129	2147520512
62678433	1082163200
6773529	1073745921
5115297	16779520
48592533	67112961
65410077	4311744513
32752821	67108874
26871897	671088644
61275513	2147520512
28077825	327681
30710649	167936
2780877	36896
22428885	1073872900
43130217	4311744513
61492269	4102
12431541	671088768
8793669	262147
57629541	4362108928
76021401	1073778688
49708713	1610612992
49121625	17334272
58317717	2147520512
48522873	150994945
14001969	36865
2656137	1085440
3165465	4362076161
41553309	1073876992
30716805	1610613248
69963897	100696064
75730449	4429185025
51886965	2147520512
57850833	2147520512
18662061	150994945
38947701	2147520512
12139941	1073778688
70896693	1073746176
8266521	28672
60952485	2181070848
39937845	4311744513
45002289	74
61283289	2147520512
60394557	1610613248
19132185	83886081
5382273	5368713216
30812385	150994945
35878773	671088768
63568785	67108929
77227329	134217860
27139845	1074790404
55209909	1085440
56590473	1610613248
77468709	1610613248
81132177	36865
81394617	3221229568
35826609	671088768
19305201	4362108928
60530637	1610612992
73524981	2147614736
72205653	671088768
1822809	1610612992
39542889	1610612992
58166733	1074823168
6618981	2147487745
67999809	2147520512
33027573	4295000065
2649333	1610613248
54232401	2147618816
10609041	1610612992
27925869	1610612992
8085081	32833
80964021	1610613248
7639581	1081348
23933541	150994945
80976333	32833
9857361	1085440
46211133	36865
44400621	4362108928
70407129	36865
8627133	1081345
63247053	1610613248
14237193	3221229568
26004873	1073778688
26793813	36880
65161893	1073778688
47340921	1610613248
40183113	1610613248
63492645	67108929
80017293	2147520512
10938549	20481
63941709	53248
2353197	790528
24642453	1081345
28190577	671092736
17242941	1074823168
52238829	67112961
24911049	32802
56615421	1610613248
79242609	201326593
47618589	4362076161
63835437	2147520512
41860137	3221229568
77862693	32833
73278093	671088768
8746365	1048582
2709921	16809986
51261321	83886081
51085713	1073741830
73858701	1085440
22158345	67110914
2051553	1610613248
1935885	134250497
58543221	1610613248
73730397	1140883456
54237909	1610613248
19742601	1610612992
6998385	57344
62044041	2147487746
26105961	4311744513
588693	134250497
5975841	1610613248
51825	3221356544
15549393	1081348
2238501	4295000065
15833865	327696
45229089	671092736
41207925	1073778688
57129609	24580
78141333	671088644
71001669	100663298
12167481	1610613248
12231957	1073746176
28400853	98
70973481	4311744513
40285173	4362108928
3895437	2147520512
44797521	1610612992
1568793	1610612992
20857161	1610613248
20569125	66304
66871965	1610613248
73166961	4102
11373681	671092736
15856221	1610612992
64514865	2147488256
14992437	1073745921
67245213	2147520512
21336033	1610613248
17263677	327681
66901449	1610613248
78462417	37120
68135241	1610612992
62045661	67108929
77291805	83886081
67309365	134217860
33899781	1081345
29344665	32834
61775769	1610613248
31864413	150994945
61607613	2147487746
36694281	1610613248
73227873	2147520512
16075569	1610613248
36311313	4294967361
115005	67141633
18488397	1610613248
33347361	83886081
6104469	1610613248
50770785	100663298
77691621	3221749760
23264481	671088644
45408585	36865
67995921	671092736
53451885	2147520512
12978453	135266308
21864153	83886081
28177293	1610613248
12254961	1610612992
8397741	16779392
70203333	37376
51391569	32786
1574301	1610613248
47538237	4099
80014701	4362076162
31039833	32802
40035045	36865
21851841	2147549185
65530605	1610613248
49436877	1085440
19995645	2148012032
9136461	150995072
37473501	1081348
76225845	5368713216
17320053	1610612992
3735381	20512
40189917	4311744513
79544253	16814080
68298861	1048582
339861	1610612992
79518333	1073762304
50280573	4296048640
11586549	1610612992
14948373	4429185028
36511869	36865
11700597	134283265
42717765	1610612992
80232105	36865
75095733	2147520512
9141645	1610613248
12242001	1610613248
39401301	327681
28331193	1610613248
22830645	8425472
72345621	671088644
15370221	4395630592
80073021	1140883456
57197973	32802
40770525	32833
78384981	1610613248
55294149	135266308
1928433	1610612992
6537333	201326593
32957265	150994945
73993485	1073778688
71460129	16912384
40141641	1073778688
61384377	16814080
24039165	1174405120
81160365	1073778688
37471557	1085440
17175549	5368741888
50448405	4311744513
50131209	1056772
491493	1610613248
125697	1081348
63264873	4362108928
79386465	2147647488
32488761	67141633
20426889	671088641
907833	1074823168
27896385	36865
35871969	1610613248
31358973	524802
25548357	37120
61958181	135299072
24006441	2147549186
2665533	671088768
51316401	331776
12742257	1081348
57011997	671088768
10794369	671088768
18120333	67141633
65984205	561152
782121	1081348
31090377	4099
6826665	1073775104
16800033	671088644
19220637	331776
4645173	150995072
2845353	5435817984
31526157	1610613248
58731141	2147618816
40252449	53248
27877269	1048582
47899821	1610613248
42363957	268568576
868953	37120
66521397	35
17100381	4295000320
51359493	37376
45391413	1610613248
6486465	134250497
14873529	536871170
70187133	3221225488
75252549	1610613248
60088377	4328554496
23524005	4099
34255857	1610613248
13754109	1073778688
13912869	20512
53680629	2147520512
79513797	1073778688
25445649	1610612992
28327305	4130
64149717	4395630592
50404341	1610613248
21677205	4329570304
4926081	1610613248
17134077	2281705472
61838301	1610613248
27819921	557120
12558549	67108929
5196945	4311744513
61238577	20481
72385473	1081348
55264665	1610613248
43652181	671092736
35701221	2155876352
68868777	2147520512
28676577	36865
18092145	327696
44875605	4295000065
37008561	36865
47832105	671088768
57121509	150994945
7229721	3758096384
34891545	1074823168
39070821	2147483666
41471013	1610613248
10449633	2147520512
79558185	33652736
35685345	536875520
2370045	1610613248
44321889	36865
25339701	83886081
17717925	67141633
67897749	2147520512
45033393	150994945
44402565	1115136
44338089	1082134528
10923321	1085440
19949313	37376
26895873	2147520512
25458285	4311744513
42329937	4102
49686681	3221229568
80566797	2625536
60403629	2147520512
60312261	32785
73108965	4311744513
68575881	1073778688
27896709	4295004160
3659565	1610612740
79092597	1610613248
74872173	1610613248
43964841	1610612992
39629073	2147520512
4703817	67141633
38151957	134218753
65887329	1073774593
38549829	4295000576
68785833	1610613248
72823521	16912384
19636653	2148073472
71264757	16809986
41763261	4295000065
53695857	1610613248
19237809	1610613248
61279725	1073774593
73501005	1610613248
7934421	40961
1908669	2148532228
59575161	16809985
33630537	4362076161
77770353	1073778688
34440537	32802
55175241	37376
26301333	1610612992
61946193	37376
51034845	1610613248
56922897	1610613248
46582437	528386
78784797	1073746432
28553781	671088768
7803201	16842768
39568809	1610613248
40782189	2147487745
11865189	2129921
77212101	4362108928
56875269	2147520512
53180049	1610613248
72801165	67371009
18918345	4311744513
78558969	2147487760
51607677	1610613248
73776405	1073778688
78907917	36866
33200265	1081348
41413017	4362108928
12175905	1610613248
62543973	1610613248
80324769	4311744513
41825469	32833
78804561	671088768
33875805	1610613248
11562897	1073778688
13009233	1073778688
45715089	4295000065
15855249	327696
41949237	2101504
2749125	2147520512
29204697	1074823168
79993965	16912384
70070493	2148073472
71705397	1610612992
43606497	4362076161
50338893	561152
43000941	1610613248
73158213	1081345
60872133	1610613248
3278865	671088896
58533825	4362108928
35295573	299008
24014541	5368709184
31477557	1074823168
5832633	143360
73748541	671088644
68430729	4429185025
30858717	1610613248
2900109	150994945
3370233	2147553280
38485029	37376
32538333	1610613248
33951297	524546
39536409	1610613248
27345261	1074823168
20418789	1085440
59152341	2164260866
32999061	671092736
16979853	83886081
66304317	36865
22498545	671088768
69280581	4106
32194245	1073778688
14044413	671088768
21148437	1149239296
37135245	4303388672
5544921	2147520512
12098469	1082134528
77509209	1073742081
58613205	1073778688
63293385	4362108928
532317	16777732
41475549	2147553280
80601789	4311744513
61319901	134254592
11514621	2147520512
20039061	2147520512
81138333	1610613248
63909633	1610613248
19004205	150994945
38568621	20481
36697197	1610613248
17325237	3221229568
60432141	1610613248
3259425	537133057
61830201	24580
58385109	67108867
35007537	324
43375809	3221229568
78736845	32833
11729757	1074003969
60879909	2148012032
17973561	2147553280
55878969	1610613248
35475393	2147553280
57393669	557057
61660425	1610612992
46575633	1073745921
44559057	135266308
41175849	1073774593
10732161	150994945
65289549	2147520512
65274969	561152
54201297	16812032
64090101	2148012032
54654897	67141633
71779269	37120
44895693	201326593
6665637	36865
13291113	16814080
50601657	1610613248
56158581	1085440
22406529	32833
3564957	2147520512
21684981	16809985
59232045	32773
79785633	4362108928
18197769	671088644
6128121	557120
74377749	4311744513
729633	4102
35940009	37120
28064865	16781313
51923901	1610613248
51467061	8421377
16453677	135266308
10424037	1610612992
118245	134250497
70705857	1610613248
33545325	2181070848
79030065	16912384
4030869	67141696
63917733	36865
28932861	1610613248
67136673	1610613248
2409573	16781313
20668593	1610612992
41374461	67141633
65242245	1074266176
72846849	1056772
43368357	4101
22107477	671088768
78800997	2181070848
7256937	1610613248
11896941	2147483666
26722209	1610613248
29805069	1085440
53592501	83886081
53452209	67207168
14707641	167936
32824101	4311744513
77310273	1085440
13405161	2214596608
4202913	1610613248
34850721	67141633
29844273	1610613248
27636537	524354
29752257	1085440
63166053	8425472
57216441	32802
49209105	1081345
30883341	4099
50262429	2147520512
63253209	67108929
79821273	2147553280
37797825	1073778688
20895717	772
81685569	1610613248
65347221	1073778688
222573	1058
1114869	134283265
22441521	33587201
50466225	67108929
27229593	671088644
46770357	1610613248
68178981	1610613248
6388617	98
62739669	16814080
33664881	1610613248
61120317	4162
26145489	67141633
63535737	8425472
60862737	2147520512
68881413	37120
25935213	327681
22929465	36865
2202537	671088768
37978617	1140883456
173649	1610612992
68484513	561152
52200273	1610613248
20917749	4429185028
124077	67141633
8447961	1073745921
55392645	1610613248
33975921	67112961
78508425	2147520512
33391101	1207959680
5103957	2147520512
74633709	36865
58720125	4362108928
59201589	16912384
58633941	4353
72919101	1610612992
44381829	536875520
66683397	2147516420
57390105	135299072
39638145	4295000065
35609853	16814080
60921381	1140883456
23283597	150995072
71910165	4311744513
25246389	671088768
78906621	37120
234237	4362076224
59321469	2147520512
51285297	16814080
12397197	671088768
24838797	2147487760
38235873	327681
8856849	1610612992
12397521	671088768
79357629	4362108928
2521677	4311744513
46586001	1085440
47516529	2147520512
64254693	1610612992
19781805	134217793
10057269	1610613248
64166241	83886081
26053473	67145728
55807689	4362076161
4683081	201326593
67291221	4295491648
20545149	1140883456
3311265	4395630592
74635005	1081348
24300309	16781313
40710261	1074823168
74713413	1610613248
55032357	37120
7508685	3221356544
68851929	1073778688
50095245	1081348
16321809	83886081
41210841	1610613248
72355989	4311744513
52154913	67112961
60191085	4295000320
52107609	1610613248
61761837	524545
25904109	4102
81717321	1610613248
39104517	2147549186
81005817	67112962
8533497	66564
16743333	17301568
33171429	1610612992
4298169	16781313
75953037	561152
67349541	36865
52256649	8425472
71743305	1610612992
53162553	1074823168
56928081	36865
76675881	1081348
36981669	5435817984
53031333	1610613248
11682129	4362076672
20517933	83886081
65826417	1073876992
52747185	2147520512
29663157	557120
74936001	2147520512
46432425	1610613248
34981941	57344
14334393	40961
71923125	1610613248
16442337	135266308
75237645	17301568
1295985	5368741888
31776609	4429185032
10496289	136314881
41514429	100663360
31979433	2148012032
67720197	671088768
5457765	2147520512
52950009	1085440
11930637	577
42825009	4311744513
3471321	4362076161
32090241	1081408
57742941	1090551808
4341585	36866
44476437	1610613248
64249185	4353
44848389	1610613248
17800221	2147520512
35782869	36872
47955549	1610613248
53711409	3238002688
32845809	1081348
77492037	1610613248
23564505	201326593
48471033	134221826
38575749	331776
56745993	4311744513
24788901	1610613248
56361	37376
18235677	1146880
36443181	561152
134769	67141633
36597405	4295000065
37475769	1073778688
56461521	1610613248
30509769	83886081
51550329	37376
21547929	2147520512
73969509	36865
65685801	1610613248
56083089	5368713216
28306569	1610613248
81580917	360448
49703205	1610613248
10211817	1073754112
2065809	1610613248
17841045	1610612992
7975569	1610613248
77862045	67145728
79220577	2147520512
2949357	35
38016525	1073742084
72403293	4362108928
59693421	671092736
9065181	2148012032
62551101	1610613248
39171909	36880
57735165	1074823168
51348477	5368713216
57011025	4311744513
52113441	1073778688
15451221	2147487746
24891285	1610613248
75128781	1081348
10723737	4864
46227657	1048610
8932017	4311744513
29036541	1073778688
53733117	2148012032
39541269	114688
7766589	1610612992
70704885	671088644
36711129	2147520512
31341153	1090519041
79763601	671088768
19060905	1610612992
27675093	671088641
54854805	1610613248
3058221	4362092544
23287809	150995072
49616697	4362108928
37361721	3221229568
57066429	671088896
39816345	1610613248
57009405	137216
27575949	134250500
53857857	671088768
28275789	1610613248
66214245	36865
36426657	5435817984
6701601	16809985
67877337	1073872900
46713009	671088768
57437085	201326593
40454949	5435817984
39442449	4353
44914161	36865
47630901	2147520512
74788581	1073778688
3202725	67141696
59660049	671088896
43316193	1090519041
16070709	1073778688
963561	2147553280
63063669	1610612992
46600257	32833
26745213	1610613248
24685221	536870918
39631665	4311744513
12137349	1610613248
77587293	20484
66202581	36865
36183333	2147487745
41127897	1610613248
80043213	1081348
65428545	4311744513
883533	4362076161
40493181	134217733
265017	1085440
39113265	20484
12103005	2147520512
10123041	3222274048
42414825	2147520512
7666797	1610612992
18935517	150994945
19327881	1610613248
58071153	1610613248
17613597	1610612992
3856881	1085440
39757377	6442455040
73500681	1610613248
12965493	36866
3236421	36865
12927585	1610613248
35252481	83886081
80202945	1610613248
33229749	67141633
76972341	2147553280
1954029	36866
30242469	1610613248
1043913	671088896
43720221	36865
44328693	671088768
66819477	1610612992
54032817	4102
43261113	83886081
71132889	536903936
32420721	36880
81475293	1610612992
64251453	4311744513
39139185	1610613248
56346501	671088768
61752117	134250500
43607145	196610
27484581	1610613248
47217801	36865
50076453	671088768
34925889	536907776
20144037	1610613248
19101	4295000065
6657861	4362108928
32472885	150994945
4909881	1073778688
17328153	67108936
28307217	4362338304
69476925	1085440
33071313	4099
6245085	1610612992
28329897	1610613248
15165777	671088644
40299429	134217988
56046153	17301568
68201013	671088768
74088741	33558529
64789293	1610612992
10697493	83886081
87141	66564
27829965	16779520
36058593	2101249
58397421	2147520512
8767425	1610613248
33356433	1610613248
13130733	671088644
16894965	1146880
39840969	4295000065
32886309	83886081
68638413	1610612992
24264669	4295004160
79148649	16809986
38581581	67108870
62522913	36880
4649709	16809985
60904857	37376
41606121	36865
3217305	1610613248
76095921	67436544
20057529	101711872
1376661	16781344
53919417	1085440
34369581	67141633
39564921	57344
2516169	1085440
6320901	67141633
26461713	1610613248
56302437	1085440
23967561	4378853376
2114733	4429185025
25450833	1073778688
75282681	2147520512
2105985	1610613248
31739025	1610613248
27660837	4362092544
25129425	1610613248
4395693	2134016
38265681	4362108928
4961073	3221749760
73325073	2147487746
21396621	2147487760
81726717	2147520512
2929593	36865
9310773	4311744513
70394169	4328554496
69075813	1081345
73852545	1610613248
15424005	4102
48970317	2147520512
12460377	1081856
48532593	1081345
69691089	1610613248
31403361	800
67902285	1610613248
72270453	1610612992
46893153	671088768
15192669	536872964
64575777	2147553280
43753917	4429185025
51343293	36866
36262389	2147520512
19749081	327696
31498293	1073778688
42741417	36865
79563693	3221225474
55673877	67108929
34641741	1610613248
81129261	671088768
40842129	36865
39461889	16814080
81267609	2148012032
63423309	3221229568
21008145	5435817984
4167273	37120
27848109	4295000065
16269645	1610613248
18900525	4362076161
41354697	2147520512
70389309	36865
62451957	5435817984
69104973	36866
12533277	671092736
67664145	37376
17987169	2147520512
46290189	1610613248
56647497	1085440
58463193	4328554496
74668701	1610613248
4659429	671088768
12548505	1610613248
73190289	16809985
36761349	327681
79932405	1085440
70738581	1074823168
69641841	4429185025
42367845	4362338304
32624841	1610612992
24142521	4311744513
77357253	2147520512
54554457	65793
8334561	2147520512
2057385	57344
37539921	1610613248
67406241	16814080
24260781	671088896
68547693	67141633
69616893	1610613248
23391165	37376
61996089	1610613248
41777517	1085440
55803153	3221229568
15657285	33619970
57763353	17301568
52642209	5368713216
51145329	36865
27470649	1085440
3881829	134250497
54094053	16912384
55432497	1610613248
21831105	1610612992
590637	1610612992
15486537	1610612992
47295885	671088768
23544741	65793
64533981	1073742081
6993201	1082134528
62884173	1085440
70805325	36865
6270681	4294971393
18205221	150994945
18813369	83886081
8719149	97
7417641	36866
50574765	1610613248
8274945	1610613248
54086277	37120
1948845	671092736
11243433	1610612992
22847817	1610612992
78997341	1610613248
66767961	2147516432
21652257	4130
43021677	1074266176
46655661	4362108928
81439329	2164260866
18599205	671088768
26008437	1610613248
48139905	16809985
507693	2147520512
37676649	16781313
74757153	1090551808
52380417	8425472
15133377	33587712
67750653	4362108928
54787413	5435817984
25120029	24578
9423525	1610613248
20382501	1610613248
19815177	1610613248
36646653	24592
3154773	2147520512
81221601	37376
15526389	201326593
1005681	4311744513
31365129	2147520512
66235629	1610612992
38981721	1074823168
26636673	150994945
36372549	4311744513
67083861	4362108928
62749389	2148012032
81259509	1073758209
3201429	36868
1816653	2147553280
34923621	4362076161
54893037	32864
33545973	1073778688
6328029	134250497
52744593	2147520512
63288201	1085440
8823801	2147553280
7955805	37376
1371477	134217857
55299009	1610612992
59729709	1610613248
81560505	1081348
77211453	70
79946661	1081345
59917953	67108929
38488269	196610
10388073	67141696
44792013	67239952
9596865	1081348
19765929	4311744513
24263049	97
72917481	4311744513
78387249	1073745921
56375661	331776
14225529	557120
20988381	16809985
422481	135299072
29894169	2147520512
19436745	2147520512
50055393	1610613248
79466169	1081345
45499953	1610612992
12427977	671088768
8859765	36866
78409281	2147811328
2340561	1610613248
27022881	1081348
79707225	4395630592
77193633	1073778688
22905489	167936
21734877	4362108928
42647133	1140883456
1711677	67141633
19670025	36896
122133	67141633
16674969	8425472
6732705	1610613248
73847685	1081348
62924349	2147487746
73254765	1073774593
64615305	1610613248
8315445	1081348
12032049	1610613248
75379233	3221229568
61464081	4328554496
25109013	24580
29080281	671088644
39114237	2134016
476913	167772161
71401809	36896
16719681	20481
31804797	1610613248
51809529	20481
66387261	1610613248
62856309	17301568
53466465	2147520512
52166253	53248
521301	518
13435617	1073872912
78046077	1073745921
50715705	4130
67922697	135266305
27401961	8425472
1131393	67141633
5747097	67141633
52737465	1610613248
31340829	1610613248
79996557	1610613248
12350217	1610612992
70168341	37376
26147433	671092736
13242837	2148012032
80698665	2147487745
25121973	2147483682
43251069	536872964
19607493	2148012032
44182245	36865
40606581	1081348
41402325	1073778688
26172381	4311744513
46546149	134217733
12810297	33554449
35604993	403701760
221277	2147483682
35803281	2147553280
78048669	134217888
65717229	5377097728
80727825	4294971648
42889485	1610613248
66999621	1610612740
48258489	1610613248
33859929	524354
63752169	524354
79845249	2147487745
7867353	2147520512
5669985	524354
1761897	16781314
35872293	327681
62570541	4295000065
34273353	1610613248
40648701	2147487760
56941689	4295004160
60310317	1074823168
14673297	2147487746
60184281	1610613248
28562205	1081345
20330985	36896
50060577	67141633
35747553	2148008000
79572441	3221229568
50510613	67141633
2935749	67141633
61836033	67141633
21643509	4563404800
65563329	1081348
24692673	24608
4777041	135299072
9159789	262147
11273241	40961
72401025	16809986
30661401	671088644
26471109	150995072
24091653	2621442
6855177	671088768
45716385	561152
60451905	1610612992
25032225	83886081
69121821	2147618816
40191537	40976
66062289	1074823168
33868677	1090519041
43067361	37120
44994189	671088768
17524497	671088768
34261365	17301568
46959897	1085440
979437	1610612992
35752089	671088768
20661465	75497473
989157	1073741890
7067721	1085440
9208713	4295524352
35871321	327681
78519765	37376
16720977	4311744513
66795825	1610613248
16131621	83886081
81460065	4362108928
66432621	150994945
17936625	1073745921
54508773	4311744513
75017649	1107329024
44028345	2147520512
32144349	57344
49260621	2147520512
79645989	83918848
24624957	4362108928
43976829	1081348
56407089	6442455040
38080029	1610613248
35407029	1081345
3969309	37376
12891297	1610612992
4672713	16779296
2049609	671088768
57623061	1610613248
42547341	4102
906861	524802
1355601	83886081
5044017	1085440
80552217	4130
403365	1212416
78737169	36866
35770233	3221229568
28379793	5402263552
15909681	671088768
14600073	2148012032
73382745	1074823168
8971545	4099
76165905	2147520512
5181717	150994945
54089193	3221229568
40334421	4294971393
71004585	33652736
49777401	16912384
29084493	671088768
22456749	1610613248
13188081	671092736
10909065	66064
53069565	671088768
8500125	67108929
2206101	135299072
60124341	1610613248
67290249	1610613248
62878341	1610613248
11526933	536871680
49639701	2147520512
78866121	16809985
19278957	1085440
25214961	671088768
80405445	67143680
51280761	1082138624
7531689	83918848
22975473	1610613248
22152189	536870918
348285	1082163200
61662045	1081348
44364981	1073778688
49871037	8392736
67835865	17334272
45137397	671088768
43152249	4311744513
10836813	36865
9338637	4362076161
21026613	1610613248
6907017	1610613248
69433509	3221356544
53315157	32802
40190241	1610612992
20234433	4295000065
31264689	1610613248
42999969	24608
45687873	4311744513
11690553	524384
62316849	33028
848217	1212416
49378233	4295004160
29640801	1610613248
42212973	2147553280
44087637	2147553280
17073165	36865
72595425	1081856
49349721	135266308
51336489	1610613248
12462969	671088768
31655109	134221825
21622773	3221356544
51592125	1610612992
41855925	37120
73510725	1074823168
32927133	53248
36952833	4296048640
43801221	134283265
8885685	1082134528
24679389	67108870
44284953	36865
75437553	2147487746
24441573	671088644
39547425	524354
37401897	671088644
53186529	1085440
71865453	561152
70758345	1610613248
3015129	1610613248
22313865	4295000065
47507133	1085440
30344529	4099
3863361	2147520512
71673645	2147520512
8914521	4395630592
54150429	37376
55258185	4328554496
14039877	33028
3776205	134221825
23293641	1610613248
27771321	1081348
72532569	4362108928
6466701	67141633
44841261	536903684
33642201	57344
47338653	67141633
49045161	1610612992
3601569	57344
78092409	167936
26825241	2147520512
28966881	5368741888
2464653	67112976
74699157	4362076161
29073153	2148012032
42259953	3221229568
225813	671088644
57517437	16781313
24043053	1074823168
31729305	36866
1163793	2147520512
80285565	16912384
77113281	2147520512
39259713	1081348
876081	1085440
36600645	16809986
43158729	67141633
19741629	1085440
70280445	2625536
2342829	1085440
20193609	1610612992
2008785	16814080
18026697	1610612992
37381161	196610
51739869	1073778688
68452761	1073758209
35138109	4130
63710697	603980032
6765429	1610613248
5722149	1085440
63878205	37376
12194049	561152
137685	67141633
75648801	3221229568
56544465	4295004160
4357785	1081345
59869029	1107296257
54932889	2181070848
24534561	1074003970
70848093	1073745921
39772929	276856832
28636725	75501568
54199029	1610613248
50847249	1610612992
16199661	4362076161
40544697	671092736
29847837	3221229568
48046269	1107329024
69754269	2147520512
32566197	8425472
75749565	1610612992
22153485	671092736
26446161	4362076161
38770797	83886081
76082313	1610612992
74378073	1610613248
918201	1074823168
79902921	32833
37035129	262209
81130233	2147520512
63870105	36865
76449405	561152
57155853	4311744513
31913985	36865
77812473	1073746432
11275185	331776
65799849	1610613248
41229957	4362108928
35379813	83918848
1522137	17334272
14239785	1610612992
77414601	671088644
24076101	201326593
49652985	2147487746
49150137	167936
58088001	37120
2264097	1085440
1337133	1610612992
14949993	1081348
33811653	1610613248
55576677	1073775104
1453773	1610613248
41573397	561152
35583933	200
2560557	327696
2251137	1610613248
44132025	671088768
69438693	10242
32053953	671088644
51898953	2147520512
58938825	1074823168
57640881	1610613248
74082585	1610612740
36946029	4311744513
62736105	5368741888
240069	327696
38001297	4295004160
60332349	4395630592
48828729	4395630592
16070061	536875520
11304669	4295004160
81306489	83918848
8664717	138
12447741	2147520512
23970801	150995072
32544813	3221229568
505425	536870918
27872733	4295000320
77417193	1074823168
11924157	4311744513
52116033	24580
21379773	2101312
65632017	4295004160
26994045	67133440
78961701	16912384
22988433	1610612992
12311337	4162
26479209	36865
543333	1085440
16191885	83886081
25496193	98
40265733	16809985
18627717	2147487746
437385	2147483654
25266801	1610613248
21838881	2147520512
68662389	1081348
46584705	1610613248
34876317	4362076161
16669785	135266308
65433	4311744513
33577077	32834
1787817	4362076161
31321389	1085440
9875505	1610613248
80822433	4295004160
68391849	36865
19466229	134218753
57633105	1610612992
15815397	1610613248
50410173	1073778688
80559021	671088768
76926981	67141633
32057841	537133057
78638349	36865
65865621	67141664
58797561	2147524608
32694501	557120
25233753	67141633
46332309	671088644
68428785	671088768
68578149	36865
36751629	2147520512
15632337	4295004160
42055509	36896
17389389	102400
952869	16814080
68037393	1610613248
54348717	67109889
12402381	1610616832
62160033	67108929
16838913	1090519041
14064825	4311744513
71744601	1610612992
1111953	3221356544
4261233	1610612992
78588453	4311744513
46208541	1610613248
67260765	4362076161
73877169	2147520512
58736001	2147524608
67052433	150994945
38048277	671088768
11353269	150995072
12827793	2148012032
43221585	1085440
38911413	1610613248
81202809	671088768
8260365	1610613248
23929653	16809985
21668457	150994945
39749277	4295000065
51302793	1610613248
70037769	561152
43473333	137216
81255297	2147520512
15884409	83886081
50986569	1610613248
20993241	1074823168
47636733	37376
1116165	67141633
6551265	67112961
24870225	1610613248
12459081	4362076161
50721861	24580
21371997	4429185025
52855401	1610612992
81471405	1085440
1480665	1073778688
41219913	16777282
57589041	36865
27986133	134217733
41943405	1610612992
13179981	16809985
36622029	1073766400
17374809	1610613248
59499345	1610613248
57745209	671088644
45667461	65793
65439561	2147520512
58190709	1081348
44201361	67141633
44782293	4099
69453921	83918848
34078953	36865
35325381	4295000065
38217	133122
54290721	28672
58575621	557120
71827221	98320
54632865	557120
37641009	17858560
28906617	2147520512
61806873	1081348
34827393	671088768
49421325	1073778688
29298009	134742018
6138165	67141633
24419865	1610613248
71201901	524354
55640505	67141633
3322605	4395630592
46922961	3221229568
27734385	134217733
11828901	1082134528
22224117	1610613248
8263605	167936
4043181	16908290
48812205	4362076161
14813589	134250500
42719709	671088768
40593945	150995072
397533	557120
60284721	134254592
43137021	36896
61289769	36865
8143077	4102
37379217	196610
60843297	2147520512
64996977	4311744513
76625985	4311744513
24068973	671088644
32711997	1048610
47185725	1149239296
48855945	37120
44474493	2101504
52101777	1081348
61204233	1085440
48997533	4395630592
50047941	36865
11223669	1610613248
36467481	4311744513
2178561	1610613248
5422773	1610612992
54666885	4353
7196997	1081345
63966009	1610613248
17787909	540736
1656597	34078784
54505209	65793
68728485	1140854784
68414205	32833
15897045	83886081
29128557	1074823168
13589517	134250500
56225001	1610613248
47756289	2147520512
37158897	1610612992
62629833	2147520512
26671989	1610613248
1152453	671092736
39285309	2147520512
68134917	2147520512
17123061	2147520512
72914565	1610613248
52345749	4362108928
4166301	67133440
2050581	1085440
46876629	1081345
71362281	3221229568
70948857	1610613248
24541689	4295000576
66658773	4295000320
56490033	1081348
73015653	32834
61883013	1610613248
61839597	671088644
32186145	2147520512
12451629	671092736
15828681	34820
46746057	5435817984
23787093	16809988
59918601	2147520512
62430897	1081345
2691453	67141633
30307917	4311744513
67187217	2147520512
6140109	2147520512
74321697	1610613248
11540541	2147520512
77345913	4295000576
15653073	4311744513
9226209	1073778688
3687429	1073774593
45290001	4362076161
27530265	1081348
68255445	1610613248
34673493	1073746432
58031949	2148536320
39851013	1081348
49138149	1107329024
33750741	1610613248
76552761	83886081
54570981	1610613248
49337733	4362076161
45340545	1073778688
9184089	4362338304
41885409	67141633
28830153	2148008000
49359117	134217793
40766961	168
15623265	1074823168
62583501	4099
29693613	1081348
25930029	36866
5367693	33028
59085921	4362108928
60559473	1610613248
71794173	36866
47900145	671092736
55114977	4311744513
26921145	1610613248
6627081	1085440
64707969	67108870
4970793	98
5565333	68608
73338033	16779776
72807645	1074798592
13788129	16777281
57952569	1610612992
69679425	1073778688
65056917	34635776
70468365	1074823168
58986129	1610613248
76091061	2147553280
11693793	1610612992
14076813	201326593
27934293	589826
77595393	36865
80737545	1610613248
52348665	671088768
20990973	16809985
11722629	36865
4776717	1058
29531937	561152
20067573	1610613248
69218049	2147487746
13436589	1610613248
1862985	671088768
67548477	8425472
42522393	16781313
79999473	1610613248
61503609	4311744513
2482797	16793601
31156149	2147520512
28346745	1085440
59911473	1085440
53375097	53248
41634957	4295000065
67204065	37120
40772469	671088768
53295717	53248
46937865	1081345
133473	134250497
6562281	1073745921
7606857	36865
12336609	28672
59185713	200
25333545	671088768
62743881	36865
7371633	4362108928
76690785	1610613248
78146193	36865
38780841	36865
76602657	167936
40111509	4362108928
3868869	1610613248
18402861	1073778688
54160473	4362108928
52096269	1073745921
13425249	671088644
6098637	1081345
65914869	16797696
55012269	17334272
50501541	4362108928
76775673	2625536
32154393	4311744513
44277501	36880
20168985	1610613248
78827241	1610613248
69222261	1074823168
40068093	561152
28846677	671088768
77095785	1610613248
58389321	5368741888
21560565	150994945
15440205	83886081
72646293	1610613248
25252869	1610613248
80611509	1081348
44847093	1085440
40498041	4294971393
64620813	2147520512
62799285	4295004160
47273529	57344
55999497	1610613248
28654869	4328554496
69497985	36865
54039945	1610613248
4135521	561152
63017013	1081348
3616797	2147520512
75174465	4296032256
29749665	57344
14256957	671088768
37739829	4362108928
32426877	67125249
60583125	1073746176
19745193	4294967361
46993917	1081345
27685137	16781313
29189145	16801792
67609065	136318976
42345165	1610616832
15567537	83886081
71585517	2621504
35659425	4311744513
77604789	4295000065
55162281	1073774848
5826801	671088644
1334865	2147549185
61281345	134254592
23838933	36865
5012265	33284
60444129	4295000065
40647405	1610613248
81006141	32802
8381217	1610613248
463953	4295524352
66523989	20484
19877385	16912384
64562169	1085440
77801133	32833
28233345	671092736
68542833	8425472
38939277	4362076161
74002557	269516800
28978545	4311744513
55625277	36866
29819325	1115136
37380189	196610
23836017	1081348
31574757	67133440
15532869	1610612992
68250585	167936
41349837	4295000065
67157085	36865
69601017	4295004160
64644789	2147549186
39389637	2101249
63568461	1081348
47931249	1610612992
46923933	1610613248
42679857	1085440
42792609	1610612992
30366237	67141696
26138037	2147520512
63318009	83918848
73599825	2147647488
3791433	4362108928
2454285	1115136
22180053	671088644
22275633	3221229568
33541437	67141633
80704497	36865
29435709	134217733
5337885	1610613248
40678833	150994945
41661201	4295000065
59461761	4311744513
58247409	4130
62567301	4429185025
17298345	17301568
54811065	134217857
39630693	17334272
76171413	1085440
68331585	1610613248
17350185	1610613248
1632621	671088644
57825561	1081345
1106769	67141633
54967557	1085440
39122985	1073774593
11646489	561152
14456865	1081345
3031329	1081345
67869885	1610612992
60964473	1610613248
1561665	4311744513
15432753	83886081
50999529	3221229568
10957017	1085440
35979861	524293
35962689	1610613248
68608605	4362108928
79348881	4362076161
38837541	1085440
62589981	262150
63809841	1085440
29589609	4295000065
9206769	327696
74131185	1073746176
54500673	1610613248
29077041	524802
27361137	4303388672
31125369	16779266
37750845	1610613248
70762881	1085440
21777645	1610613248
24218013	1090519041
57721233	3221229568
5916549	34078784
60376413	1085440
34199481	2147520512
8177745	1610613248
38762697	150994945
71760801	1073905664
5216709	36866
3234801	4311744513
8423985	1048582
663861	16779296
6678273	1085440
52842441	2147520512
49655253	2147553280
448401	4311744513
36961581	5435817984
73693461	16809986
18395409	67145728
58993581	1610612992
74134749	2147520512
51545145	36865
49422621	196610
6001437	2147520512
57456201	1074823168
6023469	1610613248
38286093	2148012032
5767509	1610613248
49428777	16809985
35973705	536871680
75605061	36865
43719249	36865
6917385	1610612992
1099317	8409088
71166585	1610612992
37903449	4311744513
20779077	1085440
54063921	5368709121
52353201	1610613248
5873133	1610613248
7589037	40961
49064925	671088768
35256693	67141634
16989249	268445696
7629537	1107296257
73271289	671088644
1224705	4395630592
21722241	4362076161
70087341	4311744513
24937941	1610613248
24759093	201326593
6720393	32802
76225521	2147876864
29452233	537919492
30102825	3221229568
11458569	4295000065
1610265	134217920
69603285	2147520512
37884657	4362108928
28362621	4311744513
59597193	1074069504
61184145	32833
21997317	1073745921
22416249	134217733
4049661	16912384
36817401	1081345
53123997	536870918
383925	1610613248
17196285	134250497
34513113	83886081
47197065	135184
43732857	1085440
25456665	67
66529173	16809985
38592273	2147487760
53378337	1610613248
57335997	1610613248
72094197	4362108928
44221773	4362108928
10635285	3221229568
48852057	1073746432
78415437	135299072
31827801	1610613248
76180809	1090523136
60575673	2147553280
45022053	5435817984
67924965	36865
51799485	2214596608
46669269	2147520512
28017885	1082163200
73010793	1081348
77408445	1073758212
55078689	135266308
53434065	1081345
4074609	24832
15172905	1610613248
13910925	36866
62770773	2147520512
4845	35651840
35101821	4362076161
70856517	2147487746
54157233	4362108928
62523561	3221229568
10775253	134217860
63134301	36865
7393665	1610613248
13819881	1610613248
2753985	163856
14452005	8425472
59088837	4362108928
57228429	671088768
1267473	327696
3397773	1073778688
35717421	1610613248
54248601	2147520512
2458821	8421377
5432493	1610613248
56083413	1610612992
42785157	2147520512
75768357	1107329024
24598389	1610612992
70262625	1610613248
55935993	2147618816
43497309	2147520512
46837101	1073778688
55334973	67141633
27248709	1073745921
26097861	4295004160
73904709	4311744513
5998197	67141633
1819893	67141633
3296361	1610613248
46291809	1085440
75941373	37376
51401613	36865
10696197	2147520512
8235093	4328554496
6551913	67112961
57798993	2147615744
78747537	1074823168
40870641	32833
57860229	4395630592
57868653	37120
30152397	4311744513
29483337	67141696
20855865	4362076161
18904089	2147520512
62308101	2147487746
77866581	1610612992
25438845	4311744513
65470665	4295524352
79869549	100663297
173973	40961
611697	67141633
14224881	1610613248
13699029	671088644
47312085	16781313
1129773	150994945
77548413	1081348
4291365	1610613248
39706509	2147520512
3640449	671088768
40653885	4295000065
26871249	671088644
51580785	4311744513
52580649	4130
46324857	16785409
25864581	1610612992
36857253	671088644
17615217	28672
59825289	518
32679921	671088768
72705585	2147520512
80557401	1073778688
60865977	36865
1137225	150994945
70048785	67141696
41588301	167936
18426513	2148007938
74335629	4311744513
29168733	1610613248
6621249	561152
63499449	2148008000
35525613	1073778688
11136837	1610613248
14734857	67141633
57889713	4311744513
80706441	536870918
72082533	36865
74460693	1140883456
22766817	4294971393
10657317	1074823168
14473713	67141633
38579961	2101504
14253717	2147487745
42007233	1081348
15543561	4311744513
57562473	36865
32461221	1610612992
6570057	4296048640
1550973	2129921
78981789	1610613248
56221437	1610613248
14982069	4311744513
5967093	67141633
42576825	557120
63726249	167936
51265209	1073746176
38093637	1073778688
61561929	1610613248
40187973	134218753
21179541	37120
43011309	83886081
59761785	8392705
52259889	83886081
26657085	37376
52623417	17301568
53967693	2147520512
57010377	4311744513
27921009	1610613248
8201721	1085440
80037381	561152
20124921	25165825
25855185	671088768
63271353	2147487760
914313	37376
78507777	1610613248
37349085	196610
77834181	671088768
128289	67141633
32058813	8421377
32641365	17301568
7644765	2147483714
51324501	1610612992
15895425	100696064
29563041	3221229568
38524557	1610613248
15784617	67141633
78204189	1073774593
21822033	16809985
32257101	67141633
35320521	2147520512
40605609	8392705
34730193	1610613248
18747597	17301568
23742381	150995072
68422629	1342210048
25070781	2147487745
41130813	4295000065
27408117	1610613248
65486217	4311744513
32272977	1610612992
3188793	36865
3821889	2147488000
22823841	1610613248
49344861	4429185026
34600269	36896
31412109	800
81561153	36865
50510289	1610612992
39667629	4311744513
19080345	2148012032
49639377	1610613248
47347401	4311744513
1457337	1610612992
12767529	1610612992
128613	134250497
76195713	1610613248
8312205	32834
61765725	36865
75524709	36865
51295989	2147520512
18700941	167936
58420749	1073778688
60062457	65539
49974393	1073766400
73385661	53248
43116933	32802
48566937	1610613248
60975165	1610613248
54279705	16777282
38504469	1073778688
58909017	16814080
71938353	1081348
62578641	5368713216
54651333	671121408
69909789	1082130944
4081413	1610613248
55520301	17301568
56883693	4362076161
44045517	150994945
44421033	201326593
4981161	1085440
38645085	135266308
44378589	135299072
33445209	2101504
2658081	134217857
65954721	1085440
63883065	671088768
3817677	1610613248
73409637	671088768
77347533	16809985
55588341	36865
72323913	36866
59758869	37120
61813677	1610613248
10073145	2147520512
12211545	4362108928
67253637	8552448
42688281	671088768
76785717	1073742337
36183009	1610613248
13652049	4328554496
3930105	327696
65910333	1610612992
3505989	2147520512
47112501	150994945
7241061	201326593
72417225	150994945
1378605	2147483714
14472417	2147483666
37196157	539000832
33075525	67158016
3876969	2147549185
72316461	1610613248
47707689	1610613248
32700657	4362108928
71224905	1610613248
11931609	1610612992
44090229	2147520512
76003257	1081348
41502441	1610613248
56555805	1073746432
10820937	4311744513
37383429	196610
41705913	4311744513
56237637	2147483682
51251925	2147520512
7096233	10486016
47873901	2147614736
38128305	36865
62190489	1610613248
55103961	16781313
38387505	1073766400
73725213	67141696
37683129	36865
3470997	1074823168
27611913	671088768
51301821	1610613248
53618745	671088768
62022333	1085440
52346073	524353
13562301	1081856
66728109	134218753
33147453	24577
43371273	671088896
68278125	1085440
15574665	2129921
32901213	135266308
48135045	2147520512
47629605	671088768
1964721	135266305
43912029	4362108928
4514925	2147487746
58800153	2147524608
44023161	98
60102633	4295004160
32306997	2147549200
34296033	671092736
947685	1073778688
12587061	36866
21712845	1081348
33357729	561152
27527997	1081348
27691941	5435817984
57665505	528386
66167589	3221291008
79165821	1073778688
62703705	36865
24185289	2147520512
60162897	299008
56803665	53248
62774337	2147520512
57726741	327681
55937937	1081348
12535869	75497473
2205453	36868
7885173	1610613248
30280377	1610613248
53753853	286261248
55921089	1610612992
35639661	2147487760
59475693	67108929
78618909	671088644
35524641	37376
53052717	4362076161
60998817	2147520512
21472113	1082134528
76784745	4102
52370697	67141633
79322313	5435817984
10106193	1610612992
79073157	2147553280
42366549	4362108928
44405481	1073774593
4196109	2147483682
31200213	1610613248
52930245	1085440
60150261	1085440
202485	16910336
7358025	2147483666
61431357	2147520512
68342601	2147520512
49387629	4311744513
38275077	4311744513
50706957	1085440
60744801	1081348
53266233	2147520512
105285	67141633
68061369	1610613248
80354253	33088
53146353	1082163200
40676241	75497473
64643817	671088768
78790953	1081348
55419537	1085440
78436497	53248
22842957	1107329024
52057065	1610613248
74921421	8392736
33560877	4294971393
17104269	2147484674
13636497	1610613248
17963517	1610612992
2265393	2148012032
1584669	2214592513
21918909	1610612992
13226961	536871170
24133125	100663297
12004185	36865
26295825	4429185028
44769981	2147520512
28104717	671088768
7541733	2147520512
57147105	45056
24018753	4295000065
3038457	4362108928
25944285	1610613248
37578153	1085440
122457	67141633
67639197	36866
40499985	17301568
44347161	150994945
50706633	4362108928
393645	8458240
53962509	1610613248
39232173	36865
17006745	69
40322109	1081348
63476121	1610613248
7151313	36866
4478961	537919492
33174345	67141633
64394013	2147487746
1248033	1610613248
74436717	36865
1862013	1081348
44927769	67108929
36110757	1610613248
11549613	524298
65812485	167936
64505469	3221229568
47428725	2147520512
48529029	671088768
60736701	8421408
52314321	1074069504
47883297	1610612992
58131741	561152
67503117	67141633
25941693	1074823168
61728465	1610613248
8593113	2147520512
40284525	201326593
74752293	100696064
27725313	1081345
18243129	57344
53380929	36865
9790941	1610612992
70036797	1610613248
30917037	67141696
80827941	4311744513
75915453	36865
43319757	134217733
93297	134250497
48458721	67158016
27739893	1140883456
49192905	2147487746
63458301	4295004160
43626585	24577
3807957	1073778688
78523653	36865
11181549	2147520512
45612057	24577
35196753	3221225474
19414713	53248
38215137	1610612992
25041945	1610613248
41721789	37376
21822357	16809985
66685665	150994945
40057077	524864
76548873	24832
18744357	1081348
54319233	4362108928
995961	37120
72556221	2147487746
74829405	16912384
44665653	16912384
53841657	1030
91353	134250497
79283433	1610613248
27813117	3221229568
25786821	1085440
51109689	671088768
64449417	134254592
79523841	1610613248
46578873	1085440
72792093	67371009
15814101	1074823168
49010817	671092736
48436365	1610613248
66020169	561152
34430493	1610612992
8090265	150994945
1367913	1610613248
67330101	4311744513
49369485	671088768
65777817	1610613248
38870589	528385
60501801	1610613248
23898873	201326593
55148997	671092736
73810101	1074270208
60166137	1610612992
74298369	1081345
2367777	4226
55169733	1610612992
39091233	1085440
62512869	32833
29525457	196610
78053853	36865
956109	2147487746
42369789	5368741888
31397205	800
17078997	4295491648
56808201	1082134528
75419733	16781313
9315309	2148012032
23578761	17301568
1610589	1610612992
52002309	671088644
26602977	671092736
23890773	4295000065
63828633	1610613248
77714301	134283265
79152537	4362108928
43696245	1074266176
59573541	98305
48002205	100663297
34481361	134217860
17909409	1610612992
59216817	1073778688
7602645	36865
73502625	1610613248
7198617	8392705
42667869	2147520512
27313833	2147487746
52737789	1085440
54196113	83886081
22381581	2147520512
17119173	57344
17191425	1610613248
79852701	536871680
35585229	1085440
80922549	36865
43579929	1073778688
76819737	2147487760
56992557	1610612992
15397437	33591296
12882225	672137216
19135749	2147520512
39171585	1073778688
46812153	671092736
49749861	1082163200
2831097	134221825
20069841	1610613248
40932849	1610613248
69812265	4130
75667917	1073778688
6063969	1610613248
79591557	1074823168
57791541	37120
9077169	4328521729
80612157	1610613248
143517	16809985
26130261	167936
60313881	1610613248
76081665	37120
9742989	4311744513
8518593	150994945
42709665	36865
18889185	67
24229677	67141633
31842381	8392736
4554453	8392705
20694189	1610612992
34637205	36866
1527321	671088896
33251781	2147616768
48339813	16777249
33175965	97
43326885	1081345
41274345	4362108928
49907325	57344
12934389	2147520512
61747905	2147520512
3439245	70
74293509	1610613248
55596117	1610613248
63895701	4295000576
57802233	1069056
25647825	1073152
33913713	1081348
45543693	2147487746
47642889	1610612992
60355353	83886081
14891025	1074823168
65562033	36866
51373749	67141696
1359489	16809985
16557357	4362108928
47405397	1610612992
77717217	4395630592
62879313	1610613248
75206217	2147520512
42091149	67141696
19960653	2147520512
61457925	1073872900
2942229	83886081
6302109	1610613248
64494453	3221229568
51257757	1073778688
3773937	671088768
61389885	2147488256
57045045	671088644
51439521	2147520512
79321665	1074823168
71697945	1610613248
63386373	671092736
47416089	4311744513
52036005	1610613248
51873033	2147487760
73848333	1610613248
23381445	4295004160
60567897	1074823168
52386249	4295495680
57972657	671092736
1872057	1085440
25907997	1085440
41136321	671088768
3028413	1115136
67295757	37120
18447897	1610612992
56588529	5368741888
41889621	524298
40508085	1610613248
14556009	671088768
32028681	36865
59547297	1140883456
68734641	37120
27578541	1610613248
71747517	16809986
8467077	4563404800
75077589	2625536
28448481	4106
51346209	36896
54646797	671088896
49745973	1085440
10980669	32833
46605765	1115136
33860253	4362076161
52259241	1075843072
28643529	1085440
64351569	4395630592
29771049	67141634
51174489	3221229568
66501309	4362108928
45463989	4311744513
45269589	36865
47743653	2147487760
46890885	67108936
12773037	134221825
43794741	671088768
77104857	135299072
40904985	1081348
17735745	2147483666
73772517	3221229568
9465969	578
2430633	1074823168
22485909	4296048640
38461701	1074036736
68693817	67141633
1407765	83886081
30624465	1058
47355825	36865
75964053	1073778688
55970661	4362076161
61830849	1073766400
57277677	16814080
69343113	36865
80633541	2148012032
38900721	16912384
50709225	1610613248
53196573	672137216
47975637	671088768
32781981	1610613248
20460261	4296048640
46365357	1073762304
19391709	1081348
47263485	671088768
15799197	1610612992
80189985	37376
27815385	4295000320
47928981	1610613248
26891013	67108929
80985405	1610613248
69720249	1073778688
19088769	201326593
58911609	4295000320
5015829	671088644
30763785	4303388672
56008893	4311744513
26934105	36865
73286841	1073774593
38866701	1081348
47218125	1610613248
76463985	3221229568
47414469	2147520512
56349093	2147553280
26569281	286720
63345549	83886081
62984937	83886081
12669681	1073778688
58934613	671088768
64650621	1073762304
60952809	150994945
20482293	67108944
65770689	1073778688
32305377	37376
12864729	16912384
4237581	32833
78272553	1610613248
7036617	67108867
928245	37376
77061765	2147520512
38770473	4295004160
76856025	671092736
11972757	2147487760
40195749	17334272
55125669	671088641
61891113	3221356544
59973033	1081348
48997857	671088768
44207841	536871172
65633637	4362108928
22291509	4296048640
10230285	1140850689
69936681	1073778688
62517	1085440
28940313	20512
17076405	1610613248
52242069	4130
139629	4295000065
64014285	32833
25798809	671088768
76127997	150995072
13871397	4362108928
42268377	1073152
46237701	671088768
27336189	17301568
16535649	327696
77832885	16814080
68822121	1610613248
36643737	1081348
68435913	1610613248
27989049	201326593
54577137	2147520512
19174305	2147520512
3693585	1610613248
121161	4311744513
31635345	2147616768
68161485	16781313
73863237	1081345
51222117	16809985
38006481	2147520512
32387673	4362108928
28782201	1085440
18333201	524354
74295453	1081856
15039093	1085440
12123093	2148012032
7223889	561152
46280793	1610613248
80431041	3221356544
81013593	671088768
39469017	8392705
23410605	57344
56314101	1140854784
13028025	16777250
52820733	1085440
43268241	16777221
1440489	1085440
74774649	1081348
47299773	36865
51517281	50
478857	4296048640
35255073	1140883456
7002597	1610613248
731253	67145728
19915617	150994945
33522645	1610613248
10012233	83886081
43439637	671092736
60529989	671088644
49301121	1140850704
37382781	196610
48823221	1074270208
30402849	28672
43283145	278529
55420509	671088896
80897277	671088768
81048909	1081348
51758661	1141112832
28236261	67141633
20220825	150994945
78543741	1073778688
69693357	33536
17596101	28672
64967817	83886081
12697221	36868
32819241	1074823168
156153	561152
33710565	5435817984
36157413	561152
52281597	16781344
12407889	3221229568
53813469	1610613248
59954241	2147487746
9228477	137216
36243597	1610613248
17483997	16777250
61796829	201326593
81362541	8392705
76470465	671088644
17402025	8425472
79032333	5368713216
33259557	36865
17834565	2148012032
11981181	36865
47445249	671092736
5711457	2147553280
35266089	2148012032
44698701	2101504
10962201	67108929
127641	134250497
43416957	671088768
58587285	1140883456
72185889	4294967361
21805833	4311744513
7012641	1610613248
80230809	671088768
63897321	1610613248
5624949	561152
18569397	524354
29774613	1610613248
6305673	2147487746
64058025	134221825
67061505	16809985
60874077	671088768
37162137	16777250
76996317	3221229568
20482617	3221229568
10910037	4102
38607177	1073872900
45487965	1610612992
74551413	1610613248
17956389	4311744513
66130329	1610613248
79531941	4311744513
36761997	2147618816
4528209	102400
1026417	134250498
2536257	33559040
37596621	1090519041
4259937	1610613248
2822025	36866
78846357	2147487745
50994669	8392736
41292813	4311744513
850485	1073872897
58680597	2147520512
68400597	4311744513
16637709	4295000065
81645393	2147487760
70544829	4311744513
31737	36865
64082649	24608
59721609	1610613248
23031849	1073745921
40205793	4294967330
67025217	1081348
51046833	671089152
2822673	4311744513
11161461	2129921
79457097	1610613248
60091293	36865
4215225	1610613248
2314317	4295524352
50423781	1610613248
55981677	2101504
59574837	2181070848
65585361	36866
77748645	32833
34411053	16781313
2041509	2147549185
43607469	3221229568
296445	671088768
3393885	4294971393
74894205	67141633
28963641	2147520512
31769805	1073778688
1665021	1073778688
63291765	4395630592
2651925	1610613248
18395085	8425472
58906749	8425472
33734541	36865
69547557	2148073472
67464885	16809985
1114545	1073742084
29505045	1085440
52582917	1610613248
25423941	33344
69954501	1073778688
12056025	67112961
40880361	8705
36019389	4295000065
6443697	67141633
77173869	2147487746
30466677	1610613248
36147369	1610613248
26637645	1610613248
64050573	1610613248
11471853	671088768
62516433	8425472
60042369	1610612992
13777113	16810240
47756613	1610612992
68859705	4311744513
74789553	16809985
31688157	16809985
26014593	2147520512
39079245	4362076161
3626193	1610612992
67944405	2181042176
28910505	1610613248
42081105	671088644
57078741	561152
4294281	2147520512
15828357	83886081
29671257	4362108928
13434969	2181070848
44897637	525056
1843545	2147520512
6252861	671092736
71711877	4311744513
6118725	16777250
35570973	16809985
22215369	8425472
30602757	1073745921
58620009	2147520512
70522473	4295000065
18634197	331776
46467093	671088768
23999313	672137216
46902873	83886081
47552493	4362076161
39971541	1081348
70638789	1610613248
27695505	4362108928
10829037	33554438
51692565	2147520512
47037009	1085440
49878165	1610613248
3237717	45056
1693857	1074270208
35640309	67637248
72350481	1081345
41806677	1090519041
31994013	38912
31696581	32802
39881793	1610612992
2440677	4294971393
31725741	3221229568
23122569	4311744513
51567825	4362108928
3685161	4362076161
21160749	1107296257
44757345	36880
44855193	4328587264
68576529	1610613248
31068669	4311744513
1621605	1610613248
12929529	67108898
47261541	36865
51911913	4294971393
50082609	1610613248
65529309	67141633
44460561	671088768
20842581	1082163200
49484505	135266308
69629529	1085440
44324157	134250500
2108253	1081360
10425333	4311744513
78618585	671088768
724773	2147549186
21015273	2147520512
44760909	525314
11735589	4328554496
25752153	671088768
13273293	16389
53812173	1073774593
343749	671088641
26412789	4362076161
5675817	1107296768
2462385	524672
19609437	37376
10530633	4395630592
51352689	36866
66568701	1610613248
53736357	1610613248
2859933	4362108928
13824417	4362076161
8444721	67158016
48306117	671088768
78847329	16912384
79038489	2147483682
38086509	4295000320
57284805	1610613248
12751977	134221825
9709617	1610613248
1537041	4162
33464001	4311744513
47259597	4311744513
69533301	1610613248
7545945	671088768
78300093	150995072
73438797	1073778688
5851749	2147520512
53768109	561152
58140489	201326593
55520949	1081348
26160069	16908290
5098773	5435817984
35044473	37376
52604949	134283265
26569605	135299072
81533289	1073778688
45681393	5435817984
79636269	37376
34220217	524322
73443657	1610613248
9005565	2147520512
5714373	4362108928
3428229	16809985
17060853	36865
24081285	16389
911073	1085440
61217517	1073872900
4142001	1610613248
1671825	1140883456
37377273	671088768
61185441	536903684
76007469	53248
63317361	1610613248
74054073	16781313
55972605	1610613248
6551589	4429185028
23529513	1610613248
44382477	2147520512
29548461	2148040704
26024637	1610613248
58865601	2147520512
55961265	1085440
38133813	1610613248
73645509	561152
42844773	36865
57971361	671088768
66416421	1081345
1578513	4311744513
12894537	671088641
3457065	83886081
7790565	2147489792
31887417	1081345
17037849	276828160
1001469	327696
76172709	1074282496
57575433	36880
29145	37376
1934265	67141633
52174029	1074823168
22283085	4362108928
75585945	57344
13649781	1610613248
76125	67141633
69058965	1610612992
58305	67112961
52314645	1610613248
42913461	671088768
26544657	671092736
47276445	1610613248
47894313	1074823168
68129409	36865
33311721	800
28466949	1610613248
38990793	150994945
72281793	1610613248
53383197	1073778688
76681389	57344
24418245	2147520512
13876581	1085440
42515265	4395630592
2136441	32778
60244221	36865
52730013	17301568
6577185	67141633
18255441	83886081
55764921	2147520512
72336225	5435817984
44444685	2147618816
72355665	1073745922
18440769	4295000065
33077469	1081345
77059173	1085440
74665461	167936
65209521	1073741857
6598893	1610613248
2123157	1610612992
2350605	150994945
28519113	32833
21861885	36865
67672569	1174405120
24933081	201326593
70064337	16814080
40142613	671350784
44936193	2148012032
24915585	1610613248
53701689	2164264960
49716813	671088896
36980373	2181070848
24461661	1082163200
60450933	1073746176
43111425	37376
65528337	134250500
19163937	37120
38561817	4295000576
78976281	1073778688
52669101	1081348
34078629	1610613248
80394429	1081348
47662329	1610613248
27600573	528385
20125893	67108929
73090821	2147581952
12471717	1610613248
75430749	3221229568
7058973	40961
30980541	83886081
40814913	2214592514
3853965	2147520512
25010841	67108870
81272469	37376
54655545	671088768
49399293	4311744513
39617085	671092736
76761093	2147520512
23972745	671088644
61143969	150994945
20244801	134250497
49775457	16781344
46491393	2147487746
6094425	1610613248
40806165	16781313
24563073	1610612992
70911921	5368713216
76843713	327681
8734377	1610612992
71434533	36865
52410225	331776
11751465	25165825
3394857	1610613248
19443873	4362108928
70213377	2181070848
21832401	1610613248
60749661	4362108928
77917773	65553
48913293	4362076161
77307033	4311744513
31790865	671088768
193737	1610613248
27272037	671088768
20571069	4362108928
49380177	528385
7408893	1610612992
26182101	32833
43820337	5368709121
68353941	524322
42322809	2164264960
61481901	1610613248
56477721	3221229568
34505661	75497473
9471153	1610613248
24127941	201326593
55392969	8716288
366105	1610612992
7586445	524353
2920197	1610612992
6983157	134221826
54377229	4130
59169189	2147520512
4016613	2147487746
16791609	671088768
48147033	3221229568
61498425	1146880
15146985	1610613248
81658677	5435817984
8262957	167936
66386289	1081345
54508449	134283265
27948225	201326593
74501517	2147553280
36264657	2147553280
53172597	196610
49814013	687865856
53721777	1074823168
1238313	17301568
62977161	2147520512
33486357	4295004160
57471105	2147520512
61293981	1610612992
26046669	17334272
42781593	1082163200
2061921	17301568
18976341	1074823168
7013613	1085440
7316229	1085440
71584869	4311744513
55762005	1074823168
14857977	2164264960
76553085	608
36209253	4295000065
27830937	4295000320
12937629	671088768
14699217	150994945
4456929	1610612992
9028245	2148012032
22815093	2147520512
69318489	1212416
50972637	36865
11689581	1610613248
14598129	28672
8160573	137216
37084053	37376
12142857	16912384
20570421	6146
8789457	1085440
77134341	4328554496
1960509	800
19955145	150994945
71313681	1082134528
74296425	537919492
53837445	67375104
774345	134250497
17218317	1610613248
38381349	4362076161
63973785	1610613248
13628721	32833
52089141	3221229568
75741789	1073745921
45012009	671088768
6290445	3221229568
65827065	671092736
352497	1085440
48406557	28672
28430337	4295000065
53041053	671092736
81749721	163856
34164165	671088768
56495541	524354
56290125	561152
46958277	16777476
20902521	1610613248
55563069	137216
46548093	24580
8443101	4295065600
2695989	1074823168
8036157	285216768
51972825	67141633
20560377	1073750528
27819273	1610613248
15140829	1610613248
61324113	1610613248
20575281	36865
1214013	33587712
52943529	524353
23669481	2147520512
74920449	201326593
59171781	671088644
60235473	37376
71559273	2147484674
65571429	37376
71285817	1140850689
67930797	1610613248
2808093	1073778688
9482493	150994945
42187701	36928
46529949	3221229568
27640101	1610612992
77381877	4311744513
38076789	8392705
54513957	3221229568
22811529	671088768
30985725	4311744513
71817177	2147520512
57937341	2625536
42409641	4130
61698981	1085440
23841201	4161
2610129	16843776
78280005	671088768
41139885	36865
38644761	1610613248
24107529	1610613248
33181149	2101312
30231777	8425472
9232689	16809985
67246185	1610613248
77655333	36865
43168773	2148012032
17315193	134217888
3941445	83886081
25088925	1085440
19472709	4295004160
30181881	671088644
72740253	1610613248
58305405	1073774593
352821	2147520512
6262581	1610613248
63266817	4395630592
38170425	1090551808
40402461	83886081
479505	4295524352
9912441	2147520512
64858305	4362108928
16026321	83886081
67683909	1081348
1970229	2621504
42171501	4295004160
4513305	32833
34056597	1610613248
13737909	1610613248
17983605	1610612992
80157261	671088768
2188605	1610613248
55942473	2147549186
46662465	4353
3483957	1610612992
59049309	1081348
12907497	36865
50520333	2147520512
9675597	671088768
79425993	1081345
48503433	671088768
7031433	83886081
79893525	1610613248
54382737	1081348
78009465	671088644
28098561	1074270208
36016149	4362076161
68678265	671088644
35404761	1081345
69574449	36865
46831593	2147749888
72785289	671088644
78702825	5435817984
19207677	2147553280
63818265	1610613248
32976057	1610613248
7147749	4311744513
3088029	2147581952
1899273	4362108928
37829253	671088768
49728153	36865
46465473	2147520512
60229641	2147524608
17368329	83886081
70992273	37376
66098577	1074790656
57065781	1610613248
21652581	83886081
2488953	2148012032
24236805	2147487760
16959117	671088768
46438257	1073774593
6237309	66624
78813309	134234116
76449081	8392706
60595437	4362108928
2951301	2148012032
46887645	1610612992
32790405	671088768
68829897	536871170
27833529	4295000320
6216573	33028
34204989	134218753
20368569	1174405120
14440989	671088896
4243413	134217860
18782589	32833
73982145	4295000576
37637121	2147520512
144813	2147520512
57682029	33591296
64205445	1610613248
11812377	1081348
52520709	671088768
32930049	4102
73796169	5385486336
23979225	1073774593
33218733	16809985
78062601	16809986
19417305	1610613248
53535153	24580
24174273	1030
57672309	1081345
51991941	1610613248
5177829	32833
51220173	671088768
6119049	1610612992
78957165	3229614080
3246789	4226
62685885	1610613248
77045241	36865
72583761	1610613248
27332949	4295000068
17468121	135266308
74156133	2147483682
36529689	2147487746
58585665	1073775104
36002865	2147487745
56979597	2147520512
11834409	201326593
63549993	2147520512
15707505	70
26746509	1610613248
66745281	83886081
76814229	1073778688
78324717	4362108928
64261821	1610613248
16699269	1610613248
2771805	4102
61354569	67108929
48997209	1081348
16565457	1081348
53217633	1610613248
23704149	4295004160
326901	2818572288
39429489	2147520512
24374181	1610613248
12055377	4311744513
32586933	167936
15261681	2148012032
9159141	262210
49522089	4362108928
2270901	525056
80170221	37120
59556045	1140883456
63304077	67371009
75145953	1074823168
16281309	35
26530725	4295004160
61850937	1610613248
32352033	2147520512
68211381	150994945
15234465	1090519041
78850245	16814080
65369577	36865
52118301	1073741860
66271269	37120
23970477	1610613248
5773665	2101760
68308257	2147487746
242337	70
26679441	2147520512
22290537	671088644
63468993	70
44808861	1610613248
66326349	2147520512
17595453	1610612992
40809	32786
34896081	32864
50430585	1610613248
80767353	2147520512
17968053	36865
61679541	2147520512
20792685	5435817984
20281089	1610613248
36032349	4294967361
37052949	4362108928
36061185	4311744513
19344729	1610613248
76395945	16912384
40483461	33591296
62578965	1085440
53478453	671088644
64277697	16777281
70075029	3221229568
246225	4102
52019157	1097728
383277	1610612992
50629845	536875520
42227229	1610613248
17150601	32833
36785973	1115136
149997	2147520512
3745749	4296048640
11954613	16779268
59347065	1610613248
1034517	67141633
6331269	536875520
13282365	1677721600
5569221	1085440
78014649	100696064
59993445	5368713216
6738537	150994945
5716641	1081348
12383589	2147520512
65056593	1610613248
49819845	135266308
47146521	2164326400
8246757	1073774593
10184925	1140883456
33325653	83886081
58186497	1073876992
31410165	800
22627497	2148012032
19580601	524353
36235497	1140883456
79168089	36865
3424341	4362076161
50907837	1081345
44179977	3221291008
7276053	16912384
59473749	2625536
53700069	36865
37546725	1610613248
63106761	1089536
24893229	67141633
22151217	1610613248
4388565	2147488256
63529257	102400
67588653	1610612992
56134281	2134016
69151305	4311744513
31436085	671088768
19286733	1081345
50554677	1610612992
72216993	561152
17310981	102400
31393965	8585216
21730341	16809985
61767669	536870917
3473589	16812032
28467597	2147520512
63511437	1610613248
63565869	36866
21887481	4311744513
32585313	135266308
4998333	167936
22701369	4295004160
2637345	327696
63489405	671088768
68139453	1081348
62131197	671088644
42226581	2147483682
21431937	327696
3730521	561152
24158721	671088644
2174349	135184
12043065	16781314
39193617	1081348
54970473	1610612992
73011117	36866
64615629	2147487760
42165021	671092736
44218857	1610613248
50394945	1081348
32060109	4295004160
22983249	67141633
38724789	67141634
64696305	65553
1874001	1610613248
34844241	671088644
50351529	36865
20904141	32833
42632229	1610613248
56744049	70
35482521	4362076161
78881997	17301568
54362325	4311744513
13214973	36880
23546037	83886081
58944657	36865
48637569	671092736
8652081	1610612992
57174969	2147520512
67021653	671092736
80660433	1074008064
60372201	1610613248
49891125	8425472
36156441	17826048
79440573	4362108928
54642585	1073762304
12187569	671088768
3051741	24577
75357849	3221229568
50988513	4311744513
5879937	671088644
62280237	1048610
70371165	2147487746
25655277	134217733
78139389	67141633
44590161	671088768
28951977	4429185025
43366413	135266432
1874973	1610613248
10540353	1610612992
12386829	16781313
23016297	1610613248
66866133	1610613248
81343425	1073774656
2509041	36865
28117029	1610612992
5025873	8425472
74123085	1074270208
58629	1610613248
21996669	672137216
9445881	2148012032
6277485	2147520512
15151197	1085440
72151545	32833
66535005	67141696
53522193	671088768
34369257	2147520512
15269781	3221229568
71329233	1610613248
37987365	1081348
47327313	2148007938
15311901	1081348
65634285	1610613248
429609	1610612992
551757	4311744513
76968453	1610613248
39986121	2147553280
54118029	1610613248
62327217	1610613248
39476145	57344
104637	67141633
67821609	4362076161
36891597	1610612992
19033689	16809985
40536273	37120
78743001	2147487746
81634053	671088768
3081549	49664
12455841	671088644
26533641	2147520512
35069421	2164264960
5424069	2147520512
11434593	1610613248
63389289	4311744513
1825077	1610613248
37708077	2147520512
46276905	4311744513
41089341	3221229568
13758969	70
34373793	200
40653237	4295004160
27619365	3221229568
57007137	557057
45705045	8425472
77350125	1081348
33193785	20512
19186617	671088768
52695669	1610613248
21997641	4362076161
67456137	36865
50239425	36865
2282889	2148012032
19703721	67141696
21933165	1085440
10379001	1085440
56920305	2147520512
23837637	4311744513
3898677	150994945
43008393	671092736
585777	4295004160
24160341	1048582
27931053	4161
77665377	1073778688
1638777	2147484688
33332133	2147520512
52132233	1085440
42361365	57344
740973	5402263552
36513489	2147553280
70560705	67141633
74961597	1085440
22900305	32802
6315717	2147520512
25048101	1090519041
21132561	1610613248
40326645	4294971393
30580401	1140883456
38276373	4295000065
76119249	1081348
40730997	1085440
67877661	1610613248
371289	83886081
46851681	32864
24571173	8425472
2532693	33591296
41320029	671088768
68572641	1073746432
42587841	327681
23284893	150995072
81255945	2147553280
13863297	37376
19962597	1081345
22548441	2701131776
24570525	2181070848
69914649	4162
21158805	16809985
27509205	2148012032
27816357	4295000320
32780037	2147487746
27478425	671092736
60415293	1610613248
38001621	4311744513
2044749	1085440
77396457	67141634
36029109	2147520512
8099337	8523776
37368849	196610
79496301	1073775104
6062673	2147487746
81160689	1073778688
427341	1610613248
74612325	1610613248
74899065	671088768
70561353	4395630592
80624145	4362108928
21158157	16809985
58002789	4362108928
3018369	1610613248
18974397	150994945
37380513	196610
10671249	524548
62145129	1610612992
981057	1030
50868957	1610613248
73316325	1610613248
67862433	2164264960
30765	2147487746
40382373	1610613248
87465	67141633
4144917	16810240
42060369	2148012032
16898205	2147520512
35575185	4102
34918113	327696
70093173	1610613248
58799181	2147524608
35930937	4294967361
65609013	83918848
17212485	134250497
5248137	671088768
17762313	4295000065
42761505	32833
63091209	4311744513
66306909	4328554496
55165521	1610613248
54741	4295004160
11629965	1610612992
57275409	1090551808
55348257	1074823168
21856053	1085440
54136173	8425472
50098809	36866
18272289	3221229568
51088953	2147553280
47413497	1030
54426801	1073778688
74024913	1090535424
81704361	1081348
74259165	67141634
18274233	671092736
10737669	83918848
2447481	671088768
54009165	1610612992
65481681	537919492
2056089	101711872
13570077	135184
30890469	1610612992
7162653	134225921
43649265	671092736
44062689	1610613248
74752617	6442455040
4595925	36866
32313477	1115136
28869033	671092736
7469157	1610612992
1391565	16809985
42883977	2147520512
74504757	3221229568
22429857	671088644
42920913	1073778688
22103265	536873472
41407509	1610613248
35647437	671088768
52381065	2147488256
81697881	36865
21753345	57344
61063293	1081348
15861405	83886081
16038633	83886081
69556629	1610613248
56235369	53248
63024141	37376
60946329	1073778688
56160849	2147487746
24722481	1073766400
76587429	1073778688
46660521	1073876992
44721057	36865
10385481	67108929
39282069	67141696
31867329	37376
49399941	32833
61397013	17301568
17317137	2147487746
48921393	2592
5757789	1610613248
50802537	1610613248
43236489	2147520512
68050029	537399296
19075485	1074823168
609753	1610613248
25473837	16814080
48272745	2147520512
32462193	1610612992
41367657	4295000065
47499681	67141633
27095133	2147487745
42628665	36865
36083541	2147520512
32285289	1610612992
3279837	524802
30490977	4311744513
39512109	134217761
63378921	1610613248
79141521	2147487745
50284137	4311744513
11111241	671088768
41471661	1107329024
27314157	2147520512
39440505	4295000065
5592225	17334272
72922665	4362108928
68652993	67108867
69867021	1146880
47170173	671088768
12913329	671088768
2429985	32834
46905141	1610613248
33291633	2147520512
27845517	4295000320
44889213	24580
15676401	4311744513
497325	1610612992
5037861	2147520512
62149989	33587201
16014657	1610613248
57830421	1610612992
772725	2147483682
66192537	671088644
55154181	1610613248
29210529	4362076161
13411641	2147520512
24187557	68190208
67140561	2147520512
1075341	1073152
32445345	4311744513
22110717	671088768
27817977	4295000320
69177873	16912384
59843433	1610613248
66352917	2147549200
13271673	4362108928
55728633	16814080
6536361	4311744513
47083017	36865
57297441	67141633
30113841	8425472
72541317	1610612992
62193729	1610613248
16141017	67108960
65579853	4295524352
619797	327696
44677965	1610613248
7257909	2147553280
1583697	671088768
46981605	67141633
16435533	3221229568
63974757	1073778688
32372121	1048582
80097969	135299072
15340413	150994945
31089	1085440
53437629	17301568
28809741	134217733
43230981	1081348
67223181	1082134528
72495957	327696
24383253	1610613248
929541	2148012032
12670005	671088896
32858769	1610613248
36896133	671088768
55935669	17334272
53528349	671088768
8756409	1085440
5267253	1081348
52638645	1085440
33953889	134221825
35637717	1610613248
28248573	2148007938
4750797	1610613248
13005021	1090551808
10199829	57344
78179889	5435817984
6109005	1610613248
65212113	4362108928
107553	150994945
25549977	1085440
10486569	1074823168
59835009	344064
70957929	4295004160
41325537	1610613248
21840177	16809985
51562317	671088641
47290053	4864
27651765	1610613248
56952705	671092736
38753949	4362076161
5760381	1610613248
72271749	201326593
61998033	2147487746
23938401	4311744513
55000929	4362076161
59496105	1610613248
42274857	4362108928
55550433	2684358656
74676153	37120
9878745	1610612992
8084757	36865
22700721	17301568
37025409	1610613248
36999813	1610612992
53018373	671088768
40443609	1081348
14712177	67141633
6125205	36865
72237	2147483682
9074901	2147487746
5963529	1074823168
65415585	4295000065
2682705	36865
57348957	671088768
12542349	671092736
46621317	1610612992
76591317	1058
4474425	1610613248
50987217	16814080
40934469	1074270208
43737069	5377097728
34624245	671092736
42086613	1610613248
18502977	37120
81010029	4395630592
26117301	201326593
17170689	1085440
80724585	3221229568
65251317	4362108928
22061145	24577
41288601	2147520512
21548253	1610613248
42900501	2147487745
78639969	16814080
40520397	1073766400
54519789	4311744513
6141081	67141633
74983953	1610613248
37381485	196610
8380245	67633216
76607841	24580
22454481	1610612992
71741361	1610612992
73285221	1610613248
62332077	4362108928
47523657	671092736
10158681	4294971393
26006493	201326593
81161985	134250500
66919269	1610613248
18478353	1057
74645697	1073745921
67323621	70
50253681	136314881
26206725	1073742592
45200577	16809985
39180981	1081345
9856389	1610612992
6558717	671088896
27441813	135266308
74578305	4362108928
960321	1081348
49890801	8392706
76451025	36866
34400685	2147488000
23674665	4295000065
19956117	150994945
45514209	4362076161
71239809	196610
41129193	1610613248
34693257	524354
12421821	671092736
26376501	1610613248
19970697	37376
67395549	4295004160
2085897	5377097728
71935437	36865
47074917	16781313
1971849	65554
8287257	2147520512
67097793	4362141696
70035825	16814080
64804521	1073778688
66776385	671088768
48927225	37376
79656681	2147520512
49662057	4311744513
44934897	536904192
7482441	134479876
9603345	1085440
56624169	4311744513
60156417	5368713216
67608093	4362076161
54502293	524354
48428913	4130
19101081	2147553280
41743821	1085440
28884585	134250500
69439017	16781313
7837221	16809985
74842689	671088768
78842469	1082163200
68776761	1085440
63325461	17334272
47099865	4295000065
45681069	67141664
76309437	1074823168
17642433	4362108928
47028585	1081345
1677981	135266308
18985089	1073778688
2915337	2147487746
55873461	1073876992
41968029	36865
76234269	5368709121
79252977	5435817984
3725661	1085440
840441	3221229568
1101261	1610612992
51533805	4106
74393301	5368713216
12762669	35
21936405	36866
1231509	1610613248
73904061	1073778688
78976929	5435817984
24098457	32840
49851273	1610612992
36412077	150994945
10031025	2147520512
34041693	67
17118525	4311744513
72829029	4295000065
10687773	1610613248
31400445	800
11650701	1610613248
48192717	53248
17263029	1610613248
68658177	1610612992
37896321	2164264960
7437729	2147520512
38917245	16781313
1496217	142610432
25218849	4102
14176605	2147487745
33999573	4311744513
48206325	37120
47707365	4362076161
35512005	1081348
70785885	1610613248
21047997	1082134528
75085689	36865
73821765	36865
31661913	528385
442893	4295004160
64763049	1082134528
19569261	262210
22071837	671092736
1634565	37120
40088181	4130
23016945	1073745921
78889773	1074008064
19645725	1073774848
20752509	28672
33756573	1610613248
47294589	4099
37458921	4362076161
66656829	1085440
56631621	327681
76692729	37376
78399237	1073778688
39402921	268568576
57992745	16814080
78653253	28672
38430921	1140850689
9852501	16781313
78156561	1073746432
14355453	671350784
26842413	671088644
853401	524354
41814129	2625536
38381997	1081856
745185	36896
14256309	1146880
59873241	16814080
16617945	1074008064
904593	299008
13769337	2147520512
52817493	67141633
74043057	1090535424
51052665	134254592
52461417	1073778688
33793509	1081348
13397061	1212416
41819637	1610613248
18720381	1610613248
1853589	557120
42805245	1610612992
39061425	36865
37668873	16781313
30848997	4102
33889413	1081345
8500449	1610613248
65595729	4362080256
65392257	5435817984
4796481	8421632
39127197	671088768
32199429	53248
70939461	50
57329841	671088768
2483445	17301568
65811513	4362108928
43266621	671088644
16592025	327696
44937813	16814080
24969045	1073746176
41439909	344064
28741377	73
78643209	36866
56909289	134217762
15634281	138
21139041	4130
74838801	4295000065
36610041	1081345
38946729	2214596608
5693961	2148012032
38986905	2147520512
23415789	1610612992
34949217	32802
60655053	671088768
15967029	1610613248
57305541	1610613248
30813033	2147618816
7099473	1081345
50540097	1610613248
11365581	1073905664
41061801	4295000065
6501369	1085440
927597	268568576
42932577	1610613248
11951049	1610613248
72797277	36865
36207957	53248
3183933	2148012032
21133209	1057
56701605	1610613248
18041601	67
1019289	37376
60490785	67141633
3642717	671088768
11699949	1073778688
7542057	40961
45325641	201326593
51163473	1610613248
10890597	671088768
25472865	16777252
1669881	2148012032
23622825	671088644
430905	1074069504
10729893	1610613248
51349773	1610613248
78262833	3221356544
47245017	4362108928
9365853	1610613248
1237665	1610612992
39374409	1610613248
18351021	327696
41950209	1074266114
14945781	4295004160
23129049	1610613248
5663505	1610613248
48304173	1610612992
17293161	4362076161
15505977	1085440
11528229	2147483666
32275569	2147520512
70873365	671088768
5323953	67158016
55718913	36865
18740469	32833
13294029	1610613248
64607205	5435817984
64721577	1610613248
66283581	53248
30849969	1073766400
7395285	4295004160
48528705	4295004160
41103597	4130
38884845	4294987776
8911605	2147520512
38626941	2147520512
32460897	4395630592
79940181	2147520512
41140857	4295000065
76049913	4130
55831341	86016
79005117	201326593
47767953	671088644
58754145	16781313
39934929	134217733
29537445	1610612992
52886505	671088644
7988529	671088644
27000849	671088644
73153029	1081348
75070785	2147520512
59685645	1085440
50655441	16779296
58240605	33558592
56339049	2147520512
18270345	83886081
51859425	4311744513
51312513	1610613248
67670949	1610612992
3113301	2147483682
59183121	5435817984
47448489	67141633
9989229	32833
40257957	3221229568
77059497	4130
33035997	57344
71872581	1085440
64400169	4353
61782897	1610612992
5522241	1610613248
22800837	1610612992
21365517	98320
32722041	83886081
24053097	201326593
37995789	36865
3537093	20484
28596549	4130
5781117	1090551808
5805417	137216
13496529	1610613248
69275073	671088768
3563661	1610612992
30404793	24832
74818713	36865
1804989	1074270208
65642061	671088768
81676821	671088768
16780917	1610613248
3261045	1610613248
67203093	4130
28107309	1610612992
70798521	2147549186
40267677	1610613248
67169073	671088644
56728497	5368713216
79549113	671088768
17303853	104
15701997	1610613248
41517021	67141633
56561961	136380416
39078273	40964
65008965	1610612992
80636457	1610612992
31771101	1610613248
66327969	4362108928
2587125	2148012032
30152073	4362076161
5326869	536870918
9033105	2147520512
67178793	2147520512
6126177	1610613248
37019253	8425472
52811985	1085440
12559197	134217988
13563921	17301568
60895137	1074008064
59465325	2147487746
81602301	5435817984
1637805	1610613248
73746921	163841
50152917	1610612740
2702793	134217860
68392497	4362108928
32058165	8425472
42189969	2147520512
54449481	36865
53305437	4362076161
50960649	1058
699501	1610613248
3395505	1085440
21013005	1610613248
15279501	5368709121
69956769	536872964
75999045	671088768
8091885	1610613248
71283549	331776
12853389	671088644
21663597	1107329024
39059805	671088768
23593341	1610613248
30057141	1081348
79379013	1081348
6805605	83886081
5221569	2147520512
124725	67141633
51114873	1081345
49922877	1081348
81719589	1610613248
47233029	1085440
28646121	671092736
77873709	2147520512
12807705	4102
4468917	327696
62114673	2181070848
75718137	1082163200
27250005	83886081
75392517	1610613248
32224701	1085440
29285049	1074823168
71122197	2147487745
15908061	4102
73434585	671088768
334029	268568576
42015981	1085440
34080897	2147520512
52286457	37376
57332757	671088768
47673021	4362108928
38014257	36865
65555877	4311744513
41918457	1610612992
57398529	671088644
53086737	82
55197273	2147520512
4442673	2147500034
63479685	36865
76051209	8425472
2119269	2147487760
32278809	2147520512
3719829	17334272
10000245	3221229568
6705489	16809985
53603193	8392706
25434957	2147487746
36431841	578
42723273	4311744513
57184689	36866
4616985	1074823168
60877641	1610613248
66503901	671088768
68656233	4362108928
56781957	8523776
39248697	32833
48879921	1610613248
59708649	671088641
65009613	4311744513
43463613	1610613248
26395293	671088768
32863953	36865
75936837	5368709121
80004333	1610613248
585453	134217888
77936889	16912384
25147893	4102
29734761	1610613248
56762517	536903684
79544577	4295000320
75022833	5370806272
14518101	1610613248
61941657	1610613248
56876889	1073778688
57000009	1107329024
52666185	1085440
34032297	4295000065
1180641	16843776
17724081	532482
39393201	528386
11627697	1081345
2556345	1610613248
32831553	36865
11649405	4329570304
62198913	1610613248
1709409	8425472
75366273	135266308
40008801	4162
884829	538968320
64918893	1610612992
22522845	28672
55487577	83886081
11153361	1610613248
12512217	4295000065
1924221	1115136
49379853	6442455040
1705521	1610612992
59349333	2147520512
25187745	1073774593
13472877	671088644
63834789	4162
48830025	671088768
43542021	671088768
38150013	4295000576
56085033	37120
53295393	1073778688
50564397	2147520512
47406369	2147487746
43149981	1085440
24903597	17334272
14455893	5368709632
11504253	1073778688
2156529	16809985
49631277	17301568
951897	57344
1388325	4102
21546633	32802
53703309	1610613248
33012669	1085440
96213	16781313
37351677	196610
26893929	3221229568
2409897	1610613248
31312641	36865
69790881	1081348
59724201	36865
936021	2147487745
301953	1610612992
3219897	2684358656
61226913	16814080
62125689	65793
59814597	1610613248
68394765	1610613248
74976825	2147487746
38507385	4130
44493933	20512
57607833	1610613248
62150313	33587201
32693529	2134016
66771849	1074823168
81061869	1610613248
60908097	32833
54985053	37120
32107089	83886081
26360625	134217733
79571469	2147520512
53892849	65793
3249057	1073745921
63175449	4102
34179069	1081348
76686573	1085440
67127925	1081345
58230237	4311744513
44416821	8425472
36386805	5435817984
39114561	201326593
31906209	4311744513
48400401	83886081
14535597	4294971393
11663337	1610612992
75432045	17334272
28635753	134283265
8603805	4130
6151449	2147488000
13617381	70
13084077	150995072
18594669	1610613248
74870553	671088768
44357529	1610612992
53931729	4328554496
69061881	2134016
60419505	4311744513
25441761	201326593
1087977	16818176
32019933	4311744513
18704181	32864
4205181	1610613248
44219505	16809985
9631857	8425472
70953393	57344
10192701	2147520512
42303693	2147520512
24067353	1610613248
17538105	32864
807069	57344
13305369	16777250
13694817	67108929
28102125	17301568
27028065	150995072
50872845	5435817984
22860777	1610613248
44102865	4295000320
22133721	1081345
49042245	36865
27833205	32864
18597261	4295000065
56348445	671088644
23493549	150994945
20987409	98305
81708249	2147487746
63402249	1085440
3271413	2147483682
17566941	4295000065
52616613	1073745921
4783521	1082134528
9088185	70
36486921	67141633
62326893	4362108928
72640137	37120
14492829	1085440
786657	7
13223073	671092736
37858413	1082163200
38869293	4362076161
47243721	16777249
15671541	17302016
14310417	2147488256
42207141	135184
71916969	4311744513
62625621	4311744513
54574221	671088644
50266317	671088644
33149397	16809985
74683605	1610612992
45086529	67141633
52252113	2148012032
28108281	36865
22587645	1073778688
74679069	8425472
58954053	1074823168
27249681	20512
2171433	4395630592
13372437	538972160
71647401	4295000065
16463721	83886081
19680069	2147520512
58950813	4362108928
14344113	4295004160
76068705	1610613248
5921733	201326593
23206485	4362076161
62888061	1212416
40421577	1610612992
12734481	1085440
1267797	4295000065
63086025	2147549186
57370989	2147487745
43812885	16777282
23898549	327696
81616881	1610613248
30957213	1081345
73410933	2147520512
49625769	4362108928
51191337	1610612992
62223537	36865
67738017	4362108928
70031289	16912384
19149357	2147520512
81055065	36865
5113029	67108929
71393385	1610612992
5062485	1085440
22836801	3221356544
71487993	16777281
33901725	1140883456
15389337	1610613248
10576641	1610613248
32818269	3229614080
56635833	1610613248
57220329	83886081
62798961	4311744513
13749249	134221825
18744681	557120
6834117	134221825
5550429	327696
75997749	1610613248
38463321	35
43151277	2147549200
36303861	1073742084
51195225	67141633
71526873	3221229568
14404701	528640
42997377	4311744513
63052977	16781568
39866889	4295000065
31329813	671092736
80588505	2148536320
55724745	16814080
75136881	1610613248
28309161	268437506
38720253	2101504
42230145	36865
69736125	4362108928
12141885	1610612992
43143825	4294971393
31971009	67141633
25345209	4130
58960533	1610612992
56964045	4362108928
7320117	4311744513
42713229	42
3098073	1610613248
63639741	32834
437061	3221229568
4740753	1610613248
57636345	4362108928
53593149	2147520512
44814693	4362108928
13593	2147549186
41520909	37120
63506577	1085440
11018901	1610612992
55748397	536872964
30754389	4311744513
48996885	1081348
26377149	1073778688
77624553	1074823168
72066657	16912384
48125973	4295524352
26732901	67141633
45701805	1610613248
69043089	1610612992
32380221	32802
38174637	3221229568
42419685	4311744513
796053	4102
45645753	671088768
38278317	1610613248
7852125	2155876352
65955693	1146880
7441941	1610613248
33659697	1048624
36954777	2147520512
19916589	150994945
4271925	8421377
46434369	150994945
66597537	1085440
51203649	1610613248
2441001	671088768
41292489	1610613248
11671761	4311744513
12713097	1610613248
1877889	2147487746
39002457	36865
59582289	671088644
64550505	671088641
24985245	1073872900
37233741	1610613248
46251309	57344
50986245	1610613248
6211713	4362076161
40416717	2148012032
11299161	2147520512
27296985	8425472
16425165	135266308
78140685	33652736
53682573	4294971393
77335545	1081348
41111373	4362108928
54091461	1081345
60052413	36865
31430577	4362108928
51373425	37376
3491733	3221356544
15518289	1140850689
52722237	2147520512
53880213	2147487746
58501101	800
69048597	1610613248
6221757	1610613248
10736697	100663298
16459833	1610613248
31383921	800
77822193	2148012032
40333449	1074823168
29549757	83886081
61871025	16781313
67428597	134217733
56965341	1610613248
22147653	1085440
12317169	1610613248
66960093	671088768
59651301	67108874
21248229	1085440
81250761	1610613248
6596949	1073745921
53143113	1610613248
57855693	2147520512
2312049	4362108928
7483737	67665920
57275733	2147520512
61106385	671088644
2794485	5435817984
31406925	36865
47092413	671088768
35951025	1610613248
44190345	1610613248
69584493	4311744513
42762153	1073766400
64306209	2147520512
47015301	1081345
60729573	1610613248
12880281	671088768
9803901	4295491648
9617925	1610612992
75793629	83886081
68876877	1081348
80957217	1074823168
15742821	83886081
43521933	37376
1040025	67112962
28190253	8392705
74630793	1140854784
43644729	33652736
56356221	4296024064
15981285	67141633
68991249	327696
4290069	1610613248
27240609	75497473
28791597	1610612992
49988649	2181042176
977817	1610613248
58819917	2148012032
60580209	1610613248
22975797	1610613248
79566933	1081348
13666305	327696
51360141	1610613248
21397593	36866
5542329	1610613248
53534829	1610613248
75476757	1073778688
42655881	671088768
31231317	3221229568
47403129	1074266624
5615553	40961
29141517	134217793
63818589	1090551808
2045721	16781313
34198833	3221229568
70528629	4311744513
57321741	671088644
48055017	150994945
70913865	67145728
22125945	2147520512
6722661	1610613248
7596813	1085440
32769993	1090519041
8456385	3221229568
18591429	134217761
64308477	70
28708653	671088644
25869765	1610612992
72226065	37376
38356077	4311744513
3555561	1073762304
13684125	114688
48043677	2147520512
930513	1074823168
14722869	37120
41344329	1610613248
41336877	1610613248
75912537	57344
78200625	135299072
71816205	16777221
69645405	16777281
56509149	2147520512
63984477	1610612992
29999793	17301568
39086049	2180
41834865	671088896
29525781	4362108928
3918765	34078784
73190613	150995072
38645409	2147520512
72650181	3221258240
53524137	1107329024
957081	324
34222485	290
44584977	671088768
27539661	2147549186
73964973	4296048640
21730665	16809985
66511353	36865
29631081	671088644
13987389	2147520512
25510125	1610613248
21747189	1610612992
16633821	135266308
27736005	8425472
1594065	134217857
55193385	2147520512
24170709	553648384
28347393	1073774593
24604221	36865
16362633	671088768
8343957	4362092544
76687545	561152
66993141	1610613248
47455293	671088768
50563101	1610613248
58896381	1073745921
53445	134250497
57609777	36865
75881757	36865
48866961	101711872
69960333	528448
9135813	1085440
56811441	36866
2471133	8425472
50370645	671088768
72322293	1081345
25063005	1081348
62384241	53248
45098193	1081348
73515261	1174405120
7328865	83886081
31001277	16781313
22609353	4099
31617201	4311744513
26656761	1610613248
18253821	2147549185
41828061	4311744513
38317845	67141633
6546405	2147618816
7803849	70
16796793	150995072
32576241	1081345
37135569	671088768
54035733	4362108928
22092897	553648384
14428029	4362076161
68303721	1081348
55679709	3221229568
37715853	557120
1088625	17334272
12411777	671088768
23271933	1610613248
56386677	671088644
32043585	67141633
26714433	1610612992
22540341	36865
51653037	1610613248
26467545	1082163200
74758773	90112
21828189	1610613248
50214801	67141696
26276385	16793664
53630733	1610613248
79911993	2148012032
29076717	36896
41360853	2147520512
55026201	2147520512
50071593	1048836
56213337	1610613248
61862277	2148012032
52116681	16777226
53523489	1610613248
65308017	33536
14788641	4311744513
50483721	1610612992
62600349	1610613248
32563929	1081345
2738433	16797696
37468317	671088644
19158429	67141696
49091169	65793
43762341	331776
37861653	1610613248
45253065	16814080
2295849	1081348
16364253	671088896
69723813	4362108928
61449177	1610613248
40089477	68190208
43785669	1610613248
23512017	4099
27353037	1610612992
63353325	1610613248
1016049	1610613248
48890613	1610613248
36257205	4295000065
75063657	20512
8428521	2147520512
68809809	4311744513
78989241	2147487746
13297917	4130
48893529	671088768
17260437	1610613248
68448549	4311744513
14169801	671088644
22642077	33652736
61415157	1073778688
5086137	1610612992
67243593	327936
67797957	36866
49647477	1073873408
46565589	1073774593
6334509	150994945
12625617	1610613248
32577213	1081345
61313745	537919744
3826101	671092736
27929433	4429185025
60985209	1610613248
2730657	1610613248
51441141	57344
497973	67108898
15617757	1610613248
23763441	4295000576
47619561	67141633
40015281	4311744513
72827409	1085440
61951377	4295000065
37827633	6442455040
33277701	1081345
40062261	1610612992
67379025	1610613248
12933417	1081348
66657153	671088768
67763613	671088768
29570493	67141633
35983101	4362108928
60511197	1610613248
27372477	1081348
26871573	671088644
33446505	36880
43986549	671088768
17385501	36865
65957637	1073745921
43374837	16809985
33055761	67133440
46582761	1610613248
44015709	671088768
24196305	67141633
39912249	37376
62187573	67145728
65194617	526340
19292889	201326593
65068581	1610613248
79483017	8393216
23803293	83918848
29516385	134217733
7843377	1081345
8736969	67141633
76386873	1073774593
23603709	2147520512
24761361	1610613248
81511581	2147553280
39540297	1081348
65457057	1048581
45232329	9453568
17115285	1610613248
121485	67141633
38840133	2147520512
51048453	2147520512
36767181	36865
58140813	134221825
3267525	32848
64623729	1610612992
74726697	1610613248
3117837	671088896
71111505	4362108928
28061949	134217857
58295037	4311744513
7459437	1610613248
62257233	135299072
20796249	83886081
56401257	67141633
38850825	1610613248
13307637	1140883456
3575001	577
22182969	671088644
79693941	671092736
67662201	1610612992
13497177	67141633
44892777	671088768
44206869	3221749760
34596705	8392705
411465	1085440
42804273	536871170
25153401	1610613248
36201477	36865
70234761	1081348
1652709	4102
25929381	8392832
47285517	1610613248
41475225	1073774593
52313673	3221229568
12662877	536872964
71986305	16777282
40862541	36865
80630949	1610613248
21816525	1610612992
73395381	4295000320
40972053	1073742337
2828829	24578
25242177	1610612992
79233213	37120
33917601	167936
2729037	1081348
64476633	17305600
53947929	671088768
78867741	1073778688
14836269	1610612992
18585597	67174401
37026705	1074008064
59208393	16785409
8642037	1610612992
69558573	1610613248
4138113	1610612992
42159189	67141633
71702481	83918848
13427841	8425472
64029837	32833
56599545	1610612992
43751001	1174405120
48009333	1610613248
78939993	4362108928
75245745	67112962
27878565	67145728
55189821	1085440
9214869	1610613248
26562153	1610613248
50709549	671088768
46656957	1610613248
21999261	16809985
20949501	1610613248
47839557	4362338304
2117973	4295000065
67869561	36865
81082605	2147520512
40772145	671088768
65338797	36865
55327521	1085440
48334953	561152
37500069	1073745921
75886617	1610613248
56521461	1610613248
61815297	1081348
59152017	67141696
37367553	196610
1840629	135266308
18382773	1048836
43240701	1610613248
6613149	57344
35788053	1610613248
4191897	16814080
6915441	67633153
18230817	1075871744
67399761	1081348
55326225	1082134528
53328765	1081345
4945521	36865
6806901	2147483682
36711453	1081348
42626397	36865
48246501	1610613248
51621609	4311744513
49822113	2147487760
30496809	53248
61901157	67108929
40619217	6442455040
6555801	101187584
51957273	1610612992
26894901	4295000320
2897517	671088768
36910389	4311744513
51288861	1610612992
17196609	134250497
33080385	36865
58534149	1610612992
987537	2147520512
48249093	671088768
63333885	525056
15229605	671088644
1095753	671089152
24211533	67141634
2840169	1073745921
67476549	17334272
52718997	1610613248
5785653	4311744513
39751869	2147520512
81123753	4362108928
49522737	2147520512
62473665	53248
73823709	2147520512
53791113	2148007937
2525565	2147520512
65556525	1610613248
32025441	4295000065
72807321	1074823168
74979417	16777348
68200041	57344
50610081	4295262208
978141	295168
61236633	32833
77048481	4362076161
71236893	1073778688
70198149	1610612992
52774725	5368713216
21608841	36865
38638281	1073746176
3701037	16779266
11469909	36866
74206353	1073778688
52353525	3221229568
39820881	16389
81350553	1074823168
35206149	2147520512
28172109	671088644
6309561	4106
56860365	1610613248
9083649	134479876
52796433	327696
14117961	1073746176
65234469	1610612992
47900793	134217733
67989117	36865
26448429	1073778688
56614773	1610613248
37368525	196610
79062789	536887552
63035805	4311744513
67177821	1140867072
24005793	1073774593
38600373	5368741888
51096729	1610613248
23022129	1610613248
42035745	299008
24106881	201326593
50932785	4294971393
55490817	671088768
27484905	1610613248
11942301	4311744513
26539473	4362076161
55260129	1081348
17215077	1610613248
11208117	1610612992
40501605	4295004160
77339109	36865
28350957	36880
1002441	1610613248
16643217	1085440
41296701	1085440
674229	2147549200
69831381	671088768
58741833	1074823168
2634429	1085440
22033929	4102
66320193	16781313
74913321	83918848
38337933	1610613248
10318413	2147520512
59681757	83886081
259509	67141633
51046509	1610613248
45560541	36865
70768065	8425472
65307369	6442483712
584481	1610613248
24833937	4362076176
17005773	4295000320
31549809	134774784
48450945	2147616768
43711473	800
22525113	53248
81707277	4362108928
63493941	1073778688
75330957	1610613248
15034233	83918848
17145417	4295000065
38434809	671088768
41303829	671088768
53524461	1610613248
5768157	671088768
42790341	1085440
31867653	36865
27974145	1610612992
16428081	135266308
68104461	1074823168
66265437	800
78165957	2134016
62188545	1610613248
71785101	196610
33122829	1610613248
50319129	24577
50099781	3221356544
57449721	1073774593
2236557	1610613248
149349	135299072
5810925	67141633
36419853	1140850752
73485453	1073778688
78880701	1073746176
79176837	3221229568
64597809	536903682
48971613	4311744513
22579545	671088644
31883853	8392736
10038477	1610612992
39307989	1085440
63442425	2147618816
23323125	135266308
94917	8425472
34716585	36896
775317	36880
27805989	37376
57261477	671088768
16761801	69648
5258829	150994945
26192793	1610613248
51038733	32834
36040773	1610612992
77643021	1074823168
15578553	67141633
16799709	67141633
77041677	4296048640
59324385	201326593
19415361	201326593
72769089	2148536320
21439065	4362108928
47256033	4295000065
21166581	1081345
76759473	24580
23213289	1081345
47889129	561152
70905441	2147487746
68496177	1610613248
9703461	4295000065
73751133	1081348
17253633	4395630592
50972313	37376
12709533	671088768
21105021	134217733
9361965	1085440
57000333	1085440
40450737	67141633
57872865	2147520512
33461409	201326593
64315605	16781313
66408969	1085440
6513357	134221952
670989	1140883456
36861465	1081348
8139837	2147618816
31640205	67141633
36962553	4295000065
11957853	1610612992
14684637	1074823168
35617629	4311744513
54198381	4294971393
72873093	36865
76606545	1610613248
33323385	1610613248
68977317	1073873408
61643577	1146880
39670221	4295000065
38646381	1610613248
2349957	2129921
15386097	1610613248
22042677	1074823168
74675829	4362108928
3483633	8425472
34213413	1073778688
57531693	36865
36019713	1085440
39778437	4295000065
60084813	518
16043169	83886081
57324333	671088768
1417485	201326593
32357541	3221229568
63210765	16809985
443217	1081345
78507453	1074266176
22104561	1610612992
25004685	1085440
6574269	1212416
60731517	2147520512
46456725	2147520512
42301425	5435817984
36892569	4311744513
103017	1610613248
46522173	36865
7009077	1610613248
9461433	32778
36606153	16809985
19340193	1610612992
81409845	2129921
51444057	17334272
47687277	1610613248
29053389	2147520512
18473817	150994945
64410537	134479876
14907873	1081348
58065969	3221258240
18785829	135184
41802141	37120
22169361	671088644
42544425	2147520512
2270253	1085440
59610477	36865
37368201	196610
18901497	4362076161
31186281	4311744513
5711133	1610613248
11362665	1081348
59806173	135299072
71226849	4362108928
68370141	4362108928
77511801	2147520512
36319413	4295000065
43601637	1081348
24572145	83886081
21107289	1610613248
33544677	1610613248
51512745	524864
66494829	671088644
62014233	1049604
6041613	524353
114681	67141633
48790497	1085440
42381777	1610613248
14768229	70
21254709	4362092544
16176981	1610613248
29776881	671088768
433821	327696
1592769	196624
43645053	1610612992
66247941	1085440
52990509	5368713216
72528033	134254592
36578937	1610613248
42426165	2147520512
78542769	1081348
66240813	4295000065
10018389	134221826
36218001	1610613248
78719025	36866
62360913	67108897
73929657	2148007952
29198865	100663297
65225073	37120
10721145	1610613248
71534973	32833
40290357	671088768
14705697	1085440
30243441	2147520512
147081	1610612992
2088165	5402263552
29162901	4294971393
778233	2147483666
36091965	1081348
17069601	4362076161
72803433	1610612992
49584945	4362108928
59919573	36865
13764477	1610613248
37672113	671092736
68204901	36866
28021449	4295000320
7675869	1610613248
46640433	2147520512
8310261	2147487746
60990717	8585216
12407565	16809985
67470069	67141664
62578317	134218241
3249381	1610613248
3054981	557120
64175313	1610613248
17121441	1073746176
20991621	1610613248
68976345	1610613248
50342133	2134016
54302061	687865856
10967061	6442483712
2656785	1610613248
