6809883	2147520512
54894399	671088768
11436927	67
25193319	67141633
72224511	2147520512
31677855	2148532226
12872247	671088768
30512427	83886081
53123091	561152
12661647	1073778688
66925167	1610612992
61255815	671088768
41749071	1073778688
53095227	1610613248
41865387	4295000065
43470159	2147487745
57271263	671088768
6892503	1610612992
73326435	1610612992
48817455	537919492
34608111	83886081
78937791	327696
14647767	553648640
14190279	4311744513
5102727	32834
78008235	1073778688
49500447	671088768
70278567	671088768
14813007	1074823168
7444599	269516800
22374519	37376
3426675	4362076161
35184183	4362076161
8973555	4102
51233847	2148012032
70513143	5368741888
38990211	671092736
1887027	67108929
81298455	671088768
11692239	37376
67722207	97
49752843	1085440
40733979	36865
58315515	4311744513
68623251	537919492
74275431	134218753
1804731	1610613248
81530763	37376
13534503	1073876992
15749691	1082134528
22454223	1081348
38040891	1610613248
37369887	196610
10935699	1085440
72603267	1140854784
24870615	28672
49414587	1081345
46532283	671088768
32805051	671088768
22267923	1610613248
60598095	1073762304
40330923	1081345
13589583	2147549185
68902863	4295000576
37301847	671088768
81377511	36866
51733131	4295000320
15519651	1610613248
20675787	1085440
35963727	37376
44631375	1610613248
41153235	4295000065
2202927	1610613248
25583415	57344
39642423	2147520512
78420039	16779266
35920959	671092736
11846463	134479873
56552631	4295000320
41909775	671088644
81619539	1081348
9694455	16814080
69656163	561152
64720671	671088644
73980267	327681
65670315	561152
78384075	16809986
35836071	36866
7300095	1610612992
38543091	1610613248
18884715	32833
43491867	2147487746
18177747	1074806784
9284595	3221229568
13146027	1048610
16724931	16809985
66403851	1610613248
15822591	530
22197615	1073778688
19422555	24580
27548475	4395630592
24723195	1610612992
8144439	134217734
25817991	3221229568
11488767	150994945
48374871	2147487745
56212431	4311744513
57392439	327696
52655235	2147487760
40752123	2147520512
48349599	2147487746
3108183	2101249
26445579	16810240
44488815	83918848
41087139	1610612992
53621727	17334272
76025355	2147520512
19966875	2214596608
79378431	2147520512
17305539	8392705
74818779	1610613248
568347	4311744513
47379867	67141633
53164563	4362108928
55453299	1610613248
54531519	671088768
56761935	1091043328
58658307	1085440
59876871	1074823168
33963027	1610613248
12093351	2147553280
12645771	8421377
12100479	4303355905
63382875	1073741860
31398567	800
77206335	4362108928
80609955	37888
21281667	4362108928
28969215	49408
54447927	1610613248
38983731	36866
67857963	2155876352
46391343	8392705
370059	4311744513
46768803	1610613248
13084467	1610612992
54957579	135184
52248291	5435817984
15795699	83886081
2357799	1081348
22668387	4311744513
30068871	3221229568
60861507	4102
12941583	2147520512
79657395	150995072
27316167	1140883456
48726411	2147647488
31641243	4295000320
57576471	4429185025
33548631	1081348
54076623	1610613248
1732803	4311744513
32471979	83886081
57125463	2147487746
43394667	1610613248
48275403	4395630592
31044759	17301568
3983307	1610613248
37953411	20736
61916451	1085440
9079179	1081348
40920279	5368741888
65708547	1081348
1085127	524322
30468687	4362108928
14003979	37376
64460499	261
80547423	2147520512
53546883	1081348
32969643	1610613248
56598639	537919744
8876031	67133440
40501347	1342181376
4557435	1610612992
51359235	2147520512
37880511	1085440
61596339	2147520512
12634107	1610612992
32939835	671088768
38488011	196610
51531603	1610612992
30486183	67072
68005707	671088768
22818723	2147749888
51861435	1610613248
37364703	24577
25686123	1610613248
51716607	4362108928
62568987	36865
22605855	1610613248
47751495	134250500
80471283	1073762304
30018003	201326593
37995855	1073778688
38508747	1082368
13834527	37376
38462415	1610612992
62036331	1610613248
16887255	4311744513
23786511	2147520512
38283	36865
51151227	2147520512
30054291	671088768
80075031	40961
11960835	137216
45573891	2148073472
54954663	36865
59693163	1073778688
38434227	36865
32063415	1610612992
6707175	67141633
37348503	196610
72766887	1140883456
19452363	1074823168
23969571	1610613248
56600907	196610
24886167	1610612992
4872363	1610613248
39965127	561152
744603	36865
44205963	1073774593
62488959	67145728
28189671	57344
15772695	36865
21633207	1090519042
71971467	2147487745
52086939	4362076161
27944403	2147520512
80117475	4362108928
15786951	83886081
2279715	557120
76718391	2147520512
53384883	1610612992
72248163	36865
74576427	150994945
37350447	196610
10442247	32802
25887651	671088644
1131783	67141633
74937363	1610613248
57300423	8409088
8073159	36865
80391903	4311744513
76631235	1610613248
41093619	1085440
12355791	671088641
26323755	67141633
27088071	16781313
80047815	1073778688
50065503	1085440
52695411	1610613248
56157027	2147487746
50044443	561152
44807307	20481
61433043	36865
6125919	671088644
81180195	37376
66428151	134221825
26102787	2147487745
61926495	1610613248
27531303	36865
41340183	83918848
66170247	17301505
19741695	16908290
30872391	561152
61338111	1610613248
63696507	17301568
17622411	1610612992
70991691	28672
22236171	1610613248
71482227	36865
62283867	4102
79433835	135299072
81403755	4311744513
42358839	8425472
58386795	4294971393
56198175	1140850689
26778975	1610613248
4078239	2148012032
13758063	2147520512
23093799	3221229568
75173883	134218112
25498851	4362108928
42074691	671088644
78424251	2147520512
3662871	98
54208815	1073778688
41423451	16810240
23600211	100696064
54681207	36865
4530219	1610612992
63049155	1081348
78353943	268568576
6698751	1085440
27229659	671088644
35585943	16781314
22212519	2148012032
49201395	201326593
69489951	1610613248
70355679	16912384
42320931	671088768
1297671	1610613248
12711219	671088644
80491371	2147520512
12520383	1082134528
79161999	1081348
42279783	2147549216
17995659	1610613248
74154255	1610613248
46211523	1610613248
3035607	65553
58710795	1107300352
5961975	671088768
266055	1610613248
22766883	1085440
70525131	1081345
12530103	4362076161
38322123	1073745921
52918647	786434
2924475	1610612992
21549939	1610612992
3087771	1610613248
27094551	671088644
7706391	67112961
53355723	1073766400
14671743	36866
31662951	1610613248
76543431	671088768
10261455	1073745921
44556855	671088768
61406151	201326624
65866659	1610613248
44599623	83918848
21340311	1081345
32921691	1610612992
35032227	1610613248
6741195	1610613248
3565347	2684358656
69572571	134283265
46989447	4362076161
28079511	671088768
4831539	4429185025
33341919	40964
69781227	1073778688
65415327	1073778688
53088099	4295000065
19467267	2147520512
4993215	57344
41523243	16779520
46384863	4353
41253351	4295000065
40273899	3221229568
17207367	2147520512
55355451	1610612992
39007383	1140854784
81276099	4362108928
44216979	1610613248
1425003	1081345
3605523	1610613248
45610179	2148012032
24432891	1073766400
69169191	4362076161
52726839	67141633
25979343	1610613248
75260715	2147487746
42340047	671088768
6108747	4161
72937959	1082130433
26784807	1082163200
36586455	1074823168
26447847	518
55066767	65793
43146483	3221229568
64727799	4102
75676083	1085440
29726727	1610612992
60936999	1610613248
10558563	4295065600
30029019	4362076161
71989935	1610613248
38596551	4295491648
45256047	671088644
32392599	1048610
70874403	1107329024
64266747	1610613248
50609499	1610613248
66640047	4295004160
49553907	1140854784
55720275	1610613248
74214843	2147487746
75943707	32834
15450963	1610612992
14986671	2147487746
58151895	37376
12175647	671092736
12194115	671088641
71257047	37376
872259	1610612992
8843955	1073775104
20791131	2147549186
3624315	2147483682
69584235	1610612992
5425107	2147549186
56791419	1610613248
8073807	671088896
206763	150994945
25092231	2147487745
52930959	2147520512
14935155	2147553280
13013835	1610612992
29335983	67141633
9505239	2147520512
7835343	8392705
74778927	4362108928
60543015	1157627904
51104571	4311744513
61867527	3221229568
26841831	671088644
42540279	1610613248
62392731	1081348
4763499	65793
38915691	36865
3577011	97
62447163	2147520512
60556299	3221229568
36583539	1610613248
53359611	67108867
1881195	66576
38199003	2181070848
2607603	671092736
74640903	2147618816
18973491	1610613248
56170311	4311744513
24806787	36866
633147	1081348
70895787	1610613248
18376035	671088768
43034703	36865
41945415	4130
57412203	16781313
27831327	16779520
49605747	1610612992
63671235	37376
51309339	1073762304
27674511	4311744513
45298815	1610612992
52036071	1081345
70455795	2147520512
20040423	4362076161
71449827	2147520512
31311735	98
11238963	1074823168
45209715	66564
4170255	1085440
28357503	4362076161
27402675	1085440
36326931	57344
175983	2134016
6762579	40961
76052247	671088644
67286103	1610613248
63144087	67141633
41667099	134254592
203847	1610612740
34003851	671088768
70742211	1073774593
36056391	671088768
23674083	4311744513
16876563	67158016
47877207	2147520512
41362215	2147520512
5559	4362108928
10988187	4099
9390867	1610613248
10294827	37376
74370687	83886081
76799067	2147487746
78906687	2147520512
25223127	1610613248
41605863	1074790404
59578143	671088768
67871247	1081345
31447815	150994945
13876323	1610613248
73432383	1610613248
71403171	671088768
46726359	1610613248
43812303	1075843072
8677095	1610613248
44273031	4311744513
1758723	4362108928
716739	83886081
31387551	800
56401647	1073778688
49240923	1085440
51166131	1610613248
43136439	671088768
67448103	8392706
19399551	2147487746
2150115	4130
7376883	671088768
80715579	2148007938
20642739	1081348
10586103	1610613248
47346819	4362076161
22152579	671088644
38714163	536903936
40506531	4362108928
32589915	1081345
80867859	8388642
53578311	70
27229335	1610613248
31124139	4130
51563031	53248
60093951	33587201
37361787	3221229568
13702983	2147488256
9087927	1081348
123819	67141633
78326403	4362108928
11118435	1610613248
41399475	83886081
94983	134250497
68809875	1610613248
75731487	2147520512
43668771	37376
44029059	104
69391779	2214592513
7167255	2147549185
31757559	1610613248
40662699	67141633
11557779	17334272
20227047	1074790404
45558987	4362108928
24942867	1074823168
57006231	1610613248
65533587	36865
59495523	37376
41520975	1610613248
58901955	1073778688
58416927	1073745921
59924499	2147520512
70251999	1085440
28438179	4362076161
24937035	134250500
71147535	1085440
75793371	16814080
33822411	4294971393
48703731	83886081
59637759	2164264960
78453087	1074823168
26568051	1610612992
70137303	4395630592
3265323	24580
10802211	2625536
12297471	1610612992
30975423	4362108928
38779287	327696
50775387	671088644
39219603	327681
21598215	201326593
52933227	11
3168771	536871680
72317175	36866
47221107	1610613248
7674639	4362108928
60563427	1610613248
53679075	536903684
37473891	671088644
38937723	196610
49069203	4362108928
4677963	4311744513
20116239	36865
62286135	3221356544
5553735	36865
6008955	2147487746
67308783	2148012032
42849699	2147520512
42721071	37376
71237283	1074266176
77147043	86016
32554275	83886081
23393823	67129344
52556415	1610613248
23518239	35
79918215	4395630592
77903259	1610612992
35769003	2147487745
48570891	4311744513
74680755	2147487808
381075	4311744513
18718827	83886081
63716919	1610613248
71915415	1074266176
38425155	32834
18579507	4311744513
31859619	4362076161
37353363	196610
80706831	1081348
53528739	1073766400
69767943	1610612992
14530803	671088644
55811967	1085440
33561267	201326593
7866123	4362338304
2020515	671088641
44287611	2147520512
54973131	1140850690
40873299	2164264960
51839079	327681
55522311	1610613248
76369767	4311744513
81138723	16912384
68570763	1074823168
1744467	134217857
79271187	32833
2893695	1610613248
57347079	671088768
77277939	1081348
68471619	1610613248
67376175	83918848
74014935	1085440
18821211	2281705472
12307515	36865
35846439	4295000065
34246203	1107329024
47795883	1085440
8594151	1074823168
9194523	67141633
22676487	1174405120
64366863	1610613248
11173515	327681
71597247	4295004160
11936211	134217733
68794971	33882112
20581179	2147520512
65203107	134479873
36839499	36865
66490035	1074823168
60036603	135266308
41958051	1610613248
73709079	67158016
26111211	2147520512
4872039	671088644
13572411	2181042176
80355615	1081348
76336719	1081345
76572267	4311744513
65686515	36865
80089287	1073774593
36810987	37120
48268923	4102
67993395	1610613248
63013839	1081348
33561915	16781313
54568131	1081345
75774579	4311744513
78814671	524322
44031975	2148012032
35870739	4378853376
47118399	671092736
64114791	2181070848
75453171	5368713216
64514607	1107296768
55631823	1074823168
36951279	2147549185
17200239	8425472
72219651	2147647488
61943019	4311744513
32879895	671088768
576447	135299072
13752555	2147487745
2070411	68608
30126543	1140883456
229443	134217734
48791859	4311744513
63650175	36865
79104003	1610613248
31779591	299008
21923187	671088896
79875771	1073778688
37420431	327681
8622339	1085440
28236327	4102
44049471	2147516418
5712171	16916480
18003111	1073778688
62153619	1610612992
44105847	3221229568
589731	2181169152
1690683	16797696
60720891	1085440
51440559	32802
38022423	2148012032
13708167	67141633
81216483	67141633
33346455	36865
67415379	1610613248
48172695	67141633
12940935	37376
5835615	57344
36327903	1081348
7852839	36865
19177287	1610612992
27446739	2147520512
52243431	2147520512
3125679	2147553280
48806115	4362076161
22208631	1610613248
40686027	1082134528
71167299	671092736
25406835	1610613248
768903	37376
81279663	671092736
62608839	1610613248
62167227	1610613248
21938739	36866
27821283	16779520
1415607	37376
52150443	36865
1673511	1610613248
4845471	36865
28642623	3489660928
659067	671088644
76331211	28672
67413759	1081345
47108355	671088768
15829719	83886081
34192743	4295000065
5852787	1610612992
67131555	671088768
54072735	2164264960
30756399	1610612992
39897735	557120
6171927	1085440
54031911	32802
51161595	1073778688
43467	4296048640
40683759	8425472
52764747	33591296
75159627	1081348
72311991	1081348
52144611	4295004160
40924167	4311744513
17757195	32802
1774599	1610612992
46271139	671088768
70617147	1610613248
70221867	536870918
80269107	1081345
39124671	2082
71148507	1085440
28750839	553648384
26089827	135266432
858975	1073745921
28523715	671088768
63879567	37376
56832567	4311744513
10180131	5435817984
39317451	36865
12775371	2148012032
46673871	671088768
4240239	1610613248
37526379	1081348
1128543	2147487746
41103339	16797696
12719967	1610613248
60355419	671088768
34530675	1610613248
14778663	16801792
59559999	1140883456
48044715	1610613248
64472163	671088768
77680671	671088768
20734431	1610613248
19052547	557120
73609611	671088768
21558039	83886081
53847231	2147520512
38731659	5435817984
63680955	36865
65593851	4362108928
68336187	1610613248
30493959	83886081
62392407	2147520512
75610311	16781314
47158899	1610613248
44020311	2147520512
39357303	2147520512
54065931	4311744513
75885387	1610613248
7299123	1610613248
5578035	1610613248
43487007	2147487745
53214135	1610613248
7902087	1610613248
35377287	67108929
7192527	70
3026535	1085440
64009491	32833
1725675	4311744513
48649623	4130
58006743	3221356544
69457875	1610612992
2029911	134254592
55428675	3221229568
75947271	1610612992
80043927	36865
18914847	67633153
51189783	36865
55897179	1085440
64184775	1081348
20101335	1610612992
57968187	2147520512
36610107	4311744513
24505143	557120
33325395	2147487745
20119479	1074823168
58544583	37120
60259515	134217733
44806011	671092736
53366415	3221229568
21856119	102400
18757059	2164264960
41719263	268568576
18270087	2147487746
79583847	1090519041
13176807	16809985
8339163	135169
11504643	1085440
67270227	4362108928
73848399	1610613248
36797703	4296015873
254067	4295004160
42045531	67141633
33482859	2147647488
49960527	20481
24287091	671088644
55189239	1610613248
25493667	150994945
67890687	36865
26608551	2147520512
23582067	2147520512
36677823	671088768
39793731	4295004160
64563207	1610612992
65399451	557120
3005799	268568576
39266907	135299072
18556827	4311744513
74130279	1610613248
19720635	4362108928
26863215	671088644
34451619	2147495936
12915663	4295004160
62991483	4294968832
28307607	327696
59458911	57344
32268831	134254592
18386079	32802
52606311	37376
19214871	83886081
25971	4102
78570051	37376
49942383	4295065600
29206707	1610612992
50925399	1610613248
68928783	5435817984
54271347	1085440
79118907	2147520512
5360307	4295000128
75558147	1140850689
40555131	83886081
54626775	8425472
38910183	4362108928
2559651	3221229568
48125715	2147553280
24648999	1610612992
477627	1085440
980799	557120
39827751	36865
51061803	1610613248
37501107	134217864
50934795	1610612992
26395035	83886081
64708035	2147581952
52046763	1610613248
26493531	4362076161
46691043	167936
72431547	67141633
32944047	276840448
78460863	4362108928
35527947	4362108928
11227947	37376
66640695	1610613248
24890379	53248
79284795	2147487745
4749243	2164260866
6875007	8421377
34123083	1610613248
54580443	671088768
16896651	1085440
69708651	528385
12695343	134283265
40672743	4294971393
41633079	1610613248
75487839	553648384
66813711	2147520512
18451851	150994945
11977683	150994945
53385855	1073778688
31506783	1073778688
701187	1610612992
41957727	33281
2264163	1085440
60236187	1610612992
60114363	100696064
56158971	28672
19004271	150994945
61693539	36865
13376391	57344
27354075	25600
61698723	32833
49722063	671088768
9739491	67145728
22152903	671088644
58898067	2147520512
45313719	1081345
77612955	1107329024
78132003	33652736
79247211	150995072
64763763	2148073472
4104159	65539
73411647	671088644
1273371	1081345
36156507	1610613248
40154667	163856
60929223	671088768
65505075	2147520512
65554647	67141633
37729203	2147520512
7140687	1610612992
7501299	134217733
58829379	2147487760
57122871	5368713216
77075439	4311744513
57313059	16809985
27013875	150995072
81744279	150995072
77536491	36865
11468355	2147520512
58274691	4294971393
68003115	1610613248
39924627	671088641
60459423	1610613248
36418947	1081348
3788583	53248
47251563	4311744513
20479767	2147520512
50520075	671088644
67702443	1085440
25909035	1610613248
2295267	800
57623775	16912384
59118387	327696
13317423	1610612992
28288815	327681
20000571	32833
62726127	671088768
5721891	671088644
14305947	4362076161
62549547	16779296
5047323	167936
69539847	1610613248
38860611	557058
12975279	1610613248
78265167	2147520512
2727483	67141633
14409303	4311744513
36101103	4295000065
14336079	2147520512
58418871	4311744513
72334023	1610612992
21171183	36865
62415411	4362108928
81019815	3221229568
36285135	1048610
74075199	32833
68408115	4311744513
1833891	4311744513
35871063	1610613248
81286791	671088768
49524747	4311777280
1805703	1073778688
55020435	536870918
39870519	1610613248
49641711	134217888
11039703	201326593
56471631	524354
14760843	150994945
64389543	20481
75437943	1610613248
65371587	1081348
21159843	528386
56114907	67141633
78315711	4295000320
18545163	20512
36984003	1610613248
78208143	2147484674
4003719	2147520512
69616959	2147520512
38060007	57344
20975163	4429185028
54636171	671088768
59923203	67113216
65159367	1610613248
10608135	16814080
45210039	32833
68017695	36865
27173931	1610612992
569643	83886081
13985511	17301568
73760595	8392705
18214683	196610
76082703	1074823168
8856591	2147520512
19475043	36928
10174947	53248
3637923	2147553280
36575763	1610613248
30965703	671088641
478923	1610613248
59902143	1073778688
41497647	299008
27639843	134250497
66471891	5435817984
26656503	1140883456
9691863	1073778688
4014411	57344
42876591	671092736
37422375	67112962
5906571	2147520512
76087239	2147520512
73068531	150994945
75302511	3221229568
658419	1085440
61367271	1073762304
52588167	134217864
18481983	1081348
24717687	42
11183883	134250498
30561675	8392736
68930403	671088641
26577771	150994945
81332475	2147520512
56443767	36865
11923575	16809985
21855471	1610613248
12654519	2147520512
62360979	1107296257
27703023	4294971393
7163043	4328554496
15802827	83886081
988575	167936
80182923	1081348
26756619	57344
47357511	37376
1203063	2148532226
66269715	67633216
6508887	1081348
4471899	1610613248
35550627	536871680
4822143	1085440
120255	67141633
76301079	36865
609819	1610613248
19902723	1140883456
6979011	1085440
32792091	1073778688
4948179	1073778688
1899339	2625536
9571659	134217733
46467807	5368741888
16803987	2621504
41132823	4295000065
16105119	36865
21407055	150994945
18393207	327696
45487707	671088768
39481395	671088644
5843391	83886081
18593115	196610
28699647	2147520512
27282147	1212416
59462151	1610613248
79795095	3221229568
15229023	536871170
57399567	1081348
80791719	201326593
12444891	671088768
41550459	327682
17580615	2134016
65939235	36865
3637275	561152
72898107	16809985
2875551	32833
47261283	2147520512
31942887	4311744513
12469191	2147749888
8174895	37376
36042783	4294967361
20239359	24577
12837903	4362076162
50012691	671092736
65581863	2148012032
65740623	1140883456
16201023	1610613248
5659359	687865856
19951323	1610612992
78145935	67113216
59659467	1610613248
33844767	1081348
60662571	36865
48833331	8425472
1501143	33591296
9342915	2147520512
1282443	1610613248
34352151	4311744513
9310515	1610613248
7537587	671088768
55408263	98
15244575	1610612992
48883875	1081348
50181171	36865
74396931	75497473
50600103	1610612992
61401291	3221229568
4274583	16809985
42059139	4362108928
35490039	1610613248
21175395	16777730
74639607	1610613248
81146823	2147520512
67075503	1610613248
34736739	1081348
46581207	1085440
55611735	1610613248
73724955	53248
64737519	36865
5537535	671088768
70447695	1610613248
81710583	1081348
56662467	1610613248
4381827	671088644
26806839	2147520512
18770343	150994945
36036951	17826304
2788395	671088896
33808155	671088768
28053267	35
26570319	4311744513
40562583	4362108928
77800551	671092736
31736499	4311744513
35803347	28672
13017723	83886081
36756879	1610613248
56256495	6442455040
404727	4362108928
29894883	32833
37878243	671092736
19846347	1081345
29552415	150994945
74516487	1081345
13053687	2147618816
6124299	201326593
73190679	528416
77403975	1074266176
56587299	536871170
47055543	1082134528
79409859	1107329024
1202739	4294971393
47694795	1610613248
26153007	3221229568
5088147	83886081
38152671	671088644
61826703	1610613248
29960007	1610613248
80524095	1610613248
69861903	1610613248
56854923	1610613248
63911967	2147618816
10543335	1610613248
48317199	53248
45047067	671092736
28772871	671092736
17967795	134742528
27990735	671088644
34625607	671092736
39717267	4362076161
57390171	36865
71372715	1073745921
2642271	524354
76349031	16809985
29487615	4130
7379151	1610613248
63211803	2147487760
49514055	1610612992
80380563	36865
34598715	5368741888
33206811	1610613248
23333235	671088768
36013299	1073774593
20332023	32834
27100059	671088644
43314963	2147618816
20004135	2147520512
77645031	561152
76614387	1073778688
22837515	2147520512
28887	4362108928
936087	4295524352
73542543	4395630592
73577535	671088768
80714931	4311744513
71254455	17301505
45084327	4099
35875599	2147520512
15455499	4295000065
51735075	4362076161
54657879	4362338304
1676103	2147520512
78185139	4362108928
68666667	36866
13871787	1085440
52769931	4362076161
53522583	67141633
30508863	2147520512
26639331	1610613248
68581455	4295000065
25368279	1610613248
58222203	2147520512
19339935	24580
64716459	671088768
15469107	57344
51894483	1073774593
9902139	4102
73358835	36865
32990703	36865
21598539	671088644
4569747	3221225474
5626959	1610613248
29053455	2147520512
29305851	1610613248
23812431	671088644
53368359	687865856
53432835	671088768
67671663	1610613248
169503	1610613248
76428411	671088644
64065867	37120
31981443	538972160
34983303	4395630592
51054999	1610613248
27529359	57344
40272927	1085440
44587311	671088768
53470419	1610613248
36329847	1140850689
41336943	17301568
73820535	4362076161
30668595	2147487746
75338151	1610613248
20345955	4106
4419735	1610613248
363903	2084
75062427	3221225984
25765827	4362076161
77199531	537198592
78620595	40961
63323259	671088644
2041251	2147520512
15611991	134217737
70628811	2147520512
47444019	671088768
18271059	83886081
27495663	36866
44398419	1074823168
39286347	1610612992
11580783	1610612992
4483239	1610613248
55434183	1073778688
10404663	2148012032
2599179	4329046016
40937451	36866
18915171	524353
12101127	4311744513
47867811	1085440
22254315	1085440
80345571	134221825
39075423	36865
37703931	671088768
24649647	1085440
55385583	1610612992
18021903	4311744513
7001043	67141633
40644879	67141633
34767195	8425472
25259091	1610613248
3026211	1610613248
10239747	1140883456
6959895	4295004160
2700591	67141633
51601263	1081348
11265207	2147520512
40917687	4311744513
76410915	671088644
51332343	1073778688
67594551	36880
62770839	1610612992
42204939	1081348
42938475	4362076161
10047615	100696064
66292719	36866
27828735	16779520
42966663	524354
27134727	3221229568
46586391	98305
21520455	150994945
80886003	1073762304
3528411	2148012032
19465647	33591296
19261527	1081348
60105939	151027712
62964267	16912384
4426539	1610613248
6047511	36896
77935659	3221229568
12663591	671088644
67875135	16809986
11914503	17334272
68168679	4362076161
506139	137216
11887611	1610613248
15040455	66564
47281371	36865
5402427	2147553280
39187527	2147484674
38344479	4362076161
33229167	4362076161
55827195	1610613248
63054339	4311744513
20258799	1081348
78329319	33652736
31783479	37376
135483	134250497
10412763	2147520512
2076891	5368741888
3964839	4294967392
3348591	16810048
58844283	32834
866751	671088768
19827879	134221825
7637379	1085440
43675575	671088768
36544335	1081345
48697251	1085440
63049803	20481
42053955	1610613248
77303211	150994945
75114915	1073778688
48989175	36866
41959023	1073766400
54674727	1610613248
29704047	1081348
21894675	1107296320
13781391	83886081
23982207	67141633
46701087	2147520512
74871915	4295000320
1483971	1610613248
32216343	4129
73780035	134254592
21399279	4311744513
41190171	2147553280
74332131	1140850689
11541903	4353
39598035	1085440
24365823	1610613248
38205159	2147487745
53374839	2214596608
4242831	1610612992
40537311	57344
23555175	538972160
70457091	1610613248
46269843	671088768
80795607	32773
9263211	2147487746
72350223	4311744513
2256063	14
53327859	24580
41381979	1610613248
71270331	4362076161
50190567	17301568
40369155	4311744513
61191987	1081345
43265391	4311744513
67090731	536907776
51616815	4395630592
4242507	40961
32727291	1081345
50426763	67141633
5918883	33558529
41819055	1610613248
4545771	1085440
19500963	1610613248
12309459	83886081
72368367	2147520512
78389907	524322
55739391	1146880
16469619	135266308
2106699	8392960
3666435	671088768
70244871	1610613248
47001759	16809985
57355827	671088768
7533375	83918848
28177683	5377097728
7870011	1610613248
6819927	4311744513
72549159	671092736
18539979	1610613248
68635239	1074823168
28414203	134217733
28965651	16809985
33960759	2147487760
24421551	1610613248
13407495	524864
75066963	2147520512
46823235	4295000320
27831651	4295000320
38430339	1610612992
78482571	2147483682
14059707	1610613248
4679907	69633
80307015	1081345
2025375	67141633
69317583	1073745921
33954603	1610613248
51644355	1610613248
16507851	1048708
30598611	57344
38580999	2147520512
42536067	53248
56319351	1610613248
41575083	671088768
2553819	67141633
63342375	1610613248
75202719	1085440
69979515	2181070848
38301711	1610613248
2140071	2164264960
55058019	37120
63622311	3221229568
7482183	2148073472
41822619	1610613248
4271991	1074270208
8908431	671088768
65211531	67141633
9062655	1610613248
12551487	2147487746
72544299	1610613248
11490063	33587264
59187399	671088768
23058159	1610612992
68915823	36865
41742591	4362108928
10514823	1610613248
35079207	2147520512
63474891	8400896
42869139	67637248
47883363	4295000065
19844403	2147520512
57704451	671088768
76501311	1610612992
2252175	1085440
39975171	524306
51649539	1610612992
81481515	4362108928
79996623	1073746176
69037971	561152
16899	1610613248
57359715	2147520512
31403751	800
47370795	4362076161
45048687	4345298944
3349239	1610613248
7433259	67108929
37819923	4362108928
56223447	8392706
63024531	1075843072
57774759	1610612992
64542471	4295004160
76773471	2147553280
37031955	2147520512
75634611	37120
13946955	2147520512
79395603	1610613248
46844943	671088768
2509431	83886081
35828619	83918848
71315043	134217824
74692743	16809985
64339971	20484
69934803	50331649
11404203	1082134528
8177811	1610613248
73784571	4362108928
25323	2147483696
43981431	37376
9551895	2147520512
36439035	561152
18262311	67141633
27673215	1073778688
38799699	16777281
54281067	83886081
37707495	36865
1077027	1048836
52065231	1610612992
44358567	1610613248
33981171	2147520512
39372855	1073774848
38010435	4311744513
45299139	671088768
13068267	1081348
46935987	4099
23578179	528448
17542707	1610613248
31632495	561152
4434963	2147487745
8712087	1082163200
4893423	6442450960
69248247	2147745808
46214763	671088768
47080815	800
76745607	143360
49404543	4328554496
31449759	1610613248
72002247	163856
26590083	1085440
76199667	1073778688
74886819	4328554496
21859035	67633216
1291515	1610612992
73473207	671088644
8516067	4362108928
18664719	150994945
21435243	2147520512
12462387	17334272
33694107	4362108928
41870571	671088768
23600535	671088768
66566175	1073766400
2447871	16779268
40289127	1610613248
16743075	8425472
66176079	2147618816
51004779	36866
53897451	67141696
54262275	557120
33087903	16797696
32479431	1074823168
8484963	1610613248
32586027	2148012032
61185831	671088768
51386775	1073778688
74756571	1610613248
48583527	3221229568
25781703	8392736
50912115	2147618816
7827567	2164264960
32496279	1085440
61923903	1610613248
42928107	671088768
11663727	671088768
16112895	671092736
44589579	4295004160
48851151	657408
76169535	2147520512
739419	4362076161
25791423	671092736
32191395	1610613248
56211459	67375104
29879979	4106
67632135	1610612992
18013155	67108929
44611611	1610613248
65362839	4311744513
58531947	1610613248
9124215	1610612992
17718315	2147491842
28995783	67108874
36722211	67141633
58816095	1610612992
29344083	1610613248
62694375	16797696
47330619	671088768
1587327	1610613248
53733831	1081348
19370391	1074823168
69555075	36865
41383599	36865
229119	2147483682
14154963	2147618816
53327535	32833
80817963	16812032
12380739	36865
55195719	1085440
77064747	5368741888
19630887	67108929
43947735	100696064
42401283	201326593
49086051	327681
10931811	327681
8851731	1073778688
20916843	4311744513
43137735	671088768
19421583	32834
36876759	16797696
49122339	4295000576
62774403	134218880
74567355	24580
14802639	1140850689
12581295	1140854784
74176611	135266305
56305095	1107329024
37833207	16814080
80925531	1610613248
56466771	2147520512
42724635	327681
23637795	37120
2575527	1610612992
67476291	2147520512
47030595	4362076161
51036207	1610613248
81085911	134217733
78550611	1073778688
19857687	518
19018203	4311744513
43597491	1081348
23249319	14
81695031	4362108928
74907555	1610613248
65296743	1610612992
48450363	36865
34420191	2134016
70623951	1610613248
63415275	1073778688
51146691	4362076161
19275135	67141633
7470195	1610612992
50592651	3221229568
1709475	33558529
28926447	4362108928
45055491	1610613248
41366103	2147484674
43050255	4362108928
34643427	150995072
26683719	36865
61491039	3221229568
32319051	37120
15942147	134217858
44800179	2181070848
29811291	671088768
41473995	36928
14651007	1610612992
78312147	8425472
1091931	671088644
30694191	1610612992
56959575	4311744513
68668935	2147487746
81653883	37376
30277527	1085440
52122579	1610612992
36197331	4295495680
34243287	4311744513
37720779	1610612992
55589055	671092736
57223311	2147524608
72976515	4295000320
77192727	134221952
31490259	1081345
28755051	1107296257
17429955	2147487746
65069943	1073762304
43007811	4362108928
327615	2147553280
40568739	53248
33356175	134217762
54510135	65793
32754183	36865
48180795	671088768
46523859	4294971393
32435043	134479873
80222451	2155905024
28431051	2147520512
69128367	536875009
72881583	1610613248
15163575	83886081
70408491	36865
42772911	4295000065
2591079	4362108928
2512347	1073750528
106971	67141633
29815179	2147520512
2189319	592
9741435	167936
43018827	16797696
15094239	1610613248
66257403	1081348
51837459	671088644
69164655	3221229568
2600799	1081348
15901971	83886081
36195063	16809985
23244135	671088768
22083	1081856
51287307	1073778688
28260303	671088768
79303911	1073778688
53997891	4362076161
44863035	1073876992
48405975	100696064
46911039	1073778688
41053767	4295000065
35775159	4311744513
26616651	83918848
77749035	671088768
73108707	2147487745
31140339	32834
75874047	67129344
40603407	1074823168
127059	67141633
66368211	1085440
65296095	1610613248
25687419	4311744513
9575871	1085440
48535899	671088768
43602351	20512
41148375	671088768
32388063	67108929
62414763	134254592
3267591	1610612992
38895279	1085440
1955067	2082
19926699	671092736
81430971	1081345
3034959	536875520
2266431	1610613248
17084895	1140883456
27969027	201326593
74773743	1081345
41233911	671088644
2810103	150994945
41873811	4295000065
80666979	45056
51334611	5368713216
33477027	134217733
48759783	37120
41435439	1610613248
12764679	1610612992
68713971	4362108928
37372155	4295000065
18876615	32833
8296395	1085440
20880879	67112961
67199595	83886081
56852655	2148007952
39833259	4370464768
50681427	2164264960
34311327	1081348
55483755	2147520512
1032639	1610612992
44631051	671088642
44713995	67143680
527199	4102
34507995	2147520512
20789835	2148012032
45223323	8392736
12265071	327696
27694599	561152
59374671	2147520512
14844111	2147553280
74310423	134283265
42332595	1085440
19520727	150994945
38998635	1085440
50841807	2181070848
43469835	17301568
62707983	1074823168
52863	153092096
22777251	536871680
52196775	67141633
56392251	1085440
14517195	67141633
42718803	1140883456
79876419	2147520512
56187807	4362108928
2271615	1610613248
68109387	2148007952
40571007	16912384
19160115	786688
50389827	4362108928
38268339	2147553280
76330887	134221952
49531875	2147549186
43986615	671088768
68746047	3221356544
30439527	1610612992
39326199	1610613248
14706735	8425472
8231595	1610613248
31566075	37120
26869371	36865
38288751	1610613248
31900443	327696
2864535	40961
295539	4362076161
1267863	2147487746
19791267	37376
6028719	589826
21505551	4362108928
37987755	4295000320
54107079	671088768
28482243	2147520512
7014975	1085440
32462583	1610612992
30855867	557120
73681863	134254592
74644791	1085440
77345331	1081345
11943663	4311744513
32818983	36866
20209227	70
64664619	37120
8914911	1610613248
77565975	163856
78669843	4395630592
3763959	57344
30991299	1610613248
3193071	4311744513
22470747	524354
39699123	1610613248
3232923	1610613248
79234251	1073905664
2292675	81
40759899	36865
69155259	268472320
7131615	1074823168
817827	134217733
30460263	671092736
20302863	8425472
10047291	2164260880
7851867	1610613248
79532979	1081345
74126067	4311744513
50391447	1610613248
45582315	4362076161
18303135	4102
61165743	36866
67102395	1085440
30979635	4311777280
80622591	4295000320
1648563	561152
33049347	1207959680
70905183	2147549186
37580163	4295000065
64859991	1610613248
23865891	40961
57288759	671088644
18477771	4395630592
40635483	4362076161
761451	167936
57722595	1073745921
38907267	35
5336331	4311744513
75175827	1610613248
43285155	671088768
54042927	1610613248
56523147	16814080
7154619	1085440
67638939	1610613248
18813111	2147520512
54838995	1610613248
73534119	28672
66626439	1074823168
65516415	1610612992
51692307	1610613248
20124339	67633216
22982991	1610612992
16826019	1085440
67560531	2147520512
64544091	37376
48410511	4099
34939887	671088768
70161927	4102
69711	1085440
76905339	786433
38826591	4295004160
61055583	1610612992
10140603	1610613248
22839783	671088644
23873667	1085440
19383027	4362108928
33541179	67112962
36370023	4362076161
50871291	2147553280
34240695	536870918
35497167	1610613248
13514739	557120
78206847	37120
37086063	37120
44741859	1610613248
78899559	4311744513
17277351	2147487746
31256655	4864
48166863	1610613248
67201863	67141633
43104039	1610612992
10051179	1610612992
53741931	12304
68826399	671088768
74082003	1073774848
33665595	3221229568
52947159	1085440
30305715	134283265
27061503	135266308
66035787	4395630592
80757699	1610613248
46790511	4362076161
5046675	83886081
61466091	1073778688
5451351	8425472
13642395	36865
23194563	4362108928
61275579	1610612992
78012771	150995072
30850359	57344
21934851	150994945
55595211	2147520512
78957879	2148012032
80316411	36865
50595	36866
44832579	561152
41775315	1073872900
68178399	201326593
59862615	1610612992
17311047	4362076161
24463023	134217733
15026199	75497473
28381479	1146880
63561075	1085440
35812419	36865
45556719	3221229568
6993267	1081348
15583479	1610613248
74280939	1081348
56937543	1610613248
77162271	1140883456
73178367	3221229568
71695743	4362108928
10569579	528386
1855275	577
54227283	1610612992
5018487	4295000065
46383	1610613248
72033351	83918848
55121523	1610613248
78097011	1073778688
7182159	16912384
45541815	671088768
68579835	3221229568
61999071	3221229568
45181527	671088768
42165411	53248
63457719	524548
34988811	671088768
76574211	671088768
1468095	4362076161
38482827	1610613248
64606947	5435817984
53823903	83886081
75196563	4362108928
3405615	4362108928
33111555	33025
36528783	4099
40758927	1081348
79242675	67112961
5088471	2147520512
50522019	1085440
132891	134250497
65222871	671088644
1044627	16809985
77922375	32833
22461999	1212416
24232659	537919492
24445527	1610613248
28390551	36865
42678951	1610613248
41471727	83886081
35889207	1610613248
2923827	4294967361
1510539	1610613248
32759691	16781313
27460671	201326593
23872371	266241
1211487	1610613248
34363815	36865
12803235	1610613248
52755675	1073778688
12609807	2621504
76379811	8392706
67716375	4311744513
48441939	36865
47012451	557120
28824063	33536
69679815	2147520512
18882771	37376
11828967	2147520512
27728619	1610612992
40488063	2147483682
12419619	671092736
43449747	2147618816
3565995	16777281
61427859	67141634
34235835	1073778688
63963483	8392706
13791435	1610612992
50127711	134217800
27986199	1081345
23648487	67141633
55690143	1073774593
36357063	4130
34198251	134217857
22393959	1140850689
47138811	67141633
63628791	1073778688
75651135	1090535424
74542407	1085440
35482911	1610613248
43319175	537919492
36944475	1081348
259575	1085440
13347879	266242
36322071	1610613248
5501895	2147618816
55878063	134217860
68863335	1085440
41161983	671088768
22709211	36865
63259431	67108929
54859083	1085440
53723463	37376
51110403	261
25540971	201326593
51772011	16809985
51481707	2147749888
65077071	524360
37306707	327681
60169767	67108960
23712315	5435817984
9024099	1085440
52602747	8421377
27277935	134283265
80989683	4162
79173987	1140883456
24809379	536870918
15102987	1610613248
53334339	1610613248
62453319	67141696
44470023	4295000065
80212407	2147647488
65986539	8392705
38705091	2147520512
102435	37376
296187	32774
66764139	671088768
32748027	83886081
17901051	1610613248
33259299	2147581952
917295	1610612992
37696803	1140883456
321459	8393216
68644959	2164264960
24447147	1610613248
4912539	16814080
20858199	671088768
33917667	1073745921
33644859	671088644
34827135	134254592
34121463	1610613248
30922611	16781313
18954699	3229614080
48206391	4303388672
10938291	134218304
44462247	4162
232683	2147520512
25137267	537919744
51763263	1610613248
38909535	4362108928
53605203	4311744513
48779547	134283265
2258655	1073778688
45433599	67141633
35942667	1081348
34807371	4102
14825643	1610613248
32723403	1140883456
77344683	1081348
47456655	67141633
4153083	134217733
23754759	1610613248
1531275	1085440
75990363	2147520512
26378187	671088768
43192491	4294971393
38859315	1073745921
13544223	1610613248
40823079	36865
43358055	2147487746
24598779	1610613248
81303963	2147520512
77092935	1610612992
11622255	299008
67102719	1610613248
26063907	671092736
41966475	671092736
60991107	557120
5048943	4311744513
134835	67141633
43460439	671088896
76270623	4130
64099239	1610613248
21523047	150994945
53075787	4311744513
21446907	1610612992
11628735	1140850689
26273535	1610613248
28492287	1610612992
34083231	83886081
68179371	4362108928
17369367	1610613248
75848127	4311744513
63805047	1610613248
58913295	1074823168
7892043	16781313
54438207	1610613248
2151735	1610613248
73238955	671088768
6986787	4130
43921491	1073745922
80495583	671088644
36414411	150994945
61214343	1085440
36925683	2147520512
32172279	1610612992
73822155	2147487746
35106423	4429185025
46641471	16809985
36956463	53248
46716315	1610613248
27738015	1074266176
1803111	2147487745
167883	671088768
21096663	36865
31665867	671088768
60817119	2147520512
45491595	1610613248
32838747	671088768
4249959	6442455040
43771803	134250497
13447023	4130
62869983	134283265
25185219	1074823168
72670011	1610613248
8046915	2147487746
14262531	83918848
26327967	32833
50553771	1610613248
78643275	134742017
619215	672137216
42693207	671088768
2982147	2164264960
74995683	1081348
68686107	3221258240
32650179	1081345
847311	2134016
18788163	1610612992
44526075	2147520512
767607	57344
3037551	67108929
34305171	2147520512
68773911	2147520512
56424975	2147487760
21008535	1030
3133779	17301568
68571735	1081345
67433523	1081348
47208471	2147520512
23583687	67109184
6275931	4362076161
65988807	37376
385611	1085440
25507599	1085440
56667975	536871940
59686359	518
72556935	1610613248
20877315	67141664
71909259	36865
74667147	2147520512
14150427	16809985
4370811	28672
61510803	67141633
4578495	671088768
63819627	1610613248
21904395	134217733
13312887	1085440
2945535	1085440
57922179	134283265
15585423	83886081
14888823	4362108928
57673347	1085440
34934703	1090519041
3029775	2164264960
47548995	1610613248
47498775	16814080
17944791	1610613248
26105055	1073790976
17693367	1073774593
262815	1610613248
1444119	1610613248
842127	1610613248
77501499	2147553280
49608339	2148012032
43507743	2147520512
67188255	1085440
1936599	134250498
42783927	1085440
43987263	33591296
19160439	3221229568
3960951	1610612992
67707303	1085440
58768467	2147524608
58869555	20481
51952479	1085440
45081735	65602
30621939	150994945
8156103	1074266176
54722355	17301568
53607795	671088644
5780859	1085440
79992735	2147487760
2707395	134250497
77526447	1074823168
73271355	1085440
12771483	1081345
63236751	4130
18765807	1610612992
21802011	4362076161
39150591	150995072
19481523	137216
47760243	1081348
20054355	578
12173379	1744830464
58873443	1610613248
42093483	327696
56964435	1074823168
6505971	1073745921
7987623	1610613248
65294799	36866
22244919	1610613248
39018399	4362108928
16661427	1610612992
75765507	2147549185
16710999	37120
41225163	4296048640
53184975	1610613248
51551691	37120
5168499	2148012032
28753755	2148012032
7268667	671088768
39228675	36865
41500563	16781313
75699087	331776
47026059	1085440
57520095	150995072
4002099	1610613248
28189023	2147520512
37962483	134217860
49961499	37376
47098311	1081348
19393719	1085440
73270059	8425472
1224123	1610612992
62980791	4295004160
21619923	4099
36326607	1085440
26242755	4362108928
69335079	1610613248
17258235	8425472
38479263	557120
74599755	1073778688
76385643	83886081
1825467	1610613248
42681219	1610612992
27026835	167936
41648631	134250500
4416171	1073762304
72411135	4328554496
79958391	36865
46463919	671088768
77205039	671088768
13442487	3221225473
31209675	561152
7261215	1610613248
40248951	536872964
3679395	163856
67748775	671088768
53094255	1073778688
3216723	150994945
14192547	67141696
743307	4362108928
26587491	557057
67887447	3221229568
71396691	36865
47183523	4362108928
34899711	65794
5090091	1082134528
35308599	4311744513
24544023	1073778688
46592871	3221229568
79165563	134479876
47025087	671088768
54817611	36865
3563403	4362108928
37678335	671088768
70627839	4362108928
56926527	1610612992
17564415	3238002688
55507407	1610613248
7948419	1610613248
31968159	671088768
32945019	3221229568
5265699	4311744513
71236635	1073778688
65054067	83918848
44646603	1073778688
51522207	1073778688
68019639	4429185280
3618159	1146880
74649003	1081348
67551459	1081345
67599735	2147520512
80120391	37376
71516895	201326593
30503031	201326593
76134543	671088641
56531247	2147520512
37186179	4295000065
47272299	1610612992
24290655	4362338304
19908555	2147520512
50955531	8425472
40836363	1085440
17609127	4362108928
52399599	1610613248
79511595	1085440
24498339	671088644
41690103	3221229568
4562295	4362076161
51217971	1610612992
75704271	1074823168
64590423	2147520512
27658959	2147520512
4225659	36865
1205979	1610613248
30000507	57344
76360371	4362108928
10971663	37376
63636567	2147520512
36812283	2147520512
8754207	4311744513
46230639	2134016
38716107	36865
2653611	537919492
26697975	67108929
50630883	16809985
64868091	3221229568
77224803	2147520512
77013231	83918848
72590631	1140883456
36044079	4295000065
19831767	150994945
78938115	1081348
54556143	65793
32147007	36865
59591427	2147520512
38836311	2147520512
34648287	671092736
23622567	671088644
5349615	201326593
69055143	4295000576
5968131	2147487746
7757583	1358954496
53506383	4395630592
72678759	3221229568
21501339	1073745921
44769723	1085440
43124127	4130
21821451	16809985
31285167	37120
42435627	3221229568
54493935	4294971394
78603423	4362108928
32894151	8425472
91743	134250497
25136295	67112961
71505555	36880
28316355	671088644
16762515	1610613248
78568755	4295004160
50855091	57344
76804575	1081345
51659259	2147618816
64014027	2147488000
8734443	83886081
51205983	1073778688
68706519	1610612992
71821131	20512
33570987	134283265
71743695	83886081
2019219	36865
22643115	2181070848
56257467	3221229568
64331547	67633216
11573331	5368709121
46449663	53248
1173903	4395630592
7379475	4295004160
78731727	1073778688
16982835	1610612992
53550123	671088768
30368247	134283265
24342171	327696
8802483	2147520512
35607003	2147520512
11176755	1073778688
23902827	36866
30876927	1082134528
57499035	671088644
13521867	4395630592
52281015	16781344
133539	134250497
8303847	2147487746
63637215	67108929
56423031	1610613248
27848499	1074823168
69323739	4362108928
22542351	1089536
17388807	4395630592
73780359	4311744513
732615	671088896
1877631	1610613248
53422467	1073745921
3480459	5368741888
354507	134217733
56543559	1049604
37009275	1610613248
26365551	518
42498159	1610613248
80314467	37376
60823275	4362076161
41517735	4311744513
63227031	1610613248
6045243	671088644
7622475	2147520512
80781351	2147520512
13449939	1610613248
34357659	150994945
48389451	1610613248
76584903	4311744513
62958435	2147520512
61851327	150994945
42549675	8425472
1107159	1610613248
12117975	67141634
27497607	1610613248
68034219	4328554496
877767	1610612992
9482235	4362108928
9133287	2148012032
114747	134250497
16292715	1073745921
26174067	5368713216
27587679	561152
53347299	57344
42654651	4362108928
47625459	2147504128
260871	1610613248
47247027	1073778688
16790703	1073778688
2631903	1610613248
14322147	2147553280
58081587	32833
39985215	4295000065
70054359	2147549200
41766567	671092736
4846119	528386
23842563	35
4280415	1074823168
42943011	671088768
54871071	1610613248
20695551	67141633
50829495	1085440
940299	4295000576
52762803	2147520512
47627727	4362076161
68586963	4099
77257203	1081345
31099191	1610613248
6170955	4295524352
52223667	57344
65056335	16810240
54416823	4130
25487187	1073774593
59511075	1610613248
50598159	1610613248
17479851	4311744513
37459959	5435817984
40411923	8421377
50177931	2147520512
68630703	1610613248
37042971	16777219
22901667	4362076161
34023291	4362076161
13282755	1085440
12698907	671088644
48736131	2147520512
360663	1610612992
52209411	36865
15243603	201326593
57563187	4362108928
21063615	16809985
60947043	1610612992
26613411	2147520512
68532855	1610613248
33589131	1610613248
57330555	671088768
60567963	536903936
46634991	561152
31303311	36928
12173055	671092736
66902163	671088768
62216475	4099
55572855	2147520512
61237347	1610612740
1779783	4362076161
77247159	2147618816
65083551	1610613248
2906655	8425472
51190431	1081348
64150755	2147520512
18552939	4311744513
17525859	4295000320
1019679	201326593
53234547	4295000320
57428727	4311744513
51150255	2147553280
32751915	268445696
68723691	1074823168
47739183	2148012032
76687935	1074266176
64228839	32774
8725371	16809985
30702291	1610613248
68254863	16809985
7774107	1610612992
41439975	2147520512
60209619	2147520512
51793719	37120
34867311	1610613248
18681243	1610613248
41428635	32802
53968407	4362076161
25196559	4294971393
7651311	4311744513
15972603	1610613248
60347319	2147524608
26919915	4311744513
49794639	34078784
15237123	2147487746
13697151	2164264960
34047915	1073745921
42719775	671088768
60461043	2564
9112551	537133057
44593467	1610613248
28635171	134250497
60306819	67108929
27823875	37376
72534903	4362108928
48106923	17305600
67779879	1081345
46961259	528386
4649127	1081348
73522455	83886081
21777063	1610612992
22524531	1610613248
21651999	528640
32704611	2147520512
57670107	4311744513
23287227	150995072
61037763	57344
11429799	201326593
31853139	1610612992
18221811	327696
77061831	1610612992
2079483	167936
40787763	671092736
2612463	4362076161
66159555	134283265
55826547	1082134528
39309027	1610612992
54266811	36865
32758071	2147520512
18467727	1081348
12091407	1610613248
20636907	4295000320
73652379	36865
9712599	37120
39535827	2147520512
38503563	1610613248
71401875	2147647488
72014559	2147520512
42656595	4362108928
37368267	1610613248
55863159	671088768
12656139	671088644
10804155	3221225474
37776831	36865
35105451	67112962
27967731	4362076224
43133523	36865
51227367	4311744513
28186107	1073152
47359779	67141633
23018955	4295000576
21935175	150994945
11036139	1610613248
31853787	1610613248
56791743	36865
16937475	83886081
54579471	134221825
8171331	1081345
77545239	4311744513
36307491	36865
23761887	201326593
11378931	1085440
77621379	2684358656
412827	4311744513
2286843	1073774593
13637859	1610613248
45112515	16809985
1533543	1610613248
12365511	671092736
45567735	671088768
46748067	671089152
26867103	67141633
18536091	2684358656
55069683	2147520512
61590507	8392768
64371399	4362076161
56122683	1610612992
28076919	37376
16522107	1081348
52762155	67141633
4863615	1074823168
20316795	1610613248
9962403	1140883456
49762239	536872964
25150227	1610613248
692115	4311744513
69438759	1074266176
55964895	67145728
14922843	32834
77465535	4295000065
60789579	32802
16102203	2147549248
36952575	135266336
26837943	1610613248
52584603	67141633
17541087	2147520512
20916519	36865
1255551	4362108928
32331039	4311744513
75000543	4311744513
26922831	1081345
16842543	134250498
67009083	4362108928
38280327	1081348
56998455	1073778688
53635011	1610612992
56579199	17301568
24114075	3221356544
77205687	5435817984
7531431	4102
57015303	4102
52663659	1610612992
8714679	1610613248
23980587	67141633
12649011	671088644
31238511	1073778688
49906419	1610613248
19955211	150994945
24084591	1140854784
28679559	5435817984
654531	1610613248
1700079	2147520512
68067915	2164264960
11952087	57344
44059839	1610613248
12641235	1085440
35048427	1081856
30761583	67112961
5604927	3221229568
290031	83886081
2216859	1081348
77804439	2147520512
50228475	671088644
52478007	4311744513
5873523	16779520
78642951	4362076161
57983739	16809985
32653743	1073741834
69248571	1610612992
1638519	16779520
72150639	536872964
46832307	2148012032
39021315	671088768
48804819	2147487746
40202943	4311744513
64593015	1073745921
48395607	1610613248
43791	135299072
55467879	36866
64325391	16809985
31486695	1085440
66659163	1610613248
3624639	577
1953123	134217733
39654087	518
80814399	4311744513
47896971	2164264960
18499479	4311744513
76995087	1140883456
518127	134742017
21817887	1610613248
27940839	40961
54866211	33536
1669299	1610612992
51317439	1073762304
67466571	70
40252515	16912384
75288255	1610613248
1308687	2147487745
62533023	1610613248
25727919	671088768
5694675	2148012032
56182947	4295004160
69391131	16781313
70842327	671088768
31413147	800
4763175	557120
40341939	1085440
78756675	1082134528
60278955	2147487745
49209171	32802
28227255	4362108928
3396219	3221356544
4085043	40961
56062743	36865
27939543	1610612992
49636527	1610612992
50144883	1610613248
36531375	2147520512
40019235	4102
10562451	1610613248
61805967	201326593
28291731	1081345
76511031	1610612992
1677075	1081348
26829519	537919492
28685715	1140883456
23297271	135266432
1072815	1610612992
63436335	4362338304
28158243	1610612992
64231107	4362076161
9503943	538972160
43875807	5368709121
48064479	1074823168
44077983	1610613248
23988363	671350784
61592775	1082163200
45447855	671092736
9521439	67112961
57076215	671088768
77174583	1073778688
77500851	1610613248
59900523	671088768
33704799	671088644
31761447	2147487746
25721439	37376
26373975	553648132
50556363	1073778688
65163903	4295000576
50074899	32864
161079	2147520512
12510663	1085440
68830287	2147618816
54249963	2101312
77456463	1073741890
49440507	1081345
12814575	1610613248
60617211	1610613248
80449575	3221229568
44132739	1081348
52558035	1085440
63866607	1610613248
31033419	16814080
59614755	4303360000
28713255	1058
71106711	67145728
40260291	4295000065
22167159	2147520512
49607367	671088768
26476359	671088768
73415859	671088768
76588143	1610613248
43290339	37120
67907211	1610613248
22193403	671088644
50602047	540736
5949015	67141633
23055891	2147520512
39351147	134217793
69917631	4294967553
65630787	4162
9916395	1610612992
2183811	37120
21921567	1610612992
36154563	2147487760
46521915	4311744513
15347607	1073807361
18057867	16809985
47133627	16809985
25103571	2147520512
2035419	8421888
38798727	53248
51635931	1073778688
43450071	2147520512
17326275	1081348
27831975	4295000320
61802727	20736
55329855	1073745922
67092351	8425472
38210019	1610612992
146823	40961
78174771	16809986
88179	2129921
37879215	4362108928
21670791	1610612992
49280127	1610613248
55030803	1085440
45561255	17334272
12660351	671088644
38892687	37376
5975259	4362108928
75145047	25600
5181135	671088768
18950811	134221825
70525779	150995072
5743599	1074823168
15031707	671088644
80565243	37376
12174027	671088768
60159399	557120
41786007	671088768
9060387	4295000320
40931295	4395630592
34208943	167936
70052739	1610613248
4743087	1610613248
33907623	2147520512
21498423	66564
5509671	8425472
3318459	4362076161
45335103	32833
40359759	3221258240
16858419	671088644
43888767	6442455040
65625927	1085440
44409759	36865
40710651	67141633
68233803	1074270208
60282519	1073745921
66846435	561152
46883823	67141633
38171139	1081345
4789419	1085440
58155459	37376
8111715	1074266176
1968027	2684358656
60439983	24580
33112851	2147520512
48577695	24580
6330687	1610613248
43540791	1610613248
37434687	1610613248
6096435	2148012032
18996819	16793601
40436547	36865
6430155	150994945
35971179	671088768
2306931	150994945
55842099	1085440
81217455	671088768
15638235	1610613248
1553307	1610613248
73996467	83886081
27325887	36865
65875731	1140883456
29332743	2148008000
125115	134250497
61244475	4102
30530571	3221229568
56322915	561152
64600791	4311744513
46520295	8425472
21291063	198656
47201667	1610613248
63541635	4395630592
47115159	36865
80786535	36866
68191683	1073778688
31157511	1610613248
37244499	3221229568
68334243	4362108928
36806775	16780288
81407967	1610612992
6650799	2148012032
18775527	150994945
31024995	2147520512
33107019	1081348
66537663	3221258240
43214199	150994945
8577303	2147520512
42722367	20484
1409127	2147520512
1033935	1081408
51897075	2147520512
63594771	1081348
1316463	671088644
24321759	4130
24910143	671088768
7692459	1610613248
61900899	1073745921
6336195	1074823168
47722983	1610613248
7919907	40961
12904323	4362076161
72633723	4295000320
25375731	671088641
77533899	1610613248
24417015	2147489792
38969475	1140883456
2995107	671092736
68713647	4311744513
26137131	4362108928
4236027	37376
8853999	37120
77755839	16781314
40293339	67141633
20477823	1610613248
27917511	24577
54386367	2134016
730671	135266308
66414219	671092736
63318075	2147487745
61184211	150995072
8286675	16812032
15707247	1610612992
46778199	671088768
51848151	1085440
69562527	4362108928
61046835	671092736
34401723	67141633
40713891	4162
46938579	36880
53109807	35
62605275	1610613248
523959	4311744513
41666775	671092736
15039159	1085440
63383199	2147549186
26729403	67108867
40220115	1073778688
54194883	2164264960
11065947	16809985
26532087	4311744513
28096035	57344
56102271	1085440
50503875	1610613248
34730259	671088644
63648231	1610613248
54806919	2147745794
57447843	36928
46424067	1610612992
22717959	16797696
60244935	134217793
62995047	1610613248
64384359	33591296
30244155	1081348
18871107	150994945
51419175	1610613248
18799827	1610612992
42152451	8425472
74778279	4295000065
50064207	1081348
33907299	2147520512
12399207	671088768
21435	17827840
29732559	327681
72591603	134250498
62229759	524322
21424551	1212416
14519463	1048582
58321347	1610613248
1830651	36865
15256563	1073745921
39667371	561152
41424747	1610612992
65971959	36928
49028055	671088768
78849339	2147520512
66865875	4295004160
19031163	1610613248
69895923	67141633
79120851	2147487746
66252219	2181070848
59681823	4311744513
75848451	1610612992
79031103	1073778688
48480819	8437760
18890547	70
64140063	2147520512
65163255	2148663296
23934255	35
544371	4362076161
61493955	1073778688
46202451	1610613248
3227091	4362076161
18540303	1082163200
51871479	2147520512
10252383	134221825
36260511	1081348
42355923	2148040704
12367455	671088768
8999799	2147520512
47108031	37376
30987411	16779266
61386063	1610613248
273831	16818176
78816939	1074823168
14753067	2147520512
48705675	2147520512
2209407	167936
68039403	4311744513
45360375	1610613248
21758919	201326593
79741311	1073774848
61347507	1073774593
51300267	1073778688
563811	1058
2725863	1610613248
50637687	1610612992
15483363	1085440
73169943	1610613248
65860179	1610613248
27449655	201326593
58659603	5368713216
31885863	1610613248
25460619	83886081
8680659	2148012032
11656275	1073745921
43140003	67141696
36290643	1081345
79308123	671088644
26464695	4395630592
538539	167936
58387443	33591296
16934559	1085440
66106095	557120
71424555	5402263552
31241751	1610613248
38945499	83886081
4930035	2134016
29737095	32833
19874211	1140883456
76404759	1140854784
60798003	1085440
7041543	67145728
62971395	36865
32627823	561152
52365579	1073745921
16683135	1610613248
13907751	36865
13124319	40961
79992087	1081348
59311167	1085440
79292571	4130
78229203	36896
57406695	1610613248
1422087	1610612992
5065143	83918848
55393359	37120
33161127	35
51848799	1610612992
64121595	1610613248
27707883	1610612992
44284371	2147520512
76959123	1610613248
7323747	1146880
38145219	3221229568
53674539	2148012032
23652051	2147520512
78757647	1081345
19971411	201326593
38211315	1610613248
7166931	65554
8792763	1610613248
33714843	1073778688
36702771	1610613248
51393903	135266308
38965911	1073745921
43160415	36866
12261183	4295000576
76897563	24580
24105651	1610613248
75166107	3221225474
12914043	1174405120
66932943	5368713216
24486027	32833
56088663	67141634
23544483	4311744513
15990747	2148012032
50752707	2147487746
7321803	1081348
64770891	67109184
58539399	16814080
78767043	1081345
50813295	8458240
59558055	1140883456
60590643	4295000320
8678391	1610613248
21886899	150994945
80582415	1081348
40888527	1074823168
10089087	2148012032
51358911	1610613248
77221887	36865
58903575	537919492
46992363	671088768
3622047	671088641
7981467	4311744513
44532555	1085440
47286555	671088768
53757483	67665920
41259183	671088768
54927123	16814080
36031443	4311744513
65583483	36865
474063	4295000065
31396299	800
68697447	4563435520
62163987	4362076161
53426355	36865
62198979	1610613248
67747479	1610613248
23610255	35
54537027	2147520512
6260055	1610613248
57087555	37376
4027695	1610612992
56065011	1073778688
77583795	2147520512
43965231	536903936
21825339	57344
38090463	1073778688
52787103	1610613248
57367491	4395630592
8202435	68608
7926387	2147520512
62324043	1085440
22289307	16781313
41697231	4295000065
78685719	671088768
1848795	2147520512
73446963	4296048640
4861023	32833
63768111	4362108928
27610359	1610613248
40752771	1081348
63685815	83886081
25557495	150994945
52047411	57344
47457627	1610613248
69027279	4362108928
30292107	1610613248
1347	671088644
42018963	1074823168
15040779	101711872
14250543	2147488256
21787107	2147520512
5553411	528448
63619395	1140883456
6099027	67141633
40058115	4362108928
81512943	1074823168
1106835	1610612992
35965023	24577
67586127	24580
58442847	1610613248
57454323	1610613248
12529131	37376
12666183	671092736
66575571	2181070848
81165939	3221229568
55222287	17301568
39801183	671088768
40881399	1610613248
27903579	1074266176
5515179	1073778688
61538019	2147487746
37858155	1610613248
42716211	36865
79251747	1074298880
75814431	16809986
52786779	4311744513
47548347	1081348
18616767	150994945
57302367	32864
34962243	83886081
64001067	1610613248
24318843	1610613248
64027311	1610613248
75409431	671088768
21824043	16809985
24002295	1610613248
34844631	1074823168
45258315	1610612992
13680303	201326593
35550951	2147745808
57292323	671088768
60500895	1610613248
68180343	1085440
42565875	1610613248
12662295	536907776
44076363	200
62753991	36865
20870835	36868
4705827	4311744513
16915443	1050628
272859	1610613248
31444251	671088768
79368711	1048610
64079475	1146880
75925887	67141633
14733627	2147520512
79156491	1610613248
109239	67141633
63264291	32833
50885871	671088768
63839067	536872964
47869755	4102
9781287	561152
24325323	4102
4893099	1610612992
12611751	4296048640
19917303	150994945
42519867	671088768
126087	67141633
69714159	1073778688
74571243	2147520512
23581743	57344
21233715	524297
66502347	3221229568
12187959	37376
42094779	1081348
5865747	1085440
5868339	2148012032
6938835	32834
28966299	1085440
1520583	2147520512
447495	36880
37133043	1074008064
155571	2147520512
8005767	1610613248
18426579	2147487760
29839155	1610612992
8383551	8425472
50325675	1610613248
80206251	1610613248
62963619	36865
59071407	3221229568
31730991	1610613248
5522955	1610612992
62112147	2147520512
13538391	67112961
3325587	134254592
40362027	671088768
22679403	37376
48826203	36880
55735827	1081348
34191771	1610613248
73559715	2147520512
12895575	671088768
54308607	1085440
3828759	36865
25835811	4226
66674067	1073746432
52563543	2164264960
49023195	2147487746
40761195	134221825
57847335	4295004160
18679623	37376
20619411	36865
35649447	1081348
70347255	671088768
21093099	5368713216
5362251	2129921
67923411	67141633
54154707	2147520512
80600883	37376
40149807	528386
46180419	671088768
27147039	671088644
31488315	2148012032
17319795	1081348
916971	42
74681403	671088768
23042283	1610613248
78698679	134217860
56146011	201326593
1823199	67141633
20886063	1610613248
36583215	16809986
81189267	5435817984
25078299	134217858
43980783	1140883456
17336967	1085440
24724815	6442455040
80314143	1610612992
12296175	4311744513
73855203	1073778688
41748423	1610613248
36601035	67371040
28671783	134218753
46797315	671088768
41039187	1085440
42277191	36865
22372575	36866
68387055	671088768
14112519	134250497
62282571	53248
6198171	1610613248
29443875	201326593
39577299	1085440
27846879	16779520
69965583	17301505
73945275	1610612992
1729563	1610612992
19380759	1610612992
52722627	8421377
33657819	1610612992
353535	1610613248
31203195	37376
65785011	524354
47511411	1610612992
1054995	28672
13098399	671088768
25671219	671088644
34642455	36865
1397787	16809985
72260799	536903684
44973843	1610613248
6979659	1058
104703	134250497
7029879	1610613248
1390983	1610613248
4439499	4395630592
41081307	67112962
36382659	1074823168
1225095	1081345
21959799	1610612992
43704411	2147520512
26162727	36896
31396623	800
36596175	3221229568
1085775	1610612992
50341227	135266308
3572799	1610613248
7651635	671088768
31425459	37120
293919	4311744513
62016891	4329570304
41561151	561152
32779779	134250497
77212491	36865
23512083	4099
70916199	134217738
22370955	135299072
42091539	1073742084
62272851	3221229568
47195511	4362108928
13649199	1610612992
16441431	135266308
48910443	1085440
53663199	4362108928
79209951	1073745921
24511947	4395630592
12478911	671088768
43370691	4362076161
18398391	4362076161
36081339	1610612992
5318187	2147553280
7099863	66564
1368303	36865
37574331	33028
18665043	150994945
36742623	4362076161
29984307	67174416
21647463	67109121
31376859	1081348
54048759	2147487746
38895927	4362108928
74156523	37120
11528943	671088641
3970995	2147520512
69963315	70
70800531	1610612992
24706671	32833
71356839	3221229568
39924303	1610612992
1170663	2147520512
73199427	4106
46212819	671088896
79826847	3221229568
24487323	1140883456
56280147	2147520512
23916759	37376
20190111	1610613248
78396711	2147520512
18526047	100663297
61670859	4311744513
52517211	1610613248
839859	150994945
26927043	36865
75982587	20512
32588619	2148012032
1014495	1048610
56169987	4311744513
1947939	65553
46370607	1610613248
52669167	327696
70847511	561152
45454659	671088644
35702583	4295000576
28279095	671088768
43977219	1610612992
8224791	2147618816
15472023	83886081
37503699	5435817984
44383515	36865
13590879	1073778688
43388187	2147745794
2098275	671092736
6515367	2164260866
68267175	1610613248
54390903	83918848
38242743	4130
76748523	2147553280
63123027	36865
72338235	1090535424
19161411	2147520512
7080747	1610613248
11683491	1610613248
26847663	4395630592
37597011	1085440
70751607	17301568
63147327	36865
37361139	4362076161
43179531	1081345
152331	557120
16857447	1610613248
59008551	36865
41436087	518
1098087	167936
64685031	4102
75993279	1074823168
39246495	4362076161
15125019	4362108928
56567211	671088768
35468007	1140883456
8741247	4311744513
60047295	150995072
51329427	671088768
37463847	1149239296
46326219	561152
24572211	1610612992
59918343	32771
52724895	1610613248
58785963	1610613248
50566407	4295000065
7250523	32833
3125031	1073775104
56847147	2147618816
79468503	3221229568
3020703	1610613248
17390751	1610613248
17334375	1610613248
43422855	53248
4236675	3221749760
34889019	4161
79802223	2147487746
49249023	327696
12182127	671088644
64668831	1610613248
57812343	2147549200
47565519	1610613248
28214619	4395630592
40723287	327681
19671387	8425472
54055563	1081345
2095035	4311744513
28270671	1610613248
1583763	4311744513
43148427	5368741888
956499	69648
54941055	528385
33863235	1081345
55233951	3221229568
39852699	1081348
23819559	4297097216
16460223	1610613248
48444531	5368741888
17322387	32833
53678751	671088768
76308531	671088768
23782299	4294971393
66089571	150994945
34816119	1610613248
60445167	53248
26059695	1610613248
10367403	1073745921
30989355	1610613248
73777119	4311744513
18654027	36865
52940679	4295000320
11190363	1610612992
76109595	1610612992
28873635	53248
4373727	671088768
23404839	1610613248
12822675	1081348
31416063	800
73723011	4311744513
66561639	524354
56227659	3221229568
72951891	4295004160
24352863	1085440
47627079	32773
71208771	37376
30939135	1610612992
15345663	1081345
78324135	1610613248
30568155	3221229568
21957855	1073746176
32971587	1115136
41241687	67141633
81068091	1073778688
40901811	4353
78626103	37120
34688139	4429185025
41498619	17301568
41898111	671092736
67890363	4362108928
49769691	100663297
40293015	1081345
3155811	67141633
112155	134250497
78386991	33849344
4937163	2147487746
25608687	134221825
1184919	37376
14926731	4295000065
66042267	16809985
56690655	1073778688
942567	135299072
5999235	134217860
27749679	1082163200
19956507	150994945
14009811	671088768
61285947	36865
36929895	4295000065
53918511	4102
21111	1610613248
34589319	671092736
58763283	2147524608
2882679	40961
55110831	2147520512
30318351	1081348
9229191	4294967361
12202863	671092736
21837003	67133440
57768279	4295016448
37346235	4295000065
70257831	5368741888
67783119	36866
22162623	32833
363255	2147520512
61126539	8392705
20831631	201326593
39235479	196610
24313659	32834
48321087	671088768
41624007	37120
14786115	83886081
28834431	16809985
888135	36866
64325067	1085440
58393599	2147553280
26194803	2156003328
43059975	4362108928
20125959	2147520512
31752051	4328554496
34994643	4311744513
13537419	4295000065
57206463	671088768
20703651	1610612992
18666663	150994945
13699743	69633
19572567	1610613248
67858935	2147520512
64501647	83886081
15676143	1610613248
18417831	1610613248
7651959	671088768
37923603	4311744513
30697107	1146880
54327399	36880
65179455	3221229568
12472107	671088768
62750427	2147520512
901095	134217858
42922599	37376
34804779	4311744513
68779419	201326593
20305779	577
32550387	1073774593
31392087	800
2778027	1610613248
47170563	671088768
17445507	4311760896
57240159	671088644
78108999	5435817984
54414879	36928
21167295	1610613248
37858479	36896
46512519	2147487746
71383731	4311744513
78267435	134217858
31649343	134221825
46194351	1074823168
48582879	4130
15686835	1081348
58278255	2147520512
40378551	4295000128
47391207	671088768
80289843	561152
44687427	671088768
61176759	69648
4206543	4429185025
43231371	268472320
3818067	1085440
3273423	2134016
7977579	33284
59632575	1140850689
61083447	1610613248
24876123	36866
47588847	1107329024
23786187	1610612992
31430967	327696
14224623	1610612992
136779	67141633
25122039	1610613248
13359867	1610612992
78048411	150995072
161403	1610613248
32174547	2147520512
10845303	32833
53409831	8425472
4313139	1085440
51554931	2134016
45538899	102400
13932375	1085440
36199275	4362076161
71259963	1140883456
358719	36880
11194251	4311744513
35789415	2147549200
57788043	2101312
62973339	134250500
39886395	4362108928
39186231	1073774593
4321887	2147520512
19168215	4362076161
7885887	2155876352
47077251	67108929
60005499	1610613248
12925707	1085440
38384007	1081348
9166335	83918848
42245439	1081348
56181003	134250497
79530711	36865
63162555	36865
41642799	3221229568
1327479	67141664
29435451	4294971393
56668623	1081348
69655191	524353
51464535	1610613248
62420919	2147618816
73798503	4295000065
36702123	1610613248
31641891	83886081
71012103	1073778688
18837411	32833
13580187	1610612992
76301727	2147520512
26616003	67108960
81483135	36865
31396947	800
46192407	2164264960
80081511	1610613248
43173051	561152
65865687	67141664
18756087	536875009
1567563	67141633
599451	135184
56953743	83918848
34637919	671092736
62397591	671088768
29333391	150994945
59578791	67141633
1286331	2147520512
75724035	1610613248
51431811	671088768
39478155	1085440
80830923	1610612992
74780871	1140883456
73845807	229376
23556147	35
18233799	1085440
44571111	1081345
1600611	2147520512
46544919	1610612992
72543327	2621441
307851	2625536
40416135	1610613248
36679767	2147520512
74530419	196610
10487283	4295000065
32895123	2101249
65611995	36865
29837859	1074823168
14130663	536871170
25173555	1085440
16476747	135266308
33034443	36865
4130079	1610613248
5984655	67141696
58384203	671088644
56861403	2147520512
23975079	1610613248
45162087	2147520512
28095711	37376
24233307	327696
51171315	134217858
39298011	1081348
56015115	1074823168
50502579	3221229568
69732951	1073778688
19079115	1610613248
21706431	1073778688
43683027	1085440
30927795	134254592
43576431	17301568
14240499	1140883456
433239	135170
35804967	1610613248
76694415	3221229568
8493063	67633153
71856123	150995072
48616899	1610613248
56909031	671088768
71839923	2147553280
48066099	2147745794
28205223	201326593
27315843	4130
58134399	2147483906
65252355	1610613248
70541979	1090551808
51550719	16814080
40560963	4294971393
46305159	671088768
23436267	1610613248
43521027	671088768
43423827	1074823168
3780483	1610612992
49489431	1085440
24142911	1073745921
66910911	36865
56575311	1610613248
57326343	671088644
66985431	3221291008
27453219	201326593
46397499	4295524352
39465843	1610613248
51909387	536907776
54506247	1610613248
18042963	137216
43399527	2147520512
58806051	2147524608
78056187	1073774656
59062335	3221229568
73873023	2148012032
77089695	1074069504
24533331	65542
49728867	536903684
63933027	83886081
24324675	2148012032
24994383	36865
60939915	1073766400
14586531	150994945
63824487	1073774593
38598495	4295000065
7193175	32834
24338931	16814080
38736195	1085440
7454967	2147520512
63364731	1081348
61269747	1107329024
27033315	671088768
724515	36866
231063	524322
59360739	1610612992
18041991	67
19035051	150994945
55023675	4295000320
79981395	3221229568
48417963	1081348
56083479	1085440
73192947	2148012032
79951587	3221229568
70487547	150995072
28386987	4429185025
43700199	1610613248
33821763	1610612992
47460219	4362108928
27099411	671088644
37612887	1074298880
55865103	1610613248
32625231	4362076161
37462551	200
46837815	37376
24566055	67141633
79508679	33652736
41869923	671092736
59507187	1610613248
70566603	36928
4057827	2147745808
32811855	2147487760
72835899	67436544
21323463	671088768
39421455	4311744513
50065827	5435817984
19477959	1610613248
40235019	1081348
38731011	2147520512
17664207	86016
60663867	1073742084
43036323	16809985
30457023	37376
11584023	1610613248
78444663	536870918
35123271	1610613248
68620011	1610613248
40813359	1073745922
39499215	561152
23726247	1073762304
30316083	4362076161
17204127	1073746176
14254431	671088768
23237007	671088641
44903859	1610613248
81205143	1610613248
9027987	1073745921
19264443	1074823168
12913395	1610613248
39523839	36865
33799731	2147520512
63538719	1610613248
18935259	1610613248
26388231	5368713216
49324191	671088768
18007323	2147553280
13032951	24577
81026295	1081348
74294223	2147487746
57610167	67141633
21037047	1610613248
57346755	671088768
54567483	1610613248
21877179	1610612992
18147939	2147483666
19970439	150994945
36840795	557120
55528467	671088768
63846519	1610613248
23779707	2147549186
40075611	1073774593
24297459	671088768
52128735	67141633
61878543	1610612992
59849655	1074823168
64120623	83886081
79453275	671088768
60456507	36865
29715711	4130
56586975	65541
68448939	4328525824
66398343	1610612992
15272115	532484
63558807	36866
67399503	1610613248
6160911	1085440
50263143	3221356544
37765815	1081348
77827119	2155905024
1198527	1610613248
56116203	1610612992
23283015	150995072
35046483	1610613248
43083951	671088768
60352827	16809985
52759887	32802
12677847	36866
34345995	2147487746
50059023	1610613248
60305199	8716288
66124563	3221258240
54653019	33344
68173215	671088644
67806123	4311744513
38043483	4311744513
62084931	2147520512
1067631	2147520512
39188175	1610613248
26675295	134250497
70324899	1610613248
39027795	327681
37872087	4311777280
54568455	1610613248
53424087	1081345
15376119	1085440
74398551	150994945
26526255	671088768
10722831	1085440
4166691	1073905664
1217967	4429185028
23284311	4099
12402447	1140850689
72395259	150994945
8638215	16809985
44351763	37376
81519747	1610612992
20927535	1610613248
16591767	557120
47572971	2147553280
1912623	671092736
54506895	671088768
28831191	4162
53399787	36865
75897699	671088768
49825419	4161
49169967	1085440
61352691	1081345
54954015	2147520512
35944287	8392705
56527359	1610613248
2218155	201326593
14304327	67141640
71718099	67108929
5321751	1085440
38466303	4106
12156855	1610613248
31862211	327696
11542227	67141633
20878935	36865
65610699	83918848
36781503	16779520
38088519	36865
73853907	1107329024
8728611	2147520512
16527939	1610613248
14722611	28672
64864203	2147520512
55990815	36865
48917247	36865
3879951	37376
80079	8421440
108591	16781313
63543579	83886081
74618871	36865
16011807	1610612992
72503151	1140850689
39582483	1610616832
75729219	36865
36139659	1610613248
42824103	16810240
18859767	16781313
73567491	1610613248
11020911	16810240
17344419	1610613248
33716463	17301506
39454827	536937472
48398199	2147520512
12115059	1174405120
27805731	134250512
5558271	83886081
71163411	4328554496
1121739	16781313
56312871	1610613248
8734119	8425472
5641539	327696
52746603	1610613248
38858019	671092736
66380847	1140850689
13003143	67141633
26484783	1610613248
67686891	1074823168
48560847	1073938432
24251127	36866
63723723	1610612992
62969775	2147520512
75400359	1610613248
20300271	1610613248
1360203	36865
10560507	57344
43019475	36865
8131155	2147520512
51865323	1081408
19407003	2147483682
24131571	2147487746
79294191	1610612992
30318027	1610613248
67332111	2148012032
77596431	1610613248
26361663	4311744513
9093111	100696064
38556375	1610613248
49264575	536875009
29494095	2147520512
26292651	167936
35834127	1073766400
11387679	1610613248
71119347	2147520512
69073935	4362108928
48823611	671088768
7189935	134254592
78305343	16801792
2965947	1610613248
27581199	4429185025
10740975	4311744513
4388307	1610613248
736827	134250497
62662623	671088644
67903323	83886081
76383051	1610613248
6210807	1085440
75079275	671088644
61303443	1610613248
55444227	36865
8311947	1074823168
36638619	1085440
50036991	671088768
42853587	1610613248
1821255	671088768
50519427	671088644
50988255	1073778688
81395331	36880
37689351	36865
65730903	1073762304
56008959	1610613248
42349119	524354
334743	2147581952
34500867	67112961
60186291	1610612992
47796531	671088768
52563219	671088644
33952659	2147520512
65888367	1081348
33374967	4311744513
32475543	32802
48449067	1610613248
60714735	4362076161
26544399	2148012032
33616023	16809988
31213563	1073778688
40946523	1610613248
7824003	1073774848
22110783	671088768
18068559	4311744513
25297647	16814080
81097575	1610613248
6045567	1085440
42356895	1610613248
78982179	671088768
10373559	36866
39566283	2147487745
56181327	1073778688
2122251	36865
35566827	4362108928
63909375	2147618816
42231831	2147520512
60591939	65793
2360715	1115136
22062831	1610613248
56888943	1085440
6074403	2147520512
73979943	1610613248
79236843	1610613248
81117339	37120
79143531	2147520512
35491335	1140883456
62065167	2147549185
28300803	4294971393
11324823	1085440
11474835	4395630592
43860903	36865
77812215	36865
45407031	1081348
11252895	671088768
2068467	16809985
44277243	67108929
17718639	1073766400
31068411	67141696
6935595	1073774594
49864947	4362108928
71936151	1081348
31280631	32834
4540911	1085440
74353515	5368713216
31383339	800
33048375	2147749888
43205127	32834
3845283	800
39544575	17334272
2286519	671092736
43440351	167936
204819	1610612992
69809415	4295004160
54242187	65793
17350251	24577
2046759	134217858
55775679	532736
63188799	671088768
72770127	1610613248
15120807	1610613248
53691063	2147520512
41782767	1085440
31179543	800
45535335	1081345
40264827	1073774593
8334951	561152
67396263	557120
68423019	1073774593
48449715	671092736
45201291	2181070848
34309383	1081348
80912247	1610613248
41922411	83886081
55966191	4328554496
15415323	83886081
9286539	4099
64580703	1610613248
5765955	1073778688
70385487	5435817984
6123327	2147520512
40794567	36865
35680551	2164326400
57997671	3221356544
71165355	4295000065
37350123	196610
79964547	2147520512
14985051	1083179008
62403747	134250752
61002123	36866
52023759	2147488000
40960455	671088768
60741303	16912384
51673515	671088768
56063067	1073745921
14764083	8425472
71318931	1074823168
34940211	2181070848
15192735	16809985
14054847	1610613248
71618955	4295131136
77728623	2147520512
20389047	36865
36025935	16777219
62459151	135184
23372115	2147520512
36980439	134217860
39930783	36896
33615051	1610612992
67257915	1085440
50301699	1085440
5564103	5368713216
2944563	1610613248
7858023	4362108928
41028171	4294971393
48911091	671088896
36103695	1610613248
40543143	67141633
76671735	1073778688
13892847	2147553280
46886739	83886081
43316907	8425472
28330287	16778241
69540171	135184
62207727	67141888
55602663	4311744513
77418555	536907776
54479679	3221229568
17839167	167936
63692943	4099
47454063	67141633
37958919	33587264
52061343	1073778688
76878447	2692743168
77568243	1610613248
16177047	1610613248
63082527	36865
74804199	1610613248
22577019	33591296
67204455	4362108928
26657151	37376
62240127	1610612992
80059803	1085440
39155127	1610612992
69168219	2147520512
54174471	1074823168
53778543	16814080
18805983	83886081
72265659	1081348
31379451	2148008000
38076531	1610613248
78571347	36865
22566651	671088644
59408043	37376
1419171	2147520512
76377219	1610612992
9195819	1610613248
58804755	2147524608
36568635	16779328
561867	1085440
73469967	16814080
20434407	1610613248
78975051	70
61486827	5435817984
24845667	2147520512
81262491	1073745921
28489371	5435817984
3468795	4130
15802179	36866
93039	1085440
54812103	134217857
48362883	83886081
10669371	1610613248
30404535	16781313
2385339	135184
15565011	67633216
75022899	1610613248
40064271	36865
56148603	1073790976
61943991	4329570304
77292519	83886081
74633451	1610613248
55214835	1610613248
34165203	1140850689
64475079	67108929
1438611	4294971393
75545835	1610612992
49834167	1085440
67726743	16814080
66032871	1610613248
81243051	2147520512
57254091	1610613248
1539051	2147487746
80580795	134254592
3486615	2147520512
7632195	57344
69732627	1073778688
62287107	4311744513
3784695	167936
58448031	1610613248
31509375	4311744513
43193139	1610612992
42132039	4362108928
1811535	671088768
5104995	1610613248
14195463	1610613248
59316027	2147487746
23206551	4362076161
1096791	1610613248
37554567	4295000065
57690195	4362108928
67856991	5435817984
18339423	1073745921
22708563	36865
20201127	1610612992
20913927	201326596
57974991	150994945
2394411	150994945
67527159	17301506
52718739	671088768
51518967	1610613248
75013179	1073766400
19723227	671088644
66001119	671088768
28473171	33591296
70008675	1073766400
59796519	4295000320
52171179	4295000320
25111671	42
59758935	1085440
50152983	67108869
56301531	167936
16730439	1085440
25659879	1140850689
50544375	36865
20286015	1610613248
18684807	20512
66357195	28672
37702311	134217860
68363403	671088768
6967671	1081348
53166507	36865
70802151	83918848
43553103	36865
57682743	1610612992
12883263	671088644
69812007	36865
74756247	67141633
76969167	4129
76281315	4311744513
55519719	4102
81462075	4311744513
79183059	37376
79657719	16814080
27316815	4362108928
26735883	1140883456
55721247	1610612992
56895747	671088768
38692131	37376
52036395	36865
5429643	57344
23885655	67141633
22200207	57344
70273383	1085440
66490683	1610613248
3631443	2147647488
81208383	1073778688
29553711	83886081
45168243	134219784
3383259	2147553280
2424543	2147520512
41594199	2147487760
2175063	2147520512
81240783	1610613248
38905971	4362108928
37759011	2147778560
81626991	671088768
4419411	2148007952
24458163	1610613248
80183895	68190208
29560191	557120
80187783	36865
48686883	1610613248
24880983	20482
37430799	36865
66550947	4378853376
23531199	327681
41218035	1081348
20929155	32802
41152911	1610613248
3471387	1146880
39733467	2148012032
35779371	1073778688
56282091	4311744513
27275019	36866
21594975	1081348
32907111	1081345
41916903	4295000065
59060391	4362108928
44483307	671088768
698271	37376
28918023	67141633
51520911	1610613248
36665511	1610612992
5937027	32833
38640939	36866
56600259	2147520512
34522251	2181070848
78572319	16912384
43653543	67145728
41103663	67141633
22535547	2147520512
63648555	37120
51267867	32864
62568339	4362076161
7822707	1610612992
38994423	3221229568
11261967	1610613248
70195947	2147520512
537891	1085440
30238971	134217734
12973983	1610612992
35098971	671088768
33336087	2147520512
3457131	557064
21189651	16781344
61786203	4311744513
515211	1085440
32261703	524306
475035	1115136
25751571	53248
77659935	528386
63920715	2164260880
42591471	4311744513
47279427	1610613248
11450211	53248
78890487	1085440
23574939	1146880
6342027	1074823168
81005235	671088768
66317343	32802
76250859	1610613248
17292579	37120
72331107	1610612992
65820003	16814080
43147779	2147520512
7983735	36866
37760955	4362108928
81110535	1610613248
42633915	201326624
2187699	134217733
19897863	2147487760
9732363	671088768
24165267	294914
48915627	5368709632
79116315	4296048640
77472987	2147520512
43635723	32802
23401923	1081345
9786147	524864
13996527	1610613248
23772579	50331649
73214979	1610613248
38369751	1073745921
13237719	2147487746
59851923	671088768
65558535	32864
25019655	2147487746
17395935	36872
57097599	671088644
43605915	671088768
47952375	1610613248
50385939	1073778688
76750791	1081345
33934191	4362108928
60857619	2147520512
52160811	2155876352
6739575	2181070848
70282779	524354
13633971	2214592528
31164963	36865
79185003	2147520512
62690163	36865
44675439	2147520512
49735995	1207959680
38329899	2147520512
15476883	1610613248
3038199	1610613248
54219507	1085440
3739011	4295000065
28272615	150994945
1434075	524353
6818631	4311744513
34646019	1610613248
25008315	67371009
53059263	28672
704103	1610613248
39502455	2180
5162667	2147500034
51316467	1074823168
17909799	1610613248
66069159	5368741888
29081643	4362108928
74999895	2147520512
3843339	17039361
28401567	4294967361
40256079	671092736
30504327	1073745921
1697163	1085440
46558527	4311744513
37138551	4395630592
28790043	17301568
19785435	4311744513
43242387	4362076161
1459347	67141633
32866611	1081348
5414415	150994945
8571471	671088644
79314603	1074823168
79448091	2147520512
1751595	1610613248
10072239	671088768
56252931	2147520512
1650831	525314
77267571	36865
58163883	67112961
48561495	24580
80712987	671088768
50147475	2147483651
17651571	4295000065
22116291	37376
12404067	671088768
5663571	1610613248
37357251	1081345
43765323	1610613248
39009651	36865
53923047	2621472
33025047	1610613248
53053431	1610613248
37639455	1081348
65341779	2147520512
28685067	36865
62556675	6442483712
25483299	561152
39040431	536875520
79831707	1074823168
68366643	150994945
59800083	32833
28658499	201326593
3116283	134217860
9574899	2148012032
46685211	561152
54388635	557057
47219163	37120
445551	1610613248
50917947	2147487746
49878879	672137216
30751863	1081348
65380011	1610613248
62092707	1073905664
73418451	2147520512
2287167	2134016
38663943	2148073472
56450571	2101312
19815567	1140883456
29782131	28672
5456535	67141633
49370199	671088768
24538191	671088768
29122467	1085440
55660335	37120
54747303	2181070848
45026331	1073745921
15068643	671088644
1543911	1081345
6269451	1073774593
3473979	1610613248
9607623	37376
36535911	1610613248
31527519	1141112832
3474303	1081345
57445251	1610613248
74847615	1610612992
37864635	17334272
19854447	4311744513
28793283	4362108928
10575411	1081348
75187491	1081348
81091095	1610612992
39873111	1081345
40285239	1610613248
48948027	1610613248
14201619	134283265
4635843	327696
36279627	1610613248
3635007	3221229568
21121935	17301568
44775555	4362108928
16972791	1610612992
25108431	1048582
36846303	67633184
41464923	1140850689
47629347	1085440
44794995	2147524608
27016143	1610613248
2155299	16809985
31401807	800
3342111	2147520512
58601607	67141633
36912723	57344
70065051	4311744513
76449471	1610613248
23546427	134283265
35256111	1140883456
21799095	1085440
18434679	8425472
40528563	2147520512
15814491	37376
59617347	67633216
15887067	83886081
67356087	2147520512
51647919	36866
21494211	671088644
36423483	4311744513
25404567	2147618816
37498839	524328
997647	4311744513
38865795	2147520512
377511	671088768
52500039	24580
50334747	1610613248
69528507	2147647488
54078567	1073746176
29008743	4362076161
44554263	671088768
65844951	1610613248
43797723	2147520512
72510927	2147487760
33136503	2147487760
51270135	4099
80196855	36865
44135979	1610613248
68142435	671088768
35554515	1610612992
35587239	1073778688
31519095	1610613248
77311311	1074823168
52015983	1081345
62607543	1085440
475683	1610613248
67602327	33587201
81103083	17301568
207411	327696
80606715	100663298
69160767	4130
3566967	2147520512
70014183	3221229568
58977123	16809986
69259911	1610613248
27815775	16779520
26300427	4328587264
43790271	32802
15546867	135266308
29434479	2147520512
71458251	4102
11629383	1610612992
50416071	3288334336
23840619	2147778560
60659655	4311744513
35937159	83886081
26952639	4295000320
18313503	32833
66549651	4362108928
66057819	1610612992
15884475	4295000065
43729683	3221356544
45098907	671088768
58687791	36866
1712067	2147520512
40282323	671088768
76908255	800
79919511	1073778688
57286815	83886081
31400187	800
40829559	4099
16479987	1085440
38642559	557120
36600387	16809986
5764335	67141633
2650047	17301568
58802487	1085440
7685979	671088768
42610587	1610613248
619539	1610613248
17294847	2148012032
76843131	33591296
67882263	671088768
260223	134250497
20000895	1610612992
11963427	57344
37396131	32834
1253607	1610613248
53835	8425472
61629711	1610613248
64311135	1610613248
49943355	1610613248
54585951	68190208
1512159	1085440
25154763	1610613248
71444319	3221229568
75477471	2147520512
46914603	671088768
10925331	1610613248
64267719	33793
16251243	1610613248
72761379	4362076161
49700031	67158016
20035239	671088768
61195227	20482
45137787	671088768
28038363	2148012032
79426707	1074790404
40929027	36866
8746107	1610613248
19018527	150994945
42854559	2147520512
39545871	1610613248
3725403	4102
35914155	1610613248
44281455	671088768
64409631	4295004160
81143583	1073745921
14912151	5368709121
10690431	1074823168
34945395	1610613248
43368099	671088768
18542247	83886081
47251239	4362076161
67499619	4362108928
858327	1085440
26721627	1610612992
23729487	1610613248
59390871	327696
7986975	4362108928
42234423	671088768
1939191	67141633
11947875	1610612992
47046471	16781313
80192319	36865
70452879	53248
46218327	1610612992
27763935	2147520512
65957703	4295004160
39336243	2147520512
40433631	1081345
51010287	1073745921
16615419	1610613248
66731739	2147520512
54393819	1085440
76310799	1610613248
4649451	2147483682
2984415	1610613248
47073363	5368741888
76337691	17301568
30813099	1610613248
59549307	1140883456
27630447	2148008000
44541627	1610613248
79377459	2147520512
72188223	2147520512
70549755	75497473
33572607	134283265
16907667	2147487746
32082531	2147549186
31932519	16781313
24192807	32802
79153575	2147487745
80050083	4328521792
62577411	36866
3291243	2147487746
18505311	1074823168
24980127	1073747968
61596987	67112961
36753639	83886081
24751383	2164264960
38876811	671088641
28248963	1610612992
21941655	4429185025
35675043	4311744513
26248911	1212416
70435383	4362076161
38674959	671088768
32180703	671088644
37605435	4311744513
23387991	16779266
36622419	528386
51606771	1610613248
47834115	671092736
64415139	37120
31096923	1610613248
8985219	2147520512
67657083	1085440
33363303	4311744513
50883603	40964
43605591	16777282
39760683	36865
17486331	1610613248
891699	524354
30371487	4294971393
67843059	1610612992
13899003	102400
46792779	4362076161
1460643	671088768
74145831	16809985
41149023	3221229568
2117715	2147489792
42234099	1610613248
69826587	1107304448
40246035	1085440
7179	1610613248
78321543	33652736
30019623	75497473
29685579	1610612992
28341627	196624
38473431	57344
36231999	36865
80356911	1115136
10356063	8425472
31325019	1081345
37741191	4311744513
14752419	1610613248
21232419	327681
49489755	57344
34037871	327681
49953399	1610613248
46976811	3221229568
28195827	4362108928
14431011	2129921
68823483	1610612992
47936499	36865
77166483	1610612992
22169427	2147520512
58673211	1085440
54727863	331776
63029715	1610613248
38370075	36866
12842763	1610613248
79633419	1610613248
53926611	67141633
5751051	671088641
34474299	2625536
65055687	1081348
29696919	1610613248
68509851	2147520512
67024311	1610613248
23194239	16809985
2605335	1073778688
49654347	37120
56593779	67141633
17565387	67141696
39114627	24580
51146367	1073774593
44762595	327681
372327	134250497
33185427	16809985
51882495	5368713216
6110043	1610613248
31824303	1610612992
25598643	4395630592
27886731	2147520512
57002019	36865
81531735	1073778688
66166683	1610613248
48682347	266241
1290867	1610612992
81292947	134217860
58202763	4362108928
43474371	1610613248
75482979	1085440
67215147	1081345
5132535	1090551808
64616019	1610612992
24605583	83886081
61283031	1610612992
61457343	2147618816
30824439	1140883456
49093827	1140850689
38638347	67141634
32032635	4311744513
403755	671088896
26386935	671088768
50108271	134218753
34028475	1085440
11157963	1073778688
59875251	671088644
7177623	17301568
72167163	1610613248
10752963	2147618816
4088607	1610613248
38992155	36865
40923519	17301568
41136387	8425472
20577291	671088641
18940443	6442455040
24488943	1073774593
11310891	1073774593
1024215	1085440
10737411	1073745921
48035643	1610612992
30033231	98
76696359	57344
42028359	1610612992
16475775	135266308
78551259	16814080
59968239	67141633
37352067	196610
77467803	1610613248
68425611	1610613248
53491155	671092736
8219607	201326593
74530095	1610613248
57222339	671088768
20205339	135299072
44117187	1074270208
51278559	36865
9073995	561152
15225783	671088644
59483535	2147520512
37424643	4311744513
5926335	1610613248
20727303	1073745921
25710099	37376
32453511	1140883456
64412223	4295004160
81462399	524353
13254891	4130
65836527	16810240
45477339	67141633
38439087	2147520512
80040687	1085440
29164911	4130
11071455	2147520512
34902951	1073762304
54798819	1140883456
25098711	8421377
42527319	671088644
52136187	1610613248
39993639	1074823168
6765171	4496293888
42586287	5402263552
61877895	4362108928
7503891	4311744513
54358179	1073745921
31169499	83886081
602367	671088768
28402539	16810496
36105315	150994945
49366635	83918848
66272631	36865
81126087	4295000065
5117955	1085440
24273807	67141634
75019335	1081345
75618735	268568576
80392875	33028
13152507	17301568
43724499	1073774593
4497819	1610612992
45093399	4362108928
44927187	16779520
15102663	16810240
18183579	4295000065
55709259	1610613248
65839767	4102
37191363	3221356544
37348179	196610
28845447	1610613248
40798131	671088768
61969263	36865
69659079	2281705472
63323583	16809986
2787747	1610613248
21337719	1085440
14044479	671088768
23782623	2147520512
1840695	201326593
7408959	83886081
76399575	671088644
18522807	150994945
19505823	4294971393
29471415	671092736
38485743	4429185025
3115959	557057
60114039	1610613248
19915359	150994945
73019283	1140883456
1004127	36865
32552331	1610613248
66870411	671088644
56038119	2147520512
46272111	1140850689
2957199	1610613248
3262407	1073778688
23396739	36865
43803879	1073152
31552143	67141633
65285079	4311744513
76323111	1073775104
70632699	2147616768
32312895	1610613248
70496943	2147520512
2228199	2164264960
57104079	32834
78083727	16912384
40248627	1610613248
17124423	67141633
62703771	1073745921
22181739	83886081
7578411	1081348
32097111	327681
11086683	1085440
16565523	4362108928
78649755	4295004160
32689707	36865
68397099	671088768
27933387	135266308
23193915	16809985
63516687	1074823168
15238095	4362076161
2450463	1085440
62499651	4362076161
19299111	1610612992
11239935	2147520512
64595607	1610613248
52375947	4362076161
8244879	67158016
58099731	1610612992
5784099	671088641
9902787	1115136
3615243	1085440
65949603	5368741888
23926803	36896
76040583	4311744513
12570279	1610613248
61904139	37376
57303339	1073774593
23213031	2147483682
43674603	1073905664
78732051	2148012032
15922707	83886081
51453843	3221229568
9678579	3221229568
39979707	603979777
81603339	16912384
3976503	1610613248
7090467	201326593
23617059	16779266
78047115	150995072
452679	1610612992
24916623	1074823168
52558683	67141633
31343811	4395630592
4922907	1149239296
33437175	24640
21004971	1610613248
57350967	671088768
67623387	671088768
41103987	4362108928
30759963	1610613248
56413635	1610613248
6340407	2147489792
51233523	671088768
14203563	1610613248
50516511	2147487746
68682867	4102
6131103	67108870
5456859	67133440
27675483	4429185280
32788203	65554
34000611	1610613248
48988203	16779520
75828039	1610613248
43272195	1074823168
47672763	6509559808
52665927	1085440
80401947	671088768
16513683	2147520512
22513515	1074008064
2033475	2147487746
76080435	1610613248
5541423	1085440
20159979	4295000065
80808567	671088644
77737371	1081345
61492335	1610613248
40966611	2164264960
8667375	3221749760
55396923	37376
36663567	1610613248
21518511	1610612992
30164775	1081348
80199771	5435817984
59883999	1115136
79772091	1610613248
47435595	16814080
31699887	540736
9299499	524384
78793611	536907776
56329071	36866
147795	36865
68562663	4295000065
23475795	16912384
21052275	2147520512
55941243	150994945
25561707	1085440
31010739	67141633
30283359	671088768
1582467	2148012032
15403011	2148012032
50544051	4311744513
11293395	299008
60726075	671088896
3353451	2147487746
38453991	16814080
51386451	2147553280
39659271	4295000065
73456359	2148007938
10968099	4294967361
36495411	37120
61862019	1081345
15828099	83886081
24080055	201326593
27380967	528448
28250907	4295000320
694383	2164264960
81685635	201326593
8297691	1610612992
74848911	6442483712
40247655	36865
37379283	196610
23962119	37120
27132783	1610613248
30142419	1610612992
4116471	150994945
78569403	1610613248
4812747	32833
1948911	2147484674
79319463	2147520512
25825767	3221225474
10941855	3221225474
24392391	4311744513
40181235	671088768
764043	1610612992
43858635	1610613248
66397047	671088768
27741255	37376
53581875	1073778688
53221911	2147520512
48927291	1610613248
48594543	1610613248
54423303	1075843072
66083091	8425472
33551547	4353
80547747	2147487746
3241671	536871172
50033427	1610613248
21489675	1081345
10406283	1073778688
72420855	1610613248
2904387	1073742337
21409647	134217864
49057215	1610612992
11391	135299072
56375727	331776
3438987	1610612740
50709291	2147520512
48943815	1610612992
311415	1085440
55645755	1610612992
80852307	4362108928
13811523	16809985
51123039	2147487745
49594731	671088768
75766155	4102
73078251	2147495936
17654487	1610613248
26060991	100696064
71538603	4362076161
31080075	4362076161
3749055	524354
33913455	83918848
453003	1610612992
6488475	2147520512
48920163	57344
54430107	1610613248
31161399	3221229568
41063811	1107329024
40887231	4130
75323895	1081348
590055	1610613248
392415	32834
44821887	36865
49106787	2147520512
12443919	671088768
18256155	83886081
81369735	1610613248
65337891	36865
8191743	4311744513
61407447	1610613248
57722919	83886081
9857427	1610613248
43573191	2147553280
15772371	1610613248
56694543	137216
30127191	1073778688
79034343	4362108928
2670459	1074823168
22846587	1610612992
5101107	1610613248
41885151	671088644
1509891	1073778688
78053271	528385
50006211	4362108928
36501243	524384
79733211	8392736
79242351	327696
9051639	33344
29904927	561152
39721479	36880
21560307	150994945
76093071	36880
19104711	150994945
50327619	2147487760
62794815	4161
1325535	1610613248
54074031	2147487760
40951383	1073745921
4177707	1610612992
77577963	1610613248
8763603	4295000065
63483315	57344
48044067	4362076161
35683791	1610613248
19309155	2147749888
2159835	2147520512
459807	66564
1895775	2147495936
74186331	134742272
66613479	4295000065
2126139	4362092544
27654747	1610613248
80425275	1610613248
32304795	2147520512
27005451	528386
80070171	2147483682
79648647	276828160
37470651	1610613248
53089719	1073778688
51879903	5435817984
24983367	1610613248
1198851	536873472
73101903	1074823168
21195159	4362076161
41903943	4295000065
41913987	2147520512
3370299	4362108928
2227875	134250497
3035931	1610613248
4823115	201326593
37379931	196610
3106239	1610613248
78378891	4311744513
42662103	1082163200
12928299	671088644
13419483	1610613248
592647	1610613248
18888927	167936
21500691	2147520512
40523055	327696
21042879	201326593
52148175	4311744513
43667475	5368709121
62428695	4311744513
48443559	25088
26996055	32834
33320859	1610613248
57522687	67108929
8315511	4362076161
26999943	2147520512
27678399	40961
30671835	4311744513
39700743	1610612992
5378127	67371009
58752591	557120
50189271	2147483682
73667607	4311744513
43821699	36866
76158195	1074823168
72004839	36865
10290291	1610613248
928959	1610613248
17040507	524322
220695	1610612992
79268271	2148008000
30774219	1610613248
13317747	1610613248
49660827	1610612992
36318183	4395630592
26220399	1081408
16352007	1610612992
892347	134250497
67205427	53248
12010731	2147520512
52670787	2147487760
22602615	1074823168
8645019	2147520512
44989719	4311744513
33476379	201326593
58891263	4362076161
37912911	4311744513
13049475	1085440
17502855	67108929
66272955	37120
23620947	83886081
49135947	67141633
1918131	4362080256
24667143	671088644
32910675	134221825
19901751	150994945
73290147	1610613248
78935847	4311744513
74894271	1073778688
79568619	1610613248
62485071	4362108928
9018915	17301568
37982247	1610613248
10525839	65570
27821931	16779520
41320095	671088768
31635087	57344
80173851	67141696
56945319	134254592
59668863	1610612992
4328367	1610613248
2399919	135266308
67893603	1140883456
41205399	2147520512
53530359	671088768
40943283	1610613248
52684071	1610612992
61191339	1610612992
66235047	4295000320
15678087	4311744513
22283151	67141633
23632287	5368709121
32399403	671088644
40142355	4311744513
25478763	1610613248
43798047	3221356544
18290175	1610613248
80628099	36865
74811327	1610613248
897855	33824
37192659	1610612992
44343339	2147618816
56411043	1081348
33875223	57344
50549559	1610613248
41103015	1610612992
1394871	1085440
33380151	201326593
59343	135299072
19028571	150994945
58892559	8392705
17449719	1610613248
36727395	671088768
17530395	67633216
75734079	2147520512
40484499	1073774848
18476151	1610612992
25407483	1048610
65579919	1073746176
66133311	1073775104
15738675	83886081
66274575	36865
24713475	201326593
27708207	1073778688
947103	4295524352
26342547	1085440
4421355	32833
77691363	83886081
40959159	1610613248
24759483	1610613248
13190091	67108929
80268135	36865
70624599	1073745922
63531915	2147520512
72008079	1073778688
67824267	1610613248
4996455	1610612992
8388087	16912384
50645787	3221229568
50358399	4362338304
76690527	1090519041
64266099	536875264
67669395	4295131136
78248319	2147520512
24552123	150995072
1575015	1610613248
11526999	1073778688
25644327	1073938432
39296067	8392705
30887619	4311744513
31639623	1085440
49008291	4303388672
19501611	4294971393
10857291	4106
19956183	4311744513
37250979	1081348
80988387	4362076161
11588883	201326593
449763	167936
4223715	2147520512
1639167	37376
19788999	33591296
66125859	1081348
16827639	4362076161
30859431	1610612992
139371	4295000065
74811975	1081408
52702539	2147520512
58872795	36865
7291671	4295000065
13983	67141633
24744579	1085440
72758139	24580
3544287	671088768
78918027	1610613248
76375599	2147520512
43258587	8425472
75709131	16809985
22537815	1085440
26325699	1064976
57010767	2147520512
69224271	150995072
12563475	57344
6024507	557120
33353583	67112961
10474971	557057
43882611	671088644
78700947	671088768
78958851	3222274048
44114919	1073778688
35056527	83886081
30983523	671088644
30664707	3221229568
68077959	1081348
79726083	36866
58344675	1073762304
62988243	69634
17593899	16809985
46445127	3221229568
74465295	4311744513
14040591	3221229568
56714955	4362108928
31495767	671088768
31713171	1610613248
46925619	37376
41676171	16814080
45555423	135266336
1038795	4362076161
78624807	1610612992
31636059	97
61287243	4362108928
47819859	70
73588227	1073778688
78036747	36865
20529339	1073745921
49688367	135266305
2732667	1085440
60339219	4362076161
47006295	1610613248
39472323	2147487746
74532039	196610
48533307	37120
69193815	1610613248
59559027	5368713216
43286451	8425472
80419443	2147520512
32126919	4311744513
26480895	16779520
19621491	671088644
27029751	57344
42096399	4295004160
15032355	16809985
79721871	2164264960
65913963	28672
29229063	3221229568
24730647	4362076161
68565255	1048836
22190811	561152
19032783	16809985
69796455	53248
39131475	1081345
19690827	1610613248
78188703	4362108928
10400775	1610612992
20939199	67141633
62735199	83886081
29027535	1082134528
80588247	4362108928
68551971	16814080
2942943	3221749760
62596527	1085440
26351943	4362076161
31764363	1140883456
76977591	4362108928
12694047	16809985
3960303	1085440
10355739	201326593
33173763	150994945
77320707	4295004160
75884091	2147520512
25091583	4295000320
14832771	3221356544
79349595	1610613248
21590763	201326593
50726787	1610613248
1150899	536907776
8857887	4295000065
113775	67141633
65782743	4362108928
37382847	196610
75619707	1610612992
42937827	17301568
51985527	2147520512
81607227	1610613248
59323803	1081348
52355859	1610613248
416391	1610612992
32456751	2147520512
55893291	1610613248
35194227	536871680
38474079	1085440
49095771	4311744513
21432327	67129344
12871599	8425472
30019299	83886081
35766735	1085440
47550615	1610613248
57414795	1610613248
1533219	1085440
19499343	4295000320
22495695	671088644
80119743	8425472
73207527	167936
8717919	1610613248
14260263	4311744513
71751147	1610612992
5864451	1610613248
74531391	196610
57928983	134217796
25121715	671088644
15569223	83886081
77289603	5368741888
33652635	3221229568
40614423	4294971393
22222887	16810240
55758183	4295000320
79611387	1073778688
35862315	327681
62979819	266242
21375303	1610613248
9285891	16781313
59792631	37120
39799239	2147749888
59571663	1073778688
60834291	1610613248
18798207	67141633
55746843	4328554496
1916187	135184
23577207	35
77384535	671092736
38275791	1610613248
61776159	1610613248
7918287	1610613248
23278803	524354
64207779	2147520512
40997391	32864
72855339	67108867
48169455	4295000080
2058099	673185792
80761587	70
52322811	1085440
54930039	2147520512
61948851	67108929
70243899	1610612992
7592991	4362108928
47846751	1610613248
8486907	4362108928
74892975	2147520512
3765903	135299072
557655	5435817984
51095175	67141633
68293095	16814080
43235907	4311744513
7936431	6442455040
30353667	1610613248
77763615	1073774593
32464203	150994945
64418379	1081348
12337971	4099
55830111	671088644
6362763	67108929
23815023	57344
41078067	2147520512
13318719	4102
51486243	134217888
15061839	167936
672999	16777250
16046799	150994945
65415003	1085440
79728999	1081345
39795675	4295004160
25071171	1610613248
15435735	1610613248
31550847	2147487745
65122431	83886081
77925939	4226
33815931	16809985
54118419	37376
60466227	672137216
78076599	1085440
4829919	135299072
71212011	2147487746
47024115	1081345
4543827	1610613248
13329735	4311744513
60352503	16809985
56327127	2147520512
43997955	1030
30724971	1081348
9834423	1140850689
69072639	1610613248
47862627	269486080
33650691	67108929
69670419	1610613248
78049059	150995072
41638911	671088768
63055311	1610613248
18663099	150994945
29277987	671088641
42333567	3221229568
9877839	2147520512
56295051	671088768
6583407	2164260880
28918995	1610613248
31390467	800
5922123	2147618816
57746895	1610613248
59701263	4311744513
10138011	1610613248
18963123	36866
996027	1610612992
79315251	4311744513
76862895	8425472
46354083	1610613248
3231627	1115136
24911763	53248
29632119	1610613248
12639291	57344
65435739	4328554496
36855375	1081345
72788919	4295000065
51885735	1048582
43844703	4294967553
314979	134221825
77915247	4130
9007899	1610613248
26519775	1085440
69796779	1610612992
81193479	1610613248
56993595	1610613248
30887943	1610613248
66876243	16809986
42236367	671092736
23437239	4294971393
66350391	1073778688
59141715	2147520512
27960279	4362076161
28136535	1085440
641571	1074823168
68847135	16809985
16953999	1146880
32270127	2147520512
53618163	20482
42714267	1073741860
46542651	671088768
65554971	1610613248
72901347	1081348
9443355	67141633
80924235	3221225474
13103259	1610613248
17859255	6442455040
63750939	2147520512
38753691	1610612992
24621783	671088768
27386475	67108930
56026131	4295004160
79677483	2148008000
7306575	1610613248
53939247	1146880
67287723	671088768
54333555	671088768
23429139	327696
78884655	2134016
75206931	2147520512
12490251	671092736
30790743	1610613248
17748123	1610613248
28201659	671092736
57042195	1610613248
39129531	1610613248
6565263	36866
72796371	3221356544
56965731	2147520512
69452367	1085440
63818007	1610613248
70341747	36865
57231411	4362076161
7252791	1610612992
79717659	67141633
42101907	57344
42489087	1610613248
30885027	4295000065
74527827	37376
54955959	2147520512
51547803	67141633
36421539	16809985
17327895	3221229568
63068271	36866
26197395	137216
47031243	671088768
62014299	1073766400
52415475	4362108928
60556623	2147520512
6845847	150994945
33500355	134221825
14812035	2147487746
67789599	1610612992
3321699	2148012032
79107243	1083179008
26234655	1073778688
12793515	1610612992
67263099	2147487746
53087775	8392705
18863331	201326593
41958699	1610613248
59543799	1140883456
27681963	83918848
12445539	671092736
37330359	1081348
73728843	4328554496
2392467	2129922
49172235	36865
63621339	36865
65294475	1610613248
75529959	16912384
14933211	1081348
25968003	671088768
6660519	1073745921
5542719	1085440
26870991	671088644
52006587	1610613248
7951011	67141633
38795811	8425472
59604711	671088768
78044523	1610613248
33428103	2147520512
3352155	67141633
66471243	2147520512
3076755	1610612992
10341807	37376
40389567	1610613248
72536523	671088768
78019575	36865
77653779	5435817984
53261115	1610613248
48611715	1073778688
10036275	2147484674
31035039	2147749888
40164063	1074298880
14619255	16781313
16477395	135266308
4025103	1610613248
80202363	28672
16454067	135266308
60311355	83886081
55336335	67141633
345435	1610613248
78312795	3221229568
69858339	1610613248
10050207	1085440
32071515	2147520512
57839235	2101252
53359935	53248
50233659	1610613248
4799463	32840
59199711	4362076161
20363451	32833
80133999	68190208
43832715	1610613248
49666011	4296048640
30747975	1610612992
460455	1610613248
5985627	2164264960
15755199	1074823168
64155291	1073758212
59471547	1610613248
26198691	1610613248
28638411	1610613248
75621003	4362076161
65193387	4362108928
178575	134250497
24970083	4362108928
68211771	4395630592
11648823	671088768
39240987	1081348
3646023	327681
16467027	135266308
79043091	1074823168
27008043	671088644
3781779	1073938432
51235791	4362108928
32184267	1610613248
4885323	4102
10609431	518
53455839	1081345
46949271	4130
31287435	67133440
5172387	16777249
81461103	671092736
69264447	1610613248
41146107	4294971456
39214743	4294971424
59907975	2147520512
36221955	4311744513
28755699	5435817984
51213435	1610612992
53975211	36865
51068931	67141633
22836219	671089152
61097379	36865
12422535	1610613248
67790247	4303355905
59911539	37120
47818563	557120
5759475	28672
14044803	671092736
58877655	536871172
10122135	1085440
43105011	65793
41728335	4311744513
13118811	32833
75745095	4311744513
4594047	2147520512
27302559	671088644
3601959	2147520512
76891731	2147520512
447819	67108898
51488511	1074823168
53554335	83886081
37061439	4295000320
33506187	2147487745
17367747	57344
2665599	36865
15001575	2147520512
2485779	4130
22343415	201326593
35630979	2147487746
65869899	1073766400
54606363	1140883456
81160107	1073778688
56437935	1610613248
51726327	1610613248
79223883	2147520512
75205635	134217733
43626327	2147520512
26130003	5368741888
22381323	1610612992
45380463	671088644
58573095	1085440
50962335	1610613248
40764111	1610613248
56749299	1085440
24052839	201326593
78894375	1610613248
29422167	4311744513
11185827	1610613248
31922151	67145728
60405315	83918848
75936579	536870918
1902255	67141648
56767119	1085440
8434419	2147520512
50341551	135266308
34063467	150994945
74730003	2147487760
24114399	671088768
10314915	1085440
66901515	1610612992
26372031	17301568
25615815	134221825
31325343	1610612992
34080315	36865
49588575	1081348
29816151	671092736
10483071	4362108928
78003699	1610613248
73505931	4295004160
62833371	17301568
72909447	16842768
1607415	3221749760
32652123	134254592
52068147	1610613248
67054767	1610613248
75814107	150994945
51039447	1085440
51934659	1073758212
69955215	1140854784
14903079	17334272
26684043	16809986
63651471	1610613248
70120131	1610613248
10925007	83886081
80440503	2147488256
3760071	67145728
2527899	40961
74624379	1085440
32381259	4311744513
3662223	1610612992
62398239	1610613248
5565075	2147520512
23050383	557120
60524871	262147
29007447	1610613248
10686867	671088768
21402519	1610613248
40529211	4311744513
39696855	1610613248
16120023	83886081
51395523	167936
81330531	16814080
19036671	150994945
39315183	1610613248
23515323	134217761
45524643	4311744513
41188227	671092736
18967011	4311744513
74236551	98320
51424359	1140883456
43853127	671088644
27088719	671088644
44919087	2214596608
39729579	1065216
9443679	134217800
50721603	4395630592
46854987	4295004160
43373283	57344
2887539	1610612992
20909391	4311744513
50782191	37120
51397467	70
51634959	1610613248
3571179	528448
64400559	67133440
68987103	83918848
548259	2147520512
65063787	2147520512
17922111	1610613248
66616719	268568576
23538327	1081348
69303975	1610613248
71341611	4362108928
66600519	4311744513
75841647	17301568
73131387	1074270208
35304711	4295000065
46409811	1081345
18472911	16809985
2131647	671088768
48120855	1073778688
81546315	2147520512
58415307	36865
53158731	4311744513
56780403	4429185025
12879375	671088644
56069223	1610613248
2879763	1610613248
43583235	1081348
56235111	167936
56493987	1074823168
3806079	24577
6616131	1085440
9719403	83886081
18690639	524864
26026647	4311744513
55831083	67108929
19520403	4362108928
71309859	1610613248
17129931	2147520512
471471	150994945
75257475	1610613248
15327519	67141633
21212331	2147487760
34374831	98
697299	2701131776
32575983	1610613248
13463223	1140883456
26004939	13
55935411	671092736
31390791	800
58334955	1610613248
15277947	4294967361
54878847	1610613248
79779543	1610613248
9102831	4130
7560267	2147520512
70115271	1610613248
15539415	4294971393
44619063	4296048640
62024991	524548
61624203	32771
80566215	671088768
41467515	671088768
41550135	1081345
16184823	561152
22403031	37376
67200243	83886081
34590291	671092736
36319803	4311744513
749787	16779266
45501639	2147520512
54276207	16387
16224675	1085440
68933643	1074298880
59357499	2147483906
32030691	1048610
63299607	67108929
36745215	2147618816
4828299	2147520512
14952327	1610613248
7105371	671088768
51485595	2147487746
61894743	3221229568
19087215	37376
78638091	4295000576
24361935	1085440
524283	536875520
78898911	36865
75491727	671088896
78119043	1610613248
36987	2147487746
65233239	2147520512
45710295	4296048640
21555447	1610612992
28160835	671088644
39192063	24580
13003467	1610612992
18850695	100696064
40335459	4362108928
38659407	57344
11983191	36866
28510107	5435817984
64639023	16814080
44417859	528386
524607	671088896
79875123	2147520512
3649587	4395630592
77469423	1610612992
27816747	4295000320
50063559	8425472
55264731	671088644
4073703	67133440
46806063	671088641
49952427	1107300352
42725931	1140850689
1877307	2147488256
67970391	1610613248
9384063	1610613248
74722551	1610613248
44885391	1073778688
75816051	36865
67954515	1073790976
24612063	2147520512
676887	4295131136
68265879	3221229568
1976127	4362108928
77231931	1610613248
640275	4311744513
52784187	1610613248
39808959	1081348
72672927	36865
74683347	49156
7297179	66816
41902971	36865
43552131	3221229568
43112463	1081348
47294331	36865
44361159	4295000065
47198427	3221229568
46497615	4362108928
46439943	83918848
28904739	4295000320
63523815	32833
19058703	4311744513
9901167	4362076161
81460131	671088644
4876899	4130
52024731	1073774593
33951039	4106
8349855	16777250
8062791	17334272
34408527	2147491844
63613563	1610613248
265731	134217860
4750863	671088768
21165351	1610613248
42066591	4311744513
30359823	1610612992
70795671	2147504128
1891887	2147485760
29291919	1081856
22117911	1073905664
5323695	1085440
57917319	5368709121
18891843	1610612992
55000995	2147487746
78985095	4311744513
7663623	83918848
62122515	1610613248
23114211	4130
70369287	16912384
52190943	4362076161
55895883	3221258240
80662443	1073778688
74966199	2147520512
18899943	16809985
22166187	1085440
78621567	2147487760
19022091	150994945
2696379	134217860
39709815	2147487746
20884767	536871172
62267991	16801792
60540423	2155905024
75531903	1073746176
37134987	135299072
3540075	524548
49821855	2147520512
70553643	1074270208
4312167	1073766400
7250847	1610612992
50589411	671088768
47228883	4295000065
44229615	67141696
426759	1610613248
60597771	57344
69279351	4362108928
47521779	671088768
69836307	2148007952
14151399	4362108928
32361495	4106
11084415	1073778688
8799	1107296768
69243387	5385486336
39402339	37376
41138979	36865
59196147	561152
68371827	1610613248
57771843	1082163200
27342087	4362108928
21544755	24577
53853063	1081345
2429727	1081348
49262307	5369233408
74204475	1074823168
4505919	36865
61592127	2147618816
5042463	1610612992
38270931	67145728
10894875	8425472
55152303	1610612992
14680167	1074823168
12653871	70656
41384247	16809985
1937571	1610613248
15099423	1107296257
34116927	117440512
10390083	36866
3046299	36866
51905499	17301568
9815307	1610612992
29719275	4311744513
2655555	4362108928
49237359	135266308
56404887	2621504
44286639	2147520512
26755323	671088644
11737923	135266308
57243723	671088768
62629251	2147487746
14301411	1610613248
29515155	196610
52948779	1610613248
14075583	24577
53646351	67633216
32895771	286261248
21284907	518
48077115	1074266144
23110971	1610613248
47711967	16809985
81366819	1610613248
47161815	1610612992
2801355	136314881
34039491	1081345
28812723	67141633
32853651	17334272
951315	83886081
481839	67133440
44014479	5435817984
35933595	1085440
32233839	4311744513
44089647	671088768
53015199	1081348
43709595	67633216
14584263	2147487746
2198067	786496
48702111	36896
59646831	671092736
24984663	2147520512
74688531	1074266113
66661107	1610613248
67367427	37376
51517995	83918848
11709735	100696064
37558779	16809986
1097763	134348928
24137403	1610616832
75839055	98
49431435	67141633
17452311	2147520512
36251763	327696
74803875	17334272
55215483	2134016
205791	67141633
58361847	16912384
2802003	1610612992
62370375	8425472
56794983	4295000576
30686091	1074823168
68450235	1610613248
12117003	327696
4827327	1610612992
47383107	2147553280
47333535	4362076161
56905143	67141696
47212359	1140883456
54314115	1610613248
2942295	1610613248
64446891	1610612992
29864751	1610613248
27836835	4353
45137463	671088768
64556403	17301568
17107575	4295000576
10300659	134217733
31028235	2147520512
19775391	83886081
30709095	69633
36198627	1610613248
26841507	671088644
20891571	134217793
36863151	4099
9439791	1610613248
77088723	1610613248
57613407	1081348
18762891	53248
77041743	4296048640
72759435	1610612992
69940635	16809986
65360247	1073778688
30726267	38
54950127	67108874
16633239	135266308
43621143	1610612992
42414567	1610613248
74685615	671088768
550203	1056772
25544859	5368709121
25419795	36865
45281319	1610613248
22836867	5435817984
67761411	4362076161
37727259	5368709121
9319911	1610613248
22465887	4362076161
26602719	1610612992
11796243	2147520512
70940499	33591296
89151	1610612992
1362795	1115136
78232119	36865
75815727	8392705
45389859	2147549185
4600851	1610613248
43350603	4354
74904639	5435817984
79667439	67141633
46525479	4328554496
32816067	4311744513
16770615	671092736
79364175	1069056
43024335	671088768
64662999	4362108928
47150799	16809985
12887799	536887298
38936103	3221291008
54381183	167936
34146735	671088768
41144163	67145728
38635107	6146
71809143	16777250
31621155	134217733
1914891	2147520512
31297479	36880
22379703	1081348
52169235	1610613248
8572767	2148012032
5848575	671092736
66062031	142606464
76513623	135184
59058771	4362108928
44200131	36865
12251463	671088768
33017595	67158016
75447663	1085440
3307767	671090688
57069411	1610613248
25113291	4102
54335499	327681
40774803	1610612992
56189103	1610613248
3898743	2134016
32237403	561152
15940851	16912384
59549631	1107296257
22015203	134250497
50151363	34078784
44161575	1085440
46260771	42
62758851	36865
78518859	2147520512
38337999	134250497
425463	671088644
10457475	671092736
38073615	5377097728
73270383	53248
21675651	67108960
58071543	1610613248
59004339	1074823168
52990251	1610613248
38723235	4295000065
12430635	671088768
13715295	1610613248
9186099	671088768
47467671	402685952
71547999	4295004160
63033927	2147487746
81513591	36866
16726227	1073778688
52648107	1074266176
3472035	1610612992
56496903	201326593
19108923	1610613248
75330375	4295000065
4102863	150994945
68573355	1610612992
35638431	536871680
55417983	16781313
38730687	16781313
15428607	137216
80800143	671088768
1998483	1085440
2832783	1073750528
8840067	2147520512
8525787	561152
5975583	2147520512
28023783	1056772
27384855	2147520512
13073127	3221356544
16220787	1085440
1889619	3221229568
69582291	671088644
60839475	150994945
59509779	2181070848
47491323	8421408
20133087	1058
68037783	4362108928
20155767	1610612992
53127951	2147520512
17833335	100696064
34121139	6442451008
58123707	3221229568
63478779	2147484162
4592427	4311744513
61728207	16912384
6332955	134218241
563487	2147520512
79112103	671088768
33311139	24578
135159	1085440
62595879	1074823168
33850923	524802
58186563	36865
2431995	3221356544
23742771	32834
57731991	134217793
50110539	1085440
20492727	1610613248
79418607	2147520512
35737251	524353
15203427	1074823168
4083099	2147520512
27615219	1146880
38375907	2147520512
13285023	561152
40589151	67141633
59954955	37376
77255259	36865
51801495	1610613248
42495	135299072
44088675	16781313
63730527	2181070848
1408479	167936
57885891	135266308
39454179	1050628
6813123	2147520512
67652547	134217733
42712971	1610613248
68071803	1610612992
73751523	1610613248
9913155	1085440
27559815	4362108928
69684351	671092736
23644923	671088644
79448739	134742048
32719839	37120
64214907	2147520512
75182631	16777282
59547363	1140883456
26291031	561152
31949691	1074823168
34491147	671088768
52527903	561152
6224739	1610613248
6172899	1141112832
53284119	1610613248
63491739	67108929
66325119	16781313
24548235	83886081
67127667	1610613248
60150651	1085440
37335543	1073766400
56450895	4362108928
32692947	1610613248
120903	67141633
20780115	1610613248
79586763	5377097728
65850783	1610613248
77422119	1610613248
67950951	671088644
1059855	4294971393
83319	83886081
14326035	167936
7518147	1610613248
54580119	327681
34244583	518
63456423	20736
79589031	8425472
71976651	4295000320
1480731	8523776
77319411	16912384
42228915	32833
68326467	1610613248
11318343	32834
36605895	67145728
46557879	4311744513
17050875	1610613248
77346627	134221952
25525095	4295004160
10807395	2147484674
129975	67141633
41363511	32802
36053475	4294967361
25017711	70
36860883	2147520512
40940367	1610612992
63076695	36865
22496343	4311744513
35424267	2147520512
58819335	2148012032
11457663	671088644
15954783	16809986
43497051	671088768
20190759	8392705
59895987	2147520512
24905283	16809985
47256747	2147487760
75419475	163856
47552883	1610613248
32311275	1610613248
24401787	1610613248
9600819	150994945
49332939	36880
63708495	1081345
74206419	1073778688
49127523	1610613248
3139935	1074823168
17402415	1074008064
34199871	4295000320
3598395	36880
23836083	1081348
37022235	1081345
5234271	1610613248
25471959	299008
70426311	1610613248
15432495	83886081
74170779	135266308
78968571	2147520512
63652119	1610613248
60630819	1073778688
59773191	32833
49322895	1073766400
78570699	36865
52907955	17301568
58547499	1610613248
22115967	1081348
66443703	1073778688
10499271	1610612992
9365595	1610612992
8991375	1610612992
69731007	2147549185
34717299	1074823168
8405907	1610613248
75221511	3221229568
53073195	1090519041
46306131	36865
13353711	8425472
23386047	1610612992
15797319	1610613248
38156235	671088768
57316947	671088768
39816411	1610613248
10216419	671088641
56424651	1610613248
42947871	671088768
12062895	57344
51863703	1610613248
77251695	2164391936
56396139	1074069504
27778515	1073742084
28302099	2625536
56277555	37120
38698935	1610613248
5839179	524672
23881443	327681
2659767	57344
76321491	1610613248
68951463	671088768
25126575	134250500
48806439	671088644
55349943	2147520512
55668759	1610613248
63243231	67108929
52073655	536907776
38197059	8392705
42960507	16797696
80216295	1081345
55095279	4362076161
57238863	671088644
42319959	4362076161
25339119	1610613248
71979	1610613248
44331999	20481
75315147	536940544
22151283	671088644
13445727	524802
7132587	4311744513
10197951	2147520512
56113611	67108929
19030515	4311744513
73555503	16912384
36509343	671088768
4098975	4294967361
74482143	1085440
13771347	1610612992
22752627	5368709632
39255567	67133440
61813743	1610612992
42536391	36865
13187499	17301568
67494111	4311744513
34600983	37376
75910011	1085440
27952827	1073745921
14661375	1085440
34014219	1085440
63672855	32773
4821819	1085440
14952975	4311744513
55689495	1081348
6103239	2147520512
78573939	4311744513
6510831	1073745921
63550059	2147520512
65958351	1610613248
39193359	1073774593
25087695	1074266114
31805187	671088768
12431283	671088768
47160195	2148012032
74467563	1610613248
17956131	83886081
66105447	1610613248
41511579	1610613248
37915503	4395630592
1761639	1085440
21217839	16781314
9058767	1610613248
1268187	4395630592
40643907	67141633
33514287	32834
37456719	2147745808
66634215	8421408
9254463	1085440
41467839	4311744513
76753383	36865
69611775	4102
54772899	1610613248
24051543	2129921
54664035	1610613248
53106891	1085440
80465451	1081345
81726459	4295004160
66683463	4311744513
5212239	150994945
31179867	671088768
19850235	2147520512
41326575	36865
1635603	327681
56566563	261
24373923	150994945
47875587	1610612992
43718667	1081348
80835135	1610613248
42284967	4295000065
30271047	134217864
27143799	8425472
54629691	1085440
52893375	1081348
71377575	1610613248
22074819	2147524608
77330103	2147487746
55947723	37376
66983163	37376
4259355	2147520512
26878443	1074823168
11590503	83886081
13097751	1081348
5397567	134217733
20544891	536870918
15915579	83886081
22429599	671088644
16349415	67141633
61052991	150995072
59909595	2147524608
6760311	36865
38883291	671088768
4966647	1115136
32970615	16814080
2550579	16843776
50607231	1610613248
63835827	1073758212
61853919	32833
44083491	671092736
44303487	16777984
44876967	1073742084
18982239	32773
66037407	36865
9618639	4295000320
72913011	1074823168
9853863	3221229568
23653023	2134016
70838115	8421440
6539991	1073778688
29872203	1610613248
14650683	1085440
45462111	671088768
38617935	1073745921
882627	36865
31831107	1610613248
48510951	1610613248
31098543	70
3143499	2147520512
49542243	1140854784
53717955	1081348
63765195	155648
23577855	2147631104
65639211	4362076161
51884763	1610613248
22155171	1610613248
46512843	2147520512
14723583	671089152
70776555	4311744513
47046147	1610612992
73946895	70
4008903	20736
33695727	4130
6918099	1081348
80490399	1073746432
3751647	1146880
23843211	1610613248
71483199	4295004160
72952215	4295004160
63896739	8392706
27421791	671092736
52341279	1610613248
74573187	2147520512
4144983	133122
35371131	671088768
61605735	150995072
68726283	2147487808
5266023	2148008448
65795055	134283265
79363851	1610613248
18947247	671088768
47418747	50855936
139695	4295000065
28169907	36865
7282923	4311744513
70218627	36865
38765031	1081348
69564471	1610613248
54513051	1082134528
27845583	16779520
11259051	2134016
35407743	1610612992
6391275	1140850689
72968739	36865
10574763	1610613248
25942083	671092736
38812659	134217864
65501835	4295524352
16441107	135266308
33118035	135266308
1709151	1610613248
14342235	4311744513
982095	16777226
63539691	1081348
81438747	16809985
72155175	1074266144
42336159	1074823168
13777503	4353
49504659	24577
28224339	16777250
13952787	1085440
18377979	4099
33779967	67141633
44004111	134250497
49191027	1081348
46554315	1073778688
1139235	1610612992
17617227	671088896
27768471	1610613248
48209631	1085440
71710323	1081348
69973683	5368741888
78915111	36865
450735	4294967361
2699619	1610613248
79830087	2147549185
79907523	1610613248
32043327	4311744513
77643735	1610613248
47576535	671092736
56754159	3221356544
65413707	32833
22967115	1610613248
15055683	4395630592
3482079	134217858
76685343	1074790404
69776367	1081348
69099207	1610612992
7906623	1081348
69462735	36865
74736483	36865
59557407	1140883456
27830355	16779520
121227	67141633
979179	2147553280
25555875	1610612992
78645543	16814080
43356435	671088768
45254103	1610613248
20190435	8392705
44223783	671088644
5807751	201326593
59945883	4362108928
37607703	1610613248
165939	1610613248
20043987	4106
29650263	4362076161
35827323	671092736
557007	1610613248
76599159	671088768
63568203	67108929
40971147	2147495936
73372119	37376
923775	2147520512
33001719	1081345
69083655	40961
15771723	83886081
30102243	3221229568
52038663	1610613248
49205607	1610612992
41080335	3221229568
38472135	2147553280
39994287	671088768
54490695	1610613248
12275439	2336
57599475	2147516418
5113095	2147520512
18557151	1610613248
56649183	36866
68357247	1610613248
49618059	83886081
19243707	518
56416875	557120
58122735	3221356544
50966547	37376
31275123	1074823168
51561411	57344
24217431	100696064
75944679	1610613248
2232411	1610613248
76001055	1081348
81716415	2147520512
81167559	1085440
56464503	16781313
47249619	37376
40345179	671088768
66267123	2147487746
251475	135184
62504187	8425472
75176799	2147553280
80854899	53248
73726251	1610613248
74536251	2147520512
7220067	8421440
52653291	1085440
32997183	16781314
63687111	3221229568
27624291	2147495936
3777891	67108929
71319255	1610613248
34894527	17301568
66393807	671088641
12614019	4311744513
59237295	2181070848
47536683	2147581952
48346035	671088644
55426731	8425472
42336807	3221229568
11302791	137216
67410195	1610613248
31179219	800
47885307	2147520512
69570303	1140854784
1095495	524354
17887443	299008
5280603	1107300352
959091	2147487745
39708843	66564
38258295	2147484674
69127395	671088896
297483	1610613248
52730403	4362338304
65420835	1048836
67879995	2147483651
46207959	1610613248
46703679	671088768
39939207	1140883456
46559823	4303360000
42391239	16809985
34888695	3221291008
53163267	134250497
3326883	2147520512
64721967	1610613248
38155263	3221229568
38368779	1073876992
12997311	2147520512
32674479	2147520512
69240471	2147520512
24001971	671088768
27128247	1610612992
26920239	537919744
48764967	3221229568
48807087	2147487746
30678963	2147520512
72522915	671088768
8051775	67133440
77277291	671088768
55625019	1610613248
20889951	1610613248
14307	134217888
26310795	1074270208
16123911	2147487745
5347347	32833
40225947	101711872
9257703	1074298880
62916315	1073778688
80953719	4362108928
61201707	1610613248
71485143	671088768
2521419	100663298
37158639	1610612992
12331167	1610613248
44302191	327681
11435955	2147520512
23068203	98
31765659	1610613248
57986655	2147524608
70915551	36865
51389043	671088768
12901731	269484036
50336043	561152
71602431	671088768
75180039	1081348
21409323	4362076161
4658199	268568576
52153683	20481
57325047	671088768
57541479	1073766400
6476163	1610613248
25859139	4311744513
47825043	1610613248
11008275	134221825
71215575	1610613248
44778471	2147520512
66894063	1610613248
48997599	1610613248
15627543	536875264
48837219	1610613248
2009175	1610613248
306555	2155905024
28271319	671088768
9041271	4311744513
76257663	1610613248
78059751	70
74943843	1610612992
64212639	671092736
12705063	1610612992
36318507	17334272
76140051	1610612992
15259155	5368709121
69962991	3221225474
1787883	4362076161
21732351	16809985
3692031	36868
43653867	37376
40557723	2147520512
81129975	2147520512
15033651	1610613248
39948279	671088644
39224787	16912384
54624831	17301568
55271535	2164326400
5618535	1610612992
5679447	1081348
34183671	4295000065
45586527	17301505
52742391	1610613248
8221551	150994945
33174411	671088768
72774339	1610613248
55388823	671088768
44645307	1610613248
78791991	36928
21735591	1140883456
10555971	1085440
38307219	1085440
53406915	1610613248
71461167	4311744513
59456643	2147520512
28407399	1074823168
64664943	1610613248
70935315	1074823168
2734611	1081348
3379695	1610613248
68817327	135266308
65172327	4353
30603147	1073766400
7498059	3221229568
80704887	36865
16412919	57344
43024983	671092736
47122287	16814080
49340715	1610613248
3695919	1610613248
38977251	327681
46724415	67141696
45200643	1610613248
65837175	37376
52970163	1073745921
61104507	4395630592
36387195	5435817984
1061151	16777348
15506367	4099
35183211	1115136
31515855	134217733
35578815	671088768
43561527	1610613248
10639887	2147520512
30476787	4362076161
47493591	4311744513
41620443	2148073472
39674499	36865
18064671	2147487746
66839631	4362108928
38272227	3221229568
73957587	5368709121
39254595	98
31200927	24832
63631383	2148012032
27163239	1610612992
39814143	4295004160
55993407	135266336
65047911	671089152
36270879	1610613248
46573107	67109124
73819563	2155876352
37767111	1081360
9060711	1610613248
54514347	36928
47246379	1140883456
78010827	1074823168
861567	1085440
39343047	2147487746
4225335	16843776
34666107	671088644
63328443	67141633
39227379	1074823168
66281055	1081348
51031671	4295000065
62707011	17301568
33397971	1610613248
10233591	1085440
80039715	1085440
16902483	135266308
27713715	73
41216091	671088768
10249791	1610612992
9598875	83918848
81248883	2147520512
62570931	1610613248
2733963	36865
79515483	1610613248
41178183	1085440
25209195	4295000576
40344207	1073778688
51903555	1073745921
56191047	36865
44366667	134217860
18878883	74
65713407	67141633
69348039	4303388672
48873507	671092736
21123231	2147520512
72547215	1610613248
27993975	1610613248
12666831	671088644
72714399	1610613248
22180119	671088644
35832831	671088644
25755783	16777474
681099	32833
28539267	4099
30875631	2155876352
78078867	1073778688
79692063	2147520512
4638111	2147520512
46461651	2147749888
55890051	4295000320
75801471	1610613248
79351863	4296048640
39196599	4311744513
30124923	4362108928
46429575	16814080
58596423	36865
66012135	150994945
37711383	8421888
41848863	1610613248
35619315	4311744513
58606467	1085440
3703047	2147520512
5125407	1610613248
67618203	1610613248
33304983	83886081
36187287	4295000065
13853319	1056772
75559119	196610
40883991	4311744513
80061423	4362108928
46935339	2147487746
33826947	4362076161
78357183	1610613248
34848519	135266336
14064567	4370464768
11702607	4130
938031	2147520512
55324347	67141633
77468127	36865
80281743	3221229568
22497315	134250497
49726923	1610612992
43477935	1610613248
52829223	2147520512
10986891	134250500
4580763	4295000320
8261727	2147520512
65786955	1610613248
35109339	536872964
2692167	83886081
4274259	134217733
44597355	1610613248
29154219	1610613248
33276147	137216
15362835	1610613248
73735647	134250497
3669351	137216
32465175	2147520512
26581011	1610613248
20447691	32833
43167219	299008
68673147	2147618816
15020367	196610
42342315	8392736
54468663	2147520512
72890331	1107296257
33207783	1610613248
28294971	2147520512
58931115	3221229568
16657215	1610612992
2021163	671088768
50180847	671092736
66976035	1610613248
3698187	16908290
39342075	671088768
30863319	561152
44893167	1610613248
43823643	1073778688
21646167	1610613248
69372987	4311744513
36909159	671088768
22092315	4362108928
57830487	1081345
28383423	67112961
26942919	1610612992
8806371	4102
30112935	2129921
72513195	1610613248
37936563	4362108928
30609627	36896
47331267	1081345
33464067	32834
78139131	33652736
37923927	4311744513
70897407	12304
37083147	2147520512
15763623	262149
128355	67141633
2796819	4099
3323643	4295524352
41436735	2147520512
51174231	1085440
28828275	4311744513
53572155	16777282
54623535	671088768
22995951	1081345
41343099	150994945
31969455	671088644
59528895	1610613248
63140523	36865
40358139	67141633
72760407	1174405120
44517651	4362076161
75017715	4362108928
4149519	70
78112563	1073778688
21468291	17334272
19849587	1107329024
71157255	1073778688
30340383	8392705
16231479	1073876992
57304311	1610612992
55764663	37376
54229227	66564
33568719	100696064
24081027	1085440
20211495	150994945
63420783	2147618816
28432995	2147483682
61265535	1610613248
42737919	66576
18473235	16809985
46570839	83886081
68682219	671088768
59688303	1610613248
75455763	1073745921
19014639	4295000320
39845571	1610612992
24123147	150995072
30654015	201326593
1791447	1610613248
16444671	135266308
5398863	1610613248
52145583	671088644
54206223	1610613248
39570819	4362108928
61826055	1610613248
58713387	1610613248
49666983	1610612992
34630467	65554
4665975	4295000320
66452451	2147520512
63845871	1610612992
40440759	4294971393
68026119	2147520512
48240735	1081345
5993727	8425472
53618811	2147549185
71402523	16418
26480571	1074823168
51541323	37120
67898787	36866
46856607	32802
58614567	1610612992
62436471	1610613248
47537331	537919492
5815203	1610613248
1490127	65602
67873515	537919492
45602403	1610613248
75436323	1610613248
48939279	1073745921
4758963	134479873
64573575	53248
49490403	135266308
61674099	36865
36910455	1610613248
19441995	16777281
36042459	2147520512
35650419	36866
34776267	1610613248
61605411	1146880
16414215	1073778688
80952423	5435817984
37729527	1073774593
40684083	5368741888
35797515	1610613248
75567867	4295004160
33690867	16809988
44376711	1610612992
41174943	2625536
1550391	2129921
6696159	33281
48572835	1085440
10571199	1610613248
24675	557120
80129139	671088896
23017335	671088896
54378267	2147520512
11453127	40961
71750823	163856
79279611	2147487745
65828751	1610612992
22508655	321
30406155	4311744513
35528919	4311744513
14550243	671092736
15543951	1610613248
64499055	1073745921
49243839	1074266176
3771735	2129921
23416503	4295000320
1275963	1610612992
1657959	1085440
11282379	2701131776
15308727	536875264
33557703	134283265
31530759	1610612992
74728383	4328554496
74826555	1140854784
9075291	1085440
13225083	4294967553
44228967	67141633
53887083	4311744513
68970579	16777281
78375327	1610613248
60938943	67141633
5921151	67141633
144231	2147483682
14089191	1610613248
77875071	1081348
68583399	16777281
8704311	36928
5991459	671088768
28991247	134250497
13625223	4362108928
23825715	1610612992
47597271	1081348
44321955	2147487746
4165719	1610613248
15431523	83886081
41444835	1073873408
72791835	2147520512
60360279	83886081
28934223	2155876352
16194543	1610613248
52154331	2147520512
34773675	2147520512
47314743	671088768
77408511	1085440
30832863	4311744513
78571023	5435817984
75517323	2147520512
58745139	2147549200
27709179	16797696
31280307	671088768
2232087	1610613248
44362131	671088768
62572227	37376
46349871	134250497
51158355	4192
18932343	150994945
57447195	16797696
27320055	201326593
54105783	1081348
53018115	4362076161
44470995	1610613248
1008339	150994945
28810779	2147581952
19025979	1074823168
17255319	67141633
692439	536875264
42718479	1085440
40796187	671092736
12049611	4362076161
11966667	3221229568
25315143	671088644
12726447	4362076161
64261239	671092736
76625079	2147487760
52176039	1146880
60186939	1610612992
48563439	1610613248
70185579	671088768
24725463	134221952
67711515	36865
34806399	16809985
955203	2147520512
58886079	1610613248
70542303	36865
1068279	40961
30755751	1074823168
80275911	135299072
9196467	4130
44272383	4311744513
45669147	4295000320
31599771	1610613248
42937503	1085440
1886703	16781313
29513211	4328521729
1507623	1082134528
52991871	1081345
18284343	327696
36452967	37376
38106339	16809985
69416079	4295000320
1041063	168
26814615	4311744513
40765083	1610613248
994407	16781314
16425879	135266308
59574903	1610613248
23730459	4311744513
43196055	2147520512
1559787	65793
36628575	1610613248
46558203	1610613248
25508571	67141633
2051295	16809985
253095	1085440
20724063	1610613248
81400515	1140883456
44743155	1610613248
74304267	4311744513
63100671	32773
14039295	671088768
22013259	67133440
8827431	17334272
77590599	1073758212
18820563	4362108928
80595699	1074823168
43758195	8392736
47133951	4362076161
59224659	83886081
51084807	1610612992
77908443	3221229568
16458279	331776
156219	2147553280
49179039	67
12569955	2147520512
75036831	16809985
17258883	83886081
27935331	134479873
77466831	3221229568
27441231	1610613248
63695535	36865
42410355	2147520512
37369239	1081348
23707779	32833
38614047	1085440
49420419	135266308
16367235	1610613248
8157399	1610613248
612735	1610613248
41012619	16801792
77676135	671088768
75000219	36865
80731131	4295000576
72948003	3221229568
74218731	1208483840
15433791	8425472
28773843	36865
19032459	150994945
66589827	16809985
68334891	1610613248
61758015	1074823168
25307691	5368713216
12965559	2147520512
68097723	2134016
10299363	134217733
49168023	36865
78868455	1074823168
1794687	2147549200
25810863	1610613248
47371767	1081345
23049411	1073745921
38549247	1073775104
75137271	2147520512
69592335	671088768
17869299	2147549185
31400511	12290
17908827	1073774593
21225939	66564
4941375	16809985
66889851	671088768
55647051	4311744513
38161743	1085440
50603991	2148012032
1953447	137216
71512035	4311744513
34918179	36865
42350091	524353
64209399	67108929
33197091	67108867
31429023	33591296
5704719	1610613248
33269019	671092736
26574855	150994945
78283635	2147520512
52956879	4864
36970719	671088768
27581523	1610613248
44196567	2147520512
69074259	1073745921
61372131	201359360
67954191	134254592
35481291	42
1636251	1610612992
23649135	1085440
32612271	5435817984
25504035	1610613248
13442163	5435817984
60880299	4106
27028131	150995072
14268363	2147520512
40658811	1610613248
59535699	4311744513
61714923	4362076161
35087307	36865
1778163	4362076161
11777127	1085440
54877875	1081348
75516027	67141633
23918703	1610613248
16100583	16809986
22580583	536872964
30990651	4295000065
6253251	97
36035655	1081348
64228515	3221749760
22320087	67141633
51004131	1610613248
15410139	83918848
32146683	4362108928
1498227	2148012032
50319843	1081345
66655599	1610613248
48624675	67145728
2630607	17301568
64833099	4362108928
39270795	32834
32293131	134217860
31091091	1146880
62024343	1610613248
13724691	1610613248
68611911	37120
55820715	37376
36035007	1085440
59242479	1081348
75730839	1085440
68715591	671092736
64540203	37120
35890827	1610613248
19305591	37120
57787719	1610613248
78930663	2147488256
32729235	57344
2344515	800
14984403	1610612992
59791659	150994945
39986835	1610613248
76566759	1085440
2305311	1085440
36758175	1085440
55394007	1081345
38960727	2101249
37152159	16809985
36204783	1074823168
17855043	65570
70941795	800
1767147	24577
52777059	1610613248
39534855	2147520512
58126623	2134016
41855019	1610612992
51047223	2147520512
37346883	4295000065
36943827	4311744513
61839015	4311744513
46873131	671092736
70057599	4295002112
54718143	4311744513
34514151	1081345
17755575	1610613248
64428423	4362108928
11618367	1610613248
12630867	1610613248
64591719	2147520512
26910843	2148012032
66081147	5368741888
77857899	83886081
10133799	17334272
25686447	324
24046359	1610613248
40849323	1610612992
4317999	17301568
974967	528640
27846555	4429185025
30954363	36865
51838755	37376
78785511	327681
9033495	2147520512
14251191	25088
12033411	1081345
15652167	1140883456
12598467	671092736
2779647	1081348
6777483	1074823168
27104595	4295000065
1579875	37376
65089707	2147488256
76793235	2147487746
18520863	2181042176
63979035	36866
8481723	24577
39046263	1610613248
3409503	67108898
31589079	1081348
81244995	36865
7435203	524354
40292691	4294971393
81445875	2147520512
48975	536936452
75594435	36866
33676611	2147520512
36927951	4362076161
3601635	2148012032
48983667	57344
58367031	36865
27451275	4429185025
21407379	150994945
22291575	20512
23747955	2147520512
59124543	1074823168
28837023	16777281
69371691	4395630592
44680623	4311744513
66894387	327696
79302291	1073778688
31290999	1610613248
18203667	671088768
39068295	36865
81210651	16809985
39067971	4362076161
75774255	33282
14732007	1610613248
14074287	167936
23931663	4362108928
13985187	17301568
15607779	83886081
13778475	1610612992
11731119	36866
68510499	1610613248
76467615	16777281
39703983	4311744513
35344563	1073778688
410883	1610613248
20465187	8392736
35062683	4362108928
53297079	4311744513
10763655	5368709121
66468003	16809985
78984771	1073745921
62566719	4362108928
20007375	4311744513
71148831	1610612992
38596875	36865
44023875	36865
33384039	5368741888
5448111	83886081
1347243	16781314
50694711	33554466
61410039	4311744513
62410227	83886081
1518639	524353
63382551	524353
8893851	2147487746
2695731	57344
75366987	135266308
47079519	1610613248
1123359	2147487746
68035191	1610613248
59604063	4311744513
2585571	1610612992
49995843	8392736
2025699	4362108928
8740275	4161
33332847	671092736
29643135	37376
51109107	4362108928
74204151	5368709121
80190699	1610613248
68200431	671088768
22839459	1610613248
33201951	671088768
30290163	1073742084
440691	1081348
81365847	4329570304
62139363	671088644
2408019	3221229568
15726039	1610612992
74628267	4294987776
75715935	4362108928
78785187	4362108928
61276551	2147618816
14107983	1082134528
16453743	135266308
79970703	4362108928
66679251	1085440
27099087	671088644
66201999	2147520512
43358703	4295004160
38788035	69633
9495519	2147618816
34542987	36865
38935779	67109121
41852103	8523776
4779699	2147553280
78388287	2148012032
81494151	1610613248
74946435	134218753
60769815	4130
57789015	36865
75430491	1610613248
41358327	1074823168
43616283	1073778688
54387987	67108929
41603595	1610613248
14669151	32778
912759	37376
51342711	1081345
58952823	1610613248
78301779	3221229568
48244947	4311744513
18086703	1610612992
70012887	1610613248
6189747	1081345
69575487	16810496
53317167	67112962
58985223	37376
29551767	201326593
45222027	536871680
27665115	75497473
69118323	67141633
28266783	1073778688
63256515	1610613248
39177159	536872964
1403295	37376
35588211	1085440
37293423	150995072
24927315	83886081
5353179	557120
14620227	1085440
76424847	1073745921
34691055	36865
29262759	1081348
72716667	1610613248
38943555	4311744513
183759	1610613248
53995299	4362108928
77354403	32833
40416783	16809985
62423511	2147508224
42305379	1140883456
2144283	1610612992
30608331	1610612992
77160003	2147487746
21607287	1085440
34536831	196624
36225519	1081348
67974927	671088768
3327855	134217858
51323595	1085440
56102919	2684358656
451707	1610613248
7608219	2147487746
1241943	687865856
40456635	67174404
54974103	2147487760
76166295	1082163200
62151999	32802
47412267	37120
49924563	5435817984
55822983	67108867
39264639	36865
57892371	135266308
79957095	671092736
16780011	37120
32476515	16809985
68175807	561152
25279503	524354
76396011	16912384
52215243	1610613248
5898147	8425472
43229427	83886081
67897167	1610613248
35317023	1610613248
41418591	36865
1132431	2147487746
1196907	1610613248
38243067	1610613248
44850399	4311744513
16378899	1085440
58424055	1074823168
23259039	1085440
2067819	1610613248
3755535	2147487745
42718155	1610613248
16271655	1081345
11527647	687865856
40232751	4362108928
34638891	4395630592
19851531	67145728
44278215	150994945
47985747	2147520512
51974511	1081345
5612703	1610613248
16246059	327696
63233187	67108929
50031807	1610613248
22114995	201326593
23763183	8425472
10689135	4311744513
34034631	70
31782183	32833
48311691	83886081
44545839	671088768
36798999	67141633
66846759	2147487760
38202891	1074298880
47493915	1082134528
18618711	4311744513
46377735	134283265
75158655	1085440
26884275	16814080
73229559	97
30073407	1610613248
4427187	2147520512
35015379	57344
78984447	5368741888
79809027	36865
74739075	36865
35963403	36865
46338855	4328554496
36222927	134221825
58405587	561152
77790183	671088641
45665583	671088768
53313279	3221258240
61000179	671088768
3480135	1610612992
31893315	36865
7487691	2147520512
36702447	83886081
65656059	20481
1075407	1073746432
64006899	32833
50095635	134217762
2249583	1610613248
32919747	671088768
21162759	37376
6701991	67141696
57748191	1610613248
18908367	2147553280
15318447	32802
10457151	4311744513
43518435	671088768
49440183	17301568
38428071	671088768
44286315	1610613248
40548651	2147549186
35253519	4295000065
12664239	671088644
5984331	151060480
76765047	1073745921
14534691	671092736
5274771	1610612992
74017527	1610612992
72949947	16809985
49479063	1610613248
38189283	2147520512
55116987	4311744513
5259219	1610613248
61897335	8392706
58585731	83886081
24148743	1074823168
71947167	1081348
60852435	32840
40601463	671092736
43987911	671088768
2431023	1610613248
42439515	1610613248
18090915	150994945
54483243	2148012032
33024075	4395630592
64238235	1073766400
1715955	2181042176
25765179	1610613248
64224627	4429185025
13041051	1081345
40433307	1048836
35236347	2147487760
27012579	150995072
9124863	1073778688
65726691	2147520512
54471579	4395630592
65268555	83918848
41752311	83918848
1042359	16809985
4863291	1610613248
20321007	1610613248
23179335	800
1377699	37376
80349783	4311744513
36397887	4295000065
7889775	1085440
40550919	1610613248
54376323	1085440
23590167	1610612992
74706351	4362076161
51579879	1610613248
46493727	1085440
21377247	201326593
50937063	8425472
1281147	16809985
6827379	1610613248
75574671	150994945
78135567	1085440
80519235	1081348
66977007	17301568
32163855	671088644
60639567	1610613248
6303147	2147520512
41432199	16781568
72057975	1073778688
29217723	1081348
7586187	65793
9954303	1610613248
47290767	5435817984
56971239	327681
30333903	1610612992
51850419	4296048640
40183179	1610613248
57045435	671088768
9172491	36865
33503271	5368741888
68677035	671088896
66770295	1610613248
7033119	1610613248
69981459	24577
48921459	2147614736
77172963	1081345
8460663	1610613248
23028999	2148012032
53856627	8388865
57659091	2147520512
66121971	1073778688
28248315	1081348
67307811	4362108928
43962315	1610613248
8469735	4099
61464795	16809985
10434471	1085440
31794495	3221291008
43299735	33536
860595	83886081
35347155	137216
54687039	671088768
141639	83886081
61349127	67108929
30084747	1610613248
50339607	135299072
610467	1610613248
80588571	4362108928
39082227	1074823168
22380027	1073774848
11862987	4311744513
15744831	1073778688
18155067	1610613248
63763575	36865
10171383	6442455040
20809599	37376
46307427	36865
45220407	2147520512
27021651	150995072
2353263	36865
55944807	4362108928
70673523	1073778688
4692219	1610613248
80328399	1610612992
21689583	1081345
3615	4295000065
57769899	1074823168
4425567	2147520512
62547603	2147520512
47640363	4362108928
14069427	4295004160
33726183	1610612992
48262443	134217733
42835443	2147520512
67412787	4295065600
74699871	1073766400
29769819	1610612992
18091887	1610613248
42405819	4362076161
79417311	4311744513
80062071	2147520512
54405807	1081348
25168695	3221356544
44298303	671088768
54982851	2147487760
70685835	1082163200
4158267	4328554496
44868543	17334272
70960587	800
66631623	671088768
35830239	1610613248
47888547	8392705
39287643	1074823168
24524259	32836
12001011	2164264960
8055015	135266308
10030443	1610613248
28557411	671092736
22234875	671088768
65776587	1073745921
48304887	1610613248
15790191	83886081
21672735	1082163200
15679707	16418
9241827	1610613248
70479771	1610613248
45410595	4362076161
29304231	134283265
23583039	4130
49668603	1146880
46270491	3221749760
62192175	4311744513
54623859	1610613248
75160923	1090584576
47238603	36865
43077795	36865
8855943	536871172
73394475	17858560
29436423	28672
38291343	1081348
74605911	83886081
67328223	671088896
23839647	2147520512
58486263	3221229568
6825759	2134016
60175275	671088644
3557571	2147520512
1021623	66564
69424827	671088768
1399731	1610613248
3631767	1073778688
22762995	1610612992
78062667	67108960
17224863	1610612992
63699747	1610612992
44951811	673185792
2610843	2164264960
61362411	83918848
56721111	1610613248
22678107	1610613248
6926199	36866
58029423	2181042176
45382083	1073746176
27288951	32864
3733827	1610613248
32170011	671088768
27654423	671092736
75203691	671088644
8189151	150994945
19018851	37120
57988923	1610612992
73087971	1085440
19690179	17334272
77663823	671088644
1428243	1610613248
55753647	671088768
53847555	537919492
53581227	671088768
24119259	1074823168
68478423	2147520512
64227543	1610613248
858003	4295000576
48358671	557120
37394187	37376
67707951	1610613248
75150231	2148007938
16768995	1610612992
61665999	1610613248
6736335	32833
56345595	2101312
32944695	1081348
8007387	32833
895911	135299072
434535	4295524352
51657963	4362076161
24536571	16480
62012679	67108929
9007251	536871170
24703431	2147487760
80633607	1610613248
59912187	4395630592
23553231	4099
11417163	1610613248
8314215	1140883456
51026487	2147520512
10324959	16809985
14180559	1610613248
3033339	135266308
42257751	2147778560
39349851	1085440
1210839	1610613248
7733283	671088768
12572223	5435817984
28642299	268568576
29830731	1073745921
58520283	524608
56103	1610613248
71133603	1610613248
39076719	4362108928
38049315	4362108928
28661091	671088644
2239215	1081345
23216919	671088768
70919763	5368713216
16456011	67141696
16488735	4311744513
13082199	150995072
70543599	36866
9648771	1610612992
31166259	1610612992
45601755	4353
18960531	1090519041
1203387	34078784
8253951	1610613248
80394171	5435817984
11968611	2147487746
15934047	83886081
48502527	2147520512
19167	16780288
28873959	134221825
51849123	4102
27687147	16809985
3163911	4295004160
35981871	1074823168
26550879	4328554496
16745019	5368741888
81427407	75530240
13056927	83886081
157515	201326593
58057287	327696
80277207	1048581
39370587	1085440
41004843	671088768
36256299	671088768
46346955	4328554496
29243643	4311744513
14345151	83918848
37508883	2147520512
59535375	671088644
14994123	1081345
26384991	1610613248
21730083	4311744513
13029711	1610613248
1025187	2147487746
32235783	1140850689
81589083	671088768
585843	1610612992
20155443	1610613248
16265823	1085440
37278843	4099
79263735	2147487745
55509675	4311744513
43844055	4311744513
31555383	4311744513
22489215	1085440
68786223	37376
74581935	3221356544
17911743	150994945
61454427	1610613248
23924859	35
12780555	4362108928
25085427	671088768
9557403	2147487746
61930707	36865
68522163	1056772
62841147	17301568
927339	1610612992
42106119	1610613248
65698503	17301568
23530227	67141633
39216039	2147520512
70266903	6442451008
13133715	671088644
45540519	83886081
10317831	83918848
56602851	4311744513
50854443	4294971393
1932063	4130
6595395	2147520512
15500535	4294971393
24985959	1610613248
24432243	1140850689
18880179	150994945
8789523	1610612992
69708327	1081348
31138719	4130
68031627	1610613248
48834303	16809985
50513271	1610612992
12499971	67108929
77310015	1081345
39265287	1073778688
1838427	4130
9346803	524354
4971831	671088768
43437759	4362076161
43266363	4311744513
2178951	1610613248
24038583	1610612992
28117095	37376
13171947	40961
28807863	134217733
52079163	4130
56536107	671088768
63718215	1610613248
40042887	4362108928
21241167	4099
1991355	57344
59917695	32771
35020239	37376
49115859	1610613248
8540691	37376
1546827	16842768
76126443	327696
13020963	536871170
4125219	135184
38660055	36866
80352375	83886081
27785643	671088768
79429299	1074790404
21743043	2147487746
44902239	671088768
59991243	16809985
40114815	4295002112
12275763	36865
29684283	36865
7488015	1610613248
67784739	1610613248
80302479	671088768
50834031	2147520512
56196231	1074266144
48999867	32802
68310915	16777221
68451531	1081348
32685171	33591296
73896351	1610612992
24326619	4295000065
71540871	671092736
30750243	1073778688
69366183	4295004160
26710611	2147487760
7596555	134254592
50898183	687865856
14851239	1610612992
7011087	1081345
35942343	1610613248
30168339	671088644
11365971	327681
25461267	1085440
53316195	1074823168
71517867	1081348
67426071	2147520512
55491531	1610613248
58195635	4353
69052875	32773
77492103	1610613248
48793803	37120
3423435	1610613248
7777671	42
24498663	17334272
79424763	1610613248
3940863	36866
26937735	83886081
37004091	1074823168
14303031	1081345
53600343	1073778688
29327883	1085440
74090751	2147520512
362607	1610613248
33043191	16793601
48442263	1073758212
46569219	4311744513
31736823	16781313
30874335	1610613248
53168775	1081348
16107063	536871172
22280559	1074823168
61002447	327696
63610971	2147487760
30777135	83886081
46770747	36865
76353567	37120
72012615	327696
54238623	1610612992
43392075	1610613248
17562147	1610613248
53198583	1081345
63483639	2147520512
38224275	671088768
5816175	1030
6061443	2147487760
1979043	134250497
16907991	36865
77925291	1082163200
41580591	37376
43165923	1610612992
53433807	36865
21016311	16809985
24353511	1610613248
41788599	1107329024
47082435	16809985
67584507	1610613248
35671803	1081345
236895	25088
29566023	1610612992
57311115	4311744513
55771791	1610613248
60602631	1081348
37536423	83886081
42512739	67141633
52176687	1610613248
26154627	4328554496
152655	66564
54475791	671088768
71959803	67112961
25976427	2147516432
30006015	1073758212
24698571	17301568
47800419	671088768
38041539	4295000320
20625567	36896
24336015	561152
65874111	1610612992
39564663	8421377
66491331	671088768
11373747	671092736
52140075	4311744513
72257559	1048836
13128531	83886081
33259947	1610613248
3679071	1610613248
78762507	2147520512
80568807	2147520512
77908119	16777282
60328851	36865
40544763	37376
32015463	1610613248
22545591	671088644
68275275	1085440
485727	671088768
69822375	2147549185
14099883	150994945
58505055	800
19285503	2148012032
55786695	3221258240
79224207	36866
77940519	167936
31995699	1610613248
49276887	201326593
54540915	134479873
43588095	57344
70784331	36866
22533603	17301505
16603107	4362076161
8478807	4362076161
50646111	67108929
14189955	2147553280
48880311	4311744513
46441563	3221229568
20843619	1610613248
52588491	1610613248
60194391	8425472
29107563	2181070848
57835995	1073778688
28513671	1090551808
58807023	2147524608
42981891	1610613248
41130555	4295000065
67868655	1610613248
76796475	1085440
70027467	4362108928
66687351	4311744513
23676999	1073778688
30840639	1073778688
44058543	327682
69976275	2147516418
56178735	36865
69141651	1610613248
12311403	4311744513
77291547	5368741888
66331923	1081348
22927911	20512
6612891	33591296
80501739	1610613248
31370055	1085440
44647899	536903684
6183267	4362076161
47622219	4395630592
56427243	37376
33891747	1610613248
11255487	2147614736
75952779	1073745921
73385079	671088641
37242555	671088768
2848011	1610613248
4519527	1085440
48060591	2147520512
70631727	671088768
21670143	4362076161
18193623	1073745921
63630087	37120
26200311	4294967553
40187067	36865
68430471	2147487760
34998855	8425472
61384443	2148012032
32696835	1610613248
5394327	1610613248
35994507	1610612992
8650527	1610613248
41464275	150994945
35691	1085440
53657691	1074823168
75539355	3221229568
62030499	36866
7903707	1610613248
53612007	1073745922
21489999	8198
27240675	75497473
24116343	201326593
78793287	1610613248
54605715	2147549188
40451451	671092736
74002299	1610613248
75486219	1146880
43671687	1610613248
1505679	8425472
4061391	1610613248
63964131	32833
45402495	24592
28837995	1610613248
51650835	1081345
56205627	33025
64060035	671092736
39848811	1610612992
43825911	1610613248
79842723	1081345
5202195	2147487746
20668659	327696
66263559	2147484674
44299275	4362108928
35120355	1140850689
372651	524802
75602211	36865
157839	1610613248
36740031	4311744513
25194939	4130
43750095	1048582
73960827	2147520512
44332971	1081345
81312063	2147520512
40156287	671088644
69418347	1081348
14808147	2148007952
31093683	1085440
14057439	671092736
75126579	1089536
15146403	5435817984
25539675	101711872
18814407	1610613248
53670003	1073778688
69991179	37120
4418115	25165825
48806763	1081348
59079507	2147520512
15421803	1610612992
68446347	4162
12178887	671088641
53852091	4311744513
70362483	4328554496
36604923	1610613248
76585227	1081348
7742679	1610613248
2935167	1081856
46707243	1073745921
81510027	671088768
28761531	1610612992
4224687	1115136
32556543	36865
31399539	800
33056151	1610613248
21414831	671088768
13403931	1610612992
63286971	67141633
41942823	17858560
27012903	150995072
81069063	4295000128
12330519	1610612992
64285539	671088768
5251119	2101504
66144975	2147520512
65060871	36865
27760371	4311744513
36353175	671088768
79976535	4295004160
46461003	53248
61588887	4311744513
14136495	4295004160
61027071	671092736
65140899	561152
37575303	1140883456
20776227	671088644
527847	2147745808
56406183	37376
19033755	16809985
38175351	4362108928
12173703	671088768
19904991	37120
11504319	1610613248
16791675	671092736
17605239	671088768
3041439	16777282
5481483	83886081
30725295	135299072
3351507	1085440
64111875	101711872
23310231	1073745921
33748539	2147553280
4375023	33284
78710343	68608
46981671	3221258240
53496987	67145728
57350319	1610612992
40681167	4294971393
74150043	4311744513
74377815	671088768
61203651	53248
49639443	37120
78209439	36865
28982175	201326593
80931687	3221229568
17198295	100663298
4694487	83886081
37706847	671088768
42215307	671092736
41410491	1146880
255039	134348816
10969395	3221229568
107295	1085440
18466755	671092736
49991307	2147520512
34117899	671088644
70533555	4362108928
66634539	16781313
30865911	17301568
46310019	36865
62361627	1610613248
19100823	1073778688
5269587	4102
4454079	4395630592
71043531	1140854784
70623303	36865
31002639	4295000576
79830735	1610613248
291327	1115136
79839807	2147520512
19703787	16809985
17164923	134250497
74140647	1610613248
75360831	2147520512
80858139	36865
32909703	1610613248
138399	67112961
8490147	2148012032
49883415	135266308
63684843	1085440
503547	16809985
63177783	1048610
55854411	5435817984
17281563	557120
79293867	2147487745
35280735	4102
24116991	671092736
68301195	1610613248
23770959	2147520512
68863659	1610613248
74853771	4311744513
28722975	1140883456
1491099	2134016
10931487	671088768
42979623	4362108928
23199747	772
65256891	36865
60614295	16777281
33929007	83886081
14990235	4311744513
14614071	5435817984
58382907	2181070848
37004739	671092736
18801123	83886081
45030219	1610613248
12461415	671088768
68380575	65793
2436531	671088641
6742491	1085440
6802431	1610612992
3222231	1073778688
128679	134250497
31153623	37888
81725811	2148012032
11459931	671088768
43693719	671088768
33189963	1610616832
27823551	37376
47562927	4362076161
72440943	1073766400
81235599	4362080256
67946415	70
2811075	135266308
58865343	1610613248
8541015	37888
75225075	800
70296063	4295000576
4709391	4295000320
23853579	671088768
31560891	4295000320
38164659	3221229568
5651583	32833
39284079	1081345
25669275	671088896
12470487	671088768
898827	4362338304
2695407	66564
33003015	1085440
68682543	1073778688
43980135	1073778688
15122427	2147553280
75454143	1073774593
707019	4362092544
51088695	327696
56487507	671089152
77418879	17858560
57342219	671088768
66397695	2147520512
4884027	36896
31686927	4295524352
73377627	16781313
20121423	2147553280
667167	1085440
73530231	4311744513
39145407	2214592528
79540755	32834
68723043	524354
55303935	3221229568
63984543	32833
81462723	4311744513
41556615	1610613248
2792607	671092736
5133183	67112961
10994991	1610613248
35252547	83886081
11543199	1610613248
34245555	1085440
51666711	1073778688
52353591	4362108928
72150315	138
77488539	1610612992
72892275	5368709122
28691547	4099
39721155	1085440
57812019	3221749760
32019675	537919492
20493699	134217733
28937139	1610612992
66301791	2147516432
39711759	4311744513
72387807	1085440
38473107	67141633
52831491	36865
66700635	8392706
49781355	671088768
59921907	3221356544
63070863	16809985
60337275	1074823168
61071135	1073778688
3086151	24580
4949799	67141633
6007011	67108930
14245359	36865
12817815	2147520512
22363179	37376
22809651	1174405120
8480103	1610613248
76355835	28672
63902895	1610613248
29018139	1610613248
31195095	2134016
80052351	4362108928
13497891	2148012032
79032723	36865
80521179	1610613248
29794767	1073778688
35096055	2147520512
14613747	150994945
44587959	83886081
3874119	1081348
44467431	4295000065
79368387	1610613248
1308363	1610613248
12384951	36865
39075099	2147520512
4113555	3221229568
64303683	2147520512
21006915	1610613248
54218859	2147520512
52180575	3221229568
12086871	4296048640
65407551	1085440
59605359	1140883456
51407835	57344
55515507	36865
13417863	1073774593
4695783	20512
41609751	2147487746
3300315	4102
45236283	1081348
22790859	1610613248
60218691	4130
36866715	1073745921
52968543	5435817984
66347475	1610613248
1222827	2164264960
37345911	196610
3727995	327696
28384071	4429185025
69145863	1610613248
78057807	1140854784
67405335	4362108928
18329703	671092736
51081567	1610613248
39885423	2147520512
64436523	1074823168
63665727	83886081
337011	17334272
5156187	1610613248
77833275	4294971424
73979295	4295000576
33753399	4295000065
34251063	67633154
42894087	36865
68652735	5368709121
79624023	1610613248
40577487	4294971393
13594119	1610613248
57424515	1610613248
8830995	167936
1093875	4311744513
37371507	196610
78476415	4362108928
33687951	2147647488
18624867	150994945
3717627	1610613248
14003331	5435817984
57023403	1082134528
53618487	37376
40902783	1610612992
42211743	1048836
40697043	1610613248
1623939	4295524352
60450027	135266308
79309095	37120
12800967	1610612992
70492083	2147487760
42385407	1610612992
51795663	53248
68302815	1073778688
22061859	150994945
75002163	2134016
53172015	67141696
2492259	1610612992
15317475	4294967361
14980515	1610613248
21063939	1610613248
16641987	1073778688
81148767	1073745924
40558047	1610613248
65064435	1081345
56511483	1610612992
27292839	57344
427731	83918848
28802031	1610613248
64538907	1073778688
56212107	36865
24003915	1610613248
56967027	5435817984
59218827	1140883456
31186995	1610613248
4186455	67108929
73082787	134250497
1566591	1610613248
74220999	36866
42719127	671088768
45703491	2147487746
69256347	16809985
849579	134217762
30042303	1085440
10020723	1073778688
62639619	65793
51681939	2147614976
56650803	537919492
29883867	67141633
48492807	671088768
4114527	36865
43088163	4099
73841919	4295000576
49977699	1610612992
32152515	167936
10044699	1146880
2244399	16778752
62702151	1610613248
43371339	671088896
23960823	1610613248
24877419	150995072
31414443	800
7324719	4362076161
44011563	1610613248
80167695	2147520512
71012427	67112961
10110147	150994945
73821831	1610613248
43071315	3221229568
44425311	2147487745
64187367	37376
28799439	57344
50588115	5368741888
26807163	1610613248
62560887	1610613248
861243	4362076161
2334471	327696
63879891	36865
76519131	4362108928
58458399	1610613248
23689959	1610613248
13586343	1610613248
2975667	36865
79203147	1073774593
15737055	83886081
60288675	1081348
75881823	150995072
18401955	1074823168
44082843	1073778688
31317567	671088641
13470999	1610612992
48429951	36865
54966651	36880
75434703	1610613248
40729767	671092736
79734183	1610613248
50670735	1073778688
52439451	1610613248
53275695	1610613248
12195411	1610612992
1573719	8400896
78104787	1610613248
34469763	671088644
14162739	16777732
67607835	671088768
37024503	17334272
909195	36896
58346619	536872964
37060791	1073766400
20232555	134217734
57597531	37120
28449519	4429185025
14208747	2147520512
8651823	327696
57141987	201326593
12452343	36880
3741279	671088768
56271399	67141633
72598407	5368741888
40464411	67141633
64203	4295000065
55387527	4311744513
69502263	1081345
68472915	67141633
67551135	1610613248
20077359	32834
36331143	67141633
21449499	67141633
9003039	66564
49631019	135266308
23012799	671088768
2123547	16809985
21174099	299008
4941051	1610612992
69187983	671088768
36217419	671088768
56702967	135299072
2628015	135299072
8873439	1073778688
60103671	2147520512
18670227	150994945
66223707	4395630592
3498603	1212416
101787	4429185028
17095263	200
19858659	4099
1912947	671092736
56972211	4311744513
40288479	4295000065
22905231	83918848
24435483	5368741888
36372291	134254592
73403547	2147520512
15563391	4362108928
35543499	1610613248
64601115	5435817984
27259467	553648129
37566879	672137216
31656471	786496
70880883	1073774593
26407671	36865
32440227	137216
43046367	32833
75881175	2147520512
26943891	1090519041
62170143	790528
1647915	557120
71659779	1073778688
24404379	2148012032
53347623	33587201
79613655	1610613248
10346019	1085440
57497739	671092736
48688827	36896
7705419	1610613248
61252251	1610612740
55300047	37120
31351263	4311744513
64693779	1610613248
25380591	4295000065
15734463	32836
20936283	2701131776
44655999	98
60811287	800
58174899	1610613248
55046679	1081348
73273623	3221229568
1693923	4429185028
1135671	536907776
26538243	4311744513
56483295	1140850689
33554787	4362076161
36871575	57344
45151395	671088768
67212879	1082134528
51874719	2147520512
24067419	4099
21516891	1610613248
78376623	67108960
46852719	671092736
63684195	1610613248
46403331	2148012032
53613303	1610613248
2688279	36865
80198151	16809985
213243	134217762
30499143	671088768
7964943	2147520512
57300747	2147520512
68698743	4362108928
60138663	134217734
43559583	1085440
4379235	1610612992
46973571	1081345
7414467	1085440
4929711	150994945
31716411	1610613248
5559891	3221229568
8677743	1610613248
68202051	1610613248
448467	1081345
19792887	83886081
46194999	57344
32130483	2164260865
35894391	16801792
767931	67141633
68424963	1074823168
19508415	524354
5117307	4362076161
35420055	1073774593
75106491	4311744513
75084783	1081348
59974071	1081345
72965175	32864
30099975	1610613248
49272999	4311744513
41896167	1610613248
4105455	1085440
6584379	2147520512
42261963	671088768
70878291	16814080
62776995	16780288
2280687	1048582
1822551	1610612992
20043015	3221229568
23111943	561152
18195	1030
19774095	4362076161
67866387	1610612992
13126911	83886081
66255783	1073774593
55518423	36865
47137191	1085440
17978163	671088768
38188959	4362076161
50553123	4395630592
138723	4295000065
47099607	201326593
78634527	36865
59822115	1074823168
33182511	1610613248
16424259	135266308
15613287	66564
22643763	2147520512
26244375	4328554496
2867775	1085440
71733651	1074823168
21456951	1074823168
18004083	4311744513
14525943	1085440
33347427	2147520512
23994519	4311744513
31146171	1081345
79137699	2147520512
19324059	2148012032
42372447	2147520512
17877075	1074036736
61831239	53248
2282307	1610612992
59449839	537133057
53046951	16814080
30165747	537919492
57451083	2147618816
1441851	4295000065
36312027	1073778688
67425099	1610613248
25615167	83886081
34145763	1610613248
40666587	67141633
79728675	2147483651
77098119	37120
71745639	1610613248
3294483	135299072
41439327	67141633
22317495	2147487746
23947215	2147520512
19497399	1073778688
67732251	1140883456
69659403	1610612992
76708347	1074806784
3850467	4295000068
66580431	1610613248
67752015	2148012032
70780119	1610612992
22976187	4311744513
78171855	327696
32327151	1610612992
14024391	2180
79224531	2147487745
7880703	2147520512
50757567	2625536
2711931	134217733
78273591	2147520512
118959	67141633
34176543	1081348
23204931	2148012032
35241855	4295000065
13309971	1140883456
21344847	2101504
28387635	4429185025
5657091	4311744513
7915371	40961
41057331	2147520512
10209291	37376
74317875	5368741888
46407543	2147520512
27004155	671088768
78308583	4429185028
11423967	134254592
36714435	1085440
37115223	671088768
53547531	1610613248
7447191	1610613248
17698875	2147487745
10506075	2147520512
46888359	1610612992
13464195	57344
37380903	196610
5799003	671088768
53404971	142610432
5197011	67637248
34055691	671092736
74571	1610612992
43063215	671088768
15889983	70
72006783	1610613248
46701411	671088768
46178475	67145728
47972139	1073746176
46432167	671088768
65796999	5368741888
1580199	4362076161
44162547	4294971393
41089083	16809985
1395195	134479873
56731155	67141633
56557491	167936
77978751	2147520512
34814175	2147520512
55770495	2147520512
25751247	4294971393
25234467	1074823168
7533051	8392705
627315	16826368
56097087	134217860
3577659	1610613248
79014903	5435817984
47212683	36865
69994419	2147549248
61137231	2147487746
37439871	1610613248
18102579	2148012032
13139871	4129
46704975	4295000128
48243651	671092736
15860823	5368709121
28547691	2147487760
4180947	163856
74875803	1073778688
25829655	1610612992
16801071	8425472
73454091	2147520512
33337059	73730
23549019	4295000320
80209167	3221258240
10721535	1610612992
242727	328704
19872591	1212416
59931951	1610613248
38380443	4429185025
39261075	268568576
37037463	1073745921
67497999	1610613248
71298843	2147520512
1458699	4296048640
3272451	83886081
81602691	1073775104
72867651	1140883456
40662375	4429185025
26123523	524353
57575499	36880
79623375	2147487746
58495335	67141633
19156227	1073746176
9701907	1085440
39385167	4311744513
67146783	1610613248
66183855	524354
63393891	2147520512
20355999	1610612992
2153031	196610
45321171	16814080
4868799	1610613248
37537719	671088768
45591711	4311777280
16948815	1610612992
33329607	327681
59320563	17301568
789639	37120
28494879	201326593
34490823	67141633
20471991	16814080
70674171	1610612992
5098839	196610
71153367	83886081
58128567	1610613248
9083391	1610613248
22304211	4102
61851975	4328554496
44910987	4311744513
50379135	1085440
7740735	1081348
67871571	1081345
18562659	1610613248
47400279	134218753
1578579	1610613248
17266011	1090519041
33263187	83886081
64650687	1610613248
23559387	38
43343151	4311744513
74047983	150994945
301047	2147520512
62282895	1610613248
77055999	4328554496
53460699	1081345
3470091	4311744513
19271895	17334272
4689627	4362108928
53389743	8392705
18999735	1085440
620511	4296048640
23989983	1085440
1905819	1610612992
6263295	1610612992
73328703	1610613248
80771307	1610613248
20220891	3221229568
81513267	1073775104
6741519	134283265
38552487	1610613248
61796895	1610613248
15429255	83886081
28301451	16777282
29089095	1073774593
40769619	36865
77988147	65572
39895143	1074823168
13653087	1085440
32308359	1610613248
80868831	36865
17085543	2101504
32645319	37376
58829055	1610613248
16575891	1085440
73028031	134283265
14140383	4362108928
13088355	3221229568
66333867	1081348
38766003	1610613248
63616803	561152
74169159	1610612992
75422391	2148007952
67648983	671088768
38544711	2147520512
60711171	1074266176
47540571	1610613248
72637611	327696
21119991	16809985
49579503	36865
68710731	4295491648
32031015	1610613248
79290627	36865
50874207	67108929
23719767	134221825
4882083	2147487746
37597335	4311744513
6993591	16810048
20066667	4311744513
56840019	1610613248
15992043	1082134528
71211687	524354
45341259	671088768
28399947	135184
58564995	4311744513
16264527	1610613248
26295	135299072
74425767	1085440
67902351	1610613248
34942155	1073938432
4397703	3221749760
16429443	135266308
28476411	1610612992
75626187	1610612992
16892439	75497473
19173723	1610612992
20208903	70
26106675	671088768
69882639	1073775104
75136623	1073778688
46658643	86016
18939147	671088644
45314691	671088768
3274071	2147520512
6787203	33554438
30075351	65554
62734551	1610613248
9352959	4362092544
59689275	671088768
39943419	266241
17354787	83886081
754323	2147520512
51864999	1140883456
52621539	32833
26923479	671088644
70865979	2147520512
57198363	671088768
62296503	2147520512
27806703	3221229568
75225723	16781313
2265783	135266336
31373619	114688
19303971	1085440
8685843	2148012032
12336351	1610613248
38665887	1610613248
32644671	1610613248
60583515	16781314
77833599	1073766400
46747095	1610613248
46907151	2147520512
1032315	1074823168
80403	1074823168
73093479	1074823168
56334579	2101312
55993083	1610613248
56978043	1081345
32842959	561152
34391679	4362108928
50992143	2147520512
1500819	1610613248
16354923	1074282496
51450279	1073775104
17848563	1048610
14811063	671089152
36945771	1610613248
32152191	1610613248
78227907	150994945
73618359	57344
8634975	1610612992
45717423	671088768
122523	67141633
30668271	83918848
56811831	1081348
39001875	36896
22498287	671088644
52926099	36865
74659695	1610613248
58947315	1610613248
67451343	8523776
78502983	196610
5447139	83886081
24348651	2147618816
33144603	4295000065
39344667	134217864
28132323	1081348
2819823	4294971393
80044899	1073876992
55896855	20481
42782955	1610613248
79289331	1610612992
63770379	4311744513
78689931	51380224
12237207	671088768
65932755	102400
35831211	2147520512
71257695	36865
64604031	2148012032
3062175	134217734
588111	36928
52383723	1074823168
78382779	1081348
39073479	671088768
59640675	4295004160
21522399	150994945
43420587	83918848
26129355	4362076161
49321275	2147520512
19640931	1610613248
28107375	1610613248
65370939	1610613248
78780327	2147520512
2300127	1085440
12972687	2155872272
76746579	36865
11475807	83886081
8542311	1610612992
14657163	8421377
358395	36865
40809147	1073746432
816207	36865
24105975	671088768
5548875	4295262208
62230731	2147520512
36550491	36865
65432175	1082134528
277395	1610613248
63700719	33882112
31733259	4395630592
21147531	16809985
32615187	1610612992
7255707	1610613248
73353975	2147520512
47216247	4295000576
58991703	37376
78358803	5368713216
55209651	67108929
47735295	1610613248
25506303	16809986
5452647	8392705
75196239	1074266176
52067499	1610613248
75498207	671088644
1027131	67141633
22506711	1081348
59788419	37120
43137411	1081348
31919883	1074823168
46618467	1610613248
80260359	1073778688
6062415	137216
53422143	1610613248
5491527	17301505
33773163	2147487745
45524319	2101312
6424323	1610613248
69899163	3221225474
42110331	1610612992
74937039	1074823168
37075047	4311744513
47335155	671088768
73248675	671088768
36015243	4864
52098279	2148073472
40477047	2147520512
81242727	1610613248
43789623	671088768
5043435	4311744513
11251923	1081345
32574363	1081345
1524471	1610613248
12882291	671088644
35694807	671088768
41122779	12304
69669123	2181070848
78922887	1140883456
22244595	1140850689
74123475	2147483658
27822255	69648
66224679	1610613248
55859595	1081348
56493339	1073905664
23154387	67141633
77375139	2147618816
78945891	16912384
37467735	671088644
63783015	1610613248
59483211	1610613248
59804943	1610613248
39269823	671350784
32850735	1610613248
30509187	67141633
29399163	134217733
56593455	1085440
52871019	671092736
23740503	4295004160
59831835	50331649
36000339	32802
37878567	671092736
57092739	671088644
76188651	671092736
11199435	671088644
12402123	1610613248
14552187	2147487746
68813439	16809985
22353783	134217800
5508051	4294967361
53664495	36865
14572599	2147487745
57796467	2147549186
27088395	671088644
34826811	1610612992
27285063	4362076161
79021383	16814080
33568071	1610613248
43389159	16797696
55269267	32833
17215143	16809985
62865447	16781313
79407267	2147520512
15289611	1610613248
50779923	36865
49591167	5368713216
33739143	1081345
31059015	1073778688
14873271	201326593
5375859	2147487808
48580611	5368709121
1034259	1610612992
52396359	528448
42752175	32833
57341571	70
3255603	1049604
71007567	671088768
12466275	150994945
47273271	36865
74306535	1073778688
1164507	134217733
66871059	150994945
62804535	4353
12389163	4295000065
44551023	1610613248
33294939	4162
67835607	1073774593
73503663	2147520512
25299267	671088641
56455755	2147520512
17231667	518
57183135	2155876352
32704287	1610613248
52386963	1610613248
12796755	2129921
38735871	4295000065
1954095	561152
44874375	1610613248
13507935	1610612992
72728655	1081345
2375619	1085440
34179783	4311744513
81414771	37376
13975143	2148012032
6776835	1085440
59054235	4311744513
78605043	4295000576
80522475	5368713216
34076427	1073778688
33705771	528386
3609411	1610613248
15526455	4296048640
66167007	101711872
61240587	150995072
2033799	201326593
25343007	1610613248
65989131	1610613248
12400179	671088768
11009895	1140854784
65032359	1610613248
18744423	1085440
36491199	67141633
69654867	671088768
50930259	1610613248
2114151	2147520512
25741203	1073778688
2930307	36865
40234695	4102
63038139	671088768
95631	134250497
33321831	1610612992
36297123	1610613248
2211027	1073873408
25179063	16777226
33041571	32833
12083631	3221229568
48500583	671088768
39089679	2147520512
2222691	83886081
36615291	1610613248
7891071	1610613248
34447407	4295004160
78067203	4311744513
27641787	1610612992
64878135	134283265
36819411	4311744513
39163875	1107329024
9325419	67141633
112803	67141633
14946819	2147520512
12458175	134250498
75415911	17301568
72683943	1610612992
3566319	1610612992
44521539	67141633
53907495	36865
3202143	4362108928
68669583	2147484674
63686139	134217864
52798767	1073741889
15782739	83886081
63463551	1081345
22000299	150994945
78451143	671088644
18564279	4311744513
78772227	8437760
22315227	331776
17734515	32802
11435307	40961
41333379	1081348
73715883	36866
49149879	70
67099803	1073778688
3680367	36866
27994623	1081408
19625055	28672
10374531	16809986
51795339	1610613248
67058979	1082134528
34815471	1029
40808175	1610612992
55523931	24577
17880315	1081348
49154739	2148008448
79341171	67141633
55354155	16814080
21852879	137216
68417511	671088644
2772843	1610613248
10738059	1610613248
360339	65554
29560839	17334272
30369867	1610612992
22513839	1610613248
62998611	4295000576
81358719	2147520512
47618007	1610613248
12188607	671092736
30018327	83886081
72712779	4295004160
61229895	67108960
10136391	102400
1206627	671088768
63329091	1610612992
39893199	671088768
81205791	2147483682
2872959	1048610
26710287	2147520512
65695587	33281
77189163	1610613248
47158251	32864
48791535	83886081
51928179	4362108928
8829375	327696
35821815	1140883456
23676351	37376
22027839	1610613248
14286507	2181070848
61212399	32802
29969403	2181070848
72347307	4362108928
58516719	2147483651
40162767	4099
58027155	1074823168
43714455	1610613248
26256363	557120
16468647	135266308
54237003	83886081
39569847	4311744513
49342011	3221229568
69225891	561152
35178675	1073745921
32996859	1081856
79659987	1073778688
20120127	67112961
70796967	3221229568
21496803	17301568
20514435	1073778688
78830871	4295000320
3201171	1073778688
66378903	671088644
62627955	1074823168
39346287	2147520512
42790407	3221229568
63120759	671088896
5897499	4362108928
7876815	2214592528
29372271	1610612992
36167523	1610612992
34174599	1074823168
26199339	1085440
58240671	8425472
40088895	671088896
26977911	1073778688
65622687	672137216
71896299	16781313
36479211	1610613248
944187	67108929
80979315	2147520512
53051487	4295000065
57691815	1081348
32323263	536871680
18639771	150994945
1985199	4102
22124715	671088896
44985183	671088641
75669279	671088768
1919103	403701760
59780319	1081348
71011455	1610612992
2064903	1610613248
40011459	1610613248
16374039	4362076161
57566103	1082163200
60612999	1610613248
6381555	1073745921
9844467	1075970048
24852471	2147520512
1160619	1081345
70039455	4311744513
5469495	1610612992
38114439	1073774593
50879391	2147520512
77595459	3221229568
17830095	67141633
35189691	67108929
13047531	2363392
11754447	2164264960
23228259	2147553280
3633387	4311744513
25948887	1081345
11511447	671088644
77402679	2101249
77354079	1610613248
17723175	1610612992
10694643	1610613248
34299015	3221229568
58262055	69648
56304123	671088768
33515583	1073745921
32504703	37376
71434923	1610613248
49437267	2147549186
39443811	4328587264
31904979	28672
36231675	37376
24889407	137216
53181411	1074823168
69680139	1610613248
39467787	4362076161
24275751	4328554496
22774335	268566544
39897411	1074823168
8113983	1610612992
34304523	83918848
77228367	4311744513
16038699	83886081
81042171	2147488256
69983403	1081345
45538251	1074270208
35366595	1610613248
24092691	2148007938
16958859	1610612992
76735887	2147520512
23398035	36865
50000703	1610613248
37707171	5435817984
4203627	8425472
30777459	1085440
62626659	8425472
38434551	4295000065
34371915	4311744513
19240791	1074823168
53623347	2147549186
9483207	1140850689
80179035	1610613248
75992631	4311744513
50454627	134217793
20130495	1610613248
41825535	33619970
62765979	4295000320
75615171	1073778688
9087279	2147487745
32985519	134217860
33253791	1610613248
21362343	67145728
248235	612368384
48136083	37376
61193283	32833
23571375	1610613248
19359051	17301568
46403007	4311744513
335391	671088896
80958579	16777348
65829399	1074823168
13829991	67109378
53650563	1081348
7370079	4294971393
3581547	67112961
3369327	1610612992
869667	1610613248
68047827	8392705
24447471	1081856
1603203	133122
18629727	1610613248
6683847	553648640
46346631	4328554496
69299439	1610612992
2141367	1610612992
47759271	5435817984
54085047	83886081
35873655	135184
786075	67633153
64343211	1085440
2520447	136323072
30703911	671088896
32834859	36865
32429859	2148012032
50927991	1085440
16742427	557120
51052083	1207959680
58293483	4429185025
77200503	16814080
63470679	1073778688
32301231	33591296
36949983	1073745921
79907199	2147520512
52708371	671088644
6402615	1610612992
21884955	150994945
4965999	1610612992
12780879	2147553280
81350295	671088768
80723355	16809986
48474015	2147520512
41609103	524802
33679851	1610613248
4240563	32833
2997699	4303388672
5231679	83918848
32510859	16793602
24645111	6442455040
28466691	4295000065
56132079	4362076161
16592415	67125249
58580871	1081345
24033075	1610613248
47659803	671088768
32970291	16809985
34317807	5435817984
33753075	671088644
42409383	134250497
27142179	2147520512
36568959	36865
71939391	83918848
50100171	4099
44249703	1085440
16858743	671088644
6326799	1081345
37519899	36866
10108203	2134016
26892051	1610613248
12956487	331776
32320023	37120
51505359	3221229568
65694615	1610613248
61790739	1085440
26445903	1073790976
56142123	201326593
1137939	1610613248
39237423	528448
69615015	38
77236467	2147520512
29118579	1073745921
54346191	2101504
9558051	67141633
51501471	671088768
51149931	4294967553
58334631	4362108928
3951555	1085440
27026511	150995072
41644095	36866
56966379	150995072
217131	1085440
10832019	4311744513
2803299	1074823168
43388835	134217733
19014315	150994945
26043495	671088768
18090267	1073778688
8195307	67108929
34781775	4311744513
59767359	2147520512
14477019	1610612992
75703623	4295000065
66716511	671088768
53729295	67371009
16630971	135266308
54319947	671088768
61257435	1081348
47745663	671092736
53721519	671088768
40840251	4311744513
26410587	671088768
51755487	4395630592
74338287	5435817984
78223047	37376
30981903	114688
51154467	2147520512
62573523	67112961
36508047	1610613248
55200903	671088768
60136395	2148012032
21611823	3221225488
11881131	1073745921
65484987	36865
58533243	1610613248
7078479	1610613248
32567559	557120
2836023	2625536
57980175	1610612992
47234391	4294971393
12047991	4311744513
23079219	34820
44861415	537919744
71656215	6442455040
49924239	1085440
41862795	1074823168
65489847	4311744513
73733703	53248
44489463	671092736
76904043	4295000320
47169591	671088768
7701207	4429185025
19730355	1081345
26186379	1073778688
11801427	150994945
76159491	36865
41164575	4102
72587391	34820
59611839	1610613248
40191279	1610613248
22837191	4311744513
39358275	36865
21930639	32802
6309303	1074823168
294567	1081345
47894703	36865
50758863	1610613248
1227363	45056
1269807	16777282
19159791	1610613248
36718971	24580
26362959	4362108928
3669675	1610613248
52871343	2164264960
44336535	4362076161
79138671	2147487760
47128443	671088768
51399735	36865
66711975	1610613248
23844507	4102
55991787	4362108928
71952027	1342185472
69913743	134217793
54609279	36866
14288451	1081348
55929579	1610613248
66612183	4362076161
58737687	2147524608
18418803	137216
63852675	1610613248
72110139	4362108928
44593143	150994945
41175267	16777282
36640239	2147487745
16973439	1610613248
52125819	1082130433
30111639	150994945
39223815	671088768
1182003	1085440
55343139	1610613248
2867451	1610613248
2371083	201326593
81727431	5368741888
102759	327696
63469059	67108929
25652103	28672
37086387	1610612992
24307179	671092736
47094747	36866
14612451	2181070848
37594743	8425472
4243803	1610612992
39547491	1073766400
37034547	1610613248
34304199	671088768
53061855	1610613248
39642099	67112961
26884923	100696064
50978211	1610612992
39260751	327696
3036579	16777732
13286319	4295000065
39483663	3221229568
69880371	5435817984
26771523	671088644
757887	1610612992
73521483	1610613248
3402699	2147487746
61310895	37376
26590731	1610613248
204495	83886081
56436315	4161
35894715	25198592
35011815	67141633
62492199	4311744513
68528967	67108929
20780763	37376
1426299	4362207232
41253675	1610612992
63879	2148009984
36146463	671088768
70930779	1610613248
54607659	20512
1208571	1610613248
38711895	4295000065
4837371	3221229568
10203783	8425472
75528339	2147487760
43622115	671088768
22175907	1610613248
30512751	75497473
1031019	201326593
58985871	67108898
28638087	201326593
30234435	4102
77368659	4311744513
62154267	1610612992
32771679	1610613248
37766139	524384
30045543	1610612992
15500859	83886081
37726287	537919492
34268559	1073778688
41687511	50
25810215	1610613248
3661251	66816
11572035	8425472
78886923	2147487746
10625631	2148012032
73108383	3221356544
43476639	4102
54649131	577
68108415	1610613248
28371435	1610613248
15943119	4362108928
68489763	36865
59587863	671088644
54623211	671088768
63984867	8425472
47897619	671092736
73736295	557120
57843771	37120
60271179	1073774848
35208807	1610613248
19975947	4362076161
46798611	1610613248
73057839	83886081
35983815	1140883456
40541847	2147487746
75438267	5368741888
51364095	1073778688
34196955	2147520512
77910711	1074823168
54009879	671088768
71267415	671088768
70673847	1610613248
6910971	537919492
75282747	2147491844
4312815	2147520512
15915903	1085440
49641387	134217858
34958031	1085440
45204855	536903684
21134895	1073745921
69910503	1074823168
416715	1610612992
582279	3758096384
20491107	2129921
57260247	671088768
72785031	4295000065
30215319	32833
29928255	1179652
13477155	4329046016
44203371	671088644
39226083	16912384
34165851	1085440
33135855	1610613248
78525987	1610613248
59088903	4362108928
43977867	2147487745
81518451	1085440
81565755	2147487746
12589071	1610613248
30630039	1610612992
79521639	67141633
21240195	35
3156459	16777250
75521211	1073778688
17907855	2147520512
31991487	2147520512
77125011	134217733
42215955	1610612992
79551447	1085440
32452863	2147520512
27067659	134217733
17856015	2147520512
28540239	327696
31405695	800
35829591	1081348
19523319	4362076161
30524739	1074823168
5686251	67108870
39032331	5368741888
48416343	1610613248
51385155	1081348
76146207	1081348
579687	36866
38690187	1081348
5958735	134217733
81195747	37376
5598771	36865
35061711	57344
54165399	4571791360
75205959	2147520512
35888883	16814080
7233027	2148012032
228147	268568576
74774715	4395630592
41421183	4295000065
67320447	2148012032
60009387	2147520512
74262471	3221225474
34787931	1610613248
52707723	2134016
78315387	536872964
76594299	3221225504
79128627	1610613248
43210635	36865
7830807	37376
4913187	671088644
24682047	1610612992
64599495	2147483682
25946943	1610613248
77041095	1610613248
27657339	67141633
78877851	4295004160
19892355	1074823168
58891911	8425472
77653455	327696
76438131	1081345
55886811	1073742084
80325807	36865
12107931	4362076161
20863707	1081348
50581959	1610613248
4254819	16781313
44450583	1073775104
9781611	167936
80040039	36865
8923011	1085440
23859735	67141633
36940263	4362108928
40409007	24580
12459795	671092736
7328283	1610613248
68456715	671088768
1830327	1610613248
16085355	142610432
25191699	4106
42136251	671088768
70491435	561152
23958231	1610612992
12399531	536872964
53878659	1610613248
34143495	16809985
6464823	1610613248
23661123	83886081
15988479	83886081
80476467	65539
62863179	3221356544
50577423	1610612992
71544111	32833
19861575	1610613248
65561451	1081345
214863	167936
63416571	4362108928
46242627	67145728
23284635	150995072
35945907	1081348
32191719	201326593
9154023	4102
5956143	2147483682
48981399	32834
30072435	1073778688
22451631	134225921
37794651	4311744513
41323011	268502016
67467219	1610612992
34075455	1074008064
2146227	1610612992
31474707	16809985
77318439	1081348
37976739	2147520512
9167631	1610613248
61695159	83886081
63644667	2147487745
51969651	8421377
6239319	4362108928
7330875	1090551808
33124515	1081348
68136927	1610613248
22458111	150994945
55633119	1085440
64749831	561152
28945563	201326593
39026175	4294971393
57028587	1610613248
68602191	2147618816
80773251	134217733
69859635	4311744513
76812027	134250500
6902223	8425472
44923299	1081345
2049675	2148012032
55456539	2147549186
36188259	532544
2823063	1610613248
59726211	37376
51451251	1073774593
49998111	57344
22387803	134217733
15731223	2147520512
14762787	150994945
76772175	2147520512
5472087	1610613248
33730071	4099
23758323	2248146944
60439011	671088644
34311003	65602
42390267	4311744513
74313015	32833
73659183	1610613248
59555787	1140883456
79356075	4362108928
32434719	3221229568
71284587	8421632
3673563	1085440
39818355	75497473
6262323	557120
4721055	1074855936
2363631	201326593
8133099	1610612992
11469327	2147520512
18669903	150994945
8240667	4295000065
69387	4312268800
43585827	5368741888
6207	67072
47084055	524354
10494087	671088768
43628919	2147520512
79414071	2147520512
46358295	1610613248
73148883	4311744513
22184331	671088644
12519735	2147520512
19003947	150994945
66872355	671088768
25880523	32802
2007231	1610612992
25510839	1048582
56498199	66564
39748371	1610612992
20381595	1610612992
47139135	1074270208
12406335	1610613248
4641351	4311744513
5372619	1085440
66546087	36865
26411883	1085440
76269327	1610612992
182787	135266308
76168887	1610613248
22519671	536870918
59556435	1610613248
5571555	1081348
5010063	20512
11681871	671092736
12945795	2148012032
46402359	671088768
726135	2147487746
79811943	1081345
59711631	16809986
58102971	135266308
19338963	37376
62166903	1085440
35242503	4353
79119555	2147520512
12233967	67141696
24159435	4295000320
555711	4295524352
57335091	671088768
50898507	201326593
39382899	2147553280
68600895	1610613248
68193627	671088768
59919963	32864
14180235	1610613248
66635511	8392736
40763463	4362076161
10064463	67141633
36064167	4294967361
33414495	4311744513
70857879	1610613248
76550235	16781314
52627695	4295000066
61059471	37120
8235807	1610612992
76267383	1074823168
58761987	2147524608
12461091	671092736
7530135	36865
13218279	1610612992
20992983	16809985
27087747	5368713216
28134915	1140850689
51116883	2147504128
36478563	4099
22130547	2147520512
74186007	2147520512
60493767	2155876352
43693071	671088768
71537631	4295004160
75650811	2147487745
34113363	36865
28387959	4429185025
12470811	671092736
2365575	1140883456
77437023	2147520512
18895083	1073778688
8878623	35
40465707	561152
56227335	67141633
52111887	1074823168
40963047	3221229568
67155531	1081345
60545283	66576
64886559	1610613248
16473507	67108960
46969359	671088768
54424923	37120
16358811	36866
31944507	150994945
48626295	4370464768
39019371	1073778688
30864291	134221826
2134239	24580
24861867	201326593
25257147	3221229568
466935	1073872900
23914815	2147520512
44009619	67141633
46776255	1610613248
65357331	1073746176
56349483	1610613248
77563383	1073762304
74930235	1081345
67225191	4610
71748879	2147487746
8160963	37376
28226931	1610612992
20483655	1610613248
52504251	16912384
2144607	1610613248
31950987	67141633
55692087	1610613248
28822119	37376
46784031	3221229568
66569415	4353
19325679	4311744513
79567323	36865
21787431	5435817984
73937175	1085440
18479067	33028
64212315	1610612992
47893407	671088768
33715815	101711872
57246963	16777250
53785023	5435817984
60261459	4295000320
27294783	1610613248
34200843	1085440
58011603	8425472
768255	1081348
35891151	2147520512
5178543	134217733
5521983	1073745952
39742215	1081348
48700491	671089152
70017099	4362108928
63929787	3221258240
6894771	36865
180519	1610613248
41244603	1610613248
49274295	67141633
23735967	37376
77997219	167936
56086719	37120
8757447	1610613248
41495055	8392705
13960887	4295004160
29270535	134254592
29776947	4362108928
8321343	1074823168
19901103	150994945
20200155	150994945
45470859	1610613248
15181719	671089152
58091307	1610613248
37740219	33344
8864043	3221229568
55546935	16814080
70772343	1085440
79900071	17334272
43401471	150994945
73137867	1075839040
15246195	1081348
58955739	36865
56966055	3221229568
45474423	1610612992
28596939	2147520512
68206587	1610613248
46359267	167936
5364519	83918848
37988079	8392736
13419807	16390
3139287	3221229568
80353023	1074270208
29695299	2147520512
72351195	1048582
58534539	1085440
44971899	1610613248
44540007	2147520512
72394935	4311744513
66513039	1610613248
29271831	57344
25249695	671088768
72993039	36865
46243275	1610613248
29740983	4311744513
27107187	16826368
31113447	36865
56538375	1081348
5812287	671088768
28385367	2148073472
20544567	57344
9552219	102400
65078367	4362108928
24969111	1610613248
41926947	1610613248
60654147	1081348
74264091	150994945
68758683	1610613248
53676159	1610613248
23456031	16389
34185291	2147487746
50938359	1610613248
14652951	561152
18544191	16809986
39773319	83886081
25203363	671088641
46219947	671088768
1158351	34078721
32198523	1610613248
25748007	53248
80386395	37376
57281631	671088768
8291859	3221749760
36244959	1610613248
51906471	32833
47305023	16809985
60199575	1081345
1401675	32778
11994207	16777219
29288679	2147520512
16942335	4295000065
8074779	4311744513
44757087	5435817984
47839623	4311744513
8603547	1610613248
79517751	28672
67546923	1610613248
36255975	1610612992
33565803	1074823168
68216631	1610613248
65502483	1610613248
6083475	67108929
79618191	671088768
4972803	4311744513
1151871	331776
23991279	67141633
63485259	1610613248
69694395	83918848
80697111	1610612992
59696727	67174402
176307	67141633
68426907	36866
69028251	4353
76879419	2134016
79727703	3221229568
58415631	1073778688
40920927	1073778688
18846159	150994945
22061535	36865
51598671	2147487746
42613179	16777473
1787559	1610612992
40239555	1610612992
37817331	671088768
57280335	671088768
2312115	671088768
68374419	671088644
41440623	67141696
44985507	1610613248
44045583	36865
58854003	4311744513
51986175	4362108928
12508395	4295000320
10659651	36866
34665783	671088768
60683955	5435817984
72278943	3758096384
18798531	83886081
81123171	36865
44420451	2147487746
2497443	69634
46304835	299008
2115447	1610613248
72113379	1610613248
18928131	150994945
51960579	17301568
51300915	2147618816
4932951	2147487760
57607251	1610612992
17790891	16814080
23742447	327696
30531867	1081348
71802987	1342185472
33596259	83886081
35463795	518
13302843	4353
1309983	4362076161
28268079	32833
27996567	1610612992
35705823	1610613248
71400255	4295000576
15507987	36866
68196543	2147520512
1039443	4370464768
24191835	1610612992
47165379	1610613248
76034427	2148007952
75024843	5435817984
77258823	53248
25009287	4295000065
7183131	4362108928
40180911	671088768
639627	4130
47178015	17858560
58898391	1085440
43291959	1073778688
33533403	4294971393
37043943	1610613248
71447559	1085440
9180267	671088644
45211335	4311744513
26514915	268568576
78537003	2147520512
11344911	1610612992
28665303	1140883456
4253199	1085440
68302167	1074823168
32784963	32802
30323535	8458240
16399311	2147487760
43770507	671088768
47391531	100663312
23283987	150995072
2093091	1610613248
47309883	1085440
5745219	1073778688
18693879	16418
25978695	201326593
76630263	36865
70932075	671088768
23126523	671088644
8604843	4362108928
55223259	4362076161
31403103	800
34517391	1048708
66271335	1610613248
57339303	536870918
1620375	83918848
11641695	4294967329
38815575	2147520512
70292499	536870918
51325539	1610613248
14877483	150994945
8831967	1610613248
80964411	1073778688
78953667	6442483712
14199027	1610612992
45140703	1073774593
43869651	5435817984
16851939	671088644
51546831	4295524352
52668519	1073778688
41070939	16781313
56090283	2148012032
997323	1157627904
27409155	57344
13700715	1085440
25902231	1610613248
125763	134250497
73575915	1081345
49315443	16387
27522879	1610613248
29832027	2147520512
9283947	36865
5145171	4295000320
4747947	36865
24628911	8392736
19017879	150994945
32797923	1081348
40013079	1610613248
9932595	1610613248
27874419	1610612992
80144367	1074823168
47442399	1082138624
9198735	671088768
13185231	68190208
17374551	671088768
41630487	36866
36799323	671088768
33378855	4295004160
2523687	2147549200
21682131	4295000065
26001699	1073742084
52459539	36896
34744515	4295000065
70079307	1610613248
38139387	1073790976
33523359	1140850690
24801279	200
28742091	1610612992
66512067	1085440
52624779	4362076161
77346951	1073778688
568995	67141633
71712267	1074823168
35157615	4099
73840299	671088768
5000991	561152
57714171	671089152
69193167	8437760
30944967	2147549185
43118295	1610613248
59948475	1081345
8357955	2147487746
26980827	1610613248
62433555	1073778688
71432979	1610612992
38636403	8392705
42330003	45056
29801571	2147520512
41639883	4362108928
76684371	4099
60801891	32833
8248443	1073778688
68309943	3221229568
70254915	1610613248
61990323	3221229568
27144447	1074823168
10514499	1610613248
23480331	672137216
61770975	1610613248
78141399	1610613248
19362939	201326593
50811675	2148040704
55861215	4395630592
75655347	16809985
77324919	83886081
43546623	36866
5067087	2147520512
40791651	1085440
19187979	36865
9261915	1610612992
44225403	3221229568
62257299	135299072
76148799	4311744513
44953107	16779296
11687055	137216
65674851	2147520512
60052155	524324
33656199	36865
39460983	1073745921
7900791	40961
15391671	4099
36062223	16418
11854563	1085440
76223967	1140850689
9288807	1073778688
40146567	1085440
36450051	1610612992
14152695	1610613248
24138051	4295004160
5822007	17301568
40890795	1081348
25053675	2147487746
68249031	1610613248
5717355	1610613248
35646531	2147520512
27194019	16777282
64715163	33591296
32672859	4362108928
79487619	1073778688
38893011	344064
6506943	2148012032
26741391	1610612992
1935627	1610612992
49240599	134217762
5575767	69648
21877503	68190208
60058959	1610613248
9646179	37376
48334371	5402263552
77553015	36865
41896815	134217734
70298979	671088768
18776175	671092736
30714279	1085440
40861311	1085440
49552935	2147520512
51070227	1074823168
35002743	36865
9454047	1610613248
49281747	1610612992
36701151	68190208
8681307	1610613248
28379211	37120
70907451	1610613248
79848555	1048582
34706607	1610612992
49208199	4311744513
33569367	134283265
41531667	1082134528
3504759	16418
43298439	671088768
18947571	4362108928
3767199	1073766400
4029639	1610613248
4019271	57344
27843639	4295000320
10323987	4311744513
32234487	1140883456
53348919	67174401
78930339	8392706
39181695	16809985
81548907	36865
962655	4295491585
62590371	4362108928
12024987	36865
23956611	16809986
64942935	32833
40163415	37120
73904127	1074823168
54356559	671088768
12853131	671088641
40041267	1610613248
35815335	1610613248
12357735	671088644
1232223	16809985
44491083	2147520512
70918467	150995072
10033359	1610613248
67187283	5368713216
80096739	671092736
72281859	36865
54086991	1085440
126735	67141633
55671999	2084
22357671	1610613248
38327955	67141634
51003483	4362108928
61276875	2147520512
28124547	4311744513
80241891	37120
8673207	1085440
46265307	671088768
3264675	1610612992
73156011	4672
76085943	36865
57151707	1610612992
12592311	67239937
8219931	1610612992
48644763	1610613248
47643603	1610613248
222639	2147520512
27075435	1081345
77072523	2147487746
49959879	37376
58799247	1085440
43744911	33591296
40625439	671092736
61995507	1085440
34220283	524322
43658727	8716288
43659699	671088644
58003179	4311744513
75447339	16912384
25690659	1081348
5252091	1085440
33310491	1074823168
62440035	16781314
25025163	1610613248
80745387	32833
24550179	201326593
79469799	1081408
13052391	36865
75142455	83918848
39833907	4295000065
37820247	1183744
66102855	1081348
64159827	24577
23164107	135169
77374491	1073778688
58091631	1610612992
37652415	1073778688
24077463	262150
38468571	1085440
79641195	1140883456
541455	671092736
6340083	1610613248
68853615	1085440
6699075	32802
33315351	67112962
79426383	2147520512
76365231	1610613248
19584555	67141633
38633811	1073746432
14597547	4362076161
57300099	135266308
64576491	1610613248
73541895	1610613248
1584087	35
12250815	37120
36056715	4311744513
43414755	671088768
57212619	1610613248
32979687	1610616832
15867303	1074823168
16400283	2147520512
17571219	67108929
67634403	671088768
17714427	4311744513
55659687	6442455040
71362347	4295004160
70804095	1610612992
41678439	1081348
22962255	1610613248
63554919	4295000065
5624043	16781313
42625167	1610613248
996999	67141633
29690115	16809985
37380579	196610
37713003	1610613248
45024063	134217733
39370911	1610613248
1767795	4395630592
6645939	800
80784915	36865
63575331	1610613248
8599011	4362108928
62058039	36866
65963859	8425472
77332047	1610613248
14304975	83918848
23294031	1610612992
57301719	671088768
35365299	4311744513
21240519	2147491842
73810815	1074823168
50659719	2147488256
69952299	1074823168
44056275	1073745921
16847727	4416
54743415	8392736
13692939	4295000128
15442863	1081346
39426963	1085440
7715463	1610612992
6141147	4311744513
38664591	1085440
13582131	40961
41292879	1610613248
32498223	1610613248
37490091	4295000065
7209699	671088644
16827963	67112961
50062263	1610613248
73286907	3221356544
58298991	1081348
18596355	1610613248
68098695	1610613248
42032571	671092736
4519851	1610613248
58493067	16809985
51760347	4311744513
57981471	4311744513
73713939	1140883456
28239	4226
31823331	671088896
31950015	524353
25919079	1073778688
12224247	17827840
62873871	1610613248
33694431	37120
63601899	1073758209
19990527	73
22522587	67141633
63847491	1174405120
58716303	1610613248
55847607	1610613248
55514211	2147520512
45717099	671088768
39120135	1610613248
65955111	2147549185
67119	4362108928
27940515	2147520512
45218787	671092736
8610999	135299072
9328983	53248
11820219	1081345
43707327	2129921
8616831	150994945
33583299	163841
70665423	4362108928
15741591	83886081
50280639	135299072
64920903	17039361
34857915	201326593
58990731	36866
25239975	524353
76681131	16809986
70323279	671088768
32700399	67141664
25420767	8392736
11715	518
62720943	1073778688
36905919	671092736
29021055	134217734
60878031	5369233408
31246287	67112961
16616715	83918848
47158575	4362108928
18930723	1081348
75135327	201326593
53740311	1073778688
62183427	2147520512
54774519	1610612992
48893919	1610613248
72230991	36866
77066691	3221356544
48598107	1085440
1217319	4295000065
29267943	32833
61227627	2147618816
46201479	1610612992
64796163	1610613248
19665231	37376
56258763	1610613248
42183231	2621504
8426643	1610612992
64695723	1610612992
15413055	1085440
42324171	67141696
21157251	36865
47443047	1074270208
69449775	167936
3761043	2147520512
69985347	1610613248
28890483	1610613248
39818679	134254592
40411599	1610613248
8211183	577
49354971	1081348
77038179	134217733
31455267	4311744513
53284443	1610613248
10573143	1610612992
1082211	36865
22517727	4296048640
76505199	3221229568
22193079	671088644
70808631	2147483666
26397951	268568576
44735703	32833
30387363	4311744513
37213719	4311744513
4619643	1610613248
50010747	4311744513
74945787	4295000320
1113639	1610612992
53020383	1610613248
44349819	2147520512
12538851	1610612740
57904683	4294971648
3695271	536907776
13007679	1610613248
50699247	1610613248
20367015	4295000576
56351751	3221229568
53630475	786496
43370367	4362076161
45000735	67108930
5569935	16809985
56115231	1610612992
75169023	16777219
80383155	37376
56609007	1610613248
70295415	1081348
69467595	1610612992
70695231	1073745921
57688575	67108929
17486007	83886081
74361615	1090551808
62661975	1073778688
52720359	671088768
65305491	1073778688
51238707	1073778688
38891715	4362108928
31684659	671088768
1466475	32834
781863	2147549185
31826571	4362108928
72223539	36865
2775435	135266308
31543395	1074823168
53182707	1073778688
13644987	4311744513
5987247	1610613248
27981339	36865
42722691	67108929
30174171	2147500048
54848715	671088768
37310595	1085440
45042207	4311744513
40286211	561152
32760015	524802
54377943	1146880
46599027	2147495936
60517743	2147618816
26865807	32802
17709567	1212416
37995531	1610613248
29478543	1610613248
80116827	2148139008
11498163	1085440
28381803	201326593
8982303	1081345
70942767	1082163200
61125567	524608
67558587	17334272
5716059	1082130448
28178655	1610613248
62971071	1610613248
67369371	2147520512
70388403	83886081
23468019	1610613248
81259251	134250497
16467351	135266308
47539923	1610613248
14267715	1610613248
66988671	671088644
21825987	1610612992
42442107	671088768
71546055	671088768
34248795	1610613248
20391315	1073745921
6717867	67141633
33509427	37376
34071567	2147483968
79298403	2818572288
19139703	1048582
80582091	1074823168
26441043	17858560
67414731	37120
40100559	266241
80078271	5368709121
15334323	4311744513
22942167	16781313
38588451	524354
75258447	4362108928
40527591	135299072
35339055	578
37373127	4295000065
67812927	1610613248
58362495	1610613248
6948231	1610613248
61780047	1081345
81121551	557120
38228163	1073778688
32426619	1090535424
11236371	1085440
77452251	34078784
61735983	32802
61250955	1074823168
6824139	1610613248
25316763	1610613248
29420223	1610612992
13606431	134250500
16568115	1610613248
74716071	37376
13528671	1610613248
36849867	671092736
23346195	1610612992
43639935	299008
1596723	4362108928
22630479	2147520512
25152171	4362108928
35080503	6442455040
49186815	671088768
25861731	1081348
47653647	671088768
81538215	37376
51602559	1057
27121443	1073745921
791259	671088768
2200983	327696
3446439	1610612992
33338679	546
42302139	671092736
13694235	8425472
66766731	671088768
30181623	135266308
35872359	327681
39061815	344064
49656291	2147495936
46405923	8421408
36892635	1610613248
68070183	671088768
22586091	17334272
3544935	1610613248
2663979	1610612992
9724587	4395630592
37001823	327684
2415795	1610613248
90771	1082134528
425787	2147487746
2166315	67
2993487	1610612992
43476963	1610613248
62395647	2214596608
79578015	2147520512
33132291	1610613248
52408347	8392705
1663467	1073745921
74880987	1610613248
81428703	1073746176
37073427	524384
1301559	9220
71712591	4295004160
44118159	671092736
70769103	141312
31458183	4099
21163731	1610613248
54189051	36865
24839511	1610613248
46951215	1610613248
23664039	1610613248
54246723	1073745921
57836643	1073745936
11299551	36865
12229755	1074823168
75781383	117440512
45483495	1610613248
392091	4295004160
45087	67141633
16367883	16781376
20030379	1073745984
39043347	1610613248
64403799	1073766400
11861367	4311744513
39341103	201326593
36872871	36865
64305627	1081348
41704035	36866
41883531	1074823168
25267515	5435817984
70620711	2147487746
73448583	4362076161
54180627	8392705
41793135	2147487760
19862871	2147520512
16017963	1090519041
51159975	5368713216
4416819	2148012032
17198943	57344
52431027	1610613248
53495367	1610612992
62810691	2147520512
23889543	4295000320
23338743	2148012032
61866555	36866
33819495	3221229568
6400347	16912384
36786363	1610613248
50489295	1048582
14747235	36865
43366155	1075839040
13284699	16389
67391403	1074823168
31405371	800
3082587	1610613248
36382335	1610613248
50676243	1081345
23511759	1610613248
48520023	4311744513
13512471	36865
65090355	1073774593
38135823	4395630592
3119847	1610613248
12657435	524864
622455	134283265
11839659	3221229568
80083779	1610613248
47284287	2148012032
64637079	1610613248
77801199	32833
52071063	1090519041
48425091	32802
38803263	16814080
32882487	1610613248
34556595	578
58690059	1610613248
5958087	1081345
33212643	4362108928
54049407	1610613248
435831	1610612992
7643211	1610613248
76173423	1085440
51732483	8392736
71920599	537133057
26101491	2147520512
355479	1085440
27598047	671088768
52679535	1073762304
67189227	331776
5315271	554696704
24456867	1610612992
39799887	1081345
59021511	1610613248
40512687	2147520512
46574079	4296048640
50666847	2134016
45655863	2097282
56413959	36866
18430467	150994945
34332711	1073745921
26120931	671088768
14436843	4295000065
48976863	1085440
26086587	75497473
59683443	1610613248
65347287	1073778688
59189343	4362076161
19067127	4362108928
81529143	1073778688
71586879	69648
52750815	1610612992
21440427	1057
52971135	1610613248
44976759	2181070848
2871987	36896
2823387	2129921
44343015	2147520512
11469651	1610613248
71756979	671088768
897207	524548
79412775	4362076161
72544947	1048610
46876047	65793
49242867	17301568
63745107	1610612992
47820831	167936
1528035	83886081
17339883	1610613248
34036251	524354
36147759	671088768
7213587	2147553280
67366779	4329570304
4220799	1085440
46289283	4130
30641703	800
8164527	1081348
76222671	577
53716011	4295000065
81723867	8425472
40948791	4162
34078695	53248
3050187	2147549185
29217075	28672
8471355	75497473
54726567	1610613248
64088871	1081345
81653235	671088644
81429351	4362108928
1875039	4311777280
65673555	35
660039	4295524352
9333519	4311744513
15896463	1610613248
73662423	1610613248
12811659	65554
18953079	16781313
53601963	1073872900
37992615	20736
72319767	671088768
55387203	2148012032
22581231	28672
19859955	4099
17371959	83886081
52966599	1610613248
78789399	37376
67288047	36865
34616211	4099
57974019	1073778688
24350919	57344
76405407	1081345
65487579	2101250
5346699	4362108928
74095935	37376
25142775	28672
61877571	36865
38287779	671088768
3633711	4311744513
21695091	1610612992
64394403	16809985
30948531	1610613248
54161187	4362076161
39091947	671092736
18875643	4311744513
42478719	4362108928
38377851	4311744513
75867891	134221952
9937131	2147520512
54088935	1081348
17841435	24608
21525963	17301568
44944683	1610613248
62495115	36865
8932083	4099
70515735	671088644
64234023	1610612992
81518775	671088768
71765079	1610613248
41073207	4311744513
61518579	1610613248
63427587	4295004160
2829219	524353
67191819	1081348
44143107	36865
39195303	1081348
41826183	1073745921
9260295	2147520512
41151939	4295000065
37093515	1610613248
76061967	1074270208
42014427	134217864
55822659	1610612992
10989483	1610613248
24029511	671092736
72155499	1610612992
42097371	1085440
8764575	3221258240
67178859	1610613248
3002235	1610613248
62579031	37120
73547403	1610613248
48786675	2147520512
28285251	1085440
46365747	2147520512
66962427	4295004160
69054171	1610613248
55726755	1610613248
81249207	1073774848
7834371	2147516672
54341655	4296048640
35172843	37376
61452807	150995072
41542359	671088644
20283423	9220
39731199	4362108928
54933279	2147614736
11507883	671088768
719979	1610613248
33744975	83886081
56679639	1610613248
29802219	67141633
80686095	67108960
7268991	1610612992
44632347	40964
37154751	32834
49002135	134250500
7967211	24577
32713683	24577
2407695	1085440
80283687	553650176
68532207	36865
1410747	4295004160
54574611	1610613248
60813231	2147487746
59525979	1140883456
66510447	1610612740
77847855	2147520512
79504467	163856
64334463	4353
39722127	4311744513
13353063	150994945
175659	201326593
44563011	671092736
47076603	201326593
43366479	4311744513
44676411	1610613248
17667771	561152
12067755	134479876
41703063	4130
451059	2147520512
51382887	1085440
60892935	36865
60090711	1085440
35746323	2155905024
41120187	3221229568
12588099	1073778688
12685299	671088768
2626719	2147484162
43225863	671088768
71111895	4106
33797787	2147504128
52468935	671088768
3785019	4362108928
5170767	16779266
73171887	1610613248
22220943	1610613248
12187311	4311744513
15538119	8421377
1909707	671092736
67922439	1610613248
54978639	4362108928
18671199	150994945
36822327	1610613248
30676695	67141633
2410287	321
7478295	36865
44197863	1073778688
1152519	83886081
76152687	83886081
4095087	671088644
11929407	1085440
652263	75497473
55604931	1610613248
18537711	49156
55390119	1610613248
40281351	1073774593
1868883	1610612992
883599	1085440
56151519	4362108928
17216763	2147549185
75214059	2147520512
72154851	4362080256
1852035	2101249
2102163	1610612992
54861027	4328521729
79010367	1081348
9206187	16779266
8796651	134742017
12405687	671088768
3314571	2147520512
6275607	4362076161
78072387	1140883456
72663855	32802
25760643	65602
4414227	4362076161
76781247	1610613248
64799727	1610613248
46771719	671088768
17246895	1082130448
60055395	167936
30923907	2134016
20061159	1074823168
4503327	135266308
49616115	135266308
78092475	1140883456
24960687	1085440
42595683	557120
12944823	327696
50812647	37120
37351743	196610
56538051	4311744513
27799899	201326593
12435819	671088768
1260735	3221229568
4884675	36865
12613695	671088768
16100259	4362108928
20527395	1610613248
57056775	2181070848
10163607	17303552
63711087	33591296
73260339	16777219
58566291	134217860
62466927	1610612992
75843591	201326593
8136663	1610613248
55645431	2147520512
44545515	1610613248
33193527	201326593
1653423	2147487746
45511035	4362108928
25567215	69633
54086343	37120
76602723	1610613248
32918127	150994945
25050759	2147520512
32150247	671088644
60749727	1081345
6040383	1058
37058847	4311744513
69501291	671088768
3091335	4395630592
53526471	1074823168
56872095	1610612992
55306203	28672
326967	4395630592
45331215	2147520512
72542031	98
39012891	4099
65422455	36865
28038039	657408
22478523	4362076161
1979367	1610613248
23971191	524354
54729807	2147488000
13157367	1610612992
67183395	4102
59284599	1610613248
67783767	1081348
21017283	4311744513
8386791	1610613248
11982219	1073778688
1691655	17334272
10118571	32833
26420631	4362080256
60341163	536871170
28497147	1085440
37218255	1081345
31944831	4311744513
31633143	524354
69479259	1085440
58804107	2147524608
31083963	1073778688
40835067	1081345
13084143	4295000320
2527251	67141633
2901795	1074823168
49372467	2147520512
5612055	83886081
10450671	2148007952
25139859	1074823168
20411727	2148012032
23524395	150995072
58410123	1610613248
39253299	1073762304
18733407	37120
7170171	1610612992
71334159	1610613248
34395	83886081
30936867	74
47575887	1610613248
53683611	671088768
24075843	1610613248
27609063	524354
57646779	98
66177051	518
28854519	67141633
36727719	1075843072
51174555	3221229568
42780039	4362076161
2324427	67141633
28868127	5368713216
48986259	1081345
908547	2148012032
72882231	671092736
38076207	1081348
56903199	8421377
31751403	201326593
3552063	671088641
68559099	1085440
32823195	1610613248
77398467	5435817984
43892979	671088768
4375347	1115136
52962387	36865
25571103	1610612992
11657571	1610612992
51859815	2621504
49614819	4311744513
15306135	671092736
2412879	1610612992
18870783	150994945
10852755	1085440
52596267	32864
49604127	14
73876587	2147520512
38173407	1610612992
31222311	1610613248
21822099	16809985
4753455	16809985
23936523	1085440
35527299	4295004160
37179051	1610613248
35936187	2147553280
1276611	1085440
70020987	3221356544
78372087	67108929
22333695	671088644
18419775	67112961
2322159	4311744513
27647943	36865
81049623	1140850689
39096807	1610613248
37974471	1610613248
6226035	1074266176
66264531	134217888
24610443	671088641
76697655	1610613248
6883431	2148007952
1304151	1610612992
74568651	671088768
45418047	33587712
4899579	671088768
19045419	150994945
31492203	671088644
12502239	1610613248
4630659	4295524352
29775651	1610613248
39679683	5435817984
44200455	671092736
56477787	4395630592
73651407	5368741888
27247803	1073745921
72107871	1073774593
72947031	327682
20734755	1610613248
28791015	671088768
43025307	2147484674
69888471	1610613248
26208087	557120
24035991	276828160
7584243	671088768
66521787	4311744513
1281795	8425472
8841363	1610613248
23675379	1610613248
63499191	1610612992
25745091	4362076161
21814323	1610613248
13203699	16809985
46260123	201326593
37450239	1610613248
43449099	134283265
75936255	37376
14198055	2147520512
69593631	4353
74878395	16809985
58851087	83918848
13294095	1610613248
59628687	36866
6060471	1610613248
46925295	4362108928
65830047	671088768
51268839	4362076161
21731055	16809985
74750739	150994945
20689395	16809985
61207215	134283265
63155751	2147520512
75566571	1610612992
37488147	1610612992
57386283	8425472
56590539	1610613248
63998475	1081348
47546079	37376
6389655	1610613248
41074503	3221229568
20958639	2147520512
27987171	1610613248
7682739	1610613248
76953939	17334272
42920331	57344
12662619	536872964
14169543	32833
62532375	1610613248
12109551	1610613248
33516231	83886081
73292091	32833
74402439	5435817984
78421659	17334272
66776775	16809985
25000863	1074003969
76102791	1610612992
26488023	1073774593
41002575	1090535424
59591751	1610613248
22148043	24580
42640071	36865
3174603	134221825
52839915	1081348
36697263	67141633
73445343	1610613248
127383	67141633
1581819	2147614724
1133403	2147487745
78088911	4130
59938107	32771
62269287	1610613248
24033399	134254592
31699239	1610613248
31046703	1140854784
77435727	1074823168
70889307	8425472
78913167	1073778688
80608335	36928
3188535	268441600
78804951	1081348
36781827	2147495936
3209271	4311744513
35956275	36865
58490151	1610613248
70974519	1074823168
29282523	16843776
25338795	1610613248
3081291	1610613248
19501287	2147520512
25220211	16777221
980475	134250498
68622927	1073778688
64116087	1610613248
42473535	4099
43143567	4294971393
17246571	4311744513
57036687	1610613248
56265567	1073745921
624075	1610612992
74679135	32833
39766515	36865
55918887	67141633
33977607	57344
71276163	671088768
3216399	65793
78395739	17043456
57022755	1081348
48912711	4362076161
30806943	671088768
25753191	33587201
28485483	5435817984
16548675	1073778688
50387883	57344
50899155	196610
39386463	4311744513
63751263	1610613248
79179495	8425472
53240379	1610613248
4005663	1610612992
11121351	134217733
11575599	1074823168
37354335	137216
55911435	37376
13189767	1073778688
37352391	196610
72337587	1610613248
60989487	1073778688
44506635	1610613248
42662427	1610613248
38400207	134250497
72575079	1610612992
462399	1568
43908531	1081348
375567	1610613248
41794755	4295000065
52556739	1610613248
78313119	1610613248
57543423	1073745921
38379471	4362108928
25855575	1074823168
48512571	4311744513
1787235	1073872897
75708159	1074798592
17790243	3221229568
57566751	1085440
51775251	100696064
31529463	37376
35931651	1081348
73938795	2147520512
52569375	4295000065
9227571	1085440
68396127	4328554496
55057695	1610613248
40107687	2147487760
81507759	800
44808603	1610613248
57687603	1610613248
222963	135299072
75455115	3221229568
59637435	4362108928
23661447	671088768
29877063	1073774593
9499731	536936449
79182087	1140883456
51617463	1073778688
24143235	75497473
61915479	1610613248
32155755	4295000080
73464783	16844800
73278807	671092736
5031771	8388641
4394463	1610612740
9894039	1085440
34282491	2147581952
11905107	4362076161
27780783	1074270208
48399171	1085440
63802455	36865
41613639	671092736
77331723	36865
19688559	1610613248
80448279	16814080
45705111	8425472
81465639	4311744513
74452011	2147520512
80046195	2147520512
1223799	36865
25043631	1074823168
2615379	150994945
59907327	4362108928
855087	16783360
56580495	1610612992
27850119	16779520
14526591	8425472
19957803	671088644
52590111	4311744513
64461471	2147520512
19745583	1610613248
37787847	2147520512
72176235	671088644
33738819	98
4833807	4329570304
78594351	1089536
81433887	1610613248
44091915	37376
60305847	536871176
2392791	67141633
27027807	150995072
53740635	37376
77696547	2147553280
76954587	3221487616
39074451	16814080
637035	4362076161
71655891	2147618816
18897351	32833
33964971	33652736
7310139	36865
37367943	196610
75173559	1610613248
37422051	36865
5885511	2147520512
15802503	83886081
68356923	671088768
42067239	67141633
5335035	1610612992
22194051	671088644
20448663	5368709121
34120167	671092736
47217219	524353
25498527	1610613248
39675795	1081345
28192587	1085440
2839263	4311744513
731319	671088896
44835495	671088768
27873447	671088644
48955479	4311744513
174687	1610613248
1426947	17334272
19451067	1610613248
6213399	8392705
12347043	671088641
43513575	134217986
33419031	4311744513
74804523	2147487746
29343435	4311744513
36184371	1610613248
29979447	5435817984
65201487	67141696
20010939	83886081
61292103	2147520512
19117023	83886081
56005071	134217733
42961155	671088768
60820359	1074823168
57586515	2147520512
10638591	32778
48648327	1610613248
40872003	36865
27630123	1610613248
63407499	1610613248
61043919	4162
23297919	2147520512
80460915	201326593
61104831	36865
68974791	67112961
36577059	69648
44827719	4311744513
60595503	4311744513
42225675	1610613248
35226627	1085440
53049867	16797696
69107307	1073778688
39205347	6442455040
77742555	4295000320
23204283	4362076161
80596995	2147618816
52584279	2147520512
6601875	1081345
51676107	134254592
45250539	1048644
27111723	671088644
12655491	1610613248
25274967	268502016
73745367	36865
46310991	1081345
51357939	1073746176
43466919	671088768
3415983	1610613248
14650035	1081345
47353299	671088768
52085319	671088644
68703927	1081348
57531111	1074823168
70008999	4311744513
1617459	536871428
27875391	1610613248
4353315	4362108928
32480079	1085440
11806287	1090535424
1005423	1610613248
653559	67145728
68954379	1610613248
42538983	1610612992
951963	17301568
65884155	16809985
37987431	1610613248
27012255	4362076161
78099603	671088644
42280431	4295098432
47673087	1610613248
36936699	1074823168
66134607	2181070848
37331979	36865
44035215	4362076161
16624167	1082134528
61216287	1610613248
51526095	3221356544
15950895	83886081
12793839	1081348
56165775	2147487745
11335839	1610612992
39423075	578
19955859	150994945
51165483	671088768
39012243	5368741888
63230595	4295000065
36848571	17301568
42282375	327696
21610851	100696064
1173255	1610612992
62681415	1085440
70151883	1081348
63618423	3221241856
60429939	2147618816
70641771	36865
42008595	4395630592
47951727	1610613248
47657859	1610613248
24274779	2147488256
15382923	36865
44537415	2147520512
52375299	671088768
47583339	5368741888
57269643	671088768
5587755	553648384
5693379	1610613248
21497451	36866
57545691	2181070848
43738107	1610612992
1177467	16642
8163231	1610613248
9562263	3221356544
61222119	2147520512
53206683	32833
15899055	1081408
49453791	37120
17964555	536870917
55757211	150994945
42040023	1610612992
78263223	1610612992
109887	67141633
50462727	57344
47349087	83886081
8970315	67403776
60505755	4295000065
43306863	37120
80596671	1610613248
13839387	2148012032
12017859	1610612992
47199075	4295000065
4396731	1081348
63533211	1073745921
11494275	1085440
74483115	1081345
1088691	5435817984
48877071	1610612992
43931859	528386
26513619	201326593
52056807	1610613248
12712515	671088768
44290203	1610613248
26223315	4102
53395251	4395630592
27930471	1610612992
71258667	4378853376
28799763	671088768
22795071	1081345
66193899	4102
40872327	671088896
4067871	83886081
60908811	16912384
74945463	16809986
5496711	20482
27905199	83918848
29679423	2147520512
67960347	16810240
36039219	28672
62647395	1074270208
38584563	1610613248
80331315	17301568
38028903	2164264960
73971843	83886081
74874507	2147520512
21860331	67633216
47404491	1081345
11113251	1085440
5353827	4329046016
42698715	671088768
60653499	1081348
39630435	4395630592
64130343	1081345
7230111	36865
63574359	1073766400
37546791	67141634
7897875	1610613248
46176855	2147520512
80350107	561152
41527779	1610612992
44360835	1081345
10080663	16781313
27846231	16779520
25962819	536907776
73354623	671088644
75166755	2147487760
46904883	1081345
70193355	36865
39457743	36865
55629879	1610613248
54043899	36865
35952711	24578
12578379	134250497
79487943	4294967301
18278835	134217738
23242839	1610613248
53371275	1140883456
61742787	1610613248
29809995	1610612992
22748091	1610612992
37083795	4311744513
81593943	150995072
874851	1610613248
24038907	2147488256
26890755	196610
53764287	4362076161
36864771	1074823168
682395	67256320
26505843	1610613248
48487299	4295000065
34973583	4295000065
60720243	4362108928
64248927	1610613248
6318051	134217734
74344119	36865
57838587	2101312
36017511	2147520512
67223247	1610613248
75053355	1610613248
5162019	557120
24300375	1342185472
36605247	671088644
758211	1073778688
76359075	135266308
41242659	1073774593
2848335	1081348
59590455	536872964
37964751	2147520512
33314703	4610
51196263	4362108928
23401599	2147520512
27715011	67158016
1758075	1085440
23288523	150995072
74206095	1073778688
11243823	671088768
58909083	16809985
10419	1610612992
24421227	2147520512
67661619	36865
17787651	1610613248
47860035	1073778688
60717651	4296048640
28928067	1610613248
75722091	36865
70428903	671088768
31324047	1085440
43475667	671088768
79205739	1610612992
29399487	4362076161
51911979	1610612992
20588955	1073778688
78502011	1074823168
11373423	1610612992
10336623	2101504
41534583	65554
5381367	1610613248
23893107	2147520512
14625411	2147520512
11511771	57344
23641359	5368709184
67778583	1610613248
2385987	1610613248
66036759	2147520512
2002371	2147520512
43241739	671088768
37376367	2147553280
65260779	1073778688
78052299	1085440
39244227	196610
65476563	17301568
64052583	1081600
75269139	4311744513
75735699	1073778688
24460107	2147487746
73139163	4311744513
68318043	1610613248
62997639	4311744513
27405267	1610612992
57273531	1610612992
44547135	1073778688
48520995	671088644
36706335	1085440
2899203	1610612992
56781699	1085440
35367243	17301505
57228171	671088768
21221403	671088768
51030051	98305
53249775	1081348
49686747	7
8454183	2147487746
31503867	100696064
54824415	36928
80201067	4395630592
455919	1212416
13561071	4099
34144143	1073774593
11447619	32848
12526863	671092736
59085987	4362108928
52922211	1610613248
16558395	1073774656
27844611	16779520
53422791	36865
49921323	8392736
22490511	671088644
53239731	1081348
68805663	536871170
81504195	37120
10850163	1610613248
41582211	1610613248
80901555	67141633
8128239	2147520512
73929399	37376
76398603	1610612992
53038527	2147520512
19780251	1610613248
14322471	83886081
11767407	1610613248
21357159	1610613248
39761331	1081348
10099131	2148012032
63903543	536903684
43939959	2164264960
43284183	2147520512
33415791	5368741888
47568111	4311744513
41597439	8425472
9003687	1610613248
78582039	20512
24341523	1081348
33151083	150994945
71409975	32833
65616207	1073746432
12010083	1073778688
3145443	1610613248
4810155	1107329024
69042831	49156
4535403	4362076161
7044459	1610613248
38268987	1056772
11608647	561152
62585187	1085440
57199659	1081348
76352271	16912384
2606631	2148012032
562515	2147647488
54748599	4295000320
28442391	201326593
81571911	1073778688
29098815	327696
56341707	1085440
1432131	1610613248
4060743	1074823168
70102959	2147618816
28027995	2147487746
36155535	671088768
78766395	17301568
19869675	1610613248
32871795	150994945
37854591	4362108928
56502411	1610612992
55050243	2147520512
46317147	1085440
50533359	1610613248
75753519	33591296
53304855	32833
57542451	1074823168
57277095	16814080
12913071	671088641
65558211	1610613248
49702623	4362108928
46706919	671088768
69125127	2147520512
21263847	150994945
77052759	4311744513
77124363	1073778688
17014587	331776
52688283	671088768
447171	4295000065
56123331	528385
11304411	134283265
52927395	4328554496
613707	1085440
33108963	1610613248
37121379	1085440
56968971	4295000320
35634219	1610613248
70514439	1610612740
1236759	1073873408
43643823	2129921
77347923	1074823168
55293891	16843776
34068003	2147520512
20903235	2147520512
58935651	37376
61301823	4295004160
2341275	2147553280
59423271	1610613248
58350507	32802
62845359	3221229568
96279	134250497
69253755	1610613248
53577987	1610613248
76130979	36865
76601751	2147520512
769227	1141374976
53278611	5368713216
80825091	1610613248
54092823	1073762304
18491055	2147520512
69188955	1073746176
40812711	1610613248
38267691	4311744513
43467891	1073778688
216159	134218112
28296915	32833
23900559	1610613248
61505619	4303388672
31824951	536875264
20714667	1610613248
2969511	1085440
68402931	1610613248
30753483	1085440
35530215	1074823168
66250275	1074298880
60864423	1073745921
56269455	167936
51239031	1073746176
47338395	327696
39717591	4294971393
62637351	1610613248
39026499	671088644
42985779	671088768
23705187	1610613248
51308367	36865
46996899	1081345
43316259	1085440
4978959	135266308
40742727	1610613248
39028119	1081345
69608859	4311744513
59520147	5402263552
65518035	671088768
17513871	671088768
40776423	4362108928
33690543	671088768
9744351	32833
34899387	1610613248
43783791	2147520512
27831003	4295000320
198987	67141633
54379563	1081345
28659795	671088768
29157459	4362076161
1177791	16809985
49477443	2147520512
41499267	4362080256
64168575	4294967553
27656367	1073778688
28191939	671088644
32681931	83918848
80394495	83886081
67035651	16809985
49643655	150996992
28091499	3221229568
14466975	1085440
43526859	1073745921
77148987	35
73981887	134221825
77482383	2148073472
2069763	135184
75039747	83918848
74258583	1074008064
51435051	671088644
71996091	1610613248
59745975	1610612992
15918495	83886081
49671195	201326593
81082995	1610613248
65459715	4294971393
2443659	1073745922
5627607	327696
63534507	1085440
42413595	524354
26650671	24832
42575595	1610613248
49055271	83886081
48810327	4099
54710691	561152
34177515	1082163200
21669495	4362076161
9501027	8425472
42319311	67108929
69312723	1610613248
29572503	1610613248
33339327	1610613248
8953791	7
42972819	1610612992
30307659	4362108928
8656683	671088768
4306335	32834
38326659	5435817984
23106111	1610612992
50324703	16912384
39918147	4295000065
4356555	524322
12974307	67108870
60217071	5402263552
3075135	5435817984
5899767	134219780
67301331	8425472
23408403	16912384
24418959	17301568
78587871	577
69214227	1610612992
3050511	2147495936
30796899	2134016
33605655	150994945
14598843	1610613248
80053647	4362108928
11144355	1073778688
58295751	4311744513
38314995	37376
39753879	67109124
48521643	37376
20936607	671088768
1992651	671092736
68793999	57344
14284563	2180
54711987	1081345
7120599	4295004160
31210971	4311744513
80577555	1081348
58120143	2147520512
31479	36866
54022515	671088644
81222963	36865
34802511	327696
18673143	69648
53963871	671088768
62798703	671088768
50284527	4102
47959827	7
42878535	67141634
24226827	1610613248
80870451	4296048640
2084667	4311744513
23465427	4311744513
57794847	37120
34341459	4295000065
69569979	16809986
13087383	1610613248
63420459	2147520512
32810883	1610613248
43365183	8425472
20979699	16809985
16706463	1085440
14753715	1610613248
44157039	1085440
8069271	1074823168
75172587	671088768
16784223	3221229568
37053339	2147520512
47085027	671088644
43861227	2147520512
63404259	36865
58735743	2147524608
39431499	1610613248
9974067	1081348
2699295	8392705
53168451	4362108928
50408295	1610613248
2667219	524298
69629595	1610613248
31883919	528386
74584203	36865
23727867	2147520512
43752039	32802
31586163	561152
23191971	2147487760
21462135	1090551808
37694211	150994945
63350151	1610612992
21722955	2147520512
23215947	16809985
26727135	8425472
78943947	2147520512
49358535	1610612992
12524919	2147520512
69109251	1081348
75407487	2147520512
23431407	1610612992
56512455	331776
37272363	4362108928
3668703	2147614736
66047775	5368741888
60873171	36880
20858523	2147520512
59233731	2148012032
5232975	1081348
404403	1610612992
29733531	150994945
64572279	1610613248
64462119	4130
54957903	135184
58661547	1081348
34883511	67108874
40773507	7
48763995	671088768
6516015	4303360000
43508391	34079232
61100619	1610613248
59868123	2147520512
28184487	16777282
3781131	16801792
51000243	57344
20087079	1610613248
41315235	1073774593
95955	134250497
3857919	196610
3052131	1081348
59608599	327696
50650971	4296048640
16466055	135266308
14546031	2180
72163923	1610612992
36896199	1074823168
58689087	36865
40797159	2147520512
5529435	1610612992
15449991	5368741888
46705947	671088768
41713755	4362108928
12778611	2147520512
69479583	4294968064
642219	671088641
16242495	36880
48797043	16781313
1166775	134250497
67758819	16814080
4479351	1610613248
12453315	16826368
33347751	16781313
81090123	102400
499659	1081348
63528999	2147520512
66022827	1081348
79414395	2147520512
6165123	4362076161
75020955	83886081
65968719	1610613248
32464851	4162
5343783	1610613248
51726651	1073778688
19532715	1610613248
73810167	1074270208
36354795	1081348
71215251	671088768
31277067	196610
14813331	150994945
13000875	16809985
20350491	1610612992
46913307	1610613248
56633955	1610613248
5888751	6146
17936367	1610613248
27366387	1081348
19516839	57344
64723587	83918848
74758191	5368713216
19471803	262150
22739019	1074823168
32681607	1610613248
50553447	8392705
41548839	1610613248
17623059	65570
19684671	16809985
41340831	4311744513
5760123	2147487745
63977415	1081348
69997983	1073774593
3061851	201326593
74336343	16389
68696475	1610612992
15335295	4311744513
75635907	36865
8166471	2147491844
58565967	16777250
13906455	1610613248
7319859	1610613248
46433463	150994945
19762755	331776
63647583	1081345
8450619	1610612992
10510935	32786
79150335	28672
36548547	83886081
43587123	1081348
4060095	3221229568
12825591	1610613248
18846807	150994945
37016727	135266308
30111963	36865
44166111	2147520512
76655859	5368713216
2654907	1073778688
71529531	671088768
57012711	134217733
73582071	1073778688
81710907	67141633
78432027	671088768
12765975	528385
15183339	671089152
42513711	1610613248
2449167	167936
21007887	3221229568
44178423	3221229568
15414351	83886081
21308559	16777250
50397927	1610613248
51512163	2134016
58107831	36865
58043031	2147520512
38807151	1140883456
22692039	524322
78860031	41947136
77821287	16777281
53540403	671088644
64089195	5368713216
56053347	37376
46450311	1082163200
51138267	4395630592
43147455	40961
68647227	1073778688
37063707	2147520512
30388011	1610613248
19036023	2147520512
5461395	1610612992
7227195	2147520512
34828755	67141633
18662451	150994945
16110303	37376
18258423	4294971456
13437303	1610613248
43534311	2147520512
30353019	1073778688
8376423	2147520512
14215875	1085440
35990943	1085440
58333659	135299072
23453763	2147487745
70797615	2621504
21975027	100663298
15201807	518
7501947	1610612992
159135	36865
77445771	1610613248
28276827	4099
23224371	671088768
69472131	2147553280
21070095	1085440
12294231	671088768
130299	67141633
33006255	1610613248
35514015	1610613248
10386195	4311744513
1382559	2147483682
56047515	36865
27496311	671088644
38247603	1074790404
43274463	1610613248
55330827	4362108928
34414683	2147520512
59073027	2147483906
11700015	1610613248
33515907	83886081
10153563	36865
53851119	4162
38419323	196610
54131055	1610613248
3836535	1610613248
27590595	536873472
64285215	1073872900
63468735	1085440
18866247	1085440
33102159	1610613248
77001243	1085440
36820383	1610613248
49238655	69648
185703	1085440
1835511	20512
74517135	4362108928
62412171	4311744513
25526715	4295000065
52746279	2181070848
64609863	37376
21667551	150994945
15089379	1610612992
69652275	1610613248
20240979	57344
33868743	67141633
3047919	67141633
21583311	36866
63797271	4395630592
10512879	1140883456
61768707	4362108928
72408543	1610613248
43536255	1610613248
72474963	671092736
29157135	2147520512
75616467	1074823168
56501763	1074823168
16273275	1610612992
46984587	67190784
49055595	4311744513
76002999	3221229568
63420135	36865
28282011	4311744513
80921319	36866
77841375	671088768
28382127	201326593
4208487	1081345
5167851	36865
62541447	36865
70504395	201326593
45319875	1610613248
41463951	4311744513
12169167	671088768
4346835	67141633
24441963	1610612992
17110167	1610613248
27631095	2147520512
15791487	83886081
470499	70
37596687	1140883456
17344095	327696
48549507	2181070848
77431839	671088768
68544195	1074298880
45165003	134217857
55657743	83886081
75830631	1610613248
57837939	1081348
44256507	269516800
32213103	135266432
15947655	3221229568
36001311	36865
53120823	4311744513
35130723	67141633
39522867	37120
57803919	589826
21499071	671088768
631203	36866
1303503	532544
70200159	37376
72396231	4378853376
497715	134217738
39819975	5435817984
69969147	1146880
55454271	1073775104
942243	135299072
71526939	36865
32741547	276824576
58881543	37376
72365127	1610613248
48439023	1610613248
76096311	3221258240
77027811	1610612992
19236903	1081348
8674503	57344
62046051	67108929
15433467	83886081
5854083	2147520512
52594971	671088641
7544715	16777250
37838715	671092736
35906055	4311744513
77343387	1074003969
40897275	37120
10130559	150994945
53321379	5368709121
46707891	2148012032
27552363	98
21643575	83918848
62149407	2147520512
36017187	37376
32460639	671088768
23945271	1610613248
5517771	2147520512
15431847	83886081
54204927	1610612992
28348755	1610612992
15066699	671088644
42648819	1610613248
44321307	36865
24902691	1610613248
51872451	1610612992
41779851	36865
40554807	36868
60771111	1610613248
66290127	36865
72706299	2147520512
62476323	98320
20930775	671088768
39417243	16809985
8441871	1074266176
54809835	37120
41592903	67141696
20279211	1610612992
50965575	4362108928
30429807	138
47026383	1081348
51246807	134254592
78442395	3221229568
6078615	2147520512
66801075	4395630592
65829723	671088768
2771223	1610612992
17308455	134283265
63161583	4362076161
43989855	1610613248
470175	4362076161
44915523	4102
6185859	32833
697947	1610613248
19233663	32833
37587939	2147618816
70657647	3221229568
57968511	1610613248
13716915	20481
66220143	201326593
21982803	83886081
51812511	1610613248
79025595	671088768
62952927	4294987776
31124787	2147520512
9944907	1610613248
70254267	37376
49144047	1085440
3022647	1610613248
75416883	1074823168
45706083	671088768
32876979	40961
78447255	1085440
70011267	2147520512
37611915	2147553280
23698059	16814080
65197599	1610613248
46394259	57344
7219419	2147487746
65265315	4311744513
67237503	1085440
1804407	1610613248
29754915	1140883456
27575367	671088896
46337235	1610613248
25695843	36866
23875935	1074270208
33811395	83886081
63653739	2147520512
77792451	1073778688
29685903	69648
47553531	2148012032
12583563	557088
51616167	16814080
69751095	150994945
73765779	36865
85263	135299072
5965539	2147520512
970755	2148073472
60762687	2147520512
23184195	36865
30167367	36866
46610367	1074069504
36366135	69
29019111	53248
32344647	1073778688
58105887	36865
2824035	671088641
63263319	3221229568
5506755	1610613248
64178295	2147520512
35877867	1073745921
8418543	1081345
29836887	2147520512
27030075	150995072
45682431	36865
43810035	1140883456
29333715	201326593
240135	1081348
67418943	1074823168
25424979	536871172
21261903	150994945
12342183	201326593
3286059	4328554496
45433275	4362076161
20297031	4295000128
20646303	4102
51890271	2147495936
8727639	1073778688
4138503	4362076161
27631419	671088768
47214627	1073745921
37160907	37120
1925907	36896
1128867	57344
24726111	2147520512
24785403	536907776
37926519	671088768
70249407	36865
39287967	32833
46254291	2147520512
2938731	327696
19915683	150994945
40690563	4294971393
37352715	196610
35503323	4311744513
23588223	65793
61573983	53248
67687215	36865
67975899	17334272
8240343	84410368
6554247	671088768
38641263	1073745921
24654183	150995072
66479019	2147483682
23025759	1610612992
55609143	1610612992
63379311	1610612992
28232115	150994945
28448871	36865
65473323	37120
53319111	1074823168
125439	67141633
40861959	4311744513
18158307	67112961
81018195	2147520512
65476887	578
34035603	1140883456
78890811	4311744513
9791655	1610613248
55573179	1610613248
29400783	57344
3175251	83886081
31436799	671092736
41811603	1073778688
57873579	671088768
37188447	4295000065
51539703	1073774593
81255039	671088768
114099	36865
41385543	4295000065
22959663	67141633
44000871	1610612992
19028895	150994945
52324431	1073778688
40611507	4294971393
37197843	4295000065
60261135	2147520512
39250707	167936
64338675	4311744513
69995067	25088
65881563	3221229568
62814255	1081345
20235471	2147487746
25338471	67108897
72145779	1610613248
32449623	2147487746
68512119	2147520512
8238399	1610612992
67095915	1081345
67481475	3489660928
56992299	4311744513
71222703	4370464768
15574731	150994945
75174855	83918848
46952835	4102
50453007	671088768
11914827	1610613248
80053323	4312268800
65340483	671088768
12400503	537919492
54388959	1073778688
41923059	327696
2846715	17334272
3290595	83918848
15788247	83886081
11870763	36865
36210615	67109440
23621595	671088644
81257631	671088768
23273295	57344
4401267	2148012032
61375047	1610613248
30520527	75497473
58360875	1610613248
4399971	4295004160
6062091	2147549185
27056967	4295004160
18145671	4311744513
59623179	2147520512
61827351	1073778688
61510479	68157444
60334035	4362108928
25707507	1107427328
79548855	16912384
78359451	1610613248
21019551	1610613248
31830783	4362076224
31238835	360448
21254775	114688
73985775	67141633
57062931	4102
1122063	167936
62578059	671088768
66855183	4362108928
7075887	1610613248
73570407	5385486336
29973615	327681
81266379	1610613248
26238543	1073778688
35469303	134219784
6370539	4362076161
3798951	37376
2357151	1610613248
20888979	1610612992
55111479	1610612992
78255123	150994945
9098295	2147495936
7135827	1610613248
37494627	1140883456
57310467	671088768
12929595	671088768
71895651	4295004160
10265019	2147520512
49854579	134217762
51114291	561152
58609059	1610613248
58992675	2147549186
45041235	1074806784
39159339	1074823168
68576595	4311744513
76353243	67141633
31521687	167936
63029391	1610613248
50798715	37120
50633475	36865
8599335	16779268
2083371	1610613248
49196859	25088
80598291	1081348
53616543	67145728
50315307	4311744513
81139371	32834
5850195	50
16320579	1610612992
77207955	1081348
75406191	135170
38726475	67141634
526227	134217762
53277963	4362108928
15598707	1610613248
39484635	2147520512
51404919	28672
65315535	36865
48648651	1610613248
21958503	1073745921
32647911	4311744513
23402247	2147520512
54155031	36865
58914267	1073778688
63125619	4362076161
48564087	671088768
48619167	671088644
7085931	2147520512
37957299	1610613248
21562251	32833
15869247	134219784
1058883	1610613248
73386051	33281
15978435	4295000065
79813563	137216
56672511	537919492
24729675	1610613248
24232983	37376
19158171	4311744513
396303	1610612992
12705711	8392705
40676307	1085440
34363167	67141633
63210831	1610613248
47679	524294
54253851	4362108928
66614775	16809985
65419215	1090535424
78254799	67141633
55984659	1610612992
8735091	1610613248
23525367	1610612992
44647575	1610612992
60158103	4311744513
50606259	2147520512
12431607	671092736
67253379	3221229568
19935123	1610613248
18900267	2147520512
4492635	2147520512
3974883	1610613248
17632779	1610613248
31004583	561152
3032043	1610612992
30910947	2147520512
4789095	137216
37074075	8523776
47556447	3221229568
26865159	36865
40447239	65570
17347983	37376
79434159	671092736
77198883	2147520512
12184071	671088768
45413187	4311744513
73565223	1140883456
13839711	1610613248
16880127	2147520512
41013591	1610613248
52695735	1610612992
53066391	75497473
43049283	67141633
39025527	83886081
54472551	1610613248
81153627	671088768
29959683	36865
64473135	603980032
29398839	3221229568
51286659	1074823168
14636751	4395630592
6454455	528385
22089723	2147487746
47142699	671092736
64669155	4362076161
15913311	83886081
35618343	1610613248
57580359	1107329024
47483871	4362108928
59058447	4362108928
42655299	4362108928
13915851	1610613248
52169883	1610612992
36474999	1074823168
17227455	4130
69623115	4429185028
39087411	32802
1973535	4311744513
78758943	1074270208
66468327	16809985
37731795	17334272
16632267	135266308
52389555	4362108928
35505591	1610613248
15691695	83886081
33357147	1610613248
46775607	671088644
52798443	4129
5506107	1610613248
1042683	268568576
1228983	536871170
44166759	1610613248
32960247	327681
72304215	1610613248
6319347	4161
759183	1610613248
32987139	16809985
27833595	4295000320
25125603	327681
5718651	5368741888
78998703	102400
10199247	1610613248
2504895	1610612992
39237747	196610
13700391	1073778688
75720795	2147811328
57048351	16781313
80048787	4362108928
32519931	67141696
3574743	268472320
60058311	1073745921
40771887	37376
60120519	4311744513
25882143	2621504
35843523	1610613248
77909091	32833
31545987	4311744513
137751	67141633
33215883	83886081
23899911	671088768
80794311	1610612740
53561463	671088644
16470915	135266308
18897999	4329570304
26608875	1610613248
15235179	2148012032
52170207	1610613248
76544403	16809985
66921279	671088768
21249915	2625536
33828243	150994948
78441099	16809986
12175971	671088768
44523807	1610613248
31711875	671088768
53793447	16912384
26004291	1073778688
41847891	37376
71826315	53248
74466267	2147520512
76913763	2147487760
53870883	671088768
17279295	16809985
22187571	1610613248
6184239	70
724839	1073778688
13411383	2148012032
47183199	671088768
16444023	135266308
63311595	1610613248
43434195	671088768
57820443	3221225474
34046295	2147520512
21351003	1610613248
50004591	4362108928
76421283	1610613248
23881767	1174405120
78942975	4295000065
67469487	1073762304
16396071	4099
76514919	1085440
59083071	1610612992
24776655	1610613248
46477203	1610612992
1506975	67141633
69217467	83886081
6293103	1073745921
36162015	4130
45562551	2147520512
77959959	4362076161
40974387	1107300352
28364307	4130
36081987	2147520512
60030771	1610613248
5557623	16780288
55787667	1610613248
79420551	3254779904
74538843	671088768
11499783	1074823168
22459407	327696
19927023	671088644
62729691	36865
54682827	4362076161
71502315	4311744513
40307919	67141633
49421715	1073778688
40271307	4362076161
67725447	1146880
50397279	4294967810
60822951	1073778688
1863375	40961
27022299	150995072
1921695	4362108928
57354855	671088768
51853983	4362108928
41054415	83918848
7980171	201326593
111507	67141633
30948855	1085440
74087835	4295004160
64312107	1073746432
32978715	1073774656
32370567	134218753
80437911	16814080
61615455	32833
64767327	4362108928
17492811	1081345
13794999	671088768
5903979	1085440
9771	1030
62714139	2147520512
74876775	1085440
70336563	2147520512
49010883	36865
68862687	1074823168
5193771	1610612992
66976683	2147520512
78420363	2147520512
1695219	2147520512
43587771	671092736
34601307	17301568
56962491	3221356544
66414867	1610612992
73827987	671088768
78862623	2147520512
31052859	67108929
30886971	83886081
57916995	1073778688
13931079	671088644
440367	671088644
19342851	1073746176
38790951	1610613248
69545679	1081348
34187883	83918848
45713211	671088768
36861531	32833
64800375	1085440
77287335	5368741888
13748991	1081348
45222351	671092736
33190935	33591296
2407047	1085440
61772271	4362108928
29800923	1140883456
44618415	83886081
28493907	4429185025
4311843	268568576
13377363	1081348
6486855	1073774593
40536987	4311744513
421575	8425472
20276295	4295004160
66415839	17301568
41949627	2147520512
78546399	36865
55515183	1610612992
49688043	7
155895	9445376
45211011	4328587264
28665627	671088644
810051	24580
2706099	3221229568
54546423	1610613248
2558355	36865
70996227	33587201
20137947	1610613248
22853391	1174405120
78779355	1610613248
22123095	671088644
37187475	67637248
52579419	5435817984
75584715	1610613248
3845931	3221229568
72331755	561152
75352731	65553
35018619	4362108928
27507327	1610613248
12987267	134742017
1328127	67141633
56237379	5435817984
70474911	2147484674
42922275	1073742338
33846063	83886081
53863755	4130
69543411	37376
24684639	557120
5123787	134479876
27069603	1073778688
74969439	671088768
33553167	268568576
42154395	4362108928
45238875	671092736
1747707	2148012032
35211399	1610613248
55742307	1610613248
41616555	1610613248
47073687	4296048640
65839443	1610613248
18809547	4362076161
5707635	2148012032
53329479	671088768
59848035	671088644
49074063	4130
64322799	557088
44564307	1610613248
44606427	671088768
14858367	1090523136
4741467	32778
13913907	1610613248
12594579	1074823168
69537255	671088768
59860671	2181070848
12946119	4362108928
27815451	4295000320
49203987	557120
69330543	142610432
31712199	4362076161
74380731	36868
50692443	24580
14072991	134217733
5463663	2147483682
60254655	4295000576
69144567	4295004160
36625659	1081348
42772587	671092736
70750959	83886081
13145703	1610612992
73844187	1610612992
42383463	292
70318743	1073872900
73287555	1073774593
39699447	4362108928
68890227	4311744513
61825407	24580
44184579	1085440
71954943	1610612992
50042499	1610612992
41319771	4295000065
4509159	1610613248
61129131	2147520512
55913055	1081345
11439195	2147618816
691791	2147520512
17693691	671088768
21535359	1090519041
77673543	8392736
41890659	276826112
21709995	1081348
65941503	36865
50541135	2147483682
79386207	1610612992
30322239	3221229568
58361523	16912384
49359507	671088768
24396927	1610613248
166911	1610613248
31957791	4295004160
64055175	5435817984
20711751	1115136
72382623	1074008064
78395415	536904192
38566743	2147487745
75391611	1073766400
23573643	201326593
36695319	1085440
59991567	561152
72657051	4362108928
63044295	1081348
22838487	1610613248
22890651	1610612992
4135911	2147520512
52078515	671088768
45519459	36865
64350987	1073778688
59337087	16843776
65646339	1073774593
293595	1610612992
29519367	35
5934759	2147618816
49321923	671088768
29033043	4099
22546239	1610613248
48386859	2147520512
14842815	1610613248
18145995	150994945
40312455	1081345
13949871	16781314
18650463	1610612992
44972547	671088768
18287907	5435817984
58934679	1610612992
14019855	1140883456
27073167	671088644
36386871	671092736
81136779	1081348
71489679	1074823168
39240663	196610
78184167	4311744513
49308315	671088768
79742607	4362076161
45707703	1610613248
27952503	1610613248
26527551	1073774593
38502591	2147520512
53750679	2148073472
57813639	671088768
76595595	671092736
37658895	4362108928
20697495	1610613248
53866023	2625536
40588503	1074823168
49455087	4329046016
74957775	36865
15017127	262401
66152103	1610613248
20902587	70
27652155	36865
66963723	2147520512
21132951	2147520512
50538543	67125249
962007	4362076161
53068659	2148012032
50410239	1610613248
62004255	4362108928
57320835	671088768
21542163	32802
39769755	2147487746
74725791	1610612992
2096979	1610612992
28564863	1610612992
41727687	4295000065
80819907	83918848
51351459	2147520512
3729291	518
46521591	671088768
12219063	1073775104
26315979	1073778688
78467019	36865
20013531	4099
2973723	1073776640
11295015	671088644
2336415	1081348
34432503	671088768
52284579	67141633
46907475	2147745808
61540287	1074823168
5474031	57344
28959171	37376
34468791	1610612992
13567227	4362108928
54214323	101711872
197367	17152
29232303	2147520512
34917531	36865
78531171	8392705
29399811	1081345
2525307	2147647488
25782675	1610613248
1316139	1610612992
74922459	1081348
81161403	1073778688
36434823	4328587264
9410307	67141633
53100087	134742017
36159099	4311744513
17351223	2147520512
40832799	16912384
66946227	67108870
25817343	1610613248
81746871	1610613248
39769431	4295000065
76164675	1081345
3380019	1610612992
11848731	1610613248
80533815	1610613248
7645479	1610613248
52597563	1140883456
53539431	2147520512
44269143	36865
58801839	2147524608
80214675	1610612992
1287627	134221825
5155215	1610612992
6124947	4099
29924367	327696
46364775	4328554496
70999467	1073766400
60441279	1610613248
942891	1085440
17490219	83886081
23295003	24577
3210567	2147520512
19893003	2147520512
69309483	1610613248
42765459	2147520512
62439711	2147520512
67702767	1610613248
58284411	1610613248
56546151	671088768
73627755	1081348
24115047	36865
69902403	1610613248
1117203	1610612992
50826903	37120
36585807	67141633
71620251	67141633
60498303	671088768
28287843	36865
31760151	561152
39746751	1085440
25088991	2147520512
79763343	1610612992
70972251	1081348
41687187	561152
67808391	37376
1267215	553650176
27455487	4226
34037223	1610612992
56467743	135299072
6206595	4362076161
64301091	4161
1456755	4296048640
43489599	28672
68408439	1610613248
2204223	4864
12979491	36865
22511247	536875520
42728199	1610613248
47403843	2147520512
23286903	150995072
32239671	1610613248
71519487	53248
35903787	561152
74447151	4864
3040791	1085440
81661659	1610613248
46689099	3221229568
37691619	1073746176
81284847	4102
28618647	32833
27511215	1085440
63494979	53248
46371579	20481
78588843	32833
65013891	2147520512
5318835	8421380
16695771	67141633
31933815	65554
53025891	67633153
31434855	1610613248
58831647	37120
76164351	1085440
54587571	67141633
33466983	8425472
6840987	2148012032
27613275	1610613248
52737855	1610612992
61763199	1085440
13311591	201326593
68745399	4311744513
2761179	83886081
6548415	1085440
61730475	32833
59721999	4362076161
81533679	1610613248
75338475	1085440
60559215	4362108928
16678599	1610612992
39425667	1610613248
6865611	1610613248
47281695	327682
81076839	67141633
73378599	4311744513
21842835	150994945
52456299	671092736
54593727	536870918
5264079	1610613248
62985003	671088768
33441387	131138
61784583	37120
22859547	1085440
68651115	1107296257
39034923	1610613248
470823	3221229568
68198163	2156003328
21566139	2147520512
16786815	201326593
42450531	2164264960
10746159	4295000320
78829251	5435817984
51078651	1610613248
63000555	36865
54095415	1081348
79569267	4311744513
60197955	4328554496
47535711	4130
11322231	2147520512
78951723	3221356544
63872763	1610613248
41220951	1610613248
45224619	1085440
49351731	1081345
57911163	1056772
33316647	518
21308883	1610612992
63391299	37376
36929571	1610613248
27556251	67141633
28890159	524298
65186583	5435817984
53512863	1610613248
46345983	4328554496
63630411	36865
50790291	4295000320
63436659	1073746176
32360523	1610613248
48515163	4311744513
54420711	5435817984
41850807	1610613248
46990095	2147516418
2845743	36865
34911375	4311744513
13064379	1610613248
67686243	1610612992
38685003	1610613248
22890975	1610613248
50887167	4311744513
66552243	83886081
19548915	671088768
14534367	671088644
24510003	1610613248
30665031	16809985
26070063	1610613248
10049559	16809985
73563603	16809986
79069011	1073745921
48539787	37120
81656475	1610612992
57658443	1074823168
14529507	1610613248
2683095	137216
534003	2180
8359575	561152
51115911	1610613248
47230503	2147520512
55035663	1610613248
75529311	1073746176
76191	150994945
8946663	1610612992
80220507	1610612992
18746367	1074823168
76194159	16843776
68423343	4311744513
64210371	537919492
11835771	1610612992
43835955	2147487760
20855931	4362076161
51166455	16908304
50508087	5369757696
1650507	1610612992
18430143	150994945
53545587	1610613248
15557235	1610612992
5267967	4311744513
47240871	32833
28638735	4311744513
43513251	16814080
17822319	2134016
42395451	167936
69998955	37120
47613795	2147491844
10113711	134222336
30989031	672137216
73912227	2147483666
20519619	2147520512
69770859	5435817984
12697935	2181070848
31156539	1081348
77890299	2164326400
27901635	1610613248
77285391	2147520512
34276335	1610613248
32446059	524608
72586743	1073774593
74562495	1610613248
64520763	1610612992
10141251	1610613248
42598275	83886081
74905935	1610613248
3728967	561152
32897067	518
73142403	167936
26409615	671092736
25058535	83918848
38957811	4362108928
36788307	73730
29245911	1048610
28202955	20512
46980699	16781313
5566371	2147520512
81182463	1085440
1901283	1610613248
8663163	2147520512
78860355	1610613248
1329423	2147647488
1204035	1085440
2522715	4311744513
44990043	4311744513
44373471	167936
41197947	1610613248
14456283	2180
18693231	1610612992
13636887	2148012032
76618275	17301568
81718035	1610612992
62371347	36865
11808555	2148012032
60197631	4295004160
28104783	83918848
42555507	24580
29596155	1081348
43243035	537133057
10051503	1610613248
20129523	1081345
14940339	2147520512
74984019	102400
58565319	536903936
40034787	1085440
29405967	671088768
12326631	16809985
71260611	671088644
31233003	1610613248
33672399	1610613248
1100679	1610612992
51330399	1073746176
43482795	671088768
70283103	671088768
6829647	2101250
29718951	4362076161
10754583	8437760
72998223	2164264960
75408459	4311744513
42697095	671088768
9704499	2147520512
26114127	24580
40514307	1610613248
60851139	201326593
7642887	2147553280
75525099	1610612992
23208819	134254592
71144295	1074270208
26697003	67141633
49213059	33619970
61641375	4311744513
41959347	16809985
55896531	1610613248
31402131	1090535424
49643979	36865
3297723	528386
48073875	4362108928
19209363	1074823168
54615111	2147553280
39806691	28672
35345211	671092736
48470451	536907776
64830831	671088641
44500803	1610613248
31816203	37376
1302855	1610613248
67496055	1140883456
47188059	1081345
14162091	536871170
69803583	1074823168
21581043	557120
69713187	83918848
51331371	1073762304
56271723	671088768
31319187	1073762304
41996283	4311744513
40653951	67108929
52825011	8425472
32619075	1610613248
70709811	671088768
63795327	4362108928
23386695	1610613248
19398255	1074823168
24936387	8392736
40336107	4362076161
25092879	1610613248
53549799	671088768
12427719	671092736
33760851	5368713216
60519039	1048582
79649943	164096
35990295	671088644
11441463	6146
46252347	1081345
24798687	4362108928
4373079	1610613248
10919823	17301568
76230123	2134016
53884167	35
71787759	67141633
13208883	1610613248
47636799	4362076161
27038175	24580
1046247	16402
43973655	671088768
65299659	322
74048631	1610613248
74073903	5435817984
65905539	5368741888
8564343	167936
6701343	16809985
5790579	2164264960
77407215	1610613248
3274719	17301568
67779555	269516800
49018983	67141633
3572151	1610613248
9431043	1085440
49099011	32802
23623863	671088644
58322319	1610613248
23455383	4362076161
45318903	1610613248
66188715	150994945
23286579	671088768
66909939	70
40657191	671092736
604959	4295524352
64051611	36865
68039079	8425472
78048087	150995072
25693899	53248
23711667	5435817984
70476855	37376
20680971	2147520512
49652403	1610613248
4141419	1610613248
25778463	1610613248
18533823	262150
41239743	16781313
32285355	1610613248
56608035	57344
54307311	671092736
80087019	2147520512
74313339	32833
64031523	2147520512
58608087	1085440
4271343	1610613248
74652891	1082138624
53187891	1610613248
23207523	4362076161
75456411	4362108928
78202959	1081348
60547227	1140850689
78428787	3221229568
54841911	1085440
81497715	524353
6725319	4362108928
27004479	671088644
55468527	2147487746
5161371	1610612992
71852883	167936
28369491	1082368
3718599	67141633
2637411	671088896
51862083	1107329024
25008963	83886081
17184039	36866
80793015	4362108928
76565463	1610613248
49007643	67112962
10927599	6442451008
36401127	4295000065
50417367	3221229568
32025183	1074823168
547611	1610612992
21456627	2147520512
3669027	1610613248
56296671	4311744513
1777515	1081345
38743323	1610613248
20256855	2147520512
34139931	1073774593
23583363	35
40118703	1073778688
76884603	2147520512
15784359	1081345
18993903	1610613248
131271	134250497
53080323	1073778688
3010011	1610613248
44108439	1610612992
47791995	524360
9613779	1081348
35946879	1085440
70038807	1610612992
13648227	32834
37866255	1073778688
52023111	1610613248
12096267	2147520512
80780379	1073778688
15335943	150994945
2398947	278529
36926007	16809985
8069595	1073741860
39655707	4362076161
62613699	4362076161
26092095	276828160
28649751	1073778688
35024127	8392736
45194487	4362076161
14691507	134217864
67543035	1610613248
2947479	528386
39224463	671088641
42363051	4099
30544827	16781313
1917159	83886081
74912091	790528
29456835	2147500036
7900143	1610612992
24704727	134250497
56363415	2101312
50822691	36865
50931879	134217888
21668847	150994945
76314687	1085440
20530311	4311744513
72290607	671088768
37248387	2147487746
42281403	49153
61463499	1610613248
41982999	1610613248
63838419	67141633
51955719	67108869
33584919	4294971393
15991395	1107296320
63135339	1610613248
17360295	1081360
32023239	16781313
27118203	671092736
76530471	1610612992
51427923	1073778688
12906267	671088644
59406099	1074823168
46900023	67141633
70143135	4311744513
28014387	2147520512
39512175	671088768
1244859	1610613248
41867007	4295000065
60432531	1610612992
7253763	2147487760
2651667	1081345
40465059	1081348
47851611	67403776
12944175	67141633
38227839	1610613248
35122623	37120
4239591	4295000065
43066131	83886081
65500215	671088768
17370987	83886081
41886123	36865
6064683	671092736
54913515	67141633
61590183	101711872
56174847	67112961
23777763	2147520512
30723027	671092736
74631507	4362108928
1196259	2621504
66390243	1085440
12509043	5435817984
33306603	83886081
11076963	4395630592
70514115	1073778688
33186723	4362108928
11930055	1085440
42013455	67141633
1773627	49664
71827935	16781313
5251443	4362108928
79248183	16912384
42434655	1610612992
57022431	6442451008
70008027	1610613248
13795323	135170
43179855	36866
23427843	671092736
67742619	537919492
16938123	1610613248
26335743	1081348
31755939	4311744513
3616863	2147520512
61418463	4362108928
40820811	290
16823427	518
5806131	83886081
80301183	36865
53305179	37376
21998031	150994945
76553151	1610613248
31973019	68190208
52258659	1610613248
57816555	3221356544
59178003	1610613248
68846811	1610612992
46715991	67108929
49667955	1073778688
64678551	2148012032
17011995	2147549216
78840267	37120
59355231	4295491648
49909659	1073774593
56636871	1610613248
15477855	16814080
5207055	1049604
1392279	1082134528
67099155	1074790404
64170843	4362108928
62896875	86016
56116851	1074270208
10888395	536871170
21314067	1610613248
46203423	2621441
9218499	557120
38792571	1081348
66752799	1610613248
55933791	671088644
21362667	16809985
39066027	2147487746
41419563	3221356544
1987143	4362108928
66773859	536870918
10172031	524548
74879367	1610612740
2768631	2147487760
69673335	1085440
65148027	1081408
43167867	134217734
31620507	75497473
78039015	2134016
50193483	1081348
26139075	1140854784
75848775	5368713216
39720507	32834
78933255	2147520512
10465251	2147520512
10145139	1073742400
24231039	36880
20845887	134217793
35207835	37376
53824551	2147520512
22201827	36865
49364043	67141633
20880555	17334272
36426723	16777250
36858615	1610613248
34774971	671092736
56350455	6442455040
44722419	1610613248
38657139	561152
17131875	83886081
64044159	4395630592
37381875	196610
43504503	36865
48798015	16809985
47757975	671088768
20275647	36865
43503207	2818572288
31812315	12304
31532379	4295004160
15809631	83886081
57454971	1610613248
73411971	1610613248
19520079	1610613248
27704319	1610613248
73831875	1073778688
74220675	1610613248
59594019	1140883456
65668047	4311744513
47496183	1610613248
19420611	33591296
67023987	16809985
13382871	1073745921
31009119	1610613248
15574407	150994945
80249343	1081345
58958979	1073778688
147471	4311744513
12385923	671092736
13561719	69648
80495907	2147520512
47111595	135266308
37654359	1073778688
10582863	518
61593423	150995072
36606543	1610613248
7741383	4295004160
80343627	1073778688
10080987	67112961
67089759	671088768
75060159	1610613248
44981619	3221229568
23518563	201326593
55437099	1610613248
60480159	2181070848
31602363	2147487746
41137359	1610613248
13118487	1081348
60996615	1610613248
38551839	67141634
21750171	1610613248
46875399	4295491648
66465411	1073778688
76041231	1610613248
65278275	4362076161
46322979	134217733
34257219	36928
351267	1085440
56647239	524354
69145215	1610613248
41918847	1081348
32225739	4295000065
73791699	1610613248
74961339	3221229568
73930371	671088768
4193907	2147487745
23546103	4362076161
13621335	2147520512
59602767	1085440
24266355	1073745921
41605539	4295000065
40019883	1610613248
73470939	2147520512
26684367	1610612992
30315435	4311744513
2082723	1610613248
63657627	2147487760
35667591	2147520512
545343	1610612992
42443727	1610613248
34624311	16809985
46414347	3221356544
23804979	553648384
49166727	1085440
32438283	8392736
30507891	83886081
59808507	1140854784
42548379	671088768
79265355	36865
61702287	2147520512
46223835	1074266176
20700087	2164264960
15351171	134283265
47248647	671088768
51155439	671088768
54383775	67141633
40870707	1085440
31391115	800
31415415	800
18132387	268568576
68806311	17301568
78749547	2147520512
71797803	2147487745
50944191	671092736
36904623	671088768
34416951	4311744513
39105555	1610613248
16853883	671089152
34303875	67133440
78110295	671088644
29044383	2147520512
56234139	25198592
79190511	1610613248
66499107	1610613248
12851511	327696
5230707	1610613248
1553955	536903684
61717839	4101
65821623	67141633
29519691	196610
52408995	2147487748
69226863	67
40609239	36865
42533799	671088768
59435583	671088768
46511547	1610613248
63288591	2147487746
40340643	671088768
35321559	150994945
70873107	4362108928
69476019	1085440
74322411	37120
45240819	36865
38592339	67112962
45646791	1074270208
77039799	16912384
10224195	1610613248
72582855	2147487746
7823679	1610613248
9693483	671088896
64751775	36865
66245091	37120
53135079	1610613248
4515315	4429185028
67818759	4311744513
57249231	671350784
20508927	1073745921
40902135	147458
29358663	2147483968
31074567	1074823168
56697135	2134016
79208979	4362108928
55683015	1074823168
43122183	2147520512
31086879	1081348
35768355	134221825
28365603	1081345
54465423	4329570304
41809335	32802
67798671	134479873
12514227	57344
80309931	4362108928
36602655	83886081
12160419	4311744513
44126907	36866
57063579	671088644
10385871	1081348
28424895	36880
71355219	1610613248
16417779	1610613248
68487171	671088641
46928535	2147520512
11989023	4295000320
78638739	67112962
20199507	1081348
46191759	1610613248
73219515	36865
4754751	4329570304
51487863	1081348
3926931	4295000320
502575	1610613248
62934459	24580
8487231	4311744513
43604619	135266308
1603851	4429185025
63053367	1610613248
21810435	1610613248
57221691	671088768
57810723	4362076224
19495455	37376
68315775	1610613248
23569431	1610613248
30006663	135266308
14259615	1140883456
31219395	671088768
15881559	83886081
81281931	1073774593
71234043	36865
80994867	1081348
57302691	1085440
49049115	1140850689
54864591	1085440
22291899	201326593
7998639	1081345
408939	1610613248
36032091	37376
29177223	1610613248
68472591	1081348
72862143	1085440
80252583	671092736
72005487	1610612992
8634327	67109889
66110631	67145728
62855403	1074823168
42187443	1085440
5587431	4295000065
54220803	1610613248
179223	36865
63602547	134217858
50594271	36865
35276199	67141633
70832607	1610613248
15470403	4311744513
7910187	36896
40348095	67141633
77204391	36865
56869503	1610613248
24395307	67158016
25981935	17334272
56339439	1073774593
20381919	4362108928
16912203	16912384
27925287	2147520512
1116555	1610612992
16459899	4295000320
12551811	1074823168
4991595	36880
21145587	16809985
30510807	83886081
25563003	671088641
65519007	1140883456
18067911	1610612740
57598827	1610612992
50403435	1610613248
3874443	1085440
53641491	135266308
24633123	4295000065
1324563	57344
12248871	17301568
26644839	37120
15788895	3221487616
54955635	2147487745
54191319	1610613248
4889211	2147520512
80548719	25088
81635415	671088644
71615715	1610613248
7727451	67141633
72242655	671088768
72896163	1085440
3462639	1085440
8368323	1085440
713823	2147520512
160755	1610612992
1733451	83886081
28818555	4395630592
46715667	671088768
592971	2147484674
23142075	3221356544
41804475	1610613248
6644319	67141633
15980055	4311744513
37252275	1610612992
63200787	1140883456
22519347	1074823168
32279847	1610612992
52193535	1074266176
31412175	800
31286463	24580
28087935	4354
70165815	1610613248
77501823	37376
28360743	2147520512
22359291	2147618816
69663939	37120
75633963	67141696
44068911	1610613248
29884191	32834
22314579	4311744513
64661703	2147553280
34232595	1081348
33867447	2148012032
41415999	1073741889
1189455	524328
638331	36865
32458371	1090519041
28002723	36865
34083879	1090519041
58746111	1610613248
54967947	4311744513
5736471	561152
12861555	671088644
21546699	1085440
68763867	1610613248
71953647	1081348
67793487	1610612992
32659899	4362076161
12708627	671088644
33820143	37376
37849731	1610613248
6515691	16809985
23421039	1107329024
61745055	1610613248
76933851	67141633
9021183	1610613248
32357607	134221825
17766267	1073774593
77526771	536875264
69472779	4362108928
71004327	1610613248
61966023	67108929
77491779	671088644
33399267	1081348
68711379	2147520512
19021443	150994945
22611039	134217733
34457451	2147487746
52297539	1610613248
23306667	4311744513
15432819	83886081
24349299	36865
54352671	196610
39932727	32802
27085803	671092736
11523759	36865
69988263	1610613248
13678035	2147516417
41017803	57344
73405167	671088644
25104867	36865
13411707	1107329024
69096291	1610613248
49436619	2147520512
14012079	671088768
12578055	8421377
68397423	36866
58695	167936
13210179	4311744513
70531935	1082134528
22342443	1107296257
35668887	4362076161
38742027	36865
38201919	2147488256
67601031	83886081
62215179	1073778688
69517491	16809985
21245379	2129921
52046115	32773
31806807	2148012032
11594715	4362108928
29605227	1610613248
39950871	3221487616
22645707	83886081
56346567	1074823168
33994779	1610613248
36654495	1048582
17230047	4362108928
74571891	1610613248
2302395	36865
43561851	75497473
8522871	1074823168
14100207	4295000320
64959783	2155872272
30911595	2147487746
6586647	2147520512
59582679	36896
39546843	2147520512
57143607	1140883456
18775851	1074823168
79122471	67145728
1309011	671088896
23908659	67141633
6690651	1610613248
8387439	16842754
50606907	671088644
74640255	1610612992
49508547	4295000128
75607719	4311744513
13506639	201326593
29424759	67108929
15806067	83886081
30965055	1610612992
71376279	2147520512
18927159	1610612992
44078307	671088768
49841295	2181042176
1524147	4099
54631959	671088768
24885195	2164264960
19019823	150994945
67381035	4295004160
23650107	135299072
49751547	1074823168
78806247	53248
31344459	135299072
4973451	1081345
51034263	1610613248
42082143	67141633
44372499	1073746432
44512143	671088768
50948079	17301568
39132447	1073778688
32514099	3221258240
33835047	4354
38914719	1610613248
26362635	37376
1763583	4362076161
64619259	1610613248
73757031	2181038081
50972055	1610612992
8978415	524384
21310179	1081345
76365555	36865
288087	1081348
46704327	1085440
43685619	4362108928
57154623	67141633
27009015	1082134528
37636215	1081348
58279875	16781313
27795363	524353
81006855	1081348
58024563	32802
1758399	4311744513
11906727	150994945
75166431	8392705
776355	1074823168
40916715	4295004160
36849543	4130
65718915	1610612992
69214551	1073745922
39203727	196610
69407655	2147487746
24641223	1085440
51510219	1074270208
7349991	4311744513
203199	1081345
52113831	16826368
54541563	17334272
56728239	3221229568
79282203	1085440
7736523	4362108928
5533647	553648129
69719991	1610612992
13345935	1610613248
50277723	37376
432267	70
37859775	671088768
42456039	83886081
48786027	67141696
62209671	2148012032
46829715	671092736
1604175	4295000128
36360303	2147520512
23445339	2147520512
1485591	2147520512
7566099	1610613248
31787367	17301568
80802735	2147520512
81079107	150994945
33976311	150994945
34532943	67141633
510675	17334272
21228207	1140850689
34146411	16781313
1277907	1081348
47319279	16810240
65687487	4362108928
4788123	4362076161
49304427	1073778688
4020567	2147553280
70879587	33591296
75492375	4294971393
9123	134250497
24139023	671088644
50947107	1610612992
77380323	37376
80916783	671088644
23630991	3221225474
5628579	134479873
53613627	2147484674
31648695	3221356544
20963175	1085440
45492567	1610613248
51534519	1610613248
21206823	150994945
66205239	83886081
43270251	671088768
48854067	16809985
21057783	134221825
32252307	1610613248
22921755	671088641
49165107	4362108928
73232475	1073876992
51251019	1074270208
72157767	1048610
8051127	1610613248
47340987	16809985
80556495	4362076161
70700739	536907776
14345475	524322
37329387	134217860
19133223	2147484674
29508675	1082134528
31857351	2147487746
73041315	4296048640
21218163	1140883456
35520819	4311744513
77737047	2684358656
24769203	16781313
2705451	1085440
53233575	134217860
48689151	25169920
45307563	1610613248
79117611	67141633
24750411	32773
6146979	1610612992
67505775	4295163904
61514367	33591296
39542955	2147520512
3840423	1610613248
34007091	2147520512
34727343	75497473
55809375	1610613248
53328507	16809985
18656619	8425472
20887035	8392705
46850451	7
7790631	36866
57099219	2147520512
40251219	671088768
73647519	1610613248
68742159	36865
77763291	32833
59563239	4362108928
1311603	1610613248
16034163	4295000065
76063263	37376
72834927	1610613248
24829143	36866
3855327	200
79077759	2147487745
74085567	1610612992
80942055	1610613248
12012351	1081348
60467847	1085440
37965723	20512
20522535	33751040
33385335	65793
30642027	4295000065
62838555	327681
76498395	8388642
66515307	1081348
20974515	16809985
36887127	2181070848
32873091	1610612992
31397595	800
43444239	4130
7412199	4362108928
63356307	8425472
34825515	196610
37366971	196610
28046139	83886081
22482735	67665920
72889683	4362108928
78466047	1073778688
74653215	16814080
54787803	2147491844
2547015	4295000320
25945647	4395630592
21740775	1610613248
11111307	2147520512
57226875	4295002112
57835671	1074270208
6611271	1610612992
26885895	1610613248
37469031	5435817984
5864775	671092736
21573267	2147487746
62432259	65793
53228067	2147520512
67595847	4362108928
37283379	1610613248
51215055	1073778688
81703455	8421377
74041179	2147487746
67534611	2155905024
78491643	42
20990067	1610613248
32437635	1085440
34250739	4295000065
52721655	5368741888
69438435	2134016
1096467	2684358656
40281027	1073811456
61465767	671088644
2276799	36865
9464091	8425472
940947	1085440
21407703	83886081
2936787	70
31402455	800
39758415	327681
60064143	1610613248
31082019	553648384
74612067	36865
56345271	2147520512
70650519	2147487745
24586143	1085440
63604491	32840
64528215	16778241
11897331	4311777280
69291663	1073778688
45087243	1610613248
53157111	83886081
32909379	537919492
39640155	5435817984
44410407	1073745921
77229339	1081345
30306039	1091043328
78640359	1073762304
60277011	1610613248
58091955	83886081
13172919	83918848
41354439	1073778688
77028135	1610612992
28971807	1610613248
73165731	3221225488
58516395	1610613248
53992383	201326593
43088811	671088641
12212259	17301568
13158663	40961
19673655	524354
66592743	4362108928
25530603	16912384
52095687	16814080
63375747	4311777280
63970611	1610613248
33202923	36865
20344659	1610613248
77363151	5435817984
36898143	134221825
20202747	1610613248
76606287	1610613248
39087087	2214592514
37273335	4311744513
62672343	671088768
21619275	7516192768
47149179	1082130944
55631175	4311744513
57291027	134283265
67606863	1610613248
36996315	37120
12093675	3221225474
34999503	2147520512
31324371	36896
59086635	4362108928
29018463	75497473
42734679	671088768
2214267	135299072
22216731	16781824
8583459	4362076161
34287999	1610613248
25364067	1610613248
48119883	6146
2421951	1610613248
1403619	1073778688
725487	1610613248
52276155	528386
25310283	671088641
78114831	2147778560
6671211	528385
59623827	3221229568
890403	4328554496
5127675	2147520512
43907559	2164264960
20257179	2147553280
71241495	2147487745
76845723	2147749888
926691	1610613248
6962487	4295294976
1118499	83886081
36682359	1085440
58748379	671088768
52778355	536875520
32287947	4311744513
67267311	1610613248
71427147	67145728
55594563	8198
47052303	16809985
42292095	1610613248
36362571	69648
37860747	1610613248
78418743	37376
11153103	1073873408
33160155	1085440
28209759	83886081
74521347	2134016
23625483	201326593
20937579	37376
63695859	67108929
44761947	17301568
26539539	32833
81389823	36865
49092855	557120
11875947	134254592
4083423	1085440
1479759	1610613248
747843	1610612992
30163479	36865
13018695	4362108928
23338095	67
37739247	100663298
74832387	2148012032
45182823	536907776
36449727	1081348
5044083	67141633
39700419	1610613248
43310427	2147520512
47371119	36865
5880003	327696
76403463	561152
70954107	4295000065
137103	134250497
25805679	1610612992
10898439	8425472
28062987	1085440
66760575	83886081
19582935	4311744513
3091659	1610613248
71985399	2147508224
67441947	671088644
49948863	3221356544
35000799	4362108928
25899639	528385
53890971	1081346
1927203	553648384
15484011	83886081
62905299	1081345
2409315	671088644
6356283	75497473
76836651	16814080
66546735	1090519041
67325307	4294971393
6120411	1610613248
1972563	135184
28034799	1081348
7475055	1085440
47296275	5435817984
37572063	17334272
28842855	135266308
4288839	4311744513
14344827	67108873
58227711	671088644
35745999	16797696
79943163	36865
15917199	83886081
65941179	557120
80922615	32834
35116791	1146880
31232031	2147520512
14894331	1610613248
7275147	16912384
50990523	4162
46323627	2147520512
49159923	1140883456
43201887	671088768
67027551	33558529
34164555	1140850689
6716895	1610613248
34373211	36865
34464903	57344
62767923	3221229568
62091735	36865
21944571	1081348
15121131	1610613248
6052695	3221291008
71264499	2147520512
40357815	1081348
50482167	67112961
32403291	1081345
22257231	1085440
49860411	671088768
44522511	2147487745
1941783	67108929
77255907	1081348
78790371	1610613248
25450575	4362108928
78466695	32833
38392431	671088644
23005347	2147520512
76443315	4311744513
18811491	671092736
39652467	4296048640
32397459	1081345
73214331	37120
68855559	16809985
28033503	561152
34681335	36865
60407259	4294971393
38539851	3221229568
42506907	24580
12385599	671088768
31837587	4311744513
4697403	1610613248
12426099	671088768
65687163	1610612992
71867787	2148007938
21271299	1074282496
24267327	1073745921
17618199	1081345
8950551	1048612
5396595	1610612992
47360103	53248
66257727	150994945
21772203	1610613248
75547131	1073778688
17900403	1610613248
28551255	2147487746
33312111	671088768
63938859	1174405120
73494591	36865
49596675	17301568
57989247	2147520512
62474379	36865
4911	83886081
6575307	4362108928
59409987	33536
69548271	4362108928
31710903	2147520512
44843595	150994945
9942639	1082134528
36805803	1081348
5731935	36865
53621403	24580
53931795	4362076161
42851643	4362076161
70709487	671088768
39446403	16781313
80250639	36865
17251431	1610613248
48428331	69648
23009883	1081348
21118695	57344
13094835	4106
52414503	4295000128
77785323	2147520512
67931835	53248
43611099	37120
46565007	67145728
36460743	37376
73354299	671088768
50815239	67141633
32496927	524293
14039619	671088768
10311675	1073745921
75267843	1610613248
20987475	671088644
51527391	1610613248
174363	4362108928
64386303	1610613248
3096195	67141664
30857811	2147487746
16544463	2147488000
55871583	1610613248
37513419	1610613248
1101975	8421440
129651	4362076161
58704963	1085440
70728603	2147520512
51697815	37376
9093759	6509559808
4849359	167936
4354287	134250497
68355627	16912384
70715967	536903684
77352135	1610612992
37703283	1610613248
2652315	1610613248
5624367	557568
43757223	671088768
66655275	167936
78512703	2147520512
52508787	5435817984
35638107	671088641
29065767	1610613248
448143	134283265
21418071	1610612992
40673715	16777221
55648671	1610613248
72285747	1140883456
1327155	1081345
63977739	1610613248
59927091	1610613248
7422243	1610612992
51866295	8392705
65213475	2147488256
25007667	2147520512
5802567	67141633
54702267	2148012032
62981763	1074823168
45550887	1140850689
3729939	2147487760
23682507	1085440
18489435	2147487745
40221735	53248
26213919	537133057
48881607	1610612992
60184671	327681
57270291	671088644
5806779	1610613248
34960623	36865
76548615	2147487760
80387367	2147520512
14237259	2214592528
15740943	83886081
45242115	1081348
75989715	1073745984
66373395	32833
8036547	2147553280
34201167	16781314
55981419	36866
12408279	1074823168
27031371	150995072
11577543	4362108928
41753931	102400
65227083	536903936
14024067	2180
42054279	4362108928
28702563	671088644
1551363	589826
49638795	4362076161
21726843	1073766400
28487427	1115136
12576111	1073778688
81664899	1610612992
68853291	1610612992
39071859	671088768
2237919	557057
55541427	16814080
45595923	671092736
64049343	3221229568
63064707	1610613248
74773095	2147520512
19816863	2147520512
80469339	2147520512
28964355	83886081
22600023	201326593
73412943	1610612992
20959287	1081348
38867739	1090519041
51192375	4102
42218547	1073774593
49072119	4099
21147207	16809985
60634059	1610613248
2067495	4362108928
35276523	1140883456
48984315	4295000065
25356939	1073745921
34674855	1081348
68046531	8392705
58105239	37120
15886743	83886081
33091791	2147565568
1521879	538972160
59502975	53248
30501087	1610612992
24335367	1140883456
62748483	1073778688
18833199	150994945
38606595	1085440
3169095	1073778688
5752347	1074823168
38780907	37376
77806707	1610613248
73569111	1610613248
80997783	1610612992
48370983	671088768
25145367	1081348
34376775	4362076161
25975131	4328554496
47289795	1610613248
27451599	4311744513
5882919	6442455040
78936495	4295000065
34310679	327696
46828095	671088768
49343307	84410368
224259	1064964
52028943	2147520512
3166827	167936
47624487	671088644
39862419	16781313
69720963	1610613248
24909171	1610612992
78294651	37376
79813887	5368713216
64556727	17301568
4584327	67141633
65071239	1610612992
80444715	1610613248
6063387	1610613248
12266691	40961
43671039	36865
49784271	1085440
14173755	1085440
79524879	4395630592
49155063	524354
2686335	4362108928
57319539	671088768
35722671	67108898
56365035	16912384
25877283	32802
26995731	1073745921
19832739	4311744513
80077947	2147520512
7693755	557120
66071751	2147520512
67833015	671088768
60020727	1073766400
17297115	40961
65891283	1610612992
76903719	2147520512
6575631	1610613248
70885095	1610613248
79998243	1610613248
41449371	1074823168
31617591	1610613248
20714019	536871172
3232599	83918848
25307043	1610613248
26071035	75497473
47005323	1610613248
58516071	536870918
56600583	2147487746
46598379	36865
21668199	150994945
149415	1081348
81188295	67141664
67154883	1610613248
749139	2148012032
43814571	2147487746
33116415	1610613248
51210843	100696064
38406039	2147520512
77834571	36865
30659847	671088768
47406435	1610613248
77068635	1073778688
67327575	2147520512
77620083	1610613248
24281259	2147487746
46849155	69648
49443423	1085440
61101591	671088768
57571935	1610613248
4781967	36865
79367091	1073750272
69790299	1610612992
51231255	1610613248
20481387	16814080
3600663	167936
46831659	83886081
41287371	37376
3269859	528386
45038319	671088768
31707339	2147520512
40391835	1081345
38028255	1610613248
5418627	5368709632
37956651	16809985
19028247	150994945
38457231	1074823168
48942519	16814080
42380547	16777250
42945927	1610613248
66057495	4295000320
6508239	1610613248
1371867	528386
68538363	1610613248
36634731	1073774594
43779903	1073774593
78866511	36865
76719039	1610613248
941919	83918848
81536271	671088896
70375767	36866
3549471	1610612992
62922471	2147520512
26507463	1610613248
5138691	57344
51425331	5402263552
9774483	4294971393
4810479	1081345
33300771	1610612992
47372415	2147520512
44415591	201326593
72786003	1081348
42852939	4295000320
50346411	2147520512
15863739	57344
20248107	16797696
25183275	137216
28340007	4311744513
55467231	67141633
71200995	16777250
53909439	67178496
45288123	671088768
74949027	1610613248
12201891	134218753
48044391	1610612992
24293247	1140883456
31256331	67112961
53542671	671088768
7469871	557120
58823871	2148012032
9231135	2148073472
71627703	1610613248
38128047	1085440
8057931	1140883456
58425675	1073778688
43223595	69634
46180095	528416
26724543	671088644
51432459	2147520512
36742947	1610612992
73616091	2147487746
38813631	37376
20989419	16809985
39537447	671088768
80010231	8425472
40025067	36865
2770251	83886081
23566191	6442451008
52776411	83918848
28205871	20512
33045135	1074823168
81530439	36865
42037755	1610613248
53731239	671088768
56324535	2147520512
78141723	2147520512
71121939	32833
54325131	17301506
47364315	1610613248
26552175	1610613248
43719963	671092736
45144915	2180
456243	1610613248
58489503	4311744513
44112651	67141633
66266475	1610613248
64268367	1081348
16240551	83886081
1060827	17334272
12030819	3221229568
113451	2147520512
29016519	671092736
63532239	1610613248
189591	327681
59634843	2147487745
78591111	311296
51203391	1073746176
56172579	1073762304
37630707	1073746176
1581171	4295524352
3102675	2147524608
16977975	67145728
37914207	4362108928
12893955	671088641
56006367	4362108928
7547631	1610613248
5648019	2147487760
18910311	1107329024
28417767	2148012032
56944995	1085440
40220439	37376
17829123	16809985
12377823	1085440
11203323	1074823168
68346555	4311744513
44919735	36865
19813623	1081345
317571	1610612992
29549499	83886081
51392607	2147520512
36642183	4311744513
45695067	4311744513
51261711	4362076161
10497975	1081345
70267551	2147520512
5317863	32773
30785235	16781313
40874271	36865
20639175	4102
52302723	17858560
54566511	67112961
79759779	1085440
1502439	1610612992
37970907	67141633
1927851	40961
9680199	4311744513
62524275	1085440
32533539	561152
52591083	1610613248
27308715	134218753
18305727	5402263552
76010451	2172649472
16476423	135266308
67550163	36865
47634855	1610612992
955851	2147487746
44424015	1073778688
13774587	4362108928
4730127	8425472
38108607	3221229568
16141083	1610613248
66632919	16809985
28914459	67141633
70252323	671088641
54141423	1073778688
29468175	4295004160
71898243	1610613248
74698899	671088644
3674535	1610612992
74686263	1610613248
21152067	2164293632
33369135	1207959680
44199159	671092736
59500707	36865
12034383	1610613248
6380259	1610613248
25617759	150994945
5788635	16777221
12932511	1610613248
59546391	17301568
66515631	1073778688
71786139	196610
61468035	1610613248
28206195	32833
79577691	2147520512
35545767	1140854784
4208811	4162
28669839	1610613248
73594383	1610613248
33436203	671092736
36474351	8421380
75081867	1081348
3850791	1610613248
54267135	1074823168
65008707	2147483682
15307107	83886081
48385887	1610613248
59661735	537919492
9918987	2147520512
74812623	67141633
38350311	1610612740
63313215	100696064
28146579	557312
71454363	36865
64408659	37120
61301499	1085440
33130347	1610613248
36810339	671092736
60606843	2181070848
12373287	671088768
38042511	1085440
647079	4312268800
64451751	37120
53767527	4311744513
2833431	4102
24526527	1610613248
67603623	2147487760
18003759	67141633
37640103	36865
59418735	671088768
68115219	1610613248
2080131	16809985
68492679	1610613248
9318615	53248
31681743	1610613248
38720643	36866
23276859	57344
3373539	2164260896
38998311	37120
44529315	671088644
2147199	1085440
48354135	1081348
47892759	101187584
74667471	1081345
10152267	1085440
34768167	2147520512
19014963	150994945
64589775	1610613248
20824827	1610612992
4115175	1610612992
51254907	4311744513
21561279	537919492
51134703	4395630592
9912183	2147520512
31709607	137216
42393831	4429185028
46338207	671088768
64657167	2148012032
46945383	1610613248
35376639	324
76050303	1082163200
65276979	17301568
77008047	2147520512
26254095	8421377
74936715	2147520512
35203947	3221229568
20425983	1610613248
62895579	4362108928
39810903	671088768
32769087	518
19408947	1610612992
8471031	1610612992
61168983	2147520512
18599919	2147520512
27308067	201326593
14018559	4295004160
34071	1610613248
77787591	5435817984
32719515	2625536
15393615	1081348
55535595	268472320
54000159	83886081
70379655	1610613248
63574035	4362108928
16550619	4161
64630275	3221229568
12636375	67
71592063	1610612992
66372099	150994945
68521191	1610613248
4703235	36865
18690315	2147487745
51013851	1610613248
8990403	2129921
55418307	3221229568
53459727	671088644
49024491	4295004160
62354823	68157444
24223587	67665920
35499759	1085440
517479	133122
72135087	167936
39607755	1610612992
20811867	67112961
344787	33344
38889447	36865
78880767	1085440
23919351	1073778688
16453095	135266308
23826687	8421632
5041815	1610613248
68678979	36866
28394115	671088768
42232155	2147520512
80096091	3221229568
57461775	201326593
46251051	1140883456
70489815	100696064
48064155	57344
59465067	1610613248
41688159	671088768
21438807	525056
584547	4429185088
48437079	1073745921
36169467	671088768
7319211	1074823168
78026379	1085440
32138259	1610613248
48911415	1610613248
17455875	4329046016
44129175	37120
39139575	53248
12500619	67141633
22264683	1073778688
60270531	32833
59410635	671088768
27636927	134250497
4275231	1212416
20947947	2147520512
72141891	1610613248
32986815	1081348
20464215	16814080
2440419	2147520512
23799471	1085440
25955043	1610612992
31388847	800
26376891	16809985
76120287	3221229568
68463519	134217733
27006423	671088644
3727347	561152
23489079	4311744513
20144103	4362076161
6033903	1610612992
31957467	2148008448
33813663	3221229568
67663239	4295000320
69645795	671092736
20708187	1610613248
67164279	327696
19607883	4362076161
13211799	2147483682
46250403	561152
49098039	4295004160
608199	33587712
2197419	1082134528
64945527	2147520512
46897431	8425472
76185411	67371009
59562591	2148012032
25060155	1610612992
32380935	1610612992
74384619	561152
57489639	1610613248
36580623	1610612992
40551891	4294971393
15575703	83886081
16426203	135266308
41711163	1610612992
57063255	4362108928
76585551	16814080
80235735	536871170
37863663	671088644
52780947	5368713216
71502639	4395630592
55414095	53248
11800131	1610613248
14852535	45056
51388719	32802
5492499	134254592
70703331	671088768
22391367	3288334336
31404075	800
1019031	37120
44170323	2164264960
46465539	1073762304
53230983	1610612992
19031811	150994945
77816751	32833
14274519	1610613248
6972207	67141633
38212611	16781313
64662675	5368741888
77846883	1610613248
42360135	2147487760
27782403	17301568
21109299	1610613248
1866615	2147520512
63092895	83918848
22492455	67112961
50963955	4362108928
9810771	2147520512
27578931	65553
24503523	1073762304
20141835	1140883456
5441307	1610613248
30559407	134225921
52968867	1610613248
71031867	67141696
42300195	5435817984
78924507	67141633
69499023	37120
1254579	671092736
52065879	536875520
17490543	1610612992
62354499	1610613248
16141407	16814080
12493167	536875264
32925903	2147520512
32928171	67141633
3052455	134222336
33187695	1073766400
11244795	201326593
33769923	561152
14500347	2148012032
51812187	528386
40487091	1074823168
10543659	1610613248
63265911	4395630592
1903875	2147520512
30873687	671092736
66074991	1610613248
47010183	1610613248
73959207	1081856
24915975	57344
53866671	528386
58714359	16809985
60864099	2147520512
20765535	1073746176
84615	134250497
25804707	2147618816
55571883	671088768
16920303	1085440
41689131	67141633
46984911	671088768
72951567	16809985
51378675	1610613248
22230339	671092736
4176735	1610613248
41788923	1073746432
26657799	1073745921
54337767	1081348
1234167	2147618816
14634159	671088644
68620659	83918848
2897583	150994945
5655795	1081348
48277347	1073774593
29093631	4311744513
3660279	137216
55304907	1610613248
41309403	1081348
31515531	1107296320
59776755	134254592
43320147	36865
52807515	1140883456
2711283	2147487760
75734403	2147520512
7658115	1610613248
72577671	1610613248
65310027	36865
24214191	1610613248
27816423	4295000320
7294587	4311744513
9297555	4362108928
38883939	4311744513
5299395	1081345
38981139	36865
52438803	1149239296
46952511	2147487746
55715739	1610613248
54819555	1081348
28097979	36865
77375463	135299072
53166183	4362076161
40448535	1610613248
76689231	1073778688
34888047	150994945
31385931	36865
64973715	37120
40425207	671092736
23655939	671088644
38906943	1073778688
66172515	4362076161
56594103	2147487746
64704471	36865
6912915	4362108928
15102015	83886081
65707575	2147520512
80485539	2147487745
50608851	1610613248
67367751	36865
79126035	2147487745
50094987	1081348
28023135	201326593
50051571	4311744513
3809319	2147618816
60998235	1610613248
43670715	5368713216
63442815	17301568
3414039	1610613248
36553731	4362108928
51178119	36880
54954987	37120
9854187	8425472
19051899	536903936
37934295	4429185025
61464147	4328554496
73673763	671088644
63513447	1081348
42120375	32833
4252227	67141633
16875591	134217733
26910519	1085440
64080123	57344
60061551	1610613248
27870855	1610613248
64345803	4362076162
26743659	8425472
19058055	16809985
3215751	1610613248
11074047	1074823168
30235407	2147553280
67590663	4362108928
51792423	67141633
43374903	2215116800
58643079	1140854784
30696783	2147520512
1385799	2129921
69453339	536871172
62996991	4130
39729903	4311744513
10709223	2148012032
14854803	1610613248
36609459	1610613248
10611375	1610613248
70019367	1081345
58088391	4162
78519507	2147520512
21467319	53248
30340059	1610612992
81630555	5435817984
67179507	16809986
1305771	32833
5538831	1610613248
21024087	16809985
23994843	671088768
79840779	671088641
11570739	5368709121
69201915	4130
70352763	671088644
19097583	1610613248
32780751	32834
77900343	1610613248
56099355	1081345
53502495	2147520512
18482307	671088768
15138303	135299072
54796551	1610613248
7380123	4311744513
70555911	671088768
21930963	327681
66290451	37120
77367687	83918848
29266323	67133440
54952395	4130
56525091	1073762304
72801879	36865
31751727	4362108928
68787843	2147516418
3926283	1085440
15393939	1085440
36903327	671088644
2494527	2129921
62435823	2147488000
8564019	137216
2189967	32836
24663255	1610613248
15931779	83886081
9020211	16777222
15921087	83886081
40387947	37376
36008115	1610613248
5590347	1073746176
51153495	5368713216
52382103	8437760
62691135	1074270208
65912343	1610613248
52659771	1610613248
9744999	1610612992
51233199	201326593
52648431	65793
40505883	4295004160
57113475	36866
37196223	1610613248
19650651	36866
13342047	800
62892015	1610613248
615651	1085440
127707	67141633
8791467	4311744513
36438063	1085440
5804187	1081348
37886991	1081348
28379535	2147520512
33037359	1085440
177603	1610612992
10473027	150994945
23291115	16912384
62319507	1610613248
35588535	671092736
247587	134283265
68237367	1610612992
71445939	1085440
5802891	671088644
66097995	135184
43725471	1081348
36443247	8392736
5797059	83886081
72500235	671088768
11750883	1610613248
43126395	3221356544
26384343	1610613248
43999251	1610613248
38086251	16779520
26049975	1115136
35071431	2147487746
18925215	150994945
27948291	201326593
11238315	1085440
79968435	4295000065
75733755	2147520512
59612487	8392706
28867803	5368713216
77206659	33587208
3887079	4295004160
36094299	16809985
35040003	135266308
56314815	2134016
66937803	134217762
2819499	1610612992
12809067	1610613248
63456099	1610613248
29677803	2147520512
32441199	134217857
21967575	1610613248
25675755	1610612992
48666471	3221229568
18496239	2147520512
22473015	67112961
30237027	2147520512
37736007	1610612992
1424679	4362108928
59874927	134742024
52418067	1082163200
12824295	1610612992
13135983	1610612992
3213483	671088768
35865879	1081348
52057779	1610613248
13125291	83886081
66641667	135169
33125487	36866
75856227	1610612992
833055	1081348
35085363	2164264960
10429287	1085440
9990915	36865
34027827	4295000065
76922187	4328554496
33034767	2147520512
81701835	2147520512
37967019	1074823168
75144723	1085440
26466639	327696
25719819	1610613248
68821539	2147487760
12665211	1030
6235107	2147487746
77642763	16781313
16750203	4311744513
2686983	4395630592
1306095	100696064
76108299	2147516417
78973755	5368713216
13809255	4362108928
1519287	2147483666
51727623	2625536
28382775	36865
27157407	1085440
24201879	1073778688
71292039	1610613248
48829119	1085440
79599723	1610612992
50573535	2147520512
23109999	4362108928
38121567	17301568
75704595	150994945
8060199	327696
43108575	1140883456
1546503	45056
32472627	1073774593
57089823	5435817984
54375027	33591296
20228019	1610613248
62530755	2147520512
58794711	2147520512
33252819	1610613248
8523519	16777284
45342879	135266308
32819955	671089152
67491519	1082163200
50350947	1074266176
40684407	1610613248
11157639	150995072
16737891	32834
60616239	16777281
56946291	1073778688
7074591	67141664
21439455	5368741888
68957943	134254592
18330675	67141633
62882295	2147520512
56258439	268568576
58081263	134217733
47113863	1610612992
36472731	16781313
61306359	1610613248
15172647	2147520512
59463771	5402263552
64009167	1074823168
34479159	36865
75683535	5368713216
29910759	67633153
1523499	2625536
47827959	37376
66463467	671088768
42773883	2097409
55644459	16809985
12163335	32802
24671355	2134016
1981311	150994945
45027951	67112961
13335567	83918848
27828087	4295000320
67418295	1048582
22499259	1610613248
47303079	67141633
38061303	671088768
34222875	4295000065
6021591	2147520512
59322831	1610613248
71644227	4311744513
74187951	2147520512
27975183	561152
32053371	1610612992
38720967	4295000065
9449835	1085440
63181023	671088644
44554587	671088768
72897459	1074823168
23104167	1073745921
19086567	671088768
70396827	4362108928
65628843	1610613248
31813611	671088768
43785411	36866
21557391	67141633
45012399	1610613248
27837483	2147487746
38013027	4311744513
188295	67141696
50163351	4295000065
35840283	1610612992
6927171	1085440
63132423	2147487760
121875	67141633
47281047	36865
3285411	2147520512
9596931	36865
59145279	2147520512
39510555	2147520512
68336835	32833
24369063	66564
70434411	2147487746
27181383	537919492
31415091	4311744513
1812183	1610612992
3571503	1085440
62935431	4311744513
54428487	98
41911071	53248
74911767	2147520512
50828847	2147745796
6353691	1610613248
42243495	671088768
49428195	196610
76053543	536903936
59038035	36865
5702775	4362076161
32642403	1610612740
66460551	4362076162
23702595	4362076161
75505335	37120
36339	1085440
68319015	8392705
81537891	36865
48668415	16779520
64745619	671088641
59327043	3221229568
47136867	5435817984
28249611	1610613248
78833463	1610613248
18492351	1073745921
52662039	167936
55247235	671088644
343815	327696
47452767	36865
91419	134250497
24364527	1610613248
23932311	1610613248
9659463	1610612992
19344147	1074823168
50960391	4362108928
7165311	24578
32763579	671088768
40898571	1610613248
59836371	36865
61385415	2148012032
58507647	1074823168
2530167	1140850752
21370443	671088768
36720267	4362108928
46611339	16814080
21071715	671088644
5946747	2147618816
25111023	201326593
42134307	671088768
73623867	5368741888
62594583	1085440
33504567	4311744513
4532163	1610612992
33220419	1610613248
40977303	4311744513
40744347	36865
51956367	8392705
61664703	3221229568
56838075	5368741888
54563595	1610612992
23297595	36866
38191227	4311744513
76762779	800
68805015	2147549185
62678499	2147487760
43072611	671088768
6813447	2625536
11188743	36865
33050319	33028
64252167	1610613248
846987	134217857
38846355	201326600
65209263	24640
67069995	4362108928
31395003	800
69270927	671088768
44282751	20481
14609535	16777281
17393667	2147520512
74489595	1610612992
49241895	1610613248
37353039	196610
4350399	4295004160
2593995	1610612992
35858103	1073774593
7338327	1610613248
39601275	4295000065
67835931	2147553280
38560263	1610613248
25644975	1610613248
37219875	1081348
58035579	1610613248
64488363	24608
60765927	1085440
65322015	1610613248
64117707	83886081
42557451	1085440
13403283	1140850689
28757967	1090519041
7852191	4161
7896255	1610613248
75337179	557568
78983151	671088768
56140827	1610613248
6608031	1610613248
72099123	1610612992
26997675	1074823168
33787419	134218753
6154107	4362092544
16162791	1610613248
59123571	1074823168
16567791	2148012032
5610759	1610613248
38380767	1610613248
17526831	16908290
537243	327681
25549071	1610612992
29865075	1610613248
63071187	2147745794
14677251	1610613248
43678815	4311744513
57290379	1073778688
75344955	2147520512
77754543	2147811328
5024967	1074069504
16453419	135266308
21273567	4311744513
39845895	16842754
3640839	67141633
57653583	2147487745
19601079	1610613248
27128571	1074266176
40443027	1610613248
24106299	67141633
14043183	671088768
58594803	1610613248
12848271	2148012032
49983207	2147520512
44489787	32833
6299583	36865
71327031	36865
26186703	1085440
46469103	36866
23262927	4295004160
70984239	1073778688
2898231	57344
12291315	36865
58888671	1081348
55496067	1610613248
46193379	1073778688
59904411	1610613248
77929179	1610613248
52825659	1610613248
52980207	36865
54463479	1073778688
46674519	2164264960
4554519	4311744513
44745099	4295000066
19158495	1107329024
69345771	4295000320
55750731	1085440
49322247	67108869
38695371	1610613248
36324663	671092736
16829907	3288334336
18544515	1073745921
49804359	67112961
2917671	1610613248
60907515	268568576
68042967	1610613248
4168635	1146880
4059771	1610612992
63826107	1140883456
13242903	1610612992
23109351	327681
61944639	1610613248
36558915	2147581952
203523	2147487746
74389803	1140850689
1157703	1610613248
69817515	36865
78143019	1085440
33364599	1085440
52446255	1073774593
75601563	36865
61215963	16809985
43732275	4303355905
17011023	1146880
28999671	35
61428507	4362108928
58563699	1610613248
6297639	2147520512
27577311	201326593
75392259	1610612992
50558307	16656
8275011	2147487746
32884431	1085440
37029687	1610613248
29352831	671088768
53160675	4099
63249387	2147487776
47387643	1081345
36041163	1610612992
73686723	2147495936
57934167	5402263552
11724315	1610613248
2023431	134221952
4369839	1610612992
2252823	2147520512
78810135	1074823168
35271339	1610612992
36893283	2148007938
30733719	671088768
31551171	4362108928
1681935	2155876352
44917143	1610613248
73862331	1073778688
64990887	83886081
15466191	83886081
66187743	3221229568
15681651	1610613248
25111347	5435817984
36081015	2147647488
76398279	37120
38131611	671088641
39025203	1610613248
27303531	1073778688
62243043	1610613248
24659691	1610613248
2835375	518
43892655	2164293632
27112047	537919492
68432415	53248
70884123	4162
23610579	2147487746
31829487	671088641
63237075	67108929
55591647	1048610
63371535	561152
1330395	2147487746
7739115	2818572288
43119591	201326593
50154279	4295000065
35966643	4311744513
29807079	36865
57367167	2147487746
26482515	671088768
33524331	4362076161
71465703	4296048640
50695683	67113024
31905951	36865
10421835	1610613248
65759415	1610613248
53626911	671088768
29586435	5368709121
57819471	1073758209
75095799	2147520512
42109683	671088768
12101775	525056
34465551	16814080
40652655	1610613248
30071139	557120
55678803	57344
1504059	3221229568
52037691	4362108928
32439255	2134016
77248455	1085440
73207203	4311744513
65183343	4311744513
60425403	16809985
81320487	561152
22895187	2147520512
33775431	57344
7859967	1610613248
36153267	2147520512
231387	268502016
27070575	4311744513
1460319	4296048640
58840395	1610613248
74875479	1081348
73950135	1073778688
80795283	2181070848
31431291	83886081
25830951	524354
23767719	1610613248
44367315	57344
15140571	4294971393
23228583	16777282
49994223	1610613248
22193727	671088644
31293267	327681
27786615	1074823168
29915619	589826
46200507	671088768
31142931	4311744513
41697555	1074823168
38616963	49154
27606147	8392705
44301867	36865
46841055	671088768
33424539	4328554496
47356863	671088768
19855419	16779520
78606663	1073775104
76550559	1074790404
9723939	1048610
53700135	1610613248
51585711	4362108928
69210015	3221225488
30328071	134283265
40465383	1090535424
67086843	4362108928
2661063	4362108928
71563551	331776
56192343	16418
56320323	344064
43101447	1081348
2466987	4395630592
64344183	37120
36414087	150994945
1906143	2147483744
66442731	4362076161
79667115	3221229568
48532335	1081348
36667131	1610612992
1395843	134250497
884895	83886081
78138159	68190208
22335315	2147520512
44560419	1081345
75037803	1074823168
42704547	4295000065
71037051	4640
70784655	4311744513
61277847	2147520512
924747	134254592
43518759	4294971393
31798383	6442455040
61639431	1610612992
38019507	1610613248
54525039	1610613248
38360679	1174405120
41227755	32833
34417275	1073778688
64414815	2147520512
50496099	1073762304
21840243	16809985
49533819	1610613248
72246543	4311744513
80976075	671088768
31571583	4378853376
11731767	36865
1948263	4362076224
15820647	1082134528
59482563	4362076161
8167767	16912384
2755671	4130
33799083	8392705
28405131	1085440
12259239	1610613248
11137875	16814080
57880059	671088768
24382347	1085440
67729983	142610432
75500475	1081345
37994235	38
41016831	4295000576
74450715	1610613248
31300719	3221229568
57560271	2147520512
47119371	1610613248
23811783	1081348
81686607	135169
4451487	1610613248
20945031	36865
6835155	1610613248
9327039	671088768
39155451	671088644
56027103	53248
26124171	1610613248
42175455	1610613248
60829107	1085440
249855	16844800
10284783	1082134528
1627179	1610613248
18584043	1074823168
56188131	6442451008
65199219	1610613248
543399	2164264960
62167875	2684358656
23229555	1073778688
65017455	671088768
2047407	1610613248
38752719	28672
50714151	1610613248
38724207	1610613248
22545267	1610612992
48654483	671088644
17941227	1081348
23887275	1610613248
1016763	1610613248
53249127	671088768
976911	1610613248
1537107	150994945
55162995	67108929
15945711	2147520512
68663751	2147549185
33789039	671088768
4780671	1610612992
20868243	671088768
78158571	1081345
79435779	5368741888
57407343	2129921
50847639	42
75396795	36865
50150391	1610612992
65192415	1085440
30880815	1610613248
1639815	2147520512
14603379	1610612992
3068655	134221825
1826763	5368741888
67883883	1074823168
74073255	2147487760
27748383	201326593
74006511	102400
49889895	671088768
64587507	671088768
61503999	2147520512
16575567	1610613248
6434691	1085440
1568211	2147520512
66590475	671089152
2045463	2155876352
62694699	8421888
22151931	671088644
32587323	2148012032
76948431	2147520512
25280151	1073766400
24824607	1081348
24409563	1610613248
79400463	53248
40677927	2147520512
54338091	3221258240
16669203	16777732
39204375	150995072
51250371	83886081
47187411	1610613248
14734599	67141633
16774179	1082134528
27754215	16781313
76035723	16418
29837211	4311744513
2617323	57344
66234723	4295000065
67826859	671088768
17231019	1073778688
19020147	4311744513
55558599	1073745921
23615115	134283265
46470075	1058
34453887	561152
65308083	17301568
75737319	1081345
51420147	671092736
1090959	135299072
51058239	67141633
16179963	4106
15724419	4311744513
14969823	671092736
6458343	4311777280
59179299	16781313
21998679	1610613248
55283199	1081348
35573631	1610612992
24749763	134217794
17518083	5402263552
40563555	36865
66675039	150994945
39280839	36865
13987455	2147483682
31506459	57344
79199259	69633
1201767	1610613248
76418043	1610612992
67132851	671088768
45280995	1610613248
50746227	671088644
7923471	671088768
25807623	1610613248
31285491	196610
13117839	135299072
39791787	2181070848
3098139	16809985
34133775	8392736
43734867	4161
12407955	2147487746
61862667	671088768
45016611	2147520512
81160755	1073778688
1898367	36866
42736299	1610613248
61515663	524548
65637267	102400
11816979	3221749760
10449051	2147520512
41670987	1610613248
19021767	150994945
40777071	2148012032
50621163	135266308
14702523	1081345
2557383	2148012032
55538835	1610613248
69286155	1073758212
2642595	83886081
36025611	1085440
38155911	1074270208
6928143	327696
30017355	1081348
33008523	134283265
50432919	3221229568
27234843	83886081
78909279	67141633
33862263	1610613248
64572927	17301568
2350347	67072
15150939	1085440
53001915	1610613248
73351059	1610613248
79297755	2147487745
46725063	69648
36070323	1140850689
43228779	4130
61959543	2147520512
51089667	1073746432
55466583	331776
5798355	67072
60349911	1081348
15792459	83886081
71307591	2147520512
33166959	5435817984
7644507	2147520512
17579319	16781313
47455035	671088768
22184007	671088644
60254331	1081348
41844003	1610612992
25677051	150994945
6210483	134225921
76604991	67112962
81460779	36865
78762183	1081348
17943819	1610612992
57282279	1081348
74205447	36865
39912963	2147520512
68315451	134219784
12177267	671088768
53197611	4295000128
62266047	135299072
50968491	671088896
15438975	83886081
24327591	4102
224907	2147520512
9403827	8421377
43613367	1107296257
8690055	36865
2032503	1085440
12486687	671088644
23544807	65793
13319367	4294967361
39382251	1610612992
8441223	2147520512
66991911	16812032
1705587	2147483682
30371163	4328554496
812319	4362108928
36786687	135299072
59472843	4362108928
4920315	2147553280
63874383	36868
47127147	2147647488
78564867	2147520512
20753871	2147487745
68168031	4416
55730967	1610613248
29089743	1073774593
58522227	1610613248
65046291	1081348
10066083	2147520512
1050783	4102
70674819	1610613248
9638727	2147520512
71923191	1610613248
47288175	36865
40652979	1074823168
80780055	37376
69788355	1610613248
35720079	4429185025
72873807	36865
65584455	32771
80838699	1610612992
24952911	83918848
37371183	196610
19731003	1081348
54989655	1081348
20267871	1610612992
8078991	3221229568
49215327	1081345
21090831	2148012032
18940767	1085440
74339907	3221356544
25302507	67141633
34349883	4295000065
29045031	134217733
78486783	671088768
69852183	4429185025
38478939	1085440
52518507	37120
56289543	24577
32182323	2147520512
32602227	37376
30874983	1085440
63006711	36865
75016419	671088644
29403051	4429185025
61845171	4328554496
21530175	1610613248
15220599	671088644
12345747	36865
3828435	57344
14041563	671092736
37492035	67158016
14821755	2147520512
25982583	1610613248
43206423	4295000065
54566187	561152
29578983	671088644
57209055	1610613248
78783	1610613248
56552307	2147520512
13198191	1610612992
2905035	1610613248
32883459	3221356544
3445143	134217733
66756363	150994945
75854931	1073742084
54219831	37120
54540591	40961
62853459	36865
53061207	37376
36576087	1610613248
79213839	1610612992
61326447	1610613248
47476743	4311744513
64271283	1610613248
73435299	1085440
9385035	53248
11206239	1085440
44706219	2147520512
8550087	4311744513
30176439	4328554496
17186955	67141696
68499159	1085440
36909807	16809985
2403159	137216
76403139	561152
2455647	135299072
18634911	2147520512
36312351	150995072
48710211	1610612992
59782263	1090535424
35193579	671088768
50979183	200704
78492615	5435817984
76350003	201326593
10173651	2084
65274063	536871169
78745983	16777282
69844083	327696
24050895	2147520512
50778303	83886081
65021991	1074823168
14134875	2148012032
39635619	150995072
55695651	671088768
23119395	83886081
28233735	1610613248
36929247	1081345
31356771	671088644
65182047	2134016
41542035	1610613248
47492943	4362108928
23459271	150994945
28784859	1610612992
38523651	4294971393
14161767	1081856
13155099	16809985
20903883	57344
34051479	17301568
3169419	1085440
13555239	4328554496
44737323	524298
41799939	4099
5638623	1085440
47482251	4295000065
58598043	536875264
24400491	150995072
53679399	1610613248
68102907	1074823168
72330459	4295000065
61422027	67141696
1795011	17334272
39449319	4311744513
38184747	1149239296
305907	8425472
75846507	37120
1756455	671088768
67298739	671088768
54868155	16797696
38130963	1610613248
24917919	1610613248
326643	2147520512
44031651	53248
21403491	20512
3056343	36865
65175	2363392
17878695	4295000320
5734851	2147520512
33895635	4362076161
40644555	671088768
38284863	1073774593
13121403	2148012032
8065707	4294971393
11702283	134254592
15113031	67141633
60987543	4295000065
78273915	4362108928
81203847	671088768
41038215	4311744513
9841227	1610613248
60365463	1085440
80138211	17334272
2851251	167936
42629055	53248
6714951	67108869
60757179	1610613248
852171	1610613248
24490887	561152
68554239	1073778688
46646007	33591296
50986959	1610613248
40791975	134742020
11558751	1085440
11009571	1610613248
34024263	327696
59137503	1074823168
35323503	672137216
656151	1085440
60618507	4362108928
3306795	553648256
20616171	2147520512
29693355	83886081
47590791	8421377
30386391	4362108928
52698003	37376
23895699	671088641
6524115	1610612992
62945151	36865
60021051	1085440
46259799	4311744513
72269223	37120
39247791	1610612992
60543987	1074823168
31861563	53248
29297751	4362108928
5927631	4294971393
63546495	1085440
55752999	536872964
46997223	36865
72938283	1140883456
62668779	1610613248
71491947	4311744513
26606931	2147520512
49299	1610612992
34343079	4311744513
71864547	671088644
22094583	2147553280
59157915	4328554496
28854843	67141633
62052207	1610612992
6793035	16809985
50366175	1610612992
79258875	1073778688
78856791	37120
14053875	671088768
59002719	1610613248
73768371	5402263552
21524343	32802
57159483	561152
55848255	134217888
74056407	1610613248
12181803	672137216
67597467	1610613248
62862207	1074823168
30970563	671088768
10836555	67108900
62223927	524356
3454863	1610613248
22604883	1074823168
55291947	4362108928
64374963	1073762304
26883951	327681
67981731	2147520512
78388611	4295000576
62540475	327696
80422683	36865
6707823	67141633
13718859	134250497
42664371	67141633
4956603	2147520512
10041783	4099
41800263	2148012032
76105707	1073746176
50516835	67108929
57052239	36865
11030631	671088768
62786391	67108929
171123	2147520512
58758423	36865
55333095	16814080
80888271	2148536320
26333799	135266308
47671467	671088644
25423359	33344
31128351	134221825
23861031	1342177296
47484519	2147487760
73339071	1073774593
44107467	1081345
58647615	2147524608
49738263	83886081
11448591	40961
22298703	1081348
39055983	4295000065
7260243	1610612992
73204287	36865
54358503	4312268800
47755383	1610612992
57484131	561152
74332455	163856
55289031	36865
38408955	36865
62734227	2147520512
37441815	1610613248
65024907	1610612992
65142519	1610613248
47905071	4311744513
72758463	4362108928
13418511	577
73081491	134217860
58662843	67141634
5165907	67112961
18969603	150994945
42900891	1610613248
52575531	67141633
78223371	1073766400
37370859	196610
47149503	2147520512
12907563	671088644
39949899	17334272
47664663	1610613248
80171583	2148008000
4517583	1610613248
44295711	4362108928
44126583	1610613248
73093155	3221356544
23476767	36866
62977551	4295004160
65867631	1610613248
14084007	4130
47474151	1610613248
79995003	83886081
38056119	4362076161
18421719	4295000320
47931315	135266308
676239	67141633
74593599	1107329024
52142343	4362108928
33757935	1107296257
19038939	150994945
61218555	1610613248
36889719	4311744513
5775999	2148012032
25340415	2147549200
50538219	671088768
47236335	32833
23974107	150995072
33767007	2147520512
14002359	4295000065
31266051	17301568
75338799	5368741888
17317203	671088644
38508423	67141633
75157035	1610613248
19512951	1073745921
48607503	1610613248
53430567	1081345
57141015	4295000320
54799791	65793
65686839	1073762304
4605711	1610613248
77173611	671088768
3966783	67141633
74634423	1610613248
30853599	36865
50932527	4294971393
60594207	167936
38121243	671088768
25313847	67141634
283875	40961
36723831	4295000066
9852567	4294971393
63237399	134217860
53909115	134217738
51410751	1107329024
30136587	671088768
4073055	167936
67991127	671088644
65643747	137216
8047563	38912
64642263	4102
80834811	83918848
6209187	1081348
16065591	7
7149111	1610613248
73156659	1074823168
1722759	1610613248
3691383	1085440
2267727	4311746560
77388423	1081348
38733603	24580
10403691	4362076161
35389599	1081348
69221031	1610613248
29557923	150994945
1310631	1610613248
23423955	1610613248
45660075	3221258240
79849851	1610613248
43369395	671088896
67195059	36865
69793215	2147549200
76292331	67133440
26769255	1073778688
685959	4966055936
2440095	2147553280
63323907	2147487745
110211	67141633
67165251	67
43983375	671088768
41609427	2147520512
62432907	1073778688
811671	1140883456
33608247	4311744513
9738519	1610613248
1271751	1081345
7364247	1085440
58710471	33591296
37525731	4362108928
27792123	1081345
79420875	671088644
55806783	4311744513
56927499	4294967553
67479207	2147520512
1326831	1610613248
76824015	36865
61677339	1081345
59608923	1610613248
74109219	671088768
40049691	528385
53627235	36865
47828607	1610612992
36573495	327681
38608863	135299072
8365407	135299072
29438043	150994945
70638207	16809986
57104403	1610613248
33562563	67141633
55592295	36865
5707311	1074823168
34889667	2147749888
24721575	70
68269119	2147520512
48196995	1610612992
22879311	1146880
73613175	1146880
7348695	36865
36579651	36866
56311575	1610613248
59488395	1073745921
50731971	1610613248
77813187	2147520512
53285415	1107329024
47430411	1610613248
78792315	4311744513
16454391	135266308
32169039	4362076161
75629427	1073774593
63621015	4311744513
51349515	671088644
65234211	1085440
22468803	37376
45452067	4311744513
74683023	1610613248
46553343	2147618816
55926015	1610613248
55723515	1085440
77960607	2147483682
22129899	201326593
10532319	1610613248
528819	1610613248
7703475	36865
26603367	36866
35742435	1081348
60665163	538972160
53281527	1085440
27696867	671088768
56721759	16814080
19075227	4295004160
26793879	1610613248
35710683	5368741888
56841963	671088641
28993191	36865
58916859	16814080
35644263	1610613248
4895367	4295016448
67790571	1082134528
44609991	2147520512
37248063	327681
43938987	1074823168
24860895	671092736
58203087	4295000320
15504747	4295004160
530115	538972160
47004675	1081348
32310303	1610612992
37294395	196610
61368567	2147520512
20235795	73
28307283	4429185028
16194867	67141633
12051879	1610612740
28148847	1610613248
61082151	37120
65922063	1610613248
16350711	4311744513
44544867	1610613248
61937187	36865
1698783	1610613248
123171	67141633
41872839	134254592
18403575	2147520512
1174227	1610613248
77222211	1610613248
48382323	536903684
42625815	1610613248
55903011	1610613248
40848999	1610613248
77293815	1081348
61953387	1610613248
43157499	671088768
22163919	36865
69418995	1610612992
3129567	2147520512
66362379	1074823168
8038491	671092736
56006691	8392705
2837967	33558544
44689695	36865
15628515	1081348
19439079	37376
53489211	1610613248
67922115	524608
74302971	2147495936
16761543	201326593
78662391	4295004160
67579323	360448
5464635	324
40444323	4295000320
37382523	196610
46738347	671088768
34268883	1610612992
54156651	1081348
11778423	150994945
80712663	671088768
77080947	36865
37220847	32833
14683731	4311744513
4037091	4311744513
1711095	70
48559875	8425472
78548343	196610
8330415	1073774593
28356207	137216
22832979	1073778688
4001775	1610613248
21011775	83918848
31729047	1610612992
66489387	1085440
78131031	97
5490555	4311744513
59992863	67112961
26951667	1610613248
23595351	16810240
63986811	1081345
56424327	1610613248
54632607	36865
70515087	2147520512
43764675	1610613248
24397575	1073873408
61570419	8421377
12973659	1610613248
14202267	17334272
19612419	536875520
4487775	1610613248
60603279	1140883456
71808171	1610612992
885867	1081345
4257735	1081348
4619319	17334272
50605287	1610612992
78728487	57344
80704563	20736
56466447	2084
80274291	1610613248
28809807	134217733
36815199	1081348
72670335	3221229568
8286027	1073790976
17844351	1610613248
43710891	4311744513
10667103	137216
36828159	1610613248
71965959	8425472
34840743	671088644
30153435	561152
26530143	57344
76702191	37376
61472571	1610613248
45506175	83886081
72138003	1081345
44909691	2147520512
9900195	4311744513
39727959	2147520512
37280463	1073778688
7504215	1073774593
12657759	671088644
9258675	2147520512
27402351	17301568
38639967	4295000065
25382535	671092736
67515171	67108929
56732451	1610613248
60516447	134250497
1339791	69633
5138043	8425472
291003	2147520512
30281739	4295000065
42842571	327696
56140503	4295491648
47259663	2147520512
32079615	2164260865
31211619	557120
10795407	1610613248
51927531	4295004160
25879875	671088768
66276843	32833
8972583	2147553280
26622807	2147520512
27294135	1085440
33639675	4362108928
13970607	1090519041
42474831	2147553280
77967087	36865
18525399	2147520512
47564871	67141633
1701051	2147520512
23698707	5435817984
6733743	1610613248
79732239	2147553280
58783695	4311744513
40883343	4311744513
80066283	36865
48159735	4395630592
6582111	1073778688
56286627	134217733
36244635	1610613248
73387347	83918848
74425119	196610
64165011	36866
31715115	36865
24482139	5368709121
78663039	36866
40849971	1610612992
62065491	67108929
53021679	1074823168
63350799	4362076161
9882699	2147520512
46347279	4328554496
66503643	2232320
60163611	1074823168
66610239	69648
3522903	167936
50056107	57344
57588459	53248
35865555	67633153
37629411	671088768
80862351	1610613248
42807579	16781313
51212463	5368713216
14736219	2147520512
50084619	1610612992
20358591	528386
34695591	37376
62010411	1610613248
13801803	1085440
778299	32771
71804931	1074823168
70793727	83918848
40803963	4295000065
637683	1090519041
13944363	4311744513
57261219	671088768
45388563	2147520512
67096239	17301568
23399331	1085440
22523883	4311744513
44157363	671088768
54504627	4295004160
45411	1610612992
74141295	1146880
63325527	1085440
61718487	1081345
474711	557568
77402031	2147483654
31259895	134283265
75208227	2156396544
2671755	3221229568
64011759	32774
1821903	1073778688
10891311	1610613248
45264795	2134016
28391199	1610613248
53079999	1082163200
37535451	67108929
34642131	1081348
5316891	1081345
29333067	201326593
52045467	1610613248
67666803	1082134528
2958171	4362108928
34403343	671088644
34032039	1610612992
17202507	2134016
27588327	671092736
68640423	1610613248
12620823	671088768
51222183	4106
38718375	1610612992
63459339	1610613248
28912839	2147520512
74369391	2147520512
3560487	1074823168
11444055	16777281
54464775	4362076161
77482059	603980032
18926835	1610613248
3394923	2147581952
46723443	36880
18790755	4362076161
20374143	201326593
63266235	1610612992
39750963	4295000065
80458647	4311744513
1513131	5435817984
43312371	16809985
66614451	16809985
66251895	4353
80606067	327696
1353399	1610613248
76212627	33591296
17474667	671088768
191859	1610613248
8925603	134217733
42925515	561152
55290975	36865
262167	1610612992
9637755	1610613248
80304423	8425472
1956039	4395630592
33543771	4294971393
38760819	1610613248
63326175	17334272
52495827	2147520512
40893387	1610613248
17796723	67141633
41626923	4311744513
51845883	67112961
56420439	32834
36232971	4099
69269955	671088768
11615451	1074823168
81013659	1610612992
9577491	36865
43252107	1610613248
40605999	4362108928
59342919	1610613248
32854299	4362108928
66958863	16809985
34016487	1610613248
69404739	671088768
45621195	36866
25523151	2147553280
49103223	1174405120
57029883	1610612992
60152271	1085440
43275435	1056772
26619567	671088768
18931047	1074823168
985983	269516800
38286159	16797696
11172543	36865
42079875	32833
78355563	671088644
72232287	1090519041
32743815	299008
26214243	32833
55270887	1081345
53123739	4295000080
78013095	16814080
1338819	2147483682
19830795	150994945
9080151	1610613248
19202235	4362076161
22254639	1610612992
38994747	67141633
59889831	16809985
56830947	53248
40980867	1140883456
76037343	268468480
4766415	1610612992
59982171	16912384
38334435	2147487746
44142135	36928
11595363	16809985
2328963	538968576
62272203	4362108928
9680523	32833
27866967	100663297
54166371	1081348
23284959	150995072
16768347	4311744513
63489471	201326593
43038915	671088768
7898199	1073778688
299427	150994945
39684867	1073766400
51546183	4362076161
71578131	1610613248
10792491	1073745921
29263083	671088768
37731147	1085440
41569899	671088768
63778155	671088768
58958655	24577
42632295	2147520512
56221503	1073778688
48562143	1085440
7358091	83886081
62534643	4362108928
10444191	36896
60248175	1081348
46553019	1074266176
70713699	1610613248
40823727	36865
16856151	36865
54329343	8392736
53265975	1610612740
16218519	67145728
49877907	4362108928
29653503	1610613248
49754787	36865
51838107	49153
38300415	1085440
56044275	32833
73391235	4362076161
2293971	2147520512
2088555	1610613248
44155419	1085440
16467999	135266308
2786451	201326593
56913891	1610612992
55773087	671088768
35565855	36865
29569263	2147549248
57744303	2248146944
19898187	671088896
41117271	1610613248
56515695	1610613248
30407451	800
58807995	2147524608
79735479	671088644
66914151	16809985
22399143	1085440
2839587	2147553280
42809199	671088768
41641827	36865
27999159	2147520512
30631335	1074069504
4701939	1610613248
18473883	83886081
117987	134250497
12193791	1610612992
136131	67141633
1161915	4362108928
12655815	671088644
53279907	8392705
17219031	4362076161
36608811	1610613248
45001707	4362108928
10205727	4099
22622055	83918848
63776211	1610613248
52986363	671088768
31711551	1073778688
42834795	4362076161
38817843	2129984
29238135	4297097216
43927971	1610613248
74308803	4295004160
46331079	1610612992
58611327	1085440
25754163	671088644
14498079	2147520512
19901427	150994945
42352683	67141633
9204567	671088644
40789383	4362108928
2080455	16809992
25008639	524354
24207063	1610613248
24096579	1610613248
79487295	1085440
27237435	201326593
59297883	1073745921
1015467	1610612992
72879963	1073774593
50150067	67141633
290679	1610613248
251799	28672
71753739	1610613248
70581507	2164264960
12406983	2147520512
58688115	3221225488
33402831	83918848
4851627	3221229568
80318031	1081345
75882795	327696
34030743	1610613248
74047659	671088768
35459583	4311744513
77675487	4362076161
81278043	1610612992
65592231	36865
46669659	671088768
13738299	524291
17164599	16809985
78780003	1074823168
81393063	671092736
63737007	1610613248
67898139	1073778688
46607451	134217734
44830311	1085440
41349579	1610613248
43620495	4295004160
27849795	4295000320
3043059	5368709121
74197347	36865
10889043	2147520512
12603651	1245184
3687819	16777984
54996135	37120
61972179	4395630592
19648383	2147487760
75594759	1073766400
36066759	4295000320
11351715	4362108928
76535655	1610613248
46344687	134250497
8033631	67145728
59018271	36866
9044511	1610612992
24504495	1073778688
55477923	524801
42148887	67141633
66103179	4295000320
5693703	4295000065
17862171	2148012032
47780007	33591296
38801319	16912384
43310751	5435817984
52856439	1073778688
24910791	4106
45576159	2147487746
13035867	1610613248
37403907	1610613248
43043775	1610613248
59087607	4362108928
68496891	4311744513
56789475	1073762304
55521663	67141633
70205991	83918848
23261307	16809985
2912163	4311744513
30545799	1610613248
45255399	135170
3407235	1085440
44273355	1610613248
20034591	32834
11556159	1610612992
66460227	37120
40894683	1085440
59798787	4295000065
26162403	671092736
383343	143360
13125615	83886081
34311975	1073774593
6198819	327696
29205087	8392706
24195723	1073774656
54525687	1610613248
52399923	36865
60494091	536907776
29218371	3221229568
81311415	2147618816
30112287	1081345
51377703	4311744513
950991	16779392
9332547	1610612992
54009555	1081348
12177591	2818572288
41424423	1081348
14717103	201326593
77622027	1610613248
28132971	36865
78850311	1073778688
24702135	17301568
80609307	1610612992
62398563	2147491844
8583135	67633216
49959555	671088768
52753083	1073778688
70459035	16809985
80883087	53248
5456211	1610613248
45584259	16814080
3527763	4099
37940451	4295000065
741363	1610613248
17548863	150994945
42060759	1085440
44856879	1610612992
64091787	1610613248
8951523	100696064
58276635	1085440
15501183	83886081
37073103	4295000065
72106575	2147520512
40829883	24592
80357559	1073778688
11660163	1085440
72306159	2147520512
71623815	1140883456
1958307	67141633
39641127	1610613248
58435071	1085440
43037943	4362076161
24498015	1107329024
606255	20512
36032415	150995072
35719431	1610612992
61680579	24580
30284979	537133057
28154679	1081345
72246219	1610613248
36048939	4295000065
11908995	1610613248
66960159	83886081
32552655	1085440
6769059	67141633
12014295	16814080
24062559	134217860
47813055	1610612992
21059079	1074823168
8856267	4311744513
74018499	1140850689
11817627	1610612992
39902271	1081348
30828003	150994945
77409159	83886081
66976359	1610613248
72740319	4395630592
2848659	67108870
79390419	53248
33003987	4311744513
23185167	1085440
3020379	150994945
36029823	67141696
55595859	37376
63811851	1610612992
26915703	134254592
16670823	671088644
69498375	1610613248
47895351	1073778688
4882407	671088644
56550039	671088768
31482483	572522496
602691	1610612992
73356243	2147520512
28924827	1610612992
8223495	150994945
17113083	32834
73152447	134217794
41967447	1074823168
60885483	2147487746
12920847	671088768
57028263	37376
18847131	150994945
48159087	671088768
76925751	1085440
43545651	524384
59790039	1073778688
39471027	5435817984
54774843	1610613248
32154783	4329570304
353859	1049602
20612283	1610613248
69002655	1073746432
71557719	671088644
67353495	1081345
115395	67141633
74629239	4362076161
11257431	1610612992
31491555	671088644
41686539	2147487746
68467731	1610613248
11365323	1610613248
61485855	5435817984
28386663	4295000065
33893367	561152
14787411	2181070848
68343315	1610613248
75620679	671088768
4072407	1610613248
63995235	1074823168
41578323	4295000065
47769639	1610613248
20944707	36865
74267655	33536
17576079	1085440
72593871	37120
12139035	36865
27688443	671088644
41158095	536872964
80978991	1610613248
44277891	2147487745
46399119	4563404800
26014983	16843776
46490487	1610613248
29441607	2147487746
53941191	3221229568
27685851	1610613248
52654587	2164260866
43257291	1140883456
28374351	671092736
94011	67141633
48596163	671092736
36034359	4311744513
21434919	2148012032
41551431	36865
49459623	4130
8659275	5435817984
80588895	1610612992
7246635	1610612992
73467699	4362108928
58967403	1073758209
58421139	1610612992
16895355	1610612992
77823879	1073742084
38351283	1610613248
9684735	100696064
58354395	331776
59861319	57344
31709283	32834
3819363	37376
62655495	32833
265407	136315008
65428611	1610612992
31293591	36865
31303959	37120
37750263	1610613248
29453919	16809985
52557063	4362108928
42518571	1073778688
79663227	3221356544
30009579	36865
709287	70
60419571	1610613248
20104899	536903936
47929695	32833
51635283	528448
57149439	201326593
42478071	67141633
38552811	1081348
48235875	4362600448
22658991	1073778688
85911	1082261504
78180279	2147520512
21157899	16809985
3676479	2147520512
72259827	1610613248
59039331	671088641
9275523	1085440
11275899	4395630592
32775	4311744513
54024783	5368709121
2297859	1074823168
26934171	2147487746
32960895	2147549200
47125527	1074823168
31018191	3221356544
29071599	35
68815059	4102
26625723	1082163200
54822471	2147520512
60837207	4311744513
40577163	4311744513
266703	4362108928
1026159	1610613248
38907591	20512
11711031	1081348
80291463	1074266114
17623383	83886081
12865443	67141633
24166239	2147549185
780567	53248
11659839	1610613248
21730731	16809985
36018483	525314
8442195	1610613248
80123631	67141888
944511	4362108928
32775243	3221229568
21810111	1610613248
56109399	5368713216
19081059	1074823168
48350571	2148007952
40917363	1610612992
31766631	1074823168
41773047	671088768
57797439	1610613248
39327819	1085440
53608767	671088768
24135783	5368709121
37160583	1610612992
4428483	1140854784
9527595	17301568
56285007	671088768
10681035	2148012032
37078935	1074823168
60218367	33591296
49549695	1174405120
63088683	36866
65419863	17301568
48477903	1081345
312711	1081348
6091251	36865
12640587	1610612992
651615	4295004160
5023347	4295000320
12139359	4102
1906791	1610613248
67206075	1073762304
44959263	671088768
55005531	4295004160
47333859	671088768
1040091	17301568
55233303	4362076161
5521659	150994945
36987243	1610613248
12874191	671088768
32975799	4295000065
65521923	1610613248
58331391	1610613248
61466739	1610613248
80732751	1610613248
58479459	1073778688
24357723	1610612992
31359039	2147520512
74605263	1610613248
75601239	36865
63247443	1073778688
1780107	4129
32089335	36865
77873775	1610613248
29774679	1081345
77931447	1073778688
65601303	4395630592
41255943	1610613248
29187591	8425472
48589683	1610613248
15570843	8392705
710907	150994945
27759075	2147520512
69932859	1610613248
15941499	135169
78416799	671088644
73965363	4362076161
10647339	37120
46796991	4362076161
25438911	83886081
11503671	1610613248
57641595	37120
494151	2147487746
52651023	4295004160
17770803	1085440
63870495	1610613248
52580391	17301568
56898987	3221229568
80169639	671088768
29672943	1610613248
72453579	3221229568
53931471	2147549186
79290303	2147520512
12769539	17334272
47324463	2148012032
35388951	32834
63615831	37376
11553567	671088644
4513047	671088644
28580415	561152
15547515	1610613248
81371355	1610613248
1815099	687865856
68852643	1610613248
52886571	671088644
4131375	9445376
8971935	1212416
28085991	1074008064
947427	134217734
66016023	16809985
27997863	1073778688
52086615	327696
2493555	3221229568
15211527	135299072
67299711	1610613248
27822579	16779520
70808955	40964
44097747	201326593
56039091	2147520512
28370787	4311777280
77210871	1073745921
4921935	2147520512
44799531	671088768
15383895	2147520512
50775063	4362076161
7966563	32834
49813431	1610613248
46467159	671088768
6841959	2147488256
2790987	36866
49156035	557120
66578163	1610613248
36307815	1081345
61248687	1090519041
43709271	2147520512
46531959	98320
69664263	2101252
60179163	1610613248
22728327	4311744513
75717879	1073766400
46571163	1610613248
45679191	2147487746
26356155	4311744513
62128995	4311744513
80396439	1610613248
51820611	4311744513
27108807	150994945
44085435	1610613248
5469819	1085440
32845875	1073745921
56302827	2147520512
1049163	1610612992
18411675	1085440
32932059	67141633
79254339	1074823168
46803471	528386
56836131	1074270208
68285643	1610613248
25276911	4362092544
14342559	2147500544
31452351	135266308
67499295	1610613248
60532971	1074823168
19485087	1610613248
12997959	671088768
81419307	1085440
50037639	36928
5733879	1610613248
2550903	2147614722
23313471	672137216
19301379	1074823168
59985735	1073766400
64117059	17301568
9306951	16809985
46932099	1048836
1702347	1073741860
1373487	134217857
7861587	138
65468139	4328554496
54380535	1074823168
29432211	4362108928
48946083	1610613248
3671943	1073774593
39421779	67145728
50039583	2147487746
72768507	16814080
468879	1081348
50685315	1610613248
1631391	553648384
14065215	2147520512
16672119	4294967361
79428651	1085440
24916299	37376
13461927	8421888
14516871	67141633
65550435	524354
145527	2134016
31104375	578
67735167	1073778688
76302699	1073774593
41353467	671088896
28859379	201326593
28744359	5368741888
28502655	2147553280
66388947	36865
48385239	1074823168
79654803	8392720
58296723	4311744513
43515195	57344
66820515	4102
17717019	4311744513
44533527	671088644
67272171	201326593
35709063	671092736
55697595	135299072
71089863	1073774848
81603987	4099
42651735	4311744513
57289083	671088768
38182803	5368713216
49213707	1090519072
5689815	4102
25497231	2147488256
51212787	100663360
65606811	4311744513
34550115	1073811456
47416479	4311744513
37429503	32802
44004759	4362108928
22307775	2148073472
4857783	4311744513
1642407	57344
2734287	671088768
3115311	5435817984
20628807	671088768
55040199	1073745921
77213463	2147495936
73986099	671088644
12016239	4311744513
80205927	57344
74198967	83886081
1507299	135299072
9877515	327696
21125499	1610612992
32851383	1610613248
603339	1048582
36394647	671092736
48314607	671088768
45313071	36866
33170199	671088644
4676991	4295004160
77752599	8392736
69084627	5368741888
29387823	1090523136
59892423	2147520512
2456295	1610613248
38464359	1610613248
47215275	671088768
58067331	2147520512
47600187	2147520512
2828571	16779520
60324963	134283265
39129855	36865
65882211	1081348
15810603	83886081
39175215	135266336
4157295	1610613248
53934063	1073750080
36252735	1081348
38303655	1610613248
50554743	1610613248
10458771	1610613248
71453391	1610613248
63067623	16809985
58160643	5368741888
44215035	134217858
22102359	671092736
25703295	1610613248
80761911	1081345
20540031	3221229568
989223	67112962
14423559	671088768
77415963	8421377
70599975	4226
55857327	1610613248
70382895	1610613248
39552999	2148012032
74728059	4328554496
6410391	1073778688
783483	164864
73467375	57344
80296647	2147520512
74625675	1610613248
52947807	3221229568
55425111	1074823168
13661187	83918848
58961247	2147524608
72628863	1081348
58044975	4362076161
48717339	1085440
70936611	4395630592
53751327	4353
30863643	1610612992
8920743	1081348
49479711	3221356544
43222947	1074790404
9671451	201326593
24847935	1610612992
62172735	67108929
35858427	1081345
72439323	1073778688
4294023	671088896
707667	4295000576
76999947	671088768
43969119	16809985
47020875	671092736
63714651	2147549186
61200087	32833
70929159	1073766400
54519855	2147487760
65513499	2147520512
65279895	32774
64374639	4311744513
30914511	2147520512
66129747	1081345
39695883	1085440
37200435	32802
37347207	196610
77133435	537952256
1701699	4295098384
21670467	150994945
75136299	1610613248
11907375	1073778688
78534735	4295000320
28563	135299072
44773611	134479876
79224855	17039361
62889423	4311744513
27337551	4099
47724279	1610613248
71118699	36865
11881455	83886081
36352203	1081348
26505195	1610613248
58734123	4295004160
35985111	32771
46887711	69634
12730659	36866
6034227	2147520512
54695463	4311744513
78559683	1074823168
61434987	32802
46232583	1174405120
43262151	4362108928
63988107	24580
16846431	4295000065
47176071	2147487746
77405271	4362108928
6070515	1610613248
19965255	83886081
1934979	16912384
20019039	4362076161
17694339	671088768
23976375	671088644
2462451	536872964
72738699	2625536
57540183	1610612992
36952899	4099
22382619	1107329024
33980523	1073745921
73626783	524354
4300827	1074069504
36493467	331776
56695515	1572868
22887087	100663297
69575811	1610613248
5493795	197632
59997723	1610616832
47131359	36865
16861335	1610613248
15129879	4362076161
13814439	53248
44539683	4311744513
63571767	1085440
78846099	1140850689
20176179	4362108928
73483899	57344
1281471	1610613248
33924147	1081348
76800039	4362076161
51729891	4311744513
37078287	4864
43191195	672137216
35073375	4295000065
36289347	1610613248
26535975	36880
42084411	37376
54395439	1610613248
18831903	5368713216
30884703	1073745921
18072123	2147520512
5021079	1610612992
7885239	1610612992
62200599	1073745984
76987959	36865
66020883	1610613248
77387451	16912384
74138703	37376
30341031	70
57877791	3221356544
79698543	1610613248
72682647	3221229568
24043443	36865
334095	1610613248
44192355	70
31334415	2181070848
1027455	83886081
43453959	671088768
22791831	1610612992
79033047	1073778688
18414915	671088768
81306555	1073762304
10693671	16781313
28064283	1610613248
73266495	36865
64989267	671088768
49216299	9453568
13522839	1610612992
18394179	2148012032
31780563	36865
16773207	536903936
16468323	135266308
65148675	67141664
23834139	2147614722
38559291	16809986
2179275	57344
78047439	134217860
44439	4295004160
33944883	4311744513
69503559	32833
12174351	1085440
38237235	134217864
45566439	1081345
11669235	67108929
57240483	1610613248
53764611	135299072
64561911	671088644
68087355	1610613248
32128539	2147520512
49071147	536875264
47284611	16809985
17933451	2147520512
54745359	1610613248
41604567	1081345
47996115	36865
3127299	1115136
2396355	2147483682
34462959	4362108928
65635971	4129
29159079	524354
21520131	32802
4414875	2147487746
65136687	36865
14630271	671088644
5196687	327681
36548223	67145728
45528531	36865
8319075	201326593
12543063	1610613248
50894619	4362076161
75281127	150995072
8691675	4311744513
66647499	4102
55595535	1081345
39006411	36865
30411015	671088768
53096847	1610613248
50225559	4370464768
41738379	17858560
32361171	1081345
33184455	36866
6201735	1610612992
17797047	16814080
36266019	4295000065
10893579	671088768
19628943	1081345
8352447	150994945
15996255	1082163200
47417127	36865
59049051	36865
3719895	4295000065
57790311	1085440
66229863	37120
41334027	16777282
19229127	2164264960
7375587	2147549248
4878843	1610613248
53020059	1140883456
31401483	4311744513
2752755	1610612992
41039835	1610613248
40966935	1610613248
33594963	134225921
15485955	83886081
43346067	4311744513
27677751	17301568
32501463	67141696
13814763	36865
9066543	1610613248
21301107	528386
42061083	1610612992
26912139	4311744513
49495263	36865
70498887	1085440
36574791	134221826
54132999	2147520512
62488635	4130
63364407	36865
41339535	4130
31959087	1610613248
62637999	1085440
68880183	671088768
61622907	1610613248
24545319	1081345
4824087	37376
71227563	196610
38607567	2180
9957543	2147520512
49532199	4370464768
68564607	16810240
42688347	1081345
21578775	1610613248
4336143	3221229568
48918543	1610613248
47706783	557120
3087447	2147520512
33637731	671088768
43352547	557120
16311183	1074823168
15414999	83886081
9410631	2147520512
8689083	1610613248
58513155	2147487746
27741579	557120
72102687	1610612992
30934923	1085440
65359599	1073778688
14880075	671088644
54019923	32833
2733639	1610613248
935115	2134016
73967631	1073778688
11403231	1081345
35197143	536871680
20818671	1610612992
67965855	1073745922
1454811	4311744513
50907579	17301568
49215651	1081345
42280107	2147520512
59028963	2148012032
33115767	36865
38876163	4362108928
13593147	2148012032
14194167	1610612992
41547867	2147520512
10128615	4295000065
69561879	4295000065
71492595	2147520512
10087791	4362076161
32872767	8425472
2847039	561152
32684199	4295000065
37350771	196610
53110131	1610613248
53775951	17334272
13016103	671092736
40663023	557120
12591015	83918848
411855	1610613248
7758879	1610613248
66449859	4362108928
56634279	2147520512
35698047	67108929
31366491	32833
22810947	786496
23013447	134218753
33903735	2147495936
150063	1610613248
48011019	36866
79971999	2147520512
40815627	67141633
23636499	36865
69089163	1073745921
61038735	10486016
1109103	4362108928
17435787	671088768
67740999	4328554496
28869423	1610613248
78778707	36865
8903895	1610613248
44143755	3221229568
53081295	8392705
25854279	2147520512
39557211	671092736
70560123	24578
6246447	1085440
76921215	4328554496
8776887	57344
11266827	1610613248
24324351	1610613248
77911359	3221229568
75619059	3221229568
28312791	5435817984
64777695	37376
32059527	67141634
42764163	4362076161
13333299	134254592
23365635	1610613248
67709247	8425472
239811	36865
18493647	4395630592
26971107	16781328
57493203	3221229568
32943723	1073758209
79107891	2147520512
8425023	577
7264455	1610613248
15188199	67141633
12894927	671088644
5854731	36865
73600863	167936
78849663	201326593
2200011	1610613248
60871875	4311744513
7952631	134221825
1251015	5368741888
8732175	1610613248
10539123	167936
8821599	2147487760
17544003	2147520512
59583975	671088644
51032643	67141633
20658615	67141633
36762387	98
36864123	4295000320
14609859	671088644
41828127	4311744513
35050371	4295065600
3905871	671088768
45015963	83886081
71614095	36865
53174931	8392705
25550043	167936
79289655	1610613248
64495491	2147520512
41988507	1610612992
43597815	671088768
6231219	75497473
37906755	2147520512
19231071	5402263552
80438235	1075871744
62040543	1073778688
441663	2147749888
75060807	37376
13862391	16777282
33344187	518
13880535	4328554496
3002883	16844800
4755075	16814080
73783923	40961
74577075	33652736
76010775	4362108928
850551	1610612992
40253163	36865
15314559	2147520512
74566707	2147520512
39209235	1610612992
50623431	2147487776
54743739	67108874
14678223	4294967301
71414511	36880
74108571	3221229568
40551567	4294971393
7658763	1074823168
898503	1030
35516283	167936
4881111	37376
7037331	83886081
1664115	8425472
10087143	2147520512
71195811	671088768
78397683	671088768
7442979	561152
76792587	1085440
70822887	1085440
15177507	67141633
16283967	5377097728
3687495	1610613248
39084495	2148073472
33244071	1140883456
80251935	2148008000
26724867	2147520512
59508807	4362076161
36940587	37376
68823807	1073905664
38892363	10489856
10813227	150994945
15665127	1610612992
1192047	655872
79978803	2147487746
21976971	1610613248
5817147	2147520512
16790379	1610612992
41519031	2147520512
3716979	1610613248
79256607	2148012032
71372067	1610613248
45716451	671088644
71694123	134218244
60356391	1610612992
24614979	1610613248
36650607	4295000065
26937087	1073774593
57678207	1610613248
51196911	1610613248
16844811	4311744513
36569931	1074823168
31143579	4328554496
32202411	8425472
53400759	83918848
53747439	1081345
18538035	2147618816
14624763	1610612992
25109403	1085440
41882883	671092736
63968343	36866
36031767	101711872
54548043	16777221
42931995	134234116
31383987	1115136
1345299	1610613248
25993275	671088644
40831503	32833
6027423	1610612992
29362551	32833
4787799	67141633
63855267	1610613248
39028443	67108867
66532803	16809985
27415635	1610612992
59017623	1610612992
29014575	1074823168
37839363	4362108928
59268723	1610613248
40720371	1081345
76090155	3221229568
81371679	577
68073747	1610613248
51288279	2148012032
65229027	24580
79612683	150995072
64399587	134217864
2179599	67141696
70998495	1610613248
26414151	4311744513
13426935	4295000320
57158187	4311744513
56068251	1073778688
11354631	2148012032
5324019	1115136
12154587	83886081
51438939	2147487745
5081019	1610612992
34194363	1610612992
21885603	150994945
79178523	2147487745
189267	37376
64519143	98305
24317223	1081345
13188471	36880
19063563	1085440
60068355	67112961
68712351	1610613248
54141099	4429185025
72690747	671088768
40038999	134217733
56049135	671092736
24749115	1610612992
80480679	2147520512
63693591	2147520512
1389687	2147487746
9875895	1081348
3161643	4362108928
44805363	1610613248
81155247	1610612992
24075519	201326593
20471019	4101
44392911	67141633
39936939	1610613248
66823107	1085440
23876583	150995072
19450095	2147520512
52673703	2101312
31170147	134254592
8918475	1074008064
61963107	2147520512
77643087	1090551808
2356179	1610612992
75994251	1081345
28074651	1610613248
46533579	671088768
47698359	671092736
39031359	671088768
19034727	150994945
61018323	1610612992
66630003	1610613248
61635543	1610613248
24813915	32802
54454083	2147524608
78463779	1610613248
39982623	1081348
12869331	1610612992
51103275	1081345
31625043	3221229568
28989951	36865
39456123	1074823168
53287035	4429185028
65726043	1073762304
68725311	1085440
2260923	2164293632
8876355	36865
11917095	1610613248
3614919	2164264960
45467295	83886081
48244299	4102
313683	167936
58489179	2147520512
6844227	4311744513
58571151	33556481
21196779	1610613248
33979875	1085440
47590467	1610612992
74562171	6146
2365251	134217733
1679667	4362076161
28274883	5435817984
17871	2147484162
79903311	1610612992
21999651	150994945
10863447	3221749760
291975	135299072
67234263	1081345
47117751	36865
9378231	3221225488
70346283	4129
36908511	1074823168
53535543	671088768
60661599	1081348
9487095	1073152
78031887	70
27031047	150995072
75842295	1610612992
71905371	1081348
23980911	6442455040
12643503	3221229568
26003967	1073778688
38461119	1074823168
80042955	5368713216
68442135	1081348
12671691	2148012032
63943395	32833
11551299	1610613248
33023751	2147520512
68869815	1610613248
78633879	1074266176
49307991	1074823168
60380043	1610613248
5531703	4362108928
78925479	2147520512
116043	67141633
22121151	1085440
30508215	75497473
38209695	1610613248
58651179	25088
76742043	24580
2249907	1073778688
80147283	4362076161
45617955	36865
25250019	4311744513
5326611	1085440
66247359	671088768
64681467	4362108928
52072683	1610613248
30445359	1073778688
40584939	8425472
52486755	1610612992
79707939	4294971393
53329155	1081345
20217651	70
37026447	36865
6204975	135299072
46398471	671088768
29554359	201326593
44889927	1610613248
48706647	4303388672
41986563	36865
57720003	1610613248
57133563	4295000320
11224059	1107312640
128031	1085440
26365875	3221229568
44585691	2148008000
81111831	36865
73234743	137216
39709491	3221229568
81721923	36866
6919071	36865
55296807	135680
37077963	3221225488
53492451	1610612992
59220771	4370464768
28643271	1610613248
3368355	4295000576
27391011	671088644
65938587	201326593
39777531	32834
35956923	16814080
60045675	135299072
52069443	1610613248
72597435	16809985
27546531	1073746176
24127683	37120
19708971	1610613248
56316759	671088768
38632515	67141633
81474063	2147520512
51373491	1073775104
50497071	1610613248
73534767	1085440
32381583	1610613248
27893859	134217762
54642975	4295004160
60449055	1610613248
66838335	4130
188943	4362076161
5630847	1082134528
80281419	36865
47159871	1081348
2292999	16809985
56058531	1610613248
49433703	135266308
42196191	83886081
46975191	1610613248
51872775	2147549188
35380203	1073745921
18482631	1610613248
55589379	671088768
108915	67141633
76922835	3221356544
43064835	2147487746
47057163	1081345
21688287	4311744513
77926587	3221356544
17042451	1085440
52077219	53248
5756883	671088641
40959807	1081348
44236095	65553
28275207	1610613248
4214643	70
54171231	671088768
51852039	1610613248
45557691	4362108928
81735531	1610612992
3117903	524354
7520739	1610613248
69539199	1074823168
28128759	4362108928
4757667	67141633
56876955	36865
71207151	2148007938
21338043	1610612992
79638279	1073774593
11392539	6442451008
12189579	67108874
50983395	4311744513
62440683	1081600
43231047	1610612992
49900587	4395630592
39783039	268502016
70978407	4362108928
15010647	17334272
59629983	1610613248
9568095	83886081
59733663	528386
64022127	2147520512
49520859	36865
4433019	4311744513
54824739	671088768
8618127	1610613248
13659567	524322
12273819	1610613248
142935	1610613248
6602847	327696
25707183	1610613248
57270615	1073778688
63706227	4362076161
70415619	4362108928
26038635	36865
12794163	2129921
80970243	671088644
1657311	4295000065
81093363	4362108928
66412923	4311744513
17825883	36865
2448519	671088768
11405175	1081348
52895319	135266308
65590287	1610612992
44560095	671088768
20633343	1081348
41107551	70
22576371	65570
24274131	1610612992
39589935	1610613248
61196199	1073778688
80563623	557120
4992567	2147553280
29605875	4295524352
20089347	1090551808
56111667	36865
62596203	2147487746
9381795	36865
2563863	32802
17256615	4362076161
75847803	1073745921
35064303	671088644
19472451	32833
25597995	1610613248
40093755	83886081
7913427	2147500034
44790459	671088768
18881475	201326593
54815991	1610613248
50701839	1081345
65772375	134283265
57452055	36866
15066375	671089152
39291855	1140850689
27861783	135266308
25943703	671088768
50582931	32833
33873927	1073766400
21577479	114688
35033523	2134016
14920575	150994945
7583595	1610612992
71841219	1074823168
61710387	67108929
22974891	1073774593
14638371	524384
66854535	1610612740
62158803	67108929
74001975	5435817984
48492159	16779266
39490143	67141696
1153815	83886081
41427663	37376
66221763	1085440
50256987	36866
34726371	1610613248
11996151	1115136
54674403	5368709121
32000559	1075871744
49400331	1610612992
341871	4295004160
73713615	16781313
56698107	524322
52693467	37376
26339307	4362076161
20652783	671088644
69314019	1610613248
79483407	2147520512
74731623	2147618816
60504135	57344
70512171	1610613248
5844039	671088768
73528611	4328554496
23703243	1610612992
49010235	36866
17801583	135266308
55126383	671088644
68631351	36866
44875995	1085440
5119899	1610613248
20306751	1081348
77392311	4311744513
23997435	671088768
32120763	524353
73827339	1610612992
11069187	2147520512
44064375	1610613248
2052267	67158016
73716855	2147520512
12536259	671092736
1683879	1085440
59491635	1610613248
68676387	1610613248
65541039	33025
73654323	5368741888
56297319	1082163200
63828699	1074270208
14185095	1610612992
33138447	83886081
31876143	1610613248
134187	134250497
20684211	2147487746
51908739	1073775104
78895023	1085440
46584771	16781313
39946659	32774
19556043	1610613248
32078643	24832
21565491	16801792
16017639	83886081
10556295	16812032
9133611	2147520512
59046459	1610612992
33340947	546
70314531	4395630592
78545427	6442455040
21602427	100663298
53792799	2147487746
15739323	37120
53673567	4362108928
13637535	36866
63288915	2147487746
57902415	135266308
75405219	1610613248
76455303	1610613248
76026003	1610613248
68319339	1610613248
51993627	4311744513
81185379	671088768
75427251	37120
73153095	1610612992
64717431	1610613248
35024775	32833
5505783	1610613248
11796891	1610613248
39407847	1073745921
52833759	2148012032
39037191	1610613248
70986183	561152
67873839	537919492
26694735	4102
10713759	2147520512
45428415	1610613248
54114207	4328554496
75736995	32833
81079431	671088768
73285287	67141633
32401995	167936
55003263	4129
1436343	2147520512
455271	134217857
11988699	36866
1278231	5435817984
59021187	67141633
1430187	1610613248
79312335	4295004160
24083295	66564
1810239	57344
63826755	16814080
75845211	1610613248
26700567	1610613248
29565051	2147520512
52946187	6442455040
56273019	1074823168
7612755	1146880
27389715	17301505
57000075	1085440
59059095	4362108928
21459867	150994945
53734155	2101312
14350335	4311744513
72930183	5435817984
73169619	671088644
39503427	1610612992
10090383	1610613248
72243303	1074823168
75290847	1610612992
79714419	67141633
46204719	1081345
74752359	4295004160
31126083	1610612992
27023919	150995072
68530587	671092736
49707807	4311744513
40825023	36865
3159051	2147487746
55302639	2147516420
61935243	561152
42988371	4295004160
39048855	671092736
78168291	67141696
62621151	4303388672
408291	16814080
79418283	2101249
46379679	4395630592
63350475	1610612992
18357567	2147520512
78872991	1610613248
20825475	4362108928
73772907	16779266
1819311	1610613248
42642663	36865
81670731	1610613248
56130135	16814080
70173591	4295000065
72263715	1048610
15035271	16809985
34314891	1610612992
3515775	4312268800
25866591	1610613248
27549123	100696064
49820883	671088768
51043983	671088768
10046319	327696
63491091	67108929
13787223	2147520512
63782367	1107300352
59012115	1610613248
2506515	1107296320
1514751	135299072
39806043	2101504
6274959	1610612992
62236239	1610613248
13412355	36866
48597459	2148012032
68811171	16809985
78645867	1073775104
20140539	1074823168
36026907	1610613248
25175823	671092736
37928787	201326593
76756947	1610612992
57730047	83886081
40222383	16809985
78780651	2147520512
62773755	67633216
49263603	671088768
81467907	1073778688
38853483	4311744513
31842447	83886081
32908083	1073745921
21717771	1610613248
69263151	4294971456
66704523	150994945
5295183	1610612992
77181711	1610613248
36237507	4295000065
45545055	50
24316575	2147520512
6720459	137216
110535	67141633
57061635	671088768
10148703	150994945
7181835	36880
45084003	2181070848
10934403	2148012032
71432331	1610613248
30334227	20512
71404791	1074823168
38326335	67133440
15127611	134217793
9889179	1085440
29796711	1073778688
43379439	1073778688
19898835	150994945
394035	4294987776
23936199	4362076161
65926275	2147680256
57265431	1610613248
49416207	1610612992
51636255	1610612992
74484735	36865
58462287	16814080
28054887	1610613248
70637235	32802
71394099	5402263552
51536463	5368713216
15600003	1085440
55864131	1610613248
444579	135299072
53457783	1610612992
7569987	1085440
15673875	83886081
31756911	1610613248
6227655	2148012032
46186899	1610613248
53045655	37120
62073267	33587201
1750623	1610613248
64200651	1610613248
23708427	36928
26507139	3221229568
37215663	671088768
56419467	98
41119539	1081348
7327635	1610613248
21521751	1085440
2487075	17301568
31141635	1610613248
70288935	57344
937059	1610613248
44276595	16777282
69503235	4311744513
6343971	528385
62474703	4311744513
48591303	83918848
81124791	528386
6141795	2147487745
42143379	67141633
8626551	1610613248
14077527	36865
38372991	1081348
7036683	4311744513
55915647	1610613248
649995	67112962
56772303	671088644
4421679	8392705
63804723	1610613248
69104715	40961
68718507	2147487745
31204167	4362076161
18577563	37376
34411119	83886081
13170327	40961
57324399	1081345
26327319	1610612992
13429527	134217793
43052523	1081345
77813511	1073746432
15607455	83886081
39842331	4295000065
20532255	150994945
36713139	1610613248
44695203	1073762304
11709087	4295000576
57290055	36865
81159783	1073778688
33346131	16781313
52983771	16781313
26471499	32833
18997791	83886081
1461615	167936
21872319	83886081
26030859	1073778688
43402767	1610613248
20830659	2147487760
3567939	135266308
9386979	1081345
10635999	2147520512
71310183	2147520512
48700167	536872964
63858831	1056772
77668359	1073778688
21010803	57344
13144407	1085440
16854855	150994945
7236915	2181070848
27437991	4311744513
12569631	49664
23564895	40961
43768887	671088768
48913683	4429185025
69044775	37376
54778731	36865
50956179	1081360
6930411	4362076161
15160659	4362108928
51631395	65793
60752643	1610613248
71371419	4311744513
70591875	1610613248
108267	134250497
6717543	1610612992
70890279	5368713216
25597023	1610613248
1244211	2147553280
1706235	36866
45523347	36865
74462379	67112961
39082875	671088768
81178575	671088768
31664247	2147524608
444255	1115136
63034575	1610613248
29303583	4362076161
58779483	2147524608
22215435	1610612992
35514987	4295000065
3543639	16781313
23075007	4362076161
15562419	2147520512
61747971	32833
31681095	4362076161
68056899	1081348
12107283	1610613248
2801679	5435817984
39416271	4295229441
44886039	1081348
70921707	1082163200
1448979	1610613248
50363907	8392705
18170619	4130
37025799	1610613248
7166283	1610613248
12701823	1610613248
62411199	1073778688
11017023	3221225488
79987227	28672
3775947	1610613248
25195911	16781313
69324711	137216
51068607	4362076161
77613279	2147520512
336687	671088768
57939999	561152
39856587	36865
1924287	1085440
47861655	4311744513
65450967	4311744513
12488307	671092736
65137983	36865
66037731	32833
25651131	1610613248
4332903	1610613248
32134047	5368741888
6049455	2147520512
54076947	134250497
76563843	671088768
77701731	1085440
36379743	1610613248
17249487	2134016
18195243	2147520512
50081703	4311744513
56372487	1610613248
16506879	134221825
35323827	1610612992
67870599	36865
42605727	671092736
40608591	1140854784
10189203	557120
15577971	83886081
41171379	1610613248
12622443	67108929
23218863	16809985
77395551	2147520512
38580027	536903936
310767	268502016
24701163	135299072
40572303	1085440
9043215	1081348
80131083	1081348
80416203	1610612992
52187379	4294967361
38946795	4362076161
15357327	4362108928
76056135	8421408
74183739	5368713216
50906283	2147487746
53218995	32833
58656687	1085440
23879175	1085440
18895731	4311744513
38024043	3221258240
11697747	1610612992
50512623	1610613248
5320131	100696064
39218307	2147520512
40469271	4362076161
12426747	671092736
81293271	671088641
21830847	1610612992
3016491	2147483682
22183359	671088644
63899007	1610612992
41443215	4130
15137655	53248
47608287	524353
54159	134250497
48439995	671092736
105999	1610613248
54861999	4295000320
24585819	201326593
30906735	671088768
78895995	2148073472
52641951	5368713216
24342819	2147520512
791907	16781313
36601683	6146
28935519	671092736
15901647	557120
34112067	37376
71057787	1085440
3488883	2147520512
3452595	1610612992
49211439	2147553280
14245683	37376
13276275	4311744513
67617879	1081348
2454675	1610613248
55981095	2181070848
29628879	4362076161
33935487	553648132
52751463	65793
65615883	1610613248
60487611	1610612992
51346923	327696
24184059	150994945
17389455	83886081
60885807	2147520512
31665543	671092736
41781471	17301568
62915991	1610613248
31447167	1610613248
4561647	67141696
62325339	1074823168
26467611	4311744513
1715631	4130
40836039	17301568
35570067	32802
26776059	1610613248
42795267	1610612992
50209035	1140883456
17849211	1107296512
70078335	16809985
70598679	2147749888
46388103	36865
46241007	1081348
74996007	2147618816
338955	1610613248
33494199	1140883456
12169815	671092736
21084027	67112961
9449511	1610613248
42247707	4311744513
29042115	4429185028
31354827	3221291008
36294855	4311744513
38029875	36865
71510739	4362076224
34396863	671092736
37154427	134217860
10877055	5402263552
42959211	2147520512
6300879	1610613248
16004355	67141633
492207	2147520512
56508567	2101312
52808487	37120
65218983	2147520512
65645043	2147488256
17521647	2147520512
454623	671088768
21843483	1610612992
3085503	1074823168
68756415	134217733
65270175	36865
44635911	671089152
30247395	8421408
20168403	17334272
52368495	671088768
55893615	524354
3964191	201326593
43349955	1074823168
24539811	1610612992
66516603	16809985
34082583	2147618816
73195539	536871680
57956847	2147520512
6279819	83886081
37861071	1073774848
37759983	4353
52787751	1081348
16702575	1085440
43564119	1081348
22255611	1610613248
19293279	671088768
7144899	2155905024
3836211	1085440
76422903	3221229568
40565823	1074823168
1288599	1610613248
20153499	150994945
62719971	134250497
42262287	671088768
33616347	1610612992
36408903	2147520512
60435771	4311744513
17824263	36865
65377095	1610613248
43086219	32802
26924775	1610612992
27295107	2147487746
63302847	4295000065
34568583	75530240
68140167	75501568
26502279	16809985
34156131	4329046016
50758539	4362108928
81217131	1081348
48997275	1610613248
22206363	1610612992
54317031	4311744513
40131987	561152
38031819	524354
12096915	1085440
34265967	1073745921
11796567	3221229568
64567743	67141633
55409883	1610613248
19402143	3221229568
53861163	8392736
869343	4295524352
63825459	36866
6880515	536873472
50267031	671088768
17039535	83918848
64442031	83886081
76292007	4362108928
69117675	5435817984
19835331	4295102464
18255831	70
12021423	4362108928
49724331	4329570304
9442707	16785409
65314239	1610612992
3207975	36928
19521699	1610612992
45457251	4130
73367583	8458240
68021907	536870918
57409611	1610613248
2437179	1082163200
74243355	150994945
15119511	1610612992
44267847	1074823168
33196767	67141633
72460383	4429217792
73866219	1610613248
19602699	1610612992
38953599	2147504128
37311891	327681
21562575	4295000320
67819731	1610613248
895587	16809986
11169951	1082134528
14675631	671088768
3264999	1610613248
72763971	4295000065
79611063	1073778688
46926267	671088768
44501127	5368709121
56720139	1610613248
48211575	553648384
47002083	671088768
69732303	2148012032
8210535	81
9514959	3221229568
55793823	1081348
17135439	1610612992
3953175	2147520512
65605191	16777281
18329379	24580
44003463	2147520512
15714051	20512
26824011	1610612992
64514283	32773
40539255	1610613248
72702735	1081348
42068535	671088768
19621167	134283265
61655307	4311744513
55569939	1207992320
4650423	17334272
35788119	1081345
35808855	16908304
54404835	67141696
55308795	1085440
5923095	2147520512
78374355	83886081
19746879	4099
51285363	37376
1458051	4311744513
43031139	150994945
16853559	36865
35315727	2147487760
19499991	671088644
21158871	16809985
21694443	3229614080
65850459	1073774593
66192927	16809986
53107539	57344
57330879	1610613248
822363	1610613248
60920151	1610613248
1111047	1610613248
81286467	4328521729
58736067	2147524608
45009483	1085440
36335031	1081348
52888191	536871170
65359275	36865
45312099	2147520512
51431163	134217733
62654847	67108867
60187263	32833
983715	1081348
1969647	2147483682
36796407	4311744513
66923547	1610613248
48506091	2147487745
75227991	1610613248
70392615	4311744513
1200795	1610612992
16338723	8421377
71939067	1081345
25062099	201326593
66127479	2147487760
12642855	36866
1317435	66064
3801219	1610613248
11683167	1073778688
45303999	36865
24817479	524354
15790839	83886081
28385691	4295000065
49811487	3221356544
61212075	671088768
81033747	201326593
132243	67141633
23287875	150995072
41816787	5377097728
68511147	1610613248
41454555	83918848
67889391	67125249
37919715	5435817984
17367423	1610613248
32151867	2147520512
23840295	2101504
53017791	1610613248
44456415	671092736
40293663	2147520512
11970231	1610613248
5000343	518
73449555	4295004160
68190387	1610613248
81053187	4328554496
335067	1610612992
58556247	67436544
11985459	67108929
72527775	671088644
41282511	37376
40851915	8437760
40561287	4294971393
64045779	4395630592
57652611	561152
13476507	16809985
13135659	4429185028
73927455	4311744513
6976419	1610613248
51045603	4295294976
460131	1610613248
2377563	1610613248
49166079	2147553280
22579611	16781313
14043831	16912384
79973619	36865
41222571	1610613248
2665923	134250497
22617519	1610612992
33545067	67637248
34964187	1073778688
59025075	1074823168
20091615	134479873
24436779	671092736
7430667	2147520512
18877911	1610613248
7597527	32833
72787299	4362108928
76885575	4311744513
7709955	2181070848
68318367	1610613248
36123783	1140883456
56894775	4226
22455195	4362076161
40672419	2164264960
65535531	1073775104
3684579	671088644
36305871	4362141696
50644167	1610613248
80246751	1085440
27464883	1081345
77714691	1107820544
36875463	4311744513
1458375	67145728
61762227	4295000320
26396007	671092736
7766979	32802
33509751	2147647488
72989151	36865
5681391	2147520512
43383003	1074008064
54768687	1610612992
38618583	2147520512
102111	4429185028
17741319	1610612992
31605603	1073766400
30720759	4311744513
11253867	135299072
3067035	536903936
17167515	5402263552
25326159	45056
18848103	150994945
15248787	4294971393
55685931	4362080256
4578171	2082
32515071	28672
3990435	1610613248
78341307	4295000065
11636835	1610613248
72853071	1081348
25109079	2147520512
24397899	4362076161
26838267	3221229568
24930231	8392736
16989639	1074823168
75509547	2147520512
584223	1085440
75144399	2148012032
75347871	36866
80262303	2147520512
10324635	16809985
67906563	1073778688
33809775	1107296257
650319	3221229568
4927443	17301568
37207887	1073745921
81696327	2134016
9858399	1058
36695643	1610613248
60711495	1610613248
78225963	2147520512
45189951	1085440
65295447	1610613248
47718123	35
78076923	100663298
43350927	1610612992
31592643	2147520512
44825775	1085440
58430211	1085440
60690111	67141633
20608395	16908289
7909863	2147811328
35749239	1073766400
36037923	4295000065
44327139	1073778688
47016663	67141633
17086839	1081345
10360599	1073778688
71153691	83886081
36930867	1610613248
32107155	4130
64520439	4362076161
14016939	1146880
706371	4311744513
16731411	24577
46391667	37376
23202663	1610612992
64288779	17301568
51247131	8392736
12537231	137216
3539751	16814080
68010243	671088768
50419311	37376
37412979	1140850689
56624559	1610613248
29813883	1048610
517155	4311744513
11393835	327696
26640627	1081348
77261091	196624
4502031	24580
4213023	36865
62787687	1610613248
45133899	70
61307979	1610613248
1632363	2147520512
26734587	36866
42010863	1073778688
37247415	4395630592
151359	1610613248
44678031	4311744513
47142051	16809985
78963387	2148012032
62430315	1610613248
46721823	1610613248
56695191	1610613248
59184159	1610613248
38814927	2147520512
41870247	1081348
31070355	1140883456
35732715	2147520512
25269783	2147487746
35255139	1140883456
9868767	4429185025
39632703	67112961
26338983	2147487748
512943	268568576
35409363	1610612992
26440719	1090519041
76333803	2621504
39668667	4295000066
49648515	1073778688
5682363	2134016
40342587	524802
57382395	3221258240
43084599	671088644
77567271	2147483682
48370335	1610613248
46940847	1610613248
44655675	536903684
58577631	1081348
71204559	1610613248
74440347	327696
55268295	2147487745
1574367	1610613248
74625027	2147520512
21546375	2147581952
78445959	4362076161
61111959	4362108928
74575455	1073745921
6283059	16809985
68758359	2147520512
27723435	17334272
62040219	67108929
17632455	83886081
22778547	3221225728
32795655	4295000320
66026067	2147487760
4109019	1081348
5035335	1610613248
81152655	671092736
76925427	16912384
38948091	1610613248
61557783	1610613248
1189779	4102
35471571	4295000576
1323267	1610613248
32651799	67141633
59457615	33587456
19984047	1073778688
18795939	83886081
73658211	2147520512
79960983	1140883456
56844231	1610613248
64134231	1081348
3283791	4362108928
24990171	4311744513
1272075	1610613248
196719	2147520512
74194755	671088644
72614931	1081345
28514967	4362108928
55516155	671088768
27655071	67633216
80469663	1085440
3096843	1610613248
13475211	1610612992
61677987	2148012032
41470755	2147549186
21309855	4099
51661851	1081348
70985211	1073778688
66836391	1146880
25461591	135266308
34182699	67633153
65013567	1610613248
79190835	36865
59767035	5402263552
5343135	1085440
58922691	1610613248
12104043	45056
36371319	671088644
44447019	2147520512
63709467	657408
46892571	671088768
26970135	4295000065
4519203	4311744513
59461503	4362108928
469851	1610612992
15883827	83886081
11647527	1081348
80635551	3221229568
440043	1081348
3134751	1610612992
63535155	1085440
38294907	1073762304
39360219	57344
57574851	1081348
44800503	1081345
36464307	28672
56973507	4311744513
48113079	1610613248
39885747	327681
48416019	2147487746
75469371	36865
49866891	135266308
43084275	671088768
18836439	1074823168
79456191	671088768
27823227	1610613248
25653723	196610
76111539	1140883456
81563163	524322
55442931	1610613248
34467819	53248
59770599	1610613248
5118927	3221258240
49309611	67141633
70922679	74
43453635	2147520512
25214703	1610613248
4380855	66562
28299183	1085440
53655099	36866
75762915	1081348
45480579	671092736
12474051	671088768
15468135	83886081
8539395	2147520512
22484355	1073745984
67438383	1610613248
13080579	134283265
6600255	1085440
21789051	150994945
49590519	2214592514
41122131	37376
65840739	4295032833
68084763	4362108928
39040755	671088768
51411399	4295000576
6753507	33554438
38516523	1081348
38241447	1081345
59499411	4295004160
14356167	3221229568
10466223	32833
46318443	1610613248
66065271	1081348
5540775	1085440
23771283	1610613248
75557823	98305
3068331	1085440
41336295	134283265
37259403	57344
79848879	36865
26034747	1174405120
35264211	671088644
59300475	24577
56830299	2147618816
17210931	1610612992
74843079	1081348
758859	1610613248
28857435	67141633
41828451	2147520512
32076375	331776
57696999	201359360
25084779	1081348
62353203	4362076161
45508119	561152
17152287	5368741888
23560035	1610613248
18626487	1081348
949371	1610613248
24748791	67141633
9291723	671088644
33569691	134283265
81449763	2147520512
18369555	134217860
51175203	20481
1366035	16842754
35188719	67108929
1449951	8198
55621131	8392705
65286699	1085440
16765107	4311744513
57995079	4311744513
32301879	1090519041
14361999	4328554496
5319483	1610612992
13388703	2147487745
79181115	2147487745
163347	1610613248
73540275	5435817984
69635751	1610612992
30140151	671092736
80817639	4295016448
73729167	2147520512
76644195	3758096384
17242035	4362076161
54070791	1074823168
53354427	896
60080667	1342185472
79679103	67141633
57348699	1610613248
6041679	1146880
33603063	524384
34960947	4362076161
12618231	671092736
3407883	1610613248
44376387	53248
5872227	24577
14571627	7
78038043	4311744513
80980287	2147520512
46384539	8392736
59496171	16781313
3042735	67141633
41806743	134217860
30002775	1610613248
54170583	603980032
50626023	1610613248
679803	4311744513
53346975	5368741888
1774923	17334272
34127295	73
5576415	150994945
47043879	1074266176
13011	4362076161
72875103	1610613248
51272727	1610612992
50668143	16781313
73951107	4328554496
61437255	150995072
10430583	1610613248
61091871	1610613248
61770327	1610613248
40826967	2147520512
16228563	1610613248
78727839	2147500034
16506555	36865
27239379	1610613248
63265587	36865
1182975	1115136
4118091	2147520512
75896403	1610613248
79690443	1610613248
8671587	4295000065
29562459	1081348
18505959	36865
57952959	671088768
22429923	671088644
50034075	2147520512
77016795	1610613248
63451563	4311744513
75827715	1081348
61068219	1081348
20973543	1081348
5939943	2147520512
43533339	1610613248
48824583	4395630592
25794015	1085440
70184283	1610613248
41733519	16814080
42609291	1610613248
38586831	36865
8888343	1610613248
12815223	327696
53116935	4362080256
1260087	2148532228
35994183	57344
47163759	671092736
41066079	4295000065
8843307	671088644
79097199	36865
80129463	671088768
449439	1610613248
64755339	1610613248
61019943	37376
36592935	4295004160
40198083	134221825
7324071	4311744513
30886647	561152
44471967	4311744513
8635947	1085440
42398043	36865
37687083	518
34351827	1610613248
55973643	36865
25880199	36866
70267227	4294967361
26184435	299008
31599447	671088768
1099707	36865
34051803	67112961
61128807	3221229568
34410795	1073742084
20334291	40961
4642647	57344
76483815	1082134528
67699851	557568
41091675	4295000065
44239335	24577
19513923	553648384
15626571	1081348
73008915	1081348
47198103	1610612992
41682327	1610613248
61802403	1073741830
50478603	1073745921
64333491	2164264960
7020807	65793
30050079	1610613248
28535379	4362080256
47470263	4362108928
41932455	1610613248
40941987	37120
71018583	671088768
25143747	16809986
55624371	36865
15752931	4295102464
63677067	2147520512
22478847	4294971393
70262367	1610613248
20084163	1610612992
503871	4362076161
593295	83886081
6590211	1081348
10913667	17301568
56853951	2147520512
67349607	36865
74007483	671088768
76176339	32785
76518807	24580
25365039	134221826
75448959	671088768
78847395	2148012032
52547019	83918848
33582975	135266308
49511139	671088768
63696183	4311744513
3714387	1610613248
52335447	36880
16855179	134217860
24752679	53248
25653399	16801792
25240623	1610613248
14467299	3221229568
52338363	1082163200
13690023	671088768
1254255	1081348
79864107	36865
37197519	4295000065
15035919	4362108928
81501927	1610613248
6687735	16779266
33618615	1610612992
77241651	2134016
58314543	37376
79416339	4362108928
60791847	1073774593
62028879	83886081
12178563	671088641
72786327	2148007938
51327807	1610612992
19634127	4296048640
1913271	2148012032
44090295	4362108928
31296183	16781313
51830331	1610613248
62349963	37376
42511443	32802
48507387	2147520512
54503331	1115136
39543279	1610613248
54065283	1074790404
10856319	518
27547827	67145728
6143091	1610613248
17256291	2147520512
867399	28672
2691519	1610613248
1802139	4311744513
25792395	524608
29446467	8392705
246939	4161
30018651	2148012032
6804699	1610613248
33838935	1610613248
78424575	2147520512
15492759	1090535424
4271667	4429185028
76963659	1073778688
44157687	1610612992
2859351	1610613248
9321531	1081348
46710807	1074823168
36904947	2147618816
25344303	67112962
38783823	2147520512
31612407	299008
72954159	2164264960
19977567	1081345
28916727	1610613248
67171731	83886081
57944211	1081345
36072591	2181070848
48436107	671088768
16472859	1610613248
58034931	1610613248
12435171	671092736
77652483	36865
73290471	32834
49125579	1610613248
57854787	557120
58776567	2147524608
61791063	67141633
30025131	1610613248
378483	17334272
75467751	671092736
12469839	1081348
49407459	37376
35812743	671088768
23990955	201326593
45059379	2147487745
27863727	16812032
42931671	1090535424
18563955	4328554496
1142475	36865
58202115	4362108928
59309871	36866
65772699	1073778688
76722603	1073778688
12880347	671088768
979503	1115136
672675	4311744513
64568067	32833
37479075	4296048640
70509903	33587456
26299779	671088644
58962543	1073745921
69619227	1140883456
73937823	4362108928
23446635	1610612992
66471567	1081600
20033619	671088768
4352991	83918848
60624339	16777281
56321295	2147520512
37715595	1610612992
31343163	201326593
33438147	135184
57037659	1107329024
31564455	1610613248
23000487	1085440
37338135	1081345
12206427	4102
26712555	4311744513
71138787	1074823168
53187	2147520512
52021167	2101504
53198259	83886081
48853419	4295000576
54939111	36865
76757595	8425472
5200251	671088768
34543959	1081345
36068055	81936
32599635	4311744513
20024547	671088768
10855347	557120
41585451	2147487746
61534455	32833
3314247	2147520512
69483471	1610613248
1688091	1085440
64078827	1610613248
44817351	36865
19278375	2147520512
43404387	2134016
27854979	1048582
1055319	1085440
26434563	671088768
45194811	16842754
61321911	2147520512
36034683	4226
69039915	4311744513
17397879	671088768
79046331	1610613248
59572635	1610612992
75366663	135266308
17384919	3221225474
1142151	1610613248
18076983	2147520512
13725339	4362076161
44402631	1610613248
4394787	1085440
57086907	671088768
19795803	1610612992
29324643	1610613248
183435	40961
4769007	1081348
72639879	1610613248
71843163	1081348
26469879	1610612992
922803	2147581952
80138535	1610613248
36413763	16777219
58798923	1085440
46827771	17334272
10645395	1610613248
35562291	4311744513
38841819	134218753
21065883	1140850689
44401335	1081345
72929535	2101312
27332691	1048836
22956747	4161
63071511	1610613248
70579887	2147520512
75133059	36866
20023899	671088768
17762379	4295000065
21321519	1073745921
27699783	1073745921
51177147	37376
54373407	1610613248
41062515	4295000065
60892611	1610613248
79371303	671088768
71327355	36865
77645679	1212416
5153919	4295000065
30270723	32802
42777447	2147520512
42910287	671092736
44546163	4311744513
34330119	1610613248
2852871	5435817984
61016055	57344
12489927	671092736
42167679	2148008000
4189047	1115136
33428427	2147520512
2188347	2164262912
42648171	1610613248
6850383	4295000065
11598603	671088644
47612499	671088644
74218407	1085440
67899111	671088768
60266967	1610613248
22381971	561152
30281091	36866
63291183	2147520512
41199	524306
38308191	24580
3898419	2147811328
36201219	1140883456
15914283	67141633
53322999	2147520512
20495319	1610613248
28503627	536875010
67447455	8392706
10816791	1610612992
45676275	57344
7207431	671088641
65559507	1610613248
9752775	16814080
64144599	2147618816
63584079	1610613248
1555575	3221229568
17473047	1610612992
73873995	4328554496
27426327	1610613248
43871919	4362108928
39393591	2147520512
72994011	167936
15722799	2147520512
36734847	32834
49040367	671088768
78430407	1073876992
11880807	1056772
79411155	2147520512
63978711	1610613248
68942067	3221356544
45431331	671088768
69858663	1074823168
14847351	67141633
49546779	3221225474
4097031	2147487746
6054639	66576
42283671	36865
81679803	4362080256
5827191	1073745921
2300775	36865
12150375	67109121
5255655	2155876352
62145195	1610613248
54015063	1610613248
73852611	36865
12512283	4311744513
27475899	2147549186
32127	1085440
80990331	16809985
47625135	2147520512
78792963	4295131136
38555079	67141634
62278035	1610613248
12721911	2147516418
54099303	24577
27149955	2147520512
26766339	671088768
51969975	4362076161
66589503	37376
56557167	1074008064
35095083	671092736
31611435	36865
52855143	2147618816
67924707	1610613248
36012651	1610612992
65456799	671088768
53333043	2148008000
3759423	150994945
30578523	33824
3920127	83886081
39303519	1085440
79496691	53248
40900191	134217733
77606475	25165825
4546419	2147520512
7803591	1610612992
25892511	1610613248
63705255	2147614722
51553635	1073774593
12146163	1610613248
436803	536875264
4307631	4311744513
42726579	75497473
48374547	671088768
15275355	134221825
12502887	1610612992
74935743	1610612992
52752759	536870918
1434399	36896
78371763	536875009
43128015	5368713216
62542095	36896
69504207	4099
15150615	17301568
36398535	4099
79078407	2147487745
23894079	2147520512
54329991	65793
44998467	1073874944
44021283	1610612992
15019719	67125249
37266855	53248
32047863	167936
51497583	16809985
71521431	1081345
76230447	1610613248
66297579	1610613248
9139767	1610613248
60311679	150994945
79861191	36866
26953935	67371009
67767567	1610613248
23929719	3221229568
26876499	1081345
76227207	2148007938
1240647	36865
70458711	2147520512
59408691	1610613248
80055267	36865
137427	67141633
60728343	36866
63225411	1610613248
31717707	19398656
1547475	671088641
79971675	2147520512
74146479	1610612992
56522823	101187584
75597351	1073766400
78349083	671088768
4197471	1610613248
630231	4311744513
26665899	1610613248
24466263	4311744513
50352891	2147520512
21804279	4295000576
72758787	2147487746
56606415	98
59500059	37120
72432519	4831870976
77580879	2147520512
28702887	4311744513
12075531	2147520512
29537835	36865
6592155	1610613248
24957771	1610613248
27160323	4296048640
49060779	4429185025
74315931	1610613248
43425771	1048581
10437711	65793
40886583	2147487746
74563791	37376
30318675	1081348
16245087	1081348
54895695	67141633
19911795	16779520
1950207	1610613248
75019659	671088644
77650863	1081345
12210639	1610612992
11338431	4162
35837367	671092736
690495	16779268
15890631	36865
80141127	106496
76981155	1081348
22440615	4102
77525799	671088768
67185339	1610613248
22414047	561152
27098439	671088644
4220475	1610613248
81561219	36865
65716647	671088641
511647	1115136
22375815	8425472
11193279	4395630592
8050803	67112961
72421827	2147520512
47015691	1081345
40326387	4294971393
42298251	4295000320
44083815	1610613248
73774851	201326593
16271979	83886081
15905535	528386
62461743	1073745921
58498899	33554438
37381551	196610
41936667	671088768
15827775	67112961
6982251	83886081
67239447	196610
12447159	4362108928
2161131	772
20051115	1610613248
62529135	1140883456
22383267	671088768
77279883	1610613248
5389143	1081348
40166007	671092736
61497519	2148012032
18444075	1610613248
73573647	33591296
14041239	536871170
4797195	4311744513
52290087	1610613248
38317263	2147487745
23196507	1610612992
65794083	4102
6631035	4329046016
49947567	36865
27845907	16779520
9205215	75497473
1725351	1610612992
79383615	1085440
33144279	2147553280
77821935	16777219
25458027	1074823168
80812131	1081348
70081575	1212416
706047	2147520512
22099443	1610613248
4899255	83918848
43054791	67141633
659715	1085440
8518659	37376
6643347	1610613248
9364623	1610612992
28623183	1610613248
71495511	1610613248
68433063	4311744513
33327015	37376
50171127	671092736
31871283	4295004160
24018819	4295000065
67032411	36865
40406415	1146880
70532259	4362076161
46818375	4296048640
71542815	28672
13906131	1610612992
10505103	1610613248
41335323	1090535424
12899787	561152
27906819	1140883456
8534535	1610612992
39000903	2164264960
18349143	150994945
43048959	1610613248
4606683	16780288
7606599	561152
62518119	1610613248
14594631	67112961
5720271	4311744513
1220235	1610613248
77638227	671088768
78937143	4106
60820035	67125312
4852599	32833
44283723	4362076161
39937263	1610612992
75249699	4362108928
75352083	671088768
41970687	167936
14114787	2148012032
54108699	4295000128
80722059	2147520512
52605015	1085440
12448455	671088768
23611551	671088644
58751619	1082163200
6556191	1081408
23929395	16809985
2241483	1074823168
15415971	83886081
45681783	4362108928
67284159	201326593
26263815	4311744513
40489359	37376
38504535	1610613248
38160447	4311744513
20553639	1610613248
19524615	671088768
69867411	1073745922
12396291	671088768
14143947	1082134528
17600379	67633216
72048255	1073778688
54255147	2147618816
38553459	3221356544
38387571	36865
671703	1610613248
33208755	57344
70630107	1073778688
10615587	2147520512
24975591	1610613248
75728571	4362108928
28287519	4311744513
17833659	8437760
14608563	83918848
3961275	16814080
7260567	2147520512
79678131	2147520512
56519583	2147618816
49097391	4311744513
11709411	1074823168
6041031	1610613248
53214783	1610613248
32577603	1610613248
24152307	2147520512
3420195	1085440
22279587	1610613248
64657815	800
62185047	4362108928
2449491	1610613248
35937483	1081345
81371031	577
73672467	36865
29507379	1085440
73792023	37376
213891	1610612992
68354007	4295004160
11606379	2147520512
68469351	1073774593
23530875	35
33060039	150995072
69661995	1610612992
69053847	16809985
52910223	1610613248
44148939	67125250
14297523	1610613248
60265023	2147520512
65734467	1610613248
62718675	1085440
58395867	1074823168
67345395	36865
34512531	671088768
26212947	67108929
80442771	268568576
15761679	67108867
31196391	671088768
29611059	1085440
66348123	1610613248
44365695	4311744513
53008719	671088768
44041047	4362108928
33861291	1610612992
35759931	67108929
71871999	16814080
75190407	671088644
19561551	1610612992
23283339	150995072
6285975	1073774593
65658975	5435817984
15542655	2148532226
61192635	671092736
3542991	4295000065
8629143	67158016
38689863	1610613248
6068571	36865
43568979	1073778688
61395459	1610613248
74380407	3221229568
51244539	36865
33233703	32802
29026887	1610613248
37721427	33591296
972699	167936
74344443	1074823168
40656219	4311744513
5751699	36865
4563915	98
19864167	1085440
41166843	1073778688
22542675	671088641
29078079	671088768
58901307	33587201
64779315	67108929
17679759	4362076161
6705879	1610613248
41290935	4295000065
50104383	1610613248
1050135	268568576
59006931	4328554496
28078539	1140883456
4039035	1610613248
65568903	37376
66249303	1610613248
33696375	4362076161
6065979	4362076161
13844247	1073745921
23673759	4295004160
2735907	57344
59201331	1610613248
2024079	1081345
60803835	2181070848
4752159	1073742852
7464687	57344
10346667	1610613248
24139347	671088644
51760023	4311744513
7318239	5435817984
20876667	671088768
38325363	1610613248
43971387	36866
7392111	2147520512
19548591	135299072
39030387	4161
79454895	1610613248
6257139	67141633
38607	135299072
38963643	1073778688
1516371	134217860
4075323	2147520512
35328363	1610612992
1398435	67145728
43320471	1610612992
38029227	1610613248
41428959	1081348
36395619	1073745922
67662267	1610613248
30295671	32802
45002355	1610613248
35074023	4311744513
46383243	201326593
47722011	671088768
3438339	65793
35780019	28672
40405443	4099
186351	150994976
26785455	1073745921
43143243	2147520512
11194575	67112961
17406951	28672
55702779	201326593
48587739	1081348
57668811	36865
75580179	1610613248
55693059	1610613248
60903951	36865
565107	2147520512
37303791	2147483682
51047547	2147553280
52039311	135184
56963139	67141633
62799999	36865
175335	150994945
80073411	36865
54414231	1610613248
5711847	201326593
3346971	1610613248
59431047	1610613248
4191639	671088768
76687611	2181042176
58295103	4311744513
21408999	1074823168
42680571	1610613248
68740215	1610613248
78744363	1107329024
36600711	16809986
27834891	4295000320
45080115	2147520512
42119079	138
34104615	24577
67346367	4311744513
64866147	1081348
56197527	57344
24212895	32833
21575211	32773
5220987	1610613248
23161515	1085440
38465979	1610613248
52724247	671088768
2206491	134250560
43852479	671092736
31835967	4362108928
71942631	1610613248
78033831	83918848
79299375	2147520512
79980423	299008
65317479	4294987776
26656827	1610613248
31398243	800
20262363	150994945
8407203	1115136
1888323	67141633
373299	66576
77661555	1085440
61626471	2148012032
69869355	1610612992
72890979	1610613248
15592551	2147520512
71288475	1610613248
14528859	5435817984
78545751	3221229568
44386431	524306
24056403	67141696
29160051	1610612992
22011963	1610613248
37902543	4311744513
15864387	67108874
712527	1115136
17414079	1610613248
21473475	4295004160
63219255	671088644
72739671	1610613248
56421735	1610613248
59746623	1610613248
55172391	1081345
25426923	2147520512
38495139	36865
18027411	36865
15176211	28672
58476219	67108960
68212743	1610613248
7899819	16809985
39677415	671088768
59834751	36865
10517091	98306
8747079	2147487745
38016591	83918848
13116867	327684
9453723	1085440
47961123	8392736
49401951	1610612992
33593019	16781313
40262883	1610613248
1649535	67141633
19957155	150994945
19830147	150994945
64370103	16809985
49410051	671088768
29760423	1610613248
81499335	4311744513
52552203	4362076161
48683967	1085440
16452447	528386
63919419	66564
32774271	135266308
31093035	1174405120
60050859	2147520512
10941531	4295000320
24787347	3221229568
16452123	134254592
54339711	1074823168
41869599	1085440
36229731	1610612992
53775627	671092736
63353715	134283265
80095443	1610613248
51417231	1085440
141315	83886081
66399639	671088644
48956127	1146880
9608919	134221825
32854947	2147520512
10129263	16912384
73063347	134217733
65552055	1610613248
46311639	1610613248
22477551	1073745921
43662939	4101
41105607	36865
70246815	1073778688
44613231	671088768
44575323	1610612992
72751011	5435817984
72180447	4295000576
48289659	36866
79035963	1074823168
71202939	2147487746
5411823	201326593
5162343	1081348
24118287	1610613248
33173439	16809985
67694667	5435817984
63419163	1610613248
81595563	4311744513
34687167	4311748608
17349927	1610613248
38142303	4362076161
5832699	2147520512
46395879	57344
60530055	1140883456
7090143	1107300352
27978099	4362076161
70676115	1610612992
79392687	4311744513
26614059	67141633
76797123	671088768
31404399	800
57941943	1074823168
74849559	16912384
50141643	577
59462475	1610613248
45575511	518
638007	150994945
9128103	1085440
64443327	37376
27024567	83886081
60309411	32833
20904855	66050
84939	4130
74378139	1610613248
24005535	327696
23484219	2147520512
71464731	3221229568
47655267	1073745921
47285583	4130
71489031	67141633
29662575	671088768
11065623	671088644
51981315	4294971393
3263055	32840
78319923	1610613248
68089299	4311744513
73262607	32833
3290919	4362108928
7744947	1048610
64000419	671088768
13437627	2147520512
3947343	2147520512
36733875	1610613248
109563	67141633
58063443	16781314
56169339	4311744513
10500243	1610613248
9019239	2147520512
79381023	2147618816
43087515	5368713216
70284399	36865
14058087	671088768
72011319	4362108928
27932091	2164264960
15791163	83886081
56293431	524548
16340019	1073774593
8463255	1073745921
2237595	1610612992
56840667	1610613248
18420423	1610613248
57336387	671088768
17731923	98320
73806927	1610613248
67879671	1610613248
31023699	1140850689
44786571	4311744513
52385991	4099
111183	67141633
47713911	671088768
70886067	1073741860
69458847	1081345
36020751	32833
35052639	167936
59350371	4295000576
314655	1610613248
43545003	1081348
46515111	671088768
63322611	167936
28892103	1610613248
32531595	135299072
79588059	1074823168
39696207	1610613248
52387935	1610612992
8165175	40961
38946147	196610
57237243	37120
5402751	36865
44077659	2164264960
18716883	1610612992
17827827	2147487746
27204063	262162
68766783	2147618816
13770375	1073778688
58053399	57344
6804375	2148012032
53195667	1610613248
18447963	1081345
62032767	1085440
38060979	3221229568
19183443	1610612992
48184035	2147520512
16262907	4362076161
1422411	1085440
68260371	4362076161
43392399	1081345
36533967	4311744513
7827891	2147520512
70980999	36865
34595475	1610612992
37697775	1074823168
43113435	32802
77307099	37120
14648739	67158016
18048147	114688
68950491	32802
40727175	2147520512
28752783	66592
37968639	1085440
14142651	17301568
7918611	671088641
51075735	4362108928
4157943	524322
45139407	36865
69472455	67112961
70715319	1610612992
26448495	1610613248
40868115	2625536
21813675	1610613248
73674411	1610613248
3664815	1610613248
54179007	671088768
68204643	671088896
8746431	554696704
5771463	2148012032
18804687	83886081
74918247	1610613248
30155703	1085440
61118439	5368741888
21820155	1074823168
38437791	1610613248
47278131	4130
12418971	5368741888
150711	67141633
54250287	1081345
52176363	4311744513
65734143	16809986
2265135	2148040704
23718147	25088
75365367	1085440
53813211	4362076161
80774871	2147520512
10172355	1610612992
76278399	561152
56335551	2134016
30943671	1085440
30882759	150994945
9074967	321
10955463	67112962
19748823	1140883456
35539935	1081348
40566147	1610613248
31561863	65601
472767	32833
67778907	1085440
43676547	1610613248
67791867	671088768
64321827	36865
18774555	17334272
20496291	134217888
71807523	5435817984
33873279	1610612992
61275255	1610613248
45197079	2181070848
58029747	2147520512
23529255	2147520512
57788691	150995072
4872687	3221356544
56417523	537133057
72081303	2148012032
61740843	75501568
38736519	196610
71370771	4328554496
27946347	36865
44972223	1074823168
76951995	671088896
64692483	1081345
30711687	1610613248
32422407	2147520512
46389399	1610612992
35976363	1081345
56186187	5435817984
52410291	2147487760
37551327	1085440
625371	1610613248
53192103	1610613248
46970331	17334272
48569919	4311744513
53383263	1610613248
67623063	671088768
53514483	1610612992
12518115	671092736
68285319	134217733
69618903	16777282
16837683	671088768
62893635	1610613248
79399815	3221225474
46502799	671088768
8732823	2148012032
56496255	671088768
29621103	1610613248
30860403	537919492
11523111	40961
56724027	1073778688
43245627	1610613248
76495479	1085440
41412759	1073745921
68490411	1082134528
63016431	134217738
73316391	671092736
46976163	8425472
58911027	37376
28111587	1073778688
13580835	2147614721
33795195	134217733
60399483	83886081
70210203	1610613248
519099	36865
14431659	1081348
21849315	538972160
69565443	1610613248
8963187	1052676
13457067	67112962
43691775	1073778688
21559983	150994945
23200395	671088768
45563523	36865
3660927	1610613248
33606303	33284
35691891	67108929
73150503	75530240
3060555	1610613248
45449475	16814080
24588735	1075839232
79417959	1073745921
50884575	2101250
72826827	1610612992
78195507	2148564992
62899467	36865
62633787	1085440
36801915	4311744513
49029999	83886081
1352103	1610613248
2000427	4362108928
5668755	1610613248
69949059	36865
51771363	671088768
56845851	1074003969
80388663	1081348
11768055	1141374976
64052907	16781313
5655147	262162
16143675	4362076161
40389243	2147520512
54338415	2147520512
25359855	67141634
581307	1081345
878415	135299072
62999583	4362108928
29347971	1610613248
9655251	2147549186
44480715	32802
78263547	671088768
22464591	3221229568
63363111	37120
65710815	1085440
48879987	2147520512
24770823	134221825
25655019	1085440
22692687	1056772
54678291	1610613248
37996503	2147520512
75127227	1610613248
53257227	36865
36310407	1085440
34207323	24577
59936811	1074069504
51700731	1174405120
25900287	671088644
15551403	83886081
23183871	4362076161
50399871	36866
56379939	4311744513
81426111	1085440
27390363	671088644
70742859	4362108928
80019303	1610613248
36116331	2147516418
41595819	4295000065
67082631	5435817984
15985887	671088644
2215563	524802
28839939	4362108928
41481447	557120
15365751	1610612992
31434207	36865
52748223	2147487746
51359883	1610613248
885543	135299072
33262215	1610613248
2234679	2148073472
73049415	2147618816
55884219	1074270208
38970771	36865
71728143	2147520512
30791067	67158016
51045279	36865
17483091	135266308
24741663	1085440
46509603	3221291008
54555171	65793
38725503	4311744513
55440339	36865
31868367	2147520512
29844987	67141633
37189095	1610613248
72354435	1081345
5935083	1610613248
54591783	83886081
76501959	1610613248
66507207	671088768
401487	1610613248
48510627	4311744513
68441487	1610613248
17524887	671088644
39364107	4362108928
65578947	53248
50985015	37376
11753799	40961
9134907	1610613248
43291311	1610613248
69122211	524354
32737983	8392705
73972167	1610613248
72422475	1610613248
57170175	4362076161
50796771	553648384
68475831	4311744513
18537387	32833
33425835	4362108928
27827763	4295000320
23567163	671088644
27703347	4353
3897771	57344
64762467	561152
48853743	53248
60390735	1610612992
13692291	1610613248
65975523	134218753
81726783	2147520512
43804851	1610613248
40825995	1073766400
9833775	67109380
26075895	75497473
60756207	1081348
81086235	135299072
76913115	69648
35771595	671088768
1976775	50
44948895	17301506
69642879	1081348
21668523	150994945
67310079	28672
62169171	4114
62110203	5435817984
69354519	671088768
43277703	4362076161
90447	1610612992
28646511	83886081
61033227	134254592
32440551	2147520512
32241615	671088768
17780523	1107820544
47413887	671088768
28236651	327696
13606755	671088768
234627	16812032
75119775	1610613248
73359483	1610613248
11467059	1610613248
2754375	83918848
43275111	1081345
75286959	4311744513
62690487	36928
47436567	671088768
26179899	1081348
8064087	37376
10791519	1073745921
40457607	1610613248
16792647	36865
41029791	1610613248
75116859	83886081
57797115	37120
71283939	102400
30670215	24580
33053235	1610613248
24377163	1610612992
62163663	4362076161
7845711	1141112832
64719699	1073778688
740715	2147520512
68327763	671092736
9883995	68190208
25510191	16809985
57432291	4429185028
55333743	1610612992
75049791	37120
48219027	1081345
47689935	1073745921
377835	2147484674
52121931	143360
19086243	201326593
21269031	4370464768
70340775	1081345
54523743	135266308
9656871	1085440
5556327	1610613248
18580803	2147487745
30258735	16809985
56809887	4295000065
8436687	16809985
59317971	4311777280
46704003	1610613248
53101707	4362076224
80661147	2147553280
1838103	557120
6346887	134221825
24160731	2181070848
29419899	1610612992
30086043	4362108928
3800895	4362076161
81613383	1074823168
80156355	33587201
34927899	3221356544
80828331	16814080
79428975	1610613248
62952279	671088768
24996003	1073745921
62516499	100696064
34416303	4130
53205387	1610613248
47596299	671088768
28996755	150994945
62762739	1610613248
73065615	1081345
77249427	16781313
6203031	36865
7495791	1610613248
75709779	2147553280
66441111	1081348
79285119	2147487745
53779515	671088768
56824143	1610613248
18592143	537919492
43356111	671088768
63854943	1081348
26429055	1085440
71667555	671092736
5769195	1085440
14432955	671088768
61282059	32774
53041119	16814080
30506271	20512
79779219	1081348
2805891	1610612992
18726927	33284
70975491	36865
63753207	4295004160
232035	536873472
80100951	671088768
14799399	1081856
30384123	2625536
61892799	1610613248
44228643	3221229568
9270339	4311744513
59805915	1610612992
43547595	4362076161
10482099	3221229568
24768555	83886081
44491407	1073778688
8061495	2148012032
39141843	70
35568447	67141633
81522987	37120
54643623	671088896
11700663	2147520512
55202199	1610612992
28057479	1085440
61440495	3221356544
41288343	135299072
19005243	150994945
5021403	2147520512
10220631	4311744513
31025643	16809985
52997703	16912384
79732563	1081348
48365475	1610613248
49871751	17825793
37664403	150995072
16487115	1081348
35901195	2147581952
51416907	4311744513
72425391	671088644
47028327	1610612992
62486367	4311744513
64988619	4362108928
68746371	1610613248
59228547	1610613248
63475539	1610612992
47690907	2148012032
53575071	671088768
65319099	5368741888
80805003	1073778688
78920295	1085440
79591623	36865
52019871	1610613248
11165739	135268352
73139487	671088768
54460563	536903684
64292991	1610612992
34397835	536871172
60606519	1081348
71017935	1073745921
28713579	1610612992
28373703	1081348
10601007	2625536
29581899	150994945
15045963	1610613248
2425839	1082134528
73462515	2147520512
38665563	536903936
23592111	201326593
1561083	1610612992
34496655	2147487746
2203899	36865
9360411	1610612992
14415459	1610612992
18759327	1074823168
16184175	528385
27486591	4311744513
60357039	1610612992
53948643	8425472
19726791	4099
6297315	36865
32320995	6442455040
35559699	83918848
6697455	16809985
38342211	2147553280
18433059	1073774593
67117947	1081345
32976771	1610613248
29298399	68608
43266039	1610613248
14754039	134217860
80903499	671088768
50683371	537919492
52557387	57344
39853023	16809985
46559499	671092736
13869519	2147520512
6814419	1610613248
39068619	1073745921
39576651	1085440
11376339	1610612992
67590987	75497473
73314771	2684358656
43177587	4362076161
27023595	150995072
37416867	1073745921
2862591	32773
52588815	4362076161
66501699	1073778688
13083819	8425472
20057919	1081345
15063459	4311744513
13593471	1610612992
72109491	1610613248
64527243	671088768
39332031	196610
33689571	1610612992
47580423	1610613248
30321267	3221291008
6111339	4362108928
60462339	36865
3023619	1085440
72617199	1085440
26065527	201326593
56659551	671088768
65178159	4362108928
21974703	671088768
45482847	4362076161
30296319	1610612992
4914483	557120
66607647	16910336
38264775	1610612992
60872847	4362076161
51248427	17334272
79821987	1085440
691467	1115136
32176491	1073745921
60050535	1212416
1083183	2147483682
73326759	671088768
35218527	1085440
10677471	1082134528
32376723	1115136
62102427	33587201
4662735	4395630592
28420035	1610613248
24154575	292
27456783	1085440
65634999	67141634
40278759	1610613248
16927755	97
136455	67141633
52244403	2147495936
10347315	1610613248
72953511	5368713216
66547707	1081348
65955435	1074823168
51322623	83886081
25606743	2147495936
34406583	53248
42085383	2147647488
64684383	17301568
5198307	37376
22121475	671092736
10410495	1610613248
75934311	1073778688
63096459	524322
67526835	17334272
24160083	83918848
68413299	1610613248
61953063	1085440
32858511	4296048640
12893631	671088641
35204919	2147520512
81071331	167936
73891491	37376
69092403	4311744513
70816731	83918848
49932987	671088768
384639	135184
36926979	671092736
78178335	83886081
66795	1610613248
773115	4362108928
43271871	1174405120
22746795	70
61875951	67141633
25943055	671092736
12428367	5368741888
30294375	75497473
79865079	4328554496
41509635	671088644
42567171	28672
369087	1056772
26266083	2147520512
15792783	67141633
8526759	134217794
72206367	1073774593
44170971	1074270208
52304991	4311744513
66450831	4295000320
53720223	67112961
81722247	17301568
45146859	671088768
72908151	1074823168
35488743	1081348
33282627	33587264
18825099	1073778688
18837735	83886081
10972635	6442455040
79543023	1610613248
1476195	1610613248
41060895	671092736
7609839	1085440
42850347	524353
42307971	1610613248
12593931	2148012032
79698867	1081348
854763	32802
47639715	2147487745
68304111	1610613248
11225679	1073872912
42712647	68190208
30218883	671092736
13054983	561152
38351931	268439584
49342335	17301568
30472251	16814080
15960939	67649536
2972103	1610613248
16981539	36865
15764271	4295491648
20379975	1610613248
33860967	36865
1078647	83886081
26488347	1085440
79747791	1610612992
24976887	1610613248
13674471	17334272
71186739	1610613248
77238087	1610613248
62927331	3221229568
17823939	67141633
47764455	524306
44896407	2147488256
13397451	36866
55206411	4106
65190795	4362108928
44879559	1610613248
7660383	1610613248
76821099	1073766400
50058699	1081348
57745599	2147487746
64780287	35
44062755	2147553280
27593511	67108929
4343919	2147618816
26862891	671088644
1923963	1610613248
45688587	16814080
18863007	17301568
61733067	4362076161
32654715	135299072
72006135	5368741888
41205723	36865
63435363	4295004160
3820335	2147520512
31058367	4311744513
79176579	67633160
6436635	1081345
61907379	1610613248
75545511	37120
17626299	4354
80581767	2147520512
2347431	1073873408
19430979	1610612992
56737311	537919492
29292891	134217733
10377123	1610613248
2190939	1610613248
26429703	1082163200
72817431	67371009
60163287	1085440
70881531	134217731
71881395	134218753
69598491	36866
26247291	17305600
59303715	1610613248
15056979	83886081
78881091	671088768
17016531	3104
53441259	4362108928
1601907	36865
62459475	4362108928
3003531	2147520512
3300639	2164264960
41097507	100663298
52822419	2147520512
41260803	2147520512
15373203	1610613248
44608371	1073873408
42683811	4311744513
67534935	4295000320
51316791	1610613248
7950039	1073778688
14589771	67141633
12176619	671092736
46451607	4395630592
77718903	16809986
50998623	4395630592
44499831	4362108928
24047331	1610613248
67657407	83886081
14916039	16777282
20165487	1610613248
14818515	536871170
8612943	67108900
43256967	671088768
28380507	40961
22218999	33028
39465519	1082134528
75963795	37120
76378191	1074823168
81516831	1610613248
80211759	16781313
80680911	671088644
35172519	134250500
34591911	4311744513
12633459	1610613248
80621943	4429185025
54891483	1610613248
73699359	2147520512
41473347	1610612992
78327699	4226
50619543	1610612740
14477343	671088896
37321287	4295004160
70368639	3221229568
41541063	1610613248
66228243	1073766400
37222791	1610612992
60481131	2147520512
77044983	1610612992
58967079	1610612992
37312539	1081345
33927711	4311744513
23898615	16814080
50680455	2147520512
10095243	1610612992
14157879	4395630592
69916011	1081348
48632775	16777282
31393383	800
27731211	1610612992
68624223	2155876352
120579	134250497
7506807	83886081
32648883	83886081
77579259	134217860
99519	4294967361
36809691	67108867
1312899	4311744513
74881635	67141633
15671607	4295000065
1753215	2147520512
37348827	196610
54831867	135266305
9790359	671088768
53165535	327696
4907031	150994945
54173175	1074823168
59074323	1610613248
19954887	150994945
51434079	2147520512
1769091	1610613248
38912775	4311744513
60173655	17334272
16618335	536871170
60861831	1610613248
26839239	671088768
51267219	578
81372327	1610613248
75176475	4296048640
14485767	1085440
61630359	24580
21759243	327681
13218927	1610613248
2709987	4130
459159	4311744513
29891319	1610613248
73318983	1610613248
34443843	800
7476351	8425472
51941139	1610613248
41858259	1610613248
25548423	70
130623	67141633
20522859	67108870
8217339	1085440
65477535	57344
8098431	2148012032
81112155	36865
14069103	1610612992
78764775	37376
70365723	33296
23561979	2147487745
27770415	1081348
23084727	2147520512
33712251	36865
489939	671088768
53591595	1610613248
77822259	36865
16740807	1610613248
57763419	1082163200
44556207	1073774848
44847807	17301568
53608119	83918848
13766163	67
16828611	1610613248
52268055	1085440
67408251	32802
19282911	1081345
19900131	150994945
52177983	4395630592
30582735	4130
18337155	1610613248
21402843	2164264960
40403175	16809985
77817399	1610613248
58300611	1610612740
52339659	17301568
56649831	135299072
2562891	57344
29301639	4099
1924611	1610612992
31750431	67141633
54071115	1610613248
38620851	1073774593
51532575	2147618816
952935	4295004160
51573399	4295524352
30519879	75497473
2697027	528386
26406051	532482
43122831	4311744513
65592879	1610613248
75882471	537002240
65017779	1610613248
38073939	1081348
52554795	671088768
81461427	36865
61899279	548864
72381003	36865
1634955	3758096384
21883011	53248
53697219	1610613248
49488135	2147520512
6584055	16810048
14741403	17301568
39434739	577
30312519	4311744513
41797671	2147520512
5635059	1610613248
38591367	4362076162
485079	4295524352
14581995	134217860
845043	1610613248
60356715	4362108928
2246991	561152
34070271	4311744513
36109851	32834
44374767	1610613248
57804243	2147520512
78356859	1073778688
3127947	1073778688
61349775	32833
12550839	2147487746
44161899	1610612740
27020679	150995072
52786131	1610613248
34964511	2147749888
34400427	4429185025
18838383	150994945
76535007	1073745921
32284383	4130
1558491	2180
61395135	100696064
23661771	37376
32302203	4362338304
30526683	537919492
30078915	8392705
71802663	2148007938
43540467	671088768
47017311	1081345
70349847	1073872900
69238203	3221229568
1126599	1058
56702643	16809986
18531879	32802
544695	1610613248
68875323	4429185025
50527527	4296015873
55013955	4311744513
39314535	67145728
30142095	1140883456
4564239	4362108928
24968139	1610613248
14921547	1610612992
67991775	32833
14703819	1081345
28826007	671088768
56120091	4311744513
37779423	671088768
71270655	1073778688
6760635	1610613248
535623	67141664
21672411	671092736
62881971	1085440
3665787	67141633
343491	4295000065
73017015	1081345
53393307	134283265
2616675	1048582
14976303	327696
661659	2147487746
37151511	167936
27351807	1074823168
71619279	1610612992
40869411	37376
43984347	4311744513
19004595	150994945
57447519	1610613248
36003903	1610612992
13432767	134283265
21669819	150994945
5608167	4311744513
26623779	3221229568
40211691	1610613248
33592047	1610613248
71917035	83918848
18901239	1073774848
78419067	671088644
53562111	4295000320
68712999	1081348
69778635	561152
3144471	1610612992
50706699	524354
11666967	1610612992
11448267	4295524352
24599427	8425472
75421095	1140854784
53616219	2101312
19714803	3221229568
76446231	1074823168
34235511	671088896
52144287	134254592
34551735	1074008064
51121419	4429185025
54282687	1610613248
2794227	327696
81298779	1085440
13948899	134217733
27326535	2147520512
3005151	4328652800
51585387	2147483682
25323243	1610613248
55112127	150995072
15657351	33619970
52229175	1081345
68525403	2147487745
55730643	536907776
41458767	4311744513
28460211	4311744513
78620919	17301568
16779687	671088644
78155979	134283265
49192323	1085440
75794667	1081348
39780447	8425472
19660695	524354
22353135	1074270208
50412507	4362076161
11831235	2155905024
60838503	1610613248
68736003	4353
10909779	2155876352
41061543	2147520512
20039127	2147487746
12560559	1610613248
53622051	4295000576
43917927	1081348
23750871	1081345
54645243	1085440
53831031	1610613248
238839	4354
50888139	1073745921
12172731	1610613248
2855787	2147553280
69199647	2147520512
48033051	37376
12284511	2148012032
35939103	1073778688
57428403	4294971393
19739103	134250497
56332311	5435817984
934143	4312268800
759831	16843776
78601479	4362108928
22488567	3221229568
17673927	2148012032
32767143	16781313
2281659	5435817984
50148771	1074823168
28075623	2147487745
35144331	671088768
32498547	1081348
2907627	1085440
32672535	67158016
10464603	1073745921
44430495	4362108928
77094555	1610612992
7054179	1073745921
42730143	5435817984
18978027	4429185025
65503455	1081348
43377171	67141633
10071591	1073778688
50700867	671088644
32164179	1610613248
63160287	1085440
27449007	67141633
5250471	4130
6823491	67141633
60586431	2625536
58345323	2147520512
44194947	16809985
60086499	1074823168
117663	134250497
42846459	1073778688
44238363	1610613248
11836743	67108929
11568471	327681
80523123	100663298
4402239	16810496
81280959	102400
92715	2147520512
63443787	16912384
60452295	134254592
54853899	327696
46178151	16814080
4529571	1610613248
20189463	1610613248
60150327	1085440
6528003	2147483682
3220287	1081348
81376215	528448
35160855	1610613248
71784843	2147487746
46201803	1081345
93687	134250497
63393243	36865
35683143	4311744513
62224575	4311744513
2199363	4362076161
2563215	1073778688
70679355	16777281
54025431	67141633
33816255	2147487760
64500027	67108929
73411323	2147520512
59157267	16814080
62666835	1610613248
5967483	201326593
44264607	36865
43403415	671088768
42612531	1074823168
48881931	2147520512
7474083	1610613248
642867	2147520512
45692799	36865
16174779	4295000065
27439287	201326593
31406991	1610613248
75898995	4362108928
63649527	1610613248
31249527	4362076161
14758575	1610613248
72834279	2147487760
12898491	671088644
56596047	1074823168
2027643	4362108928
78926451	1085440
58937271	83918848
24271863	117440512
67531047	1610613248
10015863	2147520512
20964147	32834
42286587	1610613248
44655027	36866
10082607	150994945
22817103	671088644
31172091	1610613248
74387859	1140854784
35483235	2129922
15960291	1610613248
4682823	557120
29182407	671088768
48876099	1610613248
69458199	37120
4054263	100663298
81667491	1610613248
28443687	1610613248
36162663	1081345
22485975	671088768
7570635	4362076161
65869575	2147520512
80702619	1073766400
215511	36866
11916771	1073778688
72536199	83886081
68722719	1073778688
66934563	1090551808
2829867	1610612992
12749451	2129921
35973447	2134016
53626263	1107296320
66099291	134217733
52552851	102400
62535939	3221229568
8532267	1610613248
40438815	1074823168
44659887	671092736
18892167	2147520512
51504711	1081345
41997579	1085440
40371099	2147520512
4092819	16777792
48907851	561152
16943307	2147520512
27828411	4295000320
67672635	1073745921
18157983	1610612992
31650963	1610613248
32276283	67141633
67208343	2147520512
7616967	1610613248
21767667	327681
11834799	37376
74328567	1085440
14242443	2148012032
18615147	1610613248
4832835	3221229568
46923999	1074823168
77350191	36865
47382783	671088768
17255967	4130
67687539	1610612992
20240331	2147487745
36241395	2147553280
577095	557568
12027903	83886081
35486151	1610613248
28748247	671092736
5822655	32833
5615943	1081345
73863951	2147520512
42623871	671088644
71207475	4295004160
143583	1610612992
3923043	2147483682
67362243	150995072
3814503	1610612992
65206347	2147487746
13344315	17301568
1423707	83918848
31841151	1610612992
63961863	24580
1358259	2148008000
60821331	2147520512
58784667	36865
9215907	671088768
4850331	671088644
18996171	201326593
18830283	2164264960
53121795	1081348
45547323	16809985
3387471	557120
6004743	1085440
69496755	1610612992
65513175	135184
38951331	536903936
36249495	4295000065
67979463	53248
51896103	3221229568
20560443	4311744513
61661463	4295004160
55813587	1073774593
70473939	327696
77396523	67141696
53802843	1610613248
53692683	577
47266467	37376
33729423	135266308
60542691	261
8762307	1610613248
24078435	8392705
31419951	1610612992
75101955	16814080
20812191	6442455040
1757427	167772161
48523587	557568
66042915	36865
2679531	1074823168
49816023	67141633
728079	1610612992
79694655	2147520512
12241743	1610613248
62142927	671088768
41940879	1610613248
27578607	32802
39464871	671088768
70554615	134217793
71571327	4353
38153319	2147487760
30426891	17858560
74722875	37376
11965371	40961
26613087	4362108928
32536131	3221229568
64645827	1610613248
38106987	16809985
17729331	1081348
70312911	4311744513
51024867	671088644
78503307	196610
77307423	5435817984
35700963	2147553280
18792699	16810496
26254419	4295004160
68774235	67633154
60592587	16912384
41044695	67141633
7743003	1610612992
60641187	3221229568
49467723	135266308
43968147	2147520512
39690051	671088768
14281647	2148012032
37366647	196610
58634655	1085440
61268775	8425472
78128763	33652736
10010355	671088641
37464171	2147616768
28928391	1610613248
54349107	17334272
75104871	2147520512
3629823	67141633
55285467	16777249
42780687	1610613248
57738471	2101312
32213751	5368741888
53160999	36865
26164023	1610612992
23763507	2164264960
75562035	1610613248
22725087	16781313
54740499	24577
49598943	24832
78976347	1610613248
26284551	1048836
2089851	3221749760
65807691	1074270208
27505707	537133057
18968631	150994945
37670235	4295000065
46672899	1085440
36728691	2147520512
22120503	4130
3045975	2147647488
2379507	1085440
72251403	2147487746
11325471	6442451008
17624031	32834
51144423	36865
14449803	1610613248
25663767	1081348
36608163	268437506
71837979	1073778688
14764731	2147549185
59046783	2156396544
73832199	4311744513
57145551	671092736
58623639	1107329024
49782651	671088768
24113751	2147487746
24913707	2147520512
2229495	2147520512
74666499	4362108928
12227487	37376
35321235	4295000065
12624711	536875012
23792343	8392705
28590459	134742080
12775695	1085440
12455907	671088768
813939	1610612992
34172979	4102
2268699	1610613248
6768087	134217733
77566623	1081345
13526727	1610613248
78063315	1073872912
49616763	2147520512
2321187	9469952
40765407	1107329024
69047043	4311744513
347379	131090
65593203	134217733
77937927	134217860
13121079	40961
57023727	16809986
64122243	331776
41148051	36865
46727979	4311744513
38829507	4362108928
58832295	36865
71671443	1610612992
12491547	536870917
133863	134250497
14876187	671350784
29090067	134217860
59786475	3221229568
38703795	2155876352
15397179	1610613248
51802791	32833
22356699	1610613248
79707291	2147483654
24748467	2147483666
26394387	671088768
1975479	2147483682
71431683	1610613248
56851359	36865
70872135	4295004160
81670407	1073745922
40049043	36865
80113263	16908290
8895147	1610612992
70020339	4311744513
65565987	16644
81463047	4099
26564163	1610612992
4828947	671088644
67184367	2147520512
33299799	578
34598391	537919492
47897295	671088768
42503667	1085440
37110687	4296048640
57132267	40961
52890783	1610613248
80037771	2147520512
37205619	16781313
2227227	4362108928
62776671	1610613248
54541887	671092736
33891099	8421377
63755151	1610613248
7447515	1610613248
15768807	83886081
2234031	4362108928
70510227	1610613248
46846239	671088768
361959	1074823168
69249219	1073872900
64668507	16809985
31553439	8421888
34586079	1610613248
23427195	1610613248
6797247	36865
19179879	1083179008
7856727	20482
29224851	1610613248
218103	4311744513
8839419	2147520512
61739223	1081345
9115791	327681
1771035	1610612992
38664915	1074823168
29561487	1085440
7301715	1073745921
12924735	671088644
60665487	1610613248
48714099	2181070848
46583151	36865
66439491	1610613248
55263759	4102
47114511	2147520512
72494727	4362108928
32547147	4294971393
1848471	1610613248
66740811	4311744513
33820791	671092736
32015139	1085440
74699223	1610613248
36968775	1610613248
61279143	134254592
46835223	16777281
52961739	1610613248
54426543	2147618816
2960763	561152
33051291	32864
18789459	1610613248
9035763	33344
37030659	671088768
61956627	24580
11125239	1073745921
33117387	37120
34548171	36866
71423907	2147520512
420927	1610612992
34142199	36866
33947475	1610612992
81508731	671088768
69207099	1085440
36411819	150994945
30712983	671092736
33213291	57344
75771339	4295000320
12171759	671092736
52694439	1085440
37523787	1610613248
68677683	671088644
70009647	33587202
34609083	33591296
68844219	1610613248
65254299	1610613248
15523863	83886081
25066635	1073778688
17111787	134218880
12034059	2147487760
23992899	1081345
41053119	1610613248
65732199	2148040704
13956351	2097412
73208175	3221229568
39735735	1073778688
14723907	1081856
39304815	196610
7134531	36880
54217239	134283265
11083767	1085440
75017391	1610613248
44538387	1610613248
77167455	17301506
80333259	1081345
28747275	1610613248
40063299	671088768
36775347	1610612992
47683455	150994945
10305195	1610613248
34489527	1610612992
21220755	671088768
47510115	4362108928
57567075	536887552
75367311	135266308
78683127	671088768
752379	4295000065
60833967	163841
4938459	150994945
10516119	2147553280
3055047	2148012032
8814795	1610613248
29132835	4311744513
33943263	33591296
41452287	33591296
80175147	1073747968
38006223	8392736
393063	16809985
21702219	557120
933495	1081345
30705207	2147520512
61309275	1085440
74747499	38912
8172951	4328554496
75713991	1081345
75167079	4328554496
44923623	201326593
48358347	800
55143231	1073778688
58610031	1074270208
40450479	67141633
78993519	2148012032
23617383	800
17324331	201326593
75632991	86016
60303579	1610613248
70731519	3221229568
41336619	1610613248
62672019	36865
2465691	1081345
62995695	67141696
38753367	25198592
49260687	1610613248
36265371	36865
2241159	2147483682
54348783	2147520512
39870843	1081348
23459595	1081348
6587295	150994945
64791627	1073742592
469527	150994945
1487859	4429185028
19476015	1074069504
37922307	33591296
38515875	67141633
21454683	1610612992
22930827	1081345
212595	671088768
66377931	40961
38925087	4362108928
60943803	1610612992
8792115	1085440
64267071	16814080
56637843	1610613248
4913835	1073778688
38769891	1610613248
70387755	1074266176
80682855	4311744513
55885515	67141696
867723	57344
2896287	40961
56276259	5368713216
716415	83886081
64434903	1610612992
56157999	16418
1723083	1081360
65061519	1610613248
31578063	137216
24397251	150995072
74634747	32785
71515275	4328554496
1129191	1610612992
8364759	1085440
47415183	1610613248
47194215	671092736
75952455	1073774593
52753407	67141633
15768483	83886081
48288363	1082163200
26832435	2147487760
31989867	67141633
13643691	4226
22150311	671088644
466611	4362108928
68861715	1610613248
53433483	1610613248
19383999	36865
32591859	36865
5048295	1610613248
64053231	1081348
38623767	2147487745
5422191	32833
14582319	1610613248
42927783	671088768
78809487	102400
68870463	2147520512
75104547	268568576
78167319	1107300352
17876427	1610613248
33373995	7
70191735	1081348
79171395	36865
57723	16777984
67800291	36880
17804499	36865
27178791	1610613248
28155003	671088768
22430571	1610613248
4759287	67158016
27822903	4295000320
7869363	16809985
73907043	671088641
1566267	1610613248
19679163	135266305
37368915	196610
15732843	327681
40687971	1085440
55855707	36865
43788003	134254592
3360579	1081348
63112335	67108929
70279215	150994945
81664575	36865
78797823	4295000576
58807671	2147524608
3040467	1610613248
63608703	134221826
53789235	1085440
48770151	24608
106647	134250497
24816831	1610613248
14688591	1610613248
3674859	1610613248
24477603	2147487745
78490995	532736
12518439	671088644
1274667	524322
75390639	1140883456
79947051	1610613248
60332739	16777281
10107231	4311744513
56688711	2147487760
32453835	67141633
8109123	2147520512
504843	134234113
46465863	36865
55448115	673185792
46490163	1085440
58637571	1610612992
27014523	150995072
41119863	4295000065
77868591	4311744513
5453295	36865
34535535	4295004160
75138891	1074823168
26343195	1610613248
62014947	67108929
33094383	1610613248
58211835	1085440
57460479	4328554496
18165759	2147520512
74523291	5368713216
1455135	37120
75050763	1610613248
1211811	1610612992
77159679	1081345
74621463	1610613248
70521567	36865
45003651	1610613248
75343335	1082163200
77362179	1610613248
6192339	2147581952
50409591	671088644
34021671	36865
25207251	150994945
62451699	2147520512
2971455	1610612992
20240007	37120
75933987	536903936
75675435	557120
78955287	1073778688
23222427	1610613248
8742867	524353
42793647	17301568
39138603	1610613248
31897527	4295004160
68582103	1610612992
48077763	5368709121
51622647	1610613248
45403791	327681
3847875	1085440
43623087	2147520512
57752403	36865
22126659	83918848
2541507	2147483682
16844163	4099
63451887	36865
28785831	134218241
21690231	671088641
4488423	1610613248
37641075	1074823168
31368759	1610613248
48651	1610612992
23584011	4311744513
69875187	4362108928
24568647	4353
41289639	4295000065
8807343	1085440
32371539	1610612992
61957275	2164264960
55142259	2147553280
24162351	1610613248
19206123	2148012032
79403703	3221225474
7688571	1073905664
80174499	36866
38037651	83886081
29991111	70
16093455	4295229441
2270643	1610613248
69874539	4362108928
55213215	2147520512
72721527	671088768
33490311	36865
919887	16809985
52701891	536904192
4257411	2147484674
37017375	1074266176
22445151	1090519041
37466763	67141696
30672483	2148012032
48427035	8425472
51226719	1610613248
67150995	16809985
1636899	4311744513
112479	134250497
15566955	36865
59506215	4362076161
72238767	4362076161
22443207	1610613248
2372379	1074823168
78786159	20512
35934243	67141633
33491931	4362076161
73804983	3221229568
25393551	5368741888
39922359	4295000320
47040963	1610613248
45269979	1610612992
26922183	33558529
5635383	4395630592
79580931	1081348
8110743	4295001088
27626883	671088768
14243415	1610613248
33205839	671088644
55091715	1081348
63423699	40961
430323	2147487760
67189551	53248
43250487	671088768
79863459	1610613248
22247187	4295000065
8717595	671088768
27133431	134217793
53569563	5385486336
1277259	2147483682
45144267	4362108928
27150279	671088768
32839071	3221229568
68487819	24580
20193351	1073778688
71346147	4311744513
60601335	1081348
63817359	1081348
11313483	2147520512
56228631	1082163200
67449723	1610613248
38079123	8425472
49831899	671088644
976263	1610613248
65949927	67108936
80072439	1081345
80370519	35
622779	4362108928
42621603	671088768
31615971	1610613248
5625339	36880
68868195	4362108928
26030211	1074823168
16797831	536903684
10429935	2147487746
37014135	32833
57627663	3221229568
56933979	1085440
40161795	4295000065
20766507	4311744513
33027963	2147520512
2380155	4294971393
7894635	167936
54494583	2181070848
3792147	3221229568
54212055	36865
43656135	1074823168
63656007	1082163200
40700931	4294971393
49799499	1610613248
71331	1610612992
24609795	1610613248
71823723	4130
62882619	2147487746
65409819	8425472
12075855	1610612992
34881243	561152
67120215	1610612992
27174255	2101250
52190295	2147520512
36812931	134254592
63962835	4294987776
21284259	16912384
29455863	671088768
78490671	8322
29530383	1610613248
11073723	1610613248
20351787	1610613248
13805691	671088768
54360771	1085440
47514651	2147520512
217779	4395630592
47584311	524353
62293263	2148012032
72911391	4328554496
25855251	1610613248
32161587	83886081
37904163	4362108928
59582031	83918848
36055743	24580
9478023	1610613248
68261991	1207959680
68002143	1074823168
53665467	671088644
46314555	671088768
135807	67141633
49070499	1610612992
57829839	134283265
42353655	1140883456
69148779	1610613248
10563423	67112961
3840099	45056
46403979	4294967553
45475395	134254592
51593487	2147520512
30410691	327696
53643111	1610613248
24899451	4296048640
30083775	36880
44201751	1073778688
65048235	1610613248
44028411	2147520512
56388363	4295000065
12485391	671088768
40052931	561152
51789183	1350565888
19130307	1073745921
47316039	671088768
12771159	4311744513
32396163	2147483682
1074435	36865
27576663	134217733
66263883	4295000065
32108451	1610613248
17905911	83886081
36339567	671092736
59554815	1074823168
9859047	2147520512
74476311	1610613248
11512419	671088768
30008607	4328587264
81608199	36865
65279571	2164262912
67428663	1140854784
4769331	671088768
8974527	1049604
1813803	2147520512
37433067	4295294976
46725711	67141633
36690459	137216
51795987	67141633
78048735	150995072
63138255	8392705
1700727	1610613248
37410063	32802
38925735	53248
7709307	2181070848
18631671	8425472
74863167	16809985
80362743	4295000065
18437271	1048610
53378403	671088768
72503799	16809985
5254035	4328523776
48632451	1610613248
79534599	1610613248
9492603	561152
46345335	1085440
51240975	2181070848
31155	2147553280
10109499	1610612992
23203311	4311744513
2268051	1610613248
49705863	1114116
52288791	1610612992
72501855	1610613248
34681983	1140850689
5171415	4295000065
27844287	4295000320
51389367	2147487746
79305531	8425472
32875683	1610612992
72765591	83918848
41921763	36865
62582919	4099
35878515	8425472
49496559	196610
14502291	2180
32270451	1610613248
32786259	36866
80868183	37376
54569427	671088768
77086455	4295065600
40051635	8392736
28191615	671088768
16276515	33554438
39109767	196610
15588987	67141633
64005603	1610613248
53710827	1074790404
41449695	1610613248
78284607	33652736
31292619	671092736
66346503	53248
54443715	67129344
20922675	2147553280
33649071	16809988
8457423	36865
1797927	671088768
44389347	67112961
670407	2147520512
40746615	671092736
5935731	1610613248
27098763	671088644
79756215	33587712
57075243	4362108928
31767927	1610612992
58233867	2147516417
62232027	67112962
17840787	671088768
37435983	327681
78668871	1610613248
53547855	1610613248
62466603	36865
65022963	1610612992
58582491	1074823168
52328643	1073778688
63916827	150994945
43370043	4362076161
50656155	36865
5063523	1610613248
77020683	1081345
23955639	1610613248
140019	36865
6725967	1073745921
65946363	1610613248
16285587	4362108928
30613839	32833
21206499	150994945
33472167	1610613248
28613787	2147520512
61272663	2181070848
68604459	36865
55987251	36865
2029587	134217733
56053023	1610612992
25005075	1074823168
46963851	40961
40921251	17301568
9017943	1610613248
5635707	1610613248
64511691	45056
13481691	1212416
1270455	3221229568
64757931	671088768
78706779	1073778688
76619895	1610613248
34145115	671088768
166587	276824576
25600587	2147520512
59690895	5502926848
67921467	4101
3912675	4295000576
1010283	1610613248
68367615	1610613248
79004535	37376
65544603	75530240
35834775	1073745921
47399631	83918848
34613943	1610612992
28826979	1610613248
8907783	1610612992
46597407	1610613248
61649475	16912384
67425423	37376
70911987	525056
59719083	2181070848
72375495	2147520512
38372667	671092736
73740183	1081345
80277531	2214596608
31884567	1610613248
117015	134250497
51299943	1610612992
20814459	1610613248
49096419	671088768
75855255	37376
38705739	4296048640
26259603	24832
66912855	16809985
26329263	1090519041
13634619	1081345
57345135	67141633
65418567	1610613248
6461907	1048610
34401399	4362108928
36120219	1140883456
51199179	32833
59317647	2147487746
37382199	196610
14011755	671088768
44676735	2147520512
24581283	4362108928
80410371	20512
36120543	4295000065
34639215	1610613248
34519983	671088644
18870135	2164264960
56779431	67108870
53605851	2101312
685635	8392705
38289075	1073766400
24284823	327681
39083523	37376
70877643	36865
55516479	2147520512
5852139	536872964
24383643	3221229568
25148931	1610613248
48555015	150994945
40839927	1081345
48342147	671088768
57272883	671088644
54971835	3221229568
35806587	327681
22667415	671121408
1632039	1610612992
907575	1610612992
79313307	1073872900
51733779	1610613248
22963551	1081345
72250755	671088768
1212459	1610613248
56360823	1610612992
13487847	1610613248
64457907	36865
23391555	1610613248
54066579	83918848
42946899	4311744513
78081783	1610613248
43383975	67
41567307	4311744513
28632579	1610613248
67144515	8425472
17641851	67145728
38837607	33591296
33950067	671088768
50283879	36866
1699107	524354
37020291	1610613248
35800431	17301568
53079675	1073778688
52436535	8392736
30403887	671088644
8607111	4311744513
51402651	1085440
24970731	671088644
44616147	2625536
12895251	671088768
57965595	67141696
31967835	2147520512
70977435	1610613248
6983871	36865
53330775	5435817984
38231727	2147487760
5894907	8409088
54433347	4102
79612359	16814080
38305275	75501568
6086391	57344
60928899	4226
24954207	67141696
63185235	1140883456
33725211	57344
5276067	134250500
1306419	1610613248
50509707	1073745921
36177567	67141633
53712123	32833
36772431	36865
427083	1610613248
76056459	1610612992
21451119	1610613248
58756155	4102
58598691	4295004160
43902699	536875520
61555839	4362076161
76826931	2147487746
75678027	69633
19858335	150994945
23730783	36896
2220099	1610612992
3911379	1610613248
72262743	67141633
39583779	671088768
80387043	1610613248
52845099	671092736
28643595	2148012032
5210943	800
16895679	134254592
73879503	2147487746
10045995	32833
60870903	5368713216
69258291	671088768
29506407	1081345
74417991	1085440
67281567	16809985
66166359	1073778688
64370427	2147520512
61662759	4295000065
3633063	1610613248
3540723	1081345
11909643	1073745921
30957603	1610613248
75146343	5368741888
66028335	1085440
28057803	135266308
32846847	28672
35953359	36868
8040759	1610613248
25360503	36880
26976615	36865
51338175	4311744513
75585687	2147520512
1972887	2147520512
58663167	4311744513
20541003	1074823168
39518331	671092736
79279935	16809985
15144459	16809985
16785843	4295000065
16706139	1048582
40764759	33591296
77595135	16814080
48245595	1610613248
81163995	1085440
38676579	1610613248
73042611	4311744513
47944275	134221825
68036487	4362108928
26633499	4295000576
78121635	4311744513
43925379	4395630592
11867847	2147520512
18863979	4295000320
53252043	671088768
18133359	32833
30916131	4295002112
49998759	4311777280
34880919	4130
46849803	1610612992
650967	671088768
78824715	4328554496
24004563	1074823168
28943295	4295000065
990195	16809985
5098191	5435817984
56424003	671088768
79751679	1073778688
33385011	1610613248
46454847	1085440
55779	4362108928
31039575	1085440
53921427	1085440
78204579	5435817984
43098531	671092736
5237835	1610613248
8126943	16781314
54870099	1081345
79776951	5435817984
52944891	5368713216
57309495	1085440
481515	98
64014351	67
56398731	36865
59019	2147520512
21731379	16809985
1206951	134217734
62701179	536903936
33268371	134254592
49460271	1085440
565755	4429185025
55278339	2147520512
81154275	83886081
415095	1610613248
14210043	1610613248
29352507	4311744513
47461191	1081345
67910451	671088896
81599127	4311744513
68372151	1610613248
29887431	1073762304
36880971	8421377
53748735	4362076161
7853163	4362076161
2311467	528448
51999135	1610613248
28736907	36865
22312635	1085440
78647487	1074823168
19587795	4362076161
53832327	3221229568
1228335	1081348
60416655	4130
63257163	1073745921
64121271	3221229568
2798763	671088768
1529331	1081348
50497395	4362076161
11592123	16809985
14699607	150994945
728727	1610612992
13085115	36866
32316135	2147520512
38185719	67141633
21906015	1610613248
10259187	1610613248
72306483	671088768
42338103	1074270208
72937635	83918848
21691203	1610613248
60183699	32833
38456583	5368741888
75345927	2147483682
30249987	17858560
60855675	1610613248
21201963	327696
19040559	1572868
39369291	2155876352
20113971	98
53903283	1082134528
66981543	4311744513
25290519	1610612992
9176703	1085440
16398663	17301568
71749527	671088768
69189603	4362076161
28407075	1090551808
74884551	163856
14507475	1610613248
32867583	4362076161
35794275	1610613248
45519135	1085440
48869295	36865
7616643	1610613248
46652163	37376
57375915	2684358656
9212343	1085440
49592787	134217858
78258363	1081360
33137151	2147487746
43015587	1073766400
5505135	2148012032
40500699	671088644
68443755	1085440
47296923	671121408
71141703	8425472
51473283	1074823168
1964787	45056
8689407	17301568
79549179	671088768
68544843	36865
15325899	1610612992
12364215	671088768
56315463	1073745921
58021323	1074823168
18639123	150994945
8928843	2147487745
3813531	4294971393
22426035	671088644
28647483	1610613248
30902199	4295000320
27617163	2148012032
23038395	1610613248
67668747	1073778688
79307151	201326593
58745463	671088768
4031583	1081348
27808647	36865
54757023	1610613248
81747843	2147520512
57254739	4353
63383847	4311744513
38579379	134254592
2955903	528386
71239875	196610
74983371	2147520512
45342231	1081348
15917523	67141633
79821015	1081348
5116335	4362108928
65731875	2147520512
49641063	536872964
51579555	1073762304
51316143	37120
21541191	4311744513
25357911	1140883456
1264623	1085440
53863107	524293
39840387	671088768
55545315	67141633
10289643	1081345
21713235	1073766400
43328247	671088644
16435599	671088768
56930739	16777226
46957371	536903936
42128151	4328554496
59617023	1074036736
80256795	4328554496
59970507	3221229568
39969663	1610613248
571263	268472320
11105151	1610612992
44306079	2147520512
76177635	4311744513
71179611	1073778688
34907487	16777221
30775191	671088768
47389911	4295000065
78826335	1074823168
26268351	4130
5020755	1610612992
53499903	1610613248
67932483	32834
32263647	135424
41864739	4295000065
9254787	1073778688
32956035	36865
11970879	327696
39765543	1610612992
71716803	1081348
59633871	36865
45345471	536903684
75736671	4362108928
55256307	69648
75626835	1081345
72274083	1610613248
32347887	36865
54848067	4362108928
66137847	1610613248
52147527	65793
22618815	1610613248
7216179	1073778688
43013319	3221229568
20797935	2147487746
63945663	36865
71342583	32833
23066583	1610613248
8236131	2147520512
38683059	671088768
55805163	1610613248
31306551	1030
75320979	671088768
4689303	1140883456
48793479	67112961
49310583	671088768
59329635	1085440
43311399	1610612992
77995275	2134016
76844427	1610612992
55715415	1610613248
47666283	1610613248
29524551	671088644
11252571	327681
43091727	1610613248
80082807	4311744513
47385051	1610612992
14810091	4311744513
58737039	2147524608
52772199	5435817984
5218071	1081348
29154867	36865
74204799	1073745921
33617319	37120
22041771	2148012032
26160783	37120
75826095	1048582
322107	134250497
47112891	2147520512
77142831	4610
38300739	4311744513
2061987	1610613248
16674387	2148012032
73611879	1085440
31565427	36865
50375895	4362076161
17017827	4295000065
20018715	1610612992
73105791	671088644
38684031	1610613248
14294283	4311744513
3616215	25088
10493115	1610613248
39811227	24580
51179415	2147520512
35644911	528386
27111399	671088644
36274119	17334272
71748555	525314
39861771	2147520512
56200119	4395630592
33956547	2181070848
31402779	67141664
33043515	67141633
1626207	57344
8105883	1074823168
38969799	36865
1036203	67112961
4184187	32833
35533131	4311744513
28763799	57344
52576827	1610613248
69047691	37376
352563	4311777280
7129347	4362076161
36160071	4362076161
36925035	4311777280
1602555	5368713216
34185939	3221749760
1026483	2147811328
8645991	671089152
28581063	327696
67146459	1085440
63741867	4311744513
7378179	1081345
57779619	4362076161
53139291	1610612992
53392335	1073778688
559275	135184
50634447	4362076161
76534683	1081345
74485059	2147520512
17007783	1610613248
24794475	2134016
73368879	1610613248
64702527	37120
50774091	5368741888
48403707	671088768
52298187	1610613248
78473175	4395630592
21219135	1610613248
67732575	83886081
21735267	1610613248
75841971	528385
55703751	4362076161
20771043	36866
40914771	16797696
57400539	37120
81261195	36865
9504267	16777249
15571815	4395630592
1046895	2164264960
69183771	2147520512
2341923	25088
38103099	4429185025
61541907	536907776
66587559	2147520512
44260719	1610612992
60337599	32864
34848195	1610612992
66021531	671088768
63868551	5368713216
40654599	2155876352
10988511	1081348
66006951	1610613248
51305451	1610612992
49434675	1610613248
48412779	671092736
37818303	4099
67455879	4296048640
20802471	1081348
47638419	2148012032
46233555	36880
6684171	4311744513
80230551	671088768
65293503	134250497
33663003	4311744513
28150791	32802
38199651	1610613248
59008227	1610612992
76886547	167936
2895315	1610613248
71317635	1174405120
13178427	40961
758535	1610613248
23166375	1610613248
19898511	557120
81638655	1048610
24512271	1085440
51994275	537952256
80336175	1081348
11099319	1081345
11988051	134217734
48994035	1610613248
19197375	561152
3223203	57344
35258703	671088768
31968807	1081345
62161719	1610612992
25001511	671092736
46714047	1610613248
68841303	1073152
13301547	67141633
55075191	2147487760
32357283	4130
66420375	67141633
60651879	1073778688
74720283	1082163200
80181303	577
17425743	20512
62968155	2147520512
31646103	4311744513
17368719	83886081
66915771	327696
12458499	1115136
2196771	536872964
17992743	4311744513
69719343	671088644
39171975	53248
72312963	5368713216
40648119	671088644
47675031	1610613248
25683531	2147520512
9347451	1073778688
38910831	1610612992
3804135	1115136
12217443	2147520512
52773819	16809985
3018435	1073778688
63665403	1610613248
79355751	16780288
48136731	4311744513
17399175	1610613248
39900327	536903936
13062759	1081348
43367775	1073745921
70658943	16777281
39420807	1610613248
30430131	36896
54968271	4130
48448743	4303388672
57717087	4328554496
11212395	1610613248
60693027	1610613248
3649263	32833
39300927	36865
44378655	33591296
22847235	1610613248
47061699	57344
64100211	1073873408
42063999	1610613248
57399	24578
78272295	1610613248
19017555	150994945
59235675	1073778688
57107967	671088768
57900147	1073742084
28813695	1146880
10643775	20512
44515059	671089152
6295695	1081348
49077951	1610612992
50835651	2147549200
34320399	1610612992
61496223	1610613248
49274943	524322
32198847	1610613248
26794203	36865
70022283	1610613248
10643127	4429185028
38406687	196610
52166643	36865
67480179	4311744513
7827	8425472
72721203	134217858
24856035	32801
38741703	83886081
36655143	134217733
28472199	1073778688
20662827	67141633
17348631	1081345
7848303	2148012032
3488235	16801792
42985455	671088768
10854699	1085440
2201307	2147520512
37380255	196610
15751959	134221826
24785079	1610613248
19514247	4328587264
55334067	671092736
40735275	1052673
1118823	36865
15893871	83886081
7238211	1085440
62368431	327696
47068179	1610613248
49842267	1074823168
27955095	1085440
70758087	1073746432
17019771	67141633
51816075	1107300352
70303191	1082163200
24538839	24577
24488619	327696
29489235	557120
27689415	1610613248
39226407	1610613248
5586459	2147520512
6104211	1081348
55934439	671088768
80734695	1610613248
56331339	36865
60862803	671088768
5814879	4130
5139987	1610612992
58662195	32833
8201139	2147487746
17226483	1082134528
36703095	2147487746
33052263	1610612992
12772131	2129921
533031	327696
46815783	36866
1118175	2147483682
28388283	4429185025
685311	135266308
13902567	4311744513
28502331	1146880
39636915	4311744513
47992875	1610613248
70568547	16777219
65779179	4311744513
5731287	167936
37731471	4362108928
36939939	1085440
17245599	1610613248
22246539	1085440
31089147	3221229568
58193691	2147487745
3534243	1085440
59568099	331776
78218511	1610613248
18784599	1610613248
79562139	36865
38103747	1081345
36519711	4099
67995015	67142144
16718127	2129921
3278931	16781313
66476103	1610613248
68658891	1081345
68274303	671088644
3551739	1610613248
75548103	1610612992
15567927	83886081
78265491	3221229568
47011155	4362108928
47872995	2147520512
39611319	1610612992
68382843	36865
57702507	1610613248
23435619	2147520512
15180423	2147618816
44338479	2147520512
37439547	75497473
71351979	3221229568
36049911	671088768
1670595	1073745921
47381163	1081345
906927	2147581952
33353907	4102
32669943	4130
76711587	671088644
11480991	671088641
31400835	2148012032
79705023	1610613248
79659015	528448
69497727	1085440
22030107	134217793
11787171	1610613248
6002475	4429185028
59432991	4295000065
51466479	4362108928
34875735	17302016
38523003	4311744513
48900075	1610613248
66474807	327681
34866015	97
37560399	1610613248
68517951	1073745921
65719239	1140883456
66414543	1073778688
70523835	4295004160
29269563	4162
606903	1610613248
13771023	4099
28675347	671088768
38950035	83886081
48996303	1610612992
53476251	1081345
11769675	1610612992
56348835	2147520512
47848371	32833
32742519	3221229568
12735195	16809985
79533303	671088644
45426471	4130
77981019	2164264960
8025207	135299072
7304307	1610613248
27508299	1085440
1456431	2147520512
45704787	8425472
32542935	2148012032
56430159	4328554496
61509507	2147618816
39098427	537919492
27450951	4311744513
55363227	67141633
19000383	24580
63655359	1610613248
57232059	67141633
57634467	2684358656
36149055	1610613248
19946787	1081345
54517263	671088768
3079671	33554692
80714607	2148007952
70751283	1081348
71669175	671088644
69142947	1610612992
1196583	4362108928
39995907	2148073472
49204959	32802
2281335	4295000065
2467635	536903936
41217063	1074270208
63239991	2147549186
60645723	135266432
30197499	4362076161
75251643	1073775104
23635527	671088644
22811271	671088768
57333471	2147520512
11024799	57344
13393887	83886081
64131639	1081348
53346003	1073766400
60315	1610613248
126411	67141633
57185079	4362076161
22991415	536871680
39854967	1212416
34036575	4311744513
18484899	1610612992
50539191	37376
44243547	2147647488
18683187	1074823168
24615627	6442455040
78432351	1146880
47329647	4362080256
36282219	4295000065
11093811	36865
47007267	1081345
71031219	67141696
30013467	671088896
6623259	1073745921
13102935	2147487746
60733203	1081345
37620663	2147520512
78248967	1048610
37676715	8392705
19844727	1610613248
73902831	1073745921
35475783	4311744513
46333023	65602
38851863	67108929
21681483	1085440
19556367	2147520512
59548011	1140883456
40079499	2147520512
21408027	4295000080
55611087	1610613248
43887147	671088768
24536247	671092736
3996915	134217733
79916919	4311744513
62312703	1073746176
22577991	1610613248
35723967	1081345
510027	1610613248
33238563	1073778688
37840659	8437760
7300419	135184
32506323	36880
68913555	2147487746
52523367	1610613248
4383447	1074823168
27824523	81936
13832907	2147520512
50752383	2147487745
24167211	671088644
72853719	150994945
14483499	1610613248
41926623	1085440
43773747	4362076161
54744063	4311744513
46916547	17301536
3208299	1610612992
81660687	6442455040
53445471	1074823168
52783215	100663360
37141467	2147520512
73746663	201326593
51561087	36865
38348367	4610
22619787	4362108928
38414139	2147487746
57365547	1074823168
54018951	671088768
78344871	33652736
6111663	201326593
20653755	40961
64289103	4395630592
67394319	16912384
80347515	36928
31352559	2147549186
68656947	1610613248
49218891	1073778688
78213975	2147520512
65047263	36865
19113135	1610613248
42118431	671092736
56193639	2147520512
39943095	4362076161
22229691	671092736
75535791	4362076161
49422039	83886081
41411787	4295000065
27168099	1073745921
2324751	1073778688
16778067	4099
23140455	1610613248
70277271	4295000065
67397235	1140850689
26052891	2147520512
26283255	83886081
5779563	134254592
279663	2147487746
53592567	36865
11025771	1610613248
44573055	4311744513
15706275	262210
9955923	37376
62317239	1610613248
8664783	102400
42841275	671092736
55970403	16842753
1006719	1610613248
51246159	1073778688
54401271	69648
76336071	4311744513
80436615	1610613248
34330443	2147520512
54468015	8421377
49265871	1074823168
35837043	1073775104
23584335	201326593
22161003	1610613248
69337023	1074823168
6542907	2148012032
454299	1085440
74857011	1610612992
48838515	37120
61303767	1073762304
46941495	1081345
81509703	8421632
43094967	1090519041
56551659	557120
29358015	1082138624
36543687	1610613248
115719	134250497
78029295	4303388672
4464123	36865
20076387	32834
43347363	4362076161
40098939	1085440
26938707	67145728
12975927	1085440
15701091	83886081
7664595	671088644
9375963	6442455040
36658059	16781313
21402195	671088644
46431843	671088768
77254287	2147553280
47337099	1085440
36544983	4362108928
14561583	1610612992
39519627	1610613248
19004919	4294971393
2170203	1610613248
4960167	2148012032
66456015	1174405120
11097699	37376
24592299	1610612992
34213479	3221229568
9583323	561152
68013807	8392705
5797383	201326593
39314859	2155876352
39877647	1610613248
3005475	1090551808
65342103	4378853376
56546799	36865
46198887	561152
74665203	4295004160
74717691	4295004160
31468551	4311744513
42228267	4311744513
60085851	4328554496
925719	622592
54310551	4295065600
31315947	687865856
56663439	524354
43268307	671088644
5666811	3221229568
5279631	36865
36938967	1140850689
36624363	1610613248
29530707	196610
38872923	36866
28929039	1081408
67288371	36865
78451791	1073778688
40492923	671092736
25951479	1085440
2004315	4102
35311515	268568576
65844303	671088641
70552671	16783360
2308551	1081348
30184539	561152
32005095	1085440
41618823	3221229568
17468187	135266308
17487303	4311744513
20911011	83886081
43454283	671088768
35717487	536871680
37809555	57344
60739359	32833
29278635	136315008
21906663	135266305
44239983	671088768
54196503	1610612992
53461347	1610613248
67300359	37376
65563719	671088644
78674379	4362108928
12713487	671088768
39773967	134250497
53984607	2147487746
53188863	67108929
20114943	1074823168
19650003	37120
72761055	67436544
43337643	83886081
45703167	2147520512
79550799	8425472
70400715	1610612992
72741939	4311744513
49727895	1081348
40163739	1610612992
79317195	1610613248
51789507	1073775104
72580911	4362108928
7866447	2147520512
47519511	1082163200
49372791	1610613248
142611	671088768
72877047	6442455040
51410103	1610613248
65423427	7
33873603	1073762304
23766747	135299072
68485875	671088768
13340103	32833
77680023	4362108928
64357467	1107296257
47156955	4311744513
3192747	2147487746
2156595	2148012032
78887247	67141696
65179131	2147516418
66453747	67158016
6031311	16809985
43538523	83918848
51333639	2147520512
44266551	1610613248
36881295	2147549186
24492183	1610613248
78861327	2147520512
75966711	36865
18323547	1081348
23518887	65793
35072403	1081348
36205431	671088641
13059195	1610613248
56691951	1610613248
35863611	1085440
48479523	1610613248
728403	1610613248
64416435	4362108928
68381223	671088644
51999459	36866
32563671	83886081
80454111	4362108928
69989235	1074823168
37635	67141633
59321211	4311744513
38398587	16810496
56327451	36866
58037847	37376
3461019	1610613248
62245311	1085440
29577039	201326593
81404403	2147553280
26961063	537919492
48733215	2147778560
2892075	4395630592
60227115	150994945
68112951	524548
43171755	36865
64747239	536907776
42547731	20481
47478687	2147487746
5357067	36865
41455851	4311744513
7681119	36865
72581235	16809985
3615567	1610613248
24150687	1073746176
55961331	1610612992
34719	135299072
12113763	17301568
13859475	1610613248
18585663	2147487746
24305559	1085440
14862579	2147520512
32435691	16814080
70124019	1081348
39527403	134217733
48508035	1081348
24366147	4395630592
56416551	37376
49074387	67109632
55070331	561152
29221611	4295004160
34968399	4130
39666075	36865
28636467	36865
54484539	5368709121
13431471	1081345
9303711	4362108928
54311847	1085440
63507615	1610613248
7738143	4311744513
38506803	1610613248
19162059	1610613248
19492539	4311744513
32544555	1610612992
21803307	1610613248
56629743	524354
72594519	150994945
54480003	1610613248
59019567	1073778688
74597487	4353
4580439	2147520512
64277115	2101250
4402563	3221229568
43838223	16777729
50557335	1610613248
10544631	2147553280
40485147	4362108928
53266623	4295004160
58175871	134250497
8946987	40961
43607535	1610613248
17958075	16814080
1319055	327696
21169887	557120
18290823	1081348
58277607	36865
47206527	1610613248
29497335	1074823168
30077295	135299072
8454507	1049604
52138779	2147487760
3143823	2147520512
16036107	4362076161
1959279	201326593
61850031	1610612992
52718415	671088768
51011907	17334272
12649983	36865
53858571	1085440
15934371	4296048640
67446483	1073778688
32189775	671092736
77483031	134217734
24873207	671088644
1996863	67158016
4052643	1610612992
60802863	671088768
8922039	1074823168
25388691	1073745921
5637003	536871170
12703767	671088768
31960707	201326593
55198959	671088768
49207227	1610613248
46850775	800
73973787	36865
61403883	1610613248
56814747	671088768
40369479	4295004160
24590031	1073778688
3555627	1610613248
76429383	1074823168
1555251	2101250
8735739	1610613248
79709883	8392705
74279643	1610613248
16637127	4295000065
74843727	1081345
13901271	536871170
21751791	2147520512
60454887	1610613248
60547875	4311744513
80479059	36865
43463679	2147520512
53350215	2147520512
2260599	134221825
26762451	2147520512
74413779	70
70642743	2147618816
47906367	1610613248
76107651	4311744513
56228955	36865
43271223	8425472
34461987	17858560
628611	4395630592
12484743	671088768
55029507	2134016
38829831	4362108928
59028315	36865
74344767	2147520512
63571443	196610
18923595	577
77491455	4395630592
327939	1610613248
872907	4311744513
77595783	2147520512
18874995	1085440
2724243	2129921
71251215	1073778688
71873295	201326593
1017411	1610613248
59086959	4362108928
53517399	1140883456
34230327	1610613248
39311619	4311744513
49698087	37376
52211679	2147520512
37000851	32834
1273047	4130
75044283	1085440
32702019	67112961
79984635	1073807361
19663287	4362076161
6889911	1085440
28658823	4328554496
6654039	4362338304
73187763	561152
31127055	24580
37761279	8392705
21762807	42
46586715	6442455040
40164387	1073745921
62649663	1610613248
49920675	8392736
12188931	671088768
72988827	36865
12070995	36866
74456871	16777282
52416123	1610613248
23787159	1610612992
66635835	1074823168
46951539	4161
74520051	32864
44336211	67112962
8614239	3221749760
32033607	36865
18327759	150994945
30481971	50331649
57668163	53248
78144315	1610612992
4467363	150994945
24684963	671088644
52988955	1073745921
213567	1610613248
13271415	327696
40559019	2147618816
81176307	671088768
72279267	201326593
13122699	40961
39277599	67108929
6709767	2147520512
70336239	1610613248
49344927	16777250
76428087	8425472
21468615	1140850689
2620563	1610613248
3013575	557120
47120343	671088644
2066199	2148012032
62365191	1174405120
21293331	32773
16761219	201326593
81082671	2147520512
42470943	2148073472
28563891	671088644
2736555	537919492
31409907	800
10900383	73
28382451	4429185025
54973779	3221258240
19822695	1073778688
7123191	1610612992
33630603	4311744513
8520603	671088768
1695867	2147483666
995055	671088768
915999	1074823168
74626971	1610613248
56663115	1073774593
17053143	524548
60751995	1610613248
14350011	1610612992
75313851	2147487745
63655683	36865
747195	1610612992
76701867	1081348
37327767	3221229568
69344151	37376
50907255	36866
16160199	4311744513
42670203	4362076161
76249887	1081348
63644343	2147520512
24236547	344064
7895931	671088768
61612539	37120
37280787	2147520512
16000791	4563435520
40319259	150994945
37468383	37376
45043503	2147520512
20695875	83886081
44146023	1140850944
53149335	67586
32524143	1073774593
46492755	1610612992
1164183	135299072
80980611	2147520512
40819191	2147524608
8477511	134254592
72969387	2147520512
30881787	83918848
35043	135299072
6035199	4311744513
18309615	67141633
76129683	671088896
79794771	3221258240
68055927	36865
4139475	167936
71799099	36866
31663599	327696
50942571	67109000
40194519	67141633
17557935	2148012032
7112499	37376
27866319	36865
33134235	20484
2509107	83886081
25122687	1610613248
75713019	1610613248
20980671	1610613248
60814527	2181070848
80667951	1610613248
2624451	1610613248
40742403	4130
30951123	1610613248
18618063	134254592
76697979	4162
18230235	4362076161
39498243	134217734
7373319	1085440
145851	135299072
1175523	1610613248
62785743	4294991872
59145603	1140883456
1766823	4395630592
26221695	1085440
73139811	1610613248
74885523	4296048640
1992327	671092736
43710243	1610612992
53907819	16777282
9606651	1610612992
44565279	135299072
80540295	37376
61931031	1610613248
17908503	537952256
76897239	32773
36174975	671088768
74573835	1073778688
29601339	4311744513
36589695	4295000065
65307111	327696
56578875	671088768
14771859	4362076161
78284283	36865
49185519	2147520512
34926927	1073762304
79011015	688128
31555059	5435817984
70043343	1610613248
61077291	1610613248
74837895	4362076161
4423947	16781314
12403743	1610613248
52090503	57344
76006887	2134016
5630523	36865
51535815	671088768
16787139	134217733
39941799	1073790976
904335	2147520512
2604687	1073762304
2418063	1610612992
51294759	1074823168
27405915	2147520512
17591955	671088768
26422575	134217733
76187355	16781313
67060599	671088644
25093203	1073746176
54920319	2147520512
66731091	36865
41028495	34603009
31355151	16809986
4031907	4311744513
18845511	67112962
67440975	2147520512
39784983	4295000065
42536715	134283265
73573971	1085440
77357319	1073774593
40611183	4311744513
1483647	1610612992
44133063	671088768
57549579	2156003328
23586927	1610613248
42544167	67108929
735855	4362108928
67287075	32802
1294755	2156003328
69673659	33591296
48404679	1073766400
45209067	1610612992
36914019	2147520512
863835	17858560
81058371	1085440
11594067	1610612992
28925151	1610612992
48438051	1082134528
15790515	83886081
50855415	1085440
23076303	4294971393
2083047	1610612992
11771619	2155876352
3218991	4362076161
48760431	16809985
52911519	36866
60679095	1074823168
33374643	671092736
39627519	2181070848
7745271	2147520512
22766559	69206018
49270083	1115136
6495603	6442451008
67325955	2147516432
46177503	671092736
32593803	1073778688
38645151	1610613248
34427643	331776
76854147	4362108928
23716851	3221229568
61478403	1085440
38757579	4362108928
46785975	16809986
75162867	1081348
56387067	67141633
57385635	1610613248
34434123	2147520512
78435591	1074823168
77399763	1610613248
42376011	671088768
17337939	671092736
67996635	8392705
53331423	67141633
3447411	1610613248
8459691	1610613248
49972191	4362108928
50740395	671088768
71864223	1610613248
36142575	671088768
23566515	1610613248
62671371	70
80943027	671088768
74318199	32833
36973635	331776
17743911	1081348
41737731	4362076161
81293595	1610613248
60207999	4395630592
43217763	671088768
66596307	1085440
8229975	3221229568
3709203	36866
26571291	4295000320
12821703	1610612992
27172635	32833
16988019	1610613248
29963247	1081856
78370143	1073762304
1855599	147472
41916579	4295000065
59692191	3221229568
5768547	1085440
18619035	1073778688
22996923	3221229568
938355	1610613248
56841639	6442455040
55708611	2147487760
12066783	134217793
29166531	4362076161
61521495	2147487746
81515211	1610613248
79017495	5435817984
61761903	201326593
21371739	1074823168
39962859	671088768
4243155	40961
16174455	1081348
16207179	2625536
16798479	135299072
64687947	1610613248
1179735	2147618816
78914463	1085440
23409051	4295524352
3170391	1610613248
71000439	2147487746
24050571	53248
42384111	2147553280
33975663	1140883456
25065339	32864
36986271	1610613248
79531359	671088768
6212103	2147520512
1822875	1140883456
2445603	1081345
8619747	4362076161
77769447	7516192768
2863239	1610612992
32917155	3221229568
43200267	196610
22182711	671088644
39960591	4362108928
10535883	4295000320
73763511	1610613248
81131595	1073778688
60442575	1073745921
71410947	1140883456
40392159	16814080
35293695	67108929
71252187	1074270208
17704707	2147520512
71433303	1140854784
40228215	1085440
69307539	134217858
78328671	1073742400
35270043	561152
44966067	34078784
7222335	524384
56616783	1073778688
68701335	4311744513
65386815	561152
26350323	1610612992
241431	268502016
70914903	16809985
63791763	1610613248
82347	4362076161
59172171	1081348
54425247	2148012032
1171959	2148012032
48656427	1085440
42810819	45056
55729023	1091043328
44990367	4362108928
44618739	16809985
2217183	137216
74033079	4311744513
26105703	83918848
77985879	1081345
12233643	16809985
3434775	1610613248
41780175	1610613248
2099571	1081348
11487471	32802
3419871	1610613248
513591	2121728
268647	671088768
44398743	671088768
193155	1140854784
69397935	135266308
34260783	1610613248
37609323	36866
507435	1610613248
17387511	1610612992
6768735	1081348
59247987	1140883456
75746715	4362076161
30079563	36865
54486807	671088644
3529707	1610613248
59885943	1081348
59416467	1610612992
37259727	4362076161
74280291	4295004160
32233191	1610613248
71785167	196610
472443	4296048640
1099383	1610613248
27349539	4311744513
79996947	1081348
49333263	102400
50582607	1610613248
8778183	1081348
65401395	1610613248
69016263	2147520512
4969239	2148008000
28018599	1140883456
48814215	2181070848
39570495	37376
3246207	1610613248
20566923	2147520512
153627	134250497
65624307	671088896
30645267	98
67934427	800
65242311	2147520512
17936691	1073745921
27614571	1610613248
10079367	327681
79265679	16781313
23614467	557057
44496591	2147487746
33573255	1610612992
54734667	4311744513
30074703	2147520512
63871143	1074823168
74565411	1610612992
49609311	135266308
32650503	1081345
14547003	4295000320
80995191	671092736
76427439	2164264960
23817615	4362108928
80140479	2147520512
5933139	1610613248
24076491	134218753
53747115	671088768
382371	518
43085895	1081345
50807463	4362076161
77676459	1140883456
59446923	1610613248
52968219	3221229568
22774659	1610612992
27494691	1081348
79067067	16912384
33561591	134283265
52622187	75530240
38621175	36865
49659855	4295000065
61812771	2147487745
71714211	32774
55881627	50
4987059	2147520512
35534751	671088768
11050719	1610613248
54063663	4311744513
11159259	1085440
56552955	67141633
47320251	2129921
65694291	671088768
76558983	4362076161
78916083	1073778688
53097171	1610613248
44360511	1081345
49714611	134217733
73934583	1610613248
2129379	1610612992
82023	134250497
13004115	1610613248
39736383	1085440
4547067	1085440
29791203	2147520512
66306327	67141633
5483427	1085440
37294719	4295000065
15913959	83886081
81132567	1073778688
59636463	1107329024
65704983	4311744513
60872523	2147520512
34690407	4130
66924519	539492352
75395175	4295032834
42892791	32833
27591567	17301568
595563	2147520512
78456003	1073778688
4686711	1081348
37910643	16809985
61144683	4311744513
77571807	16797696
44088027	67141633
31802271	36880
20778819	33028
7484775	67141633
41860851	1610613248
57304635	1610613248
10915287	1610613248
10351527	134221825
32807643	1610613248
3560163	1610613248
23703	134218880
60504783	671092736
33010143	67371009
43683675	671088644
44371203	201326593
19790943	1048610
1790475	2147520512
66053931	1610613248
242079	1610612992
30708123	1610613248
40779987	5435817984
69154287	147472
1862403	2147487746
31848279	671088768
70828071	561152
81459807	1073778688
54063987	1082163200
6350775	671088768
19900779	150994945
36273471	671092736
5559567	57344
27879927	1610612992
55836591	33554438
33422271	16814080
13798887	1085440
12473403	1610612992
50979831	4311744513
6621315	671088768
81476655	4362108928
8099403	671088644
49945299	1610613248
61786527	1073762304
73863627	2147504128
38486391	8425472
42129123	1073778688
24229095	1085440
43264419	1048582
4593399	1610613248
41560179	67141633
47476419	1610612992
52347759	4311744513
47422959	1085440
1893183	1610613248
15173295	553648132
71676951	83886081
36975255	4295000065
49057863	1610612992
63790143	2147553280
76760187	2148007952
51340767	1073762304
66081795	1085440
31960059	1085440
35815011	1610613248
74295195	2147520512
75688395	1073778688
79046979	36865
54159243	671088768
51254583	1048582
50625375	4311744513
9141387	135184
33921231	2147520512
71488059	1610613248
643191	1610613248
31464015	2147487746
2146551	2147483682
58998183	671088768
18071475	4294967361
40073343	1610613248
53745495	1074823168
67830747	1610613248
46258503	32802
79132515	2147618816
53938923	1610613248
81680775	2147520512
52570347	4295000065
37367295	196610
64280679	36865
32252631	4311744513
30616107	2164264960
51251991	67141633
75990039	36865
1286007	1085440
80957931	4295000576
69313371	561152
36399507	1085440
31616295	8392705
49596351	32833
15514791	561152
47558391	16908290
18223431	2147520512
23398359	671092736
53995623	2147487760
26109267	4162
12253731	2147520512
26196423	528448
5393679	201326593
75630075	134250500
69639963	67145728
60035955	4295000320
22550775	268568576
62473407	1081348
39528051	1610613248
53029455	671088768
10990455	8400896
22804791	17301568
68896383	3221229568
8900331	2147520512
1135347	4102
46817727	8425472
69953271	1074270208
76021467	5435817984
28056183	32834
4993539	16843776
74963931	4395630592
40792947	4295000065
51098739	1610613248
26499039	32833
7691811	1610612992
74733567	561152
33440415	8425472
68461251	1610613248
10413411	671088768
5392707	1081600
78894051	36865
26262843	1081348
16182231	83886081
66803667	1081345
38589099	134217793
35185803	4295000065
77332695	1074270208
49390611	1081345
60514503	1610612992
81413799	3221229568
13364403	1610612992
38987295	57344
3873471	4362076161
25320003	1073905664
31199307	100696064
39516711	2214592514
58974207	1610613248
1442499	83886081
17793159	32802
77054379	1610613248
32768439	2147520512
36664863	1610613248
32878599	1082134528
13959915	2129921
12211611	4311744513
4719759	67141633
30190371	1141374976
35409039	1081348
1168719	1610613248
59530191	1140883456
37537395	2147553280
70486575	4311744513
716091	2147487746
40875	135266432
44976111	671088768
24237195	2147487746
20564979	32773
66258699	83886081
1641759	1610613248
4002423	57344
31923447	1082134528
41890983	8425472
49879851	4362108928
44995875	671088768
81605607	37888
12190227	671088644
31156215	2147520512
11589207	1610613248
19870323	4311744513
78550287	1073774593
77559495	53248
6112635	1081345
62046375	67141633
46414671	3221229568
22285095	3221229568
58901631	537919492
22490187	4362076161
32037819	2147520512
662307	2147489792
7185075	524322
71455011	67141633
24468207	17301568
35716839	4295000065
41774343	4362076161
38011407	1610613248
68060139	2181070848
7922175	24580
7344483	67108929
19902399	150994945
21326055	1085440
37578543	1610613248
36587103	83918848
25042659	2147520512
47748579	36866
56692923	101711872
76141671	671088644
79603935	1073746176
21328971	150994945
50045415	2147520512
39925923	4311744513
31399215	800
79642491	1073778688
12325659	36865
1090635	1610612992
13764219	150994945
19867083	83886081
21417099	2164264960
8871819	671088768
52377567	134254592
21184467	1610612992
4324155	1610613248
5351235	36865
55646079	8198
36426075	1610613248
33659763	70
80550015	36865
24239139	671092736
20330079	1081345
2151087	2147520512
53435427	1073778688
38784471	671088768
58301907	1610613248
10814847	1610612992
58908111	67141633
42960831	671088768
78079515	37120
38964939	1081345
10856643	4362076161
63656655	1610612992
19919895	2147520512
2797791	1610613248
66646851	1610613248
72664179	1081348
5522307	16779268
33044487	83886081
28081779	36865
6041355	1610612992
38095647	1073746432
8586699	1074823168
66015699	671088768
6248067	65541
73787163	2148073472
1536135	1610613248
64283595	1610613248
4163127	2148012032
28363011	1610613248
71829879	2147487745
1276935	1610613248
2592375	134218753
50604315	528448
5689491	32802
18188115	6442455040
81215511	2147520512
37166415	20481
74729679	2147487746
1356963	2147520512
76683075	671088896
59569719	671088644
29293215	2097217
61204947	1610613248
37919067	1085440
81225231	4311744513
43763703	2147520512
3959331	524384
61379259	1610613248
80850363	36865
7448487	1082134528
45276135	67141633
36706011	2148012032
29410503	1610612992
10582539	57344
49164135	671088768
65449023	36865
50568675	4226
1648887	26624
73730463	1073775104
20368635	671088644
31356447	1146880
21871671	5368713216
43022715	1610613248
18366315	1610613248
73885659	16779266
34192419	4295000065
22759431	167936
50005887	16809985
78784539	671088644
74891355	671088768
40496163	1073762304
72693015	1081345
75595083	83918848
37984515	67141633
13936911	1610613248
4690275	5368741888
41474319	671088768
1268511	2147520512
58808643	2147524608
8912967	67665920
37140171	2148012032
15832959	1085440
65639859	1610613248
63476187	8392768
66588531	4362076161
43387539	1073745921
69360351	1081345
26451735	1073778688
32305119	671092736
9399939	2147745808
18974787	150994945
69443619	4311744513
46654107	671088768
52774467	1610613248
12187635	1610613248
64756311	2147520512
25944351	67141633
40707411	4294971393
70819323	1610613248
7956195	1052673
15161955	671088768
39674823	671092736
7992807	2147553280
2979231	3221356544
52485135	32802
80932335	67112962
504195	4102
4565859	1610612992
44588283	16814080
24912735	4362076161
7261539	1085440
6975447	4295004160
64026987	1610613248
29095575	524354
20883147	1610612992
62723535	36865
35234079	135184
32444439	134221825
2473467	1049604
41651223	57344
44006055	1074823168
49653051	1073762304
75578559	1073775104
68068887	67112961
14692803	4311744513
81531087	36865
18583071	83886081
173067	17334272
42123291	36865
953259	671088768
28660443	671092736
69716427	2147520512
13295067	671088768
80933955	36865
70280511	36865
1153491	83886081
17084571	167936
36962619	1610613248
79665171	671088768
56291487	4295000065
72722175	16777281
61038411	671088768
80586303	20481
21730407	16809985
80920023	37376
42472563	1610612992
894615	4311744513
62904327	4378853376
71520459	1610613248
35672451	4362076161
80209815	5435817984
79406943	2147520512
31202547	135266308
80752515	1610613248
26830167	2147520512
2272911	2101504
76928667	1073778688
30780699	2147520512
65235183	5435817984
18875967	1610613248
9302415	1081345
5756235	1610612992
35053611	1610612992
5451675	524322
59063631	1610612992
1049487	1610612992
5960355	134218753
4393815	671088644
10726719	1073766400
75912927	4362108928
81291651	1610613248
6426267	3221229568
7152351	16781313
79802547	1073778688
68260047	1073745921
1350483	1610613248
21249267	1610613248
15935019	1081348
79168155	4362108928
39787251	4295000065
34543635	37376
71975679	1610613248
381399	134217794
899151	83886081
35707119	671092736
2313411	67141888
63624579	2147520512
74042475	4362076161
22131843	83886081
14409627	102400
57738147	4295004160
46347927	4328554496
75736347	1610613248
60988515	41216
16307943	4295004160
54417795	36928
17330811	4362092544
3514155	8421377
52922859	1610612992
24112779	671088896
35226303	1085440
60671967	671088768
3261435	4429185028
37256487	32834
40583319	524353
47077899	1073778688
63247119	5368741888
33366219	8425472
41230995	1074823168
75004431	2147553280
9647151	1085440
9635163	36866
4374699	83886081
1023	4294971456
60654471	70
11002443	1081348
61220823	150995072
47400603	8421377
29996619	36865
549879	1610613248
14447859	2147487746
25888623	671088644
54164427	4362338304
62811663	37376
28128435	201326593
7916343	16809986
66350715	32802
18866571	74
41626599	327696
52549611	36866
62094975	32834
35926143	4130
34164231	1140850689
53447415	1610613248
16037727	83886081
69409275	1146880
65777559	1610613248
21702867	1610612992
74510331	67145728
46267899	2147520512
60040167	1610613248
16673739	2147520512
22387155	1073778688
69318879	2148012032
28350699	32834
41820027	2129921
74461731	134218753
48503175	83918848
43501263	671088768
32556867	36865
42560367	150994945
21262227	150994945
73974759	1610613248
32092251	671088768
11655303	2129921
51263979	37376
47277807	1610612992
31996023	2147553280
17494107	150995072
27936627	2621696
41449047	36880
47442723	83918848
7790955	671088641
47059755	2147520512
59078535	36866
23460567	672137216
62740059	1085440
30362091	1610612992
53838807	1085440
4659819	1610612740
18448287	1074823168
70996875	671088768
6511155	2148012032
61515987	671088896
78962415	5435817984
17165247	1085440
29761719	671092736
59555139	1073778688
54010203	133122
53021031	1610613248
18081519	1073762304
11319315	1048581
3265971	1085440
61472895	2147487746
28701591	3221749760
51512487	1610613248
21156603	1610613248
3758127	4311744513
1214403	1610613248
14165331	134250497
52024407	327681
13143111	4311744513
26423871	1610613248
28779675	1073778688
27641463	37376
36549195	1610613248
64231755	4362076161
41423775	16814080
33663975	671088768
65292531	1107329024
62696319	1610613248
78399627	1074823168
24545967	327681
67160391	16809985
47196807	4362108928
52227555	1073872900
59059743	4362108928
16843839	1610613248
48004215	167936
61917423	4362076161
63557511	2147487746
40908615	67141633
17055087	36865
78535059	2147520512
421251	4362076161
6875331	1073758212
48818427	36865
47437863	4362080256
20954103	1140850689
14196111	32802
6815391	2147520512
73686399	327681
81161079	1073778688
58038495	1073152
3575067	1610612992
43854423	671092736
27315519	67141633
482163	4130
26368791	2147581952
38233023	36865
5777295	134254592
55224231	2147581952
74398227	1073778688
51723087	1610613248
65537799	1081348
27568887	1085440
47306967	150995072
39756471	1610612992
34218663	2147749888
37119759	4295000065
68428203	36865
12855075	671088644
39479451	1610613248
80924559	1610613248
7963971	671089152
24905607	4311744513
10678767	671088768
23265843	671088768
76583283	1074823168
877119	67207168
27434103	2148012032
11469975	67
43991475	671088768
33324747	4311744513
62294883	671088644
26907927	1610613248
4985115	16809985
1660227	5402263552
57923151	1610613248
319515	135299072
39293475	1610613248
41743887	327681
29273127	3221229568
13011567	1107300352
29002911	135266308
79526823	3221225728
71484819	36866
45622167	1610612992
70156095	1610613248
18294711	1610613248
24076167	36866
34783395	2147614736
21491295	1610613248
8085471	4311744513
33518823	1081345
5289999	1174405120
34407231	45056
37164795	1081348
77364123	4295000576
27253959	17334272
66280083	134283265
185379	2147487760
6274635	4294967301
67269903	1610613248
41670339	1085440
20166459	524802
47282991	2148012032
31218423	2147487746
53435751	1610613248
6968643	4295098369
17097207	1082134528
44609343	1610613248
51625239	4362076161
58100703	36865
37424319	16781313
43233315	2147553280
39648579	4295000065
21771879	671088768
20580531	40961
34785663	67141664
70869867	1610613248
49491375	67113216
3701751	67121152
74783463	1073876992
35930679	2147516418
40069455	1610613248
24422847	17301568
6559431	1073754112
10235535	1074823168
2628339	8392736
76927047	201326593
24921483	5368713216
40631919	1081348
45484467	671088644
58452567	67108929
46866327	2147520512
80750895	8425472
77034615	1610613248
43660995	671088768
77327187	1081348
11874003	83886081
46223511	1610613248
64754367	1610612740
24700515	671088641
81155895	16809986
36292263	2148008000
65554323	4362108928
34814499	671088644
72184011	671088768
32976447	8392736
64464063	4311744513
7026315	135266308
43717695	1610613248
30273963	1073766400
23249643	671088768
32442171	671088768
39945363	1081348
79499607	32864
11733063	4328554496
42138195	360448
69154935	557120
23420067	3221229568
71557071	1610613248
32419815	1073766400
5751375	4102
57984063	134250500
69845703	671088896
2108643	2148012032
1203711	69633
63300255	2147487746
65818383	524298
5535591	1610613248
7730043	4362076161
79057347	671088768
28243131	1074270208
2567427	1610613248
47074335	16809985
11463171	524548
8747727	1610613248
27371571	327696
77998839	70
46751631	16809985
4101891	2147487746
34415007	1610613248
1029723	4362076161
42340695	1610613248
20853663	4295004160
19944843	4311744513
80431755	2147520512
18312207	67633153
59554491	1140883456
3909435	1081348
9311163	4130
62770515	38
3669999	1610612992
43180827	4161
4348131	134283265
50377839	2147520512
29692707	134221825
46843323	1610613248
75673491	16912384
2498415	67141633
11795919	4102
4357851	1610613248
3518367	1081345
50636715	1073774593
34012923	1610613248
37628763	2147520512
27023271	150994945
1377051	4311744513
36347343	1610612992
48889707	53248
44411055	2147487746
75832575	1073778688
30597963	671088768
27905523	1610613248
61865259	2147520512
21842511	16809985
46347603	4328554496
13645959	1610613248
39320043	4295000065
37367619	196610
7748187	4362080256
35012463	1085440
40342911	1610613248
131919	134250497
5800947	83886081
3900363	2147487808
3327207	1610613248
14403147	1610613248
57766011	83886081
53235195	36865
77340471	1081345
34540719	4370464768
78446283	4311744513
2582007	150994945
1324887	1610613248
4325775	4102
3827463	70
74240763	1085440
46729923	1610613248
4003395	1085440
69175995	83886081
61619343	1610612992
53006127	2164264960
74853447	327696
51554607	1081345
54284307	4362108928
69626355	4311744513
7521063	1181696
74726763	32834
57430023	1610612992
56335227	2134016
47340339	1081345
32232543	67141633
59750187	4311744513
69642555	1610613248
74470803	4395630592
73237335	1082134528
62048643	1074823168
47609259	1610613248
55773735	4311744513
2392143	1610613248
57589431	1107329024
19738131	1140883456
63318723	2147487760
33916047	2147520512
67727067	2147520512
50576127	1074823168
52275507	134254592
64558347	2147520512
3233247	2147520512
1165155	1610612992
28934547	1610613248
25383507	4362108928
12351903	32802
44456091	5368709121
45630591	4295004160
55111803	671088641
4480647	1081348
30682851	4130
74083623	1073746176
53587383	1073778688
36071619	36865
67375851	4311744513
67228107	1610613248
29735151	1140850690
33624447	4102
1331043	1610613248
519423	1610612992
59518203	2181070848
57254415	4311744513
52399275	8425472
1423383	524322
67865091	2147520512
46792455	4295004160
3914943	2232320
458511	67108929
11669883	134250497
54459591	134217793
29423463	1081345
44291823	4311744513
22187247	671088644
6112311	1073745921
63908727	1610612992
49243515	1610612992
1149279	134217857
77209899	67145728
5938647	2147520512
13480071	134217733
60062199	83886081
2190291	1610612992
67222275	28672
5967807	2147520512
8639835	536903936
80623563	100663552
49931691	151027712
76200639	1081348
59870715	5368774656
9131667	1610612992
24886491	67125252
42412947	1073762304
65255919	4362108928
15502803	83886081
43686591	83886081
63545847	1610613248
32471331	83886081
64367187	3221229568
43374579	2148012032
3194691	135299072
44401659	1073876992
30102891	4362076161
36268935	134221825
80149875	24832
48094611	4362076161
1093227	671088768
10740327	1610613248
4270047	1085440
39233535	1140850689
17812599	4295098384
21759	1085440
79492803	1107329024
56205951	1073766400
39483339	32833
924099	4362108928
41204427	1073778688
79551123	1610613248
56254551	3221356544
6589887	1610612992
46691691	1610613248
63231	4429185025
61242531	65793
61454103	4362080256
34909431	2147487745
24907227	4362108928
54053619	5368741888
34322667	1610612992
45387915	2147483682
44469051	1610613248
42219519	578
14998335	24580
21166647	1082163200
16865871	1085440
32936595	671088768
17796399	1610613248
26093391	4295000065
2186727	83886081
53114991	83886081
3895179	561152
27473631	1610612992
38346423	2147520512
47345847	24640
30784263	17301568
35355903	1610612992
19473099	671088768
51011259	1085440
47567139	1073745921
60491499	67112961
23409699	1115136
74045067	1610613248
78351027	1610612992
9038031	1610613248
81448791	4311744513
57742359	1610613248
28970835	1081348
1117527	2148663296
60756855	518
18458655	2147520512
66027039	1081348
25209843	1610613248
62851839	1081348
78301131	1073746432
40235667	331776
76442991	1146880
77588979	67141696
4903143	1610612992
43492515	671088768
3942807	4311744513
23562303	3221229568
7875519	4311744513
73078899	1074823168
59385687	2147520512
12932187	671088896
32218287	1610612992
39390351	1081348
64645179	1074823168
67444215	536870918
46905855	1081345
62174679	4362076161
21405759	201326593
38806503	1610613248
77500203	17301568
1791123	134217733
6891207	1073745921
67966827	2147520512
43028547	57344
74211927	671088768
55411503	1610613248
47411295	671089152
79190187	4295004160
37496247	2147520512
69553779	4362076161
24227475	32833
32925255	1081345
66913503	2147647488
8429883	2147520512
53149011	17334272
27424059	40961
11085387	4328652800
59356851	36865
38247279	3221229568
153303	16809985
15104607	67141633
7935459	2147520512
71192571	1073778688
41253999	4295000065
32337843	67141633
67259859	671088768
49423011	196610
79295487	2147487745
57590727	1610613248
15929835	1081348
72840759	4311744513
24939303	1610612992
66500079	1081348
50402787	66564
40424559	167936
47587875	36865
43447155	671088768
38581971	1174405120
22149987	67141633
38812983	524322
12667803	327696
13722423	2147618816
27963519	1610613248
28212999	1081348
33358443	37376
3611355	1610613248
51703971	2147487746
44484603	36865
6336519	327696
72113055	150995072
14496459	32834
61443735	1610613248
70414647	3221229568
57842475	37376
39844923	134250497
22352487	2147520512
39106851	1610612992
58485291	1074823168
13145379	2147520512
21674355	1081348
18210795	1610613248
4627095	2147520512
10361895	1073745921
2052591	671088768
9070755	67141633
21621543	83886081
22980399	1115136
66044535	561152
42529911	2147487760
21833763	2147520512
67376499	1140883456
44472939	1610612992
70648899	53248
66216255	671088768
37378311	1610613248
65349231	1610612992
59627391	5435817984
21740451	4130
31780239	1610613248
7195767	53248
14777367	536871170
46059	67108874
16336455	134217860
24644787	671088768
4359471	1610613248
35737575	4395630592
41746155	671088768
58486911	1610613248
18079251	4311744513
43108899	1610613248
73447287	36866
4049079	16779268
29381343	2147520512
34592235	1610612992
46669011	36865
61553571	4353
36785391	67108929
36235887	671088768
32805699	2147520512
28030587	1081348
48772743	5435817984
22429275	671088644
44846835	67141633
71240199	196610
76542459	1107329024
35763495	1610613248
3347295	1074008064
18326787	150994945
48581583	1085440
19002975	150994945
71613447	4395630592
56561055	4311744513
46235175	671088768
56221827	2147487760
36185667	16809985
35975715	671092736
42742131	671092736
57831783	2147553280
36278655	1081345
21041583	536907776
50372655	1610613248
55489587	20481
74451363	3221487616
57564483	1074823168
58054695	1610613248
69442971	1073778688
9511719	1610613248
48636663	65553
68775855	2147520512
55536891	1610613248
1375107	5435817984
52455651	28672
6927495	1610612992
27915	8425472
43330191	557120
48985287	135266308
44930427	1610613248
53812887	1074823168
14058411	671092736
78988659	1610613248
34017135	1610613248
1090311	100696064
30318999	2147520512
36295827	1074270208
96603	1081345
38475699	1610613248
67052499	2147484674
42338427	1085440
3908787	1610613248
72031731	1610613248
77639199	2147487745
56566239	276828160
70362159	1082163200
19138083	150994945
40096671	4378853376
5034363	2147520512
5700183	1074823168
76909875	1074069504
50816859	1073745924
10627575	1610612992
53620431	3221356544
561219	36866
78234387	37120
36963267	5435817984
44050767	671092736
48613659	3221229568
39107499	5385486336
74551155	4311744513
48590007	1610612992
76757271	1610613248
1371219	1081348
44361483	2147487746
8636919	1610613248
60024939	1610613248
7068759	4311744513
630879	83886081
7914723	1610613248
58600959	1610613248
3641811	2147520512
54488103	1073778688
74227479	1107329024
41472375	4162
12607539	37376
9626415	1610613248
67765947	4362076161
73383783	4311744513
1829679	4362108928
21477687	1610613248
34244907	1610613248
54157299	1610613248
59575551	1610613248
40580727	67113216
75116211	20481
2590755	67141633
70524159	1073778688
18567519	4362076161
30066603	3221229568
8234511	1610612992
11953383	1146880
44796291	3221229568
37312863	167936
24764019	57344
22643439	2181070848
76319871	2147581952
78406755	4311744513
753027	2147516418
31387875	800
18151827	327696
65594823	1074823168
62189907	1146880
32989407	36865
1001211	70
124467	67141633
48538167	671088768
32583759	16814080
5416359	1081345
59049375	4362108928
1796955	68190208
267351	4162
6943695	65553
50601075	1610612992
14358111	36866
28409019	1073745921
24754623	536875264
75173235	3221229568
33046431	67141633
24073899	1610613248
30171903	1081345
67262127	1610613248
50027919	4294971393
33598851	1174405120
8878947	134250497
21775767	8392736
45417723	16814080
66237639	2147520512
70090971	1610613248
71883663	32801
32864343	2147487745
61314135	13
71602107	1081345
36412143	150994945
19401819	4295004160
46662207	1085440
44160279	4311744513
14012727	4295004160
25389339	536871170
45305943	1073774593
59809479	4395630592
38208723	1073745921
9717783	1085440
999915	134217857
33453375	4362076161
9245067	1610613248
6406827	1610613248
59515611	1610612992
47132331	671088641
12789627	16809985
35717163	33284
39973875	2147487746
8072835	1081345
2550255	133122
1237407	1610613248
70802475	36865
3924339	2147520512
40307595	1610612992
50897859	1073746048
59845767	671088644
51504063	2147487760
52726515	671088644
26279691	4362108928
413475	17334272
61243179	2147520512
67587747	1073778688
74889735	671088768
72061215	4311744513
68586315	1085440
58078671	3221229568
59825679	67141633
1198203	201326593
74901075	561152
52126143	2147520512
51170991	671088768
80421063	671088768
122847	67141633
68072451	4311744513
40710975	2082
35735631	4395630592
73284639	69648
40037703	4295000065
72755871	671088644
19305267	4102
57127407	1085440
67728363	36865
59121627	1610613248
46385511	524353
78821799	4362108928
35298879	1074069504
43335051	1610613248
25728243	671088644
42604755	671088644
15085815	1610613248
76469883	2164264960
10798647	1610613248
21073011	1610613248
57987627	2147524608
26725515	671088644
1680963	8393216
24074871	536870918
38603031	67141634
29174307	1081345
63816711	1073758240
63911319	4429185025
12880023	671088768
33625743	327696
40956891	16814080
39644367	2147520512
60286731	4311744513
60450675	1085440
7581327	1610613248
80400651	1610613248
4184511	150994945
1228011	324
78149823	671088768
19557663	34880
1993299	671092736
2995431	83886081
26376567	1073762304
63550383	4130
43965879	4429185028
1073139	2129921
1469391	1610613248
42642339	8392705
42711027	83918848
78383751	2147553280
6767439	1610613248
36823299	2147520512
73060107	671088768
57498063	69648
53588355	1081348
45008835	1610613248
53358639	1073778688
77438643	36865
41961291	1610613248
24027	1610613248
31526547	1085440
35864583	86016
56728563	4362076161
26785131	16809985
16887903	4295000576
11066595	1610613248
8495007	4294971456
13207587	1085440
15168111	4311744513
80903823	671088768
342843	536875264
5016543	1081345
32790471	37376
38430987	53248
52553499	4295524352
14631	1610613248
52924155	4099
9453399	4295000320
452355	518
5789931	1610613248
16142703	2147520512
20219271	671088768
3886755	1085440
47451471	1085440
26112507	1610613248
28305015	36866
40809471	1610613248
70719855	1074823168
9957219	1610613248
78779031	537133060
28180599	2147487760
74497047	1610613248
11712003	36866
560571	4362076161
53402055	1610613248
13668315	577
43206099	150994945
32834211	16777249
62178243	32802
19353219	327696
60238455	1074823168
37365351	1610613248
2393439	150994945
52354239	4362108928
4886295	4295004160
46960935	4362108928
27458403	1081348
78055863	1085440
62908539	4311744513
27027483	671088768
44351439	671092736
4510455	4295004160
22726059	36866
2057127	4362108928
23713935	557088
25511811	16809985
38061951	67141633
33175707	150994945
4474491	4429185028
28161483	36865
38067135	1074823168
61732743	24580
48807411	1082134528
38507775	671088641
54498795	65602
68447319	16809985
21070743	1610613248
77466183	36865
17338587	1610613248
3334335	134250500
18075363	2147520512
23291439	16809985
50595891	1073774593
24381699	20481
46862763	1610613248
4946559	1610613248
3835239	2147520512
42526023	2147749888
47335803	671088768
55497363	53248
7000071	1610613248
24007479	331776
19042179	4429217792
15553671	100696064
27849147	4295000320
62558619	4362108928
14760195	671088644
79617867	671088768
37854267	671088768
45061323	671088768
50732619	1082392576
46596111	1085440
36869307	1610613248
52133271	1610612992
63809907	5402263552
30277851	8198
1590891	671088768
57572907	1073778688
71862927	1610613248
78281043	1610613248
2162751	4311777280
51731187	37120
42343935	36896
13187175	671088644
67962615	1610613248
64565799	1610613248
12959079	83918848
46634667	16809985
50291655	2147520512
168855	16814080
60895851	65793
29080023	1074823168
38567391	32833
76366851	1610613248
18571407	36865
1662171	36865
51515079	68190208
59030259	1610613248
32014491	1073746176
15920763	83886081
57720975	1610613248
72936663	2147520512
70979703	5368713216
40023771	37376
28955607	1027
65777883	24580
12328899	671092736
5937999	1085440
66363351	561152
57993459	536871172
59042571	16777221
752703	1085440
42271683	4295004160
36903975	4295000065
42873351	2147520512
18518271	1081348
59209755	2147549200
6948555	137216
22843671	536870918
16478043	2148012032
10458447	134251008
2740443	36866
62682387	8425472
34659303	67141633
43293579	4362076161
24894915	1073778688
15605187	4102
63949551	1091043328
37533507	4311744513
59405451	1610612992
7163367	1075839040
65210559	1146880
44633643	6146
60698859	16777281
75915519	671088768
49824447	20481
67379739	1610613248
19013343	150994945
25160271	150995072
1898043	2164260866
1830003	1610612992
75122043	3221356544
47460543	671088768
69408951	65570
10973607	37376
47028651	1085440
15803475	83886081
46627539	36865
10539771	1610613248
65898735	76
43246275	1610613248
523311	16810000
51390663	1074823168
58979067	1610613248
72826179	5435817984
34852083	671088896
60846279	5368741888
1145391	16809986
36758499	1610613248
67841115	65793
16118079	1082134528
53727675	1610613248
35571039	2147520512
58762311	163841
81213891	36865
46460031	8425472
11835447	1081348
60360603	1085440
80991627	671088768
50701191	4099
4964379	57344
58275987	16814080
2717763	2147520512
79076463	2147489792
74322735	3221258240
36639267	2147487746
17545623	1610612992
10658679	36866
6771003	2147487746
64128723	1610613248
81408291	1074823168
67129935	1081345
16372419	32833
16817595	4362108928
43393047	1610613248
78848691	2147520512
17475963	1610612992
44171943	2164264960
39904215	4106
68586639	1610613248
58862103	1610613248
81051567	1610613248
77790507	2155876352
49642359	2147487745
6357903	1081348
26709963	1074823168
45309831	4311744513
45286503	1610613248
1675131	150995072
43866411	4311744513
2459535	36865
4572339	1610613248
23754111	4295004160
36748779	83918848
80388015	57344
12379119	1610612992
75465483	4362108928
68583723	2148012032
9991563	4102
22120827	67141633
36803535	2147520512
26319219	1073876992
28346487	1610612992
66304383	4295000128
48788295	16814080
4401591	2147487745
42534123	2147520512
22614279	1610613248
52032507	83886081
14276463	2054
2037363	133122
57986007	2147524608
34029123	4295000065
67555995	1610613248
6709119	2147483682
46415643	4311744513
50587143	1610613248
62599767	1610613248
13922979	167936
3596451	1073742400
8498895	1610613248
81011391	1073778688
13247115	2147581952
71783223	1082163200
28383099	36865
74317227	1073774593
16746639	4099
16313451	2147581952
31384635	800
8404935	1610612992
27138939	671092736
14068131	5402263552
1423059	16908290
62205783	800
5125083	4362076161
8041407	1610612992
31274151	4130
15309699	4362076161
48645411	2147520512
12892659	671088641
25895427	4295000065
23916111	2147581952
41836551	67141633
48551451	2147487746
67512255	36865
17833983	8425472
70502451	33591296
74474043	2147487746
54645891	1073778688
69508095	4362108928
51017739	1081348
34362519	67108944
30561351	2147520512
45382731	4295000320
51467451	4362108928
33777375	4311744513
71347443	2147520512
10435767	1074823168
50170155	36865
67521003	2147487746
12363243	2181070848
71513979	134250500
27714363	67141633
3955767	4328554496
18548403	1610613248
19683051	4311744513
28008231	2147520512
56314491	150995072
49656615	36865
57082371	1048582
36485043	2147487760
41987859	1073840128
34507347	4130
52848663	4130
52326699	4353
61429803	1073745921
41747451	3221229568
56910651	528386
71345823	687865856
46585419	65570
5941563	4362108928
28472523	557120
32467119	1610613248
1396491	2101250
75684831	134221826
67712811	1081345
15241335	150994945
2411583	17301568
24480843	134254592
43673955	67158016
37183911	1081345
40352307	36865
49621623	536904192
22375167	1610612992
22273431	1610613248
3768495	97
66252867	671088768
6594747	1610613248
43610451	1085440
77196939	1085440
31350291	1610613248
77324271	4295000065
63511827	1610613248
36028203	4099
71281347	1140883456
41577351	2147487745
39938235	4101
39113007	67141633
75277887	1074823168
6067599	50331649
20468103	1610613248
28521447	1212416
39982947	36865
42477747	67141633
58103295	36865
22906203	4295000320
46920111	1610613248
74580639	2147487746
56023539	1610613248
24556011	4311744513
22834923	671088644
21733971	1610612992
3148359	1610613248
38504859	1081348
32465499	4328554496
38621499	2147520512
79387179	53248
5752023	1073778688
34999827	24580
32442495	1081345
27026187	150995072
6821547	1610613248
7858347	671088644
54072087	2147487746
79767879	1212416
37669911	524298
46981995	4362108928
5103699	67239938
22636635	4296048640
37284999	5435817984
8684547	4362108928
21331887	1081345
31688547	1073778688
75404895	671088768
37032603	1610613248
27947319	2147520512
58294779	4311744513
4584003	1610613248
12138711	83886081
46226427	1610613248
69119619	536875520
15794079	67141633
35576223	2248146944
48963255	2147520512
70995903	2147520512
57920235	4353
46298031	36865
2370435	201326593
10375827	100696064
68075043	83918848
28926771	1610613248
1440231	201326593
39822567	1073778688
784131	1610613248
28136211	2148012032
32484615	671088768
21791319	201326593
27820635	53248
11992587	1610612740
68959239	83886081
35567475	201326593
69372015	4362108928
6104535	1610613248
35536371	2147520512
9256407	36865
46319091	671088768
17652867	2147483682
31076511	1085440
45282291	671088768
64405419	1115136
64623795	67141633
52702863	1610613248
33748863	561152
53499579	671088644
58584759	1610613248
66116463	1610613248
23774199	2147520512
5187939	135299072
77855955	36865
27309687	134221826
30538347	1610613248
45202263	1081345
2505219	1610613248
76498071	671092736
71261583	1610613248
12737463	1610613248
53512215	3221356544
75029055	1610613248
52713231	1610612992
34355391	67141633
47040639	32802
40477695	134250497
69212283	1081348
36238803	2147520512
34166823	32864
64536315	32833
53843343	1610613248
42589203	1073774593
75511167	36865
56652099	4295004160
1496283	3221258240
1973859	16814080
40544439	1610613248
70070235	1140850944
72348927	36865
73753467	2147520512
71968227	1058
43269279	135266308
61385739	134219784
33983115	35
14301087	16809985
47622543	36865
63378015	2147520512
14918631	2147520512
44283399	1610613248
13101639	1610612992
2681475	16777226
56403267	1610613248
2263191	1141112832
29358987	1610613248
43439055	524353
25218591	28672
16208799	3221356544
26237571	100696064
13671555	1074008064
441015	1610612992
53308743	1610613248
22088751	1073778688
26293299	4328587264
75334587	1085440
74771151	1610612992
26732967	2147487745
76318251	4295000576
57825951	561152
36229083	671092736
7672695	1610613248
43876455	671088768
4617375	327681
19391451	5435817984
25254231	67108960
34024587	1081348
36279303	671088768
21028299	1610613248
22380351	37376
3306471	1610613248
40290747	4311744513
79108539	4362108928
46956075	671088768
35735307	4362108928
56465799	671088768
55624695	1610613248
45424527	2147520512
71987343	671092736
51180387	32802
49872399	36865
6506619	2147520512
18666987	16809985
50547291	1610612992
47295627	3221229568
76815915	1073774656
60529731	4311744513
49471935	1610613248
76285203	1081345
2110911	36865
16213011	83886081
60307143	4328554496
50562843	1610613248
47155335	16809985
3015519	38912
42546111	2134016
77062155	524354
2800383	16809985
63332331	2147549185
31828839	1610613248
23419419	32802
41962587	1081348
70810251	1174405120
42367911	16781313
18502071	1073774593
60771435	83918848
34111743	16781313
21560631	150994945
42860715	36866
25478439	1610613248
3049539	67141633
32849115	67141633
172095	2147520512
51094527	4311744513
53728971	1610613248
78870399	8392705
59065899	67141633
21783219	1085440
54429783	8392736
39087735	67633216
74849235	83886081
80436939	135184
27019707	150995072
9807531	1610613248
15918171	83886081
55360959	4429185025
8457747	67109889
848283	524322
17235879	67141633
29335011	4295004160
5609139	1610613248
27924639	671088644
6572715	1610613248
52195479	4311744513
70733787	1081348
37324851	1610613248
12936723	1610613248
6974799	2147487746
56572719	1085440
17254995	67108929
12068727	36866
51504387	1140883456
38630895	1610613248
50001351	2147495936
17700495	4311744513
49759647	65553
49132707	2147487745
26094039	57344
28602447	1074823168
19684995	2147520512
44875347	2181070848
25145043	53248
7541151	1610613248
33802323	671088768
46962555	1610613248
62246607	2054
63784959	2625536
22231959	36865
50663607	67141633
62702475	1081348
34234539	16809985
30881463	1610613248
31452675	1610613248
50130303	1610613248
3153219	4362076161
18934935	37376
62925387	53248
21608907	1074266176
74709591	83886081
31525899	67141633
70284723	528386
8931759	4099
42292743	3221229568
12352227	671088641
32687439	57344
79213515	1081348
49512759	1610613248
68289207	1610613248
66539607	4362108928
70979379	4362108928
32503731	4295000068
34438335	57344
22168455	16779266
761775	1610613248
43362591	2147483682
68306379	4295000065
6087039	150994945
41691399	671088768
18841623	16912384
50401815	2147487746
19715451	1610613248
57244047	671088768
67487631	1610612992
3108831	1085440
7746891	536875264
43611747	2147520512
59212023	70
70320363	671088644
60338571	20481
46709187	4311744513
50762427	1073778688
74340231	1085440
51927207	561152
60097515	4295000065
4666299	37376
12474375	1075855360
325671	134217857
69668151	1107329024
707343	134250497
1071519	83886081
1793067	69634
37305411	1081345
55587759	4362076161
76755651	1610613248
75675111	1082368
37658247	4295004160
30007959	16912384
14669475	4311744513
37390623	1610613248
29962275	671088768
27817395	4295000320
35898279	1081348
27602583	1074823168
29561811	671092736
47356215	16809985
34265319	1610613248
35025747	4395630592
4891155	2148007952
57301071	3221229568
39497595	5435817984
42856827	2148007952
38001363	16809985
76736859	2147487746
65245875	4311744513
100491	4311744513
79961307	4295000576
3519339	4311744513
56653719	1610613248
50904339	17301568
34027503	4295000065
66672447	1073745984
64115439	17301568
64704147	1073745921
53011311	2147749888
9826647	1073745921
32668323	4362108928
37168035	4362108928
68116839	5368741888
54155679	671088768
33466011	2155876352
6897363	1610613248
14450451	36880
3218019	524384
80493315	2147484674
27164211	75497473
76444287	1610613248
73510467	37376
56485563	36865
34175895	321
60358011	671088768
15265959	67141633
80716227	16781314
20320035	1610613248
20878287	1610613248
65281515	67108929
44733759	2147520512
57529167	36865
76342227	1074823168
43033731	1081345
33282951	100696064
37332303	4295000065
61549359	2181070848
74987583	1074823168
42951435	1610612992
25771983	67141633
70024551	1140883456
54605391	2147520512
57284871	671088644
1002183	1610612992
47201343	4295000065
15172971	671088768
69328599	37376
41311995	4295000320
35830887	671088644
41456823	35
25170963	1074794496
78234711	2147520512
12533019	671088768
10572495	2147549185
47937471	1140883456
58905843	1610613248
46674843	1610613248
45444615	24580
26661687	33591296
23522127	36865
51040419	67141633
75358887	2214596608
65994639	4295000065
31667163	1610613248
28997403	1085440
46200831	671088768
18713319	1610613248
21397983	16809985
12909831	671088641
11838363	17334272
23415207	4296048640
65648607	1140883456
43580643	167936
57107319	671088768
29343759	1085440
49522479	16809988
45310803	4370464768
35943315	1081348
48361263	1074008064
65064111	671088768
13530939	1081856
22270839	16810240
24632799	24580
12730983	134479873
75596703	1610613248
40907967	67141633
138075	150994945
41359947	24577
32345943	536871680
11445351	8425472
21548643	1610613248
69010755	4362076161
30499467	36865
67656435	1074823168
25863999	1610612992
1646295	67141633
73251915	1081345
1999131	1081345
40210719	1085440
56246451	16809985
2297535	1085440
81264759	561152
81266055	150994945
51357291	36865
25019979	671088768
42778419	1085440
68446995	36865
30611895	16781314
26400867	1610613248
902715	37376
58997535	16781313
23678295	1140854784
48545295	8425472
44777175	1610613248
51307071	134217762
14461143	2147520512
57199983	671088768
98223	8425472
55512915	1085440
34820007	1610613248
56153139	1074069504
31480539	1085440
45532095	671092736
18667635	150994945
74330835	4295000320
69054819	1073746432
20683239	4295004160
56503707	134254592
434859	1610612992
37370535	196610
12663267	671092736
34854999	57344
67373583	1085440
23920971	150995072
56040387	1610613248
41761059	1074823168
36601359	16809986
27690063	528640
14682759	1610613248
76192539	1610613248
30687711	1610613248
36313647	1610613248
67890039	36880
14510391	1090519041
61814067	1610612992
59899875	167772161
18205611	150994945
53233899	36865
45429387	1085440
10933431	2147520512
5580627	2147520512
74569947	3221356544
18538359	557120
62950983	1610613248
53004507	1610613248
1263651	4362076161
68824455	1085440
64622175	37376
3770115	1610613248
51521883	1610613248
1404267	1610613248
70917819	1082163200
13261047	1140883456
35803995	1610612992
69256995	134218753
56205303	36865
52964007	557120
79690767	2147487746
42492651	1610613248
61855863	1074823168
8074455	57344
42006003	2164264960
48855039	65793
61563291	4362076161
31720299	1081345
53298051	1610613248
21938091	67113216
36817467	57344
79457487	671088768
62042163	16809985
11788143	40961
53471715	1081348
29686875	67174416
38415111	671088644
70462275	1610612992
53996919	4311744513
28694139	20512
52848987	1073774593
10799619	37376
49011531	4362108928
51125955	2147487746
67482123	4294971393
39172299	2147487746
67025931	1610613248
27757131	4296048640
2250231	4311744513
1806999	67108929
12382359	16809985
56648535	36872
21950727	1610613248
47310531	16814080
56617755	1140850689
3554331	36865
3366087	167936
17538171	102400
15584127	1610613248
38329575	4311744513
63332979	138
58049511	2147520512
72183039	2147487808
38773779	36865
63445083	67141633
62352231	1085440
77299647	150995072
59058123	5435817984
13022259	83886081
378159	1081345
35096379	4362076161
18445047	8392706
54278151	2147520512
11700339	671088768
658095	671088768
44794671	4362076161
15928215	83886081
23256447	101711872
17894247	1073778688
63549735	2147487746
74914035	5435817984
56296347	4311744513
1620699	57344
75485571	1073746176
79746495	1085440
25254879	671088768
66046479	528386
23582391	201326593
35296935	1610613248
75803415	4311744513
60975555	671088768
61794627	1081348
2098923	1610613248
81631527	16781313
8188827	135266308
45405411	2147520512
14546679	134217762
20311611	2101249
4088931	1081348
51088047	1174405120
27809619	57344
75678999	1085440
22512867	2147487745
18166083	5368709121
34542015	1610612992
69070047	3221229568
2677911	134742018
36831399	4295004160
39203403	196610
17547	268468736
38261859	1081348
18969279	150994945
61253547	2147520512
72740643	4311744513
27320703	134217733
5867691	327681
66068511	37120
39933699	2147520512
27652803	671088768
61760607	2147483666
44786247	70
77455491	4328554496
55769847	2147495936
63317751	83918848
705075	4864
76353891	321
31557327	67141633
50312391	4311744513
28886919	1085440
79914975	2147520512
63303819	1610612992
6203355	4311744513
60931815	5368713216
59586567	1610612992
8210211	24608
69147807	83886081
56375079	1610613248
3506055	2147487760
79042767	69634
76890435	1081348
51949239	1074823168
25477791	1610612992
348027	1610612992
46990419	1074823168
9029607	1610613248
49770339	4311744513
15633699	4311744513
17442591	1610612992
7322775	4311744513
21538923	1073742084
69117027	1610612992
43886499	37376
22499583	1610613248
2487723	1081856
50869995	1610613248
59024103	1081348
11418783	1073774656
52951695	2147549186
42619659	4295004160
27405591	201326593
2867127	4311744513
69281619	32833
26408643	331776
49292115	327696
31926687	1610613248
54472227	1085440
37273011	4102
20556879	1610613248
1122387	2147520512
17379087	134217734
44704599	671088768
19509387	4311744513
53300643	1085440
4074027	2148007938
3170067	67108929
78883683	2134016
72739023	24580
2386959	83886081
64493547	37120
64648743	33587712
75903855	1610613248
27309039	1610612992
16775799	200
45402819	2181070848
12511959	1610613248
63066003	2147487745
63267531	2147487746
56173875	1610613248
74952591	1073778688
78529551	2147520512
33906327	4099
27859191	1610612992
20692311	3221356544
65603895	1085440
6157347	2147520512
66295959	36865
61448271	524322
25979667	1610613248
1920399	1610613248
19638987	8425472
67342479	1082134528
39793083	1140854784
22832331	1081348
14337375	2180
29038227	37376
29689143	4102
63404907	2147520512
34470735	16779296
49580799	2147549186
56554899	1073746176
43524915	1610613248
36726747	83886081
49267815	1610613248
68345259	32833
937383	1610612992
34554003	1090519041
409911	4362076161
77264331	4296048640
183111	2625536
6948879	1610613248
43948383	36865
40175079	201326593
61260027	1073778688
81216159	3221356544
55871259	53248
4196499	2164264960
71446911	67108929
12225543	37376
58717275	2134016
27430215	1610612992
35275875	2147487760
69240147	4295000065
61185507	536903684
43329543	4295491648
67278651	4311744513
526551	4311744513
78703215	4311744513
67654815	671088768
55508055	1081348
77260767	1085440
41536851	1610612992
8914263	67158016
24166887	1085440
66812739	32801
36599739	16809986
34559511	1610613248
54938463	36865
43407627	8425472
10403043	2148012032
64461147	4102
971727	42
10175271	1610613248
13381575	4102
52781271	671088644
5745543	1073746176
4024779	1610613248
40591095	36865
8119167	1610613248
60416979	16777281
39414651	4362076161
55787343	1610612992
3308091	1081345
46715019	36865
75322923	1610612992
3238431	1610613248
40675011	671088896
29529411	1610613248
73137543	1610613248
63895443	262401
40785819	1081345
11537043	5368709122
59060067	4362080256
4170579	1610613248
66701607	1082163200
61906407	1085440
43326951	1610613248
1755807	1610613248
21742395	671121408
11549355	1610613248
52019223	67141633
68465463	1085440
25055943	524353
43220355	4429185028
43369719	67141633
12848595	2147618816
60595179	1610612992
79165239	1073741860
81253419	1073745921
49976079	1610612992
5391087	150994945
54928095	1107329024
79917567	2147520512
50326647	1610613248
33067167	1610612992
77038503	32864
19075875	1610613248
915027	268568576
35429451	671092736
66633891	1610613248
59448867	331776
50633799	167936
16061055	16912384
1820931	4362076161
23213355	134217858
46958343	1081345
25162215	1085440
14414811	1085440
47621895	4311744513
57264783	1610612992
65905863	1140854784
76598511	28672
49070823	1174405120
16593387	1610613248
31795791	561152
45069747	17301568
26241783	1610613248
68391267	671092736
53295459	1074823168
76516863	671088768
30527979	137216
2822739	4362076161
21813999	1610613248
32934003	201326593
9198411	8437760
31189911	37376
40889499	1610612992
70438299	2147487776
49865595	1610613248
40325091	16781313
61681227	1081348
32871147	327696
65632083	1610613248
46720203	671088768
24132867	1610613248
581631	671092736
33690219	3221229568
33132615	24580
29165235	2147520512
45088863	6442455040
9977631	4311744513
54110319	16814080
48301647	671088768
43764351	1610613248
8407527	1074823168
39712731	4295000128
1572423	1081345
965247	671088644
80502063	2147520512
19909527	163856
63142467	1082163200
8986839	1085440
49647543	327682
3828111	1610613248
9704823	57344
73457007	2148007938
20100039	1073745921
71760543	1085440
81290679	1085440
23897967	5435817984
60228411	1074823168
68618715	36865
74436135	67633216
8288943	528448
442959	163856
1082535	1610613248
21671763	5368709121
50481195	83886081
38187987	671088644
25929447	2147520512
26055807	201326593
47180283	134254592
38088195	16779520
39232887	1081345
46382919	1073766400
74475015	3076
38824971	1081345
49744419	1073873408
31803	57344
41919171	1081348
61095759	2147520512
79966815	1074266176
38972715	1140883456
36298419	1073778688
29885487	4162
15584451	24580
37853943	671088768
70743507	150994945
72918843	1174405120
38130639	4362108928
43544031	4362076161
12009759	1081348
48537843	671088768
59441415	32802
71852559	4362108928
56238351	1610612992
43302651	2147520512
43597167	2147487746
36521007	150994945
51417879	1073905664
75505659	1610613248
19857039	150994945
38327307	671088768
69037647	2147618816
78409671	24580
41210259	1074823168
9556431	4311744513
54394791	1073778688
23024787	1610613248
39659595	4311744513
24091719	67141633
151035	67141633
33943587	1085440
77349867	2147520512
22183683	671088644
62889747	4362108928
43738431	134221826
51289575	1107329024
43578051	1610613248
67138359	17301568
64440735	86016
41845299	1085440
2813343	1610613248
2119011	1610613248
15628839	24580
56369247	2147520512
33914751	6656
44060811	2147520512
77598699	8425472
12361623	1073778688
68557479	36865
64613103	37376
20693283	83886081
58899687	2147581952
20285367	32833
73994847	150994945
18564927	83886081
47994171	1610612992
32594451	4362076161
24316899	37120
21821775	16809985
45385647	67375104
53036583	1085440
38874867	2155876352
79185651	1140850689
54117447	1610613248
4797843	8425472
65320395	1610613248
44081871	1610613248
62457531	1610612992
48533631	561152
33060363	4295004160
2019543	1085440
14808795	1610613248
58523199	1073762304
62784123	1085440
19510683	83886081
69317259	1610612992
19832415	150994945
2849631	2101504
65623011	2147520512
28786479	24580
52902123	5368713216
46934043	1085440
40847055	6145
22985583	36865
44121723	1073778688
78621243	4362108928
21332535	671088768
73874643	4362108928
29280255	3221229568
72359619	4328554496
18801771	4362108928
44648547	671088768
33740115	2147520512
7439091	1610613248
54050055	577
40012755	1610612992
75132087	135299072
40895655	673185792
23215623	150995072
68543547	4395630592
51860787	1610613248
5683983	135266305
57493851	4295004160
22424415	4106
107619	16809985
68040699	1074823168
27766527	1610612992
53960307	1610613248
28321539	2147618816
32835183	4311744513
1548123	16777234
61929735	36865
62921823	1085440
1327803	4395630592
11128155	671088768
71310507	83918848
33391815	65793
65259483	1610613248
37951791	4311744513
3131511	150995456
49241247	671088768
66643611	1073742084
1603527	1610612992
31155243	2147520512
68768403	671088768
73182903	1073778688
13236423	4395630592
53151279	4295004160
681747	1081348
3459399	2147520512
25421091	1048610
15229995	83918848
69216171	83918848
3421491	1610612992
47598891	3221229568
35867499	1610613248
30853923	1610612992
50135487	671088768
78000135	1081345
3513831	36896
33014031	4311744513
12605919	2101312
10122783	36866
60222579	2147520512
29497983	327744
38813955	671092736
72053115	1610613248
72340827	36866
10778559	3221258240
48291279	37376
2901147	1610613248
48619815	671088768
35969883	1610613248
3158403	327681
46904559	16814080
32624907	4362108928
47289471	1610613248
48857955	1610613248
11731443	40961
54507543	1610613248
42334215	36865
57627987	3221229568
59813691	1610613248
41913015	1610613248
3860511	2134016
47626431	8392705
886515	135299072
15218655	2147520512
47964687	134218112
29479515	578
80155383	1074823168
78207171	4295000065
46982643	1081345
8595771	1610612992
57268671	671088768
78507519	2147487746
12593607	671088768
2289111	327696
31673643	671088768
40385031	1030
7572255	196610
71142027	36866
798063	134479873
63554271	1085440
19035699	150994945
3074811	1085440
17534931	1610612992
980151	17334272
24459459	67141633
20545215	5369233408
45620871	16777281
50081379	201326593
12231699	37376
65439627	67145728
48258879	83918848
59502327	16779266
53725083	1073778688
77337879	4362108928
51020655	1610612992
58205031	36865
1135995	1610613248
67489575	1073876992
18080547	57344
17217411	134217733
21015987	16809985
19552803	1610612992
7540827	1073745921
35334195	671088768
40968879	2147520512
36712167	1610613248
36413439	150994945
19602375	4311744513
22755219	671088768
19190247	4294967361
71601783	671092736
47670171	553648384
49657911	100696064
57054507	671088644
18647547	36866
33765711	4295004160
63368295	67371009
1707531	671088768
1246479	1085440
18931695	577
34040787	4311744513
62823327	4311744513
21142023	1610613248
23951103	35
46216707	37376
69629919	67141633
4309251	4362338304
60072567	1073774593
5828163	671088768
17061891	1074823168
51576315	1610613248
148443	1081345
34417599	16809985
43093995	83886081
61563615	2147520512
81282903	671092736
37896387	8716288
49409727	196610
66316371	16809985
50662311	1610613248
39691995	1140883456
29889699	70
69414459	36866
4874631	1610612992
69586503	1610613248
13263315	1610613248
66610563	268568576
50546319	1610613248
27174579	67141696
74741667	1073766400
25786239	1073745921
16000467	32833
9762819	57344
4293051	671088641
57141663	1082134528
14029575	2181042176
41127963	1610613248
22524207	671088644
66764787	4311744513
37489443	67108960
20293791	671088768
32104887	524548
63640779	1058
30178059	671088768
26403135	1610613248
67968447	16809986
32995563	67112962
4000155	1610613248
8584755	524353
74748795	2164264960
79257579	1073746176
38277087	53248
56493015	1610613248
57720327	1074823168
11822487	1610613248
28983795	2147520512
78548019	5435817984
43967823	49664
24528471	2147520512
75243219	2147520512
55946751	65793
27020355	150995072
19486059	524354
75761619	2147520512
51275319	524360
8367351	1073778688
44054007	1074823168
1223475	2147487746
11597307	1610613248
9683115	32834
63733119	1610613248
56091255	1610613248
24519723	4295004160
50570295	4311744513
77801847	134250512
24330507	537133057
15011619	1140850689
65411115	1081348
77743527	1610613248
10781799	1610613248
5584191	327696
18676059	32834
5095599	8425472
74066451	1082134528
51484623	16644
50035695	1610613248
3777567	36865
67950303	1610613248
14170839	1074823168
56169015	327681
36335355	67108897
75115239	1073778688
7072971	2147488000
21869079	4295000320
33849303	1073778688
52129383	1073778688
47746959	4362108928
61858779	593920
46908447	2147487745
77576667	2147520512
81749787	1074823168
39249087	1074823168
79835271	100696064
23951427	2181070848
54196827	83886081
67461387	4311744513
7926063	70
50031483	1073778688
63617775	135184
50834355	3221229568
44491731	36865
63161259	1610613248
78305991	327681
21982479	1610613248
47555799	67108867
27832623	4295000320
52671435	537919492
57057099	4362108928
37541931	1610613248
74798691	1082163200
30761259	83918848
61704879	2147487746
10104639	1073745921
19833063	671088641
2094387	2147487746
48456195	67141633
13338159	67
52704807	37376
38929623	4295000065
50652591	4362108928
60583839	16777281
56447979	4362108928
36647043	1610613248
54737583	1073745921
68239311	1085440
9105747	3221229568
60636975	17301568
8811555	1610612992
14134227	36928
401163	8392705
73470291	2148012032
53773035	1610613248
21823395	16809985
76858683	1073745921
6691623	2147553280
22223211	1610612992
21574563	4295000320
43012347	5435817984
66612507	8425472
60574767	1610613248
9241503	36865
19248891	33587712
21512031	553650176
31569639	2164260880
2304987	4296048640
9779991	4311744513
30071463	671088768
31868691	1610613248
76159815	1610613248
21406083	4362076161
47350059	671088768
841479	4362108928
32831619	1610613248
16445967	135266308
22597431	1073745921
66181911	37120
62085579	1073762304
68439867	1610613248
69359703	2147487746
1814775	70
23207199	672137216
58200171	4295004160
36805155	1610612992
44514735	2147520512
73932963	4311744513
18494619	67207168
78414207	561152
72160359	1610613248
72383595	134250497
69399879	4395630592
12946443	1610612992
77267895	671088768
41951247	1074270208
47531499	4295000065
63706875	1081345
44916171	32802
28876551	37120
42103203	66564
21732999	16809985
76522695	4311744513
36060927	134218753
37112307	1073774593
6847143	1081348
49084107	4362108928
28816935	16809986
62115711	1610613248
30194907	1085440
59660439	3221356544
2055507	1048612
76515	2147520512
51575667	6442455040
31547931	1610612992
73168647	528448
19010103	2147520512
43075851	20484
59722323	36865
27106539	134254592
35921607	1610613248
56852007	1610613248
31395327	800
61144035	327696
22709535	1085440
43300383	2147553280
67195707	36865
5631171	1115136
24304263	1610613248
80608983	4362108928
48698547	1081345
20691339	8425472
2531139	1081856
24784107	5435817984
79613331	67141633
52460187	671088768
33912483	201326593
42411327	1074823168
63686463	2147483682
80157651	2147520512
465963	67141633
52499715	1610613248
64799079	2148007938
2937111	98320
57031179	1081360
40447563	4294971393
6611595	4311744513
66319287	537919492
71081763	134217858
40186095	1610612992
21322815	671088768
23052327	36868
54630339	1085440
71693151	2147549185
1018059	671088768
77105571	2147487760
25250991	1058
17250459	1073775104
56683527	1610612992
50892351	1610613248
35984139	32833
28009203	32802
22491483	1610612992
15439299	1610613248
73727547	3221258240
77793099	4362108928
246291	1610613248
28527927	53248
20461947	2148012032
62843091	134217857
3121791	57344
12307191	1073778688
72698847	671088768
81530115	36865
32737335	83886081
68484579	2147520512
70591551	1610613248
64094055	2147520512
70097775	1073152
73887279	1610613248
51860463	8425472
30622911	2147520512
56666355	4311744513
27614247	536870918
73255803	536871172
56988411	1212416
66121647	16809985
30444711	327696
65140575	1610613248
45243735	2147520512
16521783	4362108928
7068435	1048582
26852847	1073774593
21395715	36865
73526343	8425472
53301615	2134016
483459	4311744513
51805707	1081345
57007527	671088768
62994075	537133057
80786211	16810496
68206911	16809988
59138799	1174405120
65555295	17301568
54410991	1610612992
55924395	37376
12079095	4311744513
4064631	2129921
28837347	83886081
71105739	67145728
14912475	671092736
26583927	4295004160
49239627	2147487746
17507715	134217734
72737727	671088768
1767471	4362108928
3450003	1058
45396015	67141633
66672123	1610613248
41157447	4311744513
62196063	4395630592
74510007	37376
49554879	4362108928
51303183	36865
7269963	1085440
37345587	196610
72266631	3221229568
47064939	1056772
62139039	603979777
66304707	1610613248
23256123	1085440
16441755	135266308
65636619	1074823168
67588719	5435817984
78514323	100663298
81527523	135299072
33287163	1610613248
57468903	1610613248
39441867	1056772
80461563	1610613248
3978123	1610613248
68989695	4295004160
33269991	1610612992
68237043	4362076161
58796979	2147524608
48970059	1073778688
38730039	196610
49762563	4311744513
27469743	53248
13431147	16389
64241151	17301568
64107987	1610612992
68046207	1610613248
71360403	3221229568
57723891	1610612992
28824387	4311744513
38156883	28672
5735499	4362108928
78655911	16912384
51129195	37376
5566695	2147487760
44015127	1610612992
60083259	134254592
55963599	4311744513
40964667	554696704
19412511	83886081
46962879	1073778688
2868423	134221825
58130835	37376
69663615	299008
51753543	17301568
29128623	2147520512
426435	4395630592
13828371	1610613248
47346495	4311744513
44118807	671088644
44334267	24580
38363919	1073766400
56788827	20736
79906875	1610613248
64323771	134221825
64329279	524354
51562059	1073872900
36573819	4395630592
30137883	2164264960
28656555	4311744513
64105071	671088768
41792811	4295000065
2896611	36865
9892419	1610612992
2172795	1030
5266671	1085440
41791839	1074823168
40574895	2147520512
27074463	671088768
22549803	3221229568
42624195	65793
76761483	5368713216
47305671	671088768
7223955	4130
75194295	1081348
68900919	4429185025
49095123	2147749888
61359495	83886081
18957939	2147520512
7347399	36865
35657223	2147487760
27620727	35
4662411	1140883456
42455715	2148073472
37513095	671088768
42530559	67145728
49931367	167936
12021747	1073778688
37388355	5368971264
2617971	1610613248
28221423	1610613248
62797407	1074823168
75285663	36865
33439767	1610613248
11923251	2082
17653191	671088644
457539	17858560
39957999	1610613248
42711999	671088768
56786559	671088768
47652351	671088768
18714615	137216
81287115	1610613248
54520503	671088768
48958071	1073778688
35687355	16777282
50640603	137216
12041187	553648129
49829307	2147520512
2565483	1610613248
22603587	32833
72979107	1610612992
43568007	4130
80741499	67141633
61789119	33591296
23968275	1610613248
45489327	28672
80557143	2147488256
20303835	100696064
79523583	2147520512
9752451	1081348
15002223	1073778688
75263955	2164264960
71299167	134217733
30984495	2147520512
69417699	1610613248
61123947	1610612992
24977211	2147520512
2927391	4311744513
8766843	8421377
2637735	1610613248
6409095	1073745921
80791071	2148007952
3288651	57344
11122647	2148012032
55537215	36865
53029131	524864
72589011	1610613248
61647531	1610613248
8282787	16809985
66318315	1073766400
74140323	4354
55515831	1085440
20473611	1610613248
10300011	134217733
2169879	16809985
24828819	1073745921
2740119	83886081
46821615	37376
18469995	1610613248
43535931	1610613248
30944319	1107300352
63649851	16809985
81308175	2147483682
56658903	1610612992
17019447	1610613248
33313731	4610
32806023	2147581952
42046179	67141633
75491403	2147516418
34586727	1610613248
1614543	4303388672
23002107	1610612992
43613691	1610613248
23816967	33824
72727683	1081345
51649215	4362076161
5005851	1610612992
9929031	8425472
33286515	36866
80780703	37376
26204847	83886081
33349695	524354
10150647	4311744513
4919991	292
55139019	2147487746
68782983	671088768
22168779	671092736
50274807	1085440
51155763	561152
45301083	671088768
15625599	4311744513
36718323	16809985
42860067	1610612992
50462403	36865
10329819	1073745921
16116459	1073778688
1346595	32833
6828675	8425472
26396979	1073746176
3386499	1090551808
6931707	134221825
17642823	557568
57489963	1610613248
44701035	1081348
2314059	2148012032
33842499	1140850689
51568863	5368713216
48696603	67141633
68298927	4311744513
3489855	167936
50394363	1073778688
43211283	1610612992
42540603	36896
72106899	135266308
18256479	83886081
1798575	331776
54962439	37120
5197983	5435817984
6878247	4311744513
4965675	65602
45428091	671092736
57878439	1081348
130947	67141633
42618363	1610613248
6036819	2147520512
30392871	1085440
46278591	1073745921
44827071	65602
55628907	671092736
69889443	2147581952
71694771	1610613248
12239799	4362338304
24427707	2147520512
30447951	671088896
41864415	4295000065
15229671	671089152
55290003	134742020
37275927	70
625695	36865
24185355	67158016
25148607	4311744513
35756043	671092736
74041503	2147520512
52629963	1610613248
59783883	16814080
11862663	1081348
74400819	671088768
14418051	536871172
1273695	4311744513
51291843	1610613248
75234471	1610613248
12907239	4295004160
68505963	4362076161
64917663	1081348
52506519	1610613248
7909539	1212416
48061239	1610612992
64720023	1610612992
6700695	16809985
3006771	1610612992
34375155	1081345
29431563	1610613248
30495579	16793601
69077499	1081348
8428263	83886081
16254159	518
13779123	135266308
77886087	16781313
12255675	83886081
44342043	4311744513
6942723	67109890
18573999	4294967361
39165495	528386
31926039	1610612992
36883239	1081345
66323499	16777736
37841307	134250497
10743	524306
19972707	1085440
52278099	1610613248
63627495	201326593
28844475	32802
36269259	4311744513
16810467	1074823168
38152995	2155905024
19670415	83886081
20535171	2148012032
31590051	67141633
37349799	196610
66420051	1610613248
79832679	36865
24226503	36865
60689787	1085440
6355311	4295524352
33878463	671092736
73735971	1081345
46978107	1073774593
59188695	1074266176
26914083	40961
12779583	2129921
47470911	1081348
3325911	83918848
36456855	2147487746
5769843	8425472
48206067	1081345
56371191	37376
22467831	201326593
30883407	36866
37347855	196610
81204171	75501568
76779951	16912384
10225167	1081348
1435371	83886081
59351991	67108898
62186343	67108929
17354139	83886081
293271	1610612992
69304623	1073778688
47227587	32834
48708915	1610613248
65527755	1073778688
61927143	167936
143259	2147520512
54250935	40964
43734219	1074823168
42183879	2147520512
43570599	5368709121
78042579	16912384
19042827	327681
2137479	134250497
58096815	83918848
16148211	1610613248
62821383	1107296257
70621683	16809985
31581303	4311744513
24494451	1610612992
32378667	4311744513
7765035	4311744513
49134975	1610613248
49684803	1610612992
31137099	67125249
73344579	36865
49980615	671088768
17770479	1146880
33075591	4311744513
68162847	17334272
46914927	16916480
6082179	1610613248
42721719	142610432
68132391	3221356544
453651	83886081
30919695	1610613248
41600679	67141633
6040707	2147614736
5586783	4226
27847527	4295000320
21078843	4362076161
40500375	70
1069575	40961
29985927	67112961
61555515	2147520512
65285403	1085440
59988003	83886081
35431071	4311744513
28344867	1610612992
40067187	53248
35745675	1610613248
41764623	1081348
402135	134283265
2755995	3221229568
51331047	671088768
10508019	1610612992
7832103	1610612992
55492503	1610613248
16793619	2147487745
80992599	33591296
6792387	2147520512
77107515	201326593
16563579	57344
1605795	1610612992
23397063	1610613248
81375243	2147516418
59911863	32834
40546059	3221229568
44973519	100696064
2366547	1085440
18720123	2147483682
60344727	32833
993435	67108929
12573519	36865
58084503	24580
30474519	83918848
61070487	1073778688
37842279	2147520512
9731391	8392706
4766739	2147520512
1465827	2147483654
41090703	17301568
26045763	83886081
53537487	36865
16668879	135266308
61668915	4362108928
49065315	671088768
116367	67141633
43147131	28672
56026455	4295004160
11610591	3221225474
3947667	2147487746
72443535	299008
15660267	4311744513
65948307	2147549185
12814251	4295000320
72901995	4311744513
51252639	1610613248
4648479	16781313
34634355	36865
6324531	2147618816
56979339	1081348
50360019	4294967301
6972855	671088768
18882123	70
68861391	1073762304
42301491	36865
59327691	1074823168
54247695	671092736
51007695	1610613248
54778083	671088768
17419587	262210
81668139	3221229568
42556479	36880
44352735	17334272
60143199	1073745921
44530611	671092736
37613535	4311744513
3383583	2148012032
24777627	2164264960
27139263	32833
52661715	2147520512
51912303	20484
62714787	1610613248
61709091	32802
63507939	1610613248
58256871	1610613248
64184127	1073872900
38290371	1610613248
59749539	2147553280
74781843	5435817984
12252759	1610613248
56975127	37376
48219675	1610613248
28568751	1081348
65426019	1610613248
65634351	1610612740
122199	67141633
3459723	134283265
1978719	57344
79063503	3221229568
68441163	1140883456
1601583	57344
60254007	1610613248
4918695	1085440
66165711	16809985
26444607	1610612992
70213443	2181070848
78933903	1074266176
47957883	671088768
80629719	2147520512
41647335	1610613248
39452883	1610613248
50446203	4395630592
30133347	150994945
23982531	24577
50285499	134283265
21870375	4311744513
27932415	3221229568
15488223	83918848
52897911	2147487760
68514711	2147520512
35214315	528448
80064987	1610613248
50880039	4378853376
75487191	1610612992
68446671	1610613248
36464631	1074823168
69315639	1073746432
70286019	1073778688
41085519	4311744513
33634815	671088896
67511283	1610613248
32400375	37376
32601579	1610612992
12304599	37376
15139275	36865
17185335	17301568
12978519	8650753
64573899	1073745921
66162795	671088768
36643803	67141633
19642551	1610613248
44852667	2148012032
4865559	4295000576
43932507	3221356544
77754867	1610613248
24746199	201326593
79997919	1610613248
40802019	36865
34216719	1610612992
38511015	1610613248
56915511	134254592
8694267	2164264960
70837467	2147520512
2915403	1085440
41195355	3221229568
80226987	1610612992
20236119	1610613248
29572827	671088768
22903611	2148012032
36424455	5435817984
48985611	134250497
24390123	1074823168
28338387	5377097728
23032239	17301568
20498235	1610613248
33477675	67141633
23220159	40961
52749195	4311744513
47081139	8388642
69486711	16810240
23045523	37120
69569331	36865
162051	1610613248
33091143	1610613248
43044099	1610613248
55812615	1610612992
57750135	1610613248
33259623	67108897
22911387	57344
8987811	1082138624
68455743	16809986
16985103	1146880
63719835	34611200
23637471	1073774593
55584195	1073742084
14567091	1073745921
61393191	1610613248
56180355	2592
81582927	83886081
59051967	37120
67780527	4295000065
64964643	1073762304
19160763	83886081
41731899	671092736
44910663	36865
37536747	37376
39430851	1081348
21862923	671092736
44318391	1081348
75693579	36928
40756335	1610612992
4463475	2084
53246211	1107300352
24809055	2155905024
2528871	1610613248
16560987	168
14313723	2147483682
31000371	1610613248
5041167	1085440
25102923	36866
34365759	1610613248
26615679	66564
71541843	2148012032
7469547	561152
32295075	83886081
14085951	67141633
67899435	2147520512
71600487	134218753
41586747	4295000065
79377135	687865856
11846139	134283265
36266667	4295004160
43140975	1610613248
34853055	2147520512
80160567	3221225473
67900083	524384
18863655	17301568
44679975	1085440
56342031	2147520512
40723611	1107329024
78463131	1082134528
73511115	16781313
56527035	37376
33611487	1610613248
41268579	36880
80094147	1610612992
48487623	4362080256
3770439	1610612992
37126887	69648
13402311	2148012032
53745171	1115136
80521503	1085440
38420943	4311744513
31875495	1081348
77449983	16912384
57182811	2147520512
1725027	70656
27025215	150995072
11064975	1610612992
57756939	1140883456
18658563	150994945
44328111	671092736
35020887	4311744513
78769311	1174405120
32395515	36865
5406315	134742017
8833587	134218753
17351547	36865
70977759	143360
7199007	150994945
1459671	2147487746
79509003	33652736
29727699	4311744513
8726343	1610613248
4165071	40961
1664763	2147549185
19619547	1610613248
40842843	150994945
31692111	1073778688
42435951	2147520512
33411255	1081348
80728539	331776
40285563	671088768
57317595	1610613248
50665551	1610612992
21843159	150994945
2107995	2231369728
62051235	4295000065
1145715	1610612992
72252699	4362108928
52480599	331776
42321255	1074270208
34171359	1140850689
72015855	67112961
12534963	671092736
29722191	1090519041
2816907	4294971393
10088115	1610613248
77450955	8400896
51371871	2147520512
1154139	83886081
18415563	32833
3969051	1610613248
20986827	1610613248
74684319	2147487745
54908007	1610613248
30208839	1610613248
58344999	557120
24442287	1146880
81383019	536904192
80656935	1085440
73591143	1146880
31055127	32834
8912319	134250500
50542755	35
6684819	32833
36754935	36896
45362967	1610613248
24975915	1081348
43203507	2147520512
13172271	40961
80322243	1073778688
37158963	1610613248
33240831	2181070848
71353923	1610613248
39471351	2180
70145727	671088768
78805599	67108867
40785495	1610613248
5188587	1073905664
51260739	32802
15658971	25088
63940155	1610612992
59342595	5435817984
70227051	4311744513
30946587	1030
74660667	1073778688
62809395	1085440
77576343	36865
47224995	83886081
1691007	67141633
60734499	1610613248
31953255	1610613248
480867	2147520512
63618099	20481
52572615	1081408
70236771	671088644
4854543	16809985
56481027	2147549185
778947	327696
72675195	37120
79266003	671088768
65179779	4362108928
1970295	135299072
21158547	16809985
76261551	671088768
34982655	1610612992
30846795	134221825
32618751	135299072
2279391	1610613248
630555	134250497
61290159	67141633
4158591	327696
2555763	4362076161
50549235	1610613248
8703987	1610612992
39910047	2147520512
5178867	1610613248
71518839	1085440
53425707	2147520512
73792995	83886081
52915731	2147520512
81179871	1073778688
24931527	67108874
14596575	4311744513
7155591	561152
79353159	2147487746
105675	67141633
56354667	138
25996839	561152
74000679	671088768
60211239	16814080
36673287	2134016
25215999	2164264960
63566583	1140850689
51332019	4362108928
34502163	536907776
8013543	32833
1089663	150994945
31435503	1073778688
28868775	4129
35168631	671092736
65668695	4161
57649047	1212416
6797571	24580
77803143	32833
64804911	1140850689
39078339	4362108928
47224023	4378853376
70302543	1610613248
2762799	69648
42202347	1074823168
74264739	3221225474
46428603	1610613248
20295087	67133440
73016043	4311744513
59689599	536872964
28114179	2147520512
64133259	1610613248
13499187	2147487746
49362099	4362076161
39894819	536903936
23795583	35
49710075	2147520512
72212847	4311744513
51697167	671088768
77021331	1081348
49865919	35
23311203	3221229568
40499727	4294971393
20094531	2147520512
18474531	150994945
37271391	1610613248
79491507	2147520512
18824775	83886081
78378567	2147520512
75967683	67141634
32323911	32833
3969375	201326593
42723663	36866
12477939	1081345
16442079	135266308
33611163	1085440
21729435	1610612992
69480879	2147549185
15768159	83886081
62014623	2147487746
41042751	57344
57584895	1085440
41523	134221825
19941927	4099
73456035	671088768
46979727	4362076161
17319471	67
39361839	1610613248
58835211	4395630592
47169915	671088768
58101999	135266308
73069503	557120
74793507	167936
5818443	1610613248
3524523	1049604
60822627	1610613248
29153247	2147520512
499335	524322
57807159	1073778688
44594763	4311744513
868371	4311744513
52867455	36865
21602751	1085440
47751171	1610613248
70244547	1081348
52760535	1081345
42698067	1610613248
36060603	1610613248
29265675	1610613248
21162435	1085440
15287343	36865
28103487	1085440
65041431	1610613248
35348127	100663298
4634547	2147549185
18779415	83886081
78798471	37376
40593039	2148012032
6243531	2147520512
59609895	1085440
3383907	17301568
6932679	1081348
64558995	150994945
1305447	1073778688
42090891	2147520512
3471711	4362092544
68238339	53248
37346559	196610
69432603	1610613248
54330315	150994945
16158579	4295131136
51319383	1610613248
39975495	2134016
64274847	671088644
53525823	1610612992
20744799	1073745921
452031	2684358656
23622891	671092736
4901847	1610613248
39633027	16809985
80322567	36865
15544923	1610613248
47335479	1081345
6950175	4311744513
60477243	1073775104
33979551	36865
18772287	1610612992
8893203	524801
43442295	33591296
25854603	1073778688
56131431	4362108928
70759707	2147520512
35349423	16781313
59656875	1074823168
28596615	1073778688
24958419	671088768
23897319	1064964
11393511	4311744513
72894219	24608
49860087	36865
81362931	561152
30121359	7
12905295	671088641
41833635	1610613248
36392379	67141633
409263	4362108928
23300511	2147487745
3128595	1074823168
56275287	1610612992
9849327	33281
704427	2147520512
1829355	1610613248
60799947	2148040704
43448451	671088768
28891131	1610613248
42700659	1085440
80330019	1073778688
14173107	1082163200
8952819	1610613248
5144523	2147520512
3203439	524802
76039611	4311744513
28793931	2147487746
24050247	2147520512
23455059	671092736
81681423	1074823168
14504559	1610612992
61737279	1085440
18967335	2147520512
81245319	69648
23253855	1610613248
28787451	83886081
51321651	1081348
14967555	3221225474
73633263	1610612992
7154295	134221825
51502767	37120
31074243	553650176
38290047	36866
53303559	1610613248
67227783	1610613248
45346443	67112961
5030799	36866
24319491	2147520512
13352739	16809985
5903655	1082163200
15719883	1085440
13308351	201326593
47664987	162
10023963	2701131776
31467579	4311744513
63341727	1610613248
29406939	1610613248
60913995	67375104
16782927	1085440
55797063	134742024
21247323	4311744513
57422571	4295004160
2856111	1074823168
34045323	671088768
60340191	1081345
954231	134217860
19020471	150994945
36879675	1610613248
12713811	671088768
3322347	2147516432
43193787	2147549200
56178411	134217733
60053451	1610613248
69047367	1140854784
57338655	1085440
39108147	2147487760
24379107	4296048640
80155059	4362076161
48644115	36866
17510307	1610612992
36313971	1081345
72322359	2147520512
545667	150994945
80211435	1610613248
15691371	83886081
10755879	1073745921
15267903	1610613248
10008735	524548
44992635	67142144
5825247	1610612992
12436143	671092736
20865003	37376
28109967	2147520512
28967271	1610613248
28962735	1610613248
53529063	67207168
27243915	1073745921
22386183	266496
14487711	1074823168
79080675	36865
60394623	4429185025
49677027	3221229568
74401791	1610613248
19876155	1073745921
62416059	150994945
27342735	1610612992
21035427	553648384
77718255	16809986
50893647	2147520512
5433207	2147520512
39534207	32802
2347755	800
57976935	1610613248
22122123	2147520512
81506787	2281705472
65596767	1085440
46711131	671088768
4628067	134217733
68990343	2148073472
30978663	4311744513
27818043	16779520
65313915	2147487746
48390747	4311744513
14101503	16781313
38358087	4311744513
27520287	36880
76117695	671088768
24727731	4296048640
63896415	2684358656
39842007	536875520
17860875	37120
26541159	16781313
5217423	1610613248
36827187	671088641
10704363	4311744513
62563155	134254592
2173767	671088768
58850439	1073778688
2787423	1085440
8325231	671088896
31742331	2147487760
28141719	1610613248
77123715	1073742592
1511835	1048836
39993315	1610613248
2448195	1074823168
24174339	1610613248
51706887	1073745921
22596135	524354
24336339	1610613248
52988631	538968576
80964735	1081348
53366091	1140850689
10840443	528386
75950835	2147487746
8958327	4311744513
617271	67141633
38626359	4106
30881139	2155876352
62472759	1610612992
53162619	67145728
49326459	671088768
69212607	1074798592
37101939	67141696
5412471	3221229568
30379911	1081348
58553655	2147520512
21987339	1090551808
20563359	524353
40758279	4311744513
12265395	2147520512
16869759	1610613248
25698111	1073778688
24294219	671088644
33447219	2147520512
77766207	36865
56285655	134217733
42549999	36865
5826543	671088644
27903255	1610612992
56134671	24580
55826223	37120
11566527	1610612992
80143395	37376
62437119	150994945
79989171	1081348
11613507	36866
23715879	37376
17706651	1610613248
20445423	1610613248
380103	17334272
77657343	1107304448
24375867	671088768
67092027	1085440
28063311	1073778688
55321107	36865
43038591	36865
79157787	1107300352
29475303	1610612992
176955	1081348
10217715	36865
14212635	1056772
25498203	3221229568
3304527	1048610
80934927	1074823168
76216191	1073778688
76191243	2147549185
75395499	1610612992
59527599	1073778688
61795275	1074823168
48670683	671088768
81227823	1610613248
64237587	1081348
68014131	4362108928
79682019	1610613248
189915	1610613248
33317943	69634
33732663	1610612992
4363359	1610612992
22134435	201326593
70261719	1610613248
12316263	3221229568
43970739	2147487760
6050103	1085440
1709799	3221229568
50766963	4362108928
64126779	2147520512
77757783	1081348
12726123	671088768
59127459	4362108928
45203883	8392736
25616463	537919492
51637551	327681
41880939	1610612992
5320779	1610613248
60627903	134217988
10504455	70
32876007	536872964
81636711	671088644
182139	196610
52474443	4362076161
66271983	1610612992
10530051	1085440
74719311	4311744513
42270711	1081348
49133031	75501568
40653627	1082146816
9995775	268568576
43131903	33296
81303639	1610612992
2054535	83918848
1064391	671088768
34079019	4362108928
12484419	536903684
38685651	4311744513
54067875	16809985
15993015	1082134528
74813271	3221229568
32962839	671088768
53155167	4362108928
49197831	1610613248
35026395	36865
44154123	1610613248
61446975	1610613248
30230871	134220800
53514807	1074823168
5205435	57344
19861251	524354
53361879	4295000065
41162307	4311744513
23569755	1610612992
49667307	134283265
73241871	1048582
52420011	4362108928
74983695	1073745921
18348495	66562
23125227	1146880
35297907	2134016
24512919	1342210048
23144343	1610613248
47000463	1610613248
71443671	4362108928
24922131	4362076161
22893891	671088768
248559	1610613248
14933859	134250500
79392363	4362108928
67758495	134283265
65622039	524608
22338231	163856
54650751	1610613248
12302007	67141633
18969927	150994945
18140811	1073778688
65124375	32833
880035	4294971393
55798683	53248
5831079	16781568
44453175	45056
17906559	4295004160
47297571	671088641
21005619	32833
34506051	83886081
2663331	1073745921
13158339	4429185028
1573071	2129921
7225899	524328
38487039	32773
58048215	75497473
39307407	200
59755047	4311744513
73698063	2147520512
9233727	16809985
69392427	4362076161
19856715	150994945
71779659	2147520512
74991795	4162
45674007	1610612992
116691	134250497
56099031	1610613248
76386291	134221952
3463287	67112962
57635763	150995072
15053091	57344
41871867	2147520512
10999851	36865
17808387	36866
23563923	2147487760
48615603	4102
19137435	1610613248
19855743	1082134528
37124943	1081348
42663075	1610613248
53008071	671088768
100167	16781313
66945255	1610613248
65998203	1073778688
35367	135299072
21214923	1610612992
33483831	2147483682
31348347	1610613248
35501703	1081348
41924355	4295000065
62526219	3221229568
58209243	561152
1138263	1610613248
394683	83886081
69644499	1073778688
59995779	4362076161
21874911	17301568
26060019	67112961
27117879	1610612992
17520999	57344
43184715	671088768
71315691	4362076161
3176547	1610612992
47880123	1610613248
53367387	67141633
79083267	36865
40227891	2164264960
16911879	16912384
10262751	57344
983067	1610612992
5907219	101711872
1351131	3221229568
53352159	2147520512
50833383	16777221
13677387	561152
41077419	1073762304
27011607	150995072
4025427	4311744513
54188079	17301568
40476075	134217733
48775983	67141633
36304899	2134016
42419427	1610612992
32635275	1610613248
3427323	671088768
51779139	1610613248
43291635	1073778688
71744667	36865
80595375	4362108928
67091379	1081345
40448859	4311744513
79703079	2147520512
76243083	1610612992
65754555	75530240
33681795	4362108928
67051527	1081345
49635879	37120
21035751	36866
29235543	2147520512
32983575	1610613248
59560323	5435817984
34747755	262178
15235827	1610613248
24011367	67141633
34934055	1610613248
57048675	36865
63966399	33344
68726931	6442455040
300399	1610612992
36117627	36865
51772983	2147520512
60253683	134217793
5114391	1085440
32961867	4362076161
45617631	4311744513
13251003	1610613248
5437095	1610613248
38003955	1610612992
7064871	2164260880
1101651	671088641
31707663	4295000065
30156351	36865
79791207	36866
58938567	67141633
2656851	1081345
52029591	1073778688
29482431	1073774593
60912051	4295000065
50480223	1610613248
78658503	671088768
114423	134250497
15469431	37376
17541735	67633216
5109531	1085440
40062003	1085440
55592619	2147520512
62416707	1073790976
61105803	1610613248
80510811	5368741888
45651003	2147520512
39573087	1082134528
10797675	134217733
28731075	5377097728
27244563	553648129
60951903	1610612992
69684675	4362080256
28028319	4295000320
26443959	4295000576
75621975	4295004160
38446539	1073778688
4137207	57344
72447423	4295000320
80604447	1081348
66399963	1610613248
68418483	2097409
2304663	8425472
81182787	134217733
60574119	2147520512
25089963	1610613248
61439847	134218753
74340879	1085440
30368895	2147487760
66697071	36865
24097551	1610613248
27758427	36866
27044331	67141634
29747139	1081348
71282967	1610613248
15230643	1610613248
69409599	1074823168
6298611	671092736
360015	1090519041
64605975	4130
11607999	1610613248
8343375	1610612992
2925771	150994945
63062115	134217762
31411851	800
3732855	2147520512
8266911	1610612992
11368563	1610613248
37718511	2147520512
71000763	1074823168
15326871	671088768
3000615	2147520512
78755379	4362108928
54341979	4130
70375119	1140850689
33676287	4311744513
66192279	1081348
48675219	1610613248
27592215	137216
45099231	1610613248
18825423	134250497
78643599	36865
7897227	1073778688
53920131	4102
5313327	1610613248
26803599	1610613248
2724567	2625536
36336975	1081348
2262219	2147520512
16813059	20481
59668539	1074069504
5763687	1610613248
15815787	1610612992
50291007	4311744513
65003523	4362108928
68816355	3221229568
68420103	1073746176
2722623	1081348
55011687	16781313
67730307	2147487760
76386615	1610613248
50059671	137216
73525695	4329570304
4047459	2164264960
55084263	1610613248
70032651	1610613248
35776455	28672
57196743	1140883456
31716087	524802
5095275	134217860
61648179	36865
41830719	1073774593
51370251	36865
11154723	16908544
14413839	1073774593
74385915	36865
13537743	1081345
54567159	1085440
56115879	2147520512
61327095	1107329024
117339	36865
14291367	4102
80647215	1610613248
39130827	4362076161
18602835	4311744513
61402587	1610612992
32066655	1610612992
54508515	524322
77286363	17301568
38399235	3221229568
47891463	537919744
38932215	1610613248
3552711	83886081
7703799	2147520512
26434887	671088768
843423	4362108928
25346247	1085440
81474387	671088768
60084879	67141633
13369587	201326593
47667579	1610613248
124143	67141633
4366599	2147483682
52810431	36865
1121091	16809986
3566643	37376
41744211	1081345
25472607	528448
48238467	671088768
53747763	1081360
23733699	1610613248
34588671	67633216
11923899	67109184
68339751	1610613248
23452791	3221229568
5867043	167936
27017115	1610613248
5663247	4354
30701643	36865
1945347	2147483682
70493379	1610612992
56279175	1074823168
65247819	1073778688
31291323	32833
3391359	98
57769575	36865
21062643	1610612992
23585307	1610613248
1169043	36865
53914623	1085440
265083	4295000065
23942679	150994945
48597783	4295004160
3343407	2147483682
9481263	5368709121
19453335	2147520512
81603015	4295004160
74504175	1140850689
54341007	4311744513
68103231	1140883456
54723651	36865
80297619	16809985
9205539	2147487745
27773655	1085440
60640539	6442455040
77181063	2147487746
53497959	4295000320
37440519	536870918
19583907	2147520512
17562795	1610613248
5352855	1610613248
53481111	331776
9584619	83918848
67817463	1085440
51216675	4295004160
18680919	1610613248
69415755	1081348
15112059	83886081
15054711	2147487746
32088039	2181070848
36709575	36865
2132619	2101250
7517175	1085440
36216447	671088768
4721379	1610612992
57851223	17301568
12084927	36866
23275563	1610612992
56277879	5435817984
48834951	1081345
32720811	1610613248
66274251	671088768
72180771	1073778688
31519743	17858560
2431671	67371009
623751	1610613248
5532351	3221229568
535299	1085440
35697399	16777250
37700043	16781313
22847883	4362076161
77722143	2147520512
20931099	35
6400671	1085440
62873223	671088768
70269171	4130
37241907	4295004160
28722327	5435817984
12330843	671092736
5994051	1610613248
9210399	671088768
67059303	327696
14383383	83886081
419631	16826368
68889255	1610613248
37523139	67141634
11935887	1610612992
45290067	299008
23145315	4303388672
38736843	16814080
58870851	134218753
17843379	4311744513
35982843	4162
37796595	200
39882183	1610613248
75352407	2147520512
753999	536903936
46287015	4395630592
56288571	150995072
10862151	1073745921
28938759	1073778688
33653283	2147487746
67625331	1081348
5599095	1085440
20105223	538972160
77837163	528386
80737935	2147520512
78456651	32802
63368619	53248
2916375	1081348
48104655	671088644
71691855	2147520512
59933895	37376
1054347	150994945
77244567	524354
9447	1610613248
27687471	1081345
25017063	2147520512
28862295	1073876992
47766075	1610613248
35475459	4295004160
10007763	32833
41602623	1140883456
44758707	1174405120
9387951	1085440
32114931	671088644
329883	1085440
28964679	4563435520
11465115	33028
3721191	2147483654
4273287	1610612992
66358491	2147487760
5483103	134250497
27877011	1074823168
10242015	36868
74144211	671088768
78877527	1081345
70261395	17858560
5703099	671088641
53965815	671088768
49729191	83918848
78434619	800
32402319	1081345
59564859	4362338304
27660579	67141633
26122875	37376
63215691	1073778688
43900755	37376
30192639	1610613248
22189191	1081345
55956795	2147520512
33050967	17858560
40407063	37888
9739167	1610612992
14100531	1610613248
55854735	1610613248
64335759	4362076161
71207799	1085440
53439639	671088644
44788191	1610613248
44131119	4362076161
56230575	1610613248
1080591	8421380
72037887	2147520512
31707987	561152
28579443	671088768
27546855	4311744513
338307	2147549185
28470255	2147520512
42379899	1081348
46453227	37120
52933875	67141640
5725455	36866
10420863	32833
62950011	37376
1499523	32802
64296231	1073746176
25600911	4311744513
60115335	1081345
37946607	4106
11968935	83918848
4837695	4296048640
32060823	67141633
55527171	5368741888
36271851	1610613248
60132831	36865
31395975	800
60048267	2147618816
21502311	16814080
20865327	32778
80684151	1073746432
45340287	1610613248
53401083	4295000065
60605223	536870918
2379831	528386
11080851	671088768
3430239	67141633
62712519	4295000576
59416143	4295000576
53088747	1610613248
44543895	134217986
7768599	75497473
532383	4296048640
6773271	1074823168
10495059	4130
53216403	32834
26570643	4311744513
28188051	5368741888
7336059	2147487746
10684275	17039361
69389835	1610613248
12481179	2147520512
30141447	2147487760
77917515	37376
63503727	33554438
61257759	1610613248
59989623	1085440
2865831	1081348
12390135	671088768
42850671	1610613248
57725511	1610613248
27083211	34078721
74549535	2147520512
12748155	135266308
7618587	36865
19990851	536903936
48431247	671088768
79754595	1610613248
54329667	3221749760
72561795	1074823168
73125555	1610613248
80073087	1074266113
72488247	528448
39523191	1610613248
9622851	4362076161
13260399	1610613248
57996699	2147520512
44428227	1073778688
16592091	67141633
80204955	2147553280
70553967	1075843072
44015775	1140883456
41601003	1140883456
20360535	2148012032
19583259	100663300
16057815	16809985
8419191	8425472
39069915	167936
65823	2147520512
49721739	36865
44533851	2147487746
45410919	150994945
23996139	672137216
37668939	4295000065
12382683	1140850689
62242071	36865
6005391	2180
40283619	36865
31006203	4311744513
13175835	40961
10680063	4294971393
65480127	800
43784439	4295000320
46236795	2147520512
50396955	67112961
76881687	24580
3319431	524297
50547615	1610613248
43076823	2625536
14052579	671092736
62842767	3221229568
42813735	2148007952
80500119	1074823168
66563907	67112961
10353147	36865
1044303	137216
4340355	75497473
43149399	135266308
44112327	671088768
43458819	86016
66248979	36865
118635	4311744513
9392487	134250500
10156479	16809985
72122451	1081348
14496783	32833
2355207	24580
42360459	1074823168
13444755	1081345
61518255	671088768
12404715	671088768
60785043	1610612992
74648355	135299072
73538331	2147520512
72830391	2147487746
19019175	150994945
65833611	2147520512
64171491	671088896
37381227	196610
72134439	2148012032
129327	134250497
62370699	1085440
12929271	671088641
49787511	524322
34424727	578
77309367	2147520512
36491847	4328554496
26834379	4311744513
12302331	1081345
5900739	32833
61226655	1610613248
20135679	4362108928
74627619	37376
69630891	57344
43074555	196610
34704339	1610613248
50820423	33028
63045267	1610613248
47277483	4303388672
27005775	671088641
77862759	1074823168
26340603	4328587264
260547	4295000065
35513043	3221229568
58740279	4311744513
51956043	5368713216
29517423	196610
61882107	2147520512
51509895	1610613248
49974459	1085440
1917807	1610612992
69373959	1074823168
12441003	32834
35297583	1073774593
67937991	1081345
8818035	327696
6779751	2147487746
70404279	671088644
6990351	1082134528
78130707	5435817984
23130411	1610613248
5109207	1081345
30579171	4311744513
78135	1073876992
78557739	1073778688
33461475	201326593
22972299	1081348
41463627	1074823168
39506343	1085440
50464023	671088768
12335703	2147487760
3137343	68190208
40135551	37120
14015643	1074823168
22169103	671088644
23285283	150995072
4110963	150994945
17180799	1085440
74143239	37376
26539215	4099
49622271	1610612992
276747	1085440
70250379	671088768
2264487	1085440
81366171	1073778688
38450103	671092736
71481579	1610612992
19887819	1610612992
55060935	2147520512
44412675	1610612992
67250463	36896
9735603	1610613248
5562807	1107296257
45674979	163841
25467423	36865
63444759	1610613248
64249251	134250498
60291267	1610612992
53294811	1572868
46258827	671092736
22355079	671088768
26285199	4311744513
19220703	331776
76120611	3221229568
67681059	1610613248
55147443	1081348
46730571	1073778688
20184603	17301568
53234223	36865
15616851	37376
46836519	4362108928
11169627	4362076161
58625259	32833
76361667	536872964
24142587	1140850690
7789011	1081348
63840687	37120
21344523	16777282
18325491	150994945
10260159	2147520512
4222419	1610613248
52246023	671088768
4128783	1073778688
62337327	1610613248
253743	2148073472
10181427	2147553280
2063283	2148012032
25792719	201326593
23531847	4328554496
63384495	150995072
52239219	671092736
5113743	800
46264011	1085440
12027579	1610613248
47653971	67108867
22907175	8425472
17169135	1073778688
62350935	2147520512
33508455	135266308
77927235	2147520512
75766479	327681
40630299	1081345
19147479	4295004160
1207923	1074823168
22984935	1610612992
8116251	1610613248
4305363	1610613248
9759903	1350565888
40340319	4311744513
54225015	65793
25260711	671088768
48710859	3221356544
20092587	671088768
66669531	1610613248
58061175	1074823168
38390487	67112961
25712367	671088768
44702655	67141633
79108215	1073745921
31375887	1610613248
68764191	1610613248
14354547	4311744513
9113199	1610613248
46877019	36865
74318847	1073778688
64603383	17301568
31507107	4864
14561259	5368709121
41873487	4295000065
19832091	150994945
69421911	671088768
31573203	16814080
57233031	1174405120
53276343	1610612740
13237395	201326593
14998659	1610613248
61480023	4294971456
53079351	1073778688
33969183	17858560
27418227	671088768
18893787	36865
65801859	1610613248
59946207	4395630592
68276247	671088768
21362991	1081348
76747227	2147520512
29354127	4311744513
39882831	1610613248
74313987	4294967301
26911167	36866
76249563	1610613248
54877227	1081348
2468607	671088644
49286283	1610613248
44197539	1146880
39343695	1610613248
77588007	4311744513
43968471	67112961
12754635	1610612992
61561671	1610613248
14429067	1610612992
28810455	83918848
19810707	167936
60512883	1610613248
3801543	1048581
81244671	1610613248
20849775	1610612992
13529319	67141696
4796223	8421377
79916271	671088768
33188019	32802
68564931	65793
68332947	1610613248
42398367	1081348
49452495	135266308
10111119	1610613248
230091	1610613248
5670375	134217733
6787527	3221258240
67769511	1610612992
64658787	4378853376
5580951	2148012032
35152431	1610613248
562839	4226
146175	2147520512
25704591	2147520512
23645247	671088644
631851	2147549186
17284803	16912384
28690899	4102
39865011	8392705
60802539	1610613248
44357595	1074270208
8625903	4295000065
4048755	1610612992
16242819	36865
60449703	327696
59133939	1610612992
26151711	1610612992
18356271	1610613248
13332651	97
28036419	135266308
48721551	1610612992
80812455	1085440
18968955	1081348
66199407	150994945
57303015	2147520512
36550167	561152
68865279	1610613248
1960899	134250498
12239151	37376
498039	37376
36161367	1048610
15830367	36865
6858483	671092736
80292435	1081348
40004331	671088768
21120963	1610613248
61566855	69648
63320991	53248
61537695	4295000576
1755159	1610613248
25479735	67108897
61820223	67112961
42449883	36865
5906895	327696
51567	553650176
78978291	561152
45603699	2147520512
67352199	1610612992
78796203	1073872900
4864587	67145728
60397539	1610613248
55617567	83918848
19038615	150994945
71818863	138
47714883	671088768
50102439	1610612992
75855579	1610613248
60471735	1610613248
51836811	134254592
69533367	2147520512
24098847	83918848
41180451	4362108928
73853583	671088768
58339491	1073766400
121551	67141633
23219835	1085440
76620543	36865
32157699	4294971456
11607027	16777282
56907411	1073876992
79706967	2147483682
52698651	2147520512
56629419	1085440
29448735	2101312
71485791	1048836
1728591	1610613248
4565535	1610612992
36094947	1073778688
20117535	1174405120
70188171	36865
19187655	98
17453283	16777281
66761223	1074823168
18236715	2148012032
38499351	1073778688
43346715	196610
65194683	67141633
50395983	1610612992
45609855	83886081
28036095	1074823168
10428315	1610613248
73079223	528386
30653691	671092736
18851667	24580
47135247	135266308
20115591	1610613248
22299351	1610613248
71729439	83918848
162699	133122
5972343	1610613248
39730875	70
74350599	4130
36475323	4311744513
49126875	2147520512
53574423	37376
43961343	1610612992
62427075	3221229568
21002379	16809985
12768891	1610613248
1428567	16809985
7759851	1610612992
76503255	4311744513
81661983	32773
3439311	17301568
61752507	40961
2478651	1610612992
1230603	66050
43776987	671088768
40431363	1610613248
61357551	1610613248
3642459	4295000065
64350663	67112961
6399051	4311744513
23258067	16786432
30166395	1140883456
21632559	37376
57665247	1610612992
52729107	36865
47936175	37376
76377867	1610612992
50065179	1610613248
48296787	1081348
58646967	4362076161
75403599	4311744513
79466235	1073766400
5941239	2148012032
3094251	134217733
37985163	16809985
18864627	4294971393
38549571	36865
33319563	4295000320
2111559	3221356544
16071099	1610613248
81226527	1212416
30546771	1610613248
62369727	4311744513
53723787	37376
47773527	1082130433
12784119	671088896
34955115	2147520512
25329723	67141633
31737471	1610613248
63275955	16781313
4973127	6442455040
39389703	2147520512
56982579	150994945
65560479	1073745921
47218515	327696
41908479	671088768
32744139	3221225488
35770623	2147520512
50272863	2147520512
29583195	67141633
24624375	4362108928
53012283	36865
44292147	67141633
62202867	1610612992
66932295	1073774593
7894311	1610613248
20041395	201326593
71025063	1074823168
11143707	1081348
54419415	37120
3619455	2147520512
77911683	4311744513
57650343	4311744513
46606479	1085440
43549539	1610613248
60069651	201326593
32324235	1073774593
11212071	32773
38510367	4362076161
4205571	1610613248
1619727	1610613248
27835215	16779520
72824235	1081345
44899647	16814080
77155143	671088768
67137711	557120
64999311	1610613248
53658987	36865
63107151	2147553280
49944327	4106
51287955	1610613248
55885191	37376
71547351	1610612992
36884535	4295004160
16910583	16814080
7190907	4311744513
5641215	1085440
37900599	2147520512
53694627	1085440
76621515	671088644
61713627	1081348
4151787	2148536320
17448099	1610612992
59034471	4362076161
6006363	671088768
32550063	33587264
76774767	36865
77413371	5435817984
25119447	1074266114
7574199	561152
45198375	32802
79860543	2147553280
70379007	1074823168
63471327	4610
77122095	37376
38193495	1085440
52665279	1073774593
35268747	134217733
64752423	1081408
12822351	83886081
47922891	35
28568427	1073807361
33293643	1610613248
6811179	2147487746
72701439	671088768
28200687	1085440
39631731	4311744513
8205351	2147495936
42509175	134217733
64063923	36865
18665691	150994945
31976583	671088768
77536815	163856
14356815	1030
77348895	67112961
34045971	671088768
33335763	67112962
25124955	33587201
68130447	24580
40659783	671088768
79890675	4296048640
20280507	1610612992
39353739	2147520512
67781499	24578
15793107	83886081
21542811	16781313
62291967	268568576
37028391	1610613248
48724143	1073745921
60994023	67375104
27017763	83886081
20698791	83886081
62521683	1074823168
36247551	4295000065
63833235	2181070848
27968055	65570
77751627	98
34140255	150994945
58236135	150994945
79878039	2147520512
79397547	671088896
80448927	1073766400
63496599	561152
40974063	2147549185
64640319	36865
23669223	2164264960
32817039	65572
119931	67141633
48508359	4311744513
21258015	67158016
31114095	4311744513
28552875	671088768
18431439	67112961
24136755	671092736
81360339	69648
58360551	3221229568
27623319	4311744513
74835951	36865
28728159	2147520512
55815855	36865
81185703	83886081
40156611	4362076161
78328023	1074823168
41202159	32833
68526375	134217864
9662055	561152
37294071	196610
7066167	2147487745
27608739	1140850689
40120323	1610613248
42126207	671088768
9346155	1610613248
79165887	6442483712
31158483	134217733
60092979	3221291008
11204943	2147520512
20787	1082163200
480543	134217733
31554087	1610613248
45240495	32802
19179231	4295000065
33663651	2147520512
76513299	2147618816
48746175	66564
43821051	536903936
24964251	67141633
17967471	1610613248
65780475	37376
65385519	36865
43506447	1074823168
40039971	4328554496
43315935	36865
24202203	135266308
60385551	83918848
35286891	4296048640
52372383	2164785152
33076563	134283265
25907415	1610613248
5716383	1610612992
41912043	196612
47282667	3221229568
71858715	150995072
32981631	4362076161
63202083	262210
72768831	266242
43305891	67141696
38395671	1140850689
12535935	671092736
4715223	524322
66417135	4311744513
35863287	4295000065
71558691	1610613248
76594947	269615104
15137979	4362076161
65225787	4311744513
17701467	83918848
63690675	1610613248
1865643	4362108928
9001095	134217733
78598239	4362108928
4673103	36880
39718887	5435817984
31266375	2101504
41987211	2148008000
44050443	4328554496
79129275	2147618816
2317947	1610613248
9542175	4295004160
51016767	8425472
54000483	1610613248
69783171	4362108928
65257863	1085440
64550571	1073778688
63997827	167936
30612543	1140850689
27118527	1074823168
56991327	5368741888
78047763	150995072
7037655	16809985
7588779	40961
2618295	1085440
74641551	2147520512
76610823	1610613248
34576683	1610612992
76430355	28672
26110887	32833
63714975	83886081
2343219	57344
33015975	16777282
45700899	671088768
60139635	2147520512
43013967	32833
53632743	17301568
54118095	37376
15085491	2181070848
51139563	1073778688
40407387	36865
39320691	1610613248
6435663	83918848
64680171	1073766400
72526479	536903936
64577139	17301568
23282691	150995072
40864551	2148007938
5349291	2129921
37183263	37120
28435587	1610612992
31840179	1610613248
52899855	1610613248
59720055	3221229568
57440067	3221258240
73302135	536870918
40044831	4295000065
60438039	17301568
2707071	83886081
38200623	8425472
29159727	4362076161
74239143	1073876992
78168939	1140854784
32070543	1610613248
76442343	37376
22567623	671088768
65492439	536871170
25179711	17301568
57836319	1073778688
12180183	2147483682
67094295	4311744513
38850891	4295000320
4623531	67141633
60715707	33587201
4916427	4362108928
81119607	36865
38966883	8392736
72241683	671092736
5952579	1610613248
22930503	32833
76870023	16912384
12739407	1081345
1570479	4362076161
4364331	4099
7789659	1073745921
40753095	1073745921
62016243	32802
77607771	1074266144
71242791	2147520512
50220699	1610613248
25785915	2147749888
68027091	1107296257
29895531	37376
10911399	1610613248
15993663	2148139008
24742635	2148012032
14877807	671088644
2570991	1610612992
54910275	67158016
34293183	1610613248
27093579	537919492
55115043	42
53988171	97
22904583	3221229568
35226951	1085440
40282647	1610613248
48478875	8421377
29817447	671088768
62275443	1081348
75493671	2147520512
40780311	536875264
59466363	67141633
41564715	4294987776
27994947	1677721600
7710927	150995072
20558823	800
7014327	74
76526583	1115136
48990471	1085440
7453671	1610613248
36169791	36880
38915367	36865
34843011	2147520512
69742995	1085440
9621879	2147520512
4501383	1610613248
18773907	150994945
12292935	37376
27922695	67141633
37318695	4362108928
15494703	4106
75500799	36865
1618107	32834
33111231	1610613248
76893675	8409088
3241995	518
51892215	17301568
43221327	57344
41894547	17334272
69232047	671088768
32445087	1085440
71487087	561152
34278927	1610612992
79918863	1073774593
73620951	3221229568
2592699	135299072
48681375	1073745922
1169691	67141633
59367219	1610613248
15900027	83886081
44232855	671092736
1690359	672137216
24083619	4362076161
27334635	1048610
43412163	518
47332239	1074823168
70865007	671088768
20646627	16779266
11271687	201326593
67250139	671088644
639951	83918848
42387675	671092736
48267627	67109121
52630611	134283265
44742183	36866
48209307	1610613248
66645231	36865
43122507	671088768
1025835	524322
15650223	2147520512
31560567	1085440
6632331	1074823168
26923803	2164264960
52894995	3221229568
51620703	2147520512
70862091	3221356544
56217291	1081348
53978127	671092736
38734251	1610613248
2902443	17301568
19539843	1610612992
51610659	1610613248
12534639	57344
52274859	37120
44053359	36880
30740523	4311744513
55932819	1610613248
20595111	37376
247911	134221825
23502687	4429185025
18129147	2701131776
80423007	1140883456
28277475	1610612992
26717415	4362108928
29995323	1074823168
60351855	83886081
39496623	3221356544
53970027	134217733
2800707	1610613248
16989315	25198592
72531015	36865
54260331	1610612992
1880547	1610613248
17242359	1610613248
20499531	2147520512
47098959	36865
25987767	1081348
21576183	201326593
36899439	1081345
70003167	4311744513
12178239	671088768
11156991	1081345
32297667	4362108928
37566555	671088768
24749439	67141633
55295511	327681
39908427	1085440
56602527	17301568
3173307	16777249
12880995	1073778688
38452371	546
7023723	97
38951655	134217734
11850675	1073778688
657123	1610612992
4187103	3221258240
1266567	98320
37068243	4102
81609819	1074823168
47509791	2097218
52257687	1610613248
22132815	1073745921
52116423	28672
22089075	4362338304
39041727	1610613248
52053243	1610612992
80477115	1073778688
40329303	67141633
57674643	561152
34151595	1610613248
54167667	1610613248
33830835	4353
21450471	2164264960
50933175	1610613248
649671	2147520512
68363079	4311744513
71428119	1610613248
75819939	40961
52202931	1081345
28118067	8425472
1841343	2164264960
34672587	4295000065
13256511	57344
71285559	2147520512
46320063	1610613248
32705907	1610612992
41598087	1082163200
43548243	1073778688
65426991	4295000065
12737787	2134016
52661391	1140883456
27099735	671088644
22295787	3221229568
81187647	37376
5880651	4295004160
57039279	2147520512
33591399	36866
39080283	83918848
8557863	2147520512
15859203	1074823168
39464223	1610613248
17141595	67141633
54234735	671088768
34388763	1081348
45231423	36865
55245939	2147520512
21363639	150994945
54439179	5435817984
15634347	1610612992
36533319	36865
65112063	4362092544
43600083	33587712
32922015	20512
36787011	1610613248
65345343	67133440
53657367	1064992
69810387	1074823168
79264059	4311744513
36839175	67141633
372003	1081345
4640055	36865
1664439	36865
34644399	1085440
79658367	1085440
7756611	4329570304
3555951	2147520512
67557939	1091043328
15888039	83886081
81422223	2147520512
75370551	34078784
52312443	671088644
51201123	1082134528
20694255	2147520512
60845631	671092736
48231339	16814080
15414027	83886081
40251867	4395630592
36877407	4295000065
52814967	36865
60093627	1610613248
3762663	2147487746
31576119	2214592528
27681639	524353
22332399	1081348
50295543	2147520512
11976387	1610613248
37575951	4295004160
71082087	1610613248
8317455	36865
45206475	4311744513
77599671	2147553280
50057403	4295004160
40748559	671092736
80008935	33028
57852195	83886081
37977711	1074823168
60825219	5368741888
37041999	32834
41193411	1610613248
20642415	83886081
17341179	524322
59332551	4102
64198059	4102
47512383	671088644
74607207	2147520512
59606331	36866
76012395	36865
73999707	2147520512
16638423	2147487746
44129823	134217793
41477883	35
74927967	2147520512
75591519	671092736
74827203	1342193664
68025795	1085440
75158979	1081348
19913415	2147487746
37351419	196610
30963759	4362108928
66934887	1081348
37300227	1610613248
29497011	671092736
15446103	671088768
10422483	4130
47072715	1610612992
991167	4362076161
59910243	2147524608
8820303	67141633
43574811	4130
1745115	4311744513
6257787	1085440
19306239	4395630592
6745407	1610612992
78118071	134250500
64429395	4311744513
16660131	5435817984
39673851	1081348
2127111	2147520512
47044203	671088768
1595751	2148008448
18383163	1610613248
30600555	1090519041
69032139	67141633
60734823	671092736
78414531	1073762304
23829927	1610612992
41961615	1048582
25436643	3221225488
42881127	2147520512
15008055	16809985
73636503	83918848
55487643	1610613248
64219767	1610613248
43969443	1073774593
23658207	671088768
24681399	1073778688
19646763	67141633
81198015	671088768
78825687	1081345
9820815	1610612992
10039839	1085440
4537671	1610612992
8705607	1073774593
69068751	3221229568
43707003	1085440
47214303	4362080256
42191007	1610613248
65980707	83918848
18421071	134217860
47780655	671088644
25859463	4311744513
46794075	4295524352
134511	67141633
18033891	32786
69792891	1081345
18481011	36865
13168059	67141633
6115551	4311744513
179871	167936
66212043	75497473
60860211	32833
69410571	37376
21261579	150994945
344463	134283265
47925159	4362076161
31009767	1081348
27832947	4295000320
5324667	557057
7898523	1610613248
50902719	1073774593
8588643	1610613248
59730747	1610613248
68296335	1048582
58738335	5368709121
31257303	1610613248
69955863	5368741888
64780611	4378853376
67052175	1610613248
12515847	671092736
66185475	37376
4034823	57344
67548867	150994945
31109235	671088768
64522707	1073872900
18689667	4362108928
62363247	1073745921
53583171	17301568
52014687	4362076161
34483047	268568576
8330091	201326593
41170731	57344
5323047	1610612992
1065039	2129921
37120083	4295000065
40430067	1610613248
25931391	1081345
18855555	1056772
77914599	1610613248
27058587	671088768
37235751	4311744513
69079767	671088768
63806667	1610613248
61293075	150995072
16137519	1610613248
68655651	1107296257
5832375	518
5752671	137216
75857199	5368741888
80026107	1081345
1851063	2147487760
19286475	1085440
64498731	671088768
66135579	1610613248
43118619	1085440
28990275	36865
64998987	1081345
941271	135299072
52452087	800
53303235	671088768
77081919	2147487745
61009575	1140883456
29679099	2147487760
75786567	1610613248
58043355	1085440
76856091	40961
18277863	1073745921
68483607	1081348
74809059	671088768
38336379	2148008000
7069731	1073745921
3162291	36865
18914199	32840
28759263	2147487745
61988703	2147487746
44390643	1610613248
1683555	1610613248
73609935	33652736
56827383	36865
56783319	3221229568
11969259	36866
27900663	1085440
50104707	8425472
16194219	1610613248
76505523	1610613248
41722503	2147487760
62583	67141633
6803079	528386
66465735	16809985
73061403	671088768
80456379	1073762304
24937683	16389
8521575	4311744513
24458487	4362076161
76134219	518
43801287	5368713216
26725839	671088644
36590019	4099
9219471	32802
42736623	1610613248
61426563	1610612992
54621915	67141633
33012411	4130
57368787	36865
18548727	37120
31738119	4311744513
11187447	16809986
75676407	1610613248
10948335	1610613248
10738383	671088768
51527715	150995072
19358403	67108929
12341859	57344
63309003	1081348
40826643	671092736
45232395	36865
32451	4362076161
53907171	1085440
22275699	1073774593
63262023	4362108928
50873235	1610612992
50997651	4395630592
57358095	1610613248
46812867	671088768
52582659	1082163200
58622667	1073778688
12861879	671088644
7336707	16842768
54299859	36865
59593371	1610613248
56981931	4295004160
92067	134250497
38394699	8425472
64327011	67108898
18971547	83886081
64346127	1610613248
58626231	1085440
23999703	671088768
47276187	671088768
60155511	37120
80041335	4378853376
78498771	1610613248
19031487	35
80879523	1073778688
49256475	67141633
46879611	1610613248
5105319	1085440
45662343	1610613248
39189795	65553
75590547	2148012032
40360083	1073152
53842047	524354
79336635	163856
31737795	1610613248
59662059	4311744513
37329063	1610612992
35199087	1081345
50061615	1610613248
78873315	5435817984
52877823	557120
21126147	4353
35736927	36880
47485815	1610613248
52079487	4329570304
35924847	16781313
61280439	1073872900
51513135	66564
37511151	1610613248
61792359	1073778688
69129663	2147520512
74561847	16912384
62789631	1073778688
16622547	1081345
81393711	671092736
52645191	24580
80417499	2147553280
428379	1610613248
24022059	1073774593
26891403	2101312
66709383	1610613248
35529891	2147520512
60375831	1610613248
33937107	57344
2387607	1085440
63424671	33025
24723519	36866
16051335	135299072
79543995	1074823168
15325575	67141633
64659759	1610613248
76984395	1610613248
60963	2147520512
42110655	1610613248
5204787	40961
44929779	1610613248
73548375	1048582
9723291	1073778688
29000319	671088641
31285815	1610612992
77114319	135266305
37365999	196610
77757135	2147520512
36004875	671092736
45316635	36866
50022735	1085440
32637219	1610613248
29510943	150995072
63178107	36865
50235927	134217733
22909119	671088644
19270599	8425472
78535707	8425472
2049351	2164264960
39243255	196610
2783859	1090519041
14280027	2147520512
54452463	1610612992
47145615	3221229568
8329767	2148012032
43796103	2148663296
3188859	1610612992
56336523	36865
31449111	8425472
80489103	2147520512
23667603	553648384
3054399	1085440
33783207	1034
31612083	2147549185
3358311	1074823168
68815383	2147618816
12836283	1058
65268231	557120
72460059	1073741830
49518591	4311744513
38551191	196610
44179395	4311744513
56684499	2164260866
36216123	150995072
8649231	8425472
41131527	4295000065
1870179	2147487760
77481735	134218753
36655791	2147520512
61321263	37376
25577907	1610613248
5967159	67141633
31514559	2147520512
58002207	36865
7407663	1610612992
66684111	5435817984
80917431	327681
60107883	1610613248
4349427	1146880
21697683	671088644
25850715	2148012032
25049787	1610613248
13492707	134283265
75648543	3221229568
29806431	37120
15819999	1610613248
44323575	69648
37723371	3221487616
827871	4311744513
42852291	8421408
53084211	557120
51125631	4362108928
37667967	36865
30655635	8458240
13684515	1074823168
31352883	1081348
63608055	83886081
77163	1085440
5613027	1081345
988899	4102
7870335	134250497
61695483	69648
5152947	16809985
25541295	2147520512
17838843	32834
46813515	1082134528
53935683	1074270208
19198023	17334272
38721291	134221825
1098411	1610613248
72007431	16809985
55964247	1610613248
5099163	1073745921
47437215	4362076161
50761455	2147520512
68088651	36865
41425395	327681
31208703	4295000065
18788811	1081348
7928979	2147487746
14589447	269516800
7143603	1610613248
41126991	1610612992
5219367	1610613248
31155567	2147520512
67068699	4362108928
41364159	1048582
43212579	83886081
35137527	671092736
58909407	16814080
45317931	16814080
56677695	1610613248
34044351	67108867
56394519	1610613248
73214007	1073876992
72650247	134283265
9218823	1085440
67370019	1610613248
27209247	671088768
18955995	1085440
42674739	671088768
36556323	1081345
39248115	1610613248
14814951	1085440
43317555	1610613248
55760775	671088768
33215235	671088768
6100647	2147520512
23055	150995072
74545647	1074823168
19032135	16809985
25441503	2147520512
39639507	2147520512
11803047	134250500
68568495	1610613248
53345031	2147520512
27646647	4362108928
43143	671088641
44848455	4129
59187075	1074823168
37050423	24608
11366295	17334272
50971407	671088768
21003675	16809985
74064183	1610613248
20513463	671088641
33236943	1610612992
15894843	83886081
2369139	201326593
68026767	4295000320
24187947	1073778688
15765243	1107329024
33655875	671088644
1259115	553648129
7530459	3221229568
28785183	4099
53880603	67112961
34930167	16781313
66994827	1081345
44092887	671092736
76881363	33344
51434727	1073778688
60062523	557120
854115	1610613248
51110079	4362108928
33039951	1081345
51646623	1610612992
1478463	2147549200
42836091	1085440
40024743	1081345
15783711	1081345
3455187	4311744513
64600467	8425472
42674415	2134016
21011451	83918848
61716219	327696
42551619	671088768
79405971	671088768
25213731	1090519041
52894023	67112961
24018171	83886081
75427899	83918848
46539411	53248
28135563	32802
22596459	32802
62252763	135299072
73264551	36865
77766855	1081345
34584783	4311744513
62279331	1610613248
11529591	2181042176
17504799	67108898
61189719	150995072
61462203	37120
5653527	25088
30636843	4395630592
63702015	2147520512
79308447	2147520512
67197651	671088644
67226487	67108929
10889367	36865
69082035	524354
49651431	4362108928
56244507	1081345
69622791	5402263552
69107955	1074270208
57934815	134218753
26159811	1610613248
6881487	17301568
81091743	671088768
56397111	36865
29372919	67141633
67409547	16809985
21479307	2147811328
40548327	1090523136
34116279	1610612992
1425651	24577
70460331	36866
17418291	67109122
67429635	67108929
36456207	1610612992
52409643	16789504
27265623	150995072
39768783	4295000065
42416835	671088641
6893151	2147618816
29450031	134283265
15617499	133136
35270691	266241
34152891	536871680
50753679	3221356544
5520687	1610613248
73043259	2147520512
37314483	35
35672775	4311744513
70217655	671088768
44138895	5368713216
59499735	53248
27799575	1085440
48848559	36880
56434371	1073774593
1242267	1610612992
40137819	36865
11184855	4295004160
64049991	20992
17843055	32833
76893027	1081345
57965919	37120
69210663	1610612992
81420279	1074298880
12910479	671088768
14908911	67141633
44802771	671088768
17310075	24580
54652371	2147487746
5568315	65570
6695511	561152
56308335	67112961
48335343	20512
27081915	1610613248
6556515	262210
44950515	196610
28267107	5435817984
23366607	557120
11633919	1085440
63605463	67141633
53691387	5435817984
32074431	32802
24594567	5368709121
67824591	2147520512
31547607	1610612992
40703199	1610613248
61380231	37376
4301799	1073778688
33711279	32802
19955535	150994945
14659107	36865
9659787	1107329024
37368591	196610
29259519	1082134528
62289051	4362108928
1070223	536907776
37190715	201326593
63279519	101711872
63880215	299008
53486619	36865
3690411	1115136
21573591	16777250
66301467	37376
11487147	1174405120
62574495	1610613248
57633819	1074823168
63075075	4294971904
34922715	2147520512
2426163	1610613248
46993983	1081345
74740047	4311744513
11370831	2148012032
64082067	327681
34379043	1610613248
2710635	36865
76122879	37376
38923791	1081348
14549271	32834
2672403	1610613248
50631207	2147487746
76265115	4311744513
27598371	1610613248
27905847	4362108928
57613731	1081348
4409043	36865
24868995	327681
26994435	671088644
772143	2147487746
42569115	671088768
1907439	35
1831947	1610613248
28751811	671092736
78167967	1140883456
56255199	4311744513
16909611	2147487746
5936055	97
36178863	4295000065
73316715	1610613248
77787915	37120
68633295	1610613248
2500683	4328587264
13863687	32833
16975059	100696064
45413511	2147745808
43486683	1610613248
9796515	2147520512
80078595	1610613248
52922535	2147487746
21306291	1140850689
17047635	32833
15413703	83886081
42594063	1610612992
60619479	1073762304
51297999	4362108928
70332027	671088641
79504791	1610613248
29773383	1610613248
46542327	671088768
35002419	1085440
41207667	1610612992
33750807	2147553280
21336099	1074806784
43614339	2147553280
80451195	67141648
41666127	1610612992
839211	1081345
78036423	135266308
36765951	1610613248
5559243	2147618816
707991	32833
65571171	1610613248
78517887	2147520512
25318059	4311744513
31217127	4311744513
74939631	33591296
76439103	32833
2886243	4362076161
41752959	36880
48059619	1074823168
46305807	1610613248
21120639	16809985
31277391	196610
1707207	37376
57283899	671088768
52930311	671088768
43110843	671088768
23775495	1610613248
56287599	3221258240
35216583	578
51063099	1048582
76450443	33344
68813115	1073876992
43278027	1610613248
42278811	17301568
39118191	2147520512
38474403	135184
75937875	1073778688
1795335	671088768
49522803	57344
77246187	1610613248
35367891	37376
68908695	33591296
8532915	1610612992
52904067	134217988
40877835	1074823168
21684399	36865
39689403	1610613248
68314155	1610613248
38172435	1073778688
68360163	67112961
63424023	603980032
3344703	4362108928
49361451	67141634
776679	1610613248
4374051	37376
47015367	1081345
47164407	1610612992
4849035	1610612992
60589347	2147520512
51576963	1610613248
62645127	2147483653
58455483	1081348
44864007	2147487760
63271419	2164264960
66352983	4362108928
7687275	36866
42394479	67141633
64062303	1081348
78081459	16912384
38120271	4311744513
39783363	1048610
15319419	20481
19856391	4311744513
65953815	1073745921
67900731	2147520512
31715439	1610613248
77928531	36865
15494379	2147483682
1101327	294913
45652947	1081348
15163899	5368709121
63004119	16912384
76787403	67145728
37418811	20481
56129811	36865
37482315	524354
124791	150994945
26883627	16777250
5172711	1140854784
35870091	327681
25246779	327696
74334723	4362076161
48432867	1610613248
18970575	150994945
22094907	1085440
65467167	2147520512
56421411	1085440
43403091	2147520512
31720947	1610612992
70757763	1610613248
57940971	671088768
63475215	33587456
37651767	1140883456
40862931	163856
907899	1048588
42141111	37376
10848543	4311744513
74312367	1610613248
27749031	524384
21952347	4102
48292251	1610613248
27288627	32833
119607	67141633
9934215	16809992
2576499	4362108928
2360391	1073778688
63499515	6656
42373095	1610613248
9593367	32833
3015195	68608
45275487	1610613248
9018267	1610613248
36261483	4311744513
26823687	141312
69120915	36865
10216743	1610613248
23421687	32802
38919579	17301568
28230819	33536
54167019	67141633
34167795	86016
43375875	1085440
1529655	135266308
28090203	2147520512
42885015	1610612992
76156251	1081345
13334271	1610612992
65814819	100696064
75339123	1140883456
43475343	4311744513
81088827	528386
4044867	1115136
31394031	800
12564771	1610612992
56400351	67141633
3826167	4295000128
3936651	1610613248
57401835	1610612992
29799951	1610613248
59738199	671088768
39023907	4295000065
33079155	524354
7486071	1610613248
38105043	4311744513
5800299	67112961
32653419	536903936
42947223	671088768
47304051	67112992
75417531	1082134528
59895663	1081348
9675987	671092736
70089999	4362080256
7198683	2147488256
80969919	134254592
115071	67141633
9059739	2147520512
20400063	8392736
58165503	1073889280
63157371	1073746432
55362903	134218753
60521631	4295000065
374595	1610613248
206115	1048582
80803707	1610612992
47307615	2147520512
73744395	4362108928
22716663	134225921
47776443	8425472
21909903	2147487746
71789055	2147487746
60122787	4130
77350515	1610613248
103407	8389376
67096563	671088768
15571167	83886081
45263499	671088768
34592883	1085440
53895507	1081348
65382603	4311744513
7610163	67158016
33278415	32802
28935843	36865
19303647	671088644
47037723	536907776
56078943	671088644
38772483	1081348
47680539	8392706
25285983	67141633
34368675	2147520512
80072763	1610612992
12193467	671088644
68865927	671088768
59807859	1610613248
21293007	1610613248
23479683	36865
59849331	1081345
59595639	1610612992
33499383	536907776
19905315	2147520512
635415	4864
27826791	16779520
37233807	1610613248
22997895	8425472
16428795	135266308
3101703	4102
70316475	1073774593
1375431	8425472
59392815	4362076161
54327075	2147487746
28332555	1085440
1679343	1085440
34950255	1610613248
78962091	5435817984
26773143	4328554496
27037203	16809985
23584659	201326593
79752975	4311744513
49579179	36865
62108259	1107329024
72222567	4362338304
59625771	1085440
64169871	671088768
60048915	1610613248
36028851	1085440
42796563	67108929
21976323	1081348
51117855	1074823168
47078223	5435817984
42117783	557120
21293979	36865
12609159	1610613248
51684207	134221825
40175727	1610613248
886839	4295004160
2888511	134221952
69845055	1610613248
41652519	4295000065
75643035	134217857
76149123	1085440
40857099	138
32937891	1610613248
15475263	4099
21885927	150994945
36938319	4295000065
58066359	5435817984
28814343	1081348
45145239	17334272
72730275	1085440
29930523	327681
69158823	1610612992
62608515	2147489792
8091303	1073774593
36858939	4311744513
18920355	1073745921
37064679	36880
53519667	1610612740
22695279	36865
77746767	4362108928
80225043	16814080
1696515	1610613248
56226039	1073774593
25827063	134250498
69243711	2147520512
64428099	37120
79251099	4161
44118483	671092736
78057483	2147520512
47592411	8425472
58392951	1073745921
1615515	4362108928
77294787	135266308
33483183	2147647488
324375	1051648
58968051	1610613248
43429983	4395630592
41277003	671092736
2240187	1085440
61929087	1610613248
60544311	83886081
53457135	1610612992
55822335	1610613248
1219911	327681
7402155	1610612992
64583943	4295004160
9432015	1085440
15310347	83886081
27211191	135266308
23645895	671088644
24875151	14
35274579	1073742852
23920323	67145728
57851871	2101312
48858279	24580
50208063	671088768
8384847	134225921
57334767	671088768
6649827	2164260880
2713227	1085440
53140263	331776
19036995	150994945
59341623	1073774593
44244519	671092736
36459771	1081348
4746327	1074069504
22754247	4362338304
33191259	1610613248
58739955	1081348
62008143	36865
49288551	557120
35930031	167936
15444807	134254592
74593923	1081345
27482703	4311744513
42618039	67145728
66361731	4295004160
32676747	671092736
21492915	150994945
5581923	135266308
23835759	36865
57178599	1140854784
52266435	67141633
44689371	4295033856
48229395	1081345
24412155	1610613248
21787755	327696
48563763	36928
61236375	1074823168
32824167	4311744513
11446971	67141633
26887191	1610613248
52596915	4311744513
27497283	1610613248
42717831	1085440
64753071	1073778688
81294567	4295000576
49967331	4311744513
24723843	536903936
1824495	142610432
27448035	2147520512
77749683	671088641
46548483	1610613248
20644359	1610613248
4947207	1610613248
42799479	671088768
38796459	134221952
51456111	4295000128
29260815	8425472
20883795	201326848
60808371	150994945
1268835	3221229568
70877319	16814080
17654163	4362108928
58185267	2147520512
77223507	4295000128
57321159	671088768
2861943	17301568
73535415	4295000320
1486239	150994945
54314763	2147487746
49393527	36865
57351939	1073778688
30512103	75497473
27622347	37376
21577155	201326593
34450647	1610613248
2662359	528388
36663243	16809985
13327143	1081345
25576287	35
40569387	69648
4414551	671088768
56866263	1610613248
50621487	135266308
69260235	1073762304
29543667	671088768
14434899	1610613248
69571275	1610612992
23682183	5435817984
70484631	4130
2317299	1085440
51647271	1073774848
3030423	2147520512
81270591	2148012032
80417175	2147520512
60690435	1073778688
13341075	1074008064
74470155	3221229568
63324555	4311744513
12903999	1140850752
14144271	1610612992
30248691	4296048640
45704139	2147487746
81113127	1610613248
30375051	1073745921
31182459	17301568
52722951	2148012032
12506127	1610613248
54012147	4294971393
24521991	8425472
54706155	53248
6214047	1090519041
23943003	537919492
34136043	4295000065
68293419	4311744513
27006747	3221229568
211947	537919744
29610411	1081345
35284299	671088644
11067243	2147520512
23281719	4311744513
77239059	1081348
80920671	1610612992
26573559	1140883456
27433131	2147524608
57463719	1081360
24560223	561152
1005747	1610612992
16745343	2147581952
15260127	1081348
49709103	4362108928
13247763	20512
79266327	2147487745
28213971	67141633
20469075	4311744513
19965903	1073152
67373907	97
54469959	135266308
63763899	3221229568
26522691	67108929
21547671	1610613248
46645683	33591296
79458783	2147487746
1738635	67141633
69877779	671088768
25390311	36865
70453527	3221229568
15336591	36865
2063607	1610612992
21638391	4362076224
32253279	1610613248
81234627	4362080256
39714351	4311744513
74276727	1610613248
3944751	4362108928
27456459	536871170
51544239	2147520512
63659571	4362108928
56941431	1610612992
23660799	671088644
6207243	16785920
56758047	1610612992
16020231	67112962
59041923	1610613248
62697291	1610612992
47484843	3221356544
75488487	290
79751355	4395630592
8888667	2147520512
66320259	1073905664
39497271	671088644
14282943	4102
26920887	134283265
327291	537919492
22835571	67633216
65030739	17301568
6244503	1610613248
72196323	3221258240
7218771	1610612992
81179223	17301568
44336859	4099
54187755	2147520512
60538155	2147520512
26789343	1073876992
56149899	2147520512
66134283	134250497
20389371	622592
77593515	8425472
17810007	2147487746
1158027	4362076161
11832531	1081348
20455143	32833
15789219	36896
4633899	1082130448
13891551	150994945
24895239	1610612992
22714395	1610612992
39243579	1140850689
61177083	1610613248
41174295	1073746176
5911107	671088644
48536223	4311744513
77108811	1073775104
9864879	1074823168
13658919	2147488256
64355199	25169920
45235311	4226
4479675	167936
54812427	1610613248
52924479	4429185028
44516679	4362076161
25802763	1610613248
32410095	4328521729
36551463	1085440
1239027	1610613248
6744435	1073745921
79049571	4329570304
31154595	1073746176
37403583	67141633
80099979	36865
25226367	1610613248
11548059	1610613248
1703643	4311744513
10616235	98
37467087	1081348
1952151	167936
49118775	57344
242403	327681
34241019	1610613248
38488983	4362108928
6500463	67141633
61477755	4311744513
42002439	1610613248
51319059	671088644
40155315	36866
51025839	671092736
29398515	150994945
22586739	83886081
15498591	83886081
49143075	2101504
17930535	1085440
76306263	1081348
38278707	1610613248
21821127	16809985
68710407	1073778688
80565891	671088768
1792743	2147520512
22277643	36865
18898647	33587712
43532367	2147520512
38190255	8425472
31599123	1074823168
11741811	1073745921
75147315	2147618816
46831335	1610613248
17923731	32833
21920595	1610613248
60452619	1610612992
48971355	4362108928
6263619	16809985
78493911	36865
19146183	134217733
9013731	1085440
8424699	17334272
69263475	1082163200
11535747	3221229568
43378791	83886081
55568319	1073742084
67064487	37376
25499175	150994945
28036743	1610613248
45049011	4311744513
68069211	1085440
57065847	1073778688
27611979	4311744513
12588423	1074003969
13505343	137216
79184355	36865
64504239	134254592
66518547	150995072
2905683	2147520512
55909815	150994945
79792503	17334272
12081687	2147487808
35166363	671092736
7361655	1610613248
23570403	69633
32911323	2148139008
69367479	2147520512
68349795	671088768
2844123	67141696
62589723	4226
44577915	671092736
63015459	671088768
39850755	671088768
70259127	1074823168
4422975	1085440
48907527	150994945
62696643	20484
28246371	67141633
27386799	201326593
77015499	1074823168
41378739	4362108928
59857107	83918848
74186979	134742528
35545119	671088768
68070507	16809985
29179491	1610613248
34725723	671088768
14539551	1610613248
5067411	150994948
41809983	1081345
43723851	1610613248
18982887	134217793
43639611	1610613248
20873103	8425472
29964867	1610613248
54274263	37376
67963911	150994945
24222615	1073745921
49391583	1610612992
58481403	557120
60133155	1081345
9175083	2147618816
43446183	66816
73224699	1082134528
45435543	671092736
72553695	1610612992
64206483	1610613248
3228387	1610612992
4028343	1610613248
77956395	1610612992
70645983	4362080256
16277487	150994948
733587	4311744513
235923	136318976
40830855	1610612992
45158199	98305
55009743	1610612992
34505727	4328554496
60010359	1048582
74404059	3489660928
58846227	1610613248
1732479	4362076161
23849691	1085440
30874659	4295000065
67707627	2621442
20469399	114688
57941619	4362092544
22486299	4296048640
64187043	4362076161
37131747	83886081
56648859	134221825
24000027	672137216
30689331	1081345
53832651	1085440
68346879	1140883456
67597143	1610613248
36348639	4311744513
35269071	2147553280
60059283	1073762304
17242683	1610613248
12750747	1610613248
68068563	1081600
65854671	1081345
35495547	1610613248
43103391	671088768
50177607	2147520512
33865503	167936
32891883	545292288
20731515	37120
13925571	2147520512
65055363	4378853376
50708967	65793
42764811	528448
41990451	4311744513
22660287	1610613248
13841331	4362076161
275775	1610613248
52578771	36866
5792847	134217733
74266035	4311744513
14512011	16809985
22434135	83886081
22685883	1081348
71674035	53248
68338131	1074823168
32425971	4311744513
51199503	1073762304
72484359	20512
4933599	1212416
38196411	671092736
57089499	1081408
999267	671088896
24962955	2147618816
76172127	671088644
42864603	17301568
57139719	67182592
80247723	167936
57943887	1610613248
46505067	135299072
54910599	67141633
76516539	16809985
977559	4429185025
81383667	1073778688
60540099	150994945
107943	67141633
50265411	16777281
70357947	1610613248
6016407	1085440
32322615	4362076161
25181007	20481
11482935	83886081
16127475	65570
65202135	4362108928
60259839	134217860
43066455	1081345
24201555	20512
46754547	2147520512
44245167	1174405120
59858403	83918848
50806491	1610613248
25010259	4429185028
34441899	1140883456
6705555	1610613248
31012359	561152
7526571	1073746432
53703375	16912384
20926239	800
59559675	1073778688
13585047	1610613248
6293427	1074823168
4388955	32833
57639327	1610613248
494475	4311744513
12471459	671092736
29455539	4130
65265963	1174405120
29115339	4295004160
8381607	4362338304
70281483	5435817984
23503983	35
34721835	67112961
20747715	671088641
40789059	36865
47288499	16797696
13253595	134283265
58933707	4311744513
943215	135299072
67689807	598016
23868807	2147553280
57155595	1610613248
70647603	2147618816
47350383	671088768
10432527	1073778688
4713927	1610612992
37304763	4295000065
53890647	4362338304
9450159	1085440
13304463	36866
14036703	1610613248
40464735	67141633
78532467	1073807362
35017647	83886081
53886111	4328554496
8233215	150994945
782187	1074823168
50129655	536871172
48461379	2147520512
5599743	67141633
36162339	4295000320
79387827	1610613248
8996235	4362108928
64582323	1174405120
26714823	2134016
54395115	83886081
12672987	2147520512
74955507	1141374976
73032243	16777250
18967983	150994945
40504911	4294971393
18357891	2147520512
31793523	2147520512
4708419	67108929
53766555	536872964
31676235	1610613248
38808771	53248
77140887	1073746432
64662351	83918848
26259927	1081345
19059675	201326593
78507843	2147487746
39004791	4311744513
41430903	45056
69722907	561152
68307027	1610613248
60247851	4311744513
44563659	135299072
48915951	1107300352
2182191	327696
61296639	557120
63142143	1085440
64526271	3221229568
2059719	67141633
14606295	4102
40266771	2147520512
30191343	671088641
77379351	557120
11593743	4161
47540895	2147618816
7780263	1073778688
48456519	1073774593
68320311	37376
47116131	4395630592
4612191	69648
29550471	150994945
74310747	2147520512
803571	4311744513
36994371	4362108928
18791403	1081856
52825335	4311744513
56817663	1073745921
4918371	36865
90123	1085440
58533891	4362108928
5783451	4362076161
77659287	1610613248
43266687	4294967301
80446983	671088768
38941287	1610613248
41144487	4295294976
44839707	2621504
66405147	671088768
17840139	67633216
20908095	1081348
54105135	8519696
63272067	2147520512
18071151	4311744513
80602503	4295000320
48690123	2147553280
55901391	2147520512
110859	67141633
35622879	2148012032
44567223	4362338304
61308951	1610613248
711231	1610613248
45348711	671088768
26181843	37376
24700191	67141633
18084111	1073745921
79625319	2147487746
63783987	1610613248
7362627	327696
6887643	4311744513
79828143	2147520512
62401479	83918848
59590779	1610613248
73757355	37376
81016575	671088768
81672999	671088641
53668707	36865
44272059	36865
32984547	3221229568
5400483	1115136
55594239	1073778688
58430859	69648
18332295	67141633
38204511	1610613248
25513431	1610612992
61892151	2147549185
80022867	2147520512
52255743	671088768
66196491	83886081
73550967	5402263552
58771059	2147524608
37785255	524384
26668167	1610613248
46871511	1610613248
53825199	561152
62508723	36866
16055223	83886081
15927	3221229568
20915223	327681
33334791	1610613248
808431	327696
39236775	196610
615327	67141633
48954831	1073774593
3570531	4303388672
67627275	2147549200
68542575	16912384
55301019	1085440
24210303	36866
66247035	68190208
66326091	3221225473
58635951	5368709121
63589911	1610613248
6834183	1085440
8739951	578
58778187	2148012032
15486603	1610613248
58938891	4429185025
43411191	67141633
16132659	1610612992
37939479	1610613248
57102135	671088644
36806451	2147520512
24343791	150995072
382047	268568576
10806747	2134016
43166571	2147487745
67557291	3221356544
67223571	36865
3290271	266242
65173623	4353
71625435	1140883456
19033107	150994945
211623	1610613248
37310271	150994945
38097915	2147487745
7524303	2164260866
29345055	32834
53794743	150994945
8793411	36865
16703223	4102
32619399	1610612992
47431707	2147520512
1959927	1610612992
6719163	4362108928
28581711	1073745921
77506359	671088768
64338351	17301568
21310827	36865
31125759	36896
70938879	3221229568
38397939	1610613248
43532691	671088768
45567411	2147487746
17986587	1073745921
33468603	1074270208
61691595	1074270208
76891083	1073745921
8085795	1610613248
71672739	100696064
601395	1610612992
80981583	1610613248
19593951	1610613248
17336319	134221825
76260255	8421632
42583371	1610613248
56970267	3221356544
1262355	8716288
8203407	1140883456
32250363	536871680
75415587	1610613248
910167	16908304
74309775	2147487760
39957027	2147553280
79553715	4102
241107	67112962
20595435	67141634
18915495	577
52045791	1610613248
66132663	4311744513
29849199	167936
4707771	1074823168
38604975	196610
3245559	4288
35235375	1081348
7917963	1085440
77420499	5368713216
24582903	4311744513
80311551	4311744513
63894471	4362108928
8798271	2147520512
79412127	4362108928
66525999	1140883456
8898711	2181070848
55777299	1610612992
34761363	2147618816
71004975	5368741888
67119567	150994945
59813043	1073778688
74576103	1073766400
40182855	67108867
51781083	1610613248
26846367	671088644
72195999	36866
72209607	1074823168
4573311	1085440
29803191	1073778688
48471423	1610613248
52942623	1073778688
68036811	1073778688
51090963	1085440
23235387	32834
51608391	4311744513
54104163	1610612992
38837283	4311744513
33063279	671088768
74124123	16912384
56150547	1610613248
32425647	2147520512
76006239	1610613248
36240747	2147488000
8209887	577
29072247	671088768
77185599	32833
14425503	4130
13036515	1610612992
26485431	150995072
9795543	1610613248
77993331	2147520512
32785611	3221229568
4289811	536873472
35078559	4295004160
41424099	2147553280
51240651	36865
9047103	2147520512
57210999	4395630592
28844151	671088768
58078347	1073774593
14811387	1610613248
67524567	67145728
64140387	1610612992
73275567	1174405120
4218207	3221229568
57936435	4362108928
6221823	1090519041
78191943	1610613248
862863	32834
13748019	1610613248
14918307	4295000065
33952011	1610613248
64558671	1610613248
21593355	1610613248
16624491	67141633
22421823	4362108928
9433959	67141888
76930935	4296048640
63010923	4362108928
46374171	4328554496
52719387	4864
1732155	4362080256
38875839	83918848
132567	134250497
4258383	4295004160
18955671	4099
5896851	1610613248
57650991	4311744513
21823719	16809985
74992767	1610613248
36502863	1081348
9807855	2147553280
67988859	1074823168
21558687	1610613248
39001551	3221356544
18658887	4311744513
5110179	2701131776
19793211	4429185028
53952531	1074823168
1530951	1610612992
36631815	1085440
48689475	2181070848
80562975	36865
33126783	36865
79772739	4294967301
7030851	164864
39002847	37376
11226975	3221229568
74526855	4328554496
68825103	671088768
4907679	561152
15702387	83886081
2096655	57344
71869731	134283265
123495	66576
3955443	1610613248
60603927	1610613248
4028667	1610613248
36084903	2147520512
51517671	524864
58524171	33558529
8276631	4362076161
22787295	67141633
62703447	2147549185
25443123	4311744513
10149999	1610613248
28429107	4295000065
53874771	83886081
18125907	2147483654
38978223	16777256
29383611	5368709121
4218855	2147484674
38836635	2164264960
25912923	671088644
6772623	4099
41884503	671088768
50186031	1107558400
9725235	1074823168
59009847	1610612992
16649763	1610613248
1066659	4130
78038691	2148012032
1930443	1610612992
72562119	1610613248
36023019	4294967361
34459395	532544
71710971	1140883456
19916655	67141664
53999187	4296048640
37747995	1081345
8981655	1073778688
23441775	36866
35307951	24577
4330635	671092736
42448587	37376
79525527	16814080
27399111	1074790404
62279007	2147520512
34197603	36866
1219587	1610612992
25575963	201326593
40522083	671088768
69599463	1074823168
25757079	4311744513
27401703	1081348
40334163	1085440
12480855	1610613248
79477899	1610613248
25466127	17858560
10094919	83886081
20698143	4294991872
50963631	4362076161
73939767	800
12490575	671092736
71643579	1610612992
43571247	36865
35879163	553650176
6222795	1610612992
33300123	1081348
68735679	671088644
23094447	2147520512
70332351	17301568
60647667	1081345
72477555	1081345
56562999	1073766400
62176299	36865
40453395	1610613248
58030071	67141633
44536443	671088768
45160791	536871170
68291475	201326594
53343735	16809985
73321575	1073778688
18670875	150994945
50895915	4362076161
41886771	1610613248
21002703	16809985
6990999	4130
6490419	1073745921
79778571	4311744513
19775715	16809985
32412687	1610613248
53373543	524354
56100327	1081345
13741539	36865
64281651	150994945
51265275	37376
68568819	1610613248
10213179	518
35361411	4311744513
25172259	134254592
74223591	37376
12244659	57344
40071399	67141633
2926095	4362108928
2115123	1610613248
73585311	1073778688
16594035	16781313
8466495	37376
22888383	327681
39936615	2625536
77937603	1081345
2209083	150994945
881331	2101249
57291999	671088768
67994367	1085440
15613611	4362108928
4866531	1610613248
12421239	671088644
23467371	4395630592
78272943	3221229568
63413979	1610613248
13722099	1610613248
60854703	671088644
24656775	6509559808
55962303	1610613248
1739931	67141633
2539563	37376
16633887	135266308
56921343	671092736
71307267	36865
30290487	83886081
24068067	37120
66542523	1610613248
27868263	1610612992
15626247	1073745921
56952771	1610613248
23394795	672137216
74449419	1610613248
71893383	671088644
20369931	114688
51619731	1085440
34354419	1140850689
12373935	1610613248
54020895	1610613248
38237559	4161
74031783	1073766400
1435047	67600
67259535	1610613248
74759811	1090551808
56873715	6442455040
28047111	528448
719007	1610612992
68060787	1610612992
56829003	2147520512
47630643	1074270208
74503203	292
48419259	36865
1354695	1140850720
58031691	1610613248
27134403	671088768
64632867	1610613248
46665447	32802
41683947	2147553280
78519183	33591296
73776795	1074823168
51252963	1610613248
34565019	4362108928
67237827	4311744513
70961559	1073762304
14505855	1073778688
63157695	2148007952
5760771	28672
40812063	36865
7455291	671088644
18979323	4362076161
2698971	67108929
69465003	4311744513
40573923	1081348
25766151	201326593
7933515	1610613248
60851787	1085440
55480191	1610613248
49400979	2148532228
70495323	36865
42734031	26624
5773407	1085440
46295763	4099
66540903	134250498
26893995	36865
46841703	83886081
62456235	36865
56281767	2147520512
17054763	1610612992
59324127	3221229568
20515407	83886081
55100787	671088768
898179	4311744513
22354107	2147520512
47045499	1610613248
50711883	1610613248
5234919	4362076161
14348391	4362080256
4471575	1610613248
75266223	1610613248
73431735	1090519041
49444071	75497473
34320075	1610613248
20822235	150994945
131595	134250497
19639311	83886081
54077271	1085440
38809095	4311744513
64235967	561152
80180655	1610613248
34699155	1085440
6690975	1073746176
15969039	4311744513
3319107	2129921
77095527	1085440
16978299	1081348
67856667	1074823168
9750507	150994945
55182759	1085440
70730871	671088768
32609355	16908304
18038103	150994945
32516691	1085440
27627207	671088644
44854935	83918848
32893827	1058
51651159	37120
51440235	4311744513
901743	2147487746
46715343	2155876352
20603535	16809985
39105879	331776
57208083	671088768
50738127	1074823168
46781439	518
73836411	1207961600
77023599	36865
68810199	1610613248
44559447	4311744513
5648667	2621504
58751943	37376
74655159	671088768
35866527	2147495936
68845839	1610612992
61366947	5368713216
61717515	36865
13190415	2625536
21934527	150994945
11391891	671088768
70837143	1610612992
56626503	1081348
57349347	1073774593
28137183	2134016
49882767	1074823168
554415	36865
39761655	2147553280
63576303	36865
2698323	134217860
40064595	1610613248
78175743	8425472
74631183	1610613248
218751	1081345
8165499	1610613248
32359551	5435817984
59429751	671088768
52527255	4311744513
64827591	36865
13633647	1085440
32930439	37376
34406907	4311744513
36865419	557120
9308247	1085440
71119023	2147520512
46819347	2148008000
13746075	1610613248
8367027	36865
40530831	1610613248
13502427	1085440
11863635	524548
5365815	1081348
48048279	2147520512
26306583	1610613248
10239423	4099
72257235	2147487746
64647771	1610612992
61914831	1610612992
39572763	2147553280
672351	36865
53295135	36865
464667	1140850752
1680639	57344
63688731	2147520512
69501939	671089152
37718187	36866
79265031	2147520512
71646819	1081348
13873083	1610612992
43191519	7
58036875	671088768
7597203	2147647488
65431851	36865
48422175	1610612992
57338331	671088644
70637559	2147520512
8301903	1081600
28221747	16912384
55735179	1610613248
24872883	671088644
38360355	1610613248
22536519	518
51341739	1074823168
70134387	16912384
36472083	134217734
52257039	671088644
34700127	53248
324051	4362108928
64079151	1081348
68799507	1610612992
42664695	524354
19370715	1610612992
22423767	671088768
51367659	1085440
51212139	1610613248
80949507	1610613248
2258979	16814080
32808939	1610613248
8624607	2147488000
17898459	1081348
39991047	8425472
554739	4311744513
44147643	671088768
64610187	83918848
14220087	1610612992
54075651	100696064
50712855	1073745921
55785399	1085440
39044319	1610613248
30057531	4395630592
44653407	2147520512
70544247	1610612992
40209747	1610612992
18744099	327681
11351067	32833
5721243	3221229568
58813827	2147524608
4229547	16814080
21205851	671088768
76677567	1073778688
21966927	1610612992
29801895	36865
12570603	1082163200
5419923	4295000320
53510919	1085440
7806831	4362076161
58979715	1610613248
42710055	1610613248
47688963	528386
25020303	1610612992
17584179	67112961
40222707	1081345
8731851	1610612992
994731	1610612992
5213535	1610612992
21204231	1610612992
54842235	1610613248
2278743	2147508224
21971139	1073745921
28131675	4362080256
62406339	37120
39819651	1610613248
36990807	36865
81256659	1074823168
19986639	137216
14024715	1610612992
74697279	67141633
4546095	16779520
10695291	1081345
56916483	83886081
33232407	3221229568
17243655	4362076161
7023399	1074823168
44611287	2147520512
19829499	150994945
25229283	36865
37047831	1610613248
46932747	671088768
29092335	524353
13371855	2148012032
23548371	1146880
63807639	37376
16791999	2147520512
80197827	36865
5644779	4362108928
30098355	134250497
72530367	150994945
111831	67141633
15898407	16781313
168531	2147487746
18694527	150994945
64575519	331776
51010611	5368741888
31870959	67158016
19074903	36865
68310591	70
42617715	1073745921
19494807	1610613248
6169011	150994945
43972359	1610612992
32395191	1610612992
63137283	1073872900
55931523	1610613248
74692095	1610613248
59871039	134250497
10506723	70
61151487	1610613248
27009987	1090551808
35434959	4353
2243103	69633
53127627	32774
33262863	1074823168
14108307	67141696
46393611	4295524352
45618603	1610613248
25532223	671088768
21625431	1610613248
39098751	671088768
21324759	1610613248
1208895	1610612992
12267339	671092736
10924035	2147487746
57993783	17301568
39350823	1073766400
16293039	1610613248
36734199	5435817984
345759	135184
44301543	671088768
1564971	1610612992
50264115	36865
6444411	57344
963627	1610613248
15399123	1610612992
65225139	4362080256
51225099	671088768
55533651	4295000128
1295403	2701131776
35521467	5368709121
1749327	524802
63183615	1140883456
71177343	37120
54923559	561152
36998583	1073745921
15597087	4311744513
26761155	1610613248
42309915	1107329024
37817655	2147520512
40270335	67141633
31372647	24577
48408891	671088644
1519935	67141633
6134991	2147487746
29452947	1090523136
6516339	2101250
69396315	4362108928
72264363	1081348
69158175	36865
62674935	1107296257
37732119	1073778688
53964843	1146880
55995351	1081345
31135803	1074008064
11378607	4362108928
53493099	5368741888
6715275	2147520512
52937763	3221229568
12401475	4102
66106743	4295000320
44357919	36865
27971943	16908304
64507803	1140883456
57373647	671088768
29093307	671088768
81600747	32773
53992707	4311744513
2851575	1610613248
8054691	1610613248
68768727	1085440
39263343	1610612992
63975471	67145728
45481227	36865
70200483	8425472
13004763	40961
74972679	196610
45037671	1085440
81486699	671088768
80284011	1610613248
81699	41947136
32552979	83918848
18035835	67141633
9318291	150994945
25215027	4362076161
63566259	1610613248
11646231	2147520512
23811135	24577
34270503	1610612992
16179639	3221229568
65327847	2148007937
9508155	1610613248
39937587	4162
53137347	671088768
37412331	67141696
35896659	525314
75048171	37376
22293843	36865
5715411	4311744513
44204343	33282
44235447	1073774593
8327175	150994945
65083875	65570
66319935	4099
22174611	4362108928
18400011	4295000065
17984643	5368741888
19466943	1610613248
13037163	3221229568
49386075	2147520512
20517999	1610613248
65483691	1073778688
23212707	671088768
24853443	1610612992
67071291	1081345
11195547	2147487746
22712451	4362076161
355155	134217768
35968263	67141633
55825575	2147520512
1103919	2147520512
70326519	2625536
61778103	137216
24034371	67108870
21468939	67141633
34029447	4295000065
47213655	1085440
