298083	2147520512
25576239	134283265
62719923	4311744513
41418543	4295000065
79696875	327696
110163	67141633
59529171	1140883456
19890363	1074823168
13921311	4295000320
77415915	2147488256
28508439	1610613248
71569983	167936
12819387	4311744513
69299715	2147487746
34141503	327696
25049739	1081348
65477163	4328554496
26435163	671092736
74473023	1085440
3463887	1610613248
60521907	4311744513
76601703	2148012032
35390199	1610613248
23761515	67141633
54332211	8392706
4266111	5435817984
55528095	1073774593
33442311	40961
47868087	2147553280
20903511	1073762304
3065691	557120
8872095	2147520512
41334303	671088768
61168287	4295004160
78882339	2147520512
16963995	671088641
28388235	4429185025
10310007	1610613248
42718755	1610612992
58308987	12290
65480403	1610613248
21720639	36865
70018347	1085440
60756159	3221356544
18182883	1073745921
22665747	36865
14735199	8392705
48757467	4362076161
12390735	24608
14187315	1610613248
48689427	671092736
6038067	4311744513
55027191	1610613248
56052003	1610613248
10394895	1610612992
25942359	561152
79138623	2147487760
49422639	196610
58982259	2148040704
63870447	1610612992
284475	167936
76211931	671088768
49291743	1074823168
39957951	1610613248
17794407	37376
13693863	57344
11155971	528448
27822207	4295000320
61735611	36866
29067987	671092736
14044755	536871170
4917351	1085440
56181927	5368741888
30975375	67141696
17821947	4295000065
70821219	671088644
40433907	1610613248
12461691	671092736
1374411	57344
65529003	1074823168
47589447	4395630592
22503099	1610613248
41988135	786434
8414283	2147520512
54479631	2147520512
60842019	1073745924
1554879	40961
43293855	671088896
15112011	2147520512
5892915	134217860
1346871	3076
50583855	67141633
72052419	1610613248
73190307	1610613248
66295587	1081348
59614383	327681
925347	4311744513
9383367	8519681
64051563	4362076161
60349215	1610613248
26079411	1073766400
59408319	1610613248
22814787	67141696
21829503	1610613248
45438087	16814080
27828039	4295000320
21423531	4303388672
49789731	36865
42927087	790528
57057375	36865
1650783	2147520512
14088495	1610613248
36830379	36865
22759707	262210
16892391	83886081
61277151	2147553280
10498899	69648
25449879	83886081
25714263	1610613248
80586579	53248
77364075	1073774593
324651	1610612992
21242415	67112961
2024031	3221229568
5878983	67112961
41607111	1074823168
76869975	16912384
1764183	1610613248
68351043	4362108928
56762535	16801792
32967651	36866
52740399	2147520512
63961815	24580
50341827	1610613248
74667099	671088768
47414487	1085440
30869103	1610613248
50301003	1610613248
25494267	83886081
23215575	1610613248
17305491	28672
26302323	135266308
43388787	134217733
21128691	1085440
12434151	67141633
51465783	671088768
75254187	1081345
19417647	37120
23554155	74
62102379	4295004160
50597463	4362108928
69452319	769
55168131	16781313
2227503	134217762
13575603	4395630592
56655291	4362108928
75072099	35
77444427	1085440
80989959	671088768
68563587	1610613248
80401251	1140883456
9900795	135266336
12567639	1141374976
4285875	1074270208
74344395	32833
3860787	1610613248
51064671	37376
63902199	3221229568
11800083	167936
7208679	67108960
81710535	36865
70732443	2147520512
46228647	2147520512
40800675	4192
51344931	524354
75176751	1073766400
9647427	1085440
23124531	1610613248
34591215	3221229568
64675587	1610612992
75242199	1610613248
63593427	671088644
47959779	2148012032
4417095	67
53215707	671088768
22695231	36865
31147743	1085440
1825095	1610613248
54105735	2147520512
15212127	327681
25250295	67112962
3021627	4295000065
31815831	4295004160
46557183	538968068
56839323	671088768
50616255	536903936
34743495	1073778688
65966727	1081345
30079839	36865
31880631	2147520512
47952327	1074823168
34441851	537133057
265683	268568576
47692479	36865
80408379	83886081
19197003	32833
45146487	65553
27466455	2147487746
51240603	1610613248
40026639	1074823168
27389343	561152
27879231	1610612992
68958219	4362108928
18475779	32833
46661187	4311744513
77345283	1081345
47200323	671088768
7673619	1085440
19982379	2147489792
41979711	4102
80846103	16809986
6734019	1610613248
31152927	37376
12629199	1174405120
80386995	671088644
16893039	4311744513
62272479	1610613248
10751619	67112961
29265303	8425472
45461415	4099
79986531	16809985
65503083	4311744513
48389403	327696
68732067	1074823168
31202823	136314881
20841303	4362076161
50908827	1073741830
79287015	3221229568
7210623	16912384
65180379	134217733
79480119	2147520512
6540267	1073745921
61186755	134217733
57972027	1610613248
65980659	4295000576
3137295	2129921
150663	67141633
14192499	3221229568
55530363	9469952
7033395	1610613248
38905275	4362108928
5555955	137216
9084963	2147520512
28493211	671088768
3742203	1610612992
54070419	32833
72993639	4328554496
21332487	1073778688
51056571	3221356544
79885443	2147520512
58463535	4328554496
49193895	1107329024
7230711	4362108928
29025867	1085440
56214003	5435817984
52213899	327696
57330507	671088768
74434467	1085440
6680883	67158016
9632199	1610613248
73337403	2148007938
68270367	1610612992
41915235	4295000065
27833223	4295000320
25971843	67108929
392691	1085440
79451931	1074823168
64467255	83886081
7977531	33284
33174363	36865
71168547	1074823168
73503291	1610613248
48685863	67108897
18652359	150994945
65838423	1610613248
65163531	1085440
60526119	1610613248
14279007	4362108928
18826023	4311744513
59411883	1610613248
8702643	1610613248
13145007	1610613248
18888231	98
53787	1073774593
22059219	1610613248
69630195	32833
17037219	32833
51213387	1074823168
56677971	2101312
25127175	4362108928
632451	17301568
8421087	524802
80391207	4362108928
37046163	4099
72255243	331776
181443	36865
60017763	67145728
44966343	1610613248
21464355	4362108928
18855507	1085440
42464091	671088768
61328343	2147520512
11815959	1610612992
34074111	4295000065
33897531	67141634
12326583	16809985
79654431	3221749760
31207683	5435817984
56307963	5435817984
526827	671088641
2171775	1610613248
22219275	1610612992
31473363	4102
11017299	2684358656
37379559	196610
15127887	67141696
63309279	1140883456
32298267	3221229568
8632659	36928
15702663	1610613248
18556131	32774
5485971	32833
43545603	671092736
50078091	1048836
65592507	4362108928
47188335	1081345
27277887	134283265
21192195	4362108928
2575479	16809985
80411619	671088644
29329131	2147618816
2029539	528448
4071387	67141633
45407307	4296048640
46907751	1610613248
48805419	2147520512
12431883	671088768
46536771	1073778688
31273455	3758096384
41364759	75497473
9921207	66564
1136595	1085440
74894223	3221356544
8868207	1610613248
70385115	1610613248
35836347	67108929
56974107	2148012032
53312583	1081345
47253783	1610613248
12648963	537919492
51674439	2147520512
25550643	1081348
169131	4362108928
39012519	100696064
67114659	2248146944
56525367	671088768
68744703	1074036736
22846863	1074823168
60205035	1081345
67982655	1610613248
45642531	1074270208
47746587	671092736
36643431	36865
23894355	2147516432
55910739	1081348
11490987	1085440
3135675	2147749888
9668811	1610613248
225183	36928
47712891	671088644
2776359	671092736
49191627	1610612992
3884115	36865
24266631	1610612992
59724219	134217860
35884623	1610613248
38881623	36865
62893263	4294987776
1769691	67108929
33254715	1610612992
12225819	1085440
47536959	671088768
59086587	4362108928
35983119	4295004160
8007339	137216
69026907	36896
11808831	2148012032
12104319	134254592
1490727	671092736
7929579	1174405120
30366579	4102
34266891	1610612992
41704635	4362108928
73882695	1073778688
55954479	1073778688
724467	1212416
18434631	2148012032
77629107	1610613248
61039983	1610613248
13333575	1610613248
44920335	1081345
28603371	150994945
36595803	67141633
9838911	20484
10037847	16809985
59574855	1610612992
39804051	16809985
74139951	67141633
26728383	671088641
34593159	1085440
51531231	37120
73093755	36866
48373203	57344
1091559	1085440
5866671	4099
16844115	1074823168
78568707	3221229568
31568943	1073778688
58373787	37376
50962935	37376
65179731	4362108928
79122099	3221229568
7042791	1085440
30165051	5368709184
21337995	67141633
51015423	4966055936
52302999	1081348
21676575	1074823168
3981963	2129921
25859415	1610613248
48014859	3221229568
56774847	150995072
41666403	1073742084
69055743	4303360000
75180315	1610613248
13574631	135299072
80504283	1610613248
14181159	2248146944
32097063	1610612992
65079291	1610613248
33917619	4295004160
46702011	36865
37340679	138
33182139	4295004160
69619827	4362108928
662583	4362076161
53989743	2147520512
74452611	1174405120
51391911	135266308
22900323	1610613248
5599047	2147553280
17167467	1085440
57338931	671088644
16995099	36865
36663195	1081348
56495559	1610612992
63530895	1610613248
20234127	1610613248
44000499	2147520512
1168995	1140850690
53524479	1073762304
66827919	67133440
77366667	4362108928
32305395	37376
42415491	4362076161
44706495	67141633
3048519	1074823168
27672519	83886081
2225883	671088896
78768615	1074823168
6160215	1085440
12402075	671088768
81533631	1073745921
37818579	4362108928
34264299	1085440
80815971	5385486336
75998091	1610612992
63697431	3221241856
38865099	2147487746
42383415	292
16785471	67133440
1127847	2625536
77225727	4362108928
55198911	37376
53762943	67633216
75298251	2147520512
59406375	36866
34943403	1610613248
40114443	266241
61421331	1610613248
16072347	17301568
87483	134250497
12765279	2147520512
1275591	8392705
12382311	671088641
16428423	135266308
81210603	83918848
43428963	1610613248
29015499	67108867
839163	16810496
65667351	1610613248
26139999	2134016
63820227	1610613248
34005099	1610613248
15106827	67141633
29962551	671088768
55001271	1610613248
12008415	1141374976
5794419	1085440
6613491	2147487746
62868639	4362108928
27229287	1610613248
25531527	17301568
50371311	671092736
57675567	1073774593
63798195	2147549186
59747871	1610612992
150987	1085440
46733439	2147520512
21504531	1610613248
20565255	4311744513
23407707	1610612992
14717703	4295000320
73068159	2147553280
24028167	4130
46438275	1610613248
71781555	4328554496
5890971	135299072
72584751	201326593
57228771	671088768
77000223	4311744513
2950023	2147483682
36265971	671088768
1001811	1610612992
60516399	671088768
18891471	74
1616439	1081348
43773375	8425472
37974423	1610612992
51624867	36865
75887283	36866
67960623	671088768
17814495	2164264960
45218415	1081345
1516323	1115136
45332139	1610613248
57474687	1610613248
64231707	4362108928
675543	150994945
62412447	4362108928
43736439	5502926848
38747163	1098907648
30689283	67
18953031	2147520512
18529563	3221229568
33163671	1610612992
45365835	1610613248
13310571	561152
76707651	1073778688
53637879	1073778688
20619039	67112961
59977587	1610613248
11542827	1610613248
3009963	1610613248
32818287	671088768
52232691	4311744513
23588175	65793
80100903	1610613248
3252315	4362076161
6342627	2147520512
2923131	4362108928
5807055	17334272
3195291	40961
17441571	2147487760
60039147	8425472
5110779	16842768
24128607	16809985
81634395	1610613248
65699751	1069056
3206955	2164264960
14998611	1610613248
35514291	1074823168
38881947	36880
60937599	1073778688
28932231	2148012032
64283871	4311744513
23560311	201326593
18298551	8425472
40891395	1610612992
33348351	67141633
19433847	2147616768
22266255	4311744513
81137703	4362108928
20807283	1610612992
75177399	135266308
47853183	32802
27048819	4329570304
38356419	67108929
50306511	24580
47741727	4295000576
3586035	16797696
23648439	32802
2086887	1073745924
51786219	53248
55281855	2147520512
23533095	57344
34696515	671088644
42442059	671088768
60063123	53248
48619767	671088768
12747783	1610613248
58229283	557120
47985699	671088768
6851631	1610613248
58953099	5368709121
67770759	671088768
1036155	3221229568
50413755	1073778688
4295595	1610613248
52742667	671088641
39505971	49156
76158471	4395630592
9969807	671088768
47086275	17301568
33496743	67436544
59625399	2147483682
68367243	4161
75209475	4311744513
17439627	2147487760
80523399	36865
51010887	37120
22848159	4311744513
32777463	150994945
76148751	4311744513
81296463	36865
21731979	16809985
24632751	67141633
51973167	4295004160
1681239	1610613248
64638327	4362108928
46965099	36865
23564199	671088768
63685119	134221826
67223523	544768
524235	17858560
4994463	4295000065
6900555	1085440
111459	67141633
69617235	1610613248
33297483	1610613248
55870563	16777282
21199323	1610613248
36682635	1140850689
57502875	671088768
70420755	1610613248
70064031	1610613248
19389783	2147487746
53478471	671088644
45388839	1073745921
11268399	1081345
24721203	671088768
76020447	671088768
57955179	1610613248
5216079	1074823168
15694563	671088644
18786171	36865
36787287	1610613248
80565195	4311744513
41721159	4328554496
16271931	83886081
52359375	3221229568
49448235	134254592
20299251	67108930
1271055	1610613248
19021719	16809985
1829631	4362076161
41820951	1610613248
49339047	36865
46385463	1610613248
77795643	1073766400
52659723	2147520512
81160059	1073778688
355755	3221291008
913035	671088768
34503411	134217733
38235891	327681
1021251	1610613248
27556851	2281705472
64637355	4311744513
50680731	561152
60039795	36866
26489271	67141633
13211427	150994945
31001943	134283265
60339171	1610613248
71366835	1610612992
22981323	134254592
59582307	671088768
38601039	1073745924
66887211	3221229568
33344787	546
67895175	24640
51533175	4311777280
3304803	1610613248
68838663	536871170
60814155	1610612740
30487107	1074823168
36963543	16781313
63189399	1610613248
74306811	4099
3758727	1085440
3017739	2147520512
78272571	3221229568
53018391	671088768
73445619	4102
80112243	1085440
613659	53248
70516335	1074823168
1154415	83886081
62017815	67141696
69275091	1073872900
996303	134217858
49434951	4295000065
25473531	135266308
64321779	2147520512
7971051	2214592528
52207419	1074823168
77457063	1081345
65259111	1073774593
65880543	1610613248
73831503	1610613248
18147243	83886081
33307203	36865
32433051	1610613248
61713903	16781313
68695455	2147553280
39042327	4362108928
26908851	40961
47726499	4362076161
32007639	2214592513
28153011	4395630592
25449231	1610613248
36336279	32802
48438003	1082134528
29288307	36865
60898395	16809985
2283879	4295000320
48361215	2147520512
81509007	1610613248
53508603	53248
81319791	1610613248
44082147	36865
5976183	4362076161
5777247	201326593
59543751	1140883456
33058047	134221825
35908599	2147520512
65280171	1073774593
67949931	1610613248
63466743	37120
9872931	4328554496
23324439	25165825
23854503	5435817984
24242979	4362076161
47336403	1610613248
7342167	1610613248
21928971	528448
71270283	67145728
2050923	4311744513
80680215	671088768
52293603	4362108928
47106039	671088768
74138655	1073745921
62859891	36865
9909543	327696
62112747	37376
3082863	36866
53761647	67158016
29220915	1048610
14896875	4295000320
13127835	1081345
53016447	1085440
41091627	4295000065
4772847	1610613248
35329287	327696
43498947	1610612992
40167579	57344
52883931	4295000065
47302059	37120
72011271	2147520512
3368955	37376
27984855	1610612992
88779	1610613248
39382527	37376
36764607	16779268
64562187	1610612992
23899539	4295004160
61478031	28672
14427075	2147520512
62026887	2147520512
4373355	1073745921
17991075	67141633
11952687	1085440
81475959	36865
25486815	201326593
49064295	3221487616
30196155	1082130433
72699771	36865
9143931	1610613248
64022403	1610612992
41830347	4295000065
49356543	4295000065
55055055	4353
70779099	1610613248
9593967	1073778688
25349763	1073778688
34895127	1610613248
1337475	1085440
29513163	134217733
32343303	5435817984
31462995	2147487746
28484463	1610613248
64750107	4362076161
3167103	1610613248
51513411	1073762304
54755031	1610612992
20397747	4311744513
19013619	150994945
64220367	4311744513
43043403	4130
70848111	1073774593
47234991	1074823168
65593155	4362108928
18784551	1073778688
15341403	2147487746
7142583	36866
10074783	36896
64581627	1085440
77000547	1610612992
57478575	671088768
1648191	4295000065
452955	16777250
36971967	671092736
75346851	4362108928
28366527	1610613248
1080867	2129921
75577539	671088644
56273619	1343225856
65008011	1085440
27320331	201326593
45635079	2147520512
31314927	3221356544
64480539	671088768
66485775	2164264960
7934439	2148073472
42015351	5435817984
21105039	671088768
14218743	4362108928
51755115	2181070848
11882703	2147520512
41151	32802
887439	1074823168
5654775	3221229568
47379819	3221229568
44469327	37120
70262967	32773
7374243	4295004160
23937771	2121728
37558731	4295000320
68864259	1610612992
27808275	1610612992
23963691	2147516480
55276671	1140883456
65002503	524354
6656907	167936
68174787	1073778688
75651411	1085440
27162867	1082134528
23282319	2214596608
51279159	16814080
73069455	4362108928
63180975	4311744513
80966307	671088644
36489855	671092736
56425575	1074823168
587415	2147520512
73538283	32833
6748275	17301568
27640119	134250497
14163339	4311744513
35828247	671088768
22874727	1610613248
67739331	4295004160
41564991	1610613248
52736511	5368713216
22170351	671088644
36304851	1610612992
27177123	1610612992
25260015	1073778688
14941263	1140850689
29259147	4362108928
51011535	2147520512
47476695	1610612992
46265583	2147520512
41813823	1081345
28649055	5385486336
11257707	1610612992
33977235	262210
60959955	4362076161
67138311	1610613248
55293195	553648132
35008851	1081345
28953615	4362108928
80043555	4311744513
13905759	32834
68148543	1073774593
69953871	4294971393
22728603	17301568
10473951	2148012032
5277315	134217793
12789255	4395630592
61490991	1610613248
12070623	1610613248
29844939	1610613248
67729611	1073774848
46343991	67158016
38218395	671088768
18748911	32802
75826047	1048582
65644023	1610613248
11799759	1081348
13920015	4295000320
52334103	1073152
60547179	8425472
2412507	4362108928
43739031	671088768
4956231	1610613248
16973715	1085440
30884007	1610612992
78394395	1073741829
21363267	1610612992
66493551	1082163200
3638199	4311744513
50939931	4311744513
30174123	1610613248
2808435	1610612992
53206635	1081345
39470979	8425472
38588727	16781313
57899451	2147520512
37349103	196610
73756011	36865
4102491	2148012032
73974063	2214596608
20876295	201326593
41630439	36866
40271907	1073742084
14937051	67141633
61997727	1610613248
75801099	4311744513
72197895	3221229568
28969167	1085440
57807111	2147520512
28385319	4429185025
67304523	36865
42217851	2147520512
27916815	671088768
7270563	1610613248
64440687	4130
33259575	8392705
15876651	1610613248
44465763	4295000065
67557891	1610613248
3161919	36865
55598079	1610613248
56063343	37376
12642159	2129921
48306135	134250498
42959811	67108870
31288359	67109632
2241111	2147553280
40617939	1097728
23987667	536870918
23661075	671088644
77652759	1610612992
26047983	1085440
69275415	67141633
60092931	671088644
50287719	1610612992
43484367	671088768
3631395	1073762304
128955	134250497
47276139	671088768
28650999	36865
75110655	16912384
53886063	327936
79445127	4295000576
39647883	1085440
53772663	1073741860
42549951	2147487746
21238851	4311744513
51107439	16781313
43563423	37120
56613495	1610613248
31923399	1081348
76915335	1081345
15639483	83886081
66663003	67
69433851	1610613248
61790367	1081348
79949595	4328554496
56330319	671089152
71997987	1081600
8182947	134283265
54044499	83886081
64239807	2164260866
59944863	1081345
20301843	1610613248
73708383	1610612992
71847975	67108929
75690291	1610612992
73266771	4362076161
125067	67141633
25000815	6442455040
15320343	2147520512
23995767	672137216
79754871	2147553280
46722423	36865
6697731	1073745921
8475195	2147520512
45635403	561152
47883963	536903936
37328367	557120
24362535	671092736
4512027	36865
6064635	4362108928
40317915	36865
61209111	67129344
8566563	67141633
42356523	671088768
7480839	671088641
992091	49153
607827	16781313
66413523	1610613248
46404579	524546
2392095	1073778688
57286443	2684358656
80006619	4362076224
12767223	2147532800
5064771	1610613248
34663791	671088768
45326307	2214658048
65942103	67133440
2289063	2147487746
29389071	2147520512
37394463	1073778688
15258459	83886081
4395063	4295491648
12656415	671088644
47353899	1081345
8913567	1081348
51602511	167936
63371163	67108929
74800263	17334272
80241519	1610613248
43165551	1610613248
902667	1610613248
59491587	1610613248
28678215	671088644
53063751	135299072
69087171	1073778688
77970603	36865
9463719	16797696
58895427	1610613248
16476699	135266308
69846951	671088768
78245355	1081348
43119219	2147520512
62216427	1610613248
72875379	24580
941547	135299072
47418051	1610613248
40694079	671088768
54230151	5368741888
49452123	83918848
74751663	5368713216
2765343	1074823168
79970331	2147487745
3300267	2147487746
65729235	36866
46802775	1610613248
1714611	1610613248
20709759	4295000576
24511899	1081348
31426059	1610613248
1774875	327681
68199087	1207992320
25797531	4294971393
27867243	1610612992
27619707	537919492
3877311	4311777280
4383399	8523776
12472707	671088768
23108655	1610613248
28578099	1610612992
2829495	2147520512
30520803	75497473
67716327	5435817984
6850335	2148012032
44149215	67141648
49505583	671088768
76789623	4362108928
39098703	536875009
41450943	24580
47445591	2147520512
7081995	28672
44570091	69648
81112755	2148012032
73032843	3221291008
70329387	150995072
673275	673185792
81211251	83886081
58635579	1610613248
36137343	1610613248
60712419	2148008000
42735603	1610613248
2118639	1610613248
35567103	201326593
81519699	671088768
43802211	5368709121
5923047	4311744513
61643595	4362076161
30832815	2147483682
76285479	1610612992
43038867	24577
5610711	1085440
52718043	4395630592
65606115	1610613248
56824743	2147487745
55494075	1610613248
36025887	134742018
18376959	32833
59072331	1610612992
21499023	2181070848
53625243	1610613248
25079871	1073778688
67639215	671088768
51496239	1073876992
65851707	1610613248
33579363	1610613248
9175683	134250497
77387727	5435817984
67237131	1085440
79250403	37376
76555047	1610613248
20840007	1610613248
31953531	327696
55735455	67108929
64069059	17301568
13832859	134250497
44003739	4311744513
43653819	1146880
45647391	1610613248
405327	1610612992
77439	1140850689
37907679	1610613248
12110151	1610613248
27002163	4311744513
51029355	1610613248
35272911	36866
3559791	671088644
11490339	1610613248
18153399	1610613248
65676423	2181042176
21304299	1081345
27847155	4295000320
583203	557120
66045783	2148012032
35522715	37376
14881323	536871170
19530075	671088644
74761059	1140883456
654483	134250497
22383219	671088768
74906859	32802
35186079	1610613248
38818119	671088644
19221627	4311744513
44990967	4295000320
133491	67141633
22182339	4099
25439835	6442713088
4194183	24580
58839375	1610613248
70092867	1610612992
15933027	1610613248
61009203	16809985
16123863	331776
7505139	2164293632
16005927	67141633
12805455	36865
25878855	1073745921
6834783	2147487746
41391327	671088768
6116151	36865
28423227	1610613248
61088259	1073778688
28357131	1610612992
78808143	1610613248
78279051	2625536
35516883	2147520512
49949139	1073778688
55834599	671088644
40885563	67141633
6923235	67141633
80381811	1085440
10464879	1073745921
75736947	2147487746
79499235	2147484162
72740919	75497473
13884699	1610613248
55085835	1610613248
80162463	1610613248
13881783	561152
41398779	4099
36628203	16777282
3721143	1085440
41509263	1073746176
21831123	1090519041
77314827	1610613248
38476947	1081348
69354147	1075839040
56107731	53248
37027695	53248
32357559	36865
5643435	4311744513
71464035	167936
23751471	32773
54715827	24580
62095899	1610613248
36364791	4295000065
44727231	1610613248
44003415	33284
68868147	1610613248
57900423	83886081
28132275	1085440
72860151	37120
14115063	83886081
51906099	671089152
35840235	1081345
42201327	671088644
14916963	100696064
66823383	1610612992
77639151	37376
49232775	2684358656
67048887	1081345
31561167	1073745921
36803487	671088768
78135843	1081348
2895915	671092736
8808267	25198592
24070287	4362108928
49630971	150995072
48373527	1610613248
14434527	1085440
23622519	671088644
12069975	67141633
42853539	1610613248
77346579	1610612992
6871719	536871172
56927127	33824
26939631	671088768
36172983	36865
73347771	36865
73295607	1610613248
27209847	83886081
38255007	561152
35715495	1074823168
12507375	671092736
80723631	1085440
70628115	4102
12265347	5402263552
12883215	671088641
33696327	1073774593
32762883	4311744513
37868151	1610613248
37942995	17301568
73745319	1074823168
26247	167936
66247959	100696064
51755763	1610613248
45648039	2147553280
63962139	1610613248
58386423	1074823168
79929183	1610613248
43795083	671088768
21540819	2147520512
55971975	36865
7437747	671092736
35128731	561152
60620727	133136
23823075	4099
1991955	3221229568
23752443	36865
57798039	4311744513
43971987	1107296257
57909171	2147484674
72732819	16809985
73169895	2147487746
75666315	536875264
55434459	28672
12345375	1610612992
23606643	67141633
36903279	671088644
13564911	36865
45629247	2147483651
62584167	4320133120
80436567	671088768
1655643	1081348
72093567	1610613248
16925763	1610612992
27575643	671088896
64131267	135184
33383343	134742528
3060507	524354
67798299	4295000065
16490955	2147520512
47425179	671088768
54322491	671088768
53218299	1085440
23271627	671088768
46313535	2147520512
65085123	37120
1937523	75497473
69579651	671088768
31785375	671088641
23096343	5368713216
40805859	4102
13823463	67141633
17762979	4295000065
77113947	1610613248
46866927	671088768
24647007	67141634
21296199	2147520512
73636455	67141633
25455387	67141634
17840739	201326593
12426051	16777249
5066067	1085440
59060019	4362108928
8055939	134250498
41025855	4311744513
21121563	327696
44783607	32833
2407323	1085440
56802711	83886081
80352003	4395630592
5571183	83886081
8072787	2147520512
35618619	4311744513
36245235	4311744513
15075075	1081856
19226811	67125249
53313555	36865
33311091	4130
6421683	2148012032
81531687	1073778688
50785707	1082163200
81315255	4362080256
7800951	36865
62570883	1610613248
23688291	1074823168
79195647	2147487745
55326243	4362108928
33684663	2147749888
53214087	1081348
46590879	1610612992
70996503	671088896
40521711	1073778688
28602399	1610612992
5663847	2147520512
57774711	1081348
10907787	67141633
20976087	16809985
9898203	101711872
80243139	4362108928
253047	2164264960
78417723	1610612992
75814059	1081345
71466303	36865
69529431	1610613248
25476771	671088768
50610423	528448
42448863	37376
40655523	1085440
4945539	3221229568
64878411	4395630592
56598915	37376
24783411	1082163200
33634767	67112961
65876655	1610613248
40336383	83886081
35999319	4295000065
34939839	2181070848
854067	37376
54310179	1085440
1905771	4395630592
21293607	24580
78387915	1085440
30995463	36880
45393699	671088768
45435171	5435817984
22072179	67141633
71887827	1610613248
53545863	36866
35271939	671092736
64470171	1610613248
75318987	671088768
70173543	4295000065
70909995	1610613248
15750939	1610613248
42466035	67141633
17037867	672137216
72897411	2147520512
67673559	671088768
80357511	36865
41646639	2147487746
16599819	2147618816
45275115	1610613248
67246851	671088768
67881243	4362108928
45530751	4311744513
44711031	2147484674
3205335	1074823168
42518523	57344
75777123	561152
20962803	1085440
42608271	8425472
30777735	2164260866
43103343	150995072
54445287	4296048640
47951031	4295491648
47298495	83886081
2250831	1610613248
5746467	1085440
11158239	1073778688
32369223	327681
61906359	1085440
17671287	2147487746
32255175	37120
31868967	134250504
51342015	1610613248
71424507	1610612992
3981315	134250497
37069167	4311744513
78733299	83886081
61107375	65539
81500907	671088768
23629323	1610613248
32232495	331776
45248223	1073745921
69981735	5368741888
12265995	671092736
9438123	2147487746
30316035	1610613248
31722195	1610613248
31067067	4295000065
628887	1610612992
66962379	331776
146451	536907776
1121043	1610612992
67911375	1610613248
74961291	4311744513
37923231	4311744513
176583	4311744513
20737623	1610613248
56331615	36865
46287615	2147520512
41819007	1610613248
14735847	32833
5503791	1610613248
63150843	2147520512
56811459	134217860
19845975	1610613248
47319231	4311744513
68641023	53248
62543991	1085440
75271035	1085440
67626579	671088768
34683555	4295000065
46308999	671088768
72064407	1074266176
55948647	4295004160
12041787	134283265
487299	134250498
52627647	1081348
46384167	671088768
1787511	4362076161
63721407	2147520512
43024935	671088768
33353535	16781313
28362639	1212416
37882083	16418
10213779	1610613248
65605467	671092736
50166219	65553
22938879	2181046272
53955723	1081345
72072507	4362108928
4490319	1610612992
31978803	83886081
33903687	671088768
26317551	4328587264
52332807	1610613248
31862487	2621442
26467887	1085440
40448487	321
4668519	32833
70979655	4311744513
43058955	67141664
17161635	1610613248
47831799	671088768
75966663	671088768
30512055	75497473
63499467	4311744513
69665187	67141633
77329407	1081348
27384159	1610612992
79973571	1074823168
35745951	4311744513
53877639	671088768
39459963	1074298880
48612315	557120
38173359	201326593
17015511	2147487746
34116879	1610612992
15791763	1081345
59683719	2147520512
37194879	1610613248
62992407	67141696
13267155	5368741888
60416607	2147520512
55755867	1073774593
2284527	4295000065
32957607	1073905664
27242247	83886081
13159911	16809985
76405359	327681
55937955	134217860
51207879	1073746176
64299747	1610613248
27513111	67141696
1001163	2129921
28492239	1140883456
66402183	36865
68867823	4311744513
56962443	1610613248
61449195	3221229568
4082727	36865
22291527	83886081
25498803	671092736
47870031	2147520512
1051059	3221229568
5399787	135299072
37847415	4362108928
32321595	4311744513
6425247	1085440
81473043	3221229568
43293531	1090519041
42380499	4362108928
20988723	1610612992
53504391	1073774593
35364927	1073746176
41636919	4099
48628515	1073774593
49366587	36865
13170603	40961
78545703	2147520512
61794579	1081345
31223235	2147553280
3035235	16780288
10990083	2147520512
31485351	36866
78665907	1090519041
2723547	1610613248
11832159	41216
6310227	134217733
37009875	2147520512
11558055	4295000065
18968259	150994945
57430299	1610613248
4096011	3221229568
581583	1610613248
41152539	4295000065
41569527	4295000065
68901195	4295000065
326919	36866
29130519	16777473
6113559	557120
65084799	28672
52493835	1082163200
26893947	67113024
7472739	67141633
7450383	134217733
35231115	36865
24098799	67141633
34009959	321
49545111	4295004160
31420227	1081348
74339859	671092736
37341327	4329046016
6412611	1085440
35776407	4311744513
72431499	17301568
54016311	671088768
12402723	1610612992
2482815	2147487746
30819855	67108929
16361031	1610613248
50791863	53248
81696603	32773
74909451	2147520512
40000719	4130
54003675	1610612992
58062423	1610613248
79286043	1074823168
18785199	37376
41067651	1107329024
78859659	4311744513
31404675	800
40103751	2147549186
4202931	524354
29150931	4328554496
22162575	1610612992
28430355	1140883456
75186795	1073778688
5715039	671088768
26901075	137216
57693387	1610613248
48701091	134250497
26323383	4311744513
35649399	4311744513
44297283	671088768
4631259	4362076161
26863167	671088644
54492591	528386
37629039	2147520512
69835611	16797696
70727907	1610613248
32253879	16777281
58989063	2147520512
70808907	1073778688
34753539	1610613248
57354483	36865
4184787	57344
61004019	32833
70125591	2147520512
41972259	1610613248
14304603	16781313
75227943	5435817984
1305399	1610613248
47165331	671088768
72298011	4296048640
67015191	1610613248
44585967	671092736
34638519	4295004160
40006551	671088768
71268987	1174405120
17908131	8421377
58815723	1610613248
46558803	4311744513
48821943	1081345
1979643	2147520512
42646827	1610612992
32023191	134217733
4929663	561152
76476315	36865
77142459	1085440
52367475	16781313
7485375	1610613248
48519651	37376
69612375	4362108928
41885427	67141633
61305015	3221229568
32881143	1610613248
19913691	167936
47052579	1610612992
62700483	331776
1185519	34078784
64716735	671088768
69448107	1610613248
65554275	83886081
77303811	536870918
58529631	2147520512
7371003	1085440
37722027	1081348
66212643	37120
65555247	1074823168
33699567	671092736
14042811	671092736
23846403	2147487748
15899655	83886081
67691379	1082163200
44741163	671088768
24444183	671088768
20670879	2147487760
64605927	36865
30876555	1610612992
69636351	671088768
989499	134217733
80286879	36865
14227491	1610612992
31930851	4311744513
51075687	2147520512
35230467	4362076161
46599951	2147520512
63747651	163841
13713951	1610613248
66713547	4311744513
79095855	2147520512
64540479	1073778688
3721467	134217733
60088719	4328554496
60411747	2147520512
41963511	1082163200
27827067	4429185028
9765687	150994945
51332295	17301568
76168515	1610613248
59896587	32802
38764983	1610613248
47508447	1610613248
18016995	1610613248
75139167	4294971393
67063467	1081345
23914443	1073774593
33115719	57344
57410211	1610613248
65774271	83918848
18424911	1610612992
80569731	3221356544
3640467	1610613248
63535431	16809986
6499443	671088644
68509155	327696
80294331	3221229568
78483171	671088768
70437927	2147487746
13402911	40961
48737379	83886081
25944627	16814080
6362067	36868
5565351	134254592
63969267	1610612992
75231183	36865
3037179	4295000128
16170843	1610612992
33606903	50
3872451	1610613248
28142319	1074823168
78128067	1610612992
28573887	4328554496
1515675	1073778688
25195539	1085440
19896519	37376
11731071	2147516432
50527155	4362108928
24993687	1610613248
57711855	536872964
10281495	2147520512
39850383	4362108928
75422343	671088768
65360199	1073778688
51154095	4311777280
45015591	1610613248
23229831	2148012032
39734067	36865
52498047	36866
39153783	4295000065
63500439	36880
71886207	671088644
12420867	671092736
19016211	150994945
37684443	1074266176
61390551	1081348
10218639	4295004160
7618539	1610613248
14812635	1081856
22618443	1085440
302619	83886081
68624823	1074823168
80099607	1610613248
38772435	57344
63203007	4311744513
15769407	83886081
53976135	1610612992
52149099	524354
33982095	2147520512
55922403	671088644
50112111	1610613248
65958627	4311744513
28709643	4294967361
69966831	1610613248
41272419	67141696
43458447	2147487746
27785271	1610613248
25302459	33025
50139003	1610613248
67477863	4362076161
35216211	1610612992
47653275	1610613248
40441035	536870918
1075035	65602
33091419	1085440
71587479	1081348
1090911	1081345
69789279	1073778688
46405227	1610612992
52336371	1082163200
23671119	114688
40363923	1081345
13048455	1610613248
4586871	1140850689
58657935	1081348
27766479	2654208
55859223	1610612992
25969575	1610613248
38858295	1610613248
54993819	37120
12206055	36868
7603635	1610613248
61654611	1610612992
8344299	524353
17247819	16809985
31325295	1081345
75756711	1610613248
53465187	2147520512
46460307	67113472
80108031	1610613248
35247963	4295000065
5634039	4362076161
74456499	16912384
80203287	1081348
57961011	1085440
11710983	1081348
73529211	1081348
19478235	2148012032
65805699	1610613248
36188859	2147487746
4006587	2147487746
78209715	36865
8511807	536907776
55351191	8392706
73428771	1212416
9666219	1073778688
22705923	134250498
49017315	671088644
53852367	4130
66764739	36865
5476899	4362108928
55409511	1073762304
78701547	1081348
78515895	3221229568
27181659	2147520512
39033903	1073774593
38966835	671088768
57244647	671088768
34790475	66576
5734155	1610613248
78989583	36866
60312927	53248
14353851	1610613248
43058631	134217733
68211723	83886081
1810515	1074069504
20701659	1610613248
55290279	1610612992
63771951	671088644
71759199	671088768
41182671	4311744513
5238435	66564
68896659	134254592
76655811	1073778688
68426859	1610613248
6433671	16809985
10968699	331776
8103	134742017
1787835	1610612992
8374107	1610612992
77479095	1610613248
225507	1610613248
77916819	2148073472
13818927	1610613248
51507579	5368713216
1486191	1610613248
53235147	1073778688
77777175	4295004160
19328223	16809985
64219071	37376
393663	2147520512
8662791	37376
36954471	36865
67623987	134217734
51090591	1610613248
1145991	16814080
11542179	2148012032
14756259	32833
72805071	1074823168
50445507	36865
19661619	1610613248
1143399	1610612992
19209963	67141633
78634479	36865
31412451	800
57187299	2147647488
2329563	102400
43268259	1073775104
80126499	1073775104
43201839	16781313
48273087	1610613248
6046491	16912384
1148583	331776
5591271	2164264960
60884139	4161
41529999	1074823168
49351683	1081345
27115563	536903936
69411819	4311744513
34263327	2147520512
33910167	4295004160
31415367	800
690123	2147483682
81094287	36865
8157351	536903936
79360563	1081348
71329251	2147520512
28319871	5435817984
2835327	2148012032
58589247	2181070848
79806711	16777474
80686371	4295004160
11948151	83918848
21065511	4311744513
40507131	1610613248
66618615	1610613248
4950723	83918848
1073739	133122
32011203	2147520512
65680635	2181070848
68305035	1610612992
66929655	16789504
3166131	8392705
75741483	3221356544
23680515	57344
80622219	2147520512
79861143	1073778688
15386115	83918848
57210303	528448
5325591	20482
26102091	671088644
44813739	2148012032
21760491	134254592
14096595	37376
738075	1610613248
26005539	4362076161
28005591	32833
79235823	3221356544
64341867	1610613248
33566727	2147647488
65224767	1074823168
27012207	671088768
174639	9502720
18108363	4295000320
21179235	1610613248
68537019	57344
1151499	4362076161
35310819	1085440
53943087	36865
81137379	1081348
52318875	1610613248
53846535	67141633
20966367	1107329024
49747287	1085440
43236183	2147520512
1470963	2147489792
7332447	1058
60108807	83886081
22384515	2134016
68189367	1610613248
78106359	671088896
65625879	1073778688
68804643	134218753
26006835	4362108928
56366931	1342193664
36413391	150994945
27734079	201326593
23526291	1610613248
39708471	134218241
76149723	1074823168
57623403	1073766400
44894091	1073774594
21217143	36866
36538455	67141633
25498479	1610613248
25417155	1610613248
51142107	1610613248
12514503	4311744513
52808115	37120
53593167	134221825
27039099	1610613248
34490127	32771
14790927	1082163200
29679699	1048610
15318399	37376
34150575	4295000065
52677867	1085440
7452651	2147520512
78201291	671088644
32807595	1081345
12911727	671088768
59076867	1610613248
30320571	1610613248
20435979	2147520512
74261775	1610612992
70445703	536903936
6524715	561152
15079611	1081345
54194511	1081345
41226411	36865
38014923	4295004160
46514091	1610613248
10907139	4362338304
31834623	2147524608
23285559	36865
28452711	1146880
22351791	1610613248
32338119	1610612992
43891959	1085440
31204119	67112961
56651079	528386
53185251	16809985
1528959	135266308
71870007	134217734
54516567	4311744513
73420023	37120
1906419	2147483682
61278123	2155876352
52324383	1073778688
31449387	1074270208
24078711	2148012032
15459663	201326593
61291731	1081348
68796543	53248
75946899	1082163200
46310619	536903936
11816607	1073758209
27878259	1610613248
38497683	1610613248
543675	1610613248
32831571	32864
27397119	3221229568
27374115	2147618816
56328699	4362076161
80466051	67141633
40592343	671088644
67683927	1081345
77181015	1610613248
17714703	1073745921
53227695	1073778688
8855895	40961
17318775	2147483682
57060291	671088641
45567363	2181070848
23730411	2147487746
49401579	1610613248
50871	134742018
54287823	1081345
29381295	1610613248
45414435	331776
23882691	1610613248
66325071	16781313
38568963	2147520512
22993959	1081348
43294503	1074823168
26220675	1610613248
8948235	2148012032
67440279	1074823168
51820887	1610613248
8726943	2147520512
49539927	1081345
47289747	67108929
33815883	150994945
9034095	34619392
55533927	16912384
28731351	134217733
3390663	83886081
73269687	8421632
76143	53248
37192935	36865
75971523	2147520512
33695679	4362076224
6343923	1610612992
79379031	1081348
36003531	1610612992
48504423	4294967361
56815023	3221229568
24517407	2147520512
3169047	524354
66346131	196612
696279	1081348
58813455	2147524608
18057495	299008
40547955	70
51853287	4362108928
37954983	671092736
43304547	290
73523055	1085440
34613895	1610613248
27065991	1610613248
5397843	2147487760
35584923	1610613248
12608139	134221825
43658031	536870946
787971	33284
63756723	1610613248
44575599	671088768
8976423	137216
14797083	1048836
43143843	4294971393
60894183	1610613248
66948447	1073745921
45026607	83886081
62698539	16809985
69393999	16781314
29054379	53248
13914183	2148012032
81573159	1082134528
60210543	671088768
40413171	671088768
150015	268568576
63140151	536872964
3796311	6442455040
58657611	2147520512
5137023	1610613248
26309127	28672
50243979	37120
66158535	4311744513
48927	1610612992
79252995	1610613248
1179039	2147520512
21475695	1610613248
26168835	4311744513
62271831	2147487746
68475459	1085440
37330311	268568576
39214695	2147520512
71227515	2684358656
62139963	1342185472
46369911	4328554496
76259559	1610613248
17923035	1610613248
12898443	671088644
60797631	67141696
47558991	671088768
52583583	2147520512
4553499	2148012032
41501163	2147487760
674895	1610613248
12197307	36865
39649179	2147484674
63208515	2147487760
40196739	1610613248
10461639	3221225474
17628519	1610613248
2864163	1081348
23619279	36865
165567	1610613248
71992803	40961
37327395	1074069504
64795791	671088644
7112127	1610613248
55521291	1610613248
13587267	4362076161
7475979	2147520512
73751151	1074266176
76588743	17334272
29800875	137216
26070015	83886081
75510795	37376
10774299	522
65826435	4295000128
24577671	1074270208
8539023	1610613248
18808527	32833
32840319	1081348
4902447	4362108928
2526879	1610612992
20735031	134250500
58776519	2147524608
27608367	1610613248
68188071	3221258240
75534123	4294971648
44132043	671088768
60203415	67141633
41836179	1073778688
29427303	150994945
40241127	37376
1422687	1085440
2616303	36865
3949239	1073778688
66424863	1085440
1724655	1610612992
436107	327696
81383943	1610612992
32987739	36865
36275691	4295000065
14216151	2101504
31713447	1081348
57290979	671088644
5749383	8425472
14626659	1610613248
36375807	1610613248
41673855	1610613248
12913671	671088768
56950779	16843776
15439899	83886081
63170283	163856
23645523	671088644
67910403	536871680
54024735	4106
29546535	4295004160
71755959	1610613248
16851891	671088644
12181755	671088644
30019899	75497473
12178515	671088641
7186647	1115136
76288071	1610612992
11493579	16912384
47884611	1081348
35554143	8425472
12213507	67112961
43863123	17301505
25010535	36865
33806811	1610613248
4931283	1610613248
56346195	1610613248
18538959	32833
5029455	24580
15534183	1081348
62723163	4295004160
65049807	536875264
51195	135299072
1012503	4130
12389439	67108929
925671	671088768
26172399	671088641
39560727	4362108928
72057927	1610613248
69966507	1610613248
27094503	671088644
53430843	2147520512
64784775	2147520512
33188943	2147487776
46502751	671088768
23672415	4102
57431595	1610613248
52643847	53248
48430875	671088768
18831531	4295000576
49958535	33536
61370787	4311744513
48877023	1081345
71786739	1074266176
9273207	67141633
56586927	1610612992
17368023	4311744513
64198011	524354
59086263	4362108928
36376779	36928
58434375	70
27803739	36866
60215079	1610612992
70281759	1085440
26874183	65570
24561471	14
43786983	5368741888
56784243	1610613248
80867811	1610613248
37032555	1181696
55056999	331776
43301631	1085440
77307699	671088768
26865435	3221258240
19087167	1085440
71734575	2147487746
32345895	536871680
65413659	1073774593
38210943	3221229568
17874759	4311744513
17611995	2147520512
76067103	4311744513
26107275	4295004160
68599551	1610613248
70170627	36865
15492063	67141640
77412027	1081345
876423	327696
65953767	1081856
62879007	36865
58108431	1610613248
72021963	134254592
10648263	57344
23889171	150994945
46844247	671088768
25651407	671088768
43239099	1610613248
53648571	1610612992
21821727	16809985
77414943	65553
521967	4362108928
54267411	36865
54484815	1085440
58017063	2147520512
8658579	2147520512
48662859	1085440
75213363	1610613248
17784363	1082130944
1191351	134479876
27823827	1610613248
56059455	1081348
36760719	1610613248
15899331	135299072
45441003	1073750528
8731479	1610612992
53281479	671088768
12847251	2147520512
19599735	1610613248
50004543	1081345
59591703	671088644
15548115	16781313
17115627	1081345
13479699	40961
25766103	671088768
80937147	671092736
31185975	2147520512
25813407	1085440
32812455	5368713216
55270839	134254592
9494823	69
65756775	671088768
29561763	69648
637311	17334272
38834967	53248
74710839	1610613248
24227427	1610613248
59867751	4295000065
67725399	1610613248
21315315	1074823168
72092919	36866
81701139	134217985
75842247	1074823168
61068171	1610613248
65354691	36866
57566055	1085440
21125775	4362076161
30498771	4294971393
14425779	3221229568
26064507	40961
12743895	4295004160
47259615	671092736
71454963	3221229568
13044891	5435817984
27233823	8392736
19883235	67141633
54679215	1081345
10568559	200
30154683	671088768
30246051	83886081
57445527	201326593
41918475	1610612992
57666171	4362108928
42785175	1610613248
2517159	36865
78941307	36865
33467259	1085440
53359239	1073778688
7417011	1074823168
68239911	1610613248
61276179	36865
72692967	1081345
33477303	2147520512
71660379	2164264960
13399995	2147520512
47782551	1085440
18072075	1073778688
77747367	16777282
37868799	1073778688
63250959	2147520512
37888239	17334272
37627419	4295000065
52376547	1610613248
717015	134221825
78213603	6442455040
682995	36896
27670575	4296048640
61876875	16781313
68034171	36865
74657379	1073766400
51416535	36865
485031	70
33140343	4362108928
39147951	135299072
39252279	671092736
24421179	2147520512
21268011	1610613248
1115535	2147487746
7647051	4609
996951	786496
54506199	67145728
56462187	150994945
55867971	134250500
66871335	1610612992
49747935	1085440
28185087	1610613248
43021371	16814080
58679643	671088768
74264367	4311744513
27847803	4295000320
77273679	1610613248
61212027	150995072
127011	67141633
7915323	1610612740
17089707	1085440
18764787	1610613248
12902331	1610612992
79046931	1081348
48608751	1610613248
56896347	671088768
58530603	67141633
74391699	671088768
34907115	1610613248
39727911	2147618816
16390515	17301568
44010867	37120
28101171	135266308
17879295	16810240
68410659	1081345
35657499	36865
67447407	134217858
39075375	671088768
5826171	1610613248
64401159	36865
25056543	1073745921
7113423	40961
12662895	671088644
63438555	4362108928
28944219	671088768
15893499	1610613248
13101591	4294971393
12026883	1073778688
1597647	1610613248
54561927	2147553280
68209455	1073778688
44128155	1090519041
16398939	1610613248
64934787	1610613248
23290419	2147520512
13484883	2147520512
42853215	4311744513
643791	1610613248
58569159	2147520512
8307687	1081348
64564455	671092736
12193095	1085440
70687731	2147520512
80022495	1073778688
34139559	1073778688
9103431	2147745808
17782419	2147520512
1138539	135266308
76128015	1085440
28184439	1085440
80623515	1085440
13168659	1610613248
58467423	1074823168
359643	134250497
65304795	4328554496
61296267	134250500
3368631	36896
36855327	36865
64565103	1610613248
60473307	1610613248
56386047	1073778688
28128711	201326593
40747215	67141633
71380767	16777281
42123	65570
74405307	28672
2120259	57344
60949911	4294971393
41251035	1610612992
11739495	17825796
54293007	4295491586
36434127	2147520512
59421927	1610612992
27831927	16779520
47762787	32834
18329007	83918848
49077255	5368709184
72371883	1074823168
41050479	671088768
14067759	1610613248
15154131	4311744513
21834039	1610613248
59205171	1048610
75533475	4295004160
17229351	3221229568
11318619	1610613248
68324475	1081348
17454855	1610613248
42781611	1610613248
58460295	1610613248
75554211	1610613248
38181135	4311744513
75800775	1610613248
64315299	4311744513
4328643	1085440
74982027	16777730
54028947	135299072
67866339	1610612992
620463	36865
20987427	57344
5549799	2147520512
72474267	1073766400
2853471	4311744513
19934103	4395630592
4117395	1610612992
60964167	3221229568
58085751	37376
56130735	4362108928
49682811	4328554496
47635779	67141633
38512911	135184
8098707	1610613248
3641439	36896
36674535	4294971393
29549127	36865
81049575	134479876
36384555	67371009
67748403	57344
46994259	16814080
57884871	1610613248
615279	4102
13128807	561152
38699535	671088644
17804451	36865
3898695	16777221
65204679	1610612992
80006295	4311744513
69346371	1610613248
22149291	1081348
18914799	1074823168
23340963	32802
77803419	671088644
49603755	4295004160
34401675	671088768
18218199	1085440
32695167	67141633
563115	57344
66339327	1212416
54376275	1085440
11705799	1073766400
31621431	134217733
36943779	671092736
54649407	3221229568
16560939	671092736
80186439	1610613248
17386491	36865
50904939	2147614976
77160927	671088768
23545731	100663298
33883599	2147520512
14739087	16781313
28816887	671088644
6992895	86016
12865719	2147520512
63905439	1610613248
11774487	67141633
49296927	671088768
56348787	57344
24181419	1610612992
41078667	1610613248
69623067	671088768
73687971	536875520
58900935	4311744513
14499003	4362108928
3078651	2147487746
67649583	4130
43194387	671088768
31498311	1085440
986907	134218753
12942507	67141633
3241947	671088641
46634943	150994945
4845423	1610613248
2226207	1610613248
75156015	1610613248
20860743	16809985
52351275	2147520512
12925011	671088641
18553539	671088768
62784723	1610613248
18891147	1610613248
76753983	1081345
69015	32786
67144791	1082134528
36226119	8425472
61585275	4362108928
38762715	1610612992
43706631	1610613248
69955491	40964
45639939	36865
57207711	671088768
15479751	75497473
7941891	4311744513
25147911	1085440
62471091	37120
27805035	2147487746
63596991	4295000320
36768171	16912384
70135959	36865
76098207	135680
17560155	524354
44310243	2147483714
17102019	16809985
50334699	1610613248
7540779	1610613248
60870855	32833
93639	134250497
50926971	83886081
30625779	671088768
31416015	800
5488239	1610613248
27027435	2147520512
61893075	4311744513
74886771	4311744513
65388711	37376
72461307	32802
40846359	138
8610303	4362076161
40601415	67141633
57553743	4362108928
72372855	1074069504
28753707	83886081
6869775	1073778688
40220391	8425472
10681635	4328554496
1064667	1610612992
40423863	67141633
18263235	671088768
52199319	4295004160
70621635	671088768
76249191	134221825
31810323	32834
55808031	4353
59602719	1085440
7167531	16912384
58363419	1610612992
71556051	2147520512
18641991	32802
46907103	67141633
60590919	36865
36983955	671092736
70422051	671088644
23255751	53248
37841583	5435817984
27372819	4311744513
7141287	1610612992
9117687	2147520512
74111763	36866
26487975	150995072
27447339	1073745921
5885787	1141112832
38648667	196610
59695059	1085440
14839527	1085440
37623531	4311744513
50042451	8425472
24137031	36865
42920607	528448
40315971	2147520512
61929039	36865
1496235	67141633
506091	1610612992
41023263	2147520512
54950079	16781313
48893223	2147520512
709239	32834
8941107	150994945
77452527	1074823168
76235907	36880
1194591	2147483682
44494599	36865
36361875	143360
22732491	134250497
27305427	1610613248
10402023	2148012032
63866235	2147520512
6551607	67112961
38798355	53248
3055323	1610613248
126363	67141633
64691463	269484544
14631519	1610613248
21269955	1073745921
17280543	1610612992
74278623	671088768
32072115	4102
22579563	671088644
65195607	331776
52480875	2181070848
12844335	528386
18049071	524864
36161319	1610612992
2378163	1610612992
72480099	1073778688
28054839	4296048640
57676539	1081348
79452255	4362108928
31450683	4311744513
1750251	4362108928
71226543	16809986
81405003	561152
8855247	1610613248
33194775	36866
59342547	4362076161
12427995	671092736
70680279	17301568
55499583	1074069504
24008079	201326593
2833383	1610613248
54236307	1610613248
70002795	8425472
56888895	528448
77286963	671088644
75547731	1073778688
129927	134250497
3549747	1081348
62024619	67108929
1804683	4362108928
37466715	671088644
69662271	2147553280
46624575	1073762304
18617691	83886081
22182663	671088644
9058719	167936
38094627	2147520512
76469511	2147520512
36663519	24577
64361631	67141633
32055591	53248
38343135	2147520512
46983891	671088768
1859115	1610612992
60905199	1081348
48370611	1140850689
56512407	4295004160
50246895	1081345
860223	2147520512
48575379	67141664
2987931	524354
54458247	1610613248
66909567	557120
53567895	1085440
77300895	1081348
23600163	4362108928
63945291	36865
10803783	150994945
31555011	6442455040
68632923	1207959680
9449139	67141633
28725843	83886081
79570191	37376
34021299	16809985
70923279	561152
17421159	4099
75834795	36865
76683351	2147487760
34341087	1140883456
4908279	2214596608
31067391	1073745921
56794287	1610613248
17322663	2148012032
45672987	36865
57534627	1610613248
36966783	67108929
42244095	671088768
37365627	1610613248
7455	671088641
62687847	1090519041
54317955	1610613248
1568487	6442455040
24075471	201326593
12440631	201326593
29581851	201326593
66409959	2147520512
5640519	2148012032
55333371	1074823168
32450223	36865
7023999	1074823168
20108739	4311744513
25137867	327681
54215571	4362108928
77454795	1074270208
66248607	201326593
71976279	1081345
28822395	36865
53461623	4130
56699355	67108936
15949551	83886081
77451879	3221229568
3964791	1081345
1553259	1081856
70467087	1085440
49631619	1073745921
74621091	57344
20280783	1081345
24642471	1081348
138675	4295000065
34775571	1073746176
15289887	1610612992
67700127	1610613248
1298271	1085440
38286759	1081348
44438223	1073746432
81451983	1081348
59265111	3221258240
5750031	1085440
56270379	1610613248
70542903	36865
80869755	4130
69093651	1610613248
24010671	134283265
77645631	262149
53065371	2147520512
20680599	2134016
14706363	16809985
74028495	1610613248
36287031	1081348
68868795	1610613248
46658595	671088896
67104615	4311744513
50463975	1082134528
44197167	4130
6306987	557120
138999	67141633
42245391	142610432
81179823	1073778688
80603751	8425472
56205255	1610613248
63311871	2147520512
2274483	4362600448
2621487	2147520512
14624391	671092736
141915	4102
33927015	671088768
70228623	671088644
62393331	1085440
45714459	36865
261147	1073778688
78939687	524353
81324327	3221229568
31151307	4362076161
423471	1610613248
7272507	1610613248
54763779	37120
37509807	4362108928
69638295	1610612992
68289159	671088768
33315303	1610613248
44647527	32802
24387159	327696
11872335	4362108928
15444111	196624
67161963	1610613248
25066911	1085440
47986347	4295000320
20546787	4395630592
51519	4295004160
43381659	1085440
75089271	37120
6800115	2147549185
41585079	143360
31135755	4295000320
31387827	800
722847	2148012032
28853823	8392736
63080859	4295000320
72159015	16814080
66331875	16809985
26423823	671088768
73540875	1610613248
5986875	17334272
29645355	671092736
1326783	1610612992
28024059	1085440
55380999	2147520512
1144695	134250497
56172207	1610613248
13700019	1610613248
2549883	561152
40579059	2147520512
15068595	4295004160
36924987	4295000065
54935499	2147520512
30831519	36865
60545235	1610613248
75284643	1085440
72005115	67141633
37840935	1073778688
17634999	4362108928
62225823	37376
69665511	67141633
31913679	1610613248
59059047	4362108928
67623015	4295000065
72182667	536903684
3490131	20512
26034375	36865
58208547	150994945
51465135	1610613248
65526735	1610613248
79996899	1081348
43586427	2147487746
77193327	1610613248
67743867	5435817984
5994327	4295004160
68591775	36866
5849175	1610612992
4093743	561152
19403067	518
36415335	16809985
36704991	150995072
40618263	1610613248
58598967	2147487760
71816223	561152
65543907	671088768
38211267	671088768
80683131	1073778688
39606087	69633
1585983	34668544
61781619	1081348
50488923	1085440
49034811	671092736
449715	1085440
19520679	150994945
26441319	4099
36674859	1085440
36279255	1073778688
31846287	2147487745
25959531	1085440
37352991	196610
58082187	135266308
27960231	37120
21654219	1610613248
46396803	37376
63086043	1610613248
18924195	150994945
56954991	201326593
49219815	1085440
15868875	17858560
33510351	4311744513
76348659	1610613248
1629399	101711872
54267087	1610613248
27055623	36865
62029803	83886081
75991611	4311744513
59226555	1081348
51431115	134217733
59870667	1610613248
16591071	1074266113
51538359	1610613248
3493695	1610613248
50507715	671088644
43756851	36865
934743	1081348
69165903	4362108928
17579595	16814080
58877931	2147549200
43312647	4295004160
2984691	1090519041
8113611	2147520512
9829839	671088768
49512063	671088768
43178835	671088768
52096935	36866
46725015	1610613248
33091095	16809985
6388311	1073745984
72220575	1140883456
36819363	16814080
18664347	5435817984
79594167	1073778688
43230351	1146880
10018731	16777282
79426659	671088641
65593479	1073762304
24033027	1610612992
34314519	671088644
47786115	32802
12292239	84410368
49229211	2147520512
64092711	4328554496
31394307	800
39220851	196610
24036267	671088768
6537999	17334272
39232839	1610613248
22832607	36865
39292131	36865
26151663	536875264
30155655	2625536
10093575	2147520512
38178867	2155876352
23610207	2147520512
69680739	67141633
38124759	36865
54358779	671088768
43749723	2147487745
79561767	2147487745
4499715	4362076161
24053763	2147487746
14628927	83886081
69865419	2147487745
78219435	671088768
66182835	16809985
77710755	4311744513
46610967	16814080
65369271	1610613248
1351407	1074823168
28135515	36865
50038239	671088768
47014347	4311744513
19829775	150994945
18655599	150994945
57042795	3221356544
16226895	201326593
44126859	1610613248
55228071	4295000065
37252227	671088768
55775631	1081348
53452551	561152
23231451	3221229568
18232455	5435817984
35801679	8392705
74621415	1073778688
46305759	1610613248
62831703	1610613248
62724459	1140883456
27152823	1610613248
55802523	1610612992
9800355	135169
32833191	36865
24568275	1610612992
21692775	114688
24083571	1610613248
1890219	4362108928
38195391	1610613248
48171999	36866
31517751	561152
59704131	134742080
59226231	36865
47742699	1082163200
10223499	1610613248
31713771	671088768
61806567	201326593
48518031	8421377
58361799	16912384
77173239	1610612992
15181995	671088644
554367	1610613248
56686071	4362108928
48723123	1610613248
33547611	32834
8357907	1610613248
22667043	4311744513
12238455	57344
57695655	1610612992
6327075	3221229568
53163543	37120
17917527	150994945
67192095	2147618816
19629543	2147520512
54985395	1610612992
51191355	4311744513
47526915	671088768
14776023	20482
21306891	1610612992
3685503	1610613248
38496387	4099
63243183	67141633
52653243	1085440
47490627	4362108928
18038379	67141633
54306939	4362108928
28191243	40961
8916159	36865
78424527	1073766400
19253379	1610613248
1238655	2148012032
28468587	50331904
28322463	1610613248
71840199	1073774593
36562755	67141696
43521951	1085440
15178755	1081345
37271991	67108874
33944835	4311744513
14648691	4295000072
857631	2147520512
53592843	1610613248
56934255	1082163200
31613007	1081345
23732679	67141633
50016207	33587712
47214255	671088644
56044875	1610612992
62520339	1085440
27548427	2147520512
68490363	2147618816
11855811	16809985
1462863	65570
254991	2147520512
55251723	1081346
31760427	67112962
78313071	1610612992
73547031	37120
8989707	17301506
1609959	2147553280
80051979	36865
62286411	2147520512
33102759	1610613248
9553791	16777221
27101307	1610612992
52594275	1610613248
35206491	671092736
46297983	671088768
60376755	37376
54480279	1610613248
17210883	4362108928
20873703	671088768
61493583	36866
7065795	1610613248
12327879	1610613248
53336883	1085440
8110371	1140854784
47186067	2147483666
52065831	36928
53093883	5435817984
67205379	32802
81210927	671088644
19928595	2147520512
30188703	2164391936
61521123	2147487746
34594779	1073778688
53832603	1085440
63029019	16781313
71925735	2147520512
4401219	134217733
28978563	17858560
43108203	1610613248
64361307	36865
51261987	1074823168
51550671	16797696
18162795	1074008064
64708959	1073778688
80707755	4353
43858911	1073745921
73669503	2148073472
12906219	536875009
13413279	196610
70686759	1610612992
68634219	67108867
38674263	67141634
67777239	17301568
6643299	201326593
50764971	167936
19684299	16809985
68524707	1085440
19650603	4294971393
67467171	36928
24599055	16809985
30641007	36865
31412775	36866
35798115	2147520512
60713715	201326593
10581519	1085440
16427775	135266308
40537911	1610612992
60877983	1610613248
13773567	1610612992
5960631	327696
74323011	4311744513
32653371	8392736
56028999	24577
25561983	1085440
38603307	36865
48414027	671088768
36437043	2147487745
57774387	2101312
70099671	8425472
31059939	201326593
58278207	36865
981723	1074790402
23640339	135299072
40026963	671088768
80106411	2147520512
25594707	53248
53980347	524608
420231	16777250
62306823	1085440
79553667	201326593
59101815	2147520512
48755847	1610612992
69240747	4311744513
65769735	1085440
27255531	86016
46194303	36865
40462095	2147520512
33902715	5368709121
21310131	671088768
68657871	1085440
78647439	1074823168
74257239	1085440
27547779	36865
49644255	1610613248
32837403	37120
19954839	150994945
75583695	37120
76870299	16912384
34886379	4362108928
24642147	3221229568
35593995	67141633
68966319	4311744513
72709815	1610613248
7911759	268444160
81216435	1610613248
36879303	4311744513
71862231	1610613248
61263867	135184
4506519	1610613248
77700711	671088896
3343035	67133440
40787715	671092736
30869751	1610613248
45198651	24608
79337559	74
9868395	1610613248
52329243	561152
81284151	36865
14582595	2147618816
53974515	2147520512
12366111	4362076161
45476319	2148007952
51499155	37376
230691	1610613248
42073995	36865
75028035	67141633
19766919	67108929
9206787	1090551808
36249123	1073778688
77337183	1081348
67662867	1610613248
31892619	1610612992
533307	4102
35743359	16781314
78814623	1081345
58930095	1085440
56033859	1610613248
2076843	4362076161
20487495	1610613248
8165775	1610613248
29996247	1085440
34826439	1610613248
37291755	671088768
61958847	1140883456
60315843	1074823168
4153359	16809985
5019411	1610613248
38816175	1610612992
13525707	553648132
21730683	16809985
68602467	37120
68318967	2147487760
5574099	2147520512
44521815	83886081
58798875	1085440
14769219	1085440
6962439	1081348
24333699	671088896
15413007	83886081
65552979	1074823168
38665515	2147520512
19441947	67108870
14889423	4362108928
22805715	2147520512
4826631	57344
26055111	201326593
79332375	1081348
64971399	4311744513
66353583	1081345
57571563	36865
76512927	671088768
54193215	32834
34056615	1073778688
44095107	1074823168
10865991	2147487760
52685319	1610613248
45093351	1074823168
74412759	2147520512
69161043	1610613248
21206127	671088768
12488583	671088768
4398303	1610613248
22917495	524360
78323115	1074823168
63412959	4311744513
41121435	671088768
70647555	4099
13885671	57344
20631027	2147487746
33716091	16801792
12466551	671092736
21732951	671121408
38407611	1610613248
43738059	36880
37412931	528386
77599947	67141634
17958351	36866
52038939	134217793
59579715	4130
10453539	1073774593
20304435	671088768
35364603	4311744513
42352311	4295000065
61142043	150995072
13324179	36865
20588907	4099
2059671	2156003328
9514263	83886081
2291655	1085440
26788971	4362108928
38960355	4311744513
482439	1085440
2452359	35
16415787	67141633
3583443	3221229568
70311243	4328554496
38423487	16418
31316871	2147520512
2673651	1610613248
6735315	1610613248
30465075	1610613248
26694687	16801792
43380687	16781313
61321215	36866
1251615	1610613248
40844091	37120
52294899	671088768
62983983	3238002688
51621627	1085440
19835607	1610613248
30999351	1073745921
43780179	671088644
6471903	2147520512
46389675	4295004160
46945659	671088768
13814715	4329570304
28382079	201326593
50736783	1085440
41465847	16814080
13840959	671088641
40515879	1610612992
76355787	134217793
48615555	1085440
70858155	2147487746
44771619	4099
71730363	5368713216
4352295	67633216
38586135	1085440
26870943	671088644
3149283	327681
31956123	2147549185
55376787	2147520512
4772523	36865
28037019	2148012032
37371459	196610
21823671	16809985
16671423	671088768
44747967	67112961
5190807	97
27830307	16779520
36632739	672137216
35940675	4294967361
51333591	528448
74047287	2147520512
231339	4294967361
71289399	83886081
60296403	2147520512
28779627	36866
26003595	671088644
575427	2148012032
45439707	4329046016
45706359	671088768
36185619	67108960
30283959	1610613248
24429927	4130
26584851	137216
6814047	1085440
70030659	36865
74033355	4311744513
51127203	4311744513
18099291	2147520512
18517575	528385
38065143	134217864
968439	36866
23635803	671088644
47060355	671088768
74269227	1073876992
38826867	36865
39146007	2147520512
41869875	4311744513
9772815	1610613248
79807683	528386
4135863	557120
14284839	73
50925999	327681
23115135	83918848
10038495	1610613248
10522227	134217733
25854555	561152
30468639	4362108928
55959987	1085440
52707999	671088644
73807851	4362338304
7926339	1610612992
12813231	32833
56185815	1610613248
64081695	17301568
69272175	67141696
28680483	1073778688
73822431	524322
58966383	36865
15808287	1085440
80925807	671088768
41323935	671088768
31694331	1081345
75337455	6442455040
28384023	4429185025
25086999	524353
51171591	1085440
18102855	83886081
67769787	32833
16468275	135266308
42015999	5368709121
43912047	4362108928
43355415	1610613248
25699035	83886081
13720107	67108881
55295787	2147487746
39366975	1090519041
25757031	1610613248
63682203	4362076161
5858571	8392720
45449103	1085440
71480883	16814080
50768535	4311744513
19362567	1610612992
70377663	16912384
21886851	1610612992
71107959	671088896
26370687	100663360
39583083	2147520512
80056515	2147618816
14031795	37376
62878359	1610613248
17263047	518
60972915	2147487746
50365479	1085440
52265415	2148536320
49040319	671088768
6639087	1610613248
70872411	37376
28678539	36896
2515863	4295000576
151311	67141633
42606003	4162
5222235	528448
35635467	1610613248
60711771	671088768
10035255	1610613248
32701323	1081345
73415163	1085440
29856279	1610613248
62685903	671088896
40731015	671092736
118587	67141633
39832239	57344
80214627	2147487760
239439	4295004160
5272455	1085440
78089511	4311744513
61657851	1610613248
79275675	2147520512
41447379	36865
55445799	1610613248
15068271	134217734
41502459	1610613248
58723059	1610613248
27030675	150995072
40064223	83886081
66578763	1610613248
72711111	1073745924
46998795	17301568
4500039	36865
62055075	67108929
76706031	1610613248
58638819	1610613248
63122655	1140883456
76390455	4303388672
60388419	671088644
34882167	32802
40466307	83886081
4906011	1610612992
24565035	70
65949555	37120
62173335	1081348
62137371	1085440
73953327	1081348
77835495	1610612992
31402407	1610613248
3292167	327696
42003039	1610612992
12740007	1085440
76900107	1610613248
34079619	1610612992
32787831	67112962
60019707	671350784
17825511	1610612992
32159919	134217733
3298323	671088641
76761759	2147553280
9035391	33344
77289555	83886081
55940871	4294971456
71233995	671092736
24482415	536870918
72662835	4362108928
58498203	1610613248
67362519	1610612992
9326343	536907776
52981131	671088768
9811371	1610613248
41614239	1610613248
3677727	1085440
44942691	671088644
41230299	2621444
47349687	4311744513
21027927	1074036736
47559315	2147520512
39713331	8425472
386535	67141696
67974231	671088768
52807467	1610613248
41072511	65602
38441955	36865
43489551	1610613248
16889475	4294967361
47794539	2147520512
15525759	150994945
18891795	4102
40044135	4295000065
62850819	1610613248
407919	1610613248
679107	1085440
37206867	33558784
59703483	671088644
81651243	2147487746
41653119	2147520512
33631851	16781313
38227791	577
46839711	36865
50667123	36896
12553383	67112961
22877967	1610613248
23574243	40961
29016795	70
53530311	201326593
49195515	671088768
56900883	1074270208
5825523	671088644
9783507	1081348
226479	2134016
40257651	1610613248
76316259	36865
44182911	5435817984
79183983	35
13146627	1610613248
66183159	32864
50808387	1081345
30672759	8392705
47626707	1073778688
1507575	2147520512
3475875	1081345
79403655	2147520512
68273607	1610612992
64885215	1610613248
25492647	524298
35320215	83918848
21580995	1610612992
68698371	1610613248
66919611	1073766400
16445919	16809985
54576507	36865
21670419	150994945
81709239	671088644
17732199	671088768
25525695	1081345
74617527	1610613248
24047931	671088641
74479179	344064
22067319	2147520512
44082471	671088768
38995671	1140883456
11686683	1610612992
78727791	557120
41602899	671092736
41216691	1610613248
5264679	16826368
2484435	1610612992
60359259	671092736
20814411	2147520512
35318595	1073745921
50689479	33751040
19900083	150994945
18831855	134221952
1200747	1073778688
45448131	1610613248
41859831	561152
56192943	2147581952
72086439	1146880
27699411	671092736
19013943	150994945
43819059	2147520512
79268871	36865
69840471	53248
63487155	1610613248
13899279	1081345
44338107	2147520512
23221083	671088768
3940491	1610613248
3958959	1610613248
39158643	1140850689
59799063	1081348
41905839	74
9932547	36928
32378619	536871680
44829939	1610613248
70793355	4102
51873699	1610612992
19874811	1056772
63178383	25088
30748899	2147618816
77020959	1610613248
5284443	1610613248
40970451	1610612992
31155195	2147520512
6816639	67141633
721875	1610612992
20453799	1610612992
17057307	33652736
26782167	2147520512
29476227	2147487746
52014963	1081345
80587875	1610613248
31919835	4362108928
32834163	2147520512
77001195	33591296
24716019	2147520512
1681887	32833
55571835	16810240
9354531	1610613248
49264851	36865
74911719	3221356544
57247239	2155876352
14870307	518
43478535	1610613248
30774171	1090535424
63136263	1074823168
28493535	1610613248
61099275	2147520512
57423495	1107296768
9580359	32833
62485347	1610613248
5805759	1610613248
43707927	671088641
6564891	1074823168
899427	3221291008
78593655	4311744513
71048991	70
81156819	1081345
39655983	8425472
15148299	1140850689
3570807	577
65066007	1610613248
30721035	1610613248
55632747	4362108928
6897963	136318976
5850795	4311744513
77079279	17301568
40199007	4295000065
11097003	4311744513
4358451	1085440
79354407	4311744513
30945891	5435817984
34399083	1081348
36135399	3221229568
3353079	671088768
21522027	150994945
37039359	4311744513
69857643	134217857
8694867	1082134528
1192971	135299072
21759195	1073778688
79998195	1081345
32345571	671089152
66298179	1610613248
78600459	1610613248
20015427	8425472
32852307	3221229568
50409867	2147487746
11041275	1610612992
14913723	150994945
42441411	16781314
67782423	1073778688
44465439	2164264960
71275467	268455936
44593095	4311744513
78333159	3221225488
13694511	4099
22473939	32833
11838315	16810496
21536283	1610613248
71233347	1610613248
73212339	2148073472
80268087	36865
80418747	2147520512
32366955	134221825
36641163	327696
25738887	4362108928
35771871	2147520512
65383203	671088768
67465551	1610613248
71494167	1073778688
61317975	1610613248
41801511	1610612992
55254639	671088768
18838983	32833
38777619	536903936
79444479	150995072
2903367	671088768
33298131	65542
61717791	4101
34682583	1610613248
67898739	2147520512
24442887	5368709121
6231495	1085440
40835991	37376
49049067	1610612992
20095455	16809986
46936263	1610613248
11236647	2147520512
22063107	4362108928
2217459	16809985
12799623	2148007938
50901699	83886081
43970691	2147520512
56891811	83886081
32882439	8437760
55958691	1610613248
77875023	67141633
32977695	36865
43330791	4311744513
69160719	671088644
75336807	45056
955803	2147487746
1060779	1085440
68344239	135266308
70106475	1073745921
23862279	1610613248
7460751	4294967361
58624887	1610613248
37920639	1610613248
1661475	134217794
8378967	167936
71568039	4294971393
52618575	1610612992
57766935	2101312
56502039	1085440
2472123	1610612992
1970247	1610613248
53883795	1610613248
29239707	1610612992
1884063	671088644
69012003	16809985
22163223	16809985
14546631	1610612992
24234555	1610613248
16660407	4311744513
7013307	1610612992
61782591	1610613248
3363771	74
4089207	2147553280
32813427	33028
36244263	4362076161
71566419	1610613248
17292855	4362076161
53882823	1610613248
30548991	2147520512
18848055	2147520512
4410615	36880
36543639	67112961
79923675	1081345
27679647	1074823168
62856327	17301568
23590767	1610613248
55268895	4362108928
60323943	67141633
62698863	525056
24079035	1085440
45009759	3221487616
75963099	4353
68390247	37120
72998499	1610612992
61127139	1610613248
23789703	561152
53299623	4311744513
65333631	36865
37034175	67141633
31925667	16809985
36280227	671088768
21719667	134250497
1494615	3221749760
81392043	4311744513
54788727	1074823168
58182951	671088644
78985695	1074823168
78306915	1073775104
56828631	2147618816
45199947	36865
66357471	1610612992
54432651	1081345
20402931	2147749888
79862115	1610613248
77481687	1074823168
71089491	36865
126687	67141633
21079767	4294967553
32949507	4295000576
61389579	671088768
30412587	4311744513
30615411	57344
80325759	1085440
47894331	1610613248
68800755	83886081
28732647	2147487745
21020799	1610613248
50719611	36865
7871907	1610613248
31053459	4102
22841031	17301568
47552187	1610613248
52977243	1081348
28364583	5377097728
10233543	1610613248
2690175	524353
59135835	1610612992
69838203	4295000320
35106375	36866
34691007	671088768
24933747	671088644
28748847	201326593
22431819	1610613248
34937247	1610612992
38621775	1342181376
63494283	2147618816
63511455	150994945
11920611	561152
58170639	4311744513
21273195	671088768
13451511	32833
23682135	3221229568
81143535	32833
43627251	671088768
56108703	1140883456
27042987	671088644
73641315	2147520512
23947815	1074823168
47544087	4311744513
9777027	57344
6227283	671088768
31861191	518
78171807	67141696
66006903	1085440
81265359	1610613248
64335711	16781313
44518899	4362076161
60247155	4395630592
32361123	1610613248
57330183	671088768
11745975	1048836
79619763	36865
10109451	16814080
65664111	1085440
23811411	201326593
55526151	2147520512
33457539	2147520512
80046471	671092736
38180163	4311744513
38627283	1073766400
12388143	1610612992
33260871	2147487746
65058555	17301568
61572315	2147520512
37218531	4295000065
13670211	16809986
8124303	1610612992
40388547	36866
50220327	1610612992
73409331	671088644
55233579	4362076161
62592591	36880
63888591	1610613248
64395975	1073778688
73932591	36865
12477567	1610612992
5613951	67141633
69026583	4295000320
47730063	36865
20964423	4130
31490211	536936452
36451623	67141633
46952787	269516800
328539	1610612992
44158611	2147520512
45028227	17301568
54385023	134283265
38800623	2147520512
638607	70
36057315	2147520512
67259811	4362076161
74342775	67375104
58969623	2147520512
80102199	1073774593
31746819	561152
77154123	1073746432
68335815	671088768
65604495	4294971393
36848847	3221258240
74344071	4311744513
12682983	1081348
57010071	4362108928
22632051	553648129
40306575	671088768
42683763	671088768
14353527	4311744513
38812287	1610613248
29175555	36865
12776943	1610613248
46293771	536871680
3436347	8425472
14831751	671088768
63136911	671088768
54816591	1074823168
32438883	4295000065
43261455	1610612992
57674919	37376
15900951	83886081
48006111	4295000065
56843211	4362108928
64095951	1610613248
71590071	2147487760
14606895	134283265
9326991	201326593
53760027	4294971393
33068091	671088644
35558355	2147520512
68903463	67141633
40664919	1085440
21865143	671088644
28419015	1085440
65799867	67141633
18271659	83886081
39917451	1085440
6048111	1081345
59668815	671088768
55835895	1610613248
30000459	4362076161
40545363	671092736
9603363	2147520512
44560371	67141633
48576027	2147487760
75714267	1081348
8463207	1610612992
42489363	1610613248
22972899	1081345
60676455	1610613248
74472051	2147520512
54434271	4295004160
53406543	2134016
16647771	65554
27187167	1610612992
1042635	4296048640
65185563	1610613248
13051047	5368709121
27596055	32833
63195879	2164264960
3574371	2147618816
81468831	1074823168
38595531	1107296257
23287827	150995072
2858331	150995072
12065439	536875520
24060567	4295000065
12570555	1610613248
59602071	1085440
1267491	1081348
32774223	135266308
51650787	4099
22999791	1115136
62977827	2147520512
54226911	1081345
47401851	2134016
69995991	2147487746
38860563	4295000065
18933915	150994945
101415	1048582
51452175	1610612992
33797415	1610612992
47257995	1610612992
37205571	536872964
44571711	2147520512
50606535	67141633
25371471	8392705
11239887	1610613248
178203	553648384
77555883	1610613248
59378187	67108929
28931907	1610613248
12468495	67141633
62834295	37376
10321347	35
62606847	67112961
52816215	36865
132195	67141633
7903659	3221258240
53931747	4328554496
75669879	1085440
71453991	68190208
54715179	24580
63419439	4362108928
26053167	1140883456
8113287	671088768
72522219	671088768
23247003	1081345
57886815	1610612992
36490827	1610613248
7960035	67141633
16442355	135266308
10143147	16809985
49720719	537919492
80701275	36865
6212055	2147483682
68780019	1610613248
72356007	32836
76415727	1074823168
76692423	671092736
47103447	1074823168
67589967	1074823168
69679767	1085440
79358295	1074069504
47991531	5435817984
37354935	2147487746
6261627	2148012032
2116371	2147487746
34339143	3221229568
69731283	1610613248
68564883	1610613248
28004295	36868
47322795	2147553280
33476979	1081348
14174679	67141633
35826303	2147520512
66126459	1074823168
21788031	114688
79891599	2147520512
22138599	2147487745
52345443	16781313
49175427	4362108928
6069495	671088768
70336515	36865
3023247	16779520
900723	83886081
2151039	1610612992
1558767	1115136
44195547	2181070848
33443283	4295002112
41878947	4311744513
59362311	36865
11823411	327681
22359	1073778688
54709347	3221229568
66170523	1610612992
41583459	1082163200
32288223	1090551808
34425651	36865
31125387	134221825
52509387	70
71422887	671088644
30211383	671088644
39027423	36865
79341123	36880
48963207	67141696
35900499	4311744513
18334191	2147520512
30879795	37376
42165687	671088768
53436351	16777281
21668475	150994945
2247591	528385
63467067	4295004160
61354587	37376
39004743	4295000065
67230327	4311744513
36804135	1085440
21549243	557120
17653467	1610613248
47335755	786434
69644451	36865
56972487	671088768
31305531	671088768
68411955	1074823168
69818439	4099
54611175	2147520512
35998671	1610613248
53107491	134254592
640227	671088896
8888295	1610613248
65741871	36866
51347523	36865
60737043	2147524608
36980391	32802
14614671	1140883456
876099	150994945
32176443	528385
3049815	4311744513
56602479	1074790404
11248311	2147520512
49020555	1610613248
63308307	16912384
31866699	1610612992
53861763	36865
61656879	36865
33445551	1610612992
44526999	1073778688
19118595	67141696
32928123	1610612992
49505907	134254592
43954491	1610613248
36081615	4353
18669531	671088896
63019947	4295000065
16075263	4362076161
50676195	1081345
30757647	1610613248
16127103	83886081
8214051	1081348
11563239	1610613248
76972035	2164264960
5027511	1610613248
54263847	4311744513
28066179	1610613248
45641235	150994945
16264479	524384
70177431	16912384
43354443	1610613248
79034295	2147487760
68719431	1140883456
39044919	4362076161
41375127	1610613248
66499059	1085440
14973987	671088768
25223403	4295000065
76102419	1610613248
14056095	671088768
6082779	2147483682
37178355	1074823168
45379767	2181070848
77882151	16912384
53154147	1610613248
10154163	1610613248
63115203	1074823168
46741863	67141633
23228211	67158016
62468499	1610613248
67257219	36865
32110671	1140883456
48459711	16777250
31463967	1610613248
59592999	1610613248
62381667	524322
58334907	1610613248
11087607	1610613248
17853375	1610613248
33171447	1610613248
8387715	17334272
44451183	16809985
19537851	1610613248
54800715	1610613248
9745275	1081345
21827235	167936
29777223	2147487745
55405299	1074823168
11177355	150995072
80134923	1073778688
18977979	4429185025
16737195	3221229568
74097183	4102
74110791	1140854784
79375791	1610613248
47246979	2147520512
50049903	8421377
76443267	2147520512
57283527	4295004160
69119895	671088768
11313435	5368709121
67018431	2147520512
52628295	32802
46533855	671092736
79670955	1610613248
45681087	167936
25441131	327696
78906963	286720
45240771	36865
32458647	32834
52041531	101711872
70142763	671088768
10530975	150994945
12838827	4311744513
64401483	134250500
48027819	2147520512
810003	2147553280
68236023	1074823168
402087	4296048640
5416311	2147483682
35886567	36865
8273667	201326593
69339	134221825
72067971	2155876352
70549383	36865
70492359	36865
5568591	3221229568
65703639	1085440
19350579	4295004160
60597075	2147487760
17001579	4362092544
35735583	1610613248
78868407	4296048640
69541743	1074823168
931179	1074823168
3190431	65542
52714803	1073745921
43146435	3221229568
52522995	1073745921
63554871	1081348
73931943	2147520512
43050531	1610613248
40523331	4294971393
51914523	1073745921
45315615	134250497
25792023	1610612992
53233527	4362076161
28477011	1610613248
37685739	671092736
63559731	67108929
52928319	1610613248
68760579	37120
45963291	1073778688
2692119	134217860
1759647	1610613248
23616363	4297097216
39795303	2148040704
38945775	1610613248
78393747	36865
81504147	20992
5966463	1610612992
26469831	32833
6423951	671088896
72547167	53248
59729727	1081348
71312403	2147520512
43647987	1610613248
64292619	2147520512
61541535	1610613248
55361559	1073745984
44435955	1610613248
3048195	36865
27855255	150994945
47342559	1610613248
72959295	16809986
15338811	671088641
12207027	1610613248
23028303	1073745921
39899307	4295000320
8879547	671088644
66827271	16814080
56926155	1074823168
62962599	36865
38167203	16777281
51518271	1107296257
53138919	1074823168
60952503	16809985
36081939	4295000128
11648127	67141633
69901707	36865
59807163	1140883456
53982615	1610613248
1783947	4311744513
36612651	1081345
62272803	671088768
21575487	3221229568
9314679	1074823168
62892615	2155905024
77084139	1610613248
68202651	16809988
66503271	1610613248
52969467	1085440
29956395	1074823168
49063647	4362076161
80409675	4362076161
50959371	1610613248
42833127	1610613248
57155223	4362076161
44079555	4295004160
45151995	671092736
62762043	671088768
33346407	2148012032
26463999	4328554496
79376763	8400896
47568387	1610613248
16721967	17301568
69489579	1610612992
45062247	671088768
69437415	37376
67392975	53248
75949815	331776
39384795	134742528
44104179	2147520512
7702455	1085440
20778447	1610612992
20520543	2147520512
60940839	36865
74333379	36865
46469379	4353
59085939	4362080256
42524031	1073745921
56773227	2147487746
40276767	1073766400
15149919	1610613248
68812419	1610613248
14722239	201326593
18484851	671088768
23584611	150994945
76170783	2147487746
77697795	134217985
40357443	671088644
47216199	1610612992
64103727	671088768
23109303	8425472
62588703	4295000080
73133283	4311744513
30862299	1610613248
60817071	2147553280
62902983	1090519041
68989971	4353
54901155	1074823168
56659503	36865
1446987	36928
31555335	671088768
20456715	167936
47560287	4311744513
55339851	83886081
64179543	2147520512
19238151	1610613248
47634483	37376
928263	1074823168
7055751	4353
50592279	2147520512
19983999	1610613248
20925867	557312
75783927	167936
162651	1610613248
39984195	3221225488
25783275	536875264
51556827	32864
40053531	561152
53168079	1081345
34279203	1610612992
477255	1610612992
76780227	150995072
12167823	1610612992
718311	2147745793
50702115	671088768
53768127	50855936
28731999	20512
19855695	150994945
53455791	1074823168
76384947	1610613248
74461035	1140850689
63433371	561152
27834843	1073778688
18948171	1610613248
78154959	1085440
3792747	1082134528
40728099	671088644
81561171	1610612992
19309107	36865
19622739	1074823168
4611819	69648
2487351	2148012032
47541819	1073778688
78213279	37120
56804007	1610613248
35305959	1610612992
53692959	134217762
237819	4294967361
69552111	1610613248
29744175	4294971393
37032231	1082392576
65856567	1085440
59218131	327681
48910719	1081348
20278515	671088644
50009403	24580
42656223	1610612992
65458371	4395630592
35988627	4429185028
76693719	4362108928
65831295	1073778688
21297819	1073742337
9739767	1610613248
35870367	134250504
13732743	67141633
63759315	134218753
76477935	671088644
43775643	671088768
60782403	671088768
44503023	4362076161
14743623	1081345
26842431	671088644
38149707	36896
59872611	8425472
37634547	671088896
31478223	1610612992
27345279	32802
29447067	16777219
50319795	1610613248
20543547	1610613248
48337887	57344
36243291	2147520512
60736719	1610613248
16429071	135266308
54083055	1610613248
48707571	4311744513
12639	25165825
57315603	37120
75375363	1610613248
60040443	671088644
32420739	327696
42285891	16843776
45498999	1610613248
71495463	4311744513
75743103	1085440
44143383	1610613248
49776447	134250497
51132387	37120
71212287	1085440
62247531	1610612992
16513635	1085440
49761219	1140850944
36747759	57344
11565183	2101312
37769007	4370464768
10180407	16809985
18748263	671092736
70931379	37120
16619259	1610613248
63183	1610613248
65703315	1610613248
44148567	671088768
7276071	1610612992
47716131	671088768
27662475	36865
78612771	69648
65064063	1610613248
41740599	1610613248
58186191	4362108928
17654763	3221229568
7559247	32834
14667807	1085440
3241299	4130
10410123	2101250
51186819	67141633
59933523	327696
2381727	1073778688
46644987	36865
31736451	671088768
34810887	36866
73302087	4362108928
81191811	671088644
22346607	2147488000
29751951	16781313
49240875	671092736
62138667	671092736
73358463	36865
58720791	32833
25328055	1140850689
13788471	536871680
75839655	4295000065
46422075	37376
55851123	2147487746
20778771	671092736
39170631	1085440
62700807	1610613248
10935975	1610613248
16514607	2147487746
40933839	4311744513
71346747	1610613248
5831679	1610612992
40280331	3221229568
46387407	4362076161
28785459	4362076161
30984447	2147520512
60245535	1610613248
15097431	1073778688
43477887	2147487745
74098155	67141633
22184283	671088644
47911827	671088644
28041879	3221229568
18873651	1610613248
47452719	4311744513
80810787	1081348
38135451	1610613248
60887055	53248
52453983	74
3579231	8421888
41620719	4295000320
18089571	2147520512
63281091	561152
67572147	1610613248
17469435	1610613248
17621391	1610612992
62994675	36865
67767519	4294967361
910767	772
55454871	1610613248
28259607	4311744513
30732375	1610612992
11452755	40961
62297427	4362080256
38927631	671088768
50042127	1073746176
36498927	671088768
25280427	36866
39148599	2147487745
42509127	557120
26369715	6442455040
68790387	2147520512
57274131	1140883456
3128871	134221825
56435295	671088768
10938891	1073778688
8170311	1610613248
34715631	1610612992
4099575	83886081
61043871	557120
49003059	2147520512
2984043	1610613248
11367219	134250497
14966859	671088896
73593363	3221749760
76873215	1085440
63429483	1610613248
7660011	167936
65440551	671088768
75987723	671088768
72540363	3221356544
6552579	67141633
1666335	1610613248
1256799	1610613248
63274287	4311744513
11308899	1140850689
19621767	16814080
32665683	4295229504
20827371	2148012032
23292687	1610612992
9096951	1073778688
9533379	67141633
74056035	1610612992
60914595	327696
24159711	1610612992
33280959	1610613248
74933427	4311744513
4436211	65570
2001999	201326593
49823751	4296048640
18143031	57344
14976255	2148012032
33557007	4362076161
39201087	2147618816
39955035	8425472
63796575	150994945
29581527	2147520512
68511099	2214592514
78645495	16814080
17830047	1081345
16764411	16809985
41393271	4102
47399907	4161
48136683	1073778688
44919687	4311744513
80636799	1081345
76915011	4362076161
4316331	134217733
10202439	150994945
31505763	16781313
45650307	36865
11744355	1610613248
22180395	150994945
64278687	17301568
8249043	2129921
27025167	150995072
74157771	2147520512
11875899	17334272
70944339	1081348
15066975	671088768
70252923	16389
16467627	5402263552
24481443	1048582
19139007	1610612992
23701899	1074823168
18522435	150994945
41668671	67141633
49591443	1610613248
37024131	2147520512
26683995	36866
55139295	1073872912
52459491	135299072
23418399	3221229568
22281159	3221229568
60962223	1081348
73145271	4362108928
12912375	36865
33844071	1610613248
853743	2147520512
39634923	671088644
78848643	1081345
7354155	36866
59007207	36865
9148467	137216
72307083	53248
79709511	2147520512
28219431	150994945
48723447	1610613248
9014007	3221229568
50300031	6442455040
61677291	1610613248
6202983	16912384
38188587	32834
29129223	150994945
48374823	53248
33970755	1610613248
35107995	1081348
21497403	2147520512
22633995	671088896
34214727	561152
4090179	4295000065
434811	17301568
28198695	1082134528
34448331	1610613248
1191675	671088644
52820103	2164264960
72692319	1610612992
9978555	1610613248
78480255	24580
42549303	83918848
57009099	4362076161
4333827	8425472
28756623	1610613248
11774811	67141633
9206139	36865
52907907	36865
52030515	1610613248
37186779	2147520512
29433459	150994945
49694799	1610613248
68418111	1610613248
51528639	1610613248
50880963	671088644
5985903	561152
37426215	327681
69977523	67113024
70617423	16809985
64843743	70
79103955	1140854784
56668899	1085440
66752427	16809986
17323959	1081345
64489611	134316032
67819035	1074823168
31381671	1073766400
76865763	1610613248
56726895	2148536320
50667447	134221825
53614875	1610613248
52905639	1610613248
50924055	1082163200
35583303	16810240
46398747	36865
10411095	134217733
15466143	83886081
75698391	671088768
50417319	671088768
4957851	7
58551987	65793
43542363	671088768
60212163	134217860
67725723	1610613248
76975599	671088644
63344919	67108929
45524595	1074270208
36125355	4295000320
80086323	4295004160
33147795	1610612992
6842883	67108929
37597287	5435817984
29086779	1073774593
60120147	4328523776
17970339	1107300352
48086139	97
56358831	6442455040
62762367	3221229568
57771471	561152
35260599	1610613248
73486119	4362076224
35685039	1610613248
14142603	1610613248
69528783	1610613248
29585091	2147520512
66084663	1081348
36932763	1610613248
53047227	537919492
7408263	163856
58821231	2147524608
842403	1610612992
63329367	201326593
18412599	2148012032
39162207	4295000065
76023039	4311744513
10460019	1073778688
28847667	3221229568
11811423	1081348
5500227	1146880
22387755	515
76209015	150994945
39721431	1081348
29638875	2147520512
47245359	1074823168
46289559	150994945
80470911	2147520512
16980195	134217793
2699247	1074823168
56103843	1085440
39760959	1081345
29924643	4311744513
15243879	4311744513
61779999	5368741888
77627163	4303355905
42891771	2164264960
42624471	134217733
32276235	32834
47087247	1610613248
72892227	1085440
22673847	1610612992
28135191	2147614721
4723275	4362076161
79453551	3221229568
41176515	671088768
47617959	2147520512
32647215	3221229568
14582271	1073745921
23792943	4362076161
12172683	1610612740
15217635	83886081
56729163	4295000320
7527819	4362108928
63705855	37120
23546379	134283265
17984919	327696
35026671	1081348
30397359	16797696
8597991	2147520512
69040191	327681
21574191	1610612992
6493287	2147520512
43844331	2147520512
80022819	33652736
31400463	800
80018283	2147520512
79543299	2147520512
11075943	1085440
75846135	2147520512
3391635	4295004160
10765551	1610612992
52359699	1074823168
11906679	1610613248
59821743	4295004160
63531543	1610613248
22488519	2147520512
67901655	1048582
58111023	1610613248
63840315	1610613248
67128591	331776
1272999	65570
75700983	1090519041
45385275	4362600448
38439363	36866
2583255	33558544
59448819	266241
80440131	4297097216
28919919	1090551808
25091211	150995072
65261703	1610613248
4966599	67141633
21811683	1610612992
48833283	1081348
78041559	4296048640
57361287	561152
62767227	1610612992
53139243	1610613248
66511695	8392736
36126975	37120
71232051	2147487746
25190679	4295000065
55450011	1610613248
33705723	4362076224
456519	2147520512
28022763	49408
25839975	16781313
212547	1610612992
46996851	1081345
40025019	36865
80740479	2147520512
67997883	3221258240
53607099	1610613248
14106639	1081348
63877575	1073778688
51061755	2147520512
46830315	671088768
38184699	24578
1596027	2147647488
81519375	67141633
58960875	4311744513
56691579	5368713216
78673035	1610613248
2793531	671088768
40633491	1073807376
17367375	4311744513
52239171	671092736
62783427	36865
736455	68608
23076903	1073745921
33010419	671088768
21655515	561152
53093559	1074823168
44505615	2147487760
6570075	2147520512
53547807	1610613248
51680271	4295000065
59645487	5368741888
19948359	1610613248
58665711	4395630592
64082019	4609
26992767	4362108928
739371	1610613248
21524295	150994945
68636811	1610613248
9048999	1073774593
27681591	1074008064
123447	67141633
16470867	135266308
21578079	4362076161
3592515	557120
69961971	4294971393
67111095	150994945
42958515	671088768
2430003	1610613248
69588399	24580
30302751	4295004160
22720503	134219784
18761871	1073745921
1631991	150994945
54325083	1610613248
37655607	2147520512
1060131	1074823168
39828351	4362108928
74812575	2147520512
2601723	1074270208
66786447	134250497
44087007	5435817984
63021243	83886081
73995123	2147520512
47551215	8392736
66583623	36865
1365015	2147483682
35180247	8393216
75276867	4362108928
30295947	24580
35796171	1610613248
1654347	1073766400
15645963	8421377
51357891	1610612992
7060935	134221825
25499127	150994945
55439643	36865
6543831	3221229568
32403891	1081345
30858735	1610613248
9477975	1115136
27119127	2147520512
51717207	1610613248
5639871	4295000576
60335283	1610613248
22816407	50
11580411	1082134528
53715963	1610613248
51157335	5368713216
54149799	4395630592
55258527	1610613248
64168203	17301568
856335	67633216
25063671	1610613248
34673187	1610613248
79751307	4106
43922091	1610613248
1329051	1610612992
79223835	4362108928
20990019	16809985
32246427	17301568
394311	1610613248
51260043	1610612992
1007643	1085440
10675155	2147520512
55729299	83886081
43236507	1115136
39923283	150994945
1815375	4311744513
22063755	671088644
4539891	163856
63280119	1610613248
69901383	83886081
19398207	3221258240
38020431	1073745921
69607191	4295491648
28049331	1085440
18522111	150994945
39311895	16826368
50844027	36865
76311075	16912384
12726723	528385
41078343	2147487746
74894547	2147520512
5072223	671088768
36180111	6146
62141259	1073876992
5219967	524354
3256527	1610612992
74900703	1074823168
64703451	536871170
37066899	67141633
2531091	671088896
37906383	4311744513
3730863	1074069504
15792411	83886081
42726531	1610613248
3096147	1610613248
19301979	1610613248
1458651	1115136
47218791	135266432
71040891	1610613248
71456583	16781313
22482687	83886081
24220299	671088768
51351735	1610613248
12612027	671088644
6835755	2147553280
61404159	1610613248
11710011	134217733
24581235	8421408
48956727	4102
6768687	1085440
6699999	8425472
80403519	150994945
65509563	3221229568
79704975	1610612992
57255663	1610612992
71770863	1081345
65921043	2147549185
63425919	4311744513
12263403	1610613248
43515147	2147811328
40504215	1610613248
37898931	4130
3543915	2148040704
70319019	1610613248
44497191	1081348
26275755	37120
32413935	327682
80115159	4295000065
24090699	4311744513
47156907	1610612992
61407399	4362108928
71999931	134217737
41573091	4429185025
18916095	2147487760
49334511	1610612992
72841359	4295000576
5667411	4311744513
37840611	67158016
40685007	671088768
7686903	4295004160
1114239	134217888
51139515	1073778688
40812663	4311744513
8845527	137216
28909227	36865
20564931	17301568
21276435	1610613248
44590827	4395630592
64780239	16781313
68015379	1610613248
59255067	3221258240
40161099	17334272
43951575	671088768
19206399	1074823168
46323903	2148073472
11043867	4362108928
12435123	671088644
26971707	544768
7008123	2147520512
2064207	1074266114
21443943	2147487745
75648819	1075843072
44179671	1610613248
33103083	1073774848
11911215	3221258240
28699599	331776
41820627	16781313
40911159	671088768
44890527	548864
67073835	2147520512
2443935	1085440
28229475	3221229568
41410767	4395630592
30717471	536875264
27986475	201326593
65913591	1610613248
42476403	1074823168
58526715	1610612992
10103619	1610613248
11172495	4295000065
10676451	577
13200087	67141633
2560251	134254592
66978255	1610613248
39575307	1081348
42184479	1610613248
80198103	2147520512
70635	1610613248
44491035	2147520512
4915083	36865
42488391	67141633
17726043	83886081
14533347	671088644
8620023	4311744513
7218399	1085440
21282591	37120
38964567	69648
59629935	150994945
9299775	67108929
44547735	16809985
65580195	557058
3317763	2147520512
289659	1610613248
53301567	2147489792
4947807	16814080
11480943	3221229568
215139	4295000065
74659323	33028
42212019	1610613248
72329763	1081348
5459727	671092736
65687439	134283265
28689555	1081345
12999855	1048836
7938327	150994945
2786727	67586
81479847	2684358656
17550435	1610612992
8978367	1610612992
33538863	201326593
20209179	201326593
685263	268568576
13101267	67141633
13069839	32833
38164287	1073774593
38729019	2134016
77363751	1081348
49472859	4966055936
62641839	1610612992
19016535	150994945
69558915	2147520512
51155715	36865
78814947	200
44601843	2147520512
78918627	4429185028
39775539	36865
724143	1610613248
747471	1610612992
60067011	67141633
15576951	67141633
48464247	1082134528
18473187	16809985
47335431	7
37106427	8425472
41605815	17301568
40968183	4295004160
62010687	36865
40563183	2147487760
19721559	1081348
26548563	2147487746
69873843	4362108928
56911575	2147520512
28270299	67142144
75136899	1610613248
65579223	70
70311	2101312
40849599	1610613248
56427195	671088768
31397223	800
33813939	1610613248
62440959	36865
62972967	1610613248
26855067	36865
36603579	1107312640
59097279	4353
35998347	1610613248
1624215	20512
78024063	1085440
70608027	2148007952
4138131	4295000065
74456823	2147520512
23595303	1610613248
75258399	36865
1470315	1610613248
314931	17305600
19864119	4311744513
19391727	671088644
42601143	1610613248
67365759	4362108928
45538851	1610613248
2650647	327696
24545919	4294971393
16018239	4362108928
51984831	3221229568
55728975	1610613248
9589431	1610613248
26071959	67141633
70228947	1107329024
64322103	2147520512
76698579	1081348
12286407	1074823168
36260463	292
65252631	1610613248
78630267	1074266113
3495963	74
69736791	4362076224
22557531	671088644
22728279	67141633
44676363	1610613248
135435	67141633
9375267	135184
56346519	671088768
12435447	536872964
14861235	2148012032
68177055	1610612992
53077359	671088768
56097039	671088768
28947783	2148012032
50678787	1610613248
46375419	37120
45265719	36880
64391763	134221952
11657523	4362076161
43449699	36865
36282495	4311744513
68553219	1073745922
70199463	4311744513
56212059	1610613248
55455843	1085440
40121247	67108867
36966135	1074823168
75248679	1610613248
72528699	1610613248
44466735	1610613248
73411275	2147520512
25345551	1610613248
66263835	37120
64987599	1610613248
7362255	2147618816
12376479	4296048640
45320151	1081348
35847687	75501568
58698435	2147618816
41372859	1073774593
76018179	134742018
15395511	4099
46292151	671088768
10792767	1610613248
14586483	1085440
53797611	6442713088
53085783	4362108928
80251887	1074823168
33175659	150994945
68595339	1610613248
12611055	4099
77957967	1081345
48688455	2148012032
53026491	1073778688
32983527	3221229568
894243	4295000068
74238123	5368713216
40729719	36865
34558491	1610613248
40062279	1610612992
62470119	67108929
54135867	1610612992
19190199	1610612992
15227355	671088644
54963039	1114113
49462815	37376
51231531	57344
47808471	57344
24012615	67141633
78813327	67125252
21936099	2147520512
5324943	671088768
66870363	1081345
9521391	4362108928
100119	142671872
14907	68608
73560963	327696
23583639	134283265
6161511	2147520512
11719731	36865
5148687	557060
36952851	1081345
52970439	1610613248
49766079	2147520512
65486883	1610613248
44264883	4101
60201795	1610612992
25234095	1610612992
48890307	36865
34375755	1610613248
9990867	32802
4318923	1610612992
59640627	36866
8238675	67633153
40812339	36865
17797323	1174405120
31174959	65539
69564099	4328521729
77920707	1610613248
6453759	1074823168
27088995	1074020352
42941019	2147520512
51508551	4311744513
44339727	4362108928
15597687	1610612992
74000307	2147520512
25175775	2147520512
20670231	1610613248
50377467	1085440
3898047	67141633
784083	1081345
61371111	4161
7720275	4102
22630431	4362141696
38321103	1610613248
25094127	32833
1473231	36866
60958659	32833
16038327	83886081
76556991	1610613248
62071275	4362076161
17389407	4099
15389679	4362076161
58379943	2147487760
67721187	16777282
45690159	4311744513
11824059	1610613248
46957647	4311744513
6838995	8392736
57705699	671088768
3661203	1085440
37817607	16777221
5751651	1081348
25746339	1610612992
26127039	1610613248
70906755	1610612992
41032335	4362108928
67217043	1085440
4029591	1085440
1499151	134217857
23522727	1610613248
76340559	70
30100899	1610613248
55160679	134217762
59802303	4311744513
7544991	2147520512
66853839	4311744513
46921359	4362076161
51122019	538968320
6232143	67141633
59434239	134283265
64610139	37376
77601567	3221229568
41247147	16777282
43854375	671088896
13374075	2147749888
25314123	1085440
36186915	1610613248
3932391	4099
177231	33554438
49348119	1610613248
44803047	136314881
27086727	671088768
66375615	4295000320
53839731	1074823168
78108303	8392736
7425759	1074823168
28056135	1610613248
3979695	1610612992
81145479	1073778688
11225307	57344
4458567	2147553280
59078487	36866
19777935	1610612992
38303607	1140883456
38723511	4294971393
5579931	1074823168
68536371	1085440
28021791	135266308
64962975	32833
2605611	1610612992
81101091	1610613248
22832931	1073778688
62533947	4130
19104015	1085440
11659791	1610613248
68410011	4311744513
37674075	32864
71977899	4311744513
41049183	36865
77483307	5435817984
33583251	1073905664
23582019	1212416
72662511	67145728
2057403	3221229568
73582023	1140883456
22578915	671088768
38025291	1073778688
40762119	36865
38611083	1073746432
55532955	671088768
80398335	1085440
45567687	32802
21448155	36865
51302487	5368713216
71893659	4362108928
18703551	134217860
60302559	36865
20621955	150996992
75580455	4311744513
36881247	4102
16337703	2147520512
23600487	3221487616
25616415	4130
23241819	16809985
392367	1610613248
17021991	36880
20837415	1610613248
52624083	4295004160
79914927	2147520512
36375483	671088768
36742575	553648129
29419527	134217733
81115995	1610613248
13826703	32802
42171519	2147520512
22193031	671088644
72977115	4295000128
64291647	671088644
28433271	1610612992
47725527	150995072
71845059	67141633
75785547	36865
64599447	5435817984
3101979	1610612992
21138087	201326593
38385255	544768
73660431	4311744513
3345627	4295000065
42625119	2148012032
3242271	150995072
54672735	36865
37887591	536907776
18666615	37376
7332771	1610613248
47091783	4311744513
11347455	1073152
20068239	2134016
31315251	24608
56622243	1073778688
53402655	67108929
47242767	135299072
56880795	1610613248
31282203	4130
37658199	4130
56253531	134217860
66168903	1090535424
13890531	1085440
59979531	1610612992
30490347	20736
81454899	36865
49659159	2147520512
48643095	671088768
61186431	2147520512
15539691	53248
69798351	3221229568
61652019	2147487746
79688775	2147520512
18473835	36865
53785623	1610613248
69103695	4311744513
65905815	50
52164975	2147520512
36197283	1074823168
36461343	671092736
76506123	3221229568
39446355	1085440
32808891	4329570304
66126135	1074823168
23842515	35
57333423	671088644
53127579	671088768
64398891	5368709121
36585111	83886081
32078595	67141633
19386867	57344
57424143	1610613248
9509727	101711872
197967	1610613248
48854019	671088768
37527627	134348928
52619547	1610613248
36637275	561152
47795835	67141633
51320307	1610613248
64286787	1081348
39079587	1081348
41301903	561152
41735415	8425472
56379	1085440
41222199	1610613248
36502815	37376
42547359	5435817984
406947	1115136
1038747	671088644
21355815	2101250
15451239	1610613248
80968251	524354
38023023	4311744513
79386483	2147520512
28201935	150994945
26598459	1085440
8899311	1081345
21157851	16809985
46411059	36865
3223479	1610612992
6323835	2164264960
1234119	2147520512
77416887	1073762304
3999459	4429185028
63331959	36865
41722779	1081345
42413223	671088768
64786719	16809985
78340287	2147520512
33513267	17301568
40652607	1140883456
45679791	1073778688
16209075	1610613248
80730111	1610613248
29552043	4362108928
1087347	67141633
57275427	1610613248
71559615	57344
6553551	524354
1134975	17334272
57271215	671088768
15980979	4311744513
2876151	1073746432
38362251	4161
17939235	2147520512
5443851	2147520512
9861915	1610612992
80867487	2147520512
39091899	1610612992
1700031	1610613248
57491535	4311744513
59723571	36865
1520211	37120
89751	1610613248
43740003	671092736
54505227	1081345
26315607	2164264960
6205575	1140883456
11695755	67141633
7868667	2147488000
59184435	1610613248
731595	528386
26439699	1610612992
80350707	1081348
42270339	12290
72603543	5435817984
23261583	671088768
6080187	1610612992
49142703	67141633
10709499	524322
50265039	1085440
60980043	2147520512
79141539	36866
29007723	2147487746
3458055	1610612992
63032583	1085440
41818683	671088644
72867927	24580
6941379	134254592
11570367	67141633
12308115	8421377
1962147	4312268800
13498491	1085440
22783359	4130
1753167	134217858
10827111	2148012032
72423075	37376
67597743	561152
80055867	36865
49437219	1085440
65892855	1610612992
41053719	1610613248
69920175	672137216
35238243	671092736
5316519	17858560
70277871	4362108928
47390187	1610613248
43049559	2147520512
8424651	40961
66354555	1610612992
68988351	1085440
46927515	28672
49065591	67108867
6904767	1610613248
34087395	671088768
71572899	37120
29601291	2147520512
8834835	324
34454811	518
77644011	134219784
17212503	134250497
76415079	1073745921
69005199	1610613248
23182203	1073774593
62864751	1610612992
46179075	1073778688
76603971	3221229568
73874595	67113024
49519191	4294971393
52174047	3221229568
64424487	5368713216
14753019	1074823168
18721371	8393216
17888043	134217733
40313055	1610612992
15497895	528386
29506683	32836
81553071	5435817984
52216167	2147520512
9406047	8421377
42390867	536875012
51084435	4295004160
19409871	1610612992
20317071	67112961
66749511	8425472
23583963	134283265
23322819	1030
48646983	671088768
6578499	524548
71372343	1074823168
17367699	57344
34538727	1610613248
61909275	201326593
33408939	1085440
75611883	1610613248
58777491	2147524608
78344499	33652736
77277567	134217860
6318975	2147520512
34317435	671088768
46517979	36866
10288623	28672
51434355	36865
49878831	1207959680
59526255	83886081
8354667	67108929
22751607	1085440
68269395	2147520512
15945339	2101249
36383583	67371009
1600563	2148012032
67713735	671088768
28951995	327681
40456911	1090535424
52532715	1081345
539139	150994948
58409751	67145728
63871743	1073778688
46883775	1085440
4775439	3221229568
32287899	1081345
64472115	1073778688
43907511	1081345
48747423	1073778688
20493975	1610613248
8881491	4362108928
61136859	4295004160
42334815	1610613248
77761947	1081348
71727123	36865
1591491	137216
59126763	671088768
48058275	1610613248
61984119	8425472
886143	135299072
19883559	101711872
4526607	167936
1153443	83886081
64876143	67108929
39961191	1610613248
25290471	518
7217751	1610613248
35584275	4311744513
19222275	20512
31527147	1610613248
24749067	83886081
28384347	4429185025
28960419	4295000320
73391187	4311744513
20865927	67112962
6761883	36865
12179487	16809986
62858271	1610613248
25578183	17039361
39646263	150995072
51319335	524353
30856467	8437760
329187	16809985
48162927	1073746432
3231579	2148012032
55129575	1610613248
29899371	4311744513
31509651	4311744513
76017855	35
9210027	2147520512
28905339	671088768
47014023	1610612992
42987351	2147520512
7190859	40961
71381091	1610613248
22000899	150994945
56151795	32834
13969587	1081348
13611	2147483682
6523743	16912384
20405523	1085440
71351607	33587201
80062347	1074823168
32494611	1085440
13576899	4311744513
67180755	1081345
34178439	1610613248
74435439	36865
74368695	561152
8422383	1610613248
66217827	1610612992
6910275	2147520512
32183571	4311744513
73009515	2147520512
73381143	4311744513
38273475	1074823168
21363591	150994945
6271995	134217734
3397467	36865
27687747	83886081
38495415	16809985
9915699	4295000320
55133787	4362108928
27571431	2147520512
9974667	4102
59501631	1090519041
41436363	1085440
73500699	671088768
31940571	4362108928
13987407	1610612992
8879223	134250497
14292939	150994945
11328663	1085440
11507511	67141633
36793767	24580
17693967	1610613248
6328047	134217800
22262043	3221229568
58034883	536907776
11592399	1610612992
16756311	1085440
64781859	1610612992
242679	4311744513
37776459	2147749888
59765043	1085440
80015043	83886081
49233423	536871680
2904987	150994945
62194395	2147647488
12253683	1610613248
14640915	1085440
47385651	1074790404
69262779	4311744513
57800955	1610613248
68555811	67141633
79608099	1073778688
61712931	32833
57666495	1610613248
66084987	1610613248
27837111	4362108928
4146231	1073778688
23063295	1074270208
54036399	1081348
61607307	4295524352
17622039	17301568
66541827	1081345
56385399	1610613248
10680339	20736
51223431	1073746176
45466923	1610613248
1079895	16842768
43052475	8392736
13634571	40961
47513955	1610613248
28980507	1610613248
76599111	671088768
21195759	36865
19358679	1081348
32687067	1073778688
20202699	1610612992
60951531	16781314
15931407	67141633
25116159	36865
41142171	4295000065
62768847	36865
2821071	1610612992
47366535	1081345
21561231	2147749888
4878795	53248
66212967	1610613248
8054643	4362076161
15751263	1610612992
73204239	1610613248
33705075	5435817984
76269279	4395630592
31039851	2147520512
44760927	4429185028
34258143	8425472
67199871	1610613248
53669631	4311744513
735483	150994945
56923563	16814080
72766191	2147520512
2943219	83886081
46505667	65793
40772811	5435817984
27087375	1207959680
47101179	2147520512
23721339	2147520512
81342471	4395630592
19094943	1081348
29883495	16793601
48530343	671088768
79962879	1610612992
48730899	1610613248
55584795	1073742084
24698523	36865
7830759	671088644
6028671	1085440
58584711	1074823168
63237027	1081345
4998675	150994945
3880227	2148012032
52629591	2134016
38300367	1610613248
9839235	16814080
80886927	671088768
72122403	1074270208
3028755	1081348
51572703	5368713216
18500403	2147487760
73426179	2147520512
56635527	1610613248
32943999	4362108928
44075667	671092736
12093303	1085440
61889835	1081348
68397375	1074823168
33406347	671089152
51210147	163856
43327227	36865
51237039	4295000065
23295603	1610612992
26742963	2147520512
24211875	1085440
53054355	134217858
2587143	2147520512
58489131	2147549186
24213819	4362076161
35209083	67141633
81660315	2101312
65938215	4362108928
74684271	1073778688
21253107	4311744513
7094631	2148012032
33638007	1081345
60328803	1140883456
71608863	671088644
58362771	2181070848
81487623	2147520512
40806831	671088768
31747467	1610612992
983019	1610613248
15370563	1610613248
58457379	37376
2026299	1610613248
49705167	4129
56709075	1610613248
19524567	3221229568
274755	1610613248
50737431	17334272
60590271	1610613248
43399479	327681
57397251	17301568
39448299	1610613248
51092211	1610613248
72322311	36865
22356651	4362108928
1805655	1081348
31246239	83886081
4857087	150996992
14813607	4329570304
78544407	1610612992
53441859	135299072
15059523	67141633
22451259	83886081
67120815	561152
27173235	2147520512
20963775	16809985
20411355	1085440
44717511	37376
32986119	4311744513
31006155	671088896
75507231	3221229568
54149475	1610613248
61898583	1081345
69627603	1610612992
63704235	671088768
37288191	4362108928
54492915	136314881
25392531	4353
42064275	671088768
26390451	800
5741931	1081345
38295507	67141633
79682295	5435817984
79697199	36865
4183815	1610612992
80353947	17334272
40883295	4311744513
70847463	1610613248
30958527	671088768
23926755	2147520512
34442175	1610612992
78337371	4362108928
58465803	671088768
9077835	4311744513
12581571	1081345
43446135	4311744513
58716903	671088768
40622799	536875520
29401383	4296048640
25250619	36865
29830359	36866
6874959	1085440
56305371	4362108928
10710147	1073778688
41500191	36865
3861111	1081348
22183959	671088644
54501015	1081345
12170091	1610613248
130899	134250497
41171331	1610613248
59153007	16781313
53617143	2147520512
35367519	1610613248
68495547	1610613248
67176219	1610613248
49213335	2147520512
46359219	4311744513
34966407	1610613248
71070051	36865
53973867	1610612992
11592723	1610612992
10273395	16809985
2180847	2148012032
4003995	1610613248
74739675	1081345
71071671	4362108928
4090503	134254592
642171	4099
71037327	70
51427875	5435817984
77371203	1073778688
2013987	36865
29500203	32833
21547623	1090519041
81188247	671088768
42820815	36865
53868891	671088644
43788279	4311744513
29665443	167936
34872771	1140883456
17589963	536871170
45094323	671088768
17670315	114688
76782819	2147487746
30705159	671088768
28895295	65793
39266535	1610612992
1913223	1610613248
53372523	4311744513
70194603	2147520512
16012731	5377097728
39066627	2147520512
18021855	4294971393
58511811	4362080256
235875	2147487746
63642675	37376
712803	3221229568
78365559	536872964
1443423	1610613248
30493263	1073778688
53267547	67133440
16476051	135266308
43395267	671088768
8551011	37376
9751107	1081348
63975423	16814080
68339055	1074823168
35790663	67141633
41610999	150994945
7393683	1074823168
30960147	4311744513
73716807	2147520512
7174983	1081348
12165231	671092736
19867035	4362076161
46747695	1610613248
44596659	1610613248
80999031	6442455040
76916631	1610613248
59324079	671088896
13282383	2147487746
16453695	135266308
53915547	1610613248
62035959	134217733
76772775	1610613248
15536451	135299072
13567827	327696
25596651	167936
71741379	36865
58435347	1610613248
24511251	65602
45592311	672137216
37983819	1081348
60742875	1610612992
46318719	1610612992
60871503	2147520512
57766287	36865
21287775	4429185025
79458735	2147487808
32793987	1073778688
8971887	1610613248
23400255	4311744513
46245819	37120
135111	67141633
30817911	1610613248
32112939	67108867
18205239	150994945
38878059	37376
31735803	32834
13328067	3221229568
23622195	671088644
41557863	67141633
2160111	1610613248
51245463	4362076161
4356831	1081345
54180579	8392705
18613155	1610613248
32337471	331776
74334675	4328554496
24728979	671088641
53499207	671088644
28882983	83918848
20928783	1610613248
14200599	2147553280
41417895	16777281
39390303	2148012032
64210323	1610613248
37370487	196610
12363843	671088768
53503743	3221229568
6849363	2147520512
9418683	1610612992
2636067	327696
31506087	16809985
48065403	4311744513
63124923	1073745921
73221087	671092736
52986639	2147520512
57156519	4311744513
43433175	2147520512
6813399	134217857
54079815	70
10187859	4362076161
4420011	2181169152
6648159	24577
44059467	1610612992
12691083	83886081
19744563	57344
43140603	1085440
263739	276828160
46905807	36865
26554071	1081345
18247035	1610613248
53367987	2147520512
19422831	2147487746
39236727	196610
72062463	1610613248
46808931	1610613248
77353059	36865
33291327	102400
46181667	1073778688
24324627	1174405120
52089159	3221229568
5097171	17301505
28806195	1610613248
49948167	3221356544
29403651	16781313
54378867	1074008064
40501299	671088768
74929863	8392736
62170095	2147487745
68927115	1081348
70202055	671088768
32036475	1610613248
65179083	4311744513
63363711	4362108928
60152547	1085440
1100631	1610612992
81329511	671088768
8532219	2147618816
9261543	98
32682855	150995072
21324063	8392706
25846131	1610612992
21699579	1074823168
14946123	2148012032
46898679	1610613248
12777591	4161
35799411	4106
79344687	1085440
1043607	671088641
31221615	67141633
10089363	40961
53457087	2147520512
9193179	37376
53394879	1610612992
423795	36866
61234707	671088768
60915	1610613248
1182927	1085440
53950539	16809985
35252823	4226
23395719	1610613248
30780327	83886081
22070883	671088768
11133939	561152
57556659	53248
61189995	2147520512
30665631	1610613248
26856687	4311744513
15601575	671088644
63393195	37376
51362103	671088768
56418447	3221229568
43008087	24577
44508207	671088768
39710415	1610613248
17749371	1610613248
74135415	100663298
9634143	1610613248
18454395	83886081
47176347	1610613248
32719791	37120
44198787	1610613248
7268295	4311744513
37351371	196610
75222435	1073774593
68035791	67112961
10223175	1610613248
19098183	1073778688
72861447	2147520512
47571303	36865
76578375	671092736
77279835	83886081
41985543	671088768
18062031	4311744513
1630047	1610612992
74346663	5435817984
70537395	2147520512
39392571	671092736
38489583	8392705
80035455	37376
36225147	671088644
35963031	1610613248
29674191	557120
61308255	2147487760
76457847	2147811328
65600931	1140883456
57779895	4353
6672783	1610613248
474339	1610612992
59204847	1073778688
67867635	671088644
79364127	66564
78620871	150995072
54351003	548
51478743	1081348
16181859	1610612992
61786803	1073746176
858279	2164262912
15916503	83886081
3400383	1610613248
68462823	1610612992
1644951	134254592
65407179	36865
47474427	4129
31447767	67141633
27437295	37376
66429723	671088768
49008567	2147495936
48720855	83886081
59472795	4362076161
53059863	671088768
61211703	1610613248
16000095	327696
53774283	2147488256
47779959	33591296
30626103	2147487760
41731527	2164264960
70126887	4099
61571019	1073778688
65206299	1610613248
44849055	67141633
17986215	67
45685947	4362076161
54842835	134217857
39712683	1610613248
74058951	671088768
6875607	1610613248
1193943	1610612992
15103263	2134016
23398311	1073152
28214895	5435817984
34054023	36865
25426875	1610612992
21864819	2147520512
30236979	4296048640
2858979	134479873
49549971	16809985
31312659	1610612992
33312387	1082163200
237495	16812032
11247339	16812032
5730267	1610613248
14590371	1610613248
33288411	537919492
49655271	4311744513
70647231	4295000320
12171711	671092736
65364411	4295524352
51263931	1073778688
39813771	671092736
68484855	8425472
68618991	83918848
64333119	524354
81028191	1610613248
76306863	2164262912
71588775	69648
76499967	671092736
46473915	2147549185
15349503	790528
59371383	2147520512
18783579	36865
5571507	1610613248
55130547	16814080
15213423	671088644
14516499	37120
32762559	32802
38473059	20512
58607067	1610613248
47204859	2147520512
70927167	1610612992
28150743	2147520512
14273175	37376
43793787	2147487746
51643335	2181042176
24444507	36896
33986955	1081345
44084739	2147520512
57579339	2101312
53363127	1073778688
46807959	671088768
43171383	2147520512
69841767	4295000320
81560847	3221225474
3218943	134221825
58015767	2147520512
57489915	67141633
10983927	2147520512
80110299	2147520512
68623527	17301568
17142519	557057
61474143	1085440
38263755	2621504
37477407	16809986
80472531	2147487746
13208511	1085440
51499803	1610613248
46449291	1051648
75434331	83886081
8428215	1081348
22485603	4296048640
68792331	1107329024
51043935	671088768
36937623	37376
41336895	1610613248
7863483	4311744513
47749179	671092736
75852291	1610613248
12228735	1081348
49517247	1073152
42976335	327681
21308835	4295000576
59704455	4311744513
34638843	1081345
2332155	2134016
41242287	589856
21582615	8425472
26438403	557120
13748943	1074823168
34074435	150994945
73084035	8392736
50391075	1610613248
31523583	1108344832
29412399	1610613248
76709271	16781313
38205435	36865
43668399	671088768
42267747	1610612992
34084155	36865
38024643	37376
58196235	2147520512
34070223	524354
2283231	1610612992
58181979	2147516417
45715107	4311744513
9610491	1115136
49399959	1082163200
62928579	1610612992
53251023	557120
41483019	1085440
14818467	1081856
77982915	671088644
28914411	2147520512
4832787	67133440
24758463	1107296257
13019943	2147487746
3191727	16809985
37957251	16809985
48128583	2147647488
1865595	4362108928
4309851	4099
36216723	671088768
66092763	1610613248
41433771	1610613248
76034703	4362108928
2722899	2147553280
15637215	1082134528
47259939	37376
36208623	16779266
322383	4295000576
11515935	2147618816
27987771	555745280
9719679	1074823168
73227	16842754
7771791	557120
22477179	4362076161
6074355	2148012032
19991127	2148073472
81408567	100663298
88455	83886081
27428223	1610613248
33445227	1085440
40713519	53248
24340827	4311744513
63825411	1085440
27226695	33591296
16929327	671088768
36070599	671088768
9508755	1610613248
32256471	536870918
34691331	36865
7029507	1073745921
47664615	2148012032
19917579	16809985
61291083	1610613248
24507687	1085440
33331503	2147520512
3473607	671088641
78517839	2147520512
59483487	36865
3460647	4311744513
78784491	20736
37366599	196610
59785455	1610613248
36402699	4395630592
36530355	4303388672
52438431	66564
73279083	1085440
51381219	577
75588879	671088768
34043979	671092736
50691099	1610613248
39685791	2181070848
49866843	134217761
56386695	671088644
7401783	1610613248
77055303	2147520512
38203167	17301568
78200967	4311744513
12848223	1610612992
74149347	4295000320
43180455	36865
26587443	134250497
21108279	4353
18521139	1073774593
49349739	135266308
15870495	1610613248
25441455	671088896
20793999	1610613248
5587707	1610613248
60137319	1081348
42204567	83886081
79348575	1073745936
71747859	135266308
14289375	1081348
46420131	1081345
74133795	561152
26138055	1073778688
74567307	24580
41068299	671088768
429627	4162
47508123	671088768
48248139	1073778688
80350383	1610613248
36026859	1081600
73908291	5368741888
71193819	32802
30251235	8421377
19217415	36865
45298767	4395630592
64451703	3221229568
31431	2147487746
41329767	1073762304
39666999	4295000065
13326447	83886081
2197371	2109440
78716451	4362108928
28206471	53248
26143239	36866
28876503	37120
28789671	671088644
1220187	1610613248
72394563	671088768
7651911	2147618816
23818539	4362108928
37975071	1610613248
55581231	1073778688
23918655	104
23391183	1610612992
62749083	2147520512
37509159	4303355905
34043655	1074270208
58021275	1074823168
43332087	36865
73327359	4295000065
42153699	2147520512
64294239	16814080
64142283	1073746432
36685551	150994945
55081299	67141633
68030931	2134016
38498007	196610
57230067	4429185028
79309371	1174405120
3355671	557120
34457079	1610613248
18573303	1610612992
2159463	2148012032
22575351	671088644
79473639	4130
31416987	671092736
5287683	4311744513
29536167	671088768
54801039	36865
76083951	671088644
63282711	1610613248
47366211	2147520512
59385963	1085440
69299391	1610613248
53320683	4311744513
2205147	671088644
7486671	67158016
12656739	671088644
49455363	134283265
53826771	1073766400
43991427	671088768
31802547	3221229568
38969751	134217733
10049511	16809985
32440503	8392736
79265307	1081348
48928215	1085440
58652103	36866
14895903	1610612992
79518351	1140867072
62047623	67108929
67189179	1610612992
30760887	16814080
21573219	2147520512
11789067	2281701504
15893823	1074270208
57925695	36865
6390903	1610613248
56701623	1074270208
10328151	57344
66098595	2147520512
75706815	4295004160
78618603	1073778688
61726863	32833
24481119	671088644
70377987	1090535424
73513335	2147520512
5318463	134254592
35507487	1082130944
40625715	201326593
60805083	36865
28007859	3221356544
2844399	1085440
57295191	2147520512
18880131	4102
70247739	1085440
21228483	1610613248
80768667	2147520512
12779211	57344
25853259	36865
33543399	4294971393
30863919	671088768
9817527	37376
21064863	8425472
1832871	1610613248
63478083	6442713088
52259583	1081345
14606571	4102
12509643	36866
71369427	1610613248
37461531	37376
52663935	2147520512
15029067	1085440
11741439	1610613248
2444583	671088641
6182895	327696
51035187	135299072
15607407	83886081
57036639	1610613248
50934099	1081348
38987247	524864
67169415	4362108928
65003475	671088768
6466395	671088768
36178167	57344
21169515	4311744513
26025951	2147520512
78546351	135299072
67607139	671121408
6617379	33591296
34707531	1610613248
51732759	671088768
29301591	1085440
21606267	3221229568
22558179	2147487746
81322059	16912384
7996971	1073745921
36268887	36866
37704855	1073778688
15986487	671088644
67147383	1610613248
77714967	37376
40627335	671088768
26108571	134217888
2221995	32833
9525603	16480
63055911	327696
10569531	200
64057395	36928
50077119	687865856
3159003	2148012032
46488495	100663360
29541999	4295004160
17094891	1610613248
142563	16777250
71239827	196610
23853207	2147520512
13199439	16814080
3972243	1610613248
49327383	4295004160
68110959	1081345
23524671	69633
8652099	1610612992
19829127	150994945
22463247	1610613248
19020747	150994945
58587951	557057
49704519	67145728
26174991	1610612992
77133711	2164264960
4953963	4362076161
79192407	4311744513
68323503	1090535424
17571495	20544
52251159	4362076161
76856691	4311744513
27317091	4362108928
38472087	32802
63633603	1610613248
55748739	37376
22964151	2147520512
38925363	1081348
22187199	671088644
38346375	137216
41993643	1610613248
7118931	4362080256
35615055	1610613248
47734275	3221229568
78598839	1610613248
32476467	2147520512
30570051	671092736
477579	2164264960
66318915	2147520512
22522863	4102
44480019	1081345
33086883	4362108928
79958343	5435817984
59718387	2147520512
7901067	8425472
10201143	1081345
50949975	36865
46581807	17301568
37526331	671088768
73330923	32802
66482535	1610613248
34274343	40961
699519	4362108928
67081611	1610613248
50734515	1081348
20147295	4353
25595679	1081348
50759139	4311744513
20878239	83886081
5020059	4429185028
25250943	4311744513
46814439	4295000065
9098895	1073778688
17017455	3221258240
21974331	16809992
30511407	67145728
73938423	2155876352
3920403	4329046016
72255	1610613248
15564315	20512
80380515	37376
41402991	2147520512
81138351	536870918
41759715	2134016
3237087	1610613248
2953911	671092736
67676151	4099
10286355	2147520512
22732167	4162
22655379	1048836
3554607	1610612992
36034311	671088768
75201699	1081345
37375995	24577
50566359	1610612992
78628647	83886081
53878935	1085440
602319	4311744513
79009995	1085440
59331531	1610613248
79300947	1610613248
67677447	1610613248
14763387	1081856
32852955	36865
69698883	3221356544
77139219	4362108928
36089715	24580
55769151	2147520512
51105495	4295000320
65309007	4295000065
43313943	16809985
79532607	3221229568
80461191	4328554496
28122555	2148012032
491835	1085440
25982535	83918848
3666711	4311744513
29545239	4294971456
28812675	67141633
51218895	201326593
53851071	4162
52820427	2147487746
70273011	16781314
60791799	1610613248
61895991	36865
73421643	37120
2964279	524322
31673271	2147520512
66486099	37376
23819835	16809985
33606579	1610613248
53254263	36865
12898767	671088644
26976891	16912384
3597375	1610612992
80007591	2147520512
13185507	1610613248
23039967	67141633
65515395	1610613248
61787775	8425472
41141847	4295000065
27186519	1610613248
47276787	671088768
42404799	671088768
39503055	1610613248
78265767	1073778688
76244979	1610613248
48700443	1610613248
23733975	1610613248
13775835	285245440
21071991	1081345
69916287	36866
45386895	2147487746
70266855	134217864
5629827	67108929
13999071	1140883456
21111843	1610613248
48123075	4295000065
45429015	167936
70761927	16809986
323679	4162
30995787	1074823168
58032291	17301568
37522119	150995072
21805527	671088644
48832635	2147487760
22581831	671088644
48802503	65602
75601191	4295004160
78706083	45056
34612599	1610613248
76099503	671088768
32854575	518
78259287	2148012032
62154867	1085440
1763535	1073778688
74208315	1073741860
66107991	2147520512
27739911	671088768
30857439	1073762304
1644627	1610613248
13558755	57344
30990279	2147487745
64663275	37120
68188395	524354
32851659	8425472
30197451	3221229568
12393003	1744830464
49850643	1610612992
43629519	134254592
16780287	24577
65464203	2181070848
76393371	2147520512
44536395	4563404800
28397307	36865
50561499	1074823168
307479	7516192768
55420527	1073778688
39963459	1074270208
32159595	2147520512
34192047	4362108928
12645723	2147487746
51575943	671088768
42272931	24580
28601427	1081345
1558443	4130
45023043	1610612992
69572847	1074823168
8288895	1073774656
34331691	4102
13403235	83918848
35393763	1081348
2335395	1610613248
21004599	8425472
59545695	2147520512
37547391	2155876352
64371675	196610
17610699	1081345
38513559	135184
57847287	37120
35990571	671088768
70234131	671088768
35837643	1610613248
21348363	524354
33738771	1610613248
6504303	36865
73082415	1081348
80235363	1610613248
52147479	8392706
7616595	536875520
67526139	1107296257
46184907	1610613248
76774395	1610613248
41893527	1610613248
10421463	671088768
21461115	150994945
8599935	1085440
47157555	134250497
26680107	1073775104
3248751	557057
38463663	8392705
9346431	2147553280
91047	134250497
28897887	1610613248
37165071	69206018
43586103	1610613248
76850859	16814080
11707743	83886081
64501599	671088768
30029943	1610612992
79109787	4362108928
43219983	4362076161
1825419	2147549186
76155231	1610613248
69063519	3221229568
48802827	1610613248
70566555	1610613248
36195015	561152
26005215	1610613248
56736615	1073774593
47121915	671092736
59868399	1081345
23611503	671088644
22645011	2147520512
56698383	1610612992
286743	1610612992
9005907	1610613248
3545859	133122
4857411	1610613248
66991539	2147520512
81033375	67141696
61103163	2147484674
42877191	37376
33175011	557120
59924127	1610612992
50449395	1610613248
294195	1610612992
43652523	1081345
74483067	1610613248
20915823	1610612992
39007011	1140883456
54751467	2147520512
48486927	266241
70637511	2147520512
1345899	2147549186
44046183	98320
10284411	524354
24908151	8392736
34876335	83886081
27390963	3221749760
24716343	67141633
75486495	2134016
61464747	2147520512
35528223	536871680
8216967	561152
70914207	1610612992
65876331	1073778688
40214235	1073778688
69471759	36865
29292195	150994945
8894127	134254592
62145795	2147524608
39951795	4362108928
11420679	201326593
77631051	2147520512
37323831	4362108928
46981299	135299072
40199331	36865
61219479	557568
70007331	1610613248
44749587	1610613248
38715411	1073778688
57428679	3221229568
23406411	16781313
22330731	17301568
56059779	528385
50663883	671088768
26563467	134217860
61677939	1074823168
16633191	135266308
14350287	67141633
68675691	671088768
2967519	1610613248
32747331	4294971393
60448683	135266308
36484347	524384
63828975	1073872912
81282855	135266308
141267	83886081
32666331	5368741888
21921843	33344
57818775	1610613248
7781511	1610613248
10182675	135266308
44029011	4295002112
2850879	16809986
751683	4295002112
46611291	36865
40869363	1610613248
130575	67141633
28545375	3221229568
72540687	1073745921
14974959	2147520512
63243831	1082134528
16018563	1052673
66416439	4362108928
24082599	2147520512
48231615	327681
49650087	4362076161
13588563	2147520512
255963	1610613248
4368819	4429185025
31306503	1030
28057755	40961
60105891	671088768
1194915	578
66302067	671088644
38188911	100696064
32270403	537919492
27957315	32833
4297539	4311744513
29813511	2147553280
73939395	5368713216
12915615	83918848
77751579	17301568
45291963	16814080
75867195	4370464768
29396523	1610612992
10909083	200
21663615	3221229568
50047635	1073778688
14230407	150994945
42390219	1081348
663231	35
36164235	1610612992
18009219	1073778688
2856387	134217733
7228443	1610613248
6240567	4311744513
60648591	1073766400
12539451	536871170
63289191	2164264960
62034015	67108929
59490615	1073746432
15793383	83886081
56057187	671088768
79523211	1610613248
27135003	36865
45296175	1610613248
9207111	83918848
15894147	83886081
75628407	1610613248
48493731	36865
35638059	36865
30852579	36865
23202939	1085440
36535215	518
59850903	1610612992
44925519	1610613248
782787	671088641
70026771	16842768
80394771	2147520512
9987951	553648384
37815987	4311744513
60352131	32833
46669287	4328525824
67719243	16809986
46533207	1610613248
63958575	1073746176
28800363	67633153
81118911	1082130944
64591023	1073766400
22255563	4311744513
65540343	1610613248
14059011	536871170
7401135	150994945
12452943	4102
2959095	16777732
32766447	16809985
51148263	1073778688
21038619	1081348
16067163	1085440
42196143	16781313
15052719	1610612992
36993999	5435817984
40970127	67436544
44249979	37120
25054275	37376
77398419	1610612992
14570931	537919492
80403195	2147520512
26895	4362108928
30189999	8392705
43477239	1610613248
18586263	36865
70519899	4099
36761691	2147483968
72587343	671088768
4453383	1073742084
7252743	1610612992
13281411	33284
44231511	1073778688
70231539	16781313
71171139	4113
48669339	1610613248
57515187	36866
45168195	134217860
39402939	1610613248
68047779	36865
30645219	2625536
27639471	134250497
32401299	1081345
40926387	16912384
70807611	671088768
31407915	16779268
76281267	1610613248
47581023	37376
55539111	1610613248
8944995	16781313
60267	1146880
38058987	200
52757571	1610613248
32547423	4295004160
2024355	1610612992
18800427	32802
60619755	1610613248
56213031	67108898
48595791	57344
7614651	150995072
10546203	67141633
35173119	4311744513
38000667	36865
51254859	3221229568
43719267	83886081
27473259	8392705
73051311	16801792
63462855	1073745921
10724727	36880
71468247	4294971393
18270687	83886081
31413747	800
34005747	1610613248
14496411	4311744513
121503	67141633
29655399	134218753
6148227	2148012032
53772015	1073745921
50534607	1610612992
23884635	83886081
21524943	671088768
71428719	524354
5748735	65602
77140515	83886081
56818911	5435817984
76988235	1073745924
481143	4295524352
22063431	32802
62255307	1610613248
77248083	150994945
65725023	36865
24148695	1085440
815187	67141633
61617027	8421377
58991655	37376
70856859	671088768
68492631	4362108928
26311071	3221225488
47144919	672137216
14164635	134250497
3894159	150994945
77508903	1610613248
64924095	1610613248
28410267	201326593
3661851	16910336
22444131	67141633
20762895	16801792
29202771	17301505
64252119	1107296257
5852091	4362076224
15943395	4295000065
51536415	37120
42990267	32802
1035507	536871170
69579327	2147520512
56267463	671088768
5395899	4311744513
57915975	36866
72082551	3221229568
74580591	1610613248
36041763	4295000065
75632295	1082130433
30918351	1610613248
60602259	1610613248
61031559	1610613248
5376783	83886081
60415635	17858560
72411087	57344
10889319	1081345
48391671	196610
28955559	671088768
11930007	671088644
29139267	135299072
78356811	1081348
71386923	671088768
17621067	1610613248
66558351	2147618816
75584019	1074823168
43415679	134217733
46587963	67145728
5013255	135299072
12131859	2147520512
24301299	20496
18119379	8421377
11435907	1610612992
7067091	24577
29628183	1081348
29178795	2147520512
63568155	1610613248
27287283	1081345
63274611	1610612992
71318235	134217734
59225583	4362108928
62981715	4362076161
40051587	4295000065
56218863	1174405120
32745711	1610613248
69072915	1610613248
153903	150994945
54724899	134254592
15328767	134479873
39284679	2148073472
57424791	327696
33747843	671092736
572511	1073872900
7444875	1085440
17212827	83886081
63922287	1073778688
50080359	4106
39937863	4295000065
72184287	1610613248
37477083	36880
52626675	83886081
62505759	8425472
51009591	2164264960
67607463	1610613248
297111	2147520512
62534595	4362108928
20766783	37376
77234151	3221229568
41496627	1073746176
71730039	32801
8275611	134250497
74686539	1085440
75268443	671092736
11472195	37376
35323455	4295098880
81490215	1073778688
11863263	1085440
54299487	4328554496
31277343	196610
67144467	1085440
27228315	67141633
46864011	1610613248
51982563	671088641
16649067	1610613248
21922167	1610613248
51055275	327681
64025967	135184
52687911	1085440
25320279	1610612992
15897387	83886081
408243	134217734
39826407	4295004160
13710387	4294967361
53357943	36865
13938807	67141633
57626643	2621444
23749851	83886081
23767347	1610613248
47387919	1081345
38301339	536875520
25238307	1610612992
18018939	1610613248
37095411	1074823168
64536591	3221229568
57798687	37120
37357527	134217733
29326863	135169
65749971	36865
69384279	2147618816
11765091	1610613248
2375247	16781313
472071	327696
33476655	1610612992
14254707	37120
35477031	1081348
19827831	536907776
1249023	1610612992
68483883	1610613248
52581639	5435817984
5815155	1610613248
38166231	17301568
1087671	1074790404
52837923	4102
62336631	4362108928
60221235	4311744513
67460043	4295000065
10888347	1610612992
65385795	36865
55374519	1073778688
30943299	167936
3516051	4362076161
61038039	671092736
54408027	36865
4973403	134254592
39128511	4295000320
77931723	2147520512
71234319	1073778688
41899683	32833
27239979	150994945
79625919	1081348
77295063	135266308
51407139	1074823168
61679235	2147487746
4673703	2134016
4561923	8425472
47316315	134283265
47088543	671088768
12659979	671088644
4852551	167804928
71883291	20512
3475227	57344
1236063	1610613248
15883131	67141633
36352803	671092736
17092299	1082130944
19152939	1207959680
24124071	603980032
55421823	1073762304
5214783	1073778688
4469259	1610613248
14319831	1610613248
1248699	2147520512
44595363	36866
40467279	70
23873619	67141633
63110991	20484
11089227	135266308
67987839	134217888
40390167	1074270208
38175627	671092736
66353259	1610613248
5342115	1610612992
36144795	1073745921
12169767	671088768
23517543	201326593
1464483	70
14941587	17826048
62114691	67108929
34530303	4395630592
61421655	4311744513
23694447	134250500
229719	4295002112
43688487	671088768
30795879	1610613248
40210347	97
14509047	1610612992
49491651	2147487745
81152283	671092736
19973307	1610613248
2555067	4295000065
2913735	136314881
22677735	561152
1333911	2147487746
12898119	671088768
44178375	36865
70860747	2147553280
67149651	671088768
33821715	1610613248
60660903	1140883456
64321455	3221258240
13725939	2181070848
75035811	2147487760
47045127	2147520512
66384687	671088768
75893439	2147520512
76329543	1073778688
32064663	98
19191171	83886081
8722407	17301568
63316731	1058
6464451	1610613248
15181671	4362076161
6554199	2147520512
32682531	135299072
56619975	135266308
73537311	671088768
20043615	1610613248
2544051	4362080256
65588943	1610613248
5050191	1610613248
79507983	17301568
63889887	299008
2956503	2147487760
15483315	4362076161
68643291	1610613248
458463	28672
80280075	36865
40485747	1610613248
69608811	37376
51530259	150994945
24628863	1081348
43400775	28672
57332451	671088768
79681647	1610613248
56619003	1073745921
33683043	1085440
32198151	67145728
21698607	102400
33344463	134221825
76820727	1085440
75301815	2147520512
11374995	70
49115811	2147520512
10035903	1610612992
2263467	83886081
38159103	1081345
6587247	4328521792
8331987	1081345
34433103	671088768
63321915	2147618816
3951831	1085440
30874935	134254592
66122895	1074270208
13353339	150994945
63880167	1073778688
706323	1610612992
22301247	5368709121
6994191	134218753
72858207	1074270208
37141419	4362108928
1308639	1081348
6001779	1610613248
38598771	4295000065
1435323	150994945
81737751	671088768
44903811	36865
22246167	134221825
8379291	4294971393
60675159	1085440
57333099	1610612740
60553659	36865
22954431	1085440
54373359	557120
72084495	671088644
25383783	1610613248
72159663	1081348
65569503	4295004160
34511511	16781314
40631871	4311744513
39622611	4311744513
8772951	4295000065
5874123	57344
77873079	1081345
32815047	4311744513
64218423	1085440
3273051	83886081
3786267	2147520512
43002579	2147520512
47418375	671088768
53557527	36865
1131735	83886081
28905987	8425472
2783811	5435817984
30050355	1073766400
73307271	4295000320
1547103	4311744513
14061927	16781314
47921871	1081345
30109647	1610612992
58474875	1074266176
72993315	4311744513
9006555	36865
12148707	2147520512
35882031	4311744513
51184551	16779520
22776231	36865
3050463	1610613248
38145171	2147616768
7442931	1081348
12457803	671088768
2390475	1610613248
53091291	6442455040
81167835	1081348
48043695	1140883456
3032319	135266308
56827659	1610613248
11770599	1610612992
10433451	83886081
48508311	4311744513
59811699	4295000065
68032551	28672
26990823	4395630592
4754055	4226
25695795	67141633
44694507	1610613248
53382891	1610613248
3864351	561152
47151399	4295004160
36750675	6442455040
77972871	671088896
33841479	1610613248
48411435	1081345
81498963	557120
7561515	1085440
58240299	1082163200
25530231	1107329024
26617251	8425472
44234427	36865
52751091	4295004160
20719803	2147520512
40010763	1076363264
48696879	2147520512
51809871	67108881
33391443	4311744513
5236491	1610613248
59597211	1140883456
54761187	561152
40169523	2147520512
28501635	4311744513
32898963	1081345
32651103	1081345
56283339	1085440
18920955	201326593
41342727	671088768
16631895	135266308
24996279	1073745921
8555871	1073745921
37716195	4295000576
77699091	2147520512
16442031	135266308
21659403	557120
59249235	37376
31762695	1074823168
18939747	1140883456
31304883	36865
38995347	4295000065
55136055	67108929
6645567	16809986
223239	17334272
10375779	2147520512
62511267	1610613248
16840875	3221487616
26824611	671092736
155847	1610613248
51703275	1610613248
57532359	1610613248
37583355	671088768
48448371	1610612992
66561267	1610613248
15245499	671088644
29442207	201326593
70220847	687865856
57894915	1073745921
13878867	4362108928
23972439	671088768
22965771	327681
31092987	2148532228
1530903	1085440
13739223	1610613248
50076147	2147520512
77134035	2147487746
39309303	36865
17576679	83918848
65060175	36865
81715071	2147520512
46246791	4295004160
61113855	1610613248
61601799	1074823168
2163351	1610612992
24181095	8654848
58314495	561152
29829063	134283265
41588643	5368713216
75696447	1610612992
37261299	1140883456
40803267	67108929
8831271	1074823168
509331	66576
6358503	1081348
20324847	32833
1702947	1074790404
62636007	67141633
23386971	786434
53166783	36865
19900407	150994945
48436383	1073758212
14427399	536871170
34327155	4295004160
43317183	524354
35569371	1610613248
10689087	2147520512
77620683	1107329024
69989187	25165825
75454095	4295000576
11628687	1610613248
14488311	1085440
38336331	671088768
29727327	17301568
65939187	2147500048
433191	1610612992
6767067	16814080
49418427	2147520512
33811995	83886081
77111031	1610613248
5824875	1610612992
53030055	1090535424
23954619	36865
18592743	4311744513
53059215	4295000065
27317739	134218753
31331451	5368709121
37925499	1610613248
67936323	1610613248
59264139	69648
4374651	1610613248
27937227	1081345
43341483	1610613248
65178111	4362108928
67083231	1610613248
18669207	150994945
57162027	1085440
32280771	67141633
22963827	1610613248
56560035	1085440
66607599	16910336
47167599	671088768
47408007	553648129
34273695	36865
65486235	2147549185
36982335	5435817984
76321767	1073778688
36116931	1610613248
74634699	1081360
718959	2147549216
41659923	1085440
21810711	16809985
4290087	671088644
4077867	1610612992
10949259	1610613248
69156831	2147520512
79625271	2147520512
1634583	1115136
45473403	134221826
31270215	671088768
31409211	800
70993587	1085440
43631787	196612
12570879	671092736
616575	1610613248
57980127	2148007952
35865507	2147520512
55774011	1081348
36394275	34820
56968275	2147487746
76319499	2147520512
17822595	1610613248
21002007	16809985
55524207	37120
12622395	671088768
54486435	671088768
8046543	150996992
66424539	16809985
13298259	1610612992
31403055	800
29981343	4362108928
32946267	2147520512
71489631	1073778688
12184995	671092736
21845055	1610613248
33984363	1090519041
62764311	1610613248
52958127	8425472
22276623	1610613248
70054959	2818572288
12482103	671088768
74957727	2147520512
26387535	537919492
56547075	4362600448
41067975	671092736
64043463	561152
68086011	1074008064
33935115	1610612992
2243703	1085440
2574183	4362108928
41731851	1085440
56658207	4295000320
72319071	3221229568
23104119	4362108928
14109231	1610613248
33148119	2147487746
57579987	1074823168
32113263	1085440
34869531	1610613248
77886039	2147520512
35744979	671092736
29164539	67141888
15151863	1610613248
14475027	1085440
70974471	1610613248
63804027	5402263552
25665987	134250497
7919859	3221229568
247215	2147487746
11453727	134217733
30135	557057
2010099	4395630592
47687295	2147520512
6322863	4362108928
34453515	2147749888
14455263	2180
10662519	1085440
5360583	1073745921
57695007	67108929
39884079	2147487760
69474999	32802
11782263	40961
38705367	671088768
63631335	1052676
59923155	67141633
15898035	16781313
23384703	671092736
41414331	1610612992
34877307	4311744513
46949223	135299072
19869303	524353
2296839	134221825
2126415	1085440
16791303	1090519041
63027399	4295004160
77062755	1073758212
60217023	36866
18532479	4296048640
67377423	2147520512
27861735	4362076161
15917475	83886081
70231215	1610612992
2669115	67
48122751	671088768
689475	4311744513
8147955	1610613248
22549755	671088644
41692323	150994945
17242311	4362076161
490863	17334272
26355783	1056772
46903215	36865
17355063	4353
12122787	1085440
3077031	1073778688
72713055	83918848
27956667	671088768
23874591	1610612992
51275271	327696
22172943	2181169152
42794247	1081348
39796923	4362076161
3409779	36865
76064187	1610613248
69390435	1081348
39640431	16809985
33802923	1081348
65219583	1610612992
78342231	8425472
7332123	671088768
8724027	134221825
27697143	671088768
64329879	1610613248
80479011	2147618816
44754447	2147487746
64735527	36865
32752191	2147520512
73234371	4328554496
78251835	37120
77665395	1090535424
26571	1610613248
17983947	671088644
85863	1081348
32342979	4311744513
61697703	2147520512
11824383	1610613248
60269835	1610612992
470127	150995072
41115603	1610613248
47234667	2147520512
73400907	2147520512
1094475	150994945
42669183	36866
74901675	1082163200
45030819	5402263552
66535995	1081348
24622707	67112962
68553867	32774
15817683	4130
78391155	25165825
46379307	3221258240
22512171	553648384
63700995	1081348
44810823	36866
17706927	1610612992
20198811	37376
42863259	1074266176
25496211	67141633
13999395	4362076161
38109531	2147520512
44071455	4295004160
4270647	2147614736
21998307	150994945
61094415	327681
37303419	5435817984
384591	518
24953835	67141640
9422247	4311744513
18414867	57344
4057779	1610613248
45243363	37376
29115291	1610613248
10114311	1085440
58548747	134283265
32582091	36896
42979899	1082130688
14689515	1610613248
43965507	671088768
15293451	16809985
47956539	57344
36589971	4295000065
17165847	135266308
81568947	37376
45215823	16781313
64804539	4362076161
38838855	4099
41726343	4395630592
50522619	36865
12221931	100663298
81532983	37376
52264443	1073745921
29972919	135299072
47501643	36866
24221919	1610613248
74596467	671088644
41715003	1610612992
46269147	671088768
43912371	536903684
25839327	1073774593
7665195	671088768
46346907	4328554496
15202731	4311744513
45431283	671088768
3820935	2148012032
55920135	4311777280
23779659	1610613248
54454359	1081348
68596635	2147520512
17118543	201326593
4982799	1074823168
12399483	536872964
5959983	1610612992
7898475	16809985
2349327	1085440
57064827	67141633
18928731	1610613248
25906395	1610613248
53486895	37376
19768863	1082163200
55952535	1073778688
60733479	134218753
78719367	268568576
1611579	1085440
18301467	36865
23503935	35
32973159	134221825
12029151	1610613248
55084863	4099
55672599	5368741888
28233687	1610613248
9166935	2684358656
24869271	2147520512
12896499	327696
37469631	37120
51652407	2147520512
12182079	671088641
17248467	16809985
73889499	2147520512
76807767	1074798592
1023195	3221258240
26923107	671088644
57103059	65553
33367467	16809985
17267583	67108929
8588271	1610613248
3776547	6442455040
24919167	4362108928
23326059	671088768
64539183	2147520512
56085699	1073778688
32544183	1048836
48625599	33591296
53998167	1073742084
75707139	3221229568
38999235	671092736
66683091	4311744513
81252399	1073778688
79885767	2147520512
57958095	36865
56168643	671088768
60540699	70
61696731	2147487746
58631367	2147524608
498315	4395630592
55352163	671092736
50666151	1074823168
55643115	1610612992
36392979	1081348
115347	67141633
29155791	134218496
77109411	1074823168
29771067	67141634
53139567	1610612992
55822935	36865
13934595	37376
68491983	100696064
37676343	4362108928
49210419	2147520512
61297563	2147487760
44148243	1140883456
44480991	2147520512
58872747	36865
81608151	28672
59356803	67141633
22594791	37376
15345615	67141633
59332503	37120
44979951	671088768
58546155	1073778688
33879063	134218753
21983079	2148073472
4677915	1610612992
70570119	53248
80310531	2147520512
50542707	2147520512
68511423	36866
72135687	557057
10396515	167936
35210055	4362076161
80757651	1073778688
69709251	150994948
3161271	2147483682
22902591	1090551808
531687	16814080
35103783	24577
20768403	518
25576563	4362108928
5909439	1610613248
64410231	5435817984
30135567	4429185028
78185415	1610613248
43704363	5377097728
40178271	671088768
59999943	36928
43821327	150994945
27605127	2147520512
9718383	528386
75355275	1610613248
43267287	4294967301
39554571	4311744513
13093491	1081348
33415743	1610613248
51519891	2147520512
48845271	2147516672
10624611	67141633
32293407	561152
45400503	36865
63599259	4311744513
36805755	1081348
13020591	1085440
393015	1081348
78060999	1350565888
52404411	4311744513
39016083	4295000065
67515123	2164260880
35697351	1073762304
34983255	1074823168
48066375	1074823168
31649295	67108960
75510471	800
9087879	1085440
54714531	2147520512
55980723	37376
26848911	671088644
363531	67141633
12128619	4311744513
39849087	36865
16061007	1073778688
71790303	2147520512
39302823	2147520512
56279451	97
311691	2147484674
2119935	1610613248
14043459	671088768
38265699	2147520512
80920299	2147520512
36348915	4295000065
44499135	1610613248
32756079	1610612992
26421231	1081345
48255915	135299072
72347907	36865
40424187	67141633
27947595	4102
20945631	1610613248
76274463	4311744513
66994131	16777281
72131799	1610612992
12954495	1610613248
42515283	1610613248
17152563	1073778688
32847447	49154
61237623	2147749888
44019291	4311744513
41249415	36880
4903095	6442451008
43870575	671092736
440643	4311744513
66527247	36865
79949919	53248
47746263	2147520512
11176707	151027712
27850719	16779520
60248127	1610613248
143859	16908290
19340859	561152
33771495	1140883456
17866335	134217857
19257915	1081348
41476215	4864
50706975	5435817984
22289907	1610613248
19289991	536907776
76566711	671088768
10445115	2147553280
48925947	4099
21608211	4101
41932083	5435817984
8630391	32834
27137271	16781313
7189239	83886081
63374727	134217734
77674791	4102
80831847	16809986
5306799	1085440
1645923	553648256
15196575	4362080256
3537111	1081345
55057647	36866
20488143	1610613248
1305075	1073778688
138027	134250497
50343123	16814080
71586183	1075843072
71833395	2164264960
68032227	1140883456
9781239	1610613248
19188579	102400
44237019	1610613248
12624339	536872964
72714675	32864
41276307	4362108928
60818691	2148012032
49371123	138
33878739	1610613248
28774767	2147520512
5266947	528386
68296287	4311744513
67585107	67141696
45547923	671088768
58023219	8258
77256831	1610613248
33670407	24577
48558207	1610613248
8399703	134283265
47288451	671088768
1174827	2147487746
53170023	4311744513
56723655	2147520512
36490179	1610613248
37272315	2147491844
49195839	671088768
66383067	150994945
64489287	67633216
66914427	16809985
1034859	67141633
263091	16777250
1873371	1610612992
52634775	36865
32824119	4311744513
418611	2148012032
33219723	2147520512
4366227	35
81643791	36865
63054615	1610613248
75253539	1073762304
75393507	1610613248
20600571	4295004160
55482087	2147520512
67077723	150994945
69629871	57344
25319955	53248
55437699	36865
62781159	671088768
55951887	1073778688
38071623	4311744513
35214915	1610613248
41686167	268568576
2008155	4294971393
53232231	1610613248
12184347	671088768
11398647	83886081
71453667	16781376
51344283	1081345
14718351	150994945
9071355	201326593
1623	1610612992
6711015	1056772
2232039	2147520512
54269679	1085440
21817515	1610612992
30766071	17301568
42767355	36865
34373811	1085440
59083023	4362108928
12501219	67436544
5851767	671092736
35632227	2147520512
35596263	1075839232
60125007	2147876864
3619731	1610612992
42821787	1610613248
76738755	1610613248
10503435	4295000128
53392611	167936
78474747	671088644
44842251	53248
38779239	2054
9895935	1610612992
53824827	16814080
10944723	150994945
77112651	2147487746
45471459	16814080
50336967	32836
1170291	1610612992
12210591	4102
54087591	1141112832
81072579	1610613248
67806075	3221229568
50441295	4311744513
39481671	6442455040
15600279	16801792
15629115	4362108928
55511895	53248
65387739	1610613248
1278831	2147549185
2944515	1610613248
1317711	1610613248
19390107	33652736
25542219	537133057
53928831	67108944
15415923	135266308
381675	327681
49463463	1081345
77931399	1074823168
10916211	1610613248
61197771	1610613248
52457547	800
66904383	671088768
18637779	557120
40744947	671088768
22446399	1610613248
8256171	36865
53415939	16810240
53534523	1074823168
52634127	671088768
17244903	1610612992
44345883	671092736
70990671	4102
21118647	671088768
67836855	671088768
68403207	1610613248
60851091	16809985
62393979	83918848
126039	67141633
27435027	4362080256
60921723	1610612992
18790383	545292288
39765819	33281
21192519	196610
79624623	1074823168
33074247	24577
23615391	1073774593
27634611	8425472
45581295	5435817984
18429123	150994945
28387911	4429185025
56420391	32864
38212563	8421408
498963	4311777280
27817995	4362092544
42720375	36865
37984791	1610613248
30096039	4294971393
14913075	16912384
13001799	4311744513
80178339	1073745921
80488083	24577
19685919	8425472
39493983	67141633
15065679	134217860
29004483	671088768
40381743	1074270208
49944927	1073778688
79987827	134217762
41089359	671088644
65049159	17301568
4578771	2147520512
57900099	1073778688
2380107	137216
51999411	16809985
11973747	16809985
14682711	4362108928
41797299	1610612992
10019379	16781313
60154815	143360
45210963	1610613248
58849095	8425472
2987607	5402263552
24081303	1610612992
33384315	2147520512
61979259	1610613248
9475383	2147487746
51180339	299008
52685967	1085440
71831127	2148012032
52089483	4362076161
58683531	24580
44266179	134221825
24381327	1074823168
652539	2147520512
13047807	4295000320
11798463	2147520512
71791275	8421380
37520499	37376
45400179	36865
47388891	4362108928
1721415	1610613248
73945875	671088768
73368831	8425472
71498055	1610613248
36479811	5368741888
35175711	4362092544
9332823	1610613248
18940071	1610613248
42711303	32834
27677379	37376
57605583	2147520512
67868607	8392705
62739687	268502016
38839179	1610613248
3294759	66624
32746359	57344
4568403	32833
10832943	1074823168
9392439	67108929
10825167	1610613248
56683479	671088768
17308083	37376
3921375	327696
5715687	201326624
9773787	3221356544
24070935	37120
57229419	671088768
45363	37376
5516103	561152
24587391	201326593
59018223	36866
81416019	67141633
53857227	671092736
3825795	1085440
75312183	2625536
8952447	1073745921
38815527	2147520512
39431127	1610613248
17991723	1610613248
64557327	1610613248
11690247	671088768
66523359	20484
8796603	1085440
55443531	4311744513
42837015	671088768
31456515	36865
34913271	16809985
52900131	4295004160
13616103	1610613248
21229779	671088768
10791795	3221225474
6257091	1085440
71192847	1107296512
35548635	4294987776
55396551	2147520512
22750311	1610612992
11261271	1610613248
32540943	70
2368119	524354
55605855	1610613248
26037939	201326593
741963	1610612992
37059447	4311744513
80372739	1081348
3312255	1085440
24344067	37376
67415655	524322
39212751	134283265
45653871	65793
24287043	167936
21352899	1081348
70502079	1081348
53466807	67108898
43537179	327696
47168895	561152
14229435	67141633
60159027	36865
43516767	671088768
68066571	671088768
15543255	1085440
62487291	1610613248
5739987	4102
70506939	3221229568
27424011	201326593
3261711	4311744513
67279575	2148532228
62004531	1085440
50907855	1073873408
40436499	671088768
3128547	65570
21181827	532544
16278735	4353
48743859	2147487760
60107511	1610613248
77083491	16912384
72394887	16809985
18555807	2147520512
70318047	2147520512
77895759	16797696
19590663	4311744513
4499391	1610613248
63712659	33591296
65845227	16810240
76094643	67141633
33650643	671088768
31391067	800
73028631	1081348
10117875	1085440
63001155	1610613248
30670815	17301568
14657763	8425472
18662403	150994945
77794671	16912384
11836371	137216
53113971	70
74115003	66564
11585271	1073745921
69646395	2147487746
48505719	1610612992
77360511	561152
51955671	201326593
44546439	1610613248
48686835	150995072
47656839	4311744513
5358315	561152
34413339	4311744513
21016587	16809985
3089667	67141633
4873935	57344
43131207	2147520512
78007863	671088768
49588203	1073778688
72670287	5368741888
38014275	671088644
4848987	1085440
22122075	201326593
29966439	36865
56704215	37376
58526391	4311744513
61606659	136314881
80926131	36880
19764327	4362076161
61807863	2148536320
60572127	17858560
49923867	67108870
36044679	1610613248
70457691	100663552
65531919	1146880
4835703	1049602
16351959	4311744513
41727639	2147749888
49649439	4378853376
40990863	36866
6857139	1085440
18005007	1085440
4474119	16912384
24951	4102
67717623	671088644
62817771	1085440
74895195	1074823168
73432011	2147749888
28757271	2148012032
48671607	1082163200
69642507	67112961
39954387	4362076161
234579	1073778688
37931655	16809985
45096915	4295000065
64302987	4362076224
69113415	8519682
21759519	1085440
35915079	100663297
70457367	67145728
55581879	150994945
54449175	1082163200
54367851	1610613248
48789543	8425472
54245379	1073774593
55901667	2134016
37790067	200
72379011	36865
10380315	36865
45363567	671088768
54277131	36865
58568187	1081348
78637071	1140883456
52690503	1085440
72380631	69648
78920247	4362108928
31177875	32834
61563567	524354
48454527	20481
12188559	671088768
78336399	1081408
5287035	2147483682
32221479	1085440
53099715	134217860
14903355	134254592
13279467	1085440
56362071	16777282
9100515	2147549186
9262839	2147487746
5062827	4311744513
27163515	150994945
68509803	2147520512
21019503	2147520512
54603399	16809985
31531683	134217733
49508823	671088644
30673083	8392705
64808103	671088768
3513459	1610612992
12699507	671088768
38558271	1073778688
1601535	1610613248
40070055	671088768
67383903	671088768
74748423	2164264960
16658139	1610613248
409539	4311744513
48796671	1610613248
1888275	4362108928
22685511	134254592
29475255	135266308
42009843	1610612992
28923483	1610613248
35897907	671088768
31861515	1081345
12711495	671088768
46783335	4130
55758135	37376
33369735	1085440
4415475	671088768
11919315	16777476
6096711	3221229568
53243247	2147520512
52743963	67141633
37969563	53248
32970567	3221229568
80487435	1085440
30522423	137216
69815523	1610613248
56143047	36865
67168443	1610613248
60442527	1146880
28161759	671088644
37350723	196610
53390667	83918848
18096051	2148012032
15611619	8421377
1353027	1610613248
72423723	4362076161
41052099	1610613248
29619435	135266308
21121239	671088644
54958827	671088644
26564439	1074823168
51138543	1074823168
43533939	671088768
7692411	1610613248
21137439	104
79005459	4295004160
42666915	36865
32162835	1073872900
40934163	28672
6197475	1085440
15463875	98
5964843	67141633
80259663	1610613248
14276415	2180
3207603	2147520512
71567715	1610613248
39020295	671092736
9361335	57344
17841711	4362076161
46011	268568576
57201879	1084227584
7365819	2147553280
18568119	1610613248
9340599	1610613248
1063371	1610613248
8225391	577
25576887	134250497
77344635	1081345
20443431	1610613248
9555087	1081345
63393519	671092736
72583131	69648
52355811	1073746176
80711319	561152
44577867	671088768
34627827	83918848
43942827	16814080
46707519	671088768
3313551	1610613248
12943803	3221229568
43816467	32802
24057651	4102
55933743	150994945
37565859	671088896
77233503	1610613248
46245171	36865
81500259	671088768
23401551	1610613248
50771775	671092736
79593843	1610613248
18136227	671088768
35883327	1610612992
29582499	1081345
65061795	1082134528
36291243	1610613248
2634123	1610612992
52911471	4362108928
24805767	1610613248
11685387	2147520512
5515779	4295000065
14543715	1610613248
13278171	1074823168
10327179	8392736
44088627	1610612992
44997771	2147520512
72286995	65553
1778763	2147520512
15578571	83886081
52191867	150994945
59826927	2147487746
15917151	4362108928
38418627	1081348
5218995	4295000065
51895083	67141633
30504603	8392705
29129547	67112961
16258647	167936
39564939	35
7371651	16781313
62564079	4311744513
68861343	36865
25270383	1085440
29023599	2621504
61862619	1074270208
75605079	36865
54555771	327696
38222931	36865
5401731	2148012032
25508847	150994945
31567971	1085440
26615631	671088768
62085531	67108929
19512579	150994945
2456247	1610612992
18176079	2181070848
846939	1082134528
39398727	4311744513
52389183	4311744513
36242967	4311744513
27627483	3221229568
8554575	2147618816
60404943	2147520512
38894907	67141633
57556011	1081408
79357323	1073745921
28856415	671092736
27819615	4295000320
25474827	4295000320
57501579	2147520512
5173635	67108960
41798595	331776
78346443	16781313
33485079	1610613248
772743	102400
37383123	196610
32042631	1610613248
63351723	327696
44689971	671092736
49702575	4362108928
871887	4162
48791163	4362076161
56708751	1610613248
56164431	1610612992
30895671	1081348
21554751	2148012032
7078107	1081348
26950647	2147520512
1873695	1610613248
54747903	1081348
16930299	102400
6898611	32833
3079947	1610613248
25105143	36865
49053279	2181070848
52812327	4362108928
10408179	1610612740
12937647	2147489792
13134315	196610
49652679	1610613248
40734579	36865
78321495	1610613248
26140971	1073766400
4242783	70
15046563	2147749888
2323407	5435817984
59972727	36865
77588283	1081348
18044211	1085440
19159095	1212416
78372039	1048612
31588707	671088768
33181815	5435817984
8228955	2147618816
31903635	327696
48987183	671088768
6010203	67112961
55823259	1610612992
35662035	4311744513
18616395	150994945
277347	36865
13415223	37376
50056707	67141633
3511515	4362076161
16433283	1074823168
55111755	671088644
895539	135299072
9577119	557120
34854627	150995072
43955463	4130
15681603	2147520512
1522479	327696
55779195	1073766400
18296931	8392705
1711371	1085440
23987991	671092736
20687403	16809985
52915035	5368741888
61395087	4563435520
12601011	1081348
54252831	1610612992
73157259	1081348
38635707	134218756
33415419	4311744513
4322487	37120
71785119	196610
22395855	4295000065
59387259	16826368
35858379	86016
530715	16777250
74538795	671092736
31709235	67112961
7860243	2134016
75004707	4303355905
1964739	4362108928
81226155	83918848
9075	2147489792
78000411	36865
49414215	1610613248
74731899	1073745921
2848935	67108874
46592499	1610613248
37311843	37120
37812423	36865
14141631	150994945
65745435	2147487746
31549503	17301536
37051023	2147520512
37084071	2147520512
1195239	33344
22236123	1610612992
52701195	1085440
52481523	3221356544
4589463	67141633
2774415	1115136
21122859	2147520512
208011	1610613248
47946819	2147520512
32687715	36865
68371131	67141633
14515203	8393216
44699691	2101312
53934339	1081348
48563715	671088768
64569639	1610613248
883551	4102
9442659	2147483714
52651299	2101249
40871631	2147520512
42716487	1610613248
59617947	671088644
64690491	2147487760
68950443	5368709184
26263767	1074823168
72050799	37120
74157447	37376
48284103	75530240
17159691	32833
31763991	671088768
590979	1085440
28675623	4311744513
48976491	1610612992
2323083	1610613248
73810119	1074270208
71384331	3221229568
941871	1085440
70634271	671088644
44169627	1074823168
60361203	2147520512
30419067	671088768
36721191	57344
37013763	671088768
4974375	83886081
39784935	1081348
9685659	1610613248
10924311	518
2133543	800
5835	1081348
5310363	67108929
14993751	67141633
73028955	16814080
68292723	4311744513
24572163	1073778688
64256979	4311744513
4374327	327681
7798035	1610612992
42187395	1610613248
12432855	1610613248
73886259	2147520512
31207035	16809985
35332203	2147581952
17390703	1081345
19377795	4311744513
39211779	1073774848
28940655	1610613248
62448735	1610612992
73010163	16781314
78422259	33652736
80146911	1056772
43388139	671088644
57748467	2164264960
4911195	36865
50758815	2147520512
671979	2684358656
59056455	1074790404
33262815	1610613248
71476023	2147549185
78747879	36865
59127411	4362108928
21234639	4311744513
560847	4362076161
1141455	1610613248
23852883	134250498
45053175	1073876992
8349483	3221229568
26372955	4102
78820779	1085440
59284875	16781313
15319047	4295000065
62732883	2147520512
2941923	83886081
59660391	1610613248
4242459	5435817984
28739775	4328521729
64800327	33281
36067035	671088768
39181323	4130
36092631	1610612992
67172979	36880
36452271	36866
29551071	201326593
71487687	1610612992
27779763	1140883456
50873187	1174405120
47702847	37120
50197647	101711872
14925063	536871170
65467767	1085440
2454303	1610613248
54400575	2147520512
40282599	67141633
8135967	4362108928
2505819	2147520512
59236923	561152
4437183	167936
66385983	4295000576
19728363	4311744513
79717935	2147549200
78914739	5368713216
4349379	2147487760
81033051	20481
66700587	1081348
53354055	4362108928
30941031	1115136
76013967	1610613248
30175743	671088768
47359083	1610612992
47998335	1081345
708591	32833
66658791	4311744513
21670743	150994945
78126771	33652736
68884347	1610613248
22875699	1581056
16551219	2147487746
27024519	150995072
34147335	45056
6327399	1610612740
28688259	36866
7365495	2147520512
56542863	4295004160
63637167	36865
44657571	4295000065
24466863	1610612992
9789339	671088768
1533819	137216
21490923	1610613248
29301915	2147520512
18786495	557120
36266619	4295000065
2658747	1610613248
2155575	1074823168
58489779	327744
11976987	1085440
48663183	53248
57292275	671088768
60542643	8425472
65918451	1082134528
1579827	268570624
64661655	1140883456
486003	70
80679	167936
39574335	67633216
58844235	4328554496
56831223	1610613248
71649363	2155876352
10486911	1081348
26343795	1073762304
15308355	67141633
19075179	1073766400
40147167	1073741860
64416387	37120
72782067	67141636
42048399	1107296257
67621071	4311744513
67256247	2147553280
62536539	36865
65062767	1610613248
40969803	196610
62167179	1610612992
67276335	1610613248
65636571	16781313
14444247	70
59038635	36865
39106155	1610612992
1973811	671092736
46403283	2147615744
1624539	1610613248
22707543	4362108928
43827483	4395630592
21028899	32833
26574807	1610613248
27831603	2148012032
10986195	3221225474
58709127	67141696
375195	1610613248
1172559	331776
5943783	4362076161
17379687	1081348
61691223	2147520512
62038875	671088768
2685963	2147553280
23997063	37376
77898675	28672
19740027	1610612992
35568075	1081345
54655563	4295004160
78770559	1073778688
6868479	1610612992
53555259	1610613248
77251647	1610612740
40011735	1085440
33378483	1081348
25844511	1610613248
50020419	671092736
65810235	1610613248
22493379	2147520512
3121095	134217888
42967911	671088768
23509767	671088768
57317223	671088644
29357319	1075843072
69307491	37376
58772631	2147524608
24430251	4295000065
16957839	17301568
70591827	327681
36074811	2180
24975543	1610613248
48418239	327682
37853571	671088768
59051919	4192
24683943	2147520512
9502599	57344
34407507	671088768
19008759	150994945
61171203	150995072
43886451	1140883456
60639195	1610613248
65515719	671088768
15851703	1350565888
5830059	32833
15579867	67141633
20490735	1610612992
10078023	67108929
70267179	4311744513
35644863	1610613248
77298627	1610613248
41912643	2147487746
26045391	134250500
46200783	671088768
23223675	2147483682
46892199	524354
50770155	37376
53421771	4294971456
32385099	4362108928
33647727	327696
25387023	4295000065
3092907	4311744513
52500639	1610613248
3389043	2148016128
27098715	671088644
27874047	20512
10360227	6442455040
65347239	1073778688
46720479	671088768
2669439	1610612992
2249211	1610613248
74382627	1610613248
56194563	2147520512
71578407	671088768
4486431	2147487746
70872087	2147553280
2911467	1610613248
9219423	1610612992
1987419	2147520512
55866999	17334272
56966331	1082163200
22581507	671088768
48403659	1610613248
3262035	671088896
26379759	557058
46374123	4362108928
12827811	167936
56928423	1081348
68020887	537919492
56473527	671088768
37605387	1610613248
79670631	135184
4212003	16814080
81000003	36865
22142487	1610613248
36337899	36865
61456323	1073872900
53899671	1610612992
67341783	1081348
67594179	2147553280
56306343	6442455040
73366887	150994945
60118851	1610612992
81538167	37376
81574779	1610613248
32648835	134221825
54581043	671088768
10964163	4295000065
24038859	150994945
8685147	1610613248
14632815	4362076161
27016095	150995072
21489303	8425472
29565003	134217733
51229263	1610613248
26291631	4311744513
46227675	671088768
69199923	671088644
79630455	2147520512
14715435	201326593
34239675	67108929
76996983	1610613248
27003135	1610612992
38581599	36865
38333415	2147487746
54217191	2147520512
5187891	2147484176
26135463	1074823168
19115031	36865
60401703	1610613248
35400243	135299072
52001679	134217793
2863515	1074823168
74561151	4362108928
73605999	6442455040
35681151	67108929
50863791	16814080
43721535	36865
46383519	83918848
17126967	1081348
33843747	1610612992
15362787	83886081
49675359	135266308
56165079	1610612992
60493071	4395630592
65299935	37376
61900527	1073774593
21147807	37120
11474463	1085440
53236119	36866
32619999	1610613248
422823	1610613248
21407331	671088896
12908487	4295004160
42825027	1140883456
13861371	37376
34358259	327696
45717051	671088768
42275523	36865
64226199	1610613248
11848683	134221825
39277551	36866
11896959	4362076161
39583407	1610612992
38455239	67141633
32966355	67158016
14451699	1610612992
63895395	83918848
27669603	671088768
56981883	4311744513
46260399	1610613248
63068547	1610612992
39688059	8392705
50703735	4296048640
791535	83886081
451983	2147487745
63514047	67108929
697251	2147520512
74393967	1073774593
778899	557064
54024411	4295000320
9613083	2101504
5360259	1085440
703407	1610613248
59559951	1073778688
75529263	800
73320231	1081348
24234879	671088644
72486255	70
51905451	16809985
57790587	33591296
68827971	671088768
4801359	4429185028
3093231	4295524352
66540207	16809985
27262335	671088768
31210275	671088768
60494691	1610612992
67754235	671088644
60746439	134217858
24604563	1610613248
42737871	671088768
44263263	4362108928
43612023	1082134528
54913467	67141633
80840919	16809986
70409091	3221229568
33031479	2164264960
69272499	36866
80252535	1610613248
3875367	1610613248
23429415	1610612992
80229855	1074823168
66276795	671088768
57339255	2164264960
65993943	2147520512
74836551	5368709376
44384439	4311744513
55885791	671088768
67844631	537919492
47940015	2147520512
78573243	2147520512
58021923	65554
18563259	4311744513
12443547	2147520512
70861719	1074823168
69367107	1074823168
80076279	134254592
35316651	2147520512
40782207	671092736
3022923	3221229568
1204311	36866
72792111	671088768
20080551	4395630592
55718607	671088644
55411131	1073778688
57281259	671088768
48804447	1610613248
70910643	37120
1915491	68190208
9271587	2101376
12300987	1050628
64068411	671088768
32980935	671088644
6783591	17301568
56126199	2147520512
60459375	201326593
16155291	1610612992
74912367	671088768
62294835	671088644
17505075	32833
5286387	2147483682
36465231	37376
78766347	16781313
23803311	135266308
65289567	1610613248
8234463	1610613248
44715	269516800
5167155	1610613248
11028639	299008
43672287	8425472
53226399	1610612992
28186059	1073152
49262259	4295004160
62049567	4311744513
29290251	134217733
1019631	67141633
7259871	17334272
24893247	20482
128631	134250497
69116655	1212416
59866779	17825796
627915	671088768
71244687	1610612992
75121671	2147520512
63706503	1107300352
27124959	1048582
73186419	134217794
27446367	8425472
41814795	67141633
47453691	3221229568
5022975	8392706
52845375	4311744513
599727	1610613248
5253987	1610613248
7708611	2147553280
3659583	2129921
32151819	36866
21728091	1610613248
71777667	1610612992
10607439	20512
21537255	2147491844
28191	134217857
17203755	1082134528
39821547	3221229568
65951499	1610613248
57915651	1610612992
54559335	2147618816
42276819	1085440
76875483	1610613248
8125923	67112962
36973263	150995072
37576227	5435817984
28035075	1610613248
15144735	67141633
76750743	36865
41767491	3221229568
34044627	36865
73292043	1073766400
28027299	135266308
18094431	28672
40426455	2147520512
48934371	4362108928
6218535	16809985
80816295	3221229568
42487095	1610613248
68382147	331776
6713607	3221229568
64632819	1610613248
46344315	1610613248
46490115	67141633
48287667	1610612992
65952471	1085440
70341699	37376
8782995	1610613248
33987279	1610613248
45541767	57344
24190815	1610612992
66489663	1082163200
68363679	2147520512
18244767	134217858
28909875	1610613248
378111	67112961
79632723	4106
1652079	134250497
35260923	4311744513
61233411	1610612992
51577239	1074823168
59217483	83918848
50144187	2147520512
11683443	671088768
52406679	150994945
48774963	1081345
48582183	2147520512
45014295	20512
32182275	4295229441
17638887	671088768
20018343	3221229568
22558827	4311744513
8872743	150994945
3265275	36865
41030715	4311744513
74229051	1085440
72187527	4362076672
36158079	671088768
32467071	1081345
64382691	1085440
665823	1610613248
42598227	8388641
3775251	2134016
6000159	57344
53042367	1073745921
37563915	1610613248
51169647	1610613248
47861931	671088768
73467003	36865
6752811	57344
19961643	1610613248
35505219	1074270208
2465643	671088768
15089979	2147520512
17397183	1610613248
72006411	83918848
6283335	16809985
2271891	2147489792
3568863	557057
73412571	2147520512
71794191	1610612992
46308351	1081348
15588615	1610613248
7410531	4311744513
6371139	1610613248
30278127	1610612992
5815803	1610613248
79446747	1073745921
65976771	1610613248
17747103	1610612992
10381935	1610612992
74636643	1610612992
12858267	135184
47416107	1073778688
41044971	1090535424
49651707	4362108928
23750823	4362108928
25407111	1140850689
67212183	2164785152
65029395	1610613248
24034647	1610613248
4031859	75776
3136323	331776
52876155	2181070848
65976447	1610613248
60816747	36865
77720799	2147483682
15629439	32833
35274855	36865
66896283	8421377
112755	134250497
35251203	671092736
48302895	4311744513
9460479	33536
79652811	1610613248
65466147	17301568
51284343	3221356544
23455335	65572
671331	36865
16429395	67108930
72549111	16809985
41503755	2147520512
28342227	671088768
62139639	671088644
2299107	2147483682
51166083	1610613248
78047715	150995072
36543963	1610613248
26905611	53248
33955527	83886081
27390639	671088644
40975635	4311744513
40326339	1610612992
38010711	32773
3503739	1085440
76456551	1081348
26908203	37120
14946771	36866
37993539	1085440
38576091	16814080
39272691	2180
68497167	1610613248
4361691	3221229568
28444935	671088644
46255863	1610613248
66874899	16809985
31446795	2148012032
33782835	16814080
28316631	671088644
70981599	8425472
13079235	196610
7868343	16809985
79257855	1073746176
71067783	33587201
61030587	135266308
5547531	38912
1719795	1610613248
49352007	2147520512
34868883	1610613248
50358027	37120
63766443	2147618816
78368475	2147487776
18896979	671088644
3974835	2101249
12990783	2147749888
70628763	2181070848
57585819	1085440
21861903	36865
1920027	135266308
740991	16777250
31741635	1610613248
13694187	8425472
37365951	196610
32029995	1610613248
17363487	32833
71255379	772
3227367	1610612992
66120303	67141696
60988143	1610613248
33558303	134283265
56518563	3221229568
51390939	2147749888
49620927	135299072
7670703	4362076161
8878251	4362076161
29125011	2147520512
67426347	37376
6575259	1074823168
36736419	1081348
1885035	2155872257
66390195	4311744513
923403	40961
47624115	1081345
67591587	24577
61561299	1074270208
32238651	4311744513
24994659	1085440
56863299	557120
6338739	2148012032
17208939	4311744513
413427	1085440
42031551	671088768
3689715	1610613248
15107475	83886081
1799175	1073750272
24741291	2147520512
336639	3758096384
11437527	4296048640
54987663	1610613248
75015399	2147520512
77593143	1140883456
14639943	4362076161
10207623	1610612992
1262631	528386
54635475	1610613248
14594259	1610613248
674571	1610613248
59874879	83886081
26696955	261
28825311	1610613248
69278655	34824
29288631	4362108928
35746275	1610613248
59627667	1610613248
70762899	1610612992
64236891	17301568
54567435	2147520512
20991315	16809985
77453175	4311744513
70516983	4362076161
62482755	1610612992
40386279	16912384
35625099	16781313
34999779	1140883456
26454279	1610613248
59802951	536875520
25544163	536871172
9030207	67141633
22491111	671088644
20537715	1085440
74572491	1610613248
7392063	1610612992
74395263	1610613248
23663343	671088644
8392251	4099
3259443	1610613248
44062707	1610613248
469479	150994945
14992779	67141633
49289475	1081348
14334411	2054
1214679	2147520512
62607495	1081348
40964619	1081348
72435063	1610613248
80418423	2134016
34296051	1610613248
32550663	4294967301
71998311	16809985
61318947	1610613248
14069703	4311744513
694983	8429568
19174323	524293
2546319	1610613248
55215759	1610613248
68338083	1074823168
78826611	1081348
58935603	36865
65629119	36865
44076963	2147520512
48639855	671088768
12372915	134221825
18564555	36928
42441735	1610613248
47381763	4295004160
137379	67141633
53106519	1085440
81018471	1074823168
63474519	1074823168
30809487	1074790404
33883275	67633153
54172155	8425472
25104171	28672
30747279	1073778688
47756955	671092736
73586235	100663360
64694379	1610612992
69557295	67141633
4188999	4311744513
47345151	1610613248
8182299	2147487746
54511059	57344
77558475	2148040704
79244571	67158016
15854619	4311744513
7806783	2147520512
65220879	36865
49402227	83886081
188571	1610612992
36424407	1090519041
51980295	1610613248
68001771	1073778688
61644243	1610613248
38994375	1610613248
172047	16779296
45572871	4311744513
3256203	83886081
64512939	1610613248
45638319	2147520512
23307591	53248
59341899	16843776
56675379	2147520512
15286323	1610612992
81130899	671088768
63686415	1081348
17663511	687865856
46408143	53248
81112107	2147487746
35947155	28672
2623107	2147483682
17919795	4311744513
81348303	1610613248
66480915	671088768
37561323	16912384
38656443	671088768
39167391	4362076161
36619455	36865
30644247	2147520512
6899907	68608
3157059	4226
71109903	4362108928
29586711	2147520512
26829471	671088644
23419047	4294971393
28581339	150994945
5125683	1610612992
12856971	131090
16824675	2147520512
56570403	37120
10780779	167936
53224455	1107296257
3037503	5435817984
42286539	53248
42423591	32833
8279823	36896
18620931	4102
64800651	36865
46328115	134283265
3035559	1146880
974271	2147553280
56307639	2147520512
80617683	671088768
5839455	1610613248
29812863	2147487746
29075763	83886081
38907543	671088768
67827783	36865
18959835	83886081
7284171	28672
4433295	1074270208
77845863	4311744513
3333315	1610613248
63730803	1610613248
27459975	201326593
67739007	4099
28875207	1610612992
72688107	36865
45436467	299008
60423735	671092736
2204499	1610613248
19078743	1610613248
76207395	1174405120
70234455	67108929
530391	4311744513
70310271	4295004160
40142307	36865
56436267	1610613248
34825143	1610613248
40637703	4311744513
47278731	1081345
23062971	1081348
6235383	4353
42798459	4162
47642907	1610612992
7159107	1610612992
16255083	1610613248
64358067	1610613248
77752551	2147520512
71370723	1610612992
27439239	201326593
19940259	2147520512
20681571	4295000320
57260199	671088768
31673595	83918848
45411519	1610613248
48619443	36865
7130919	36896
58128843	528448
12301959	671088768
79824531	36865
56680887	53248
70876299	2147520512
43657383	1610613248
66856107	4295004160
38844363	1342193664
8327127	1115136
264711	4294967361
599079	4311744513
67757151	1082163200
28842807	671092736
15668967	1610613248
30511083	1073778688
24341799	134250752
47670123	1085440
14601387	2147520512
77513439	36865
40998315	4311744513
79911687	1082134528
81262443	2147520512
64171767	1081345
43197303	1073774593
56309583	1610613248
8527359	53248
336315	4362108928
52754979	4362108928
16748859	32834
11142687	2147520512
11188371	1610613248
28893999	36928
9023403	4362108928
34388391	4362108928
15056931	1081345
72211179	1610613248
55340823	1081348
70494303	4294967361
5348271	16810048
23083707	1610613248
58250343	37376
54766371	37376
49265499	36880
6022515	134250500
45033087	1610612992
62613975	67141696
52401171	1610613248
19139979	1610613248
67972287	1610612992
79642443	1073778688
42886587	4295000065
46868547	671088768
70181643	1610612992
3434403	4362108928
71349663	16908304
18161823	67141633
23958183	17301568
24135735	2147520512
47437491	2147487760
4703187	1610613248
49055223	671088768
1504983	4295004160
466563	2147487746
47327007	1610613248
22605807	36896
13771299	67141640
75562635	1073778688
47613099	1074823168
38087175	16779520
13361439	32833
62526171	3221229568
72080607	2147811328
4107999	4362108928
61427811	4362108928
6154383	327696
36372891	8392705
66280035	5368709121
3181683	1081345
21136467	557120
22413351	150994945
70410711	4102
71809095	1073774593
9130971	1085440
26397255	1073876992
54322167	134283265
72814143	4295102464
19408575	2147520512
35614083	1081345
4155303	83886081
8892831	1610613248
12527787	671089152
32243187	1610613248
2432271	2147487760
35993811	1610612992
3189135	2147520512
21030519	16809985
65898039	16809985
61868775	1610613248
49903455	17301568
69586779	4311744513
12220311	40961
46294419	4311744513
27886359	2147520512
77188467	135299072
26374575	201326593
46978707	536875520
60809295	1610613248
81261147	37376
78090159	1610612992
51707487	5368741888
66230139	4311744513
40924767	4311744513
9858027	2147520512
32595699	5435817984
38284167	671088768
14938023	1610612992
72560451	134217733
68976039	1610613248
1136271	1610612992
68030283	1610613248
34680963	36896
1929099	671088768
180795	1081345
2080731	1610613248
81266007	1073774593
81619167	1610613248
2992467	1085440
50588067	102760448
63232167	67108929
526179	545259521
50480499	16781313
74754579	8392705
46636563	67145728
29434431	36865
43347315	1082134528
79101039	4294971394
75552591	671092736
32968299	201326593
34406859	1610613248
62270859	1610612992
37040007	37120
25666635	1085440
61218831	83886081
38102079	1074823168
267627	1610613248
35644215	1610613248
30115479	36866
21904347	1610613248
54210387	671088768
1518267	1048580
39857835	1081348
71377203	1610613248
13944963	67141633
76092375	1610612992
69743271	36865
8109399	167936
27878583	1610613248
12622719	36865
13501731	83886081
45425775	4311744513
10706907	36866
45202863	4362108928
26481171	150995072
80252859	1073778688
53330079	4311744513
50786679	37376
24293523	1085440
25942035	671092736
67699803	1107296257
59943567	1610612992
48023607	2147520512
1840647	1085440
36376455	1610613248
49159875	2147520512
14671371	1610613248
53971599	83886081
19928271	5368709121
28495155	201326593
49122939	135266308
34728591	2147520512
31784403	137216
51614499	36865
19647039	327696
36984927	671092736
52556043	2147520512
2214543	150994945
80003055	1610613248
2648055	1610613248
443235	1115136
9622803	1146880
43828455	671092736
20497215	4329046016
77697471	671088768
36606171	36865
63564915	1610612992
77273031	1081348
70472919	1081348
47322471	1610613248
35511699	67633216
47714511	1610613248
12550791	138
36797655	4294971393
22133739	201326593
1431111	672137216
44007627	671088768
40728747	2147520512
69382659	1610613248
23655891	671088644
38491527	327681
39803079	1610613248
37801083	2147520512
7095603	1610613248
2387883	1610613248
22297035	2147487746
2661663	3221356544
77768427	67108874
4399923	136314882
43394295	1610612992
23940687	37376
22187523	671088644
64508079	2147520512
59467287	83918848
62922423	2147520512
3134055	1085440
183063	1610613248
70101939	671088768
64603983	2147520512
34072167	53248
43716675	1610613248
24179151	4362076672
2315955	1085440
47787087	2147487746
63623235	2101504
76433871	671088768
79581855	2147553280
79132791	2147614722
14481507	1085440
920163	1610612992
27982263	1073774593
18927435	83886081
16982463	83886081
868323	4311744513
27318711	134218753
75866547	671088768
51684159	4311744513
62781807	1610612992
31906551	57344
69104991	36865
72532911	53248
8561055	134217733
42485799	671088768
67659951	4395630592
29912331	36865
43789251	671092736
57261171	671088768
70526703	36865
47002035	800
41819331	1073745922
66003015	1610612992
14799675	671088644
58019007	100925440
39950175	671088768
52083327	1610612992
14057391	671088768
80395419	2147520512
69989511	1610612992
72773967	5435817984
63984495	32833
594219	2147520512
22890927	4362076161
34027455	4295000065
69762711	1074270208
2742339	32773
23410947	4295524352
23306943	134221825
5449035	524354
77398095	16908290
27690339	1140883456
53821263	671088768
13490715	134283265
25674087	1081348
35418387	3221229568
60836511	167936
1956963	3221229568
63296967	2147516418
20878887	201326593
25152447	4295004160
16276143	1610613248
3094527	1115136
14408283	1081348
54552531	3221229568
78012723	150995072
43345047	4362108928
28126767	671088768
39858159	2147520512
39205623	201326593
41519631	16781313
80457627	2147487746
37346187	196610
14140335	1610612992
70676391	2147520512
61478355	2147487760
64013331	1081345
526503	137216
48139275	200
15689379	83886081
54589467	1073778688
71565447	36865
71678199	1085440
53627511	671088768
65728911	1085440
79741263	2147520512
50990151	1081345
59558331	1073778688
35125491	36865
65956683	137216
35211027	2147487745
6604743	1074008064
705675	4295004160
60936303	671088768
72293799	83918848
56652051	4102
9858675	83886081
7833999	1610612992
77031003	37120
27649191	17334272
17623659	28672
30957879	1081348
41698803	4362076161
17028795	67141633
20938827	2180
49650735	1610612992
66876195	32774
52588443	561152
51798207	83886081
37380207	196610
62605875	2156396544
43630491	83886081
53926887	1074823168
12239103	36865
268923	164
26783787	4362076161
46921035	1610613248
3248103	151027712
3005427	276856832
32174499	1073778688
33500631	135266308
61193235	57344
46882155	1610613248
13497519	1610613248
42868443	671088644
70722723	1610613248
48977463	1610613248
18229215	8421377
2229447	671088644
81135435	1610613248
58775547	2147524608
53186547	2147520512
27818967	4295000320
50039535	2147553280
78825315	36865
23368827	8425472
13292103	2147488256
7296159	2147488256
31196991	2147487746
67426671	37376
22741887	4311744513
73202295	671088768
25111623	1107300352
33153627	201326593
17824539	4362076161
69628575	1140850689
76110519	4295000576
2059023	4395630592
12090387	2147553280
57915327	4395630592
259851	134250497
7138695	1610612992
37660791	1174405120
32002131	2147487746
9320187	67141633
24657051	1085440
15074427	671088644
66770247	1610612992
12932463	4295004160
31571211	32833
13717191	67141633
73609887	2147520512
52218111	671092736
37074999	4864
32453787	32802
41555595	32771
47647767	2147520512
24726387	2147549200
35983443	1610612992
75789111	83886081
1219539	2164264960
72235803	37376
15567555	83886081
28052247	1140883456
27930099	163841
21797751	1085440
12755235	4311744513
18328035	1610613248
62075163	67108929
46561395	143360
13671183	671088768
22183635	671088644
49350711	1073778688
65767143	1610613248
13981899	1610613248
502203	1085440
45325983	3221356544
36248151	4295000065
25689315	4311744513
66294291	1073774593
55264359	1081856
64507755	4311744513
59656179	4362338304
29594811	201326593
42215907	1610613248
7568967	524384
23730735	1610612992
26398551	36896
49492947	83886081
78218463	33652736
47762463	1085440
26067099	83886081
60318111	1610613248
21400851	327696
6375675	37376
79679055	4362108928
69577059	4295000065
49549647	1081345
69332763	1074823168
59066823	671088768
30383103	327696
59654559	5368741888
58614519	37120
20542575	201326593
76037295	671092736
27657291	4311744513
56419743	1610613248
45219387	671092736
74668395	577
39849411	2147520512
17771403	1610613248
31671327	1610613248
3460323	1610613248
52722903	36865
75620955	83918848
34084479	83886081
57533331	2147520512
8101947	2147520512
10310655	83886081
70533507	4311744513
34731183	17334272
695955	16843776
39644967	4311744513
2146827	2147520512
68333223	67141633
38891019	36865
55427331	83918848
56874315	3221229568
40498383	4362108928
62070951	36866
64068087	36865
12905895	671088768
495399	4295000065
28857063	67141633
4791963	65793
40963647	83886081
34549419	1610613248
24843675	1610613248
30239571	134217734
7300695	671092736
73202619	800
43799943	1610613248
62789907	1610613248
17303871	4311744513
60973887	1610613248
41251683	4295000065
43851783	671088768
49381815	142610432
31699191	2147495936
2056755	1610613248
23877183	4353
24577995	36865
22645659	138
54767991	4362108928
55675191	1610613248
53297355	1073778688
14799999	671088644
72735411	98
18631623	1610613248
37527951	4295491585
44993559	671088644
58119447	67141633
75929727	1610612992
24973275	4295004160
53307399	3238002688
45452991	134221826
47378847	2147487745
2877123	1610612992
1645275	83886081
72432795	8527872
46362459	3221229568
61291407	134217733
77779767	36865
14389167	1074008064
71973039	1610612992
70054311	2363392
11555463	1610613248
43676499	20481
16095675	83886081
4489671	134217857
31436103	37120
167187	4311744513
23354895	1074823168
44475483	67141633
37359147	2147745808
12173655	4311744513
55263387	1074823168
38863479	1610613248
913683	2148012032
34219911	1610613248
46972227	2134016
33183111	2147811328
6812427	1610612992
44992911	3221229568
59907279	1610613248
62817447	1610613248
58985499	4395630592
65858511	1048582
1766451	4395630592
7835943	671088644
26552127	150994945
351219	1610613248
29487891	1074823168
9723	1610613248
15896415	67141633
23679219	37376
760755	70
42688623	1610613248
15798567	1610612992
27943059	2148012032
7881627	1610612992
64970103	1610612992
30765747	1085440
37702587	1074266176
34191075	1610612992
1923915	1610612992
3221535	1610613248
80284935	3221229568
78255399	36866
32840643	20512
10776891	2155905024
16045455	37376
61513671	1610613248
18177051	4295000320
47525943	32833
2385291	1085440
56463483	4295000065
23554803	134742017
15718215	36866
2005887	134217857
37373727	4295000065
64534647	2147487760
64107615	671088768
61583007	1074823168
42624795	134217733
22429227	671092736
28915707	1073778688
2154927	2147520512
24060243	16809985
72671259	32773
556635	1085440
74011323	1610613248
159411	8425472
50917251	37376
32226015	4295004160
35929335	67141633
47758899	1610613248
17956083	83886081
61242483	36865
58319355	16809985
11573931	1146880
32018007	20512
39187155	1610613248
771123	150994945
72292503	4362076161
37259031	5435817984
43324635	2147618816
13158291	40961
20358867	1140883456
59234331	1610612992
10713711	150994945
44989995	4311744513
11185455	40961
57881631	2147520512
34837455	2147487746
246891	553648384
40002663	37376
29513487	1085440
36981687	5435817984
155199	4311744513
3196911	36880
32320947	4362108928
80363019	36865
3732807	2147520512
60656367	1610613248
2541783	1073778688
41788551	671092736
2563167	67141633
81518079	671088768
47548299	2147520512
5396547	327696
60286035	67112961
53621679	1610613248
66229167	37120
30167643	1610613248
34165803	1085440
14666511	67158016
43215771	524354
40232703	3221229568
9960411	1610613248
47339967	1081345
19935075	37376
23995119	671088641
16644531	136318976
58766799	36865
75611235	1610613248
76254051	67141633
78504555	2147487746
70282083	134250497
19130259	1073745921
1733403	67141633
385563	2147553280
32316087	2148012032
78518487	37120
14501271	1081348
65716599	1610613248
21302355	67141633
78583611	36865
52800987	36865
52015287	4311744513
67880595	36865
36011955	4295000065
40441683	37120
40151703	4311744513
12286083	5435817984
78924459	67141633
68543823	1610613248
27132735	4295004160
80476095	3221229568
38346051	2147487746
63335523	4294971648
66082071	671088768
23598219	32802
38003259	36865
40717731	1073745921
1170939	1048836
24019095	4295000065
53642739	671088768
60832623	1610613248
65237727	134283265
56945595	1074823168
58659879	561152
60026187	1073778688
62544963	1610613248
37299531	3221229568
26799339	8425472
19691751	1085440
23901807	1074266176
1562655	518
34286979	1610612992
64260867	17301568
33185379	671088644
79892895	1610612992
31139319	2621504
24753279	327696
48544923	50331649
4475739	1610613248
60299643	4362108928
79194999	1610612992
26395311	671092736
15765519	1081348
48634023	1073741860
15719511	1610612992
46297011	4311744513
66846063	1610612992
37349751	196610
14067435	1610613248
15649527	2147487760
58114911	4328554496
60391335	1073774593
42473487	1610613248
9976287	4362108928
30984123	671088768
75403551	1073745921
79230639	3221225488
70863339	1074855936
61489371	4362092544
26913711	1610612992
48701739	4362076161
8751	37376
75146943	2147549186
47124507	1090535424
54382755	1610613248
73218171	1610612992
68634867	4362108928
44878863	1610613248
21593631	1074266176
68529243	36865
73606647	36865
50539467	3221229568
52878099	671088768
30460863	1610613248
48997875	2147487760
1125255	2147487745
2163999	1048836
49551267	16809985
9578091	16781313
36418251	1074823168
67653471	537919492
52379463	67141633
5552067	1073766400
27883767	1073762304
31149687	36866
20273007	2818572288
17770755	1085440
4353915	16809985
5885139	150994945
75917091	67141633
26260527	83886081
55885143	83918848
47215875	17301568
40067463	1081348
11432991	40961
6735963	67141633
16751775	1610613248
50091375	67371009
44329035	37376
78360051	1081348
43881591	36865
53623299	24832
3257499	4311744513
62045679	67108929
1841943	671088644
65381907	4328554496
25726251	37120
14421243	2147520512
25678623	1610613248
46741215	1610613248
31153575	2147520512
27941763	67141696
36596127	1073745921
64193151	83886081
81227451	557120
46500159	671092736
14831427	2164264960
67485315	1081345
57206739	1610612992
35347107	2147520512
52495455	1610613248
55810299	17334272
71957487	2147484674
348627	1610613248
58406511	2101504
44150511	1610613248
27505335	1085440
555339	2147487746
49718451	32834
68557431	4378853376
65600607	1074823168
66979875	671088768
5967111	67141633
63267159	561152
16931595	4295000065
25385403	671092736
4392471	1610613248
53473287	2148012032
7521339	1610613248
38054775	1081345
61011471	16809985
2108919	1610613248
39204975	1610612992
38805483	1610612992
67426995	1082134528
488919	1107329024
8852979	1245184
79850451	2148007938
53561739	671088644
71523003	671088768
77548107	4295163904
64736175	36865
78546675	2147520512
65279847	2147618816
53647923	70
1246431	671092736
41499543	4311744513
5962575	1074823168
63887295	537919492
30103491	1073766400
63752511	1610613248
43211883	528385
21842787	4311744513
61978611	2147520512
9965595	67108929
26777307	36866
1789455	393220
54447879	1610612992
76086219	1140850689
41378043	65793
77223783	2147553280
81600051	1610613248
1008291	134250497
60722139	1610613248
68368215	37376
31071279	1610612992
55588683	4362108928
30756351	16781313
52894623	671088768
62148063	16781314
5187243	150995072
30083079	1610612992
69847275	4294971456
40032147	1073774593
5939895	1081348
49062675	1610613248
61535703	2147520512
31681371	2147520512
74295471	1610613248
57224883	4311744513
5036259	1074823168
47195463	327681
26483439	4295000320
40492227	671088768
55488891	1610613248
68736279	1610613248
13141767	83886081
61828275	2147487745
1077627	2129921
11933247	1085440
30956907	36865
52315635	671088768
8017707	2147811328
20615151	1610612992
34237083	16389
46519599	2147520512
40122867	671088644
12612675	671088768
55288659	1610612992
44950791	3221229568
12198927	4294968321
66169227	4362108928
69107907	4295000320
69805803	4295229441
75782955	1610613248
63710715	4311744513
37763175	201326593
27497235	37376
33654531	331776
37780347	1074823168
63302151	1085440
70878243	4362080256
12911403	671088641
80320575	1073778688
15449295	1081600
13846143	1085440
6716847	32778
79188843	1073762304
47471187	1610612992
43582215	1074270208
12725103	4311744513
51308643	1081348
54704487	83918848
65487531	4106
60966759	17334272
56965035	671088768
23198727	671088768
76279647	2147553280
63976719	2148012032
30652995	1610612992
51356919	1073778688
4142343	1610613248
68144007	36865
60398787	671088768
47028927	1085440
62631147	1085440
54733647	1056772
55203123	1085440
22531287	4295000320
76608507	1074790416
14662947	1081345
26811975	32802
25098339	4295000576
33775707	1081348
3463563	4295004160
36420195	1073745921
30848367	1082134528
40426131	36865
4482219	2148012032
2106975	4311744513
81384915	3221487616
40606275	4295000065
65329743	67141664
63410043	1610612992
13275903	1610613248
44959215	167936
70632327	2147616768
19353171	327696
64036983	97
790887	2147520512
65228331	2147488256
66252495	1610613248
43148379	1074266114
16477023	150995072
35914755	537133057
41795031	4295000065
62011983	1610612992
33894939	4099
72341427	36865
38781183	2147553280
24814515	1610613248
76929591	16809985
1089939	153092096
5154843	1610613248
10086771	2147520512
24733515	4429185025
10813827	33558532
39158319	2147487746
20897031	268568576
79933071	5368713216
68388303	671092736
61517235	671088768
48979731	1073774656
75004059	1074823168
6579147	16777474
71842791	1085440
7483431	1610613248
38543043	134221825
79946679	1074823168
4752759	2147483682
48220599	1140883456
77120751	671088768
63966027	1074823168
40822707	37376
48580239	5368709121
1005375	1610613248
63706179	4311744513
70423671	1610613248
24005163	2147520512
32823147	1081345
1091235	1610612992
44026095	1081345
1602831	1081348
43728015	4226
9294267	671092736
36742251	1610613248
46772967	1085440
16591719	1610613248
27000867	2147520512
81092019	2147520512
2545995	1081348
31402083	800
56888247	1610613248
78032487	1082368
63833835	67141633
31395279	800
6260655	3221229568
71082687	2147495936
39134991	32833
38785719	1140883456
57698571	67145728
2038611	518
57690795	1085440
378759	4362108928
6815019	67141633
51518919	671088644
68315403	1610613248
60854007	16797696
32376027	4102
18147891	2148012032
62269887	1610613248
57573183	1140883456
70104855	1074823168
26388831	1610613248
69727071	1610612992
60994623	1610613248
23885283	2147487760
61171527	1610613248
13184859	2181070848
75733059	1073778688
46876647	4162
51179367	35
2996355	135299072
20541927	1610613248
8814099	134221825
79907475	2147520512
46280487	4294967301
62969727	37376
21483795	28672
8076351	42
1505631	1146880
15348855	1090519041
47098587	4311744513
40574523	1081348
57356427	671088768
57332775	671088768
49925811	1074823168
19528131	1610613248
35720031	4311744513
55120503	1610613248
8893803	4102
29038827	17301568
50349279	1610612992
55225155	671088768
70549707	75497473
7750083	1610613248
33593619	2147520512
48834903	1081345
55852095	1610613248
55953831	1085440
119559	67141633
25205259	1610612992
53812839	1074823168
12106587	1610613248
7393035	1610612992
25125555	1610613248
2119611	150994945
68328363	2147487746
79292847	1610613248
37433667	1085440
67720215	16781314
63508539	1610612992
23909907	2148012032
47207451	1140883456
25547727	4362076161
69480183	36928
23544759	1610613248
80539923	1074270208
44380875	4395630592
75546759	3221229568
10204383	134221825
43588371	16809985
38493471	167936
72390999	1081345
25103523	1074298880
67640835	1082134528
31251099	1085440
38767899	1073762304
13597635	83886081
37736283	150994945
62638923	1610612992
60860811	2147520512
11990919	4311744513
74749071	1610613248
32226339	67141696
7926663	1082146816
5353779	2147520512
67982979	1610613248
41472003	4162
55482411	2164264960
28525287	150994945
12815175	1610613248
811623	67375104
63789123	4395630592
43447107	671088768
76348983	4378853376
43220955	671088768
30104787	1085440
23848023	3221356544
38792199	2147520512
25627431	1073775104
2983719	3221225474
58906443	5435817984
106923	67141633
19347339	135170
59988279	201326593
58389015	1610613248
34995891	32834
68493927	98306
68307951	1610613248
16216203	327681
25013775	134254592
31531035	671088768
8611599	163856
47531127	1081345
34829679	67633216
18606999	36880
31399167	800
40494171	83886081
74408547	1073775104
4976967	2147520512
42063951	1610613248
47453043	327696
67067355	1610612992
9528195	1048896
58586979	1610613248
46296039	36865
34048191	1085440
67534563	2155905024
6711339	40976
35826627	4311744513
56115183	1085440
50611719	1610613248
3321975	37376
29008695	1085440
19935399	2147520512
21522999	150994945
9605307	2155876352
80133951	1610613248
39812799	134217733
40811367	16781313
21564795	1610613248
37440795	1610613248
35707071	4295000065
45138387	671088768
4865835	38
31352835	671092736
20539659	2147520512
5412423	67142144
34078971	32833
76968147	4161
20011539	671092736
15852027	1082134528
13662111	1081345
33935763	1610612992
64415415	3221229568
72301899	3221225474
69686247	100696064
14604627	1610613248
1754787	8454272
40550223	150994945
47125155	1073778688
77326815	83886081
43654791	2147520512
56102871	4362108928
22459035	671088644
65656335	4311744513
75482283	2147520512
67976823	1610613248
70829643	16814080
25361427	37376
1851663	1610613248
19322715	2147487746
27674463	83886081
5816451	2147520512
75902835	16777221
47931591	671088644
60131811	1610613248
47898543	67141633
54571647	2147520512
9057099	8425472
79165839	1610613248
62293863	4311744513
79498263	1074266113
3382887	2101504
49942983	4395630592
26384295	1073762304
6140451	1610613248
71055147	1140883456
61342599	36866
44188419	2147520512
26170779	1146880
59058723	4362108928
7000023	4429185025
77387403	2147520512
36465879	4295000065
37005663	671088768
6241539	1085440
30875907	1081345
62210271	1081345
25156983	2147487746
73383087	16814080
30388935	4099
81326595	16801792
73843815	1074823168
80826663	100663808
60674835	3221229568
26576751	75497473
26449743	2148012032
38980119	37376
3729243	1610612992
18925491	32833
27979023	36865
20816679	83886081
45001335	12290
40577439	4294971393
8209191	577
15698451	167936
60989439	1085440
13211103	100696064
20602515	1085440
57044415	4395630592
42409659	17301568
68708739	561152
59713851	16809986
72478803	16809986
39198171	1085440
36624639	67141633
77831607	135266308
25654647	3221229568
4254123	2147487746
42365595	671088768
67046943	1610613248
40602387	1074823168
33958443	2147614736
17588667	2147520512
4364607	671088768
28648731	142610432
48710811	17334272
39410391	36865
37478703	1081348
61643271	1081348
51631347	4311744513
69026259	37376
27451227	1610612992
63145659	2147520512
20389323	150994945
27285339	5385486336
15786579	83886081
2393391	83886081
49669203	36865
33266055	2147487760
5605851	3221229568
2061939	1085440
38094951	20481
65260083	37376
59117691	4311744513
5747115	83886081
47275167	2147520512
58231227	37376
38380395	4362108928
54537951	4295000065
25592115	3221229568
57137403	1610613248
20131419	134217794
7112451	32834
54490971	67145728
26926995	2147520512
29786295	1610613248
40211643	67141633
78241467	1081345
47609535	671088768
37487127	37120
17470083	67141633
73215255	1610613248
31425087	4362108928
14975283	1610613248
63676047	1610613248
1780059	1610613248
70826403	5368709121
28494831	201326593
77025171	36865
36647319	2147520512
69341187	1610613248
27106167	1073762304
79119507	671088644
7588731	2156396544
25780035	1610612992
23284263	150995072
68022183	1610613248
41062791	4295000065
40760499	36865
2379135	1074823168
2234955	1610612992
12133155	1610613248
60044007	24640
5874447	1610613248
353811	16781313
7748139	2148012032
1852635	524353
50774691	1610613248
27075711	36865
122799	67141633
72225435	1085440
45015915	1610613248
47509743	671088644
19652223	36865
53930127	2147520512
45465951	4311744513
40028259	1610612992
71394051	1081345
45223275	4311744513
60384531	1610612992
34114611	8392736
59087559	4362108928
2144883	1610612992
66445923	4362600448
49906695	1090551808
51036159	1073745921
4262547	557120
43296123	671092736
34022595	4295000065
34611303	2147553280
64862211	4130
56951751	672137216
15432771	83886081
21306243	1073746176
80377275	8409088
56778411	4099
61846419	16781313
64464663	6442455040
2768907	16387
17538447	524354
72383871	4295000080
56138835	1610613248
45180183	16777473
77037159	1081345
36196959	1081345
2930259	139280
9021459	134217857
7100787	4395630592
59801331	36866
68193903	4099
8569155	32773
7463019	1610613248
37421355	5368971264
53838759	1610613248
12883539	1610612992
52675923	1610612992
2922807	16912384
40332495	1081345
47303355	67141633
12400455	536903684
55709211	1074823168
19558587	67633216
730623	1610613248
315903	1610613248
42659787	4296048640
41535831	134283265
67172007	536870918
63874983	561152
61704507	1610613248
73835715	1140850689
76101447	16814080
31869615	671092736
37361739	2147520512
58380591	37376
10918803	1610613248
73744347	4362108928
34578579	1610613248
33340899	17301506
35325075	1610613248
41335275	1610613248
77425311	544768
9048675	671088768
40320183	1140883456
29899047	1081348
31048923	1081348
50598111	17334272
49433655	1107329024
24999519	24577
12492795	671092736
53699439	1610613248
36020703	1610613248
2999919	4378853376
43012299	671088768
41696535	4295000065
17307759	1610613248
38826219	1610613248
46668963	671088768
50267955	1610613248
37904763	1610612992
66065223	1610613248
51843	2148012032
55306803	69648
66249903	16809985
11020539	1073746432
37605711	1081345
79571811	2147520512
53712399	2148012032
43776939	1073766400
76021095	2147520512
78881691	1610613248
71358087	1610612992
47747235	4362108928
13841607	1610613248
70095135	1610613248
44277195	67108929
1468371	1085440
37642647	4296048640
58748331	671088768
53691015	671088768
67217367	36865
50364183	4395630592
25190031	1610613248
12874791	1073778688
20337483	33793
76570923	4311744513
16700583	1610613248
55785675	5368741888
28956531	1610612992
30686043	2181070848
36393951	4370464768
76335699	36866
2695359	16781314
24502179	671092736
36749703	1081856
19920819	1610612992
71996691	16809985
5813211	67141633
34644351	37376
78961719	16912384
55213491	1082134528
9513615	83886081
60502467	4362076161
31582227	268568576
64791579	1610613248
15076371	134217734
76535931	4362108928
4315359	135299072
33013335	546
1205931	32833
27146343	671088644
65655687	2147520512
1598295	1610612992
64100487	4295000065
5455191	2147520512
2659719	1610613248
47308863	2148012032
70281435	1085440
23607291	2147618816
65177787	4362108928
19035327	16809985
48782415	671092736
78320523	33652736
35888835	1610613248
9061311	134217794
35467311	1610613248
10687791	3221229568
41192067	1610612992
8842935	57344
77882799	1073152
93315	134250497
32871423	3221229568
53025195	4362076161
33106647	32834
33506787	16809988
14241099	1610613248
37458939	4362108928
78180231	83886081
9816879	1073745921
34257819	17301568
59392119	2148012032
51445371	1610612992
34379643	1610613248
73676307	1610613248
80212035	1610613248
7341195	1610613248
40778967	67141633
64968483	2148012032
62922099	1081345
4041255	2148073472
56568783	4362076161
60882195	1081348
19105311	2147483682
16575519	4362076161
14552463	1610613248
43383279	4311744513
80870727	2147520512
91371	134250497
72890931	671088768
71639967	4311744513
28496451	1082134528
46870167	671088768
24018771	24580
81703731	32773
23626407	37376
20943039	134283265
75674739	1610613248
26307831	1610612992
27846831	4429185025
73798779	36865
23687319	2147520512
23885931	1085440
59669463	4311744513
61317003	37376
11077239	1610613248
20123319	2147520512
266331	1610613248
48600327	536903936
2530767	4311744513
549831	536871680
63171255	1081348
59168559	37120
26585175	2147516417
59159487	36865
42857103	35
62488263	16912384
70570767	4295000576
28904043	4429185025
35080779	167936
74207019	1073778688
75798507	17301568
13159263	16809985
50647359	1610613248
52902723	1085440
62564727	1074790404
52907583	5368713216
78963339	4362108928
8938191	2147487776
44279787	36865
41502135	32802
54279399	1073778688
40907271	4362108928
60251691	671088641
46281459	1610613248
78898863	4295000576
1394823	1610613248
28121907	2147520512
13236699	201326593
19387191	67141633
36387795	5435817984
9423867	32802
76310103	1610613248
450363	1610613248
5122767	671088896
8700699	1085440
63750891	32833
54650379	1610613248
77085435	36865
18528915	1073778688
301647	134250497
63959547	671088896
33857031	57344
73635807	1610613248
37603119	671088768
42496491	1610613248
5803491	671092736
1239627	2147520512
63005691	2101250
24042747	1610613248
30879471	1140883456
9252147	2147520512
73659135	671088768
79018419	36865
38241075	2164264960
7858623	67108874
49884339	16842768
3731187	1073778688
77934315	1073876992
53082543	8392705
67624959	671121408
39208863	37376
43628871	557120
62386851	1610613248
44789439	1610613248
12164907	671092736
18872031	150994945
69597795	1610613248
44457015	2147520512
56757351	1107329024
43011003	1610613248
70694859	1085440
22881207	1610613248
53015475	671088768
48905211	1610612992
18495219	16809986
43152267	67112962
57829143	1073745921
72243579	5435817984
70342023	1610612992
80086647	671088768
59530791	1073778688
6552255	67141633
57720927	1610613248
78755979	40961
22978731	1610613248
68912211	1610613248
38663247	671092736
76377819	4311744513
838515	1610613248
49029303	528448
34990707	1610613248
72723099	2147520512
48278919	1073778688
36932439	97
2684019	2147581952
7546287	134254592
79113675	2147487776
5363499	32834
71935131	1081345
3942111	2084
47661699	671088768
5380995	16781313
8408775	67141633
81274107	1090519041
74697555	135299072
196995	66304
63387039	4295524352
36709203	1610613248
79338531	1610613248
38575119	4362076161
49632915	1140850689
19579971	2147487746
63543207	4362108928
55517727	5368713216
63872067	163841
47298171	1073778688
37973775	4311744513
30822123	69633
60227067	135299072
69497031	2147487746
44534451	1085440
9281631	671092736
32696787	1207959680
17472351	2147520512
18619311	150994945
72730875	32773
50349927	8425472
57917271	1610613248
80431383	1085440
64256007	671088768
61940379	1081348
307155	3104
32672811	671088768
29449659	67141633
53020335	1610613248
4415799	8425472
78810735	1074823168
1037451	36866
54109299	518
13155375	16809985
20988075	16809985
31308447	36866
66462771	4362108928
52569327	5368741888
68568771	4162
34420467	1610613248
74529399	32833
71147487	1085440
72809283	1081345
81275079	4429185025
68396403	4362338304
39215667	1081345
11616375	1610612992
49518867	83886081
79141215	1107329024
7376835	1610613248
56726571	16814080
80208147	4362076161
73298847	1073742084
72195951	671088768
537519	1115136
56644275	2147487760
54437187	524353
28795179	83886081
42395403	1074823168
14810367	4102
14037951	4226
7903983	671088768
51953079	4362108928
42423267	561152
43219659	2147616768
39761283	1085440
68036763	1610613248
27580503	327696
29296731	3221229568
57297135	2147520512
22476207	134225921
77769075	16777282
52071339	4295262208
42989295	36865
41211507	53248
3057267	8425472
74758467	2684358656
405651	4296048640
14088819	2148007938
26042799	268568576
49369179	135266308
17583807	4311744513
48856287	2181070848
49682487	1073778688
10123059	589856
27977079	2147520512
6562623	1073745921
40542771	4311744513
49858095	32802
16716135	83918848
41449647	36865
38205111	1085440
73921575	1081345
4104111	1610612992
77038455	536903936
52817835	2147520512
46425639	67108929
25271679	1082134528
33631203	1074794496
2235603	1610612992
1459299	1610612740
52805847	4362076161
1955343	2147520512
54938739	1610612992
35804919	1610613248
32889567	2147520512
70955679	1073778688
71214555	1085440
65852355	1073762304
26222295	2147520512
25499775	4102
59390499	36865
37279767	2147520512
79539411	1074823168
49002411	1140883456
56232795	1610613248
38760447	37376
61379859	4362076161
79172319	2148663296
17655411	1610612992
39100971	2180
57408591	53248
50228427	536903936
41147679	36865
47692155	2147487746
19471107	1085440
38771463	36866
33419955	201326593
7128327	2147549188
49819863	135266308
34759695	4362108928
62365143	1146880
2293275	5435817984
57429003	671088768
71099535	4966055936
260175	67141633
61247019	1610613248
70143735	67141696
2794503	561152
23316015	36865
67175895	524354
14426751	100696064
43530375	1610612992
925023	37376
56288523	4362076161
56845479	16908304
18416163	32833
54163731	1610612992
19895871	57344
39102267	5637144576
40967859	331776
373575	4311744513
42787119	671088768
60807027	37120
71853483	4362076161
27817671	4295000320
6463155	16912384
35597883	36896
15915207	1610613248
59859651	1074069504
46425315	1610613248
14433231	53248
41679687	1610613248
1129467	2147520512
1385427	1081348
13674099	3221229568
6740499	2147495936
73555455	2147520512
42212343	1610613248
69585483	4295000576
25062051	671088768
21227835	299008
3996543	4362076161
11888211	1610612992
19014915	2147520512
5980719	4102
41771379	4295000065
57311067	671088768
66925443	4311744513
4814967	557120
27946947	201326593
43619799	4303355905
26754627	1074823168
50058975	5435817984
44517603	67141633
16655547	2147520512
3614871	1610612992
18446295	8392706
17455827	134250497
55964523	9469952
72775587	1610613248
6249639	67141633
41908107	671088768
19958403	4106
52316607	3221229568
62648967	1610613248
53837463	4311744513
33714471	1140883456
68313135	2101504
71623119	4362108928
80399955	1073778688
49542843	142610432
50468835	67108929
36313275	528386
36901335	2147487746
21055791	2147520512
5553363	16809985
43415031	1610612992
45230727	672137216
66917343	671088768
49827639	201326593
4754703	36865
35872959	36865
53055651	1610613248
19362243	134250500
66710955	671088644
47136171	67141633
15521223	3221229568
48938907	32833
70356927	524546
77676087	67141633
19966827	327696
65306091	1610613248
52790295	4362108928
57792531	1082134528
5605527	2148012032
51704571	4353
39953091	2147520512
3346599	772
66731367	65570
48760383	83918848
77814435	1074823168
30387315	1610612992
41664783	1610613248
11279739	134479873
54610851	4362108928
80577507	671088768
12454887	1074823168
78134871	1610613248
3852363	1085440
10145091	40961
73657515	2147520512
16466331	4429185028
39542583	1081345
77042991	196610
7902039	40961
24573783	1610613248
77933991	1140850689
47028603	1081345
6823443	1610613248
47889795	67141633
1657263	2147520512
70463523	1073778688
76422855	6476005376
60911679	83886081
60611331	1610613248
2292951	201326593
61951719	36865
11592075	37376
2292303	1140883456
80126175	36865
43483395	37120
51467727	1085440
67143819	1085440
68728179	24577
78184443	36865
23969847	150994945
78763755	5368713216
64694703	2181070848
43972635	1610613248
41265615	1610613248
18676335	32834
65741547	1610613248
67445463	1081345
35113179	2147487746
50661939	135266432
77821239	1073746432
51297627	36865
74503803	20512
113727	3221356544
7930875	1610612992
32971539	1207959680
62053779	36868
31782459	2147520512
41495655	1073745921
50416995	4161
4843155	4099
23212659	671088768
33276423	1610613248
57719631	1107329024
47370099	3221229568
80741451	1610613248
21350631	1610613248
48353115	5368741888
27788835	524354
1049763	1610613248
569271	1073750528
20489115	1085440
42319587	67141633
23531151	201326593
42379851	8425472
39735363	4429217792
14745567	201326593
57200907	1610612992
29953803	524384
15078963	671088644
50985291	1073778688
34298319	16809985
78068775	4395630592
51179043	2147520512
14986299	1081345
69283515	36866
25088619	1081348
24453903	1107329024
73717131	1073876992
28966575	4311744513
65744463	2134016
76147779	67174402
72756147	2147520512
77294739	135266308
64608843	32833
75275895	4311744513
53165487	2147520512
57300699	671088768
22445427	1610613248
56437563	4362076161
3762615	1610613248
22110735	671088768
65934651	327696
29787591	36865
44939775	671088644
71261535	36865
81313959	524328
71776371	67108929
64496091	17334272
40437795	36866
81459759	134221825
16202595	4362108928
54318603	3221229568
21904995	1610612992
27099363	671088644
62842395	1073778688
6432699	1610613248
54663015	2148012032
47157879	4362076161
63125571	3221229568
61572963	86016
26548887	134217733
14570283	331776
40242747	4295000065
37566507	671088768
106599	67141633
48365427	671088768
67782099	8392705
987231	269516800
17056335	33558530
76694043	67125252
39177759	2134016
50387187	2147520512
8777811	524801
57968139	1610612992
15176811	327696
42530835	2147520512
45527511	1073778688
54678243	1610613248
77178099	16810240
12135423	4311744513
42600495	4295000576
17316507	167936
2220699	2701131776
5474955	1610613248
55225803	16814080
252075	196612
18410979	4130
42154023	17301506
56539299	4130
67199223	1081345
34280823	1085440
70695507	671088644
16831155	57344
13648827	3221229568
22595115	37376
7285143	2181070848
18501051	83918848
11590455	1610612992
5337903	1081348
29418879	1610612992
63016383	1610613248
36629499	671092736
72520923	2147520512
77331027	1074823168
16091139	4129
64346079	67108929
53286663	5368741888
21426123	32774
32749275	66576
48916875	4362076161
47631	67108929
54372387	3221229568
31097523	1610613248
41374803	67141633
74721531	2147520512
18998391	83886081
44440815	1610613248
76008459	1610613248
13913859	2147520512
48532287	671088768
68251899	36866
81299703	2147520512
3123039	1610613248
34634631	4295000065
63828003	2147553280
25590495	1073766400
65143767	2147520512
5615247	1610612992
37761879	4311744513
2395011	2148012032
25670847	67112961
38811963	36865
12103023	1073774848
5051487	4362076161
41269179	8421888
15031335	671088768
69976875	1610613248
75487467	1081345
620787	1610613248
18511095	83886081
55486623	135266308
40972719	1610613248
20796267	167936
43770459	671088768
66272583	37120
63639111	524548
33278367	1610612992
69355443	1610612992
11327043	1610613248
18874299	150994945
6300507	4362076161
16822731	8425472
24707919	67141696
47868411	1085440
76516491	1085440
32386071	4295004160
62429619	36865
63013467	561152
34468419	4311744513
328215	36865
71095971	8393216
41627847	671092736
16067811	201326593
8177763	1610613248
45144867	671088768
58955043	67141633
73119675	16912384
21087867	1081348
42919635	1610613248
13436283	2147520512
50553075	1610613248
23054547	1073745921
67327851	4362108928
67109799	1610613248
27534819	36865
3327159	561152
20530911	150994945
50783763	1074823168
1524747	671088641
26414103	1081345
78132279	33652736
76572219	536903684
23249595	1610613248
1202691	1610613248
65691327	1082163200
2720307	1140883456
23550591	671088768
57415071	3221229568
23891439	1082163200
61377267	2147520512
3663795	36865
18468975	4311744513
68515311	1074823168
57622107	1610613248
33894291	2147520512
39531567	4311744513
18465735	1085440
51956643	4362108928
26450067	8392705
63442767	1610613248
63435639	2147520512
52118643	36865
64080723	17301568
29274375	1081345
66037683	1610613248
872211	1073778688
76394667	5368713216
57845991	2148012032
11578143	1610613248
36869583	671092736
1123635	2147487746
63988059	1073742084
24802203	4362076161
5074815	98306
78088215	1074823168
33110535	3221229568
21872919	2147520512
4291059	2148012032
64368111	4362076161
49712619	1610613248
57375867	1610613248
29057619	1610613248
36311655	1074823168
12778563	671088644
18325767	150994945
58347867	1610613248
7182759	67108929
73700931	142610432
72455475	2147487746
4574235	2147483682
41597715	4295000065
37382799	196610
114375	67141633
26142267	1146880
46839063	671088768
20891199	1085440
37735311	36865
36379371	327681
56618355	6442455040
29210223	167936
37113879	1610613248
31125063	16814080
61179303	2181070848
5154519	1081600
55795395	67158016
74130231	5368741888
45221979	671088644
69625659	1610613248
43313619	24580
18921927	4295000576
50634723	1610613248
4435563	1610612992
23270007	20481
1130115	1610612992
41745783	17301568
3072819	269516800
6353967	36865
61778379	5368741888
49175751	671092736
58436643	4311744513
20029683	137216
63191019	671088768
24308427	671088768
56434647	1610613248
12812583	32833
22129851	201326593
55328511	1073745922
17536827	1610612992
37247691	101711872
80800095	1610613248
51970899	36865
35202927	1073873408
43452291	524354
995979	137216
5725407	1610613248
9411879	1610612992
48456795	8393216
47382411	1610612992
46432443	2625536
62401755	24577
75423315	1610613248
23264823	4162
45264099	4130
47810091	2147581952
9758559	2148012032
7544667	1610612992
4921239	150994945
74500887	100696064
32170611	671088644
22714671	1610613248
5802519	1610613248
47786439	1610612992
44374719	36866
35661387	1610613248
78095667	1610613248
4489347	1610613248
65929791	36865
24695283	1610613248
22795023	1610613248
35348079	671088768
76205451	8437760
9327315	45056
71118327	1610613248
60075111	134217762
34989735	135266308
67521603	1610613248
17994963	83886081
11700939	3221229568
2626023	1610613248
76432251	3221229568
8468715	2147520512
58739907	36866
49476747	327682
64443603	1073778688
40606923	8425472
37557435	67108936
37867827	671088768
63571395	196610
59083347	4362108928
79405923	1610613248
64473087	1610613248
43020723	671088768
6087963	4102
37931331	2134016
64655175	32834
888735	524548
39359523	57344
2440047	1610613248
12666783	1610612992
53016771	1081345
46969635	671088768
42407391	557120
6328371	1610613248
61547367	2147520512
5554011	38
1745067	1115136
37445655	16781344
79700763	36868
12436419	671092736
28914087	83886081
37600203	1610613248
4302723	2164264960
44507559	4099
42007575	327696
50104335	4362076161
74477559	1610613248
60353427	36866
55704027	671088768
40975311	4311744513
13160883	16809985
55932771	1074823168
32186811	4362108928
67437363	772
21095643	17334272
58770363	2147524608
5083563	2147520512
43971339	1610613248
55612983	167936
39195579	2147487745
78119643	32773
21668151	150994945
77215035	37120
23941011	2147520512
46775235	671088768
58802439	2147524608
50533311	67141633
80455359	36865
467211	1081348
81513543	16814080
23970819	1610613248
51801123	32833
51617415	1610613248
51992607	16777281
43386195	4311744513
46812819	1610613248
27909687	1085440
49653327	1610613248
30507843	75497473
1080219	1056772
55990119	1073778688
52288095	37376
23251863	16777249
41351799	4311744513
71738463	1081348
6301479	16809985
34193667	537919492
42279087	65570
59782539	5368741888
71446863	67108929
62986251	2147520512
41269503	1610613248
3817695	67112961
57291951	671088768
30105759	4099
21591039	83918848
37306983	2147520512
24664179	1090519041
48201483	1610613248
75380871	528386
20945955	4395630592
12181431	4362108928
24033999	2147487746
72267879	4362076161
54768963	1610613248
75115191	1073742084
42530511	1610613248
44973147	33281
17171031	1073745984
17731875	1610613248
77270439	67141633
2876475	40961
5801871	201326593
68367	2147487746
31380051	1610613248
66920907	1610613248
78638691	2147487746
2879067	16844800
1076007	16814080
80813055	671088644
71872923	2147487808
2487027	800
32355615	2147520512
33503871	5435817984
4130031	16916480
70888287	86016
18165711	32834
80360103	671088896
51081519	142610432
6882087	1610613248
2967843	35
81533307	36865
61327371	1073790976
39588591	36865
75609939	1610613248
21574515	67141633
80335803	2147520512
12375831	671088768
46404255	671088768
81415047	671088644
36120171	671088644
9676911	4295004160
17167143	36865
9878439	16814080
37781643	518
3848799	1081345
68224035	1081348
4128087	671088768
80157927	2147520512
28087887	37376
44804991	671092736
51299247	1074823168
19725447	1610613248
80377923	2147487746
61713579	1081348
18678603	1610612992
50952243	1610612992
35283603	1610612992
81003	8425472
62945751	1610613248
64660683	1610613248
13976391	36896
10709823	327696
50218059	1610613248
24076767	1610613248
60220911	1074823168
50092023	1081348
71177295	36865
79169727	67141633
79211199	1610613248
3553311	16809985
2894295	2147549186
79314231	1073778688
38699859	6476005376
14504511	671088644
2735535	32802
76908531	553648132
34265595	32864
10613271	37376
41655711	3221229568
117939	134250497
63060123	1610612992
76334403	2147487746
5735127	2147520512
2549235	2148012032
32517939	4162
48543303	53248
762375	1610613248
35504571	1610613248
50733867	4311744513
18614775	1081348
59623779	4294971648
65952147	150994945
34206627	57344
53322303	1610613248
31332099	1610613248
24526155	4102
41531943	4362108928
55595811	1610613248
52790619	1610612992
4376271	134250497
68068191	1081345
35363955	36865
40509399	67141633
15616803	1610613248
20818299	4362076161
92019	134250497
36741603	1085440
64056423	24608
1993251	671092736
43513527	4362076161
31031103	4295000320
14358063	1610612992
13978011	1085440
35898231	1081348
37650423	671088768
76785735	2147520512
65276931	36865
73858719	1610612992
41527731	671088768
57955827	1610613248
48062163	671088644
65061471	1610613248
52733919	1073778688
43986567	671088768
61799115	201326593
27874371	1610613248
44517927	4362076161
25804335	67112961
17347935	4295000065
16069755	32833
61725891	32833
943167	135299072
42501027	3221229568
38288703	603980032
77592171	4362108928
74867655	1081856
45194439	134250560
41017107	4311744513
10559487	4362076162
53697819	671088768
61749867	4362076161
48857583	4362076161
62895531	2147520512
46982595	3221229568
68354283	32833
924051	68190208
12383931	327681
14963619	1610612992
5827143	671088644
68236347	135266308
70121703	687865856
2622783	1610613248
47326683	671088768
8106159	36865
31445499	36880
61159215	671088768
77726955	16809986
21587799	4294971393
30524043	36896
4087911	1085440
7655799	2147520512
58266219	1081348
46780419	1610613248
68594367	37120
10343055	8425472
56292735	1081348
65435367	1140883456
21017235	24832
50406627	36865
36600015	16809986
65521551	4362108928
80216571	3221229568
4222695	36865
81016203	67141633
64064523	528386
81001299	671088768
621759	4311744513
67611675	1091043328
39186831	16814080
33275127	1085440
30240219	1610612992
17673231	2147520512
10345971	327681
43609107	2147520512
23967579	36865
47932563	4362076161
41717271	4295000065
4357803	4295000128
80499747	4311744513
27017715	150995072
13542879	4362076161
50479851	2147520512
52116051	1085440
53994603	1610613248
3862731	67112962
77253267	67108929
11236971	1610612992
13536399	83886081
78786111	2164264960
31480815	4311744513
61736259	536907776
24832659	1085440
34375107	4311744513
310719	1085440
30456975	37376
6970539	2148012032
39552627	3221229568
65720487	135184
81687531	36865
62648643	1610612992
75784251	2148073472
7480515	1610613248
29718579	1610613248
30279423	134217762
1501095	4311744513
54073659	83886081
2133867	1610613248
34418523	67109184
32942703	327681
47225919	1081348
4496475	65793
62553387	37120
1067583	2101504
36598071	671088768
71346423	561152
81712155	1081348
40354527	671088768
67716651	671088641
80492619	2147520512
56895051	1610613248
368391	16814080
19495083	4311744513
1185843	1610612992
73955919	1073778688
44942367	1085440
15143763	67141633
58126251	37376
77342691	37376
61676967	1610612992
7426731	1610613248
13642023	36866
79976163	36866
53291847	67108929
39397107	2147487760
49384083	83918848
1504335	1610613248
30016335	1073778688
20287263	4295000576
211575	3221229568
14299419	1074823168
53638527	2134016
76919871	37376
24916575	1610613248
30631287	2147487745
7122495	1610613248
58912275	1610613248
6536379	36865
6813075	2147520512
66235647	16809986
60307419	20484
56630019	2147520512
80309235	135299072
425415	2148008000
15499839	2147549186
715719	1610613248
79887063	83918848
48698499	1610613248
72090651	1610613248
57042147	1081348
60505707	66576
58798227	1085440
52238199	1048610
12579303	2147520512
69622743	6442455040
8684823	16809985
14024991	2147487746
62471415	1610612992
533631	36865
49871703	8392736
75517599	1085440
33525255	1610613248
65474895	36865
56256123	1090535424
79225131	1090519041
54452739	70
38946099	196610
74367399	1085440
27021927	1081348
61468959	1610612992
46187175	1610613248
50684295	671088768
70439871	2147487760
25334535	36865
64458507	2147749888
20096103	2148073472
69191499	1073778688
23905047	524360
24726711	1085440
1169643	1085440
9743007	2129921
39081531	1081348
74809011	671088768
40486719	1610613248
61411287	1081348
54304023	33554438
11885295	83918848
5018439	1081348
52336047	36865
369363	1140883456
77680623	36865
35386311	36865
48483363	671088768
26358375	4295000068
65732151	4362108928
27191379	671088768
1248051	4362108928
19443891	1085440
35982795	671088768
74029791	4353
24632427	4295000065
70450239	671088768
359967	1115136
71474403	671088768
10414983	100728832
23396367	528386
19189551	1073745921
21221031	1610612992
68507535	67141633
42472515	1610613248
56085051	37120
79745475	1074823168
20533179	4311744513
71439411	536872964
45209991	1610613248
79197267	2147487745
65297019	671088641
20120079	2818572288
30137511	2147487776
38441307	36865
1998759	1081856
49605051	1081348
72576651	532544
69021399	2147520512
49852911	135266308
22035	66562
64756263	1073758212
10355367	6442455040
12801891	2147520512
73649091	69633
64661979	4362108928
57850203	4362108928
18347151	5435817984
57459135	671088644
32210787	1073774593
66388899	1085440
56611875	1085440
55050843	67112961
1332939	1610613248
10024887	1610613248
79221243	1074823168
5742255	4311744513
58273023	3221229568
5604231	2181070848
47046747	671088768
55731567	4362108928
14468547	8425472
55344063	69633
35295591	2147520512
13905111	4362076161
18956595	8425472
109839	134250497
32392875	671088768
4979559	36865
1643979	134283265
12873171	671088644
80492295	17301568
49459251	17334272
44399343	1085440
26275107	1610613248
38111799	1073774593
34367979	1610613248
22453851	4311744513
10719867	134250497
37378911	196610
39641727	16801792
31530063	1140854784
44908995	37120
673599	2147520512
53025843	6442455040
44989671	4311744513
34494015	167936
23794563	1074003969
61737231	1085440
65140851	1610613248
63157647	83886081
65318079	1610612992
58833867	37120
67696239	537133057
27310611	4362108928
60203739	1610613248
54591087	135170
11841555	74
3011583	1058
17307111	1082134528
26263119	1610613248
36280551	671092736
9807483	2147487746
11450487	150994945
41180079	1081345
24118887	671088768
50973951	24580
74680059	4362108928
49977651	1074823168
75101907	167936
42216231	2147487760
9665571	1081348
9076215	17858560
20183907	83886081
48415971	67112961
72950547	4311744513
43949307	2147520512
28722279	557120
17177187	1085440
10553979	1610613248
20361783	134254592
34035231	2147553280
22203399	1107329024
40311759	671088768
9145551	2147520512
7825899	1610613248
70076991	1610613248
70997799	16912384
7075515	1081345
602967	1085440
77245491	1610613248
984639	1610613248
73535367	4295000320
78045123	67141633
1343955	36865
37681851	36866
50535579	2147487760
76154259	5435817984
47174079	24580
76385595	1610613248
27094827	671088644
2049951	1610613248
68077587	24580
25798503	1610613248
73496163	2147520512
2079435	4362076161
56785215	1081345
39297639	36865
31749087	295168
185007	2164264960
42135879	2147520512
64372971	4362076161
39740223	4362076161
45067431	2147520512
32875635	67141633
28275159	536871172
6558735	67141633
46180695	671088768
39634275	1073876992
17657355	1074823168
38926335	1610613248
849531	98
13800783	1082163200
38536239	2147553280
37583031	671088644
4419039	2147520512
45569955	36865
32597643	4395630592
23985075	1140883456
38349615	1209008128
2919891	671088768
27952455	4311744513
75193599	671088768
632775	4311744513
2850555	671092736
32772603	1073778688
8279499	1074823168
68505915	1610613248
37649127	671088768
35563215	1610613248
75151479	3221229568
43484043	2147487760
5241027	1610613248
25347819	1610613248
53182983	4362108928
68206863	1207959680
63147603	1610613248
36554655	20481
45700851	671088768
31666791	1610613248
21840195	16809985
59319867	2147553280
25063995	2147520512
9167583	1073774593
60618459	150994945
66648747	57344
1763211	2147520512
24209283	16814080
9628311	1082134528
58004103	1610613248
25434975	201326593
14725479	1610613248
77402307	1081345
58048491	33587201
16025043	8716288
52277079	1610613248
29460027	1140981760
68725587	1610613248
6110319	1610612992
15947607	1081345
14418327	1610613248
35308551	67108929
2828199	1610613248
48867627	1610612992
43929543	4099
45290667	1610612992
43034331	36865
54376599	2147520512
3746739	1085440
19694343	67141633
6948507	1610613248
5080323	1610613248
4596591	16809985
27406839	2164264960
3181035	1073778688
49665315	16809985
12654147	671088644
13448919	16809985
78891735	1610613248
2815887	4311744513
60965463	65554
80142051	5435817984
60754215	1085440
24812247	1610613248
77649519	150995072
72719211	2147520512
53272083	3221291008
12921123	671088641
49817595	5435817984
31447443	134217733
53156739	4362076161
54996735	2147520512
43746807	4311744513
26547915	1081345
20443107	1610613248
28845075	321
35565483	4311744513
11270667	1085440
77679003	1081348
717987	8425472
29446419	83886081
71225571	36865
69650283	32833
10732827	4295004160
11756667	16826368
64535943	1610613248
57290007	671088768
77248731	1610613248
1149555	40961
3408483	1610613248
2137431	4362076161
59718063	2147520512
44665347	1073746176
58694871	1073778688
20856531	83886081
32724651	4294971393
52155903	2625536
41560779	2147553280
77512467	671088768
65524791	1610613248
4083699	40961
76557963	4295004160
31473687	1073774848
602643	142610432
5980395	3221229568
21204831	16809985
18447915	4311744513
26566707	1610613248
68933919	163856
3634311	2147520512
20571411	528416
79613283	16809985
79270491	37120
81481467	528448
79041423	1610613248
5681991	327681
72262047	83918848
57347679	671088768
54904719	671088644
33567375	1081348
38271855	34603012
78753387	2148012032
29508951	1085440
72026175	16814080
9554439	4099
49765431	4311744513
33809079	4311744513
21904023	557120
31004211	67112961
46521219	671088768
31131867	4295004160
7786047	1610613248
1123311	36866
34767471	1610613248
5996271	1085440
33272859	1610613248
20017371	1610613248
73388271	1074823168
6853251	137216
31240083	1610613248
47936451	1085440
59411235	1610612992
23274219	671088644
43538151	16809985
29604531	150995072
6856167	4311744513
69592287	53248
30785187	3221229568
16493223	2147487746
50102715	4395630592
53422419	671088768
44488119	32802
52923783	8392705
41496951	33591296
46406199	671092736
79225455	32864
44477427	2147520512
67235187	2147618816
12030123	1081348
71037003	4640
66755667	67129344
26973003	5368741888
29577639	2147520512
55867647	57344
72742863	4311744513
79389723	4295000320
31508031	1610612992
14205135	69648
75828963	1610613248
76231047	1610613248
78626379	4295004160
56156007	1140883456
23956239	524322
40938051	67141633
77349495	1073742337
68581407	36865
54859035	671088644
10863399	1610612992
50001951	4311744513
49469943	1146880
32967003	1610612992
63678639	1082130433
78164355	671088768
73894359	2147520512
27023223	57344
8322591	1085440
54986691	1073745921
49443051	1085440
8321943	5435817984
50946735	2701131776
51239631	36865
78823371	1073778688
51232179	2181070848
26583231	134217857
69871899	4362108928
46895763	4362080256
40193175	561152
80566815	36865
1573671	1610612992
79185279	3221356544
31005507	3221229568
55988175	1610613248
2613387	1610613248
65895123	1610613248
63284979	1107329024
71288103	4295000320
46541955	671088768
81200235	671088768
30272943	5368713216
31944459	1610612992
3346923	201326593
16795515	1085440
79010967	4362108928
313635	134250497
32009907	1610613248
29249751	561152
77935935	16777282
45381711	1610613248
43086819	4295004160
17129235	134250497
31085859	1610613248
42784851	1610612992
25378599	16781313
22403631	150994945
70559103	36866
17504751	671088644
18917067	2147487745
11440767	1081348
44056227	4295004160
46531263	5368709121
31930203	28672
31348299	4295491585
76111491	561152
14093355	150994945
43778883	671092736
32214675	134217733
37936515	4311744513
5315223	4102
37937811	1107329024
51368583	36865
25927455	1610613248
34308039	3221229568
12787311	1085440
32930067	1610613248
59773791	2147520512
39983871	4295000065
41359251	1610613248
3272727	4362108928
36876711	36865
77264283	1081345
45296823	1610613248
16188987	1610613248
46926867	142610432
5092311	17301568
31622079	8392705
32344275	53248
57629883	1610613248
32103219	1610612992
27557823	135266308
6142071	561152
14100807	1085440
44440491	671088768
23506851	35
36129567	4296048640
57832059	5435817984
19281891	2818572288
12324315	1073778688
60858867	1073778688
80538303	1085440
50146455	134250498
24802527	36865
43687839	2214596608
63237675	671088641
36026211	2147520512
49860687	3221229568
79659939	1073778688
6929067	1089536
32735343	2147520512
47551863	69648
37911243	16809985
43946067	36880
38746191	163856
23170215	40961
72651819	134217794
4684719	1610613248
18434955	32802
56721387	1610613248
28978887	16387
63416523	4353
4413207	2147520512
64356123	557120
21480555	268445696
19019775	37120
80493591	1610613248
16676283	2147520512
12185643	1081348
28835031	4311744513
70449915	1610612992
77796291	1073745921
23573919	201326593
23110599	1081348
10807671	2147520512
47451423	1610612992
28476363	4429185025
31440639	70656
25955319	1082163200
78853503	1610613248
14042163	4295004160
46751907	5435817984
46549083	1610612992
41190123	2148012032
40812015	36865
63476139	1610612992
71440383	1610613248
23205531	672137216
67624635	1610613248
63277203	1074270208
70197195	36865
57864135	2147487760
20010891	4161
80681511	671088768
54508791	1107296257
5918511	32833
47677251	671088896
18046155	2147647488
10440903	4311744513
64165287	1081345
56128791	1610613248
43523247	1610613248
27100983	1074823168
55605531	134218256
67429587	67108929
63823791	671088768
4516239	135266308
606531	1610613248
77919087	2147520512
42665943	36865
64250499	37376
76074231	36865
6501063	537919492
7561839	3221356544
2824635	16777250
77968659	1610613248
76869651	16912384
17104287	1074823168
26170455	4294967362
23745315	1610613248
48754551	1115136
49948815	8425472
507063	671088768
65745759	1085440
20907399	6509559808
45120567	17301568
75496863	327696
44806287	32833
62506407	1610612992
42475431	1610613248
54483195	57344
6017331	557120
473367	163856
75180963	16777282
12977499	16781313
2052867	536871169
48074151	1073745921
20644635	8425472
68372427	4311744513
81352191	537919492
31259523	4311744513
71661351	1074823168
36100083	4295000065
17341131	1085440
34794363	1107300352
61204575	17301568
41845575	1610613248
59059371	5435817984
49090539	4295004160
48507987	671088768
29516727	1073778688
52782195	36865
37859727	671088768
42465063	4226
20102583	32773
4558683	1610612992
50097855	1081348
36380343	4295000065
72644367	2147487746
2350299	800
70809231	1073778688
44295663	1081345
37717167	16809985
62433507	1085440
36855003	16809985
49799775	671088768
72512175	4362338304
36059907	2147520512
58911951	16814080
24868299	16781314
16656195	1082134528
49126827	2147520512
73001415	4295000576
41741247	671088641
38237835	2147520512
41877651	671088768
79287339	1073778688
43237479	4295000068
8486211	327696
22945359	201326593
48830367	4295004160
33175983	1610612992
77832579	327681
33136455	2147487745
22054035	67633216
34173255	1610613248
41081583	4311744513
49539603	1081345
78599487	36865
16706091	671088768
4659123	4362108928
2489295	1610613248
64066143	1081345
37269075	4294967361
3054027	67141633
77736675	36865
47715807	1081345
56955963	1610613248
61411611	1610613248
35890131	1610612992
74861175	1069056
14536263	4295004160
37277175	28672
23023767	671088641
53256207	1074823168
26295843	4102
47168247	4295000320
72138279	1081345
21247923	3221356544
33422871	1610613248
7758507	1073766400
20951139	1610613248
45715755	67158016
66660087	16809985
40772487	4362108928
16491603	1610612992
31418283	671092736
23654271	67112961
45623091	4362076161
47175051	2181070848
1954047	83886081
19737435	16809986
4422279	1610613248
16375287	150994945
55387479	1073762304
56602155	1610613248
33150387	57344
5404323	83918848
56872047	1610613248
62770467	262150
26594247	1049604
23661723	671088768
28285203	5435817984
77135331	2147618816
12435771	671092736
584823	1610613248
71383359	1174405120
54186087	2147618816
58750599	2147618816
48610371	1610613248
71729067	32834
9631875	8425472
23157903	150994945
16811715	1610613248
54016959	20482
56421363	1081345
14846655	1081348
40832751	16912384
65975799	1073762304
40342215	32802
74434143	2147520512
61510431	561152
49842543	83886081
51190383	1610613248
19399503	1082130448
63529599	137216
52650651	17334272
54618951	134283265
16894011	1610612992
35728455	67
73678251	2147520512
70729203	150994945
2836947	4328554496
53521563	16814080
55224183	2147581952
73902459	1085440
38233947	5435817984
46980003	16809985
75938151	3221229568
44425263	671092736
67648287	1610612992
36631767	16777219
31601991	1085440
41206647	36865
61928391	4362108928
5288331	83886081
29547831	671088768
21709623	1081348
59478627	83918848
35280687	1610613248
59336391	1074823168
67612971	4362076161
68653335	4311744513
30805599	37376
2123499	135184
2264115	1085440
20779743	1073905664
2474067	671088768
24631779	1085440
69636999	16912384
51554559	1081345
38068707	1610612992
44450535	671092736
29028459	1073778688
6744063	4130
75492003	1085440
4176039	2129921
56720739	134221825
2333775	1610613248
51567519	67112961
42032523	1610613248
50341503	201326593
47304003	1610613248
4289763	8425472
19519383	134217733
24159063	671088644
47655867	150999040
12227763	36865
37405803	67108874
63770007	2147549186
10641135	561152
63413607	671088768
71866119	2147553280
57154251	67141633
49178019	671088768
51952755	5368713216
54154659	2147520512
5624319	327696
62679099	1610613248
22392939	327696
45689835	1610612992
37355583	8409088
20300223	671088641
30221103	1081345
23720367	3221229568
76189899	2147487760
47917011	1085440
7087503	1074003970
59722599	4362076161
33942567	4362108928
69510963	2147487746
31383939	800
8681583	3222274048
38944803	1610613248
15741543	83886081
81716691	1073778688
47669799	1610612992
35272263	1115136
56223723	1073778688
1718499	1081348
15626523	1610613248
46716591	16809985
60852387	1073745922
65263647	4362076161
68784879	1610612992
66044487	1610613248
294843	2147811328
58928475	83918848
52010751	4295000320
30918999	134283265
2094015	2147553280
10065387	2147520512
80347143	671088768
66499707	1081345
80949459	16809985
63931359	1074823168
16444947	135266308
29951535	4311744513
66125163	67141633
69822651	1085440
74617203	3221356544
73660107	1610613248
28369767	4311744513
51337155	8388641
80539275	196610
55716987	1610613248
55561143	2147495936
24179799	537919492
80111271	2147520512
25472235	671088768
74073855	2625536
80689935	1073778688
47644851	2147487760
2427087	75497473
45665211	37376
55617843	134283265
19069995	671092736
2849907	1610613248
42826323	1085440
56004699	1610612992
60513483	671088644
72767163	671088768
58926207	1610612992
81399171	134217860
19583859	16781313
8634603	2147520512
915627	2147614736
44145327	1074823168
18514335	1074823168
78048363	150995072
53836815	1081348
28877151	2147520512
57298755	3221229568
189219	327681
37369191	2147520512
22204047	33591296
29760699	671088768
35756643	3221229568
39749619	67108929
63558111	1140850944
67072863	1610613248
52802931	769
51538035	37120
34324887	67633216
77928807	1610613248
3730539	557120
32723355	1081345
40851219	8392705
51641715	4362076161
38239131	1073774593
65964459	37120
24144807	671092736
37506567	67141633
65330715	2147520512
32862999	17301568
34190103	1081348
664203	36865
79152231	4311744513
11458587	4295000576
64238187	2147516418
42692835	2147520512
66035739	1081345
39338139	1107296512
34532571	1610612992
24603591	67108869
32308311	83886081
45485391	671088644
14584215	1073762304
71739759	1073746176
39207891	1610613248
49372095	1081348
33657447	553648132
43109823	36865
31880307	1140854784
1936551	268472320
14017215	1610612992
50720583	2101312
11554167	1610613248
17022963	201326593
23645847	671092736
70380255	1081348
53128875	2147520512
38333739	1085440
28477983	671088768
75637479	2147520512
75192627	1081348
15883779	1085440
79661883	81936
1572051	2625536
30464103	1610613248
35751459	67112961
115023	67141633
59175687	1081345
44460255	2147487745
47516223	1074823168
76685943	67145728
71062599	1610612992
26223267	671092736
68481291	49154
19916607	150994945
10275663	4295233536
52791591	2147553280
56901207	671088644
29427627	201326593
853095	2147618816
75834471	102400
72874083	1140883456
5197287	137216
23516895	672137216
6933279	4362076161
63874659	1610613248
16662027	2147618816
49028331	1610613248
13820223	4102
12481455	1610613248
1882119	524353
50876751	1610613248
74658351	3221229568
52634451	2147487746
36107211	524354
68859723	1610612992
54455331	1610613248
20898327	1610613248
51947571	1073741889
72873111	561152
69869307	1073778688
40005255	4295000065
14524599	2147520512
4538271	327681
71401827	8392706
51622599	1610612992
80721363	671088768
75886959	2148012032
37903467	4311744513
27112971	32802
24319767	150995072
29161947	1074823168
38550819	67141634
23523699	1074823168
41521899	2147487745
20188767	1350565888
6050055	4295491648
68508507	1174405120
50038887	2147520512
51804687	37376
47485443	36865
13121031	83886081
8002155	1081348
30120987	4362076161
75826371	1085440
16304979	1610613248
12475947	671088768
80685399	1085440
64768575	1074823168
57201555	671088768
36812559	1107296257
64051887	67141633
78822399	1073778688
66630603	327681
30416799	2147520512
22311615	1081345
32309607	1074270208
40774755	32802
42374667	2147520512
77127231	16908304
31206387	67633216
18016023	16912384
56078895	37120
29759727	671088768
57183411	53248
58139535	201326593
59521395	1610613248
32544831	1085440
56532819	1610613248
79645035	1610613248
31289979	67112961
6458619	1081345
949323	1610612992
56063991	4362108928
861195	1085440
72077691	36866
50877399	1610613248
72994611	16809985
79383	16814080
9441039	1610613248
23209419	1610613248
27975783	201326593
72489819	2155876352
24037563	1610613248
1839675	1610613248
70210479	1610613248
34568535	2147553280
23135223	1610613248
73049367	1610613248
31230687	1085440
5236815	1610613248
51795615	1081348
68202003	1074823168
46909047	1610612992
21380763	2147520512
69362571	1610613248
5072871	2147520512
16142331	1610612992
38352207	67141633
48866655	196864
41889315	671088768
3620703	1610613248
71457231	561152
56296947	2147524608
3593163	2147520512
42010491	4295000065
58369899	1085440
2430651	1610613248
17137335	1610612992
63632955	1610613248
27996843	671088644
8326479	671088768
75286911	4311744513
5620755	17301568
32530575	36896
29497935	671088644
25491351	36865
76116675	1073745921
57965547	136318976
12828135	537919744
6040335	134250500
37930035	16814080
786027	1610613248
42638403	2147520512
40014975	36865
65684523	1085440
14914371	67141633
79137975	1073746176
36020055	1085440
53379003	1073766400
4077219	1610612992
41046267	1610613248
1246107	4311744513
1209495	2147520512
2030835	1610613248
1013475	24577
6481947	4362076161
4757619	1610613248
52505175	4311744513
80478687	2147520512
53119479	1085440
75920007	134217733
6203955	67129344
3342063	2147520512
27934311	135266308
10320699	1610613248
35946831	1073762304
78807495	1610613248
5692359	2101249
43226139	150994945
75383787	16809986
49507527	2148012032
50918871	4311744513
43694319	1073905664
22733463	4362076161
21208395	134217733
67303875	28672
18271335	83886081
21002331	16809985
46239663	1082134528
34761963	294913
80356539	1610613248
42636783	2147520512
13254843	1610613248
64559919	3221356544
21358407	671088644
2953587	67145728
69375531	67141633
17428935	36865
1484247	1073745936
77440539	1085440
16670451	1610613248
62849847	671088641
36089391	36866
34836483	4295000320
25317039	2625536
50554371	1610612992
40311111	36865
54559983	4294971393
67170063	1610613248
63993243	1610613248
45670719	36865
1497855	17301568
8534163	2147520512
20215983	2164264960
68532159	1610613248
70415247	1610613248
33223935	2147487745
17791167	1073872912
65355339	135266305
56850663	1073774593
46525755	4328554496
17613939	32864
56681859	2147520512
53205987	671088768
62000319	1610613248
362235	1073778688
69570255	16809986
9134211	67112961
60896127	4295004160
561171	528448
33580659	4362076161
2454951	36928
36848523	331776
53057919	28672
36207975	2148012032
37070139	1610613248
62953851	5368713216
37008903	4295000065
19996959	4311744513
31538163	134250498
21690507	36865
37213995	4295000065
27109407	37376
68705499	2147520512
1056243	1610613248
26925699	1610613248
5622699	268568576
25345227	1610613248
80439159	2147520512
20473887	1610613248
44719131	100696064
53651163	1081348
3393903	4130
7803867	36865
75508851	1074823168
19172055	1074823168
67685223	1081345
62188239	67108929
8783319	2147520512
71872275	67174416
37211403	2147614736
23702223	1610613248
1380891	4130
25653675	1610613248
2241435	1610613248
52491	34078784
75046503	16912384
58495935	83918848
18166359	1610613248
40578735	4294971393
71789979	2147520512
4407699	67141633
14711547	83886081
81387183	1610613248
57537543	53248
49664991	4362108928
63673455	1610612992
70748967	671088768
66017595	201326593
51933315	524360
32894751	1081348
46975467	1081345
64995051	2147520512
65179407	4362108928
65753535	1140850689
80559687	8425472
30044847	16781314
36329475	36868
66220095	1610612992
59402811	16777281
31719927	1074823168
27391287	537919492
11419059	1074823168
22232883	1610613248
14530755	1610613248
78880071	2147520512
46961859	671088768
68197143	2147484674
5872179	671088768
51574971	37120
30293031	32833
35658471	1610612992
4674027	134221825
1844535	2147618816
2325027	16809985
39766467	671092736
47705439	4099
34859811	1073766400
15097107	1073750017
17823	4295000065
27851043	518
13633275	1081345
36129243	4311777280
57446499	135170
40443951	17301568
71922171	32834
8656635	83886081
7022055	1073745921
29333019	150994945
67332063	1081345
2811027	1610612992
67203111	4295000320
24279267	2148012032
6786507	1050628
26656779	1073774593
31804491	2148012032
60501171	4362076161
67272123	1610613248
14074563	1610613248
51333267	299008
79749687	69648
58400679	1610613248
8206599	36865
10314219	2164260880
6498795	36865
33089151	2147520512
50737755	4295000576
75487791	57344
31516779	33587264
414399	57344
24907827	1030
50285775	67108929
73891767	2147488000
14094327	1610613248
36273423	1610613248
4350675	16814080
8659875	36866
29750007	1081345
50659671	1085440
48596115	2101264
27022575	150995072
32659851	36865
72165495	1073741830
35110587	671088768
54649083	536872964
35646159	1081856
76773099	36865
3320355	1610613248
76543383	1610612992
32746035	4295000065
52999923	1610613248
4498743	1610613248
67321371	67141633
38012007	4362076161
19047963	1085440
35882355	1610613248
79993983	2148012032
47743023	17301568
68683143	1073778688
9575823	57344
1764831	134284288
31379727	1073778688
18523407	150994945
79622031	2147487746
62752647	4311744513
30750843	83886081
56051679	8425472
47108631	671092736
41900007	1073762304
23912823	16781313
772419	268568576
36060879	4311744513
19737759	1610613248
5544615	137216
15578247	67633184
243651	1610613248
66400887	1610613248
75908991	36866
11163747	2147618816
35815611	671088768
20976411	1081345
81538491	8523776
6622887	1610613248
41054691	67141633
40669131	4297097216
79750335	1075838980
78035403	32833
46879563	1610612992
18084063	3221229568
28046415	671088768
13341027	1074270208
75899271	57344
61484187	135266305
57403731	37120
37700967	36880
2230743	1610612992
11455671	16777250
22312911	134217734
15433419	83886081
46863039	671088768
63300207	83886081
36661251	2147487745
54073983	2147484674
66568719	1610612992
36673239	4311744513
26073903	36865
27965739	327696
107247	67141633
29361207	32834
23288151	150995072
61386987	2147520512
46911639	16814080
38461071	1610613248
59781567	671088768
35603715	536871680
926643	57344
37809507	4362108928
36731559	16809985
13637487	671089152
12312003	2147520512
75913851	134254592
35924475	268568576
71377527	1081348
81123771	4362108928
71061627	1058
39109719	196610
67038195	16781313
39185859	67141633
46974495	57344
70882131	1610613248
78499047	1073905664
26815539	3221229568
75892791	1610613248
44941071	17301568
1944327	57344
1154739	33088
24916251	53248
24602295	4311744513
67301607	36865
7355127	16779268
39670563	45056
43613319	671088768
6992571	1610613248
67665783	1610612992
2997003	134250497
75184851	16777282
59743335	1610612992
69704391	83918848
62415687	1085440
49883691	1074823168
41348235	4294971408
38803215	2147487746
46755471	16809985
71462415	3221229568
64360011	37376
38208351	1081348
34616811	1610612992
11600175	1610613248
6490047	4362108928
72344667	3221258240
74846919	36866
30746955	671088768
20597007	2147487746
75319635	2148012032
61178979	1610613248
31919187	2147483682
10903575	327682
9571935	37376
55040151	1073778688
30733023	2147520512
47244387	1610613248
30554823	2134016
63179031	1610612992
48860175	1073750528
25561659	1048582
40448811	4311744513
6958875	135266308
56174799	36865
3879903	2147520512
6025107	102400
24537171	671092736
80061375	1610613248
73575543	1610612992
41141523	53248
38824275	83886081
1048143	1610612992
58602531	1610613248
2396955	67108929
78507795	2147487746
41188827	4362108928
5730591	1610612992
27852663	134250560
2947755	1073778688
28733619	4362108928
30796851	671092736
37176411	4130
64492851	66564
25090239	1081348
6238623	57344
46774911	1610612992
15087711	36865
28946811	20512
52452039	800
33232035	67141633
4335771	1610612992
19856667	150994945
35674671	671088768
51866895	37376
63703911	2181070848
72545871	4362108928
22746423	1073778688
28838271	67141633
37368219	196610
65844255	4102
37892451	1081345
7437099	1074823168
21261531	150994945
31403379	800
57551799	4296048640
64425783	65539
76603647	1610613248
46492707	67145728
24244275	57344
39715275	4295000065
13117143	1610613248
13785555	2147618816
80903127	1081348
9540507	83918848
18496191	1085440
77191059	561152
43074183	671088768
17521599	2147520512
32775195	4362108928
59893671	537919492
48117243	1140850689
29761995	1081348
54509763	1090523136
34555575	1610613248
67979415	4311744513
969735	8400896
75500427	36865
44952411	1073745921
54244407	671092736
41793087	1073778688
65181675	4311744513
46392591	36865
28574535	4362108928
22177803	83886081
24532959	1610613248
16767975	4099
7524903	1610612992
52886523	67633153
68598579	1610612992
2333127	1610613248
53710455	134254592
10121763	1610612992
57542727	1610613248
63986439	16777219
59440719	537919492
27844887	16779520
39397431	37376
60775923	17301568
45269283	2147520512
3424359	1610613248
54296247	4328554496
22546515	2147549200
1616115	45056
4441395	83918848
47056143	4362108928
51349143	2147487760
61848687	1140883456
4908927	36865
14684979	4328554496
44127831	1610613248
23795535	35
78573891	36865
42925143	150994945
15675123	83886081
25893759	6442455040
63332283	67108929
3043335	327696
24813867	1073778688
5563731	1610613248
27425307	671088768
49343259	1610613248
40799379	20481
81433839	4362076161
64540155	37120
39009279	1081345
41207943	1073778688
5304531	2097217
59907603	2147520512
13550331	1572868
8323887	4378853376
55883847	2147520512
2925399	150994945
45047991	36865
26280615	196610
12587079	1081345
2535627	4130
29689743	36866
43845303	5435817984
57466911	1610612992
33028563	24577
42922551	6442455040
48363159	67141633
12320103	2147489792
12794439	150994945
43660299	1610613248
30994167	2147520512
59884275	83886081
856983	4106
924375	1085440
58009611	16781313
66101511	66562
25282695	1610613248
39172575	2134016
19901055	577
65202087	4362108928
6114207	106496
14052207	671088768
8864967	1610613248
12277011	1610613248
11010819	1074823168
56243811	2134016
39652095	57344
39851355	16809985
57400491	1140867072
76613367	1073758464
53870835	36865
77318391	1081348
23180259	1610613248
28158195	1610613248
60659931	1610613248
63358203	37376
75517275	67141633
65622315	6442455040
414723	1610613248
53888655	4311744513
16805235	135266308
63238323	671088768
79650219	67141633
49996443	1610613248
73749855	1610613248
4397979	16781313
66062955	8425472
1629075	4102
4214919	671088768
73636131	1081345
3663471	1610613248
66415467	1074823168
4393119	1107300352
44983839	4295004160
60599019	2147618816
5231955	4099
54098931	1107296257
44480343	5368709121
12278955	134221825
71040567	1074790404
39239643	1610613248
78185091	536903936
52386915	671088768
5929851	36865
45262479	4362076161
13458963	4099
7676211	1610612992
39886671	2147487746
36723135	4295000065
26337639	2147520512
80217219	2147549200
71515551	1610613248
604911	4295524352
51173859	36866
45308163	16781313
28645815	167936
65351127	2147520512
60657663	2148007938
39585351	4362076161
38133831	36865
63703587	1081348
1041663	8425472
25786515	32802
4722303	37376
19901379	150994945
53771367	1073746176
47708031	671088768
52371687	57344
60950235	32833
60409803	4362108928
63833187	32833
69639591	1610613248
63321267	3221229568
32832219	3221229568
46701363	1610613248
64773435	1073774656
61744359	2147520512
52704435	1149239296
11808183	2147520512
75799155	1081345
3132435	1610613248
76741347	24580
63177411	4362108928
2842131	57344
50509659	1610613248
44663727	1610613248
6274263	4295000065
30516915	671092736
32823795	4311744513
44527971	36865
60776571	1610613248
3168399	1073778688
81697575	671088768
29489511	1073778688
61489695	1610613248
51118455	16809985
5184975	557120
25179987	1081345
22168083	671088644
61602771	1610613248
22059543	134250500
52864815	671088768
71463063	2148012032
59903067	1610613248
79620735	36865
48084843	671092736
10203411	4311744513
41637567	1085440
29107515	2134016
67644723	1073778688
50778255	4294971393
23851263	1085440
19468839	561152
17717943	1610613248
43396887	4362076161
8177115	1610613248
70737627	671088644
66613107	16908290
76124127	3221229568
25019607	36865
44012811	6442455040
3720819	1610613248
68268747	53248
36399783	1082163200
42878487	4395630592
25180959	4362076161
25506579	2147520512
2215839	1610613248
77056275	1085440
65487207	1081348
68136879	4102
40460151	4295004160
71904999	17301568
31817451	4311744513
312987	16781313
21141975	37376
16330575	5435817984
30042255	1085440
47138439	4295000065
12385875	671088768
18004359	36865
63879195	53248
63469659	33587456
42128427	1081348
58005399	4362076161
7797063	57344
44719779	3221229568
10961247	36865
45232671	167936
24585447	2147520512
30438183	67108929
107571	67141633
14754639	1081856
37025751	1610613248
46180047	1610613248
57519399	24580
38968131	671088768
43453911	4362076161
57355779	671088768
68220795	16809988
220971	536907776
47458875	4362108928
28928019	134218753
24218355	1610613248
47770563	2147520512
210279	134250497
77964447	1081345
62804811	2181042176
403707	1081345
23658483	1610612992
41244879	67141633
80827959	1610613248
11441091	1081345
13061091	2147487745
52875507	8392705
18941367	16781313
26999895	537919492
2862219	1610613248
9440391	2147520512
33707991	1610613248
62068359	36865
4706103	671092736
30762831	16912384
66938079	1610612992
40295235	67141633
3123687	4311744513
16521411	24580
58969299	4362108928
64533675	671088768
57188271	4429185025
70534155	1073745922
1811487	2148073472
74544303	36866
37248339	1073876992
71798727	20484
68622555	1085440
70435983	36866
32191023	671092736
58280475	1081348
64142931	1610613248
16589127	36865
11798787	1610612992
43743	135299072
80595003	671088768
27760647	134217733
50516463	2147520512
76883907	1107329024
52373307	1073778688
5630475	134250624
12773379	1610613248
24936987	2147553280
48902943	2147520512
2743959	1073778688
52827231	83886081
61055211	16809985
28857387	67141633
49485171	1610612992
13825407	1610613248
31382643	3221229568
31674567	2155876352
45418971	671088768
58479411	1140850689
1809543	2147520512
6321243	1610613248
27303807	671088768
53937255	1073778688
9096303	518
52622463	8392768
81448743	20482
74997903	1610613248
53608071	2147520512
13032255	524354
18268095	17301568
2847639	2148012032
75935883	1107300352
53689719	1081345
37986411	1610613248
28288767	4362108928
15706551	83886081
46403931	16801792
37037091	8425472
43285107	150994945
76728387	134479876
22988775	4311744513
49751823	16801792
46918767	2147520512
9081075	1610613248
63333579	24580
11541531	57344
2512623	1610613248
12910107	671088644
12150975	2148012032
59666871	4311744513
75291447	1610613248
18893415	1610613248
77217627	2147520512
71531751	150994945
7261491	70
56337771	2147520512
5978127	16777222
13634895	1610612992
62365791	67141696
61632903	167936
71888151	1081348
16877163	83886081
61059099	1610613248
26807115	4102
78861603	67244032
10371	2147745794
32873367	671088768
51539979	1610612992
73485147	1610613248
47944551	1081408
77148615	1081345
10557867	1073778688
16812039	20481
61389255	32833
9466311	16908289
69179187	671088768
69525543	1610613248
2347059	790528
79637259	1174405120
74111439	2147520512
41418867	4295004160
74639883	671088768
57981423	4311744513
68326419	1085440
42536019	1085440
51596679	2147520512
27593463	1610613248
27821559	16779520
3336879	1610613248
41499867	1610613248
4414827	1074266176
32608011	1610613248
13319643	17334272
17563071	8421377
51522159	1610613248
77580183	1610612992
78543435	36865
35908923	2147520512
20978031	1610612992
8458347	1081345
6034503	1610613248
22182987	671088644
57892647	1610613248
10495659	3221229568
23418075	32802
20920035	1085440
45682383	2147487760
32907711	36865
43989807	16809985
51015747	671088768
2044767	4362076161
12194715	4113
15276603	67141633
2527203	150995072
65446383	36865
47220087	671088768
53690691	2147520512
7779891	671088768
51263283	671088768
70871439	2147520512
62110803	4362076161
24030111	671088768
6198123	4311744513
62393655	70
54467319	671088644
13083123	1610612992
625323	150994945
12403371	671088768
17476239	37120
52090131	1610613248
53170347	67141633
623379	671090688
79204071	671088768
25546107	1073778688
59495475	5502926848
21185715	36880
12727695	57344
32175471	1149239296
24364479	4294967362
72043023	4311744513
57583551	37376
5748411	83886081
6478059	671092736
11884971	671088896
74854695	1610613248
20550027	1610613248
9953607	1610613248
35604687	1074823168
27647895	671088644
13683171	671088768
31835271	1610613248
12906543	136314881
29295759	1085440
174963	2180
81123447	561152
4969839	1085440
53430519	4102
10811883	671088896
43969719	2147520512
40223631	3221225474
48512847	671088768
38196363	36866
43232619	4295004160
14745891	1610612992
17751315	167936
80831199	16809986
52799691	1610612992
22899351	1610613248
15823515	1081348
29549451	201326593
49433331	1610613248
53117859	1074823168
46758063	36928
46846839	4295000065
43459743	20481
57880659	1610613248
46917795	1610613248
34493043	2134016
57265383	1610613248
75595035	561152
70867875	4362108928
60085155	1081348
66071055	2147520512
63087663	1610613248
56078571	37120
30594351	135266308
22141839	83918848
4094715	2155876352
44789763	17301568
39525087	2129921
50677491	1073778688
39761931	1081348
22835199	2147520512
79189815	1090519041
41656683	3221229568
16868415	2148008000
11971155	36868
72520275	36865
45563151	36865
28435863	1610613248
58170963	1610613248
142239	1610613248
54621867	67108874
35755995	1610613248
30512379	83886081
22009647	1610612992
67411767	671088768
39678015	2147553280
44882103	1610613248
38981091	327696
17964831	24577
37120035	4295000065
6812103	1610613248
43953843	4362108928
47882667	1073938432
29702055	1074823168
16594311	16781313
73924167	671088768
16570011	1074003969
12619803	83886081
67747431	2147520512
66028287	1073758209
48969687	65554
39863343	1610613248
251103	102400
698223	134217860
16139415	671088896
78186387	36865
78269979	33652736
23159199	1610613248
4130355	671088644
4103463	4362076161
17026203	67141633
18679251	4311744513
52206447	1610613248
8617107	67109889
10867935	1610612992
64279011	53248
40262511	2147520512
72411411	1610613248
51632967	1610613248
55302915	2147520512
31285443	36865
3224127	1610613248
37420059	4362108928
11162127	1610613248
12411471	671088768
18156963	67141633
63790419	1610613248
67803159	1081345
40190907	37376
76634103	2147520512
20480367	2180
51493971	1610612992
1770663	134221952
79725711	1610613248
51806955	36866
46692615	4362108928
4039635	2147520512
27014799	150995072
18554187	1074823168
69963591	2147520512
47610831	671092736
39749295	4295000065
36056991	1610613248
79656051	1610613248
20230239	4362108928
42562263	1610612992
66483507	134217733
52020147	4130
1805979	1610613248
61926771	671088641
81294519	2147745793
45705711	671092736
57454599	1610613248
75774855	4362076161
66161775	561152
54158223	1610613248
6410667	1073745921
18516279	1610613248
18571683	8425472
1253235	17301568
40141011	4295000065
47791299	16809985
37701939	53248
24037887	100663298
13742139	1085440
76595223	1610612992
62742927	53248
66477999	150994945
50629215	1610613248
45077151	24608
48617175	2147520512
61635495	1085440
70753503	671088644
81122799	1081348
12588051	150994948
57837567	1081348
50669067	67141696
774363	1610613248
5438019	36865
28744959	1610613248
62368059	1610613248
131547	67141633
31876743	1081408
79542651	36865
29501175	2101312
67453239	2147811328
16761171	201326593
61401243	67145728
3023895	4311744513
24073851	4295000128
51473559	32833
80533119	1140883456
67841067	37120
38950959	36865
55394607	1610613248
15890259	1090519041
60655071	4362108928
28928343	1610613248
25367907	1610612992
75217575	3221229568
39303147	1610613248
14711223	1610613248
17572143	536875010
37345539	196610
20604459	134217733
47152695	67141633
15266235	671092736
21506151	1610613248
43597767	671088768
74341803	2147520512
7139667	1610612992
61335147	32833
68695779	2147520512
38641539	8519682
12355095	1610613248
38197011	1082163200
32765799	4294971393
45509691	2147520512
49234719	135266308
43506723	134217733
23521107	1085440
77997495	1073778688
22836819	1610613248
54003027	1610613248
72615855	3254779904
76708623	100696064
2612091	1610612992
14419623	1073778688
13131075	1073778688
20334567	1610613248
29152227	1085440
2837919	1081348
18517899	36865
55722495	67108930
54087915	1140850689
7133187	17858560
68370483	1610613248
46765839	536907776
48738027	1610613248
64702155	37376
45206751	2164264960
20831259	2147487760
59905335	536903936
59104407	37376
20959239	67141633
52994739	1610613248
49149831	2684358656
33528495	3221229568
24003219	4362108928
18875919	2147487746
44166063	16809985
57840159	1140883456
893595	327696
5477547	83886081
3190755	1085440
15751587	3221229568
52486383	1090519041
22556559	16781313
28836975	2147520512
345711	4362108928
77307051	100728832
74035299	4311744513
53183955	4362108928
60474927	1610613248
26526531	671092736
54523695	135266308
77856879	1073778688
6711663	2148012032
46925571	4311744513
6599235	3221229568
76841139	1610613248
55906203	2147520512
65818983	1610613248
76530423	1610613248
39666675	1610613248
3301563	20544
54110271	4311744513
20448939	1610612992
77681919	3221229568
12688167	57344
66216207	16912384
6148551	2147487760
47638695	1610612992
5942163	16916480
72777207	36865
2676891	2148073472
21667503	4311744513
35645835	1090551808
11992539	1610613248
8716251	1610613248
36542343	104
371955	4294971393
77411055	2147520512
2175987	67108929
713775	4354
38433855	4362076161
42182211	2147520512
51145995	83886081
35667219	4295000576
62005503	1085440
43311675	4311744513
61728159	75501568
57186003	536875520
62520015	2147487746
11733339	1610613248
62846931	37376
13131399	1146880
18056847	1074823168
20989371	16809985
47370747	1610613248
46214715	16814080
27013179	150995072
62428971	20482
30540567	8392706
75224379	134217733
1612875	16910336
32911599	4362076161
36450003	1610613248
5248155	2147520512
74171055	4294971393
34630419	16809985
74101719	1085440
72243255	83918848
74706951	4311744513
23476071	536871172
47798103	4311744513
75259371	37376
154227	69648
4920591	134250497
44243175	4362108928
19500267	67108960
45349635	1610613248
72298659	1081348
2158167	1610613248
12961947	2181070848
23123559	4362076161
33101139	524354
34856895	1610613248
51390615	1610613248
57929907	2147520512
65031015	1610613248
4095687	4294971393
40473435	8392705
5303559	2147520512
5089395	100696064
27845859	4295000320
22526427	2147549185
71824647	4328554496
8111667	3221229568
11302419	1610613248
50809359	1085440
19855047	1085440
47976627	8388641
37405479	4296048640
77127879	4303355905
42938751	36866
40016271	671088768
45592635	1610613248
6362715	4311744513
60511863	1073775104
40673667	4294971393
60966435	143360
47401203	1610613248
35905035	1610612992
44920983	33591296
74805123	37376
68302767	36865
72248763	3221229568
3583119	75497473
77887983	1074823168
32538999	1610613248
31344411	83886081
52609503	1090519041
10230303	32833
36757803	36866
64504191	16809985
42143979	4362108928
13018971	16809986
78559635	3221229568
79071555	561152
22974843	83918848
77196243	1610613248
20748639	1085440
114051	67141633
52566735	20481
33410235	20482
36720219	1610613248
57144855	1107329024
80602455	16777729
76436463	134221952
42370131	24577
33150711	4295004160
20141139	16809985
6373407	50
5489535	671088644
75515007	1074823168
51339423	1610613248
67055691	1085440
70821543	4099
39238347	1610612992
768855	4295004160
12890019	2147520512
15693267	3221229568
55077087	1085440
19832043	150994945
16052259	2101312
5451951	8198
35705127	4099
32819583	1610613248
6340359	1610613248
354135	1610612992
946083	2701131776
7299399	4395630592
64384635	66304
4228527	2147487746
758487	1610613248
61733019	1073778688
3598995	4362108928
72831315	1610612992
37053939	4295000065
60106863	67141633
80342607	4311744513
8977395	83918848
2225559	1082368
79879287	36865
32388015	36865
36640839	1073778688
3375111	134254592
25433679	671088644
64655823	2147520512
16595931	536873472
63938811	134250500
41881215	344064
68312487	1610613248
69289995	1610613248
23393127	672137216
21865467	671088644
35258979	1610613248
13765143	1610612992
17664159	1610613248
54617007	524322
61534407	4429185028
43269879	671088768
12224523	4295000065
493131	134250497
49538307	36865
71757579	4311744513
62392035	4362108928
67857591	537919492
20023851	327696
54592383	671088768
80448879	1073766400
51342663	1610613248
74796699	1610613248
62705667	1085440
49541871	671088768
8195259	1610613248
55544619	16801792
41658303	1610613248
78551535	5368709121
13352043	1610613248
25444371	1610612992
18204915	150994945
72917175	1610612992
70910319	4362076161
35867451	4311744513
24597759	1610613248
44199435	1073746432
28180875	37120
57281907	4966055936
11546067	2147520512
439995	671088768
21794187	1085440
42983463	671088768
66277767	67145728
3831303	2147520512
3541323	32833
2394687	671088644
53666067	1081345
41725371	2147516418
60375459	671088768
63026427	1085440
57705375	1082163200
25938471	1610612992
63209163	1073778688
32802735	1081345
35429727	2147520512
70919391	1085440
139323	4295000065
5019087	67112962
63935247	1073872900
8328423	1081348
39125595	16781313
48704979	167936
25511439	16809985
73819839	1073774593
70600251	1030
10701075	36865
41674827	83886081
66640971	4362108928
3679023	1187840
31307799	2147487760
56165727	671088896
54500367	83918848
3213759	2147487745
11422299	134217734
15058875	150994945
1959879	4328554496
15930759	83886081
72862095	1073778688
27906123	67141633
3834219	1073790976
14367135	1610612992
52606911	1610613248
37350075	196610
39010899	2621441
50416023	4362108928
47500671	671088768
31646703	1610613248
47902431	1073775104
105627	67141633
12942831	557120
59054187	5435817984
11957871	1610613248
58942407	135266308
64551495	561152
1173531	167936
44318667	83886081
22174887	1610613248
68398671	32833
52715127	671088644
35296887	36865
53651487	1610613248
79831335	36865
75623223	1085440
49389591	36866
42719079	1610612992
75239283	4395630592
6060747	1610612992
19241715	134217860
49412595	1085440
22620387	536871172
11928711	40961
46906131	1090535424
1941735	1085440
42478995	528386
25282371	4099
60705939	16814080
10584111	1610613248
31014255	1610613248
60299967	3221291008
72878943	36865
74519355	1610613248
32542887	2148012032
139971	4295000065
911091	1085440
13550007	1048836
12499275	1610613248
78503907	196610
26574159	1610613248
1494291	3221229568
6095415	4294967313
4727487	671088768
39363411	24577
52428063	1081345
5727027	83886081
56860383	1610613248
77853639	1081345
45351579	1610612992
21266067	1073746176
691743	1610613248
69714759	1073775104
29785647	4295000065
63026103	1085440
16744323	201850880
64640271	36865
15333627	671088768
25905423	57344
33207735	4311744513
33405699	524354
80246703	1085440
53458059	557120
78096315	51380224
3469395	4294967361
21858015	2147520512
51633291	4362076161
1920675	134217857
54674355	557120
49394775	2621504
36148683	671088768
1863327	57344
12767871	2148012032
2911143	16814080
57345087	671088768
67534239	67112961
53589927	1610613248
54560631	83918848
81708267	671088768
18656895	2147487760
6838347	2147520512
71766003	1610612992
1645599	67141633
9654879	671088768
57202203	671088768
994359	4311744513
58740231	1081348
26539167	57344
62760423	36865
19494111	1610613248
1052031	1610613248
26724495	2147520512
81538815	1073778688
34348863	1610612992
71656491	1610613248
38882595	4311744513
51733407	36865
45590043	1610613248
1623567	1610613248
59771523	36865
64245963	1073746176
77436651	5368713216
227127	37376
2657127	2147614736
746823	1610613248
65127	1610613248
58957311	1085440
36050835	8523776
63543855	4311744513
47445267	57344
22781415	114688
3979371	1610612992
23976003	536871680
72946335	1081348
55013583	37376
42572631	671092736
41548791	4362076161
36832647	4295000320
1242219	1610612992
50392695	150994945
56533467	37120
63303771	5368713216
36074487	4295004160
53773959	4102
48662535	36865
43767543	327681
35897259	70
43835583	1073778688
66055503	3229614080
23048391	671088896
24094263	2147520512
3242595	83918848
16368483	4295491585
62671647	36865
61774491	69634
54040611	167936
49719423	150994945
43188555	4295000065
40739439	4311744513
49221759	2148012032
21588771	1610612992
59555739	1140883456
80674383	36865
43238451	4362108928
56502363	1074790404
31353483	1081345
77115	135299072
18685407	143360
81201207	536903936
40406691	671088768
32001159	671088768
65609031	83918848
2904015	2147487746
13024803	1610613248
8867235	4295000320
8898987	32833
42392163	4296048640
60599991	36865
11743383	1085440
74190171	4362076161
37467687	1610613248
11996103	2147520512
41253951	1610612992
1592139	150994945
72645015	33591296
53236767	8425472
10816095	2147520512
21826587	327696
62939595	1085440
78014343	3221229568
31014903	57344
43273443	38912
3381915	2147520512
18076611	1610613248
339879	150994945
13888911	1610612992
854715	2147483682
51324195	1074823168
59324727	1610612992
53524155	1610613248
34749003	1610613248
43480803	16912384
47338347	4362076161
54670143	16389
68039679	8425472
17247495	4362108928
60961251	3221487616
75561339	327696
11409339	1610613248
659991	4429185028
66337059	671088768
17097807	4311744513
11402859	2129921
474663	1081348
33864807	3221229568
16082067	1081348
59533707	4226
2653887	4362108928
64603335	37376
35912487	671088768
70835151	1146880
59247615	1610613248
78080763	1610613248
62780835	4296048640
43031415	1073746432
23087271	57344
62376807	1074823168
21823995	4362076161
57527499	3221229568
23959479	1610613248
48450639	671088768
57920511	4362080256
3764235	67141633
38658387	16389
60038175	2147520512
40497087	33028
38280927	4311744513
21502911	16781313
28604343	1610613248
70456071	2147520512
804819	2147520512
1912899	671092736
31017171	167936
52714479	671088896
24531339	36865
50521647	1085440
8857839	3221229568
80940387	97
59022435	32833
44878539	4329046016
75027063	36865
32127843	32834
17432175	2147520512
78607263	1610613248
18537987	1610613248
30481275	1610613248
33335391	167936
27823179	4295000320
7155219	8425472
44594715	2147520512
77512791	4311744513
46347555	4328554496
60071871	1610612992
19158123	134225921
16269015	2164264960
42482559	538968320
50514843	1610613248
70409415	1085440
66831807	4106
75469323	134221952
69818115	1085440
37348779	196610
32875311	134221825
4341603	8519681
12385551	671088768
229071	1073807872
30092151	1085440
66158859	37120
41945367	2147520512
10518987	32833
72074775	2147520512
51166407	671088768
37022187	1610613248
36002559	4362108928
24049875	1610613248
715071	327696
116967	134250497
117291	134250497
33719331	1073742084
876747	17301568
41639835	2147520512
37041951	1610613248
43506399	2147549188
62684283	33587201
67734147	167936
33269619	57344
15430503	83886081
25874967	2147520512
172371	327696
13226655	1085440
21692451	167936
70173867	524354
47569035	4311744513
43367079	1085440
4550259	4311744513
38180811	4311744513
40908567	67141633
79698819	16810240
50755575	37376
52637691	1073778688
73325091	1073872900
29548803	67158016
975891	1610612992
63705207	1610612992
12488259	1085440
43571199	1610613248
681051	2147520512
38011359	134217864
47211339	518
60185595	33587201
14224899	1610612992
76013319	5368713216
23601783	4294971393
81126039	671088768
27308019	1610613248
47237259	1073778688
78142647	1610613248
13048131	1085440
32524419	1056772
6582387	2147487776
35288463	36865
64202547	1081345
35752755	2148008000
70893147	134250497
62703075	1610613248
13715895	1073745921
80336127	671088644
28657155	135184
69375207	67145728
65440875	1074270208
35704803	2147520512
44064327	3221229568
37526655	1073746432
51081843	4130
624351	1610613248
19791219	4295000320
50303271	1610613248
58160271	2147487746
62454243	1610613248
72295419	1140850689
75366291	135266308
14637351	2147553280
55981695	1610613248
62836563	4311744513
25342959	4362108928
5355075	2147520512
12222255	4311744513
68270691	83886081
53315823	1610612992
37588539	671088768
67249119	1610613248
41847195	1074823168
6082131	67108929
74204751	1610613248
52305915	2134016
76605591	16912384
60565647	2147520512
65614863	36865
51298923	2147553280
2826579	67158016
76977543	1610613248
10760367	1073745921
34216347	1610613248
10928847	17334272
79224483	3221229568
19702767	36865
14073267	577
73939071	1081348
38129295	67141633
81668739	2147483682
61131675	4294971393
31311363	5368709121
54936471	1085440
68698047	4429185025
19829451	150994945
56788131	539492352
18261615	1081348
17479155	135266308
49776771	16809988
40213263	321
45625035	671092736
2919	1610612992
7839183	2147487748
2209683	150995072
53128551	671088768
19032411	150994945
16061331	150994945
39270099	4295000065
78469563	1073774593
56628723	1610613248
65699103	1610613248
39146655	1610613248
6093795	673185792
554691	1610612992
70324851	671088896
80936175	17301568
22286991	1073876992
32893455	3221229568
58222155	36865
53931099	2147516432
55979751	671088768
20977707	16809985
35197095	66564
3757107	2147520512
46988427	671088768
30546075	1074823168
80980887	1073778688
79657671	150995072
28191891	1610613248
17123403	4328554496
794775	4362108928
2540811	2147487760
16174731	4295000065
69571875	2147520512
80267115	2147520512
65918775	2147488000
80055543	5435817984
11579439	1610612992
4940355	536871680
55853715	1610613248
15793707	83886081
63730155	1610613248
51564927	1073774593
28475067	671088768
23203587	1610613248
39105183	2147487760
19060275	1610612992
19483095	1085440
50483091	671088644
1607691	4395630592
79989771	1090519041
59627991	4295004160
52281291	671088768
61018923	36865
11078859	4295000128
81467535	37376
52691151	1085440
32457675	4864
17634027	40961
80455683	28672
746499	134250497
29524179	37376
95583	134250497
32965059	67133440
40557351	36865
2811351	134545408
28241139	4362108928
57869319	2147520512
4129707	4362076161
38121519	3221229568
2686611	3221258240
66833751	2147520512
35508135	2147520512
29871831	299008
60754863	525314
71328927	20481
38275419	4130
55962579	1073745921
18832503	100663297
2402463	45056
72963831	36880
12163935	37120
38733879	67141633
12278631	8421377
79381623	37376
446151	671088641
59563191	2214596608
38075835	150994945
29379027	2147520512
77626191	1090535424
3859167	2147520512
16231431	1610613248
21441027	1610612992
80764455	37376
26359995	1610613248
42648123	1610612992
35870043	1074008064
76207719	24577
39938187	4295000065
1819911	134283265
4164375	70
19809039	1610613248
72364755	1610613248
28044471	134250500
4017279	16779520
48494055	1610612992
25810491	69648
11822763	1610612992
57212571	1610613248
21251487	3221229568
43262751	671088768
52385943	1073872912
1189731	1610613248
12860535	1085440
80587227	53248
70006683	1085440
52550859	2148012032
65988111	1081348
13173195	150994945
27596379	134217768
4483515	1081345
80819211	1610613248
72178779	4328554496
48866979	57344
313959	201326593
56313795	36865
24590307	8425472
75700011	561152
13171575	40961
34372191	2147520512
53329107	1081345
41308707	1610612992
48354411	1610613248
390099	1610612992
14422863	4295000065
63489747	1074823168
18812739	671092736
56414559	1140883456
42940047	1085440
8635899	40961
7326615	2147520512
11550279	4295000065
33589731	1610612992
79418559	2147520512
917571	4311744513
8707179	1074823168
3842643	4362108928
53202747	2148073472
43350231	83886081
79206015	1610612992
71264127	37376
80214303	5368713216
75872379	2147520512
78532743	1074823168
23283615	150995072
49948491	135299072
5661579	1610613248
59592351	36866
68365299	4395630592
35487723	4362092544
67165851	4311744513
47643879	83918848
70829319	4294971393
19960671	66050
21016911	32834
969411	1073778688
32965383	1610612992
12439659	671088768
31180143	800
73474455	4311744513
35047083	67108929
80157279	16779392
75325791	1610613248
54569703	1107329024
78822075	1074823168
78788703	36865
13205919	2147483666
54562251	1081348
44251923	671092736
78243735	1073745922
6320271	1085440
40175679	2147520512
12273447	67141633
51020283	37376
8073435	57344
81053787	1610613248
10117551	4311744513
3071847	70
24602943	4294967302
78226239	16908290
57813267	671092736
67808343	1610612992
35574879	67141633
41861775	1081348
27170967	1073745921
24301623	1082261504
38510967	1610613248
73501671	2147520512
32836107	671088768
59810079	1610613248
75460575	4311744513
78736215	1073778688
32701647	1610613248
5078055	2147520512
76824939	67371009
582555	536875520
75083115	671088768
27023547	150995072
65467119	37376
5552715	671088768
80472855	1074823168
66941643	1610613248
56623539	262
42038355	16809985
74042751	4311744513
59023731	67108870
73104771	17301568
77246139	16809985
81570891	4311744513
52882959	16781314
71934807	1081345
39768087	1090551808
69482451	1081345
5306151	1610613248
22287315	1610612992
1547751	2147553280
13004715	40961
57791883	2147520512
71077179	1610612992
68198115	36866
50188575	1081348
44074047	561152
52935771	1146880
49648791	37376
54840567	37120
22484307	671088896
49901187	1074823168
11052939	1114116
77702331	16809986
70169331	33587712
25640391	1146880
77293443	1610613248
34965435	671350784
42686031	671088768
24057003	2147520512
16621527	1085440
35200011	67108960
41631087	1610613248
14411847	1085440
76285803	37120
69328551	671088644
25898295	1610613248
79044339	16777282
73931619	671088644
44872383	3221229568
7209975	1073774593
52992471	3221229568
43263399	671092736
58295055	36865
3530631	4370464768
214167	1085440
70495923	537919492
15887343	83886081
13905435	1610613248
61787127	327696
16032819	4295000065
2023707	37376
24437379	524384
70269123	2147520512
74718291	1610612992
52879395	1073778688
62215455	344064
61887	1610613248
7298103	16779520
42220767	4311744513
43047939	1610613248
66963999	1073778688
45462063	2147520512
73461819	2147520512
5101383	4311744513
43329819	4311744513
39643347	36865
26247891	1081348
1848423	5402263552
76889415	671092736
27950835	1085440
18910911	671088768
1700679	67141633
47270307	67112961
33964599	671088768
62346675	1073746432
32727243	1081345
71700555	37376
28423875	2147487760
4418715	671088768
71585211	135169
68641347	1610613248
44559399	671088644
35732991	1610613248
30369171	1610612992
63616755	36865
81143211	331776
43667427	83918848
7905603	4311744513
72925275	36865
29679051	114688
11782911	536871170
57689175	671088768
37248987	1140850689
74553375	1610613248
50021391	671088644
22703007	2147487760
29573103	67158016
76417671	134217860
13145331	1610613248
63429159	4311744513
81183063	8425472
31563759	36865
5612979	1610612992
27999111	3221229568
68352339	1610612992
16356819	83886081
49596951	671088768
37381503	196610
18422643	1610613248
68648475	3221225488
47157231	2147520512
31395603	800
56629695	53248
65398431	1610613248
57124443	1081348
21012051	134218241
28676595	1083179008
50634075	65553
53889951	4295000065
18343911	83886081
7668759	4294971393
23473479	1107312640
78415131	1073766400
59234655	1610613248
57202851	1610613248
75885987	1073766400
14479563	1610613248
36538779	671088644
43284783	36865
59349999	1082134528
109191	134250497
51683187	36865
34997511	49153
37968591	150994945
8406831	1085440
62557599	1085440
56448903	1610613248
78730383	1073762304
42663351	196610
31394955	800
67678743	1074823168
58754811	1610612992
19065459	1610613248
35454027	167936
44365647	4311744513
64250175	1085440
54326055	4362108928
53838435	1610612992
2263791	285343744
19063839	167936
76735839	2147520512
166215	8425472
73510419	671088768
67467495	36866
41327175	1610613248
62637951	67
68205243	34880
18460551	1081348
2903043	134217860
3897075	16826368
60074787	4226
72494031	327681
26696307	4295000065
40047375	16809985
60122415	4362076161
19752339	524354
45518115	4130
40806507	67141696
77400039	1610613248
68813391	1610613248
3912627	1610613248
67294479	36865
69622095	1073745921
75992259	2147614976
25394475	671088644
43002255	4295004160
13247067	1074823168
11371107	1610613248
59881035	1610612992
60200175	1610613248
64029531	4429185025
57723519	2147520512
74830395	67141633
1029351	2147549185
4725219	3221229568
76560879	4329570304
8806323	36866
18857451	1610613248
56148879	2147516928
15000231	671088768
53863383	65793
5217699	327681
22885419	1610613248
1046199	1085440
13367919	557120
24117915	4295004160
127335	67141633
32660823	32802
65453835	561152
37346835	196610
75990639	1081348
57787023	2147553280
23728467	4362076161
48819027	2134016
40318887	67141633
8662143	83918848
34671	135299072
20576919	4130
44640399	37376
66870687	83886081
80633883	1073778688
11213967	1610613248
50903967	37376
34076379	83886081
46386111	2147487760
40340595	36865
323355	134250497
24001923	671088644
53614227	1610613248
69316887	36866
25003083	1610613248
19484715	2147520512
17906511	1610613248
12693027	2147553280
54301107	1610613248
44733063	2147520512
28740099	4328521729
33643515	5368741888
9299451	2147520512
50401443	16809985
29277615	1146880
61842207	4362108928
40553139	1610613248
70601223	4295000065
49888227	36865
28833735	2147520512
67759095	1073778688
33765663	4295000065
80551911	1081348
70353039	83918848
18237639	57344
12147087	1610613248
60373515	4311744513
1241571	2147520512
75623547	1610613248
75354303	3221229568
32867211	1082134528
48686187	131600
656427	1610613248
41074455	5368971264
4048707	1085440
36873795	8392705
39779427	1085440
78639663	1074266113
64410555	1081345
19391403	67141696
815511	1081345
65562375	1610613248
75907695	5435817984
34064715	57344
48276975	3221229568
101739	134250497
19370019	1074823168
58429191	1610612992
7226499	67141633
73367859	1610613248
29621703	4609
58856223	36865
49079847	2147487746
60492099	67141633
3644355	25088
74104311	327681
21595899	1610612992
62074191	1610612992
8828031	2147520512
66203571	16809985
55009695	32833
43363191	34880
42799431	2147488256
64216479	37120
1545807	3221229568
46212447	1610612992
25408731	2147520512
31982691	3076
50230047	4362076161
39808587	1073873408
29468127	1056772
40927359	557120
60812535	2147553280
38486991	1610613248
52439727	1082163200
60594807	2147549200
39203031	196610
46829019	1610613248
73536663	1610613248
15842631	8425472
42814335	1056772
57036963	2134016
45674283	1073774593
14634435	4295000065
5936007	4102
12846603	1073778688
1527015	136314882
24498291	196610
5213487	2147553280
46288587	135266308
52563171	1610613248
16229487	83918848
45672015	4362108928
37347159	196610
33760155	2147520512
34394223	8392736
35292351	1610613248
65605143	1610612992
25151151	1610613248
42105099	671088644
4298187	671092736
17310351	83918848
2526555	1610613248
60488211	8425472
9279363	5435817984
71698935	1610613248
29154819	37376
57987579	1107296768
49087947	17858560
27848451	16779520
14258271	1073745921
46983243	1085440
22517355	4296048640
44921955	32833
37347807	196610
62715387	1073778688
41050803	6146
68467035	4311744513
74607807	1073745922
15404907	36865
61860027	2147483968
28192215	1610613248
13575279	536875520
66683415	4311744513
7788315	671088644
38000991	2147520512
43129911	1085440
64740711	1073872900
18899895	150994945
79718259	67141633
10223823	331776
62860863	8392705
7725783	1081348
79569219	4311744513
16634163	135266308
23175075	4362076161
37601499	4395630592
63855219	67141633
75277839	2148007937
35442363	1610612992
56327079	2147520512
47258319	4311744513
38633115	67141634
3608067	524353
11691219	17334272
57221319	671088768
9517827	67141633
60603879	2148012032
41473623	331776
22169055	671088644
20904807	2147487746
32300535	1610613248
39183267	17334272
914331	16809985
77282427	36865
7246911	2147495936
47273223	671088644
66237915	671088768
45010407	671088768
30978291	4296048640
49012779	16814080
7391091	327696
45656463	1610612992
40133559	671088768
34235139	36865
45085575	671088768
4205523	4311744513
4694439	17301568
42792951	528386
70320963	8198
15001203	1610612992
41751939	67112962
6489399	1073745921
78866787	16777984
40200951	1085440
36499251	83886081
45421239	1610613248
18472863	16809985
55580259	1074823168
55228719	83886081
10904223	3221229568
34610007	2147520512
68818251	1610613248
32812131	36866
11242803	1610612992
27653403	53248
29487567	134221825
11403831	2097158
30323487	2147487746
61503303	1074823168
28186383	2147487746
73956243	4295000065
64620183	1108344832
73006275	1081348
43136391	671092736
25936527	83886081
6127491	1610612992
1399359	67145728
5023947	66576
34639167	1081348
1710723	1081348
55504443	2147487745
56302131	1074823168
27029055	1081348
64751079	2147520512
67088091	4362108928
16832775	1610613248
14920851	83886081
56869779	561152
14522331	536871170
52453335	36866
56815671	1610613248
13706499	1610613248
43102047	1073905664
63275259	4311744513
45399207	524354
69003255	671088768
59864187	1085440
29161623	1610613248
116319	67141633
26862519	1085440
67236159	671088768
2994411	3221229568
18960159	1610613248
72240663	1610613248
29770743	2147487746
63048459	4311744513
52972707	36865
51170619	1073778688
3603531	671088768
77976111	16912384
57549207	536907776
1005051	1610613248
72911019	671092736
69288375	671088641
36124383	8425472
41318427	524354
50963259	37120
12057339	1610612992
63190695	1610613248
15235779	671088644
14545659	2180
10853355	70
61115151	65793
13008927	167936
39708147	1610613248
2145531	1610612992
1794963	3221229568
63420735	2147618816
57058347	1610613248
9903387	536871170
56293383	1610613248
51676059	1073745921
14141307	1610612992
47877159	16781313
36522255	1073745921
3495639	1610613248
21312723	4362076161
7732911	2147520512
9997023	2148012032
67263375	1610613248
80337099	2147520512
25098663	17334272
4968867	1610613248
26946759	1610613248
27996195	4362076161
45563799	36865
66614079	24580
44152455	671088768
53517999	4311744513
64238511	1081348
24534579	36865
39977067	2147487746
38604279	1074270208
64991163	36866
43986891	1610613248
54960771	1085440
81067719	36865
11393787	1610613248
13188747	2148012032
33111831	5402263552
71302683	36928
76982079	671088644
4466991	1610612992
66753399	1610612992
62928903	4311744513
78357783	1085440
38318187	1610613248
34768767	4362076161
31005183	2147504128
62198931	1610613248
50123127	1610613248
58186515	1610613248
44125563	1610613248
18770619	150994945
61475763	2148012032
63774219	671088768
68007279	1610613248
68628063	1610613248
56410347	671088644
2568999	4295000065
14819439	671088644
2757243	57344
72553323	671088768
21990531	327681
79105251	1081348
1804035	327696
44330655	36865
79255911	1610612992
80598243	1081348
28727787	1610613248
679431	201326593
31410831	800
40604331	135266432
42290751	2148012032
2879391	67141633
55762023	134221825
72820299	1074823168
2567703	2148532228
26722875	3221229568
59335095	671088641
17647959	36865
54095691	1610613248
77302191	36865
12189855	671088768
46623279	1610613248
7018491	1610613248
7566375	2147487746
8287599	1085440
42288483	4311744513
24087459	2147520512
59274507	537133312
70539339	53248
39249687	4311744513
5584467	2147520512
12055719	1081345
2076519	1073876992
2590059	1610613248
19956135	150994945
6117771	4429185025
74137683	1610613248
2400843	1610613248
52851855	4294971393
11128431	1074823168
67495683	671088768
6939435	67141633
15806991	83886081
56673759	1610613248
81711183	1073778688
3878607	1610613248
49427499	16801792
21345447	1073745921
22521567	4102
61704183	32833
57862515	24608
17020371	1610613248
25294359	1610613248
68844495	4295000320
3041391	142610432
14282247	557057
22939527	1610613248
70933647	1610613248
56038719	4295000065
3639819	32833
68009871	67141633
22040103	1610613248
584499	1610613248
61480299	2147520512
69271851	1610612992
60829383	1610613248
31409535	800
41197899	1074266176
49181907	1146880
41663487	4362076161
24758787	671088768
3200475	2147520512
79302243	2147520512
76637991	24580
63697107	1140883456
36726699	17301536
2116047	1610613248
6981879	1081345
62530707	1610612992
60312603	1081348
23479959	16779266
78735567	2147553280
65940807	790528
5176227	1058
18020883	1074823168
75946575	1085440
40048023	2148007938
54527907	2147487760
78742695	2147487746
56170263	4362076161
24125691	67109121
69806127	1610613248
66604035	536903684
41806695	671088768
59974995	671088768
74983971	134283265
58256823	1610613248
16373991	2147520512
28083999	671088768
74754903	1610613248
38877735	37376
28027623	16809985
40661355	1074823168
43121487	37120
50301651	1610612992
63668271	1081345
44537043	135266308
75395451	36865
76044747	4296048640
6126195	67141633
10134723	67141633
81412455	134479876
5630151	1610613248
45443595	37376
3669627	1610612992
4612143	69648
4009827	1049604
3032643	135266308
34140207	150994945
3405567	671088768
49145295	33344
165243	1610612992
62154543	4295004160
5978451	1610613248
27279183	4295000065
79790835	4362076161
35613111	2147520512
57324675	2147520512
27099039	671088644
76224891	36865
42945231	36866
77024523	269615104
19676523	1610613248
15788523	83886081
53225103	2147520512
3136647	2147549185
19365483	67141633
29495667	4296048640
64521039	134250497
23597571	671088768
77939175	57344
40459503	67141633
69372615	1085440
21822051	16809985
56408403	2147520512
38048943	24577
64400511	36865
76714131	1090535424
14934135	150994945
71852187	1610613248
21908235	4362076161
68109339	2101250
755895	2147487760
14618235	37120
73352955	671088644
38229735	4311744513
17778855	83918848
12352179	671088644
48946035	2181070848
4236303	1610612992
47057763	16781313
42189987	1610613248
57893295	1610613248
74844003	32802
28637715	1074270208
11212023	1610613248
8222151	1610613248
74152587	1073778688
2587467	2147520512
2254395	1610612992
47348391	66562
10580547	4362108928
847911	70
36974883	4099
42552543	67141633
46788843	1081348
31647999	36865
7147767	4295000066
40223307	4295000065
25831227	6442455040
46596063	4362076161
33951639	1610612992
3769095	16797696
74965503	67145728
66455643	150994945
53235795	4362076161
52760163	36865
47141679	671088768
38800947	37376
71887179	40961
64476003	671088768
40843767	1610613248
4783215	1610613248
37351047	196610
58687743	1610612992
30935847	4294971456
1802091	4311744513
47877807	2181070848
39689031	2147520512
5814507	327681
65147979	1610612992
9409611	671088768
17661567	1085440
77413971	671088768
37615755	671088644
72014187	4362108928
50305215	1140850689
45178563	5435817984
18168303	1610612992
44734359	4362108928
68900223	557120
58095147	1610613248
28643871	16809985
73206507	4311744513
18525999	16809985
27883119	36880
72034599	1081348
35183163	1085440
52322763	4099
67827135	4295004160
18933591	83886081
12860211	671088641
67693971	1081348
54168591	65793
34963491	1610613248
74670987	2147487746
47831475	1610613248
13158615	40961
33006207	518
58792395	1610612992
8921991	2147520512
45417027	2147520512
19303923	536871170
1074387	4295491648
48843651	2147520512
31869291	4295000128
25651731	196610
29438319	1610613248
43536855	671092736
70257783	36865
25175127	4395630592
56446311	1073766400
51551643	4311744513
28871967	53248
57791235	16781313
68953359	1610613248
56920323	671088768
23299167	671088768
51547755	1074823168
23531475	134283265
755571	1610613248
36635979	2147487752
2911791	134221828
57829791	3221229568
77628135	800
24709215	1085440
28352271	671088768
75000819	36865
50447775	561152
57986931	2147524608
26808411	1081348
42081123	2148073472
21222003	1610613248
65809587	134218753
26408919	1610613248
59720331	1610612992
45048639	16781313
76003275	2147520512
3720495	65541
39922635	1081348
52909527	1107329024
6270699	1073876992
8460291	2148008448
43114035	2147520512
5554983	1085440
52363587	83918848
51926511	1140850689
81460407	1073778688
1932015	1081348
52232367	36865
80292063	16814080
35668515	2147520512
43852755	37376
58768419	36865
39122679	4295000065
47514927	1610613248
71270931	16809985
69078423	671088644
63784263	36868
78606291	671088768
64564779	17301568
70810851	561152
69468843	16809986
53651811	1610612992
7710231	1350565888
49225971	135266308
21902727	1610612992
74847	134217733
28877475	1610612992
47099883	1610613248
16664295	4311744513
48437355	1610613248
25310883	1610613248
4889487	16781344
55312959	4102
36676155	1073778688
73310835	671092736
27826743	4295000320
9379479	1073774593
81214491	1074266176
64052535	1081600
29408511	2147520512
57027	98320
73245711	37376
58469367	2147616768
46436331	5368741888
36408531	4161
76413783	2148012032
17855967	36865
35038983	4295004160
44535423	671088644
42498759	4102
20804691	1610613248
23890143	1610616832
5356047	1074806784
43549815	671088768
67266939	1610613248
6266163	83886081
14811987	83886081
3104571	4295098384
49900539	327696
68258379	1073762304
16330251	32834
9398919	557120
30864891	1610613248
58737315	2147524608
38360955	671088641
3515079	327696
62963895	1140850689
16310487	1610613248
78861927	1081348
12094923	1610613248
38485371	134217762
14506779	36865
38516475	1610613248
21651627	2147749888
35966271	4311744513
37728831	671088768
11230491	1610613248
57343143	671088768
2441019	4130
66651015	4311744513
74476263	36865
4780623	40961
81711507	2147484162
27093207	671088644
16705767	1081348
51330999	1610613248
49062027	1074266176
9556383	4099
47002683	671088768
35895315	2147487745
50674575	1610613248
24378735	36865
74523567	134254592
32273319	671088768
16500675	16777732
26012019	1085440
24561795	1610613248
80956587	4296048640
36656391	67141633
57582903	1081348
53335587	36865
46216659	37376
52702815	1610613248
17040459	36865
3341091	561152
35402511	135299072
30816615	671092736
23782575	2147581952
51555207	1081348
75472563	1082163200
60015495	1081348
38521983	20512
7714443	1610612992
47731683	671088768
37314435	36865
38203815	4362076161
4727811	16809985
1835139	134217733
29961903	536871170
30664335	1085440
69586131	36866
55522911	1085440
1105167	8421440
19727715	4362108928
80092803	671088768
312015	1030
47652951	1610612992
64373295	4362076161
46695531	4295004160
24221271	671092736
56998731	1073778688
6246075	1610613248
16159179	32834
25849371	1140854784
40361655	1085440
55453575	1610613248
69286755	1610612992
8120739	1081345
73119027	1082163200
19498971	65602
24127959	201326593
27011883	150995072
7770495	536907776
39868203	1081348
2893647	69
59060343	4362108928
53866299	2147520512
37853895	4311744513
49156311	1610612992
25460247	4362076161
42497787	4295000065
67218663	83886081
525207	4328587264
40119951	1610613248
62642811	2147520512
9436179	1610612992
34681935	66564
11594667	1610613248
69803211	2147553280
74775639	1090535424
1475823	1610613248
58483947	1610613248
36895503	67141633
33186675	4362108928
52326651	4295000065
41371563	2147487746
27891867	37120
26753655	1610613248
17387139	1085440
46244847	1610613248
46885395	1073778688
44284971	671088768
52343175	24832
5244915	32833
4391499	37120
1403895	1610613248
33232683	1610613248
63411339	1610613248
28485759	536903936
79175883	17039361
53492727	17301568
36792471	4311744513
56589195	1610613248
60308391	2147618816
81445179	1610613248
63200091	1610613248
41879271	1610613248
77753847	2147520512
59385639	1610613248
62705343	1610613248
5166183	2147520512
66263511	33591296
60454839	1610612992
49329003	24580
39641079	4295004160
58779111	4295000065
56411967	17334272
62162643	8425472
47570655	4362108928
20529615	1610612992
33294891	67112962
60636927	1610613248
62250771	4362108928
40172763	4295000065
27364719	2147520512
67528407	671088768
67708875	67141696
19972659	561152
30840591	1610613248
56342955	671088768
39842283	4295000065
39530919	201326593
17058603	671088641
24386835	561152
42765411	557120
80029623	1073746176
43733847	167936
48900351	2148663296
20059491	36865
61057155	671088768
39913239	36865
626619	32833
70912263	1610613248
80947515	1073742081
57239139	671088768
78260907	1073778688
50981727	1610613248
36559839	6442455040
9423219	2147520512
53736699	2148012032
17301603	1610613248
61934223	327681
33190239	2148012032
44586291	671088768
44555187	2147520512
14040543	671088768
56695143	2148012032
68204919	1073766400
59544399	1140883456
35334147	536903936
23546703	4311744513
52822695	1048836
38820711	1610613248
41876031	5435817984
70121055	16781313
70983867	1081345
58505331	1073758272
32837727	1610613248
34309983	561152
31150335	4362076161
76346715	1610612992
58296675	4311744513
1767099	4362108928
56416503	671088768
4154655	2147549185
26521347	4354
27921675	1081348
31920159	1610612992
73447563	4311744513
9650991	37376
37346511	196610
75593739	1081345
33758859	32833
50154231	4295004160
35546691	17858560
75319311	1610613248
696603	134217728
18106743	32773
17922387	671088768
59975319	671088768
39293751	36866
1820235	1030
38012979	671088644
44381847	671088768
27787215	4130
9137127	4296048640
77919735	1085440
47296551	1610613248
5692035	83886081
24665799	7
76371339	1073778688
15230919	671088768
7688199	67141633
47914743	1610613248
43733199	16814080
43765275	1610613248
32696463	2148012032
42219147	1073762304
65911971	4362108928
12857619	671088644
27928155	1610613248
67581867	57344
61292379	1610613248
57028863	134218304
78303027	4129
10104267	1081345
70171275	3221487616
26270571	4311744513
79856607	5368713216
39261999	1085440
65961543	16814080
43439331	2147516418
34896099	36866
76646091	1073778688
38324991	528386
39485235	1610612992
10984251	1074008064
79448691	1610613248
67707255	2148007938
38870931	4311744513
58592487	67141633
55663851	2148040704
21730359	16809985
55947027	36865
76455579	1610613248
28098579	67633216
6973455	671092736
58567215	1074270208
13753479	1073745922
25575591	1085440
62774355	1610613248
59187027	32833
18398343	1085440
71286807	37376
32161215	1610613248
53990391	671092736
756543	201326593
317199	150994945
32258739	16797696
31399815	800
56890515	36865
65750295	5435817984
40413495	1610612992
13422675	2147489792
42264507	1610613248
76433547	16814080
39287595	1081348
80012127	5435817984
24926943	33793
71777343	262147
1064991	1073778688
52417371	1610613248
78284559	4362108928
38808399	83886081
36334659	36865
90723	4311744513
65555571	2148012032
54391827	67141633
636339	1081345
14624715	671088644
79828743	1073778688
74206371	1073778688
31720251	3221749760
80936823	16912384
14055447	4295004160
17633703	4311744513
43418271	36866
38265375	1342193664
62753619	1610613248
76365183	1610613248
45153939	1610613248
34120119	671088768
65284059	4295004160
49030275	135266308
81080355	1610613248
22674819	1610613248
70880187	1610613248
22140867	134217740
62305527	4311744513
15646287	36865
32015415	1085440
54195483	20481
26263443	671092736
22773963	1610613248
2726787	327696
27892191	4295004160
1260687	33296
3569511	1085440
44309919	67108929
8231871	37376
69970071	33591296
30153063	1081345
36203439	134283265
4839267	1610613248
81247539	671088768
9038955	150994945
77586987	66564
13709415	1610612992
1103547	2147520512
27678351	1610613248
62929551	557120
56628399	4311744513
71743323	4311744513
64230087	4226
67695591	1610612992
15605463	67141633
56902503	67112961
6076299	67113024
3552663	2147520512
42580407	36928
46754175	1610613248
6530223	1085440
49471239	135266308
32796255	32802
60856599	53248
56818263	4362076161
70249359	1085440
29344683	3221229568
40098243	1610612992
69180159	4353
39548415	1174405120
11137503	8425472
30941679	1073778688
13980927	1610613248
46779771	67141633
52691799	1085440
77828043	4311744513
52247271	2148536320
69491847	1610613248
14522655	4161
59869695	2147520512
74392995	136318976
24116619	135266308
13229571	2148012032
59893995	1610612992
79738347	2147516928
62291595	561152
17605191	2147520512
58736343	2147524608
67284759	2148012032
45025959	134250497
71132583	671088768
77410083	536903936
69486339	67141633
65147655	98305
67176543	671088768
58645299	36865
43027527	36865
13889235	1610613248
57854091	1610613248
26179203	134250560
20464491	4311744513
26714451	671088768
54518187	37376
4856439	1610612992
23287503	553648129
20150859	1610613248
61778703	1610613248
24117591	201326593
76381383	81936
9877143	671088768
2147151	101711872
21309483	1610613248
67621719	4295000065
13232811	2147524608
24253671	5368713216
38327907	150994945
65528355	134250500
32961819	4362076161
19942851	1610613248
59553795	1073778688
2705079	69648
30386019	135266308
35884947	1073745921
23245383	16844800
48375147	1610613248
49498455	1073938432
32990331	57344
37267131	4295000065
69027555	135266308
8944671	1610613248
7762395	1174405120
4304667	2148012032
6481623	1085440
27602535	536871172
171723	1610613248
27832899	16779520
13004067	1212416
47557371	671092736
54515595	1073762304
39472599	40961
60434751	1610612992
48739971	1610613248
79387779	1085440
77604159	1085440
57328239	1610613248
38451351	134217793
69182427	201326593
67753587	16781314
32998107	671092736
50743911	1081348
69265695	4429185025
61276503	1610613248
72629463	671088644
54628671	1081348
9557679	1085440
55516431	32802
3782055	2134016
37182243	1610613248
11963055	2148012032
59598831	16912384
12338895	2147487746
49666935	16780288
50904615	4311744513
76866735	1610613248
6253527	1081348
27439563	327696
2336367	1610613248
42486771	2147553280
6340035	1610613248
68611863	37120
12441279	4295004160
51144375	3221229568
69859587	2147520512
75581751	36865
894567	518
79033971	4362108928
12405963	671088768
62810967	2147520512
24125043	1081345
29550099	150994945
38238807	1610613248
62984955	1073778688
55157115	16912384
40998639	67112961
81277347	1073778688
22096479	671088768
57542403	1085440
9109911	134217860
34525767	17301568
31735479	2147520512
183387	1610613248
3591219	16797696
36841071	1610613248
30622539	1085440
14723535	2180
56481951	16781313
64935435	2147487746
21454635	1073778688
43625955	28672
60505059	4311744513
71174055	3221229568
9675615	4328554496
21060975	134283265
26915979	2148012032
57603315	671088768
9977583	4102
62304879	1081348
206391	1610613248
31750383	67141633
28702515	671088644
17344047	3221229568
11448867	67141664
50174643	4295000065
34377051	2147520512
25867191	1610613248
34926231	2147520512
58596699	4295000320
41118843	4295000065
12422811	671088768
1901235	1610612992
6053295	1085440
47954595	671088768
54378543	36865
43302279	671088768
19238799	57344
37247043	4362338304
4639359	65554
8260059	2147520512
3506331	36865
56958555	2134016
73356519	1610613248
49666287	1081345
56022195	1073778688
56919027	10242
79776255	1073778688
56115831	37376
70020939	68190208
52923135	2147520512
39224091	2147520512
70000851	2147487760
20975439	16809985
70479723	4311744513
68653011	67108867
45652575	16912384
53694903	16809985
47800695	671088768
5107539	1610613248
42364947	4311744513
30628695	4353
16726827	5368741888
55521939	2147520512
9190911	134254592
15673179	67141633
4851255	4102
68869119	1610613248
24345039	67141633
4974699	2147745793
5436399	16809985
387507	1081856
44606055	671092736
24027843	8425472
57282879	4295000065
44693535	1610613248
22235799	537133057
66129051	1073778688
38092359	2147520512
46695855	1073872900
80182551	1610613248
10594479	1073745921
37560999	8425472
32718819	3221229568
77074743	4311744513
12901035	671088768
73120647	671088644
12322695	2147484674
71576139	537919492
40919907	67141633
24721851	1610613248
66223983	2147749888
24875103	67108874
16594959	16781313
49119699	1610612992
2329887	1610612992
52727115	671088644
36066387	150994945
69671343	671088768
40600119	2147520512
40308519	1610613248
75005031	1610613248
46284699	16777732
38810019	1610612992
43331763	1610613248
536223	671088896
52694067	671088644
20661807	201326593
20695179	2147520512
62100435	1081348
2420931	134250500
22703655	1074823168
72652467	36865
10436367	1074823168
11840259	4311744513
70796919	3221229568
25531851	163841
63023835	16810240
9604983	671088644
57258903	671088768
34615191	1610612992
372603	1115136
6914163	1085440
64038927	37376
61956903	1085440
81208659	75497473
67726695	16814080
21840843	16809985
26942547	1610612992
43740651	4362108928
77798883	16912384
80154363	36865
26294871	536871172
74721855	67141633
39093843	4295000065
11872659	200
73945227	16809985
57347355	671088768
45355143	67145728
78470211	1073778688
26724171	671088644
56756379	1073778688
42818547	671088768
8523795	83886081
68608299	4362108928
71285187	37376
73887555	2147520512
64670403	1610612992
39614187	2147487746
51910635	1074823168
69238479	67141634
6924855	134250497
18692535	524360
52719015	37376
49943955	53248
24409191	16781313
67675503	1085440
24127635	201326593
43948659	671088768
48555615	36866
34931415	671088644
24157443	1073778688
13090251	1073745921
2615007	1610613248
31772739	150995072
37987059	67141633
52180203	1610612992
69834963	1073872912
52785759	4362108928
36059583	33344
60729591	4099
69183399	36865
4049679	1081856
33677535	1610613248
51492999	327696
76336995	69648
47149779	4362076161
79166163	1074020352
71983731	557120
39351423	1610612992
67391679	4362108928
68739843	4429185025
61740147	532544
19998255	524328
43393647	36866
11309223	200
25003407	83918848
39190071	536871169
46411707	671088768
9916995	2147520512
14157507	1085440
42884967	2147520512
27694551	671088768
3945675	16777792
11345187	1610612992
71222655	57344
76564119	16781314
68167983	4416
73859367	2147520512
77056599	671088768
56657559	1073778688
71640939	1074823168
15929139	83886081
24847239	1610613248
5170719	2684358656
70250655	2147520512
3739935	1610613248
65467443	671088641
72209883	2147487745
3801495	4295000066
55624647	1610613248
31396251	800
25083759	1085440
22107171	17301505
17134095	17825796
66215559	36865
51023847	2147520512
57742959	20481
68155347	134254592
54192567	577
23205855	150995072
81252075	36865
12006795	2147520512
12585783	1610613248
49004031	671088644
19007463	37120
11929359	40961
40066815	2147487760
64434531	5435817984
19247871	671350784
41664459	2147520512
734511	134217858
1873047	4362108928
63306039	1140850752
69715731	1081348
25276863	150994945
66409635	671088768
8252931	17334272
8487183	2147520512
22313559	1073774848
56307315	4362076161
20286291	2147487760
14765655	1610613248
31530387	2147520512
75010539	67141696
15026799	671088768
14496735	1610613248
73090839	2147581952
32005047	1610613248
798987	134217793
56665011	36866
22518003	536870918
48898407	4101
52095963	1073746432
27606747	1049604
55085187	36865
33160755	1610613248
64325667	671088768
62374215	36865
28078491	1073778688
2179227	1610613248
50655459	65793
57301023	671088768
15090303	1074823168
37291107	36865
45464979	2147520512
6315735	1073745921
7836267	67256320
79442211	1610613248
1087023	83886081
44832207	2147520512
10339167	1085440
18426855	196610
1504011	1085440
3705267	2147520512
80210739	135680
59839239	1146880
14642535	1610613248
11393463	98
78534687	4295000320
38872227	150994945
35956227	1081345
64304931	37376
47286183	36865
81546267	2147520512
79886739	671088644
65009307	1610613248
50601999	1073774593
78855447	4362108928
3654399	2147520512
1153119	83886081
63217911	671088768
37568127	671092736
30671463	67108929
54107031	671088768
45275439	1085440
79583475	137216
4566135	1610613248
39355311	524353
60888675	36865
25491999	671088768
6937167	671088768
2037639	671089152
21461763	2147618816
13061415	4354
14300715	3221229568
33441663	1610613248
21274167	1085440
12405315	671088644
4964007	1085440
76980783	1610612992
19959375	134250497
2187651	1082163200
21130959	36866
4298511	1610612992
29732835	150994945
22553967	2147520512
53087403	36865
25595355	1610613248
31753299	4328554496
12697887	671088768
47947467	1610613248
6141423	4311744513
38468847	36865
63565239	3221229568
29345979	2101504
25937823	32833
2073927	2148012032
66578115	4129
42780963	2147520512
64129323	36992
729975	1610613248
43332735	83886081
35978259	4429185028
68928735	2147520512
58133703	1610613248
57243027	4101
69874491	671088768
55103655	1610613248
72659919	1610613248
75079875	1073778688
38103051	16809985
42606651	671088768
2453331	1085440
51575619	1085440
62434803	1610613248
47267391	4362108928
48272763	70
73841547	671088768
67676799	1610612992
2366823	524354
2331183	1610613248
262119	671088768
4467315	150994945
39801783	1610613248
65369595	1073778688
1582743	671088644
7927311	1146880
39946935	4311744513
7679775	1610613248
11411931	67141633
52540815	1610613248
22020663	4311744513
37697079	671092736
77157363	150994945
56378595	1073746432
34345947	163841
58702323	37376
57672975	1074823168
65044299	98305
77093535	577
5551419	1610613248
71804559	1610613248
80630967	67141633
65715627	1073746432
36230979	1610612992
4561599	528448
31179171	8392705
57134811	1610613248
39264267	561152
31516455	1157627904
79870215	671088644
54338691	2147487746
22123371	671092736
12423135	671092736
81637311	800
48398151	1610612992
31586115	70
75596331	4311744513
5081943	1107329024
19922115	3221291008
24129579	201326593
67976499	671088768
44178699	67637248
50347335	1610613248
53384835	36866
56099307	1081345
32638791	2147520512
36775299	671092736
78540519	83886081
39804699	1073774593
46830963	671088768
8346243	1610613248
79832631	36865
32855547	1610612992
25610583	671088896
13804671	16809985
49282671	4353
24286071	536871172
11515287	57344
22692315	2148012032
34036851	67145728
35636763	4311744513
68898603	1081348
8197851	1610613248
53968683	67133440
77994579	1081345
34680639	327696
31532655	1610612992
17886423	16826368
10479783	1610613248
52001355	24608
70596363	150994945
64515855	1073745921
43833963	1610613248
2440695	3221356544
37977015	1081348
44650767	1610613248
38073243	1073778688
43076451	671088644
77597355	1610613248
71591691	1610613248
23677923	524548
44626143	33591296
62667759	4130
49202319	4429185025
59027943	671088768
39906435	4362108928
5712447	1085440
39027747	327681
34208571	67633154
46653087	4395630592
20783955	553648384
60855303	1085440
50453607	67145728
1722063	2147549185
51708135	4362076161
35580387	36865
26334723	1074823168
32468043	8392706
31188567	1085440
5407887	16781313
55815483	536872964
17960619	3221229568
50560527	3221258240
17176863	4362108928
53260419	1073778688
39071811	671088768
59423223	1610612992
23310831	17301568
60957363	1610613248
51069207	83918848
20286939	1085440
61298535	1085440
52709943	67141633
55417287	32834
45463683	671092736
55536843	1073778688
79433463	2147520512
48669663	671088768
43496355	4311744513
18370155	135266308
21392103	24608
15095487	2148012032
51694527	101711872
80541543	1610612992
10505379	2147520512
55414695	4311744513
69088467	2147581952
38942859	1082146816
1447311	1081348
65551035	524354
10106859	557120
41367675	134217793
41767167	4106
42928707	135266308
5378403	1610613248
67275039	67141696
18692211	4362108928
10878951	1610612992
42239559	671088768
67412091	16912384
71533371	4395630592
78458547	5368741888
51040695	4130
36694299	3221356544
44111631	2147520512
44859099	2147520512
35957523	4294967361
8952123	36866
80990607	671088644
33822363	2147520512
63185187	4362108928
22294443	32802
18504615	138
73953975	1085440
22108467	33591296
63598287	16912384
6703887	137216
59036043	1073774593
80180931	577
56549991	1610612992
983343	1610613248
28332183	37376
73316991	2147520512
39515043	1081348
1166727	36865
35206815	1610613248
447771	4295000065
8672511	1610613248
7831083	1058
75163467	2155876352
39906111	16809985
80379219	37376
50594547	2147553280
17377095	134217888
46631379	1073778688
57714771	4311744513
32041335	4130
39126891	524354
27688071	1610612992
36799275	671088768
33789963	16810240
3648243	4295000065
751359	1610613248
2789319	4362108928
64037955	2147520512
49281699	1610613248
5508975	4362076161
57027243	4395630592
33465315	201326593
29352135	4311744513
40621179	1610613248
8558463	36865
1256151	1610613248
3212139	327696
67856295	5368741888
79355379	36865
74447427	65539
77986479	5368713216
54428115	2147520512
43618179	671092736
68491659	36865
14284515	1081856
49578483	671088768
59187999	1610612992
60585735	1074823168
10113663	1058
68423943	1073746176
22605159	100667392
44377311	671088768
15770379	83886081
38377479	4311744513
72057603	1081348
18243471	671088768
73851267	57344
27362127	16809985
64206435	2147487746
68609595	1081348
63185835	4362108928
64009443	32833
12354123	671088768
33514563	671092736
72345639	16912384
37213023	1140883456
27847479	4295000320
11407071	2147520512
59016279	36866
65174547	37120
58322271	1610613248
22528695	196610
59028591	2147487746
202827	1610612992
78662667	1081348
501555	98305
2306883	4362076161
29249427	4311744513
58463859	4328554496
43781151	1610613248
12262107	1081348
73976655	37376
34870179	57344
33579687	1610613248
34892859	1085440
44408415	1074823168
57849231	671088768
68317023	4102
1720767	4362108928
78271599	3221229568
12644103	1610613248
38139663	1610613248
46862391	671092736
81087483	67633160
51846807	1073766400
80072391	1073778688
69436119	36865
43421511	2147487760
11287839	83886081
61381479	1610612992
41911995	1081345
79160979	4311744513
47492571	1610612992
7044411	1610613248
69934431	578
57778275	1073774593
55525827	671088644
13994535	671088768
80693823	8425472
37341651	671088768
20940447	53248
80804631	1610612992
41557539	1073778688
25149531	671088644
19693047	36865
4551555	1610613248
80211711	4311744513
72926895	1140851200
24303	1610613248
50223	2147553280
33674619	135266308
18713595	67108930
67102995	4295004160
14192175	16809986
5473983	671088768
45590367	1610613248
74463627	1610613248
11421651	134217734
1830927	16809985
3126927	671088768
10727643	2147483666
32435967	4362108928
44283999	671088768
9198687	1081348
77756439	528448
46902891	83886081
15329091	2147487760
56739207	1074823168
77993931	4362076161
34932063	1074003969
40640295	671088768
49593063	135299072
69742623	4362108928
67328499	37376
56107407	1610613248
28247943	1610612992
32846799	3221229568
71214231	2147520512
78609855	83886081
52146507	671088644
73176051	1074823168
11726211	67141633
2362287	1610613248
62818419	4362108928
68430423	671088644
68638755	1081348
56716851	2147520512
37385715	2147520512
30860031	1085440
52262175	1082163200
327567	2147483682
8050755	1610612992
35331879	557120
10131807	3221229568
24077739	1610613248
59536947	536871169
56752491	53248
38254035	1610612992
68614779	1081345
66077535	37120
55680051	1090519104
69319155	134217733
35461155	525056
24363831	1610613248
6822795	2147520512
9174711	4295000068
80691879	1610613248
67326555	2147520512
55785999	1610613248
58425303	1081348
4732023	2147553280
78251187	1081345
19314291	2181070848
54091803	167936
25203963	1081408
28330563	4362108928
47578107	1610613248
29016147	671092736
47037675	37376
78037671	4362076161
41392947	4295000065
1531875	1610613248
51063699	5435817984
12619479	671092736
31181763	5435817984
12677799	537919492
26887467	5368709121
8054967	36865
37580763	1610612992
1672167	1610613248
35204547	1081348
47611803	1081345
55577667	1073742084
3517995	1610613248
71728419	671088768
33357423	67133440
68232135	1073778688
44253867	671088768
39288243	1074823168
34495311	134283265
22794051	2147487746
18729795	1610612992
24526479	36865
59845395	57344
55262091	2148040704
17039811	2147487746
10473303	1074298880
32508219	134217762
79497615	671088768
78258315	134742528
75050715	2147487746
47429715	4294971394
15568203	83886081
52026303	4311744513
81717663	1081348
16153995	1085440
47404119	4362076161
487947	2147549216
76092051	671088644
31610415	2147487760
76633779	2147520512
80486139	1090519041
26986611	2147520512
38801271	4395630592
21255375	1610612992
44050719	671092736
49101231	1610613248
53358915	1073778688
53230611	2147487760
42438495	37376
19927623	1610613248
81084567	36865
25814055	1610613248
72124347	37376
74783091	1085440
22080603	201326593
48183987	2147520512
68658519	2147487746
48935019	1073762304
37665651	97
77478771	2147618816
49290123	2147516432
30088911	1073766400
60538431	16809985
59101167	1610613248
30328671	36865
81733539	50
48857259	36865
75377631	2147487760
28627995	1610612992
72449967	1085440
14074239	1610613248
1643331	524384
78586527	8425472
46894467	4362076161
1268787	2147487746
7625343	1610612992
59529819	1610613248
23866167	67436544
41898063	2147520512
13596663	1085440
79319415	2147520512
3978399	1610613248
43290939	4311744513
48986535	671088768
20682867	1085440
4025703	2147581952
5235519	1610613248
48784683	36866
69644775	17825856
40784799	36866
10866963	1610613248
39758691	67133440
64436475	2147520512
57342171	671088768
31645083	57344
62635683	2147520512
66682767	3221229568
53894487	36865
6789747	4162
28319547	1610613248
55706943	66564
10657335	17334272
20156043	1081345
41611323	4362108928
15759687	1610613248
37928415	4362108928
13674423	2147553280
70523139	36865
34347243	1610612992
51810519	1610613248
81053139	36866
1205607	1075843072
13006011	67108929
65894799	1140850689
50332431	1073778688
58676727	1610613248
3232875	1610613248
7972347	70
77773611	1140883456
80020875	5435817984
62989815	134217860
79932747	1085440
15653091	36866
45025311	4162
40136475	167936
12764631	1610613248
4471203	1610613248
67163907	17301568
57634419	1610613248
27667659	67108929
33061611	1610612992
49194867	671088768
22429875	1073745924
54367527	1610613248
14027259	4311744513
25137219	2147520512
28532091	5502926848
35274531	3221229568
3565947	1610613248
14859615	36865
21078471	1082134528
60623643	37376
41645343	1610612992
5824227	1610613248
46781391	2147520512
38771139	36928
72806043	4353
80588199	1073778688
52966875	1610613248
17780475	4295491648
54688611	671088768
51253239	69633
21421587	67141888
22382571	327696
64566723	1610613248
77756763	16912384
56861355	1073778688
54090831	1073778688
999543	4362108928
6106755	1610612992
76301679	1610613248
32701971	134221825
15849111	1610613248
63792363	1610613248
21635427	2147520512
23639043	1073778688
37294023	69648
66684387	3221229568
26433543	561152
17945067	1610613248
21015939	16809985
4030563	1073778688
44680251	1610613248
25121019	1081348
22119159	137216
5523879	1610613248
66453375	8392736
28936767	150994945
8115555	16779268
2740719	1610612992
27816375	16779520
46889283	671092736
57190863	671088768
28901127	671092736
1631343	1610613248
61976991	671121408
77826423	299008
5642139	134254592
21917955	1085440
34020975	36865
6013119	1085440
72437979	1610613248
72370263	70
18111927	1610613248
23247327	4295000065
60010635	1073758209
15574683	83886081
36149979	1081348
42630627	32834
71376231	38912
31130571	1610613248
37216587	4362338304
41536479	1610613248
119235	134250497
38077455	1081348
51910311	536872964
68750859	2147520512
41657331	671088768
62178843	2148073472
57687555	36896
40094355	4362108928
71887503	17301568
21791271	201326593
46816383	1081348
35423571	1073872912
38888751	671088768
72530643	150994945
54165351	1610613248
31018791	36865
80027031	4311744513
55752951	671088768
7037283	1610613248
49643931	4311744513
51253887	331776
12641187	2147520512
59557359	1073778688
73761195	1610612992
17114331	1610612740
1435647	1610612992
18655923	150994945
48540387	1074823168
56533791	1610612992
36782427	37376
25168323	1073778688
17163903	16809985
24083895	17334272
8819283	331776
11035443	1140883456
49958211	1610613248
67709847	2147520512
13254519	671092736
17391999	4362076161
8856543	4395630592
71959107	1085440
18771915	150994945
31619487	671088768
59766663	5435817984
65000883	1610612992
44573331	4362076161
73888203	4295004160
70938507	1074823168
73480287	1610612992
5598075	4362076161
21344151	37120
76293255	36865
37764147	16780288
47137467	16809985
2754003	1085440
58033587	135266308
55881903	67141633
55406595	2147553280
1122339	36866
67078371	1081345
57755595	2134016
81507063	2147516672
31761399	4362108928
47515899	1610613248
70706523	2147616768
75639423	1073778688
34404591	4429185025
24522267	200704
11814015	37376
24815163	134217734
33202875	36865
66214263	4294971393
7891995	4295524352
50485683	36865
26258259	1085440
38479215	1610613248
11492607	16809985
32356263	16809985
65538075	1085440
14376855	2147520512
21886203	150994945
43026879	36865
44270391	4099
2973999	4311744513
47301087	67141633
13160235	16809985
70650471	36865
38489907	536875264
18870411	2147520512
52695039	2147487746
26019471	2147553280
48739323	561152
47137143	16809985
62860215	536871172
22152207	671088644
42302091	36865
16720023	2147484674
73406739	1610612992
70246767	67108870
78689559	1074823168
41930139	134218753
41697183	524354
63418791	2148012032
30786159	1085440
9760179	17301568
61208139	1610613248
51158631	35
12261783	67113216
4077543	2147520512
28298811	1610613248
44447619	1073778688
2823339	671088768
5990763	32802
5518371	2147618816
61509783	16812032
55137999	1610613248
108867	67141633
28860627	1085440
47967231	4102
11960787	671088641
47938395	1610613248
20332623	3221356544
68621259	1081345
44638779	6146
53588631	4311744513
56891163	299008
53296383	1073766400
17036895	8392705
4534383	671092736
54513003	671088768
50453283	8421408
13394811	1081348
80340015	1081345
44157315	671088644
63673131	1081600
62559867	36928
37993215	37376
43380363	1074823168
63610923	2148012032
80175747	577
62386527	53248
71314023	1174405120
62976855	4130
78328947	1082163200
33313683	546
28351623	1074823168
43130559	671088768
43583835	67141633
37314759	36865
110487	150994945
46255215	3221749760
76398555	1610613248
53798259	5435817984
9777351	1140850689
5657691	4311744513
1588251	1082163200
34390983	1610612992
19385571	36865
39812475	2147487746
14850867	4102
53644035	671088768
49013103	1073778688
25972491	98
57233307	1085440
54580071	1610613248
20536095	671088644
31398195	800
36243615	1610613248
78099879	1610613248
33055455	16797696
66493875	1073778688
37251903	5435817984
28485435	8392736
64387551	5435817984
70709115	1610613248
56198127	83918848
70008951	1081348
47283915	4311744513
24876075	1610613248
35724891	4362076224
78702519	5368713216
26940927	2147520512
70523463	1074823168
61460535	36865
2715447	8425472
56740179	1610613248
21158499	16809985
41862747	16781313
31759131	5368741888
54636123	671088768
23437839	1048610
11509131	4429185025
4311147	1073766400
5948319	1085440
67211211	67133440
36454215	4295000320
72657975	4353
50938959	1610612992
71538555	97
23004327	4311744513
51604131	2147520512
33098547	1073745921
43099779	1610613248
515811	16779328
31376487	40961
55305507	37120
52324707	1140883456
38367759	4395630592
43918851	4362108928
42073671	17301568
80474151	1610613248
42426831	1610613248
51637827	671088768
6107079	1610613248
78459195	4328554496
77244843	36865
6496527	1610613248
43417623	671088768
26180499	2147520512
80791995	1082134528
72308703	1073778688
30018603	83886081
42795543	1610613248
60615867	2147520512
43221603	671088768
38906247	1073778688
38478243	32778
67726371	1085440
69199275	3221229568
1191027	1049604
56757999	4294971393
39273339	4295000065
34118175	24577
38728695	671088768
68114847	671088768
68219823	1610612992
79377411	53248
36713091	1610613248
32515995	150995072
475959	1085440
624999	1081348
21027603	36865
10705287	67141633
43813551	1610612992
53281155	671088768
46639479	2147549186
38029503	536875264
55139619	671088768
80370795	16809985
17335947	4328554496
52202883	8425472
46452207	36865
2724519	671092736
60638547	1073766400
908499	546
57212895	1081345
57110835	1610613248
15606111	83886081
6153411	2148012032
34543911	671092736
49071099	36880
60150279	1085440
24327219	53248
78426471	2147520512
18397047	4362076161
47285535	37120
31443555	1610613248
40137447	1085440
47682435	2147520512
33950667	671088768
17152239	1610613248
71587155	2147516928
58491723	1610613248
79256559	2148012032
75076311	36865
31133487	33558529
78145563	2147520512
74942175	671092736
55272459	1081856
77287611	5435817984
41546847	2147520512
4088235	1610613248
1234443	4106
12169119	1610613248
63954687	1074823168
64638975	67145728
74295147	1146880
34984227	1081348
76805499	4328554496
34986819	671088768
76511307	3221229568
67975527	37120
58395819	1610613248
52577103	67141633
55695603	1085440
29739315	1610613248
27279831	5435817984
2303319	1610612992
45361299	1610613248
20111331	32833
45568335	4295004160
50019771	33536
40178919	671088768
12457479	536872964
25067235	524353
69692403	136314881
53708835	2147487760
60777867	36865
241383	536870918
4458891	36865
45380091	671092736
46718859	100696064
22715319	150994945
80572647	3221229568
52191219	4362338304
8895747	1081348
53456439	1610613248
5954151	4362108928
47650359	4362108928
3020655	2282225664
38003583	16912384
70310595	1610612992
27458031	36880
49583343	1107296512
41293479	4295000065
67669995	97
27533523	57344
41241639	1610613248
71715783	4362080256
26679783	36866
8726619	578
66602091	28672
16661703	83886081
47756631	4362108928
37943643	1085440
35864535	67141633
14851191	4102
57174015	1610612992
8521527	28672
36183027	4295000065
79379355	4295000065
12373887	671088768
41850111	1074823168
41265939	2147520512
70777803	4362108928
7077783	1073745921
71205483	536903936
63449247	1085440
51761271	4295004160
80028003	37376
44004387	2147520512
61797171	1081348
67879299	1073745921
6120687	1610613248
28018227	2147520512
11054883	2147487745
4967571	1085440
74610399	16809985
7642515	2147487745
63632631	2147520512
4095039	2155876352
11714871	2147520512
45541119	1073873408
73742079	1610612992
57351891	75497473
28234983	4311744513
35800707	1081348
1107111	1610613248
46360191	32802
40048347	1610613248
29608743	150995072
19639263	524354
27508575	1085440
33693411	4129
51099987	36865
2198343	134219784
65752887	1610612992
26561847	1081348
66591399	1073745921
18792975	137216
306183	83886081
19036623	16809985
18969879	150994945
22923003	1610613248
27288579	32833
37810155	83886081
4603719	150995072
42263535	134217734
39791415	1085440
67492443	83918848
46984215	671088768
11372727	1610613248
2661339	67633153
74936667	2147520512
30426843	1081348
81092343	1073778688
81388479	1610613248
30815643	537133057
8487507	98320
75048447	2147520512
63394815	2101250
9044139	36865
51240927	36865
51355947	36865
1676379	2147487746
10000263	4311744513
60724731	1085440
19410519	1610613248
54167295	4328554496
21725499	1610613248
56381511	1085440
78202911	33028
1743447	1085440
44162499	67158016
66152703	561152
64441335	2147520512
71051583	4362076161
57822987	67108929
67329795	36865
81517431	1081348
13816659	134217733
59533383	53248
37382151	196610
59961711	1610612992
457815	134221952
23143647	16781313
79328487	537919492
12858591	83886081
42384063	57344
13770651	67141633
21231399	35
45707979	2147483682
74052795	1610613248
68281059	36866
6245427	1610613248
60239379	4362076161
35106051	1085440
49317663	1610613248
40957491	4362076161
20949195	4311744513
7912731	1074823168
54560307	1074823168
61100895	671088768
49586907	17858560
19266663	32864
72107175	1081348
70369563	4362108928
36902631	20481
27638175	3221229568
30842859	36896
37422651	2147520512
21766647	1610612992
39530595	4295004160
56146287	4362108928
47437167	671088768
10578927	1085440
26844375	671088644
46855911	1073745921
13723347	2181070848
53275971	4294971393
58914867	5377097728
10328475	327696
168483	2147520512
40049967	4311744513
76552131	1140850689
64706367	3221258240
63639759	32834
37938135	2147520512
68406123	36865
50442267	1610613248
8072139	35
59357451	2147483906
24202155	67108929
50489247	4395630592
71285511	4362108928
26316903	671088644
12504783	1610612992
53220891	2147520512
60358611	16777281
26973327	1073778688
68506563	17104896
18966963	4311744513
56312823	1610612992
57583227	1610613248
64963623	2147487746
30255123	1610613248
67651203	671088768
52131279	4311744513
28252155	32833
34424355	36866
25328703	135266308
61493259	143360
67530999	16912384
80780979	1081345
30541215	134250560
74770131	1081348
45394995	671088768
33129003	16781313
34839723	1141374976
6841911	4130
10557219	36865
81404679	4294971393
8629095	57344
44293071	134250497
81087807	4362108928
61240539	327696
10253631	1610613248
7517775	16777281
26004567	2147520512
52007187	2147487760
17098779	1610613248
22393587	1610612992
35950395	57344
12497331	4328554496
57551151	1081348
35956875	2101312
784407	671088768
9037659	4362108928
5901663	1081348
40499031	4294971393
51638475	2147520512
51442455	1073775104
30736263	3221229568
3589599	1064976
3965439	1074823168
58599615	671088768
45196059	671088768
191163	671088644
48597735	53248
27827715	4295000320
34935627	24577
63924879	2147520512
46615827	1610613248
37392519	2147647488
12599715	1610613248
22323927	1610613248
44880159	1074823168
31383615	800
37863291	2147520512
17721183	4311744513
56696763	36865
48495675	4362108928
20525079	135299072
58551015	67141634
23220435	36865
38717355	671092736
10419843	134254592
29055999	36866
25733055	1082134528
30235683	1610613248
54586227	671088768
3602235	134254592
81338907	36865
80849343	36865
17669667	1610612992
46195923	4362076161
40514907	4311744513
51503043	1610613248
24106899	201326593
15804723	83886081
81099147	1610613248
64706043	1610612992
64394355	36865
73344855	83886081
36875415	36866
59528847	67141664
68645559	2147520512
33220695	1207959680
44189715	3221229568
40290375	671088768
81155523	36866
1971867	1610613248
77613231	4362076161
15117843	1610613248
1526367	67141633
18226299	83918848
55163271	1610613248
66868743	4295000065
60185919	2147483682
43363839	36866
68816955	2147487746
42444327	4099
19328547	16809985
23109627	17302016
35179599	1089536
38579331	1073778688
20667963	201326593
7131	1610613248
40821087	1610612992
899751	1610613248
33455919	1081345
17312943	671088644
23098611	1610613248
43204431	17301568
19955487	150994945
61591755	1085440
25281075	83918848
40128375	32834
8174199	32802
33955851	1081345
3508923	4429185025
43358655	4295004160
41701395	40961
43267935	16777221
27554907	1085440
2678835	1610612992
38544663	1073778688
37491015	150994945
6522771	1610613248
68624175	3221229568
61913811	36865
58808595	2147524608
32136915	4311744513
17010651	671092736
34622319	1610612992
2796771	83886081
12890343	1610613248
31575423	1140883456
23976327	536870918
42818871	671088768
3819963	4102
764643	1610612992
35207463	1610613248
31396575	800
21856719	67141633
68678283	671088768
27028731	150995072
65262999	671088768
17981031	524293
29143155	17301568
52823667	1610612992
25911903	32778
13561671	4362108928
623055	167936
51355623	1610613248
1127199	17334272
23952027	24580
65848467	2147520512
3741879	561152
48572787	1085440
1915815	1081348
68436903	1610613248
21674307	1073778688
40531431	67141633
42692511	4162
5313927	1610613248
53043339	1140883456
68991267	4362076161
28179903	671088644
39747351	36865
49407411	36880
59578743	16814080
4225935	1085440
19773075	67141633
38486343	4362108928
34893831	16777249
55089723	1085440
79313583	167936
57702459	1074823168
230367	37120
21079119	67158016
46618095	98305
27111351	671088644
1442127	150994945
10297047	1085440
16021155	1610612992
49132659	36880
3739611	1610613248
44316723	1081348
28453035	201326593
61935843	24580
46885071	4295000320
22130823	2684358656
15978387	4295000065
35235651	2147549185
42973095	4295000128
37316379	4294971393
78909879	2147520512
49324143	17301568
57609795	1140883456
77797263	1073778688
67056987	1610613248
72318423	37120
24543327	70
13072755	671088644
12080019	4311744513
19763031	1073778688
3229311	32834
25252563	1610613248
19316235	83886081
73486443	37376
81281235	1073746176
32483595	201326593
9280011	2147520512
33026295	8392736
36663843	1610613248
5689767	671088768
45096591	4295033088
39535131	2134016
32851983	134221952
1240923	37120
17193063	134250497
6460239	327681
3941787	1610613248
2871615	16809985
73255431	32833
45379443	671092736
71644179	4311744513
71990535	1081348
41650527	1610613248
51476475	1085440
3618111	1073873408
62237811	2147618816
68758311	37120
12515151	16810240
86187	1073775104
770475	16779266
65265591	4311744513
39683523	2148012032
38305875	2147487746
49233747	3221229568
7496715	8425472
5760723	83918848
415695	1610613248
54419691	1610613248
48849483	671088768
24130875	37376
39676071	1081348
2819775	4294971393
34063743	150994945
51006351	2147487746
11669187	25088
66312435	134283265
19900731	150994945
18897951	134221825
55350867	1610612992
6401919	528385
43395591	1085440
410835	1610613248
81162651	37120
68912535	2147520512
32666007	135266308
4217835	67141633
45410223	4161
49078227	1610613248
67801539	1610613248
75589203	1073762304
2655831	2147487745
2784459	1610612992
931827	1610613248
48846243	1081345
63446331	1140883456
23443347	327696
17890311	83886081
79851099	1073746176
65065035	36866
18342939	57344
32809539	4362108928
35815287	2148532226
8896071	1610613248
8034555	6656
80840595	16809986
114699	67141633
41171655	3221229568
79944411	3221229568
27823503	4362076161
66965619	1610613248
1110351	1610612992
52254075	67698688
63481971	4311744513
40501623	671092736
72473943	1610613248
45159447	2147488256
26038911	1610612992
4936467	57344
48061191	553648384
6863295	67141664
3253287	262150
6712311	2684358656
26588739	553648384
78707379	1081345
69381687	134217733
25470939	1610613248
20742159	1610612992
62448411	528386
24225159	4362108928
32351079	1085440
36004827	671088768
64078779	57344
3895131	561152
23471859	4362108928
8527683	4102
47464707	671088768
26360643	134250497
33034395	2147520512
81372603	2147520512
24430575	2147520512
60257199	1074823168
51552615	24580
37731747	37376
44529267	1081345
73362999	2147520512
78995739	8388641
34060179	134283265
71038299	1610613248
25473207	1085440
46321311	2147520512
25354623	2147520512
7657743	2147520512
69229731	1081348
1745391	671088641
40902735	35
24197295	4395630592
69639915	4295000065
56663391	1085440
27292791	36865
42357495	4362108928
866703	1610612992
31611711	1610613248
39104859	196610
43424751	134217733
49121643	36865
35509755	1610613248
50566683	2147487760
10383231	37376
3428571	1610612992
59535651	1085440
238143	1610613248
53408487	67108874
30409671	24608
80287851	134217794
17983299	4362076161
73029603	67145728
60939867	4295000065
11379855	536875520
70951791	1610613248
73059411	671088641
39340731	4102
41202435	2147520512
56377947	671088644
46646607	37376
64987275	16814080
79385511	557120
39832887	33281
78793563	1610613248
4290411	2692743168
43106583	1073778688
37942671	1081345
8517963	150994945
47064567	671088768
51367935	5368713216
3837459	1610613248
41581515	57344
54720687	2147520512
70170303	16912384
12447759	134250497
77726307	37120
46378983	4395630592
3578259	17301568
1916139	1610613248
84891	134250497
5204415	1610612992
65529651	2147487745
5584791	1081348
70088655	1610612992
16884291	2147520512
79967415	4295000320
51360159	4362108928
15039759	17334272
288363	83918848
15441843	16809985
36166827	524384
8565915	1140883456
30735291	134217860
71793867	32840
56856495	671088768
55822287	1610613248
77584395	4311744513
40633815	1073774593
40824651	36865
38401779	4099
16732659	36866
9510699	2147487760
63196527	1610613248
62440635	1081600
42201003	134742080
68443383	1140850689
9243399	4311744513
41370591	36865
74856639	1610613248
72678711	67141633
55570539	2147520512
50982375	4294971393
40807803	4296048640
28105707	1610613248
19033707	16809986
8380263	2147488000
64185699	1073746432
26955507	3221356544
44675067	1610613248
65654067	16781313
19397235	8425472
63282063	2147520512
65956035	1085440
43839795	4311744513
57599103	201326593
4055187	4162
75987399	4362076161
38847927	36865
53213439	4130
70230243	671088768
43704687	1610613248
33533355	4294971393
43635999	3221229568
14955195	83886081
36758127	36866
31867023	1081345
47078499	36865
37606683	37376
32998755	671088768
58072791	1610613248
12564399	57344
10756155	1140883456
47133579	134217733
66996075	83886081
48808335	57344
1220511	1081348
59070387	4311744513
7889403	1610613248
43747779	135299072
7266999	135266308
63324183	1610613248
22178451	671092736
74703711	8392705
73613451	5435817984
47330571	1073745921
26279967	16797696
40613079	4295004160
37590483	1081345
48359271	1085440
39956007	2148012032
19132527	1610612992
30747603	4362108928
1382187	4362076161
26424147	2147520512
34132755	1085440
2189595	32833
76691127	2147520512
62272155	4362108928
48274059	4296048640
27835491	16779520
52707027	1081348
13030959	83886081
12999207	4295004160
2061291	671088768
14035359	1610612992
71070375	2147520512
77060811	2147647488
22857879	83886081
73337727	16912384
24701439	37120
56433351	16814080
33692115	4362108928
46627815	17301568
48781443	4362076161
2961363	2147520512
31401759	800
12919179	671088768
34489803	1073778688
33211623	4362108928
28929639	561152
40951659	2148007952
22509903	1085440
65920395	1610613248
30694467	1085440
31724139	1081345
18083415	36868
66524655	1073766400
72866955	32833
4300455	1610613248
68126835	671088641
23930319	150994945
34652775	4328554496
29191755	1085440
22996227	1085440
23081439	2148139008
39847143	4362076161
20287587	671088768
72696855	2147520512
555987	2147520512
70654359	36865
79180095	4429185025
67692675	67665920
46196247	4295102464
33890079	2147487746
30209439	24832
28249239	4328554496
16961727	1085440
71574519	2147489792
19927947	2148012032
40385307	67141633
50966175	1610613248
37342947	16781313
31131219	16779266
42591747	17301568
26318523	67141633
75118755	4362076161
67542339	561152
57156195	671088644
11128755	16779266
26093667	1107300352
70007007	57344
66725859	4362108928
45513903	1610613248
65990703	1610613248
22066671	150994945
26856039	1610613248
8746059	3221749760
99471	37376
2426115	1610613248
15573387	17301568
34909059	37120
48053415	1090519041
51893787	4311744513
5137995	2147487746
23635479	671088768
9812019	57344
67062171	2147520512
58559115	4362108928
50551779	1610612992
23302083	1610613248
60976479	1610613248
46689699	2147520512
33881655	4362076161
66017919	2147516418
17606811	32833
31597131	16797696
2752059	1610613248
65042031	16912384
74393643	4395630592
19460415	75497473
76782171	1081348
79653783	5368709121
6552903	2147520512
47487063	4362108928
30860355	4362108928
6599883	4294971456
70820571	1085440
54177015	2147520512
53465835	1610612992
57275751	1081345
73892091	4362108928
4788075	671088768
44237991	36865
46250679	16842753
3359559	17334272
74203455	67141633
259527	67141633
14377827	671088768
14587131	1610612992
81192783	53248
34148955	1074823168
38208027	3221749760
35055831	1090535424
4583307	134479873
63165747	4226
298407	135299072
73316667	16908292
39097731	36865
44185827	1085440
38596503	4353
16184127	1085440
65843283	36865
37409691	36866
52834359	1085440
15144087	1610613248
3425655	1610613248
8869179	201326593
23185119	1610613248
24513519	671088768
6606039	4311744513
47512335	1085440
3665739	1610613248
62457807	16912384
38377155	32833
1180335	57344
10454511	1610613248
7793823	2147520512
41497599	2147520512
41829699	134218241
13317375	4295000128
13319967	1610613248
45361623	3221487616
57793827	1074823168
26145831	327696
68109663	4295000320
52829823	1081348
4104435	3221225476
2919243	32833
12384579	20512
63538023	1074823168
40292967	4294971393
44306355	201326593
13821519	4311744513
69121839	671088768
29246187	201326593
636987	4362076161
36471387	2147520512
57682695	1610613248
17002875	1610612992
35761827	4362076161
19522623	53248
10647615	4295000320
77747691	16777281
42137175	33536
56749899	1081348
27002487	1610612992
73595955	67112962
16663323	1610613248
6655611	2684358656
3042039	2147487745
61454379	37376
37594695	1073778688
62849523	2147487760
49689291	4362108928
18873975	150994945
8646267	2148012032
17693643	1610613248
51321603	2625536
44971527	1081345
73356843	3221229568
58002807	67141633
3040095	2148012032
28382403	4429185025
7458159	1610613248
20618715	4311744513
66160479	671088768
36670323	4311744513
76168191	4311744513
68577195	4362076161
19800615	83886081
24132495	1610612992
19432875	1610612992
1310583	135266308
55540731	1610612992
29057295	16781313
15538395	150994945
18137199	134283265
16471191	135266308
39777807	1073778688
75104175	16814080
23642283	167936
5279259	68608
9886539	4362092544
18129423	8421377
2213247	66564
75595359	57344
65564319	4362076161
49649763	16814080
80884011	1610612992
70521519	1140883456
75504315	4311744513
81243327	4362080256
80941683	671088768
46414299	2148012032
2127387	100696064
67619775	1610613248
52720311	2147520512
72751935	2147520512
68660139	4311744513
39329715	4362076161
75497835	28672
66567747	1610612992
10642431	2147520512
63520527	16781313
74199	1610613248
11019891	1610613248
77390643	1081345
34968999	83886081
37049403	2147520512
54623163	1074823168
1497207	83918848
2994087	4296048640
22170675	671088644
62997591	5435817984
67866015	37120
25525371	1610613248
39307683	1081348
66102807	1081348
71049315	524353
1513407	1610612992
25323519	1610612992
40479591	1610612992
15911967	4311744513
55450983	1610613248
53404275	37376
317523	1610613248
34071843	67633153
11735607	1073778688
39107775	67141633
53031999	4311744513
69079719	36866
51149559	671088768
2039583	2147484674
63234111	4362076161
19944795	1081345
41595123	5435817984
61872987	2147520512
15413979	83886081
243327	554696704
298731	327696
49236987	1610613248
34120443	557120
39084123	16809985
40143279	67141633
80343579	1610613248
12771111	671088644
73872651	1090519041
47512011	4295000320
47615043	1090519041
31488591	1610613248
57309123	1610613248
81368391	201326593
35235327	4311744513
21793863	66049
58549719	1074823168
22170027	671088768
23183175	1610612992
3581175	1085440
72252651	1610613248
2127711	1073840128
53268843	1085440
20340075	1610612992
73499079	5435817984
45094647	67142144
12467847	4362076161
892623	524354
71724855	1610613248
21804231	1610613248
48018099	518
3391959	67141888
11451135	1610613248
39698427	671092736
42116439	671088768
4643895	67141633
71656815	1610612992
35595291	1073745952
23425203	3221225488
80114511	1081348
36164559	67133440
49328031	4099
75288855	2147520512
2590707	1085440
70254219	16389
38439687	1081348
35108319	1140883456
11403183	4353
56487459	32802
24925323	16418
46629111	1140883456
2461431	1610613248
41356011	24580
65251011	1085440
46951491	1081345
43669047	1085440
787323	8425472
1444395	1610612992
3506655	1074823168
28028919	57344
29615547	150994945
3706887	1610613248
31010043	4311744513
33568995	327681
27686775	16810496
12227115	1610613248
41215395	36865
81190191	1610613248
21267687	1073873408
24620439	1107329024
56399655	32774
51406491	32834
15704607	32802
22199835	4295000065
68539935	2147520512
56026731	1610613248
22898703	1610612992
38609463	4362076161
60475251	671088768
32341359	4362108928
49309239	671088768
145155	2129921
22428903	671088644
8286303	1085440
23488059	17301568
1228611	2147549185
5127303	8425472
22133091	1610613248
12244611	1610613248
2672355	4362076161
79060215	167936
77991987	1081345
58022247	4362108928
51166731	4395630592
7588083	16797696
32059803	134218753
43065435	4295004160
7403403	4416
61230495	8425472
14659707	1610613248
52299435	17301568
56817939	16814080
29217027	1610612992
28603695	201326593
33229119	2147520512
56075979	1610613248
73671771	36866
12979443	1074266176
22829043	70
33470823	1074823168
10243911	2147553280
18540903	32833
20185203	524354
78843783	687865856
43585131	2148073472
35186403	4295000065
51461571	2147520512
58011555	4311744513
12624663	37376
1364043	2147520512
28370415	1073750528
37619643	1073774593
3205983	671088768
53911659	201326593
12521631	1744830464
77580507	16912384
73349715	671088768
73784847	36865
13303443	671088768
37587567	5368713216
18415839	4099
29016471	2147520512
1186815	1610612992
70489119	3221229568
30845775	1610612992
74564067	1610612992
72045615	136314881
43769163	57344
22191735	1610613248
53492079	16912384
66824031	2147489792
80308587	1081348
46270119	1081348
38392707	671088768
47607267	1610612992
71829831	1081348
16107339	1610612992
32152467	4362108928
14860587	37376
44827995	671092736
64325991	1073742592
34439907	17301568
19505451	1610612992
25292415	1085440
42763791	32833
75023175	1056772
37463475	1610612992
56457003	1610612992
5053755	1085440
26696631	1610613248
21741375	1610613248
38764659	2147549200
53633667	1610613248
60054051	1140883456
974595	16843776
65584407	1073778688
62081319	1085440
58855251	2147520512
3757755	1610612992
49113543	36865
71162715	1610613248
1862679	137216
27885063	1610613248
44817627	167936
74125047	36865
14245311	1610613248
43762035	16814080
42752775	3221229568
72397155	1610612992
51294711	2147520512
5179467	2147618816
38452647	67141633
63985467	4395630592
21042831	1085440
56907039	1610612992
10695	67633153
44573655	1610612992
48235503	1610613248
11106399	150995072
32759967	134221825
75194247	1610612992
38984007	2147487745
1398387	1610613248
77284695	4106
43115655	4362076161
68473191	1073778688
10701399	32786
41243583	97
37568775	37376
32111319	1610613248
43274091	671092736
1835463	4130
4697031	36865
74863443	4362076161
16717107	1082163200
65518959	1610613248
38954847	4311744513
5028483	68190208
63033555	1610613248
59037987	1610613248
18711975	4362108928
5427975	1073775616
65802459	134218753
49663047	1085440
34609035	1073778688
50882259	327681
23633859	671088644
52337343	17301568
44588883	40961
48820323	1610613248
59674647	4311744513
70105179	1074270208
9819471	135299072
69998907	344064
30304695	1610612992
69221955	1073876992
15467115	75497473
20995203	1074823168
80740803	2147520512
7637655	1073778688
35840559	32802
45115383	1085440
3139239	16779266
31495719	1090523136
62657067	1610612992
43654467	671088768
71486391	2147520512
14884887	17334272
35512671	83918848
48079335	2147487746
37463799	3221229568
56937819	36865
44109363	4294971393
81096879	16809985
76845999	1610613248
1332291	36880
68221443	16809988
1179687	1610612992
26086539	2147487746
4917027	3221229568
76627623	1610613248
62601987	1610613248
72145731	536870918
7486347	4353
16200003	2147520512
43987863	671088768
9562215	4311744513
7338279	201326593
75612207	2155876352
33494151	1140883456
50100771	1090650112
77731491	17301568
48519327	28672
55232931	1610613248
67229355	1610613248
21711	2164264960
11732367	1085440
53126607	1073746432
64715439	1074266176
40509723	4130
3893835	67141633
80760891	4099
27459651	201326593
36114987	1081348
8360175	1074823168
13090899	1085440
2208711	4102
40275795	1085440
59816883	2147483682
33448467	36865
76152315	37376
27013827	150995072
11988327	327696
48752931	1610613248
39335223	1074823168
59280663	1610613248
18326739	671088896
60216051	134217793
20372475	201326593
61931955	1081348
1659855	1610612992
212871	1610612992
7177251	45056
27562035	2147520512
43172355	36865
6925827	67158016
59302047	1610613248
35964975	4395630592
43287375	1610613248
76129959	7
8079915	37376
41375451	3221225474
40380447	16814080
3401031	1610612992
49070451	14
42301443	1610612992
13375695	40961
12478863	75497473
32431755	24580
6085695	1610613248
12358983	671092736
27307695	1073745921
19034355	36880
27152499	1140883456
14427723	1081856
56004375	36865
56996463	1610613248
28524639	5435817984
68206539	1610612992
9308523	201326593
54072363	2147520512
12944127	83886081
24913659	1141374976
15384819	1085440
52372335	134217860
12034011	83886081
66760851	1073872900
33638331	1610612992
15833883	1610612992
63626799	4395630592
5210247	1610613248
79749039	1107296512
52729059	17334272
31525527	83886081
75024795	1610613248
40191231	4311744513
27150879	2147520512
13809207	1610613248
62460723	32802
65090307	83886081
37871391	1085440
66399591	1081348
24271491	67141633
15344319	1610613248
69326283	83918848
1366959	2147483682
74762031	5435817984
4882359	134217733
61404807	4295000065
65968023	1074823168
35934195	1081345
56812107	2147520512
110811	134250497
22298655	1085440
53832927	16912384
3102627	1610613248
1864623	671088768
12464931	561152
54371091	1073778688
41484639	2625536
26878395	2147520512
25917735	1610613248
24684591	2134016
57689499	5368709121
13213047	1140883456
59569023	1610613248
59147499	4311744513
1606719	135266308
65492715	67108929
29935011	538972160
48252999	561152
38784423	4295000065
23620575	2147549185
15759039	1610612992
64329231	536875264
62725107	2147487760
6210759	2147520512
19341507	1610613248
12580923	1610612992
8608683	1085440
18922899	1050628
62527467	1081345
15378987	100696064
77259747	1610612992
5540403	659456
32105487	2147549185
4450467	1115136
4196775	150994945
33865455	2147487746
45055119	36865
8861079	1073742852
17240043	1610612992
58807299	2147524608
28856739	8425472
61321863	1610613248
12913995	671088641
15596067	2147520512
45630219	150994945
57643491	1081348
50445183	53248
58061127	1610613248
21087543	28672
25000491	4362076161
31082295	36866
7337955	2147520512
56917731	37376
21263799	150994945
81344739	16801792
57759159	36865
71485743	4395630592
26440023	57344
42120651	278529
3712395	1610613248
10760691	1085440
75381843	4311744513
32421711	32833
75461223	1075871744
71736843	1610612992
77567871	536903936
29186247	8392720
63292107	67141636
8750595	2164264960
67210887	2147553280
68180295	3221291008
23044827	67141633
73436871	1074823168
29689419	671088896
70682547	3221229568
23392803	53248
33043791	135266308
1639119	32833
37559703	2415951872
101091	4429185028
56300187	2101312
38313003	1074823168
66755991	1074823168
80487111	2147520512
49488735	671088768
53628807	671088768
3999783	1610612992
51411675	16814080
12874143	671088768
27826095	1610612992
35120631	68190208
1697439	524802
8596047	201326593
80976027	1073778688
25629051	36865
76243035	67133440
19225515	1074823168
80792319	117440512
58221831	36865
53765535	2147520512
81738399	671088768
24504771	4295491648
79804767	2147520512
30394443	671088768
7802895	1082368
74154855	4362108928
67941183	1610613248
78342879	671088768
35837319	1610613248
32821203	32802
30905067	2147487760
43963239	2148007952
7683987	1610612740
48926595	36880
57971055	1074823168
27172263	16809985
30305667	1081348
46761627	8392705
78333807	16809986
38649315	4295004160
18918363	577
47097939	4311744513
12192447	37376
40841823	24580
4744983	135266308
77931075	1610613248
18575247	4328554496
64337979	57344
48989775	67145728
2157843	134217733
32358531	536870918
38309763	4311744513
2593299	4311777280
25858767	2621696
54337719	4395630592
67173627	4362108928
49764783	1610613248
9214887	1082134528
32357235	4295000320
56676675	36866
30942327	3221229568
65608059	561152
73738839	17301506
6969567	1610613248
17720859	327696
64178247	2147520512
59984391	1610612740
81173019	36865
56793963	4106
30026379	36865
33195747	16809986
56546427	4362600448
19121187	67108898
64486371	4311744513
49125531	327681
291927	83886081
29202123	1610613248
75166383	8392705
22150587	671088644
63678963	1073762304
77375415	2147553280
41919447	1073778688
40666215	67141633
9595587	671088644
52652595	4161
74682327	2147520512
15828699	83886081
12632763	1610613248
64104375	2147520512
42718431	4102
22160631	4295000080
67256571	671088768
36049215	36866
18650739	2147520512
60534219	327681
56654643	16781314
67239075	1081348
39720783	536907776
77368611	1610613248
1224723	1610613248
48553347	4311744513
41869227	4295002112
2801955	83918848
24959343	4311744513
56467047	1610613248
62629527	16912384
13457019	36866
79186575	36865
79384863	331776
26900751	67141633
15793059	83886081
29390367	524353
61469607	1610613248
15693591	536875264
22822887	4362108928
31995003	4362108928
19337295	33281
70930731	2147520512
44584023	2148012032
13968939	1030
14042487	671092736
420555	1049602
16369779	32833
44887935	16814080
32071467	1610613248
799959	1140854784
341175	671088768
44053635	1074282496
47470539	4362108928
41244555	671088768
41205999	32833
33702483	1073774593
75491679	1610613248
74206047	1074270208
31272483	1073778688
43374531	37376
47662023	1073774848
59072979	2181070848
77255535	4362108928
47608563	671088768
3816723	135184
78495807	1610613248
69148083	4295004160
27209523	75497473
15799863	1610613248
64063551	4311744513
42092463	1610613248
27612579	2147520512
34370895	557057
47734599	1610613248
21821079	134250497
57356103	4311744513
45186663	1212416
9966891	518
11848035	671088644
47139411	1074823168
13385739	4362108928
41329443	4295000065
37556463	34611200
57242379	671088768
32260359	671088768
77047527	4295004160
715395	327696
59546667	1140883456
42698019	2147549200
26410539	671088768
59917647	2147811328
11058123	53248
79541679	1085440
13151487	3221229568
62820363	2147520512
26472423	3221291008
81025923	1610613248
51125259	1610613248
53655375	36866
63849063	561152
56683803	2147618816
62026563	4295000320
1491375	2155876352
41927871	16814080
30756675	150994945
77413647	134217733
28265763	4362076161
80294655	164352
34416579	4353
59876823	671088768
16863879	4311744513
2211951	1610612992
46365699	2147487760
13378935	1610613248
40123191	4295000065
22838115	1610613248
44032575	57344
53369931	134217733
2853147	67141633
5774655	1085440
29164215	4311744513
11161155	65570
68929059	2147520512
2493507	2147488256
40679499	83886081
65839719	8392736
44193603	1610613248
76913391	1073762304
58384479	67108929
6824091	1085440
74103339	36866
889383	2148012032
37572339	36865
69332439	1081348
15810879	83886081
17011623	2147520512
7476627	4362108928
59765691	1610612992
29398467	327681
26342823	1610613248
36753591	67633184
66352611	1610612992
2062911	1610613248
63831	67141633
180147	2147553280
44044239	561152
29151579	1610613248
26972679	2147647488
61669191	1140883456
31388151	37376
68538315	1082163200
41524167	2147520512
27111675	671088644
81655131	134221825
47313723	134283265
63854247	4362108928
15648231	16779266
30853551	1610612992
1875639	4130
62931819	4099
2906931	8425472
38464959	53248
75039375	1074823168
57216135	671088768
6872043	2147618816
69680091	1610613248
80548995	1073766400
55411779	1610613248
28408647	201326593
59199663	16781313
57859923	37120
52124151	1073778688
49403199	134217793
7620159	1073745922
54037371	4130
58387719	150995072
63455727	1081856
32526039	1207959680
63757047	1073774656
22845243	98
5717955	2147520512
7821039	1073762304
57976563	2147553280
34924935	671092736
40094679	1610612992
67568907	2164264960
17483691	67112961
38838531	3221229568
61025727	1610612992
61805919	67141633
3698463	24580
65428563	4311744513
77161251	1610613248
1186491	2147581952
48980055	578
12652851	16787456
36934707	4362076416
70781043	1081348
47745615	671092736
38221635	671088644
12444519	67
12297747	1610613248
50993391	671088768
6089259	4311744513
12347967	671088768
34888971	1610613248
69390111	32773
1767747	2147520512
77525751	1085440
15347883	4130
32646567	16781313
77317419	117440512
608799	1610613248
22430523	671088644
22275003	327681
51326139	67141696
33997647	1610613248
18920631	150994945
39304767	196610
54533739	671088768
65862399	1610613248
64790283	37376
64624719	143360
937335	671088768
71385627	5435817984
1335531	1610612992
30233091	67141633
70015431	1610612992
5961279	1074266176
75172539	65539
78011103	1073746176
56615763	37376
68990943	83918848
6111939	1610612992
6538971	1081345
28887843	4311744513
61766715	69206018
68662083	536875009
76153611	1085440
3529659	577
42953007	1085440
21199971	1073774593
9362631	2147520512
13628739	134250500
65954415	671088768
52539195	37376
13340703	33587712
27057243	134217733
8516019	134217988
67239399	671088768
59793879	1085440
48207315	1610613248
67417923	36865
17845275	4362080256
60459699	1610612992
56851311	1610613248
60813183	37376
34056939	67141633
60201471	67141633
70518279	1610613248
61947183	1610613248
51387375	1085440
18962103	4395630592
65892207	1081348
16669803	135266308
68369511	65539
50550483	1146880
411159	1610612992
4752111	137216
35888511	4429185028
38728047	67141634
34149927	36865
118263	4362076161
16624119	1085440
75486819	6442455040
190191	1610613248
57593595	36865
59993463	67108929
61853223	1085440
36247179	1610613248
69391407	1085440
29727975	4311744513
6188403	1610613248
52074903	16781313
22325223	1074823168
76101123	1610613248
48913311	134250497
7594239	83918848
73493247	36865
8533191	1081348
40561563	1610613248
33636387	1146880
68745351	1610613248
43001607	1610613248
10458399	1085440
33365847	83886081
43348935	1610613248
34141179	1610613248
80731083	36865
71655195	3221229568
45065163	4311744513
54415479	1074823168
11905383	1610612992
36373215	671088644
10492095	1610613248
5482407	1610613248
37439175	5402263552
13907379	134221828
52940631	4311744513
77178747	5435817984
51880503	4130
75675711	557120
33843423	67145728
13122975	40961
35335767	4311744513
81077115	2147520512
50506743	150994945
4892403	1610612992
31034991	671092736
78057435	1073742400
35640003	4311744513
1195563	201326593
64190235	1610613248
64125111	4395630592
46201755	134217857
50670039	1610612992
7948047	1610613248
43983003	1085440
10128567	2147495936
637635	134250497
71444919	67108929
31464615	1081348
40774431	4296048640
11405127	4102
51782331	1610612992
58449279	36880
53529663	37376
49890171	1073778688
62884191	8421377
40587483	67141633
57575127	2147520512
24541059	2147520512
81487947	5435817984
75359163	800
40725183	2147618816
20970579	671088768
18563907	16809985
59612763	36866
3323271	17301506
48124047	1115136
10611651	16912384
46941123	135299072
18655275	150994945
59747547	37376
85539	36896
13860399	4130
77335887	2147520512
38306847	1081348
21556371	33028
49436895	1074823168
73385679	4311744513
31412127	800
74862795	2147520512
37091199	578
33589407	4294971393
55317495	67133440
45391755	1610613248
16473783	1610612992
2492211	1081600
34259439	16777282
64261515	136314884
59107647	671088644
32081187	1140850689
62862483	1085440
12610083	1610613248
26014935	671088768
61957551	70
36015519	1610613248
56095095	1073778688
59435859	1610613248
59914731	67112961
70818303	1140850689
34221207	4295000065
59992815	36865
65813151	561152
77710431	1610612992
31990143	1610613248
70797891	1610612992
55489539	2147520512
1427871	1610613248
1096095	2147520512
73013079	1140883456
34336875	671088768
2009775	150994945
21051903	671088768
31294515	4311744513
27175827	67108929
20854911	16781313
57282555	1085440
20849403	1610613248
1113267	70
53034591	671088644
22434087	32833
74466543	1610613248
2328267	4353
3926883	1610613248
34098087	528385
22433439	327696
41793411	4311744513
60348243	37120
78502935	196610
34860135	671088768
46186851	2148532256
39745083	4311744513
18877863	150994945
58199475	1610613248
8048811	1140854784
33196719	201326593
75582075	1610612992
11366247	553648129
67962243	135266308
29569863	4362076162
23575863	1048610
14395971	2147520512
58820259	2148012032
10257843	67145728
66684063	1610613248
9674967	1140851712
24272139	104
14512287	8425472
6808863	1610612992
62308767	2147520512
78048687	150995072
32093823	4311744513
36955443	671088644
23004003	32833
28058403	36865
23219463	4226
40575171	671088768
14755935	134217860
69690135	1610612992
73795863	2147487760
22740591	1610613248
34082535	671088768
19024635	2147483654
58971891	1610613248
24281211	67141633
1846803	67112961
32532843	37376
36441903	1074823168
63664059	2147520512
69514527	36866
43228731	1610612992
81689799	2147520512
38428995	67145728
10394247	525056
62535	1081348
12251415	1610613248
53740911	2147488000
1619031	1610613248
57040851	135680
64964919	1610613248
30310527	1610612992
52183443	2164264960
21731007	16809985
8071167	1610613248
53238711	16846848
59103759	1610612992
2585523	135299072
17987835	83886081
30519831	75497473
9025671	1610613248
27024195	150995072
48818379	1082163200
79972923	1073746176
37996455	36865
79968387	1610613248
6870747	4161
22351143	1610612992
32780055	134218112
79527099	66050
69967803	1610613248
67416627	4311744513
24618819	34078784
40976283	4311744513
81306507	83918848
55578639	1610613248
11914131	1610613248
25910931	1610612992
34267539	16781314
25725603	1610613248
18259023	16777312
67684899	671088768
75292095	4295000576
67483047	1610613248
615603	32802
20158959	1610612992
3384183	57344
26506767	1073778688
48991071	671088768
52592655	67141633
14407311	97
19871571	2147520512
12127647	37376
17762331	4295000065
48761355	65553
27550371	1073778688
32883087	4362076161
52140351	4311744513
53160627	37376
29526771	1610612992
22734435	4311744513
53017419	37376
60171663	32802
37898607	3221229568
34808295	4311744513
33840183	2147520512
42506859	5435817984
5711475	1073778688
14319507	536871170
49041615	1073775104
27333291	1610613248
31013283	4362108928
20581131	2147520512
52389507	4362076161
74731251	2147618816
13644615	1610613248
22121427	1085440
43780827	2147488000
51225375	16777282
54519483	2147487760
22369935	671088644
58471311	1610613248
19194411	17301568
16326687	53248
81744555	1610613248
40002339	671092736
38977851	524321
47597547	16777219
47599491	671088768
57872559	1610613248
62289651	2147520512
78607587	1085440
62788935	1610612992
14478915	1140850689
37771599	1610613248
67807047	2147520512
27524127	4362108928
5982339	57344
59465343	2147520512
68536047	2147520512
59604015	134217860
3679671	1610613248
41273067	1610612992
53046903	1081345
9363927	1085440
64805511	2147483682
14061603	671092736
1622271	4294971393
27012531	83886081
2844723	1610613248
29137323	32834
7025943	1610613248
18665967	150994945
67433799	2148073472
44011515	3221229568
66023751	1082163200
41662515	1610613248
53693283	4311744513
73959159	2147520512
59794527	36865
68052639	17301568
65449947	134254592
32264895	557120
62787315	17301568
17302575	17334272
7129299	134254592
47601111	4311744513
35527251	1610613248
1026111	1610613248
23304999	150995072
5686203	65793
65561727	16777249
78636747	671088768
39553275	134218753
409215	1610613248
44855859	1610612992
44366943	671088768
64673643	67633216
32677671	67141633
34496931	16809985
72948603	37376
4479303	37376
80423931	2147553280
21117351	16809985
39227979	4311744513
37409367	4362108928
55345683	1073778688
7949667	1610612992
80868135	671088768
33390147	1073745921
17845599	524322
42591423	16809985
13629711	37376
64591347	70
45087843	1610613248
80261607	1074823168
78820131	67141696
73792299	36865
15782043	1610613248
36443199	671088644
34403943	2148008000
78816567	1610613248
1836435	671088768
3461295	134217733
357375	1610613248
38799003	67141633
81203799	4362108928
54971463	1073778688
47771535	528448
4271619	4429185028
18877539	5368741888
26781195	536871680
3147987	57344
4918971	327696
11070759	67141633
78221703	4362108928
52395339	1610613248
60889971	2147520512
4585899	1081348
43962915	1610613248
65465823	4295004160
26521671	3221225474
14359359	2148012032
35710635	4311744513
23983779	1073745921
2352243	1610613248
1095771	1610613248
74638911	1342193664
62443551	135299072
2824959	32833
81618195	3221229568
506739	1610613248
28266411	37376
10205355	36896
80738535	1073766400
24932451	1073778688
67944423	1610613248
43294179	36896
80435595	1610613248
51284019	100696064
70129479	1610613248
5504439	67141633
41554623	131090
49152423	2134016
80465727	1610612992
60493395	2147520512
59201607	1610613248
18689295	4295000320
53251671	4429185028
58851039	137216
36284439	1610613248
66677907	1610612992
74331111	37120
32204307	4311744513
73657191	6442483712
75822483	1081345
8763231	2147487746
40018215	37376
24197619	134217734
12385227	16809985
62275071	142610432
1088967	83886081
20284023	4362108928
40271259	1085440
28244703	135266308
16817871	1610613248
43779531	83886081
58891539	1085440
56166699	4311744513
77492703	36866
4467639	1610613248
5453571	8425472
54587523	1081348
75974115	1610613248
76181475	5435817984
29482059	1085440
50220651	1610613248
68959191	37120
25877883	671088641
56113239	4362108928
30509463	83886081
22774935	1610613248
30775143	1085440
62536215	2147520512
8163831	1074823168
16360059	12800
73627059	36865
200559	4311744513
12635355	536907776
52851207	57344
25882095	150994945
39069543	167936
28280343	4130
15895443	2147549185
38217423	36865
23460843	671088644
31773063	1073745921
44111307	1610613248
48676791	69633
81379407	671088768
23174427	1610613248
24041127	17334272
10387119	1114113
11718435	1081348
65645967	4362108928
61619619	2147487746
13299231	1073745921
37799787	1081348
79142187	671088768
73194519	8425472
16649715	1610613248
6147255	2147487746
53847507	8389376
75544491	1610612992
45117651	4102
62531355	4295000065
20972199	2147520512
56763507	2147520512
8562999	1056772
59460483	1610613248
31398843	800
31256931	2147811328
44170923	2147520512
32984499	2147520512
187923	4295000068
4226583	2147520512
76845675	2147487746
21430011	268568576
2178579	2164264960
34495635	1073774593
16037679	83886081
76278351	36896
75048123	37376
23558691	4102
34069899	1610612992
44069511	671088768
25804011	4311744513
6184191	1610613248
48594819	4362108928
51291147	1085440
26081031	150995072
73226271	1610612992
60093579	1610613248
70565259	4362108928
43268583	671088768
54319575	2147487745
45174351	1610612992
56015715	1140850689
8430483	16814080
73888527	45056
36928227	4295000065
17356683	1610613248
76890063	134250497
47488683	1610613248
33868047	201326600
77422071	4362076162
11369163	1610613248
80389263	321
63507891	67108929
61737879	1610613248
6511431	671088768
73262235	1610613248
75710703	4311744513
77834523	36865
41799	2564
76373931	1610613248
50032083	75501568
39047835	1081345
2686287	2147487746
70616775	4328554496
74103015	137216
73075935	2147520512
18393159	1610613248
40640943	672137216
79457115	83918848
76400499	5435817984
11507835	299008
3701703	8425472
44846787	1610613248
15307059	83886081
31524231	2147520512
61027671	32833
59205819	2147487746
37292727	67633153
51375711	1073746176
48282807	4102
66481563	2147553280
10852383	4362076161
28802307	57344
49905723	1140883456
632127	65553
4455975	3221229568
3309987	134217858
78376899	36866
30087615	1073778688
38822655	83886081
18928083	150994945
39366651	5435817984
41481075	1610612992
20270415	1610613248
36036255	36865
73423587	1090519041
331779	36865
24457791	135266308
50836899	1610613248
41194659	1610613248
26814243	3221229568
48582507	5368709121
60635631	1610613248
51630375	4311744513
28807491	8392705
37352343	196610
4074303	4362076161
53094207	1073778688
47169867	671088768
51624543	299008
48835551	36880
26461083	5368713216
66763443	28672
30779679	1610613248
10423407	671088768
69549519	36866
37244775	1610613248
80871699	1610613248
108219	134250497
2878095	2147520512
25135599	83918848
43803507	1610613248
46352739	1610613248
74546247	3221258240
5793771	1074823168
1388019	1074823168
42611511	1610613248
26953239	201326593
254019	1610612992
10014843	2164260866
80357187	36865
415047	135184
14539179	1081345
40110555	557064
13873683	1081348
67632411	1610613248
57390447	1610613248
42764115	1610613248
25213683	201326593
10596423	36865
42576195	4295000065
64255683	4311744513
70712679	1610612992
56417151	1073778688
24721527	671088644
38775027	2148012032
46953435	83886081
9982767	1610612992
3474255	2147520512
12807723	671088644
6662091	536871170
30659151	4311744513
31164267	561152
37240887	1073876992
63002775	36865
63336495	201326593
41764899	299008
16679523	671092736
69338595	1610613248
3539703	2147520512
43442895	4295000065
80081463	33591296
1258743	1610613248
33191211	1081345
44051367	201326593
70995855	1610612992
35718735	1610612992
37376967	135184
47214903	1610613248
401763	229376
72037839	1081345
8439879	32833
12384903	671088768
5152899	1610613248
4196451	528386
5111103	1610613248
7117635	1085440
69646071	37376
46418187	1610612992
29154495	4099
32443743	67145728
782463	134250497
61610871	1610613248
39929439	2147520512
1139187	134217733
28152363	1140850689
4906659	2147487746
3611307	36865
24362211	1073774593
33936411	2147520512
76358379	1610613248
28981155	4429185025
79208931	1610612992
70458015	36866
38973963	4311744513
41387763	671088768
19930863	4311744513
77640771	1610613248
63846471	4311744513
9831459	327696
14086227	671088644
40452375	1073745921
22479123	4362076161
38429967	1610613248
46416567	4362076161
68794599	2147520512
38250795	100663297
65612595	1610613248
48559827	1074790404
14798055	1081856
57117963	1073745921
18622227	1610613248
37796871	1610613248
54192243	327681
78978567	4362108928
25679271	1610613248
49097667	671092736
6961143	1610612992
12723807	1610613248
68809827	1610613248
58423359	2147483666
47739783	1081345
28686639	83886081
5118231	1074823168
36563727	36865
47937423	1610613248
9929631	2148012032
69126699	4362108928
58814751	2147524608
16725207	1140883456
74376147	68608
35607279	4130
79465863	528448
24306483	1115136
68800431	70
45273819	2147520512
58647	4311744513
34898043	28672
1420743	1081345
17578623	2147520512
16691511	1610613248
25075983	2147520512
68310543	1610613248
76747179	37120
67291887	2147520512
51056895	1085440
37757667	671088768
80934555	2147520512
60029103	4362076161
58491075	1610613248
62526819	4295000065
74436735	3221229568
55291251	69648
37899579	4162
69302631	1610613248
39364059	671090688
57774063	2164264960
77967039	1074270208
46840683	2164264960
65315487	36865
61351671	134218753
62786343	4362108928
57901395	4362108928
52081383	1610612992
65057583	36865
21818811	1610613248
81168483	671088768
27318387	134218753
2113779	1610613248
9552495	4311744513
35714523	4311744513
18812091	1073778688
52936419	53248
5784051	150994945
47404443	37376
25818267	1610612992
57290655	1073762304
8153787	16809985
72124023	2147520512
56619327	671092736
67794087	67125252
20127855	4362108928
71834043	1610612992
50625975	561152
13122003	40961
4296891	1610613248
34422735	1610613248
245595	1052673
68188719	1081345
63140475	36865
46551351	67141633
16319883	4311744513
1252263	1610613248
15886695	83886081
39681255	24577
16012083	1610612992
33618567	37120
69980115	1073778688
67537155	1610613248
7738095	1610613248
68165391	1610613248
51094479	4295000065
28291683	135299072
50029815	1140883456
75875619	134217733
6331611	1074823168
41250711	4311744513
38088471	16779520
61648455	32833
9266079	1610613248
57401463	2147520512
29406891	134250497
26967819	1073778688
703731	1073778688
15105855	1610612992
40196091	1610613248
72422751	1610613248
14672991	4362092544
49927107	57344
47118999	2147520512
64572231	1610613248
70479399	4311744513
20528319	1610613248
33694059	4362108928
49962099	1610613248
7035015	1610613248
81061887	4295000066
28813323	1073745921
47604675	1610613248
42336435	4362108928
54554475	1610612992
39690975	17334272
13686087	1140883456
70884399	1085440
50707623	83918848
1034211	1610613248
31867995	37120
4500687	1610613248
77801475	536903936
28916031	4295000065
27909363	4362076161
31369359	5368713216
43278627	671088768
33800979	671092736
17005143	36865
74815491	1085440
42707091	67108897
79336911	1610613248
64706691	1610613248
53280183	4362108928
21569979	671088768
57943515	70
24860847	671088768
62387175	135680
1299891	1610613248
35643	135299072
11103159	150994945
37136883	1610612992
80737887	1085440
67010331	1107329024
4457595	86016
32128491	3221229568
71985027	67141633
44197491	671088768
129603	67141633
37405155	1610613248
51278835	671088768
2666847	17334272
25819239	4329570304
64230735	4362076161
60321027	36865
18170895	32834
843375	4362076161
22232559	4161
80930991	1610613248
5405943	36866
34727295	4362076161
28925103	671088768
1751547	2147520512
18771591	83886081
41986839	1610613248
19866711	1610613248
76222623	2164264960
45351255	138
34455459	1085440
81730623	4296048640
28462755	1610613248
51541275	37120
10171659	67112962
41994615	106496
12223227	1074823168
9580683	4362108928
64240779	36865
29532927	671088768
18623523	1074823168
58308663	49153
42732687	5435817984
59771199	16814080
1039071	67141633
5145447	2147553280
76881315	4295004160
69728691	3221487616
76268631	4311777280
20959887	2147520512
7256631	4328554496
74637291	3221229568
21667179	150994945
9755319	327681
50064483	1610613248
74016507	32833
78089835	16912384
31849203	327696
72885747	1610612992
43893255	1140883456
71240151	196610
46557507	4395630592
29976483	1610613248
39181971	2147520512
60227391	1610612992
37085367	4295004160
64811019	4099
39395487	4295004160
18327387	150994945
68388951	671088768
66947475	163841
30085995	4362108928
56253855	2181070848
33961683	1610612992
41208267	1074823168
21909531	1610613248
48508959	1610613248
2096931	16779520
18629679	2147520512
63090579	102400
66958167	1081348
62044059	2147487760
68756367	75497473
76409895	1140883456
44087331	524294
38800299	1073778688
64304607	1081345
14370051	1610613248
32028051	327696
42313755	4311744513
44386059	1610613248
3078975	2147581952
7770819	1074823168
31018143	5435817984
36157107	671088768
15355011	671088644
15547467	167936
19899435	150994945
25993227	4362076161
3826767	1081348
78137787	36865
1487487	1085440
33569319	134283265
78215547	67141696
6252231	1050628
72023583	2147549185
29287983	2181070848
7418307	2147483666
17450643	4362076161
5345031	524353
5888703	557120
4812375	1081348
81557283	1081345
42666591	1610613248
80773527	134217860
66093411	36865
21840519	16809985
51556179	134217794
41189475	8425472
25753143	5435817984
81610419	4362108928
66691191	671088768
80780655	37376
8067279	2147618816
27397443	57344
1354647	4328554496
58993923	524802
64367787	1073778688
41494035	1610612992
48754227	4362108928
33756915	4311744513
73918335	4311744513
45197679	1074008064
39026127	528386
69603951	49156
51007323	1610613248
76927647	2148008000
51738267	1610613248
11050995	150994945
14436795	1610613248
78140703	33652736
67395891	2147520512
22466163	1085440
3638847	1610612992
29403003	134283265
45473727	1610613248
28958799	4311744513
19926651	1085440
23708055	1085440
1122987	36866
1188759	1610613248
34856247	16908290
7024971	4328554496
547887	4429185028
18456015	1073811456
62361903	1610613248
28165647	1610613248
19379415	4311744513
7055103	4294971393
5047275	16781313
716367	3221229568
78411	1081856
52895271	135266308
8371839	1610613248
3775575	1085440
30372411	167936
50637963	327684
16541823	4395630592
55716015	1610613248
63395139	4311744513
7266675	5368709121
38675559	1074823168
20232183	1610612992
79285395	1610613248
80792967	1610612992
26961987	327696
6081159	3221229568
43665159	1610612992
58467747	1074823168
57321759	671088768
38493795	1081345
37644591	1081345
14068731	135299072
42704823	5368709121
7854411	4311744513
71482179	36868
60393279	2147520512
79641795	4362108928
386211	1085440
35768307	36928
2436483	671088768
20666019	2147520512
70485879	2147520512
40141659	36865
27398415	1610613248
27843915	4295000320
76603323	2148012032
3209223	4162
43833315	1073778688
2524935	1610613248
60237759	2147553280
78776391	1610612992
68815659	1085440
5852415	1610613248
38387523	2147483682
37033203	67141633
4038339	16781313
81139323	2147520512
51964419	4353
18434307	1610613248
73993179	1610613248
59391795	2148012032
8356611	1085440
987555	4226
48968067	1081348
37361091	327681
51342339	2147553280
66647775	1073745921
17646015	2134016
1393527	4362076161
997275	1610613248
1158951	4362076161
50126367	24580
24267927	2147487748
48096507	16781313
13314459	16809985
10536159	2147549186
38772759	1073778688
39385119	671092736
70483935	1610612992
22356975	32834
39711387	1081348
24214467	518
56192619	1073790976
5905875	4864
6574611	561152
2836299	2147553280
66758583	1081348
64041843	17301568
28185735	67108929
58051083	671088768
56952723	37376
26541111	1085440
36486291	32834
34833243	4362076161
74961615	1610612992
66585891	1073745921
47208747	134250497
75993555	1610612992
12319455	2134016
46871463	538972160
47570331	4362076161
62200227	1073778688
65076051	2147520512
54261579	1610613248
77873403	163856
66192555	1073778688
46672203	671092736
49094103	83918848
38713791	196610
10448355	1073746176
31849527	1610613248
23043855	1610613248
32109051	1610613248
35672403	4311744513
45487335	28672
81432219	1098907648
9499035	4295000065
49806903	135266308
23751795	17334272
20042319	1073778688
108543	134250497
65702667	1610613248
22363131	1048582
66248931	2147520512
26112783	20512
11018271	536875264
64354503	2147549200
47532747	1610613248
55264035	2147487745
11393139	4311744513
3188487	150994945
38770491	4295004160
13215639	1073778688
35856111	1073745921
78425823	1107296768
37366923	196610
36102675	67145728
79774959	1610613248
15471651	36896
39399375	16809985
27818643	16779520
21208071	524353
61749219	1074823168
436431	2147520512
38469171	83886081
34807647	671088768
37434963	2147520512
37693515	1074298880
10671915	1073774593
14420271	2147520512
33070683	671092736
13804347	1140883456
28340283	201326593
43517415	4362076161
26148423	4362108928
2533035	1610613248
40875195	524384
76080711	67141633
66488367	537133120
73287183	32833
54586551	1081348
1213707	2147520512
52022091	1610613248
35554467	4311744513
10094871	16912384
47742051	24580
11958519	24577
3976455	671088768
48785655	4362076161
66286839	67141633
70925871	1610613248
61431375	2147520512
21031167	16809985
25737267	1081345
73323795	150994945
2574507	671088768
7555683	16777250
69485691	201326593
44134311	2147520512
61058775	561152
241707	134250497
26744583	36865
30049059	2147520512
57486351	4362092544
49359459	1081348
9609519	1073745921
63225363	4294967361
74663211	36866
37745031	1610612992
39896715	36865
51246435	153092096
54763131	561152
42585591	1115136
58662471	32833
4151415	2147520512
74192115	1085440
40967211	1073774593
1271703	1085440
71539203	3221229568
20530587	671088768
78317931	1073778688
5276667	1085440
32700675	2148007938
36702075	1073774656
13892799	1610613248
63840963	1073746176
47689563	1610613248
51888279	4362108928
67323963	36866
37639407	6442455040
76446507	1074823168
7562811	1610613248
78917331	1610613248
9160455	97
40980819	2147520512
24944115	671092736
38182431	83918848
38382987	1081348
896835	1610613248
25750875	83886081
4501659	1610612992
15958623	1073774593
42870063	36865
19022043	150994945
66441063	1610612992
76509687	36866
20018667	83886081
895863	135299072
18747291	32864
23689911	1610613248
1324839	4311744513
44475159	2147520512
23714859	3221229568
1377651	1610613248
68990619	40961
50056383	67141633
41125323	36865
27922971	1090519041
22729899	67141633
20570763	671088644
46877295	83918848
39584703	75497473
13468683	67108929
680079	2147618816
17719887	1610612992
36187563	4311744513
72207291	4311744513
47886555	671088768
7900743	40961
7326291	671088768
19830747	4311744513
5743551	83886081
22812195	1073762304
45680763	4295004160
48513495	4311744513
16630923	135266308
1404867	150995072
8689035	4378853376
75490383	36865
29954451	8425472
77986155	2147487746
52378815	1610612992
845319	1610613248
46949547	1081345
53258799	1074823168
51268467	1610613248
63612543	20484
47836983	2134016
8004099	4362076161
2767611	134221825
51393531	32802
53077035	1073778688
18931647	1081348
30568755	3221229568
64070355	1074823168
77687751	1610613248
36297075	1610612992
14077479	1085440
79422123	671088644
4079163	525314
22327815	1107329024
51178395	57344
75017019	134217734
80702571	37376
3065043	17334272
35767011	2147520512
4264491	1610612992
28528851	8425472
22490139	4362076161
55756515	83918848
40926063	1081348
5199231	1085440
1901883	37376
26829795	671088644
4380159	167936
80137515	2147520512
61800735	201326593
34773627	1140850689
34360527	1610613248
37380531	196610
26221323	24580
43297419	36896
2606907	1115136
17573439	4362108928
75270387	2147520512
38834319	67108929
39468063	4362076161
1347195	1610612992
29928207	537919492
13934271	137216
38171415	1073778688
77960235	1610612992
43902003	671092736
15803427	83886081
300675	1610612992
52682727	1610612992
72799563	4311744513
78043827	1081348
11270991	65554
59654883	2147520512
17128263	4099
43148055	67141633
46529319	671088768
3142479	1610613248
16476375	135266308
46358571	67
68636487	1074823168
4579095	67141640
8581791	4102
23100879	32802
70599279	3221229568
13225683	1610612992
28254747	36865
32828331	2147618816
52725495	4362076161
25306995	671092736
76279323	5435817984
64671051	4311744513
63978987	2147520512
51119751	67141696
76108575	4294967299
77052711	134479873
10667379	1610613248
55765911	37376
42972771	671088768
4612467	69648
8104215	2147520512
60264327	1610613248
55946703	1073742592
78292983	2147520512
34739607	2147520512
15221847	67158016
50768859	33591296
704379	1610613248
11373051	16777984
3116883	1085440
39799515	1610613248
55216407	37376
68682495	2147520512
48638559	4362076161
30078867	4311744513
48508635	671088644
11415819	1610613248
35033475	1074823168
27473583	36866
22353735	1085440
11238267	28672
5266299	1610613248
39694863	2147520512
53768451	36865
30044199	201326593
69301983	1073778688
25195863	1073766400
11205219	1610613248
2014635	8425472
53003487	36865
23534391	1085440
52390155	36865
23728791	1610613248
28150095	671088768
38232651	2054
65957007	36865
46199163	671088644
11209431	1610613248
25097691	1081348
12810639	1146880
36885783	98306
18658191	150994945
18019911	36866
57881307	32802
21996363	1081348
55796367	1610613248
11760879	83886081
19981731	1610613248
3581823	4362600448
32708775	24577
28358427	32833
3398439	4362108928
48449343	671092736
9996375	1610613248
27648543	32833
60111723	1081348
9746895	36865
70211451	1610613248
60880251	4362076161
459111	4311744513
55197291	1610613248
60187215	1610613248
76729359	1073778688
45351903	53248
2145855	1085440
55245891	331776
60459051	1610613248
41671263	671088768
44242527	3221229568
41753235	2147520512
14595879	32833
21625383	67112961
43648959	1610613248
295167	1081345
2386911	134217860
26944815	2181070848
60758751	1085440
65355015	671092736
3772335	4362108928
6491667	1610613248
5541699	5368709121
40030527	1610613248
2785107	1074823168
38843067	4311744513
56346843	16912384
66461151	2148012032
29150283	3221229568
30702891	2147614722
74598087	4362108928
1608339	4311744513
3679995	524322
53634639	1342185472
66889803	8425472
31833651	16814080
76083627	37120
53452227	524354
36741279	83886081
12682335	33296
3790479	36866
1610283	557120
15184911	537919492
26763051	1610612992
17212179	1085440
63895719	17334272
30727515	1610613248
69434823	4362076161
72783687	67436544
20214363	1085440
20872083	36865
3072495	524576
18275871	32802
65021943	1073775104
49086975	2147520512
12701775	671088644
12069003	561152
46475535	671088768
33793527	36865
48831015	70
62917887	70
7777623	40961
56998083	1073872912
56310555	1610613248
46712379	1610612992
80294979	671088768
36888375	134221825
17410467	536871170
49816299	150994945
21920223	671088768
7090419	16777250
63419763	1073745921
48834255	2214625280
71923143	1085440
43123755	36896
38156835	671092736
7602015	1610612992
78853179	1081348
222591	16809985
39194607	37376
24838491	67141633
32041659	1610612992
74212203	1107300352
25692879	32833
40278387	1610613248
31416663	671088768
11033499	37120
71450427	1074298880
51151827	1085440
81536871	75497473
16141035	672137216
64150059	1073766400
9268023	4311744513
56537679	671088644
55360587	1140850689
75530883	4362076161
65042679	2147520512
15738627	83886081
81174963	4311744513
45365187	1610613248
9956199	67141633
47211663	2147487746
51612879	1081348
8074407	1048582
38252415	36865
23120967	2129984
80780331	16781313
17191767	1081345
25313151	1085440
62300667	1081348
39431451	16777282
72058899	1610613248
52989879	1610613248
17790843	4362108928
70928463	1081345
9565131	1085440
74913015	294976
27515379	1073766400
8025159	671092736
40136799	36865
51922947	1140883456
20386407	1610613248
52360023	671088768
80215923	37376
4979883	1085440
63851655	67141633
78873267	5435817984
51004407	1081348
32307015	4362076161
53992983	1610612992
69719619	671088644
31055403	1610613248
12901683	4102
73598871	2147484674
8563971	37376
33680775	67141633
71722587	8425472
77784303	4295000065
32900907	1610613248
60059559	75501568
4035747	1081348
71861583	1610613248
67521279	4311744513
74466219	2147520512
44816007	4362108928
9129999	3221356544
57065475	1610612992
15167739	4311744513
43003551	67158016
19405983	150995072
52279347	4395630592
1139835	331776
55800579	2147487746
10632387	1610613248
80282019	1081348
63598935	1610612992
28230123	1610613248
56008911	4311744513
32827683	1610613248
59658771	2147520512
77165463	1085440
76819107	4362076161
26048955	7516192768
57712179	1085440
37435287	4311744513
62937327	134217733
14672667	36865
60055023	4328587264
9224931	2147516480
10425999	150994945
20344611	1081348
14746539	4362076161
79613931	1073746176
24819051	1610613248
66455967	83918848
8488155	1610613248
81169455	17301568
36350211	1073775104
76213551	1085440
45137739	671088768
74863767	2148012032
14503863	671088644
46335567	69648
42538935	4362108928
81708591	1073778688
33769551	1610613248
29811243	1054720
54292359	2147520512
2878419	1610613248
50612691	1085440
20242875	67141633
43774995	1610613248
35906007	671088768
28571943	2147487760
78356487	69648
56877231	20512
67741275	4295004160
47044155	2147520512
61900851	1610613248
14547927	1085440
6844179	32834
79359915	4295004160
43539447	1610613248
80610555	1610613248
77893815	557312
55619787	67141633
13998423	36866
43131855	32833
40859319	1610613248
41002527	36880
11629659	4311744513
44010543	4311744513
15909375	331776
79279887	4311744513
43944123	36865
36435423	67141633
64443279	67141633
4022463	4362076161
63844203	4311744513
40284867	4362108928
7796739	1085440
1340391	137216
2855091	2147483682
70991643	86016
3182655	37376
11160831	671088768
69253383	1610613248
23737863	1610613248
60430539	671088768
49698363	135299072
33299103	67112962
36707583	36865
3971919	536871428
39962163	1610613248
63821523	1085440
69519387	1610613248
76177263	327681
78929967	1610612992
8785587	1610613248
61967271	67108929
43198599	4311744513
52695687	1073778688
11107047	36865
60198879	2164260880
65228979	4295000576
32783943	671088768
70235103	2147581952
39821223	1610612992
44760279	2147487760
61543479	1140854784
41645019	1074823168
10215723	65570
21997983	150994945
36321375	671088768
51929751	4362076161
4113507	3221356544
67606167	4311744513
30864567	2147553280
36479163	4295000065
75384435	671092736
68225331	1073745921
79405599	1610612992
18815979	1212416
32258091	17301568
26536575	16781313
72538743	1610613248
67099431	67158016
44965695	1085440
43282839	2147487760
79019067	2147488256
76449423	1085440
67283787	1107300352
75622251	167936
47134227	1610612992
53240979	1610613248
49267119	1073778688
75626463	5435817984
16645503	4311744513
2695035	4161
39905787	4295004160
63326127	1610613248
81226803	2147520512
57132867	671088768
68379879	37376
34025511	2147487746
10079967	397312
68456343	1085440
44319963	36865
43732875	37120
4255419	2148012032
16815927	2147520512
47991855	201326593
24142863	1610612992
22664451	262162
56947215	2147520512
23622843	671088644
41163879	671088768
72983271	2147487746
67532943	671088768
12441927	16781313
24383595	36865
5409831	4362076161
54506847	4640
67225143	4099
13932327	671088768
77642715	1081348
40937079	1610613248
28087563	201326593
34356315	671092736
3995571	53248
50648655	37376
11695431	67112961
44687055	671088768
37517907	4295000065
64142607	1074266176
75129123	4311744513
43583187	4294971393
23675331	1610613248
30480303	1048836
81346683	2147520512
46990047	36865
39787851	2147520512
50094939	2363392
49245411	3221229568
8056587	2147520512
45218739	1610613248
2077167	4102
77104875	2147483682
2295867	1610612992
3742851	2147520512
44597307	1074823168
15351771	1085440
33815559	2147487760
1814727	2147483666
71510691	1073774593
71423535	1610613248
46355979	134218496
59720655	671088768
34599963	671088644
29535843	1081345
2403435	167936
40665243	1610612992
60365739	17301568
41506995	2147520512
42409011	5435817984
50695311	5368741888
73817247	4362076161
25460571	4362076161
32930715	1073778688
74155503	1610613248
47065215	137216
46260075	1081345
64070679	1115136
65434719	4311744513
120531	67141633
73845111	1074823168
80409999	37376
1516647	57344
16038975	83886081
5421495	1610613248
20685459	201326593
45478587	1074823168
16851	16908304
72445755	1074823168
49606995	1081348
6035151	16777476
38301015	17301568
62408883	4362108928
81744879	327696
39946287	134217794
52894947	1610613248
31312335	4311744513
53749983	1140883456
17385519	36865
2383023	4362338304
79503123	1610613248
1336827	1610612992
49480311	1610613248
43512555	1081348
44434983	4295004160
56031591	17825793
41097783	1140850689
60810591	5368741888
32290815	536871680
1075359	1073746432
8690331	524801
22047879	1081345
65230275	1073872912
40863855	36865
951915	2147487760
64398243	4311744513
21670095	150994945
1371171	114688
27437943	1610613248
31060587	67141633
79421799	671088644
36729615	24580
73686999	100663297
133815	134250497
68051019	539492352
3135027	671088644
33184083	1085440
7281579	1610612992
2087211	1610613248
7992435	32833
77579859	1048582
90075	32836
31655127	134217793
52492539	671088768
5009691	2148012032
18904755	1073746176
60359583	1610613248
56899587	671088768
55000299	67141633
14498355	36866
59301399	1610613248
1983207	2147520512
73975359	1081345
29692983	1610613248
52098231	1085440
36936327	1074823168
7675239	4311744513
60526767	1610612992
1550019	97
38927307	1610612992
28580367	671092736
4003347	561152
6816963	67141633
18918687	83886081
35205195	4295004160
6797523	4395630592
6529251	67108870
19037595	16809985
76990503	327681
56095743	6442455040
18079851	327684
79686831	2147520512
2630883	1610613248
69698559	5368713216
24077415	1610613248
44431419	36866
4053891	327696
3070551	1610613248
3135999	1073778688
62396571	1610612992
15985839	671088644
63778755	4311744513
68869443	4311744513
4142019	1085440
81685263	4362076161
54732999	1610612992
16424211	135266308
40708983	67145728
56801415	1073778688
52069071	100728832
10939863	37376
2931231	67145728
21452043	4362076161
69158127	1610613248
52105035	2147520512
46632351	1073778688
23621871	671088644
71238207	1610612992
74769807	16912384
46336539	1610613248
26898483	36865
78486087	1107329024
53305455	36865
18096699	1610613248
54825987	134217857
78273219	3221229568
356403	1081348
26500611	1610613248
8599287	1085440
13344267	561152
69907539	1610613248
36344055	32834
4743687	16781313
48030411	2147520512
62445819	1140883456
56513055	25167872
21037971	4362338304
8247099	4362108928
73498431	4311744513
2024679	1610613248
7409235	4362108928
22743507	16814080
67706931	671088768
38164611	2147489792
31764963	327696
14293263	1081348
63389307	1610613248
72809607	3221356544
18538635	561152
65574363	1610613248
76727091	1085440
33833055	1610613248
891651	1146880
1165107	1610613248
69617559	36865
56514999	1610613248
144831	2147520512
22050471	135299072
61788747	4311744513
71878107	134217733
67657683	537919492
62638275	2147520512
10338519	4294971393
20241255	561152
51041343	4294971456
39721107	268568576
28604019	1073762304
43007439	671088768
1313175	2147553280
17238099	36866
51723687	2147487760
29449983	2147520512
53157063	1085440
75855207	1610613248
63804351	2147508224
45483123	1610613248
18826995	67141633
9120927	1610613248
52439403	1610613248
31121823	1140854784
40632843	1610613248
54793587	671092736
8220531	2147520512
40021779	67141696
69176919	17334272
31439343	327696
43370643	671088768
80746311	16809985
60728943	4295004160
41403963	100696064
35346459	1073774593
77692935	134217734
54808491	134217857
33350619	4311744513
68336463	33558529
32473551	24580
66062307	1085440
55884819	4311744513
45105339	67141633
76760463	36865
23384379	1085440
42999339	1610613248
39142119	37120
52593951	2147520512
75347175	5377097728
1359507	2129921
45674931	36865
81158763	2625536
40532079	33344
67026855	2164260866
56280099	2101312
40500327	3221229568
34940811	1073745921
19990155	4362076161
11333523	671088768
40170171	135266308
33761451	557120
68658843	1610613248
2568027	2129921
2303643	2148012032
9098247	57344
30459891	17301568
40497735	1610613248
9213591	2147487745
39007659	4362076161
1356591	2147487746
70293099	2147520512
55234875	36865
40340919	75530240
24316527	1090519041
11341947	1085440
63676695	98305
71083011	2147520512
35547339	2147520512
37252875	7516192768
38702451	1140883456
56317683	524353
16477347	135266308
33329559	24577
79067991	36865
8079267	1610612992
75233775	671092736
34783995	1074823168
40327311	671088768
48920763	671088644
76730655	4311744513
196347	671088768
37134939	83918848
54294627	2147520512
4107027	4311744513
43820679	16777282
51121371	1610612992
26097555	1140883456
4224315	518
78577131	3221356544
78045771	4311744513
23289447	1073778688
72292827	2147520512
18523083	150994945
27402951	32834
24332403	20481
2115723	2147487746
57384939	536907776
54266763	1074823168
890031	4362108928
11361063	1610612992
52102119	1073774593
651	2147520512
23815299	1073774593
6995487	4311744513
13711035	1610613248
40655199	2148012032
587739	671092736
46617123	1074823168
20033895	2147520512
42176379	28672
66750807	4311744513
61866831	4311744513
16745295	1610613248
28322139	1140883456
4185111	4328587264
18944607	1610613248
44078259	671088768
38529111	524548
41376747	67141633
67068651	1082130944
1788159	1610613248
72581511	201326593
65394543	1610612992
364827	2147487746
6304071	1610612992
6704535	16809985
8066307	8716288
2364879	134217733
43275063	2147487745
20258751	1107296257
80761539	2164326400
72872787	2148007938
55339527	4311744513
10055667	1610613248
18480639	2147484674
77227671	1610613248
39200439	2148073472
34186863	28672
2571915	83918848
14726451	3221356544
51902535	4161
12734175	1610613248
1125579	1610613248
13664703	1073766400
68012463	4311744513
27385779	32833
20378631	2147520512
30541539	2147487746
9719355	1081348
43669371	1085440
36489531	67633216
78024387	1140883456
24617847	671088641
3350487	671088896
843051	83918848
365799	671088768
45311079	36865
29620407	1074069504
65366679	102400
49452447	134254592
72718887	1610613248
62388147	1073778688
76225863	2147876864
38650611	4295000065
41623959	1081348
33826251	2564
38516799	36865
39598311	1085440
31119231	36865
62889375	327696
32259711	67108929
10530327	1610613248
6883383	327696
22437975	671088644
569919	1085440
69528459	36865
28010775	67141696
52996035	36865
54799743	4395630592
46656327	4102
76470807	36865
67522575	67436544
48707247	1048672
6698703	2147520512
67763307	150994945
60333987	4362108928
903315	32833
80582043	2147647488
5981043	1081348
12439335	201326593
51108087	1610612992
2584875	4328554496
49452771	671088644
45661323	1074823168
14256651	4311744513
3933363	1081348
938955	4362076176
67649259	1610613248
79516731	1074823168
49174131	524322
77598327	4311744513
56323839	16781344
29391339	83918848
69192147	83886081
31890027	537919492
53486247	1085440
17644395	4295000065
49224351	167936
77688075	1073778688
79108167	37120
36120495	671088644
61162779	100696064
38270235	36865
13680579	2147520512
28719039	32864
64409259	1073872900
62605551	20736
11204895	3221229568
16477671	135266308
21606591	1081348
24029463	1610613248
15401991	1610613248
12173331	671092736
62064147	16781313
5944107	2147520512
14198007	671092736
31003563	134221825
78856419	671088644
31813239	2147520512
27938523	1610613248
70082175	2147487760
20513739	33587201
71680143	1610613248
81517755	5435817984
72356979	3221356544
18117759	1610613248
43855995	671092736
57426735	1610613248
17003523	57344
78794211	2148012032
73211367	1090551808
58666359	1074823168
47025363	1610612992
17315535	4294971393
67766871	671088768
36127623	67141633
40833075	536871680
395283	16810240
21221679	1090519041
34883463	671088768
72089355	1610613248
21047367	4362108928
14334087	137216
77722095	16809986
60994299	53248
77161575	4295000065
27510843	671092736
64393383	5435817984
58984203	1081345
47165655	671088768
27271731	1610613248
69915963	671088768
66467631	8437760
29833275	1610613248
59143611	671088644
2249535	5368741888
44109687	2147520512
13068867	1610613248
23577159	1610612992
20238015	37376
53103603	5368713216
66148815	3221356544
32009259	1081345
70433067	4311744513
78827583	37120
40757907	1081348
35758911	1073778688
5669355	40961
24335643	1140883456
54854823	5435817984
43835907	67108960
42355227	292
22402983	36865
81326271	1048836
1789779	1085440
32520855	1610613248
77509875	20484
3162891	40961
2688879	67112962
43197627	3221229568
3242919	1610612992
69906891	24580
33259899	1146880
66348075	2147487745
29923671	4130
36031071	1610613248
1418799	1074069504
21412191	1610613248
31569591	4328521729
42237615	672137216
43750047	32802
2498691	1610613248
15234159	150995072
57799659	1107329024
28488999	5377097728
54577803	1610613248
71558967	2147524608
72569847	37120
47180559	8425472
36168771	1610613248
1165755	1073745921
21869679	1081345
30259335	1610613248
19905915	4311744513
43725423	1610613248
45161715	36866
33398895	1081345
17141223	16809986
3067311	16781313
34220559	32802
56857467	2147487760
8974155	1085440
32802411	16781344
7019463	1610612992
79345011	1082134528
32501091	1073778688
21719019	3221229568
46979679	4362076161
81494751	524384
58756755	2147520512
76559259	2147487746
13175139	16809985
10250391	16844800
1171587	4395630592
47152047	1081345
17837823	4362338304
59975643	1073745921
77797587	4294971393
48050499	2147520512
3801819	49664
15105531	4102
29258175	671088768
74550459	4311744513
34054671	671088768
395931	4296048640
74348931	1610613248
10164207	1085440
38170443	1610612992
61051971	53248
27355647	100696064
4176687	16781313
30163755	28672
49745991	2148012032
24029787	1610613248
1084755	134218241
50544651	528448
3539379	34078784
53763915	1610613248
58030671	36865
79721499	40961
67294803	327681
27716907	4362108928
66744651	2147483682
29163	37376
11238591	1085440
10980039	37376
71757255	1610613248
34344975	1610612992
61474467	36865
39867555	16809985
58651131	8392706
12858915	83886081
18375015	1081348
63739227	37120
63076323	2147520512
30173799	1174405120
26279319	671088644
37597611	1610613248
1806303	528386
63582735	167936
56944623	1081348
80167971	1610613248
47940987	671088768
56849043	1074823168
79377087	2147520512
35923503	671088644
33421575	1081348
28082703	150994945
38494119	1081345
68179647	102400
56576559	1140883456
50038563	1610613248
28353891	1610613248
15317103	2147520512
28381107	4311744513
1463835	1610612992
4265787	57344
46317423	5402263552
72620391	687865856
32960523	327681
26159439	671088768
32420091	32802
58088991	36865
41422755	32833
11735931	16781313
31973619	135299072
71536287	1610613248
53286339	4429185028
3118503	2147487745
61488075	536907776
40051911	70
16492575	16814080
19966503	1610613248
64735203	134221825
27164163	32834
64530435	2147520512
77757411	1610613248
65944047	2147487746
53880879	1610613248
70303143	1082163200
25268439	83886081
49189683	4311744513
78784815	4362108928
17141547	150994945
195699	36866
7422195	4429185028
77713347	8388641
10900335	536872964
25453443	671088768
38828811	1610613248
42427803	1610612992
170103	1073745984
37137531	20512
37352667	196610
2854119	1073778688
51906747	557120
55325271	36865
32508867	3221229568
56939439	1610613248
58315143	4311744513
9242427	33344
28672059	201326593
6877551	4328554496
80175099	577
23522403	3221229568
47586855	201326593
4223991	1073774593
395607	83886081
69739059	1074823168
10696863	2147520512
13038087	1610612992
81205095	1610612992
39060147	28672
112431	67141633
25451823	4362076161
51017367	1610613248
35131971	67371010
43937967	36865
1957287	1073876992
28519455	36865
2657451	1074823168
10323939	1610613248
67243287	671088768
43570551	4362076161
56364015	331776
3043011	2147520512
56607663	1073778688
27020955	150995072
1500123	2147549185
28715799	1610613248
30682155	1048582
26971059	57344
1520859	1610613248
15429531	83886081
50622087	16810000
39826731	2147487745
65726643	2147520512
68060091	1081348
61491315	557058
61887891	1610613248
44262291	5368709121
60280851	1610613248
50248191	2147520512
24454227	1610612992
62207355	17334272
28983099	33620480
73188039	4295000320
1576263	1610612992
68402883	4099
57485055	671088641
75374715	4353
50821023	2147745808
65912943	2134016
42008871	1610613248
1058187	1610613248
34179087	2147520512
65309979	36865
68603763	1610613248
38460099	1073745922
24649923	1610613248
65748027	2147520512
15574359	83886081
79981995	1073746176
24230019	37376
29205687	36880
25653027	196610
63903495	1081348
55939899	1610613248
38627931	4311744513
66731691	1610613248
36387147	5435817984
7958739	67141633
64967511	1610613248
63857163	528448
76382031	36865
9868719	4294967301
64354827	150994945
27015771	150995072
15474891	134250500
59634471	2147618816
18596631	37376
24748419	16843776
43074507	196610
52211307	1081345
23886579	4099
45451047	671088768
42753099	671092736
81295167	2147520512
75781983	4295004160
27762591	150994945
34546827	67133440
15587643	83886081
32616111	1081348
54213951	269486080
27574995	671088896
7135455	1610613248
72090327	268568576
30847395	1174405120
56285283	671088768
2269299	1610612992
75952731	1610613248
59000403	1074008064
41889639	137216
56647191	1048581
18151779	1081348
74776287	1610612992
37759611	1073742852
17895495	4311744513
81154875	1074823168
46272387	671088768
27792075	17301568
41369619	1074823168
24970683	671088644
61214295	17334272
53780763	1610613248
72822891	2147749888
81186303	1073745921
2040879	2147520512
63413931	36866
28479279	671088768
53156415	1073762304
63916131	1610613248
56009559	1610613248
32803707	1074270208
58100979	4362076161
38925687	36865
78649059	671088768
29811	196624
75710055	1073746432
26399847	4311744513
69655791	4429185025
2372007	269516800
28966251	1610613248
5856303	40961
62150979	1610613248
37279443	671088644
25144347	67141633
18555159	2147487746
10773651	3221356544
2198019	17858560
75370503	37120
48388431	1610613248
59126439	36865
53563683	57344
15980331	16908304
30146907	2164264960
12079047	2147487746
11797815	1610613248
9766659	671088641
16707711	1085440
22179747	671088644
46341399	150994945
14543067	1610613248
54519807	134283265
23126475	67141633
1912251	671088768
36693651	1610613248
29148015	67158016
62667111	1610613248
43135095	2181070848
1111971	1610613248
2358399	20482
15367971	2148012032
46784631	16912384
19776315	37376
75569763	1610613248
51866247	1610612992
48778203	1073745921
54541515	1085440
34995	135299072
38952579	671088896
40913427	2147520512
14859939	528448
61910571	36865
16919607	40961
10026183	2147487746
8236731	268568576
80635827	4294971393
3522855	1090519041
69328227	4362076161
49884987	1610613248
41471679	1610613248
15093219	1140883456
80079195	2147520512
1319979	1610613248
3319707	100696064
6817287	3221356544
44269743	4311744513
52135491	1610613248
44511447	2147487760
55900371	1610613248
43930191	593920
78713535	4362108928
18658515	1610613248
45467895	4362076161
2534979	150994945
858927	4295004160
9633171	2147487746
74592255	671088644
33304611	1610612992
55650891	5435817984
31178847	800
46559127	2147487746
56148231	1610612992
67076103	1074823168
15947283	1074069504
36599043	1610613248
32790747	32833
57735831	1085440
38445519	4295000065
41146707	36865
27453495	4311744513
75602163	36865
13339407	1085440
57221643	671088768
11612163	3221229568
1227315	4429185025
1107759	1610613248
10806699	36865
47699283	671088768
16060035	2147487746
53318415	2147487746
2809083	1081345
80322843	37120
45406983	1610613248
19520355	150994945
41598039	4295000065
12878679	4311744513
48710487	1610613248
67530027	4311744513
44358519	1081345
618195	32834
31591947	671088644
47931267	2147520512
62588379	1085440
68375667	671088768
991767	137216
10444791	3221229568
23370447	1074823168
75634239	1074270208
77292147	2148012032
76457199	4395630592
35156271	200704
40040571	1610613248
286095	1610612992
38500923	4311744513
52286799	36865
25824747	67141633
30002079	1085440
57642519	83886081
8907087	134234116
15102939	1610613248
52314663	1610613248
4505223	65554
3412695	1610613248
27120423	37376
72188175	4311744513
27672843	1610612992
4092123	20481
50628567	2147520512
22539711	4362076161
73778691	36865
62795415	4362076161
39860103	1610613248
39720135	1074266176
78873915	5435817984
28881687	67141633
74755551	1610613248
1779411	1610613248
1967979	1610613248
26683023	4362076161
367419	3238002688
25740831	8392736
50614311	2147520512
18978303	518
72903	2147487746
15903867	524354
44764167	2147520512
852123	4362076161
77000871	2147520512
42545739	1610613248
39182943	1610613248
16387923	1610613248
81110163	2147489792
79533579	1610613248
67398807	1074823168
7021083	1074823168
12390087	671088644
67084851	2147778560
28590411	36865
10474923	557057
24899403	1610613248
8827383	1073778688
27317415	67145728
63539967	1081348
25510143	1610612992
48345015	67141633
17562747	671088768
49893087	4295004160
74785359	1610613248
22913931	671088768
46356951	134250500
26301999	4362108928
6982851	4294971393
78406383	83886081
2789643	1610612992
78982779	2147520512
36200523	4362076161
67540071	1610613248
16054851	4311744513
74139627	1073746176
68886615	2147520512
25751847	2147520512
65416575	1610612992
64194771	1610613248
373251	32833
50502531	57344
2270271	16912384
68686707	1140883456
78511359	671088768
12613971	671092736
80485167	1610613248
4449171	8425472
39697455	4311744513
35931927	321
77981295	1073876992
30051327	1610613248
55936011	2147618816
73725231	2147488256
71438115	3221229568
7954851	1610612992
22757439	1610613248
56290791	671088768
54858387	1610613248
8612247	524354
33510027	67141633
56655615	2147487746
16088871	2147549185
12685575	1074008064
47340291	17334272
70797567	2625536
51331647	1085440
76594575	134254592
3201123	67108960
23667555	671088641
2444259	2147483682
60670947	134283265
64510995	671088768
1134003	524354
33991815	671088768
55787943	2147520512
63839343	671088644
75154719	2147520512
33777327	5435817984
1198479	16843776
71784471	1610612992
4766043	57344
73155315	1081345
67990107	83886081
37850331	1073778688
5216727	1610613248
54148827	1074008064
48336591	1610613248
59210679	1610613248
39095139	17301568
26710239	16781314
47819811	1610613248
58860759	1610613248
78601431	4362108928
47315667	671088768
40807479	4311744513
32440179	4395630592
68449863	4295000320
81975	1082134528
56707779	57344
740343	2147520512
920487	1081856
30312471	1085440
67250739	1090551808
34837131	83886081
50561823	1074823168
47084655	671088644
70713975	4311744513
4362663	28672
36199227	8392705
65960895	4362108928
65174223	37120
63836751	4311744513
46970931	1074823168
22713375	1610613248
28533711	2147520512
75652707	24577
23240523	1073746176
79406895	2147520512
3282123	4296048640
58988739	5368741888
3908739	1610612992
44161203	671092736
8029371	4295000065
5479491	1074823168
630831	1074823168
3357615	36866
20644959	4362108928
39876303	4296048640
17572791	1146880
81373575	1610613248
46933995	36865
2300079	2148012032
70268151	1610613248
59583927	671088644
52981455	671088768
79328811	1610613248
80838975	67141633
70455099	1081345
1460271	1085440
30761859	4429185025
58513755	800
565707	1058
29413047	1081348
74202807	1074794496
16707387	37376
40344159	3221229568
17172975	4362076161
7939947	557120
13582083	1081345
68207835	4362108928
43424103	1081345
80031	4295000065
69194739	2147520512
63103539	1610612992
67450323	4395630592
71506803	1085440
63627447	83886081
49031571	1610613248
44216607	36865
55242327	671088768
75290799	2147520512
7506435	1610612992
45551487	671088768
13077615	1610613248
4579743	1081345
2442315	1140883456
48655407	2147520512
11587215	1610612992
7716387	4395630592
53157387	671088768
50990475	32834
65606439	4362108928
38404695	67158016
9307875	1085440
78536631	2147553280
41220255	2147553280
1682535	1610612992
3552015	4311744513
62847903	1610613248
41072187	4295000065
43612995	1610613248
46397127	671088768
908823	167936
63599583	2147520512
136407	67141633
1187463	2147520512
64491555	150995072
10252659	1610613248
59862243	1610613248
63238647	2147520512
19714107	1610612992
56630667	67108898
67376775	163856
19193763	3221229568
40276443	1073758212
64059987	4295004160
67160667	33587456
37866207	1107329024
61372083	8392706
81566031	671088768
41552355	2147520512
71820435	1610613248
49104147	36866
28785783	134218241
410187	1610613248
42984435	28672
20960535	134250500
5809971	83886081
25086027	4311744513
52171131	2147520512
27297651	134250498
1695171	1610613248
68828943	67141633
26285151	561152
30992547	4295000065
2792883	17301568
58106487	4295004160
56412939	671088768
25710699	16809985
35932251	1085440
75697743	16912384
866055	1610613248
28890759	671092736
78090807	1074823168
51546135	32833
68075967	67637248
65795007	671088768
36842691	1074823168
10604523	4294971904
30497799	1073745921
1370523	1610613248
36217371	671088768
53970951	36866
67473327	36865
55344387	3221258240
79241979	4395630592
1431759	671088768
74440623	8392705
63129783	1146880
74995635	2147520512
47680167	36896
19327899	16809985
74262423	1073873408
67356039	17301568
67706283	4303355905
6936195	1064964
65835831	2181070848
22167111	4311744513
49803987	671088768
1752519	2147520512
3697491	1610612992
43276035	1610613248
928911	2148012032
16003659	37376
12190179	1610613248
417639	1081348
5513511	134217733
28696035	1744830464
33082995	671088768
39290511	2147520512
4777707	2147487745
63059151	16781313
66920259	135266308
77666691	201326593
59079783	3221229568
53205015	4311777280
68306331	53248
27074415	671088768
18067539	4295000320
29727651	4311744513
5097819	5435817984
4610847	4395630592
28996059	4311744513
1980291	1610613248
55702731	16797696
58115883	1081348
29326539	4362108928
471423	134217733
41071863	1085440
38049267	1610613248
14321127	1610612992
11068815	1610613248
49323171	1081345
56561655	1073746176
39121059	2147520512
38587755	3221225488
34338171	2147749888
18915123	1073774848
66917991	83886081
10275987	137216
3965763	2147520512
69990483	24580
38753967	4295000065
39059823	1140883456
5711799	17301568
235227	16809985
65770383	1073778688
60731859	16912384
21658755	1085440
33368439	1081348
13521819	671088768
32685447	1085440
24557907	1073774593
27097419	98
50122803	1085440
1081515	1085440
47220735	1090519041
1408431	671088768
37819875	1081348
7554711	67142144
46801155	671088768
58949211	3221487616
67526463	671088768
74528427	5385486336
75562959	2147520512
15922011	67141633
58971567	135299072
65434395	4328554496
11419707	1610612992
46921683	1610613248
62055723	2147520512
77125287	4362338304
53572431	327681
43073211	268568576
31547883	1085440
12192771	671092736
595191	4130
39441495	1610613248
81462675	4099
78637719	36865
81390099	1074823168
31637631	1074823168
31190511	671088644
9523335	1081348
81282207	1610613248
17758119	1610612992
39235431	196610
75515655	134217734
18451803	1085440
57208359	83886081
51693555	5368713216
26667147	4362076161
48392643	4295000065
55368687	1610613248
71219739	7516192768
17786307	4362108928
20557803	1085440
43964859	57344
58534491	671088644
11843175	1610612992
29964171	2147520512
66234027	4362076161
23179935	2147520512
6928095	1610613248
73074963	2148007952
59176011	1085440
19783119	1085440
77742183	2147487746
14562507	3221356544
35787747	1610612992
51352059	32802
19907535	37120
2318871	16814080
9319215	1610613248
7516803	2134016
70356603	1073778688
54530499	1610612992
484059	2147520512
48805743	327696
19926975	671092736
11326071	1073774593
51157659	1610613248
30721359	1610613248
47256375	16779520
23982807	2147549185
64389495	37120
29799255	2147520512
4220751	4311744513
55479495	1610612992
3144747	1085440
30888219	1610613248
75726903	1212416
75412623	3221229568
46843923	2147520512
17769135	2147487776
37114851	4311744513
22256211	4362076161
6980583	17334272
64524927	36865
260499	67141633
55542675	4311744513
18537339	134217793
40106991	1073745921
8991003	327681
68704851	2147520512
76267011	24580
21339939	2147520512
80175423	577
38210295	1074823168
47170839	83886081
39659223	2147745794
963903	4311744513
44246415	1610613248
29498583	32834
32984823	671092736
65593803	2147520512
65607735	1610613248
2304615	2147520512
1858143	2147487746
66855783	2147483682
35848659	1081345
21666207	150994945
81381027	1610613248
3642411	4295000065
78904047	68190208
23896623	167936
99147	1074823168
27407487	1074266176
60818367	2147487746
45163983	1610612992
34622643	1081348
43495707	671092736
44048127	2134016
74840439	2147520512
11461179	1610612992
27707187	2147520512
46520247	1610613248
74605863	83886081
61332879	1610613248
11891451	1610613248
80195835	2147487746
78152691	1082163200
52139703	4311744513
70511799	1081345
43365459	4362076161
43225815	1074003970
35675319	1085440
580611	262147
68702583	1146880
48667719	4311744513
70442463	1140883456
37234731	3221229568
5764935	327696
16584591	2147487760
19856991	150994945
68706795	2147487746
81511923	1081348
59836647	36865
49338075	2147520512
23529207	4295000576
40568691	53248
15569175	83886081
27990363	1085440
5316843	36865
63791715	1085440
77113299	1074823168
58439883	4311744513
14494791	331776
64192827	4311744513
12445167	671092736
6298887	1610613248
62839155	2134016
2745255	557057
22343367	1610613248
28905015	1085440
38508699	4311744513
24497967	67141633
59643867	2147520512
4106055	4295004160
152283	83886081
79062159	67145728
3207927	1085440
71280975	2147520512
25059783	134217793
32422359	1610612992
4036395	1610612992
6144663	36865
59580039	4362108928
18589503	2148012032
22169379	671088644
56853255	1610613248
58477467	1610612992
68090871	1610612992
1659207	70
76972359	671088768
16871331	1073778688
64525251	1081348
36064119	4294967361
59738799	2147487746
23643903	6146
40014327	16779520
45048315	67141633
22726335	32833
43529079	4311744513
4313739	16797696
33063231	164352
18301791	8400896
51220839	1081345
47502939	4362108928
6265839	1610612992
74415999	150994945
418935	4362076161
67750347	134250500
75115839	671088768
36151923	3221229568
64106643	4311744513
54638715	1085440
20692911	83886081
36195339	4311744513
18861339	4362076161
48301599	671088768
25571379	1610613248
50898135	1073774593
10558515	3221356544
37849035	2147487745
11686359	1085440
64654851	1085440
56422983	201326593
74673579	1610613248
7223259	1610613248
24018123	67141633
78851559	1081345
67620747	2134016
2327295	1085440
11361711	4311744513
65214723	37120
41828403	1073766400
53513463	36865
24331755	1073774593
63421707	36865
64087527	2147483666
398847	2147549186
743259	4311744513
41446083	1610612992
28269651	671088768
28411239	37376
67505079	1073774593
14268639	2155905024
73609239	671088644
29231607	2147520512
54479307	5368709121
65360523	134217762
64224579	1610613248
6827331	67141633
8838399	1081348
20215335	1610613248
44105151	36865
25140135	4295000065
12560511	1610613248
30787455	32833
56025435	37120
74023635	4102
11704827	57344
36382935	1081348
76136115	36865
13967319	49156
40720323	83918848
2334423	1085440
32098359	3221229568
53118183	5368713216
52145211	2147487746
22755819	2147520512
75044883	2164293632
71074587	2147520512
80103819	4395630592
36163587	2147520512
24651867	1085440
5719251	134479873
42293343	671088768
77626839	36880
69152619	561152
74006787	2129984
39296343	8425472
3090639	1081348
43472703	1085440
44177079	201326656
12919503	671088641
44416191	1610613248
36288003	671088768
75855855	671088768
62532003	557120
13050399	8683520
20756739	671088768
59545047	1140883456
31522287	1610612992
73826643	1610613248
48570195	37120
19752987	134217800
8598639	16814080
428979	1610613248
69229407	1610613248
25556151	1140850689
61295943	36865
59025351	1610612992
68968263	1146880
31358991	2147520512
80500719	1073778688
68409039	327696
3746415	16781313
1712019	2147487746
49161819	671088768
2561223	36896
15803103	83886081
39262971	1081348
7792527	67125249
51002787	16389
11652339	1610613248
10487883	4130
26675895	32802
4327995	134221952
12903951	1140850752
46645635	1610613248
66989919	1085440
2652915	2147614736
59395359	671088768
80202963	671088768
67614267	671088768
7484079	1610613248
70434687	1610613248
53105223	1081345
52696011	1085440
55656399	1081348
14250495	1610613248
6886947	57344
68648151	4311744513
48699471	1073745921
62958387	2147520512
59153655	1610613248
35894667	1610613248
74010351	671092736
67759419	4362076161
42832155	4311744513
13717515	1610613248
11389899	2147483682
18063651	67141696
14774079	1610613248
63045543	1610613248
79393935	4362108928
32007315	1140883456
936363	4102
60889647	67141634
58010583	1610613248
58578555	1610612992
21495459	37376
45434847	67141633
15414303	83886081
59817531	1074823168
2557659	36866
15792735	83886081
22644687	1610613248
71327307	36865
79482387	1610612992
16977927	37376
36023295	1610613248
55337907	1610613248
63502707	561152
20473239	1610613248
30773523	578
39945315	135266308
72247467	1610613248
71395023	37120
20881803	1073775104
73792947	4295000320
73731711	1610612992
27308343	201326593
18622551	134250497
26779899	1610613248
72327819	1089536
22220895	4102
47160471	2147524608
562467	1048582
2294895	2147520512
60276963	8409088
34449951	1610612992
76133523	16779268
65710443	16781313
36545583	36880
32001807	2147520512
78980511	1610613248
11089551	327681
29210547	1610612992
27238035	67141633
49636155	1146880
50174967	1074008064
13241235	1081348
62123439	4362108928
57506763	75497473
64119927	524322
50980431	1610612992
68714247	561152
41891583	32802
64386255	1610613248
37329015	36865
25934907	1610612992
68875599	1081348
30004995	1610613248
58111671	1085440
21956835	1610613248
65212779	1610612992
67957059	37376
31138995	2147520512
51172887	1610613248
62311035	1081348
35157891	36866
12434475	67141633
16570659	83886081
42179619	671088768
53364423	1073778688
77925567	2147520512
14663271	1081345
44625171	2147520512
15856887	32833
512247	134250497
3964467	671088768
37728183	671092736
8327775	2164264960
53136651	167936
30641979	800
61245075	4362076161
855363	671088644
80181255	577
41412063	16912384
39681579	16801792
16531455	2147520512
25191003	1610612992
45405363	1610613248
43041135	69633
65793063	65793
77379303	1140850689
58030023	1610613248
15879	1610612992
55631451	16814080
1187139	16809985
47530155	4362108928
70133691	1073745922
39028719	4362108928
53240007	1610612992
9762771	2147520512
71533695	37120
7447467	17301568
12520335	557120
56586279	1610613248
30690255	1610613248
60522231	1610613248
73119351	331776
55446123	2147520512
38086203	16814080
37536051	4362108928
41827755	4130
56483895	1085440
66632871	16809985
19451343	17301505
41332035	16777249
59615355	2147483906
33603015	672137216
56018307	12352
26018823	4362076161
43703391	1610612992
12179163	671088768
72324255	2147520512
36605523	1610613248
19509987	36865
41449971	1085440
29885763	671088768
17520951	327696
7654503	17301568
9328611	2148008448
1218243	1610612992
44070159	1610613248
38879679	1081348
76135791	2147520512
18831207	2147516417
4813023	2147483682
43118571	16814080
40411551	4295000576
19248519	4362076161
24054735	1073778688
59343519	1610613248
136083	67141633
53578263	36865
51333915	37120
56389935	524354
1978671	8425472
62728347	100663360
5138967	1610612992
53701059	2147520512
54603075	1610612992
22570491	37376
37312491	1073774593
73125183	3221225488
15462903	16777476
1353675	1610613248
5042415	1610612992
13606383	67141633
8127543	40961
67950579	3288334336
33682719	2147647488
29592867	201326593
23315691	1610613248
49086003	327681
48564039	2147487776
2041851	57344
63460587	1074823168
24006135	32834
32449575	671088641
58034559	36865
12249795	2147520512
10460343	37376
27689367	671092736
5344707	67108929
76682703	67141633
46226055	671088768
15052071	578
15066651	3221229568
2793855	1610612992
57562815	1610612992
65349831	36865
50558583	1073778688
15536127	8421377
26241411	2147520512
75564903	671088768
25978323	4429185028
22594143	167936
77860119	671088768
70801779	2147520512
53285367	2147520512
50664531	16814080
56491671	1610613248
15198519	1610612992
14327283	3221229568
7737771	57344
26812947	1074823168
57531063	1073745921
41576979	1081348
80541867	2147553280
59542455	2147520512
65744139	1074823168
4243107	67145728
595839	67141633
33777003	1610612992
21999279	150994945
3920079	4294971393
15337191	1610613248
39523143	1073745921
49051335	2147520512
28064235	4130
9432615	2180
14266047	671088768
78919599	1081348
62241375	4328554496
57652887	4362076161
36474627	1610613248
59216511	671088768
1444071	2147549186
16275171	4099
56487783	2147520512
37115499	4362338304
36712119	1610613248
11949771	1085440
17473647	1610613248
65394867	1085440
56181603	2147520512
24608127	70
24305511	36866
24702411	1090519041
4690551	67141696
11584947	1610613248
81134787	36865
53503095	536875520
64803243	3221258240
70406499	2147520512
68908323	2181070848
17676471	1610613248
31505115	4295004160
1178715	2147553280
3891567	150994945
10986843	1610613248
66401535	36865
19237503	16783360
75797859	1610612992
33411207	134217733
72760359	262401
69854079	1610613248
43086171	1610613248
12137043	201326593
77854611	3221229568
46598007	1081345
79818051	36865
51617739	3221356544
44059791	8425472
39114903	2147520512
67467819	2147520512
1172883	4311744513
16657167	1610612992
63554547	1610613248
25421691	1610613248
20837091	4311744513
5509947	294913
76737135	1085440
63205599	1081345
24486627	671088768
25681539	100663360
67464579	2147749888
59167911	1073774593
44325795	1610613248
19301655	2147520512
12440307	671088768
70952439	1074823168
67260783	4362076161
43811283	1074823168
48316179	1082134528
31847583	1610613248
5089719	3221229568
80784867	36865
81363207	1140854784
70813767	1610612992
4405107	4130
22631403	1107329024
76691451	1610613248
2217135	1610613248
43012947	1082163200
5079351	1610613248
27144399	67141633
31272807	671088768
75999063	4362108928
41014515	135266308
8479083	4311744513
4634175	16777256
1355619	70
250131	36865
15447351	16781313
50545623	65553
53600619	36865
38243343	67141633
61598235	1073778688
1216623	4362076161
48881559	1610613248
64681419	1081345
120855	67141633
67227087	1073872900
11817579	4294971393
679755	4311744513
23993175	3221229568
48608103	524608
53476851	671088768
45496731	1081345
62548527	1610613248
57475011	1610612992
54918975	16809985
27132411	8392705
36100731	1610613248
56599239	1610612992
60009987	1081345
81596487	2147520512
4215243	671088768
77204667	8421408
55193079	4362076161
9965271	134254592
50023011	1610613248
51774231	17301568
58651455	36865
12414063	671088768
66494199	1610613248
4748547	100663300
72707223	37376
54577479	2147520512
77204343	1610612992
61763475	1610613248
40272231	671088768
55212843	1610613248
46582131	671088768
31662903	671088768
75980595	1085440
8917131	1081345
53800851	1081345
43426047	65570
66305307	671088768
33430323	1074823168
78800691	4295000320
21092079	5435817984
2255367	4328554496
66840555	671088644
1781679	2147520512
79084515	671088768
51201075	201326593
39041031	671088644
26637987	1085440
57105651	1073778688
52572567	557120
62562783	2147520512
36257547	1140883456
57174339	5368709121
20784279	1073778688
6520503	36865
78205503	671088768
77889927	1610613248
48923031	67141696
16615047	57344
78533391	1610612992
25335507	5435817984
78384675	1081345
593247	1085440
39086391	1610613248
1704891	134221825
65247771	1073778688
18145623	561152
27767451	2147520512
22312263	1610613248
43494087	671088768
1002135	134250497
27772311	671088644
12862803	2818572288
73162443	28672
24007755	17039361
28289091	1610613248
39557487	134217864
18445971	201326593
32421387	67125249
65537427	167936
10971939	557120
12770139	100696064
23989611	36865
66937755	32833
22518975	83886081
51544191	1074823168
32702619	1085440
62516775	36865
28835355	5402263552
49409679	196610
44772267	5368741888
1127523	1610613248
61979583	4362108928
1817319	16777222
16090815	1081345
69703743	4295000320
15688731	2147520512
32888271	4362108928
627267	83918848
67080963	2147520512
52726467	671088644
62825223	4311744513
19062219	41024
1020603	1610612992
53410107	1073778688
75087003	2147487760
44384763	2147487746
2143911	1610613248
56690607	16797696
31352187	36866
39160587	1082163200
59409939	33536
17217363	67141633
34234167	1081345
53148639	36865
69307815	1610612992
59818503	1081348
60837159	1073742084
74066403	1610613248
52657455	4295000065
75957915	4226
5128599	3221229568
24666447	1610612992
56083107	1073778688
77568519	2684358656
51004731	1085440
26519079	67141633
52047687	4311744513
31212543	2147520512
54114483	3221356544
7001643	1085440
39609975	1085440
63318027	2147487745
1677351	4311744513
42842847	1610613248
55957395	2147520512
58581147	2147549185
3520587	150994945
36869259	1610613248
53303511	327696
6804003	671088768
2252775	4106
55921107	1610613248
38504487	1081348
56881767	557120
32741499	2147520512
4306287	1610613248
38061255	134217800
23762811	17301568
79183011	1073745921
47937099	1610613248
6314763	2164264960
11465067	4294971393
59535975	8425472
63507	327696
12309087	16809986
14351259	4099
36749379	37120
47119647	3221229568
75656271	2147483666
21368127	1073745921
17999823	2164785152
74609751	37376
27819939	16779520
14592963	36865
61446279	1610612992
67403343	36865
19437087	4311744513
22096155	83886081
51299571	1610613248
59489643	1074823168
41227383	2147553280
22187847	671088644
51573027	36865
44980599	1610613248
61653315	2147520512
205095	167936
46822215	2164264960
31702107	9469952
35488695	37376
77115891	1073778688
1877583	1610613248
21388863	67108929
680727	1140883456
25855203	4362108928
68712627	4295000320
34900959	36928
69230379	1073745921
68737251	2147520512
37122303	37120
10825815	1610613248
40877787	1074823168
47576811	1610613248
48413055	4362108928
32724003	1074823168
16663971	4311744513
13751859	36865
22605483	114688
24047283	4311744513
3488835	83886081
38962947	4099
38542071	2147487745
12359307	671088768
11699643	671088768
4424871	134217733
23426499	1610612992
54319899	1085440
78042855	67141633
81571539	1610613248
53593491	36865
41958651	1073766400
21265095	1610612992
72283755	36865
32466423	4294971393
26158143	4311744513
72841035	4311744513
49873647	135266308
6254499	536872964
68714571	67108870
27849099	16779520
5889351	67158016
7576743	1073778688
18124563	4311744513
17389083	524298
6706479	518
3119475	67108929
6493935	1610613248
76781199	8425472
502527	3221229568
39110043	134217864
79215735	2147520512
53039451	1610613248
36396543	671092736
22774287	83918848
17895819	83886081
61334175	4295000066
65028747	16809985
58944675	36865
57268299	2147489792
77333295	36866
58937223	83918848
32789127	1610613248
31170747	75497473
45588099	1073778688
23474451	672137216
10289271	1610613248
211899	135299072
55897779	1073775104
4132947	1610613248
23162763	1074823168
60141855	20481
69195063	67141888
43712787	1610612992
40028907	98
67577007	16814080
39350775	4311744513
74771427	37120
57664227	36866
79881231	36865
8159619	1140850689
63382503	36865
27321303	671088644
69784743	1610613248
13516635	65572
52797747	561152
13852623	67109378
55473015	1610613248
10615215	1085440
34119471	671092736
43797027	1610613248
1286931	1081348
31417311	67158016
28758891	36928
124095	134250497
2471151	4362076161
81234255	4328554496
17307435	1610612992
5435751	2147487746
40728423	1081348
6154707	2147487760
34947291	1610613248
81028515	36866
61852899	1073766400
20060139	57344
7567347	4362108928
6398679	2147483682
47618931	134218753
74619471	5435817984
40771515	67141633
2396307	2164293632
40904679	4311744513
33322755	4311744513
91695	134250497
38905599	1610613248
3810243	2147520512
47315343	5435817984
80814351	2147520512
56837703	4362108928
53353083	1610612992
30519183	16785920
30180279	528448
73380171	1081348
40179	135299072
29786619	2147487746
81111783	37376
2497395	671092736
34346271	67141633
61648779	1610613248
69326607	28672
48326871	1081345
43908159	2147520512
40965267	528448
71604003	2147520512
58400031	97
67797003	4294967556
79117887	1073745921
77386431	4295524352
10711767	201326593
64368435	1610613248
13654983	1610613248
22699767	2147483714
37302447	2148012032
5814831	1610613248
35817231	4362108928
43342455	36865
53290875	16781313
788619	1030
41785635	137216
13635867	4362076161
66132939	1073774593
24002247	67141633
5820015	1074823168
66144927	1610612992
38020755	67141633
491511	4295524352
66543771	1610613248
78889467	671092736
13464795	40961
25932963	83886081
20340723	83886081
25502367	1610613248
72101991	1610612992
55715691	1073742084
44635215	2147520512
33788019	2147520512
38056071	4362108928
43411143	671088768
53822559	327696
44913531	4102
12622071	17858560
10237755	57344
66857403	1074823168
76371663	2147520512
27393555	1610613248
52265739	1073745921
1328079	1081345
44444703	671088768
79322979	1610613248
54064587	1081348
37244451	1073778688
56122959	134250497
25239603	553648384
30584955	524328
16086927	1610613248
44153427	1610613248
48002223	2147520512
49405143	135266308
24493107	536870918
68386683	167936
53548131	1610613248
30967275	2147647488
75568467	4295004160
3264951	17334272
73139439	67145728
81389127	2147520512
32448603	75497473
116643	67141633
17180427	83886081
72301251	3221229568
39298935	1073778688
11738523	2147483682
26787351	671092736
8643675	671088768
31229391	2147520512
31664847	671088768
49214631	3221749760
47380791	2147553280
5984283	4295004160
61219155	57344
9780591	37376
69524247	37376
80069475	1610612992
3275319	1610612992
27829983	4295000320
75020583	1610613248
46315479	671088768
81647031	2147549200
53043015	1073745921
60896451	1610613248
31887111	135680
19762383	4362108928
20993907	1073778688
6495555	2147520512
47350335	36865
79403007	1610612992
64784127	1085440
17464575	67141696
2428383	67109380
45603975	2147520512
68923875	1073778688
59032479	671088768
78190275	1610613248
31083915	1073876992
37532487	150994945
5184327	2147487746
11421327	1140851200
6229875	1610613248
646059	772
779223	1610613248
52077171	16812032
6421035	16809985
3387099	3221229568
10390035	1610613248
141591	3221356544
17417919	16814080
38939295	4311744513
67890315	4362108928
58115235	1073778688
7316895	201326593
3076383	1610613248
28044147	65793
19957107	150994945
204123	1074823168
1839027	327696
43999851	104
63987735	1610613248
39991323	1081348
72198543	1082368
51404547	1081345
47731359	2147520512
8391603	1610612992
30239895	4362108928
45693723	671088644
70620663	1081348
13420407	40961
57205767	32802
23277783	86016
23603079	83918848
27456411	1610612992
45456231	1081345
27814755	16779520
21748503	4362076161
5278287	1610613248
24690747	67141633
79410783	36865
39924903	1610612992
20378307	1610613248
72473295	2134016
62149359	4362108928
18643935	4311744513
29143479	4311744513
13960191	577
37905735	671088768
14609811	1610612992
31377459	3221229568
6933927	8523776
32659527	67371009
53474907	4362076161
44727879	36865
32380563	1073762304
20529939	17301568
76375227	1610613248
44566851	2147487745
61013415	37120
51626163	4311744513
65601255	3221229568
49697715	3221229568
39171927	1107329024
81671979	4130
5192103	327696
6492963	1074823168
342147	135299072
39574659	671088768
4547667	1610612992
71783499	1610613248
41451915	135266308
32910951	2147520512
75833823	671088768
21460143	1085440
2152011	1610613248
1419447	1146880
4348731	1085440
1150527	671092736
36914619	33558784
17183019	4362108928
71282919	1081345
61368519	67108929
11726535	2147520512
29066691	1610613248
57225531	1090551808
27119451	1610613248
37804323	2101504
73346799	37376
60517047	536903936
40135503	557120
32014119	1610612992
61272291	671088896
69699531	4099
49075959	1073774848
9018219	3221229568
46388379	2147489792
14753667	1610613248
61563	1115136
35892723	1610613248
14534643	671088644
35081103	37376
42346155	671088768
68740815	36865
43587723	671092736
79788891	1610613248
3578907	150994945
40746243	1073778688
67470735	327696
66366543	32833
78886875	2147487760
24784059	3221749760
60657987	20512
74678115	2147487745
18423939	1074823168
60254607	134217733
53058567	16797696
964551	1610613248
74461359	1140883456
41689083	1073778688
76453959	671092736
62701455	1610613248
235551	2147581952
15722751	2147520512
37869123	2147520512
71111847	2147520512
67206999	1073766400
13009575	671088768
8607063	134217864
25559067	135266308
11444007	4295000065
7956471	1610613248
72034275	1610613248
37631631	8425472
21183447	67112962
15796947	24608
4415151	1610613248
7657095	2147520512
1379595	4362076161
57080055	4130
57334395	671088768
45548571	671088768
10535511	2147520512
58633959	135299072
68709711	1081348
57827523	32833
12200223	16809985
2646759	671088768
16197735	2147520512
48134739	16777281
52445883	4311744513
52727439	2147520512
80590143	2147520512
50646711	1082163200
16466007	135266308
14650959	33284
71407011	36865
16596255	67141633
74610075	2147549185
63030639	2147520512
5174607	135266308
22834875	671088644
20502723	2625536
27545187	135266308
5546883	1610613248
35798763	1064964
61763799	1610613248
45680439	201850880
7160727	1610613248
62560191	1610613248
38488935	2147487746
79495671	4294971393
31738719	2147520512
75633267	201326593
22498563	671088768
61484835	1610613248
47019531	2147520512
68091519	1610613248
35559327	1107329024
14010087	1610612992
60343383	671088896
31401111	800
22739619	1610613248
26177907	524354
7987899	4295004160
48998847	9469952
24156795	2147520512
52526559	4311744513
32621295	4362076161
69828159	4311744513
51762891	671088768
53522535	4102
75373419	1610613248
2838243	1610613248
55786647	4162
43005171	536903936
79708863	5368741888
37922907	4311744513
77257155	36865
64631847	4099
134463	67141633
26464323	1115136
36283467	4106
3243243	524608
160059	1085440
49363347	2147520512
39898983	1107329024
67783719	1140883456
79522887	1610613248
45558615	294914
15608703	83886081
80763159	4295000320
54462459	1610612992
46950195	1074270208
35179923	671092736
53984559	102400
39462555	671089664
51349467	1610612992
26893299	1140850689
54712911	83918848
34576311	1610613248
46494975	67141633
17561451	1081348
61012119	16809985
7899447	1610612992
77395503	2147553280
78555747	134217888
4175715	150994945
68657223	1610612992
59401839	16777250
4736883	4311744513
27964443	1610613248
31131543	45056
46709787	671088768
60364767	327681
58398087	4311744513
72370911	4311744513
24682647	83918848
81376167	1610613248
22848807	57344
79707243	36865
40550871	4294971393
24198267	68190208
22010295	1085440
21801639	5368741888
74573463	28672
45267987	1610613248
29126955	671088768
80078223	32833
49247355	36865
69788307	1610613248
35208759	1610613248
13039383	1610613248
22302867	1074823168
4047735	36865
1589547	1073775104
78928347	1085440
23612151	671088768
71705091	53248
40973691	4311744513
70676067	201326593
41833263	37120
13316727	671092736
10309035	1610613248
57059319	37376
20116191	4362108928
78302055	5435817984
70855887	8425472
68006631	1073905664
1084107	16809985
16454019	135266308
14641563	4329570304
51759651	1610612992
55000947	4295004160
12674883	4311744513
67779507	671088768
22748367	2147549185
73863255	36865
12343107	1610612992
10745787	167936
42851595	36865
20417511	134283265
56739855	32771
61027995	3221356544
17501835	1090551808
27357267	16809985
2601399	1610613248
18590151	17334272
44693211	1610613248
51615795	671088644
35342571	3221225488
13945935	1610613248
53620059	8421888
3118827	1610612992
24314583	1073766400
4145583	1610613248
21577107	536870918
57543699	1174405120
35832135	1081348
9239187	1610613248
70920039	1610613248
13139823	1085440
19315263	2147516417
77145051	16912384
40052235	1610613248
31044063	557120
65232543	1081348
46603839	671088768
31232631	2147520512
49606671	561152
41658627	561152
160707	1140850689
54955587	6442455040
64493823	17301568
7961979	1085440
81251427	16814080
68037735	4362108928
15132099	2148012032
65571123	1610613248
40648395	4311744513
22823535	17301568
71495787	4395630592
18283323	1610612992
72393591	2148533248
67186587	2147520512
2226855	327696
16452723	135266308
102063	4429185028
18119055	135266308
35544423	2147520512
27613551	4296048640
74531991	196610
51214035	1073778688
68415519	36865
56129763	83886081
66330579	2147647488
60730239	1081345
57641871	69648
61287195	2148012032
76731627	3221229568
1940439	1610612992
30557091	32833
6412935	1610612992
39157023	4295004160
54250563	1081348
66027315	1074823168
52381083	8425472
18862959	1074823168
64117011	4362108928
44104827	36865
39310275	3221356544
79075443	16912384
2380755	2147553280
21654867	1610612992
40069731	2147487746
50748447	1610612992
66243747	1073774656
26704731	536936452
25219515	201326593
57207387	671088768
36722487	4362108928
42060387	1610613248
1269111	102400
50310723	4295000065
41250387	53248
23235339	671088768
81245595	2147520512
66425187	150995072
77675439	4295000065
18081147	57344
2631531	2147553280
80865219	28672
75445671	67141633
26273811	150994945
71017239	2147484674
26021739	1610613248
5736423	2148012032
47914419	16814080
73190955	36865
51057867	36865
33050919	4295000065
44899275	36866
2296191	557120
58634283	4311744513
376815	4311744513
50575431	1610613248
81749091	4362108928
1420419	2147520512
65696511	1073745921
20201079	1610613248
55117587	36866
4237275	1073774593
69457179	1082134528
12538479	671092736
851475	83918848
25167351	4362108928
59502603	2181070848
80850639	2147520512
2530443	2147520512
22287963	1610613248
5395575	1610612992
38143227	3221229568
70295367	2147520512
35019543	2147487746
62016519	134220032
29551719	671088768
20849727	1073766400
2472771	65541
383619	1610613248
1499475	1090584576
66604683	557120
47713863	4113
56999055	327696
12305523	2147520512
19833339	4362076161
56983179	1107329024
32646243	83886081
51571731	671088768
124743	67141633
56000811	1610612992
51059487	1085440
43021695	671088768
17365431	1085440
6574935	36865
73666911	671088896
10822899	268468240
20002143	1073774593
49636803	671088768
7996647	1085440
52056111	20512
1911279	671092736
25068207	1074298880
57413451	67141633
24905235	1081348
58483623	1610613248
36740307	2147520512
26173047	4311744513
1792371	1610613248
65367975	4362108928
30234387	1610613248
74646363	2147553280
1004727	1081348
78877803	8425472
54676623	3221225474
14754963	134217860
1843887	1610613248
33418659	536870918
19038891	150994945
79394259	2147520512
16658463	83886081
2193159	2058
37587	67141633
41408499	1081348
2545023	1610612992
74954163	36865
3379323	36865
1298595	4295000065
60273399	1610613248
1063047	1610613248
23524995	34635776
37267455	2147520512
2819127	1174405120
8661171	134217734
60479139	671088768
14423187	134225921
49876887	1085440
36267267	1610613248
53162895	1140850689
23732031	1610613248
65575659	4295000320
67844955	1610612992
28535979	671088768
10101027	8421377
1424631	4362108928
2126739	8425472
37351695	196610
50126691	4295000065
37327719	25088
56777439	57344
76792539	150994945
66822735	1610613248
79290579	671088768
59928663	1085440
59673351	4311744513
41832615	671088644
579315	1081348
5600991	1610613248
5664495	2147520512
23147859	1610613248
27448959	67141633
23979	1074823168
22475883	1610613248
42671775	2147487746
3023571	1610613248
54642927	20992
81616251	561152
31670031	536871170
31402731	800
6852927	1074282496
22320039	528386
63482295	1074266176
52285179	67141696
30280071	1081348
2272539	1610613248
49589823	32834
35766687	36865
21271899	4295000320
74151939	4311744513
50335995	36866
40324395	100
31598751	1610613248
76832391	1115136
44176431	4311744513
12839475	1610613248
29886087	2147520512
26200911	32802
151959	1610612992
1474851	1090551808
61791339	33751040
3846855	1610613248
19141923	2148007938
45006843	17334272
12429615	1610613248
7134807	40961
26460435	1074069504
55545915	1610613248
21668799	150994945
8600907	1610613248
25006647	1048582
7177575	1610613248
79637907	5368713216
26526855	671092736
79042719	5435817984
8342355	36865
31696599	1610612992
61470903	671092736
43723479	1610613248
37048755	1610613248
33743631	8425472
60387447	1610612992
38802891	36865
1203339	8425472
20303787	1073742337
63365331	2147487745
43511583	16912384
77685807	1610613248
60198555	1085440
47200647	36865
41947311	67108960
68212371	1610613248
8247747	577
21579051	3221258240
52482819	1085440
62269563	1610613248
20555859	8425472
667443	1050626
65499195	524293
31469151	4311744513
33800331	4295000068
23655567	32833
3911655	36866
8216643	1610612992
78336075	1212416
242031	1610612992
60099735	671088768
70334247	3221225984
947055	1610612992
56888571	2147520512
8517639	1610613248
21523323	150994945
68913507	2147487746
1529283	4362076161
50871567	1610613248
74761707	83886081
49960479	1074270208
4807191	518
7635063	671092736
34765203	4362076161
66256383	4311744513
78364263	4362108928
133167	134250497
16419351	671088641
78590091	536871680
69441951	1610613248
53226075	36865
38475327	20482
80689611	561152
24030435	65554
63253227	67108929
69281895	69648
51028059	1610613248
42282003	3221229568
37749243	4311744513
2836623	1085440
37872687	1610613248
52491243	671088768
14001987	524548
37532163	1610613248
21156555	1073746176
63300531	1085440
49640691	1073745921
50908179	1074823168
33265731	1610612992
41415627	36865
13944639	1610613248
51339747	2147520512
46341075	671092736
77902887	4311744513
68744379	1610613248
73500051	4362108928
2130627	1085440
28012395	2147520512
13761255	150994945
15133395	4311744513
64834671	1610613248
76687563	201326593
18249951	57344
51368907	2147520512
46209855	2147549185
55902315	1610613248
25919679	1610613248
68261619	561152
18751827	134250497
2321139	2147520512
66047403	1610613248
50763351	134221825
16565799	1082134528
58917783	536872964
1291467	1073778688
20297631	2147520512
72654411	4328554496
33973995	67141633
30520479	83886081
435135	1610612992
60251367	536903936
34247127	2147749888
34875039	16781313
65969967	1610612992
32291463	1073762304
27829659	16779520
46309323	36865
5429919	1610613248
71727447	16912384
77232531	671088641
76599435	671088644
36070275	671088768
29131167	4099
54639039	134221825
40332819	4101
45677523	36865
5663199	36865
76717047	1081345
70189743	1610613248
27679323	2129921
62439015	4362108928
7287735	1081348
76912743	1610613248
30956259	8455168
70328091	4311744513
77253591	33652736
21061299	1610613248
17939559	201326593
72823863	1610613248
48357975	37376
1017039	4130
28144587	327696
7026591	2147487746
64298127	1081348
46772643	4295000065
36710175	37120
50543031	2147520512
61461183	1610613248
9394707	4362076161
47403471	1610613248
31286415	67125249
2797419	2164264960
69724479	4311744513
1099335	67141633
58555875	2147520512
55937307	1610613248
34684851	2147520512
27885387	671088768
52728411	671088644
14036979	4362108928
820695	4102
57654507	1610613248
10812531	36865
42961107	671088768
5807379	83886081
7819743	32833
54093099	3221229568
7689495	167936
78330243	4362076161
256611	671088644
9258303	2148012032
28039935	4362080256
51725955	671088768
76801287	24580
6085047	8425472
22909719	671088644
67587375	2147618816
19902351	1140883456
51206583	67141696
20053011	4362108928
23790999	4362076176
35753727	134254592
56022843	536872964
14044431	671092736
60437019	2181070848
7111155	1610612992
46404903	32833
37025103	16781314
76498995	36866
1792047	4362076161
66076887	1140883456
3923319	32833
71001039	536871172
80995467	32773
51721743	3221229568
5328831	1610613248
6747627	1610613248
78975651	5368713216
16277439	2147520512
14752047	1085440
67222551	1610613248
69480507	1610613248
39380583	1610612992
44589207	1073741858
63862995	4294971648
30865215	671088896
40205163	4295000320
922431	1081360
77972223	4311744513
66075591	671088768
48600651	671088768
12536211	2147520512
49453095	135266308
56585955	16809985
43697235	671088768
14669103	1610613248
12399159	4311744513
71207427	5435817984
81707295	671088768
12471087	83886081
58081863	5502926848
8026455	561152
31519047	1085440
37109991	1081348
45597495	671092736
15737655	1074823168
48583479	1610613248
44963427	4311744513
43374855	1610612992
57205443	671088768
58202391	1610613248
71611779	57344
33652587	671088768
66591723	3221229568
22180071	671092736
62153895	2147483666
21046071	4362076161
33729699	2147520512
25418127	32802
22853019	2147520512
49884663	135266308
46392267	671088768
64791903	1610613248
29174259	150994945
27609987	57344
11483211	83886081
44991939	536871170
52806819	4362076161
62619807	36865
60945699	1081345
45666831	1085440
21920547	1610613248
21337023	1074806784
51136275	4311744513
65173251	2148012032
13920987	1081345
43265343	1073775104
60489507	4353
54288795	135266308
1690311	8425472
75145323	2148012032
71397291	1610613248
13743435	1085440
44006331	671088768
27924267	1610613248
45245955	36865
21067779	2147618816
66951363	1610613248
5602611	1610613248
53782383	2147520512
63802407	36865
65302203	1610613248
26982075	138
55699491	1610613248
41424051	2147520512
21015291	16809985
51772935	1610613248
77908395	4295000065
74488899	16912384
29687799	36866
6796551	1610613248
11633547	1610612992
21835011	1140850689
54890463	2147520512
39225387	2147487760
27304455	1073778688
48793431	2147520512
6191967	1610613248
27587955	1085440
20715267	2148073472
23315043	114688
17521275	1074823168
49303407	2147520512
9522039	2147520512
47179911	671088768
70874679	16781313
75355599	2147618816
1401627	2147647488
13104831	57344
17477859	1610613248
66120627	32833
79558203	3221229568
71716755	36865
68349747	1073742084
22663479	1073905664
2293923	1610612992
22173915	1610613248
72162903	36865
41361195	67141664
27773283	4102
1917435	2147487760
37451163	1610613248
30062019	4362108928
25425903	1610613248
14878407	671088644
71712867	528386
74664507	1081348
47572923	4294967329
36614271	32833
15756447	201326593
12175275	671088768
23146887	1073876992
81658047	1074823168
46626843	1610613248
73732683	4362108928
19066431	1610613248
77040399	1610613248
582231	83886081
25732731	1610612992
5791179	83886081
58655019	4311744513
1894755	1048836
78467943	4311744513
36469119	4295000065
2488971	1610612992
451011	36866
6350403	2148012032
17903595	4294971393
53148315	1085440
28789347	4362076161
77469051	102400
49130067	5377097728
42848031	671088644
71787387	1081345
19857315	150994945
25009239	4295000065
18656571	8425472
56357535	1610613248
59468907	1610612992
42489039	53248
23917683	1073778688
11258679	134250497
53830011	544768
17602599	150994945
72957675	1073778688
34693275	4311744513
3540675	1610613248
60214107	2147484674
40339299	67141633
44259051	20484
71315967	37376
75673443	327696
2091099	1610613248
462675	163856
21003627	16809985
4160163	328704
65589591	2147520512
40683387	1179650
70392891	1081348
62025267	1610613248
49661751	1073745921
17107203	1610612992
31895535	2148008000
62201847	1610612992
37549983	2148012032
309423	4226
39571419	37376
1345575	4295000065
81237819	1073778688
27744123	1610613248
18501375	557057
57162675	36866
47641935	16777984
81060591	1073778688
81305535	671088768
41544579	67141633
21029871	4311744513
19728039	1073778688
28742043	2147520512
65526087	1610613248
4756971	1610613248
11796843	1610613248
42628683	2147520512
5131191	2164264960
73035111	1081348
14299095	1610613248
36699159	1085440
71797107	1610612992
67549143	2147487745
42614427	1610612992
28930611	1085440
10166475	1610613248
23004975	67141634
22562715	90112
67183347	1610613248
38740683	4295000068
69844683	528386
54321843	4429185025
57197667	671088768
43159071	37376
50757843	327684
2902719	150995072
40220067	1610612992
60342087	2147618816
5498283	671088644
64526871	1610613248
5562759	17858560
58091907	671088768
17165199	2147520512
24561147	2147520512
59085615	83918848
73466355	2148007952
67679715	1610613248
3893511	36896
20687727	33536
30736587	671088768
14358711	1610613248
33216159	17334272
1341039	1610613248
2391447	2147520512
42968235	2147520512
70949847	1610613248
43954167	4130
8572395	1610613248
66708363	1114116
10025211	150994945
62763987	1610613248
65505675	36865
75299871	5368741888
15137931	4362076161
18091515	1081345
8834511	671088768
25991283	201326593
2450739	1085440
33742335	67108929
74860851	1610613248
47309835	83886081
60188187	1107329024
47025687	1610613248
18496839	67141633
40245663	67141633
42066219	2147487746
10396839	2147520512
15879243	1610613248
34940487	83886081
72499863	1610613248
40369107	5368709121
74136387	2101504
9069087	1085440
67039815	1610613248
51427227	33281
65055639	1073778688
30771579	1610613248
72360867	295168
75716535	4295000065
29040123	134218241
68100591	4294971393
24053439	201326593
385239	671092736
24500235	4311744513
54311151	671088768
76239147	1073778688
64556355	1610613248
54100551	24577
70351743	1610613248
32589867	2147520512
22247139	3221229568
64418979	37120
28152687	1610613248
47101503	4328554496
66191259	1610612992
70260699	1081348
36313599	4294971393
32404863	327681
657723	4362108928
27835167	4295000320
40432287	67141633
634071	2134016
36925959	1610613248
67189503	1610612992
33073923	4295000065
50805147	36865
24728655	672137216
15644019	1610613248
24090375	134218753
35673051	1610613248
33909843	1610613248
12401103	671092736
16486095	1074823168
29352459	4311744513
67972935	2147520512
48528075	1610613248
19750395	36865
24656403	4102
1384131	2147553280
65713359	4295004160
10242291	671088641
49010187	17334272
6984795	137216
62595183	1610613248
6956283	67141633
3352755	4362076161
5238111	135299072
10087419	4295004160
40920231	67141633
15172275	1610613248
71442003	1610612992
67160019	2147549200
4712907	8425472
47828559	1207959680
55785351	1073742084
75502695	32773
44543523	1610613248
8461911	67141633
31540107	1610613248
13731771	201326593
1838703	135299072
54340635	37376
2897535	137216
48657027	4362108928
39993591	150994945
72852699	1610613248
47056791	671092736
49050687	37120
23387295	1610613248
71364243	3221229568
63391575	167936
2406675	16781313
78165975	32833
58039095	36865
28867431	201326593
60115611	1085440
52336695	69648
26336991	671092736
46983567	16809985
46416891	4362076161
1328727	1610612992
13343943	671088768
40363275	532482
81728355	1081348
37349427	196610
20757063	1115136
7350591	671088768
35144607	4295102464
49976679	2147484674
69290319	16912384
42031875	671092736
68917719	327696
27867891	1140883456
24465243	4353
58494963	2147520512
60070251	67141633
54286851	1081345
49184499	53248
68609271	1610613248
3029727	83886081
62529411	1081348
70069539	2147520512
30440451	67141636
70873059	4362108928
438051	1610613248
19774695	37376
81335991	2147487760
80200371	4362108928
816807	17334272
33711879	1610612992
27927183	528386
44556159	4362076161
43212207	4311744513
5144151	40961
43982031	537919492
30736911	561152
72821595	1085440
28943571	4295000065
78461139	1082134528
33685635	4362108928
37777107	2147520512
53595435	1610613248
580287	2147488256
79934043	5368713216
68691	134283265
72749019	671088644
53781735	1073745921
49789407	1610612992
51500127	37120
76467891	8425472
32016711	83886081
43274415	150994945
63145335	671088768
42588831	1085440
33463047	2147520512
59466315	83886081
32033883	4295000065
12889047	1610613248
77840355	32833
54056163	4362076161
41022939	17301568
63114231	36928
81331455	69634
70371183	671088768
17054715	134221825
19818759	2147520512
4072359	1610612992
17899059	561152
33492855	1610613248
37367247	196610
41409147	671092736
60081915	2147618816
69425751	1073876992
69200571	83886081
31070955	1610613248
17258835	1048836
61564863	2147520512
6147579	50331649
1640739	16781313
10970643	2147520512
25147263	2147520512
30237303	1610613248
52006539	4362076161
69331143	1085440
24856959	1610613248
42103803	134221825
34008663	36865
23441079	1610612992
78173103	4311744513
20042643	150994945
58962819	1610613248
13196199	134254592
14325015	2147483682
5189835	4311744513
59760183	32833
50481471	1610613248
14362599	2147520512
24457467	1610613248
65258463	2147749888
80515947	2147516418
56124903	1174405120
44039055	36865
52244679	1081348
42837987	4362076161
13133667	687865856
31393011	4311744513
13174815	16809985
27602211	67141633
67863747	67141696
53627187	671088768
15369591	1074823168
60778839	2147520512
20731791	2147487746
82299	74
51088647	1085440
79692015	2147520512
55731	4395630592
79264335	1073152
7790259	201326593
2782515	1081348
53506335	1610613248
74742915	2692743168
392043	100696064
20622279	2147520512
2990847	2147520512
13443411	671089152
57478899	1081348
26850855	2147520512
23525967	69633
350571	4295004160
33326319	1610613248
4890459	1610613248
9459183	1085440
77912283	1610613248
36274071	4311744513
28435215	1081345
28834059	83886081
57914679	37120
80402547	2155905024
71227191	1610613248
3225747	4311744513
42797487	2147520512
58502739	2181070848
56370495	4328521984
35872635	327681
62931171	24580
38855055	53248
37966971	4311744513
4016631	1610613248
66185103	1610613248
53200155	37120
67631439	4106
13102887	1073745921
29272107	1610613248
40582623	1610613248
52405707	1073762304
67767195	1610613248
58310931	671121408
52103415	8425472
76417347	1074270208
39354339	36865
16453047	135266308
18559371	1610612992
32173851	4311744513
2290359	1610612992
53426955	2147487746
25263579	83886081
7656123	83918848
67230975	2147520512
76261827	1085440
42191283	671092736
56025111	1610612992
2608527	1073778688
49745343	36865
5411775	1610613248
36859215	1074266116
71256999	36865
62596803	2214592514
37104807	671088768
34156083	1610612992
51618387	1610613248
73983459	1610613248
46207263	1610613248
70128507	4362108928
55456491	20481
20962479	1610613248
59870991	1610613248
14504187	1610613248
44430123	671088768
43153239	4294971393
37075323	4295000065
15839391	53248
11094087	1085440
22628487	4362108928
70221171	16912384
62621427	67141696
40829187	1085440
58950507	150995072
20092215	1610613248
22152855	671088644
32943675	1073742084
14829807	150994945
74654463	36865
33594915	4311744513
56645571	3221258240
57385263	2147520512
81582879	135184
6242511	1610613248
62967135	1085440
72927219	1073746176
81674571	36865
29362179	4311744513
6419415	1073745921
21488331	2148532228
44191659	671092736
35882679	1610613248
39741843	671088768
10835859	1073745921
31229067	67133440
29114967	1610613248
70782987	1081348
18796863	101711872
78691503	67141633
75964719	1610612992
18499107	671088768
78879423	5435817984
3725355	1610612992
71202891	4297097216
43167819	17305600
54625755	1610612992
28234659	4429185025
46703955	1073745921
49994499	1610613248
62160699	36866
15822219	1610613248
15233187	1090523136
9244371	4311744513
2281611	2147520512
47076555	4311744513
43328847	2147520512
5083239	1081348
47811387	142610432
19028847	671088768
66540855	671088768
5758455	100663297
28325379	137216
19010055	1074823168
50422503	1610613248
36412419	150994945
48466515	4295000576
1672815	1085440
68123919	4395630592
31600047	4311744513
3635931	83886081
879015	1610613248
77690667	294914
34953447	4362108928
46907427	36865
40914399	37376
16867767	2148012032
9337359	4295000576
77192679	1610613248
38718003	4295004160
62749731	2147520512
67995291	537919492
49386351	1610612992
15431475	83886081
566031	518
36471063	1085440
32289519	1081345
53759055	1074823168
5043711	1610613248
77730843	671088768
24594195	1610613248
52547295	4294971393
67649907	1610613248
4843479	1610612992
38017515	36868
42280059	1085440
29782083	2147520512
26537223	4295491648
10825491	2147520512
53788863	135266308
21244359	150995072
26793507	67141633
23532771	134283265
5704347	1610613248
53000895	1610613248
62619159	1085440
49919655	671088768
77380923	2625536
17626899	536872964
21182151	36865
81204447	24577
35005935	671088644
1438887	150994945
50953863	4362076161
39936891	1610613248
32405511	67108929
4192239	69
2889759	4099
30556767	1140883456
65614539	16912384
53266899	671088768
28849287	4311744513
13562643	196610
34312899	2147520512
33426759	1610612992
28956855	327696
39215019	1610613248
9606927	16809985
55375167	2148012032
58750923	150995072
78352275	28672
17690079	528386
60603231	2181070848
16744971	5368741888
19145811	1610613248
8417523	150994945
68766087	1610613248
34228983	150994945
75375687	5435817984
18919011	150994945
71835663	1081348
16437495	102400
65502435	67141633
48604215	8392705
57902691	135266308
79897431	671088768
13077939	4362076161
37348455	196610
72010299	1610613248
2183763	1610612992
79143483	2147520512
20007975	2147520512
81410511	671092736
81289983	671088768
61619943	1610613248
75707787	1610613248
24022011	150995072
74611047	1610613248
11439147	40961
29097795	671088768
10246827	1610612992
64777323	1073742084
50316879	2147520512
76514547	4311744513
26814567	3221229568
20625519	1140883456
29117883	4311744513
7459131	4311744513
27667011	1085440
18313131	4311744513
14456559	3221229568
28104735	671088644
3528363	2147520512
18280083	1085440
37946883	36865
63384123	2147520512
61440447	1610613248
50685267	4362108928
12878355	1610613248
1701651	4295004160
46318395	1610612992
40303335	16842754
51216303	1073873408
28837623	1073774593
33921831	32802
51244167	1085440
72553647	1140883456
80240223	5435817984
37077915	1610613248
24175263	1610613248
31871883	36865
69350259	16809985
36772707	1610613248
60788883	1073778688
73901811	2147495936
33715767	16809988
4052919	4311744513
76110843	70
335343	1081345
54378219	69648
39004095	33026
37922583	2129921
64629579	671088641
557931	1115136
54157899	1610612992
13002123	1048582
69179511	537919492
30456651	1610612992
34655691	1085440
43599387	1610612992
17131179	1610612992
63607683	1610612992
25335183	4328554496
77283399	1081348
23293983	134217988
65911647	2147520512
65185239	1610613248
24389751	1085440
16021803	57344
56801739	83886081
31087479	2147520512
6201363	134221825
39541935	2147520512
39297315	3221258240
33302667	2147618816
49433979	1610613248
59639655	16809985
1428843	545292288
54144939	5435817984
20992935	16809985
7318191	37376
25743423	102400
24360591	1074270208
12230031	2214596608
68769975	1610613248
3584091	4311744513
73086303	1075843072
74189199	67141696
19500591	42
36508323	1146880
26732271	4311744513
52709619	1081348
35329611	67108929
77131443	1610612992
75596007	1140883456
28608879	4294971393
26576103	553648384
70959	134221825
69632463	1074790404
40897875	671092736
28715151	4362108928
76560555	536872964
56463159	98320
51346551	2147487745
11048403	1610612992
79262391	2148012032
21821403	16809985
47163387	4311744513
360939	671088768
69041163	67108882
65929143	37376
7937355	6442455040
5141559	1610613248
74009379	1073766400
49595979	32771
77778795	167936
1609635	1610612992
11605035	1610613248
16044807	36880
67554651	327696
49411623	524322
985935	2147489792
66649395	16814080
480171	671088768
44951115	671088768
14731635	4311744513
31133811	2147520512
58746387	4099
75194571	1610613248
69485043	1073778688
26008779	4311744513
74711811	5435817984
36903603	1074266176
35655555	1074823168
70331331	4311744513
8920371	2164293632
7338927	75497473
81343443	2147520512
41233215	67141633
11217207	1610613248
17934051	4362092544
55618491	67108870
13341351	2129921
79064427	1073778688
164919	134479873
47791623	671088768
3303507	1610613248
60786291	3221225474
9120603	2147520512
79878315	2147520512
50844351	4102
14918907	554696704
52123179	2147520512
43212531	4311744513
20246115	1073778688
22046907	2147483682
52877775	1085440
53371551	1074270208
81539139	1073745922
59647107	671088768
56916759	800
24049551	32802
60694599	2147520512
76716075	5435817984
73490655	36865
5055375	150994945
78476691	1610613248
1762563	1610613248
75871083	8392705
45255351	135170
64674939	3221229568
13539963	2164264960
36115959	671088768
45255999	36866
68071431	671088768
28351299	1610612992
37869771	1073774593
22128555	2147520512
5359935	150994945
68284947	196610
30527283	1081348
70048803	2148073472
48408843	1073778688
45460767	150994945
65054019	1610613248
68911563	1610613248
15657303	33619970
49853883	4362108928
5927583	1085440
77427255	671088768
81061239	4311744513
38257275	1610613248
64168851	36865
28264791	17301568
62474655	4311744513
21928323	2147520512
77513115	36865
14770839	1081856
10067007	2147487746
49119051	4294967361
63855867	4295004160
76874511	100663298
17976171	16781314
21500643	2147484674
32108403	5435817984
60384855	557120
20475183	32840
7179843	36880
201531	2147520512
68413899	1610613248
43945419	2147520512
4246347	4362076161
9901443	553648132
44084091	8425472
69636675	4429185025
55808355	1610613248
67257867	671092736
54607287	2147520512
63810183	1610613248
66939051	36866
18795567	671088768
1895079	8388641
13710063	1610613248
2756919	1058
10287975	16814080
32512107	1085440
73875	2147520512
62040171	33603584
24274407	331776
21655191	4362076161
27092235	1081345
47975655	671088768
7455891	4311744513
50537847	671088768
20942715	16793601
111135	134250497
59619	671088644
38339247	4362076161
77381895	102400
56134623	4311744513
45459795	671088768
44654331	2147487745
34195935	1610612992
43471407	1610613248
48900027	36865
80247027	538972160
36797007	32833
37730775	4311744513
48438975	2147520512
113079	134219780
33840507	4295004160
58255851	134221825
69986919	1610613248
63504651	53248
37431399	327681
26737131	2147520512
34781727	4295004160
21403767	38
68609919	1610613248
24880611	4311744513
46504047	100663298
37747299	671092736
48304191	1610612992
7499307	2134016
864759	36865
68943963	1051648
22000251	1610612992
75823779	32833
38517123	1073774593
1698411	1085440
37149843	36865
80612823	36866
35235003	4295000065
80008239	1610613248
68544471	2147520512
67283463	1082134528
4888839	671088768
23996739	2147520512
49709379	150994945
23903427	1157627904
11802351	4362108928
21489951	671088768
5313279	32834
67047915	5368741888
44783283	2181070848
7853115	67141633
128307	16809985
79329459	1610612992
22879911	133122
60793743	1073778688
77649195	19398656
68200059	1610612992
79162275	4311744513
38857323	671092736
22134387	4429185025
66434583	67145728
24562119	1140850689
27863031	135266308
330807	1610612992
1999731	1085440
13700991	1610613248
20194599	671088644
22087407	67108936
78731031	36865
80130063	1085440
10970967	2147520512
51925863	36865
24085839	5368713216
62532651	36866
63040683	4362108928
40319859	67141633
4665603	53248
38739711	4295004160
76552455	16809986
61102515	1610613248
33204171	201326593
52964931	4311744513
23649735	5368709121
70264911	1085440
35929659	4294967361
72282459	561152
80789079	1081348
3709479	32833
23286207	1610613248
35716143	2147520512
51664719	2625536
1632315	1610612992
29730567	4295102464
16993803	1107329024
56289495	4295004160
24346983	4295004160
44584995	671092736
67865367	671088768
36773031	16777281
74045343	4362076161
69748131	36865
538167	2147487746
32605419	1081345
79074795	1610613248
8329719	16809985
54842511	2147487745
42657843	4311744513
79401387	18874370
69701151	2147491844
66260919	2147487745
733539	36865
45419295	2147487745
74635347	4295004160
12916911	36865
63486831	36865
15811203	83886081
59321163	1074823168
68680875	544768
61252527	1610613248
29401707	1074823168
12539127	671092736
992415	150994945
70236075	671088768
13130427	671088644
7574151	150994945
70889907	1610613248
80416803	1140883456
65009955	1610613248
43208643	8392705
14840175	53248
942843	1085440
27819291	4295000320
12987867	16781313
26352219	1610613248
16896603	6442451008
48451611	2147520512
3927207	36866
4836027	1610613248
62171715	67108929
23903103	4429185025
4165347	134250497
54711615	537919492
44476131	4295000065
13452159	2147520512
37504623	1081345
2437779	671088644
45105015	1085440
65891559	1610613248
44096727	16814080
17121459	1610612740
58025487	1610613248
37757991	2147487746
135759	67141633
71267691	1174405120
64829163	3221356544
20509851	5368713216
33834999	1085440
27305103	1610612992
54063291	671088768
29267571	1073745921
56405811	36865
2770203	4161
62158755	67108929
28939683	671088768
39408771	16809985
76890711	1610612992
49784223	1081345
4829547	1081348
37132671	37376
41024883	2147553280
16448835	16781313
32008611	36865
51126231	67141633
20791083	2147520512
49360107	1073745922
52337019	1073742337
2451711	331776
71198355	671088768
39865611	134479876
49387647	49153
63295671	1073774593
56149203	1610613248
75800451	1074270208
31862163	36865
63831891	1081600
37126839	1140883456
38629551	67141633
34774275	2148008000
6896667	40961
30729135	36866
16659759	150994945
75987075	4362080256
58737639	2147524608
34253283	2147487746
53721471	671088768
61267431	32833
18639399	150994945
34883139	1073778688
19233939	8425472
28122879	2148012032
2766963	4311744513
41027475	1610613248
20263611	671088768
69624363	1085440
40790955	1610612992
5009367	1085440
54901803	1140883456
24184659	1610613248
48433791	1610613248
2507439	1610612992
65784315	4102
29384211	28672
58482975	4295000320
8661495	67133440
35059071	1081348
13017351	16809985
47010783	1073778688
53552343	3221229568
38204787	1610613248
76049283	2147487746
45140979	57344
10758099	1073778688
49516599	2148012032
21041535	671088768
34872123	1140850689
5208951	1073778688
54498747	2684358656
57024003	16912384
55053435	4362108928
33508083	36928
77215359	4362076161
33404403	67141633
1843239	268568576
53174883	1085440
22909395	671088644
64132563	1610613248
59110563	1610613248
71217471	1074823168
59664603	1073766400
55781787	16781344
8115879	1610613248
1891839	1610613248
54508467	134283265
45332463	1074823168
31379403	5368713216
14661003	2054
10229979	36865
78578103	1610613248
2579691	1610613248
46277571	1610612992
50458791	36866
32766123	2147520512
55581555	1610613248
39241587	1073745921
9609195	1610613248
28700247	671088644
80260959	2147520512
31530711	671092736
123123	1085440
31532007	2147487745
18657219	150994945
32756403	101711872
54397011	1082163200
43913991	67109124
53927859	671088768
30846423	1073778688
43785363	5368713216
10162263	53248
63865263	1610612992
2360991	800
12177543	671088768
13813095	135184
43991751	168
742611	1610613248
3520263	1610613248
66317619	1610613248
36008715	327696
69452967	4395630592
52194783	2147487760
60270159	67108929
36615	1610613248
57110187	1073778688
53912955	17305600
58057563	4328554496
65364087	1610613248
42710331	671088768
77444751	8425472
41092923	4295000065
74030115	671088768
38424783	4311744513
30906687	1073745921
54629643	1081345
30430407	17301568
42787443	83918848
66821763	16809986
49615095	134254592
8048163	36865
46234155	1610613248
30358479	97
53001867	33591296
5649267	1610613248
42243771	2147520512
16425507	135266308
64313355	1610613248
53899347	4294971393
45335703	1610613248
46737003	561152
224859	1610613248
81144507	524322
54005295	1073745921
65172927	37120
158763	36865
69166551	1610612992
24665151	1610613248
64663599	331776
15910995	4162
48173619	671088768
33082671	53248
64086231	1610612992
7884543	67141633
50008107	150994945
57246591	1610612992
57498015	536903684
4778031	4362108928
81451011	671088768
54893055	1610613248
42331251	3221229568
23771559	135184
74620119	1610613248
35131323	131090
33432915	3221225984
4096659	1073152
9408963	134250497
14869011	518
46290531	67141633
43645071	1610613248
63826383	1081345
59846691	4353
79469427	2147520512
70526379	1610613248
27917463	1610613248
7677183	40961
695307	4311744513
13146951	4362108928
54186411	143360
19858287	150994945
50773395	8425472
20446671	4311744513
37891479	67141633
41651175	3221229568
1893783	1212416
48849807	36865
9013035	1085440
5985579	1610613248
2643519	4362076161
1140807	4102
57323379	671088768
33393711	4362108928
8321619	4311744513
78207447	1081345
59591055	536872964
33798711	1610612992
60569859	524354
18312483	1610613248
25340043	1074823168
45508395	4295004160
13085067	67141633
24761703	1610612992
52951647	35655680
65896743	16781313
62852763	2164264960
45545331	536871170
78614715	2164264960
58399383	4362338304
61162131	5368741888
6752163	16912384
13519551	40961
6848391	1073745921
4365255	2147520512
69350583	1610613248
6097683	2148012032
57322083	1073745921
78927699	36865
23618631	16843776
22079955	1610613248
8458671	1610613248
46762923	671088768
62773059	1081345
121827	134250497
70038435	36865
15190743	4102
36191127	1610613248
52167	36865
54281991	1074823168
80533443	2147487746
72583455	4311744513
53406219	83886081
72793083	1085440
16036059	83886081
23279727	1610613248
26439051	2147488256
58088343	2147520512
68687355	1074823168
75498807	1069056
31178199	2147520512
53571135	1610613248
61526307	1610613248
80017635	5435817984
68554191	17301568
53731191	1610613248
32895723	2147487746
20185527	4362108928
24678111	37376
4109619	2148012032
68474487	327681
38889399	67141633
31019115	1610613248
69123135	1073905664
9777999	1610613248
17261427	2147520512
15214719	5368709122
39985167	4362076161
10365411	1140883456
49583991	2147520512
49209123	32833
2536599	1610613248
24267279	671088896
3042363	1610612992
80294007	36865
38729991	671092736
52928643	1085440
15829347	83886081
34506003	83886081
8750919	134479873
46997175	1081345
51942387	134217857
62063823	67141633
10035579	2101312
51474855	4295000320
2069715	36865
35369463	671088768
170751	17301568
46598331	1610613248
17414679	32833
54164379	4571791360
22696851	1610613248
12878031	671088768
74484363	327696
72337539	67141633
30767367	67141633
33665871	17301568
5280231	67141633
47601435	1610613248
65125299	4295000320
42830211	1073750528
78023415	150995072
73338375	1074823168
70367295	1085440
32319003	33591296
39735039	67141633
17624631	4362076161
4330587	167804928
27940467	36880
1843563	2147553280
34244535	561152
1604127	100696064
20594091	671088768
61216563	1610613248
47341263	671088768
4617003	134479873
2883603	561152
81146127	67633216
1574319	1610613248
68589831	16809985
45020451	4226
103359	16809985
18937479	1074823168
77109087	671088644
74483391	1610612992
31320759	4295000320
57697599	1610612992
39206271	4311744513
32387691	32802
38242047	1107329024
67075779	36865
79305483	4311744513
2236899	1610612992
24034323	2147520512
63809859	16814080
25805307	671088768
25968927	1610613248
132843	134250497
62751675	1610612992
585795	1610613248
35513643	1610613248
6961791	4162
124419	36865
17911371	1073778688
79390695	1107300352
16425183	135266308
14245635	4311744513
51563631	32834
23656863	671088768
3089991	36865
80704839	2147520512
9501303	32778
34473927	2147487746
13684791	134283265
4372383	57344
24712779	1610612992
59592027	135184
31990791	4395630592
246567	4311744513
17822919	102400
23411595	1610612992
62901363	671088768
58027107	671088644
67929843	4362108928
74644743	3221225488
19813575	1107329024
42550599	20512
773391	1085440
75056223	4295000576
44885019	2147520512
44006007	4294977536
41413035	83918848
54063615	2084
16169547	57344
44179995	671088768
20136927	1610613248
26676867	671088768
21119943	16809985
21803259	1610613248
15709791	32778
56376651	1073766400
33413799	4362108928
61163751	4362108928
21132255	42
79737375	32833
56284959	65539
2493183	1610613248
21927351	2147487746
57521019	557120
42529539	1610613248
27641091	1610613248
48579591	671088644
45526215	1073778688
62109507	2155876352
61018275	557120
23999655	672137216
40861911	1610612992
37133319	67141633
31076463	1610612992
9126435	1610613248
25965363	2147520512
51081195	37376
37653339	327696
50209959	67141664
3018711	1610613248
40049319	1074270208
10867611	1081348
42503943	4395630592
35899527	671088768
39484587	2147520512
48419211	3221356544
16662351	4311744513
14424159	36865
62309415	67141696
28302699	16810240
55986879	4296048640
47635131	1073774593
59058399	4362108928
46518951	1074823168
41708199	4295000065
68406771	1610613248
38861535	1081345
35863239	671088768
11071731	1085440
58731807	331776
41131803	1074823168
35119983	135184
2008803	1610612992
77243223	134217864
79097799	1074823168
66309519	2148040704
69947067	4295004160
71163363	2147549186
8866263	4311744513
39898011	4311744513
11996427	2147553280
37909299	4311744513
46724367	53248
44972175	67145728
77903859	36866
2572563	4311744513
3842967	4311744513
60598371	1085440
34038795	32802
18625143	150994945
1689015	1610612992
22132119	1610612992
38977527	1085440
14606247	4102
8978043	4130
6416175	4295004160
39531	4362108928
33112479	57344
38545311	20512
28590087	1610613248
11093439	1610613248
44435307	1073778688
1618059	4295000128
72369615	1610613248
51897351	135299072
32995515	2181070848
12772407	4362076161
51716559	67141633
28688907	4295000065
5863755	1610613248
34610655	50
51150855	1610613248
41290563	83918848
40126755	1140883456
26150691	32802
9017571	2164264960
19433523	16809985
31536543	1610613248
70720131	3221356544
40208727	1610613248
51144051	33591296
28316955	671088644
34647915	4295000065
1890543	36896
65556867	16809985
16908915	2147520512
75992583	4311744513
33928959	4311744513
68187747	3221258240
16682115	2147520512
2926371	2164264960
24017151	66064
24460383	1610613248
38683335	536903936
81482439	17301568
5650563	4362076161
17296095	1610612992
53329431	1074823168
3493047	2701131776
80166999	1081348
4106379	83886081
36236487	1610612992
38940267	1610613248
125715	134250497
8176791	4295000576
65671887	1610613248
56565543	32833
38041167	1140850689
26239143	1081345
3919107	2147483682
6387015	4102
5832003	3221229568
33123819	557120
38825571	37376
22539063	150994945
31949319	36865
26775687	1073745921
32817639	1342177284
31778247	1610612992
48833607	578
45535287	1610613248
25879179	1610612992
43648311	1610613248
80809167	671088644
57931527	36866
37680879	1073762304
51628755	2147520512
55185627	1085440
42474135	150994945
75606375	2147520512
63628095	1610612992
80945895	1610613248
29951859	4311744513
48854667	1610613248
23722959	4362076161
69319479	671088768
7468851	671088768
17305815	561152
20813763	4311744513
3222831	196612
80345199	36865
571215	671088641
73731063	3221229568
938631	134217860
79545567	201326593
66774783	671088768
8612895	1610613248
70253247	5435817984
6595995	2147483682
40453347	1073766400
21351279	1081345
64423515	1610613248
62046327	67108929
81123123	36865
66605331	536870917
2121231	37376
46768431	36880
58663767	1074823168
19571223	1610613248
503499	4311744513
78778335	8425472
56848719	1610613248
70447323	1140883456
2537247	1610613248
20823807	4130
25480335	1073745921
61116123	671092736
13928439	1610613248
19931835	67141633
40225575	4295000065
27834195	4295000320
36070923	671088768
70849407	671088644
34876659	536907776
66545715	671088768
70839687	1073778688
51458007	1610613248
14754315	1081856
3723087	32834
36056343	4311744513
13744731	2147520512
21105363	1083179008
42079179	2147520512
36017139	1073778688
49094427	57344
21315963	67141633
51864627	1107329024
63622263	1610612992
57968463	671088768
36374187	1610612992
38990163	1610613248
26245623	1610613248
69691755	671088768
9221043	1610613248
15181347	671089152
78773151	83886081
10301583	1610613248
72215391	2147487746
53185575	2147487760
19744887	4295000065
67234215	1081345
1108407	83886081
30178011	1610613248
44514363	57344
58770039	2147524608
16220091	4429185280
33205791	1081348
33636711	1610613248
73418727	671088768
59281311	1610613248
25227291	4353
58169343	1073745921
70496571	2147647488
22019691	1081345
16424859	135266308
79744179	67142144
38722539	4294971393
12713439	671088641
24124719	16793601
35099571	36880
60773007	2148012032
18810471	2148012032
48074475	3221229568
32647539	2147520512
77743155	5368713216
24884175	1610613248
52937067	524354
21311427	327696
43915611	36865
51268143	36866
55913007	4295004160
60460995	1085440
1419123	4311744513
79884471	1610612992
8469039	17334272
48999171	36865
7514211	4362076161
66991863	3221229568
50494431	1048582
59605635	1610613248
12114363	1610613248
51446991	1030
16772835	1610613248
38798679	134254592
47453367	4311744513
54157575	1610613248
67826487	671088644
51446343	2147520512
65871795	16809985
3043983	1074823168
1115859	67403776
2081379	4311744513
33437775	57344
4433619	1610612992
46639155	57344
34700403	2147520512
1038423	518
40452699	671088768
70095459	134217794
16698315	4162
74784387	1081348
45565419	4362108928
41878299	671088768
42095379	1610613248
51018015	2147520512
61504923	32833
43566015	671088768
22760031	8425472
80797827	4311744513
27974163	32833
45422859	1610612992
80048739	671088768
34101975	4295000065
28729407	3221229568
52780575	1610612992
38698239	36865
41933703	5368709121
79181067	5368709121
6378915	16809985
31975239	2129921
56193915	2147487808
68306979	2147778560
63736635	4311744513
43362219	1610613248
24341475	83918848
30701271	147472
78807171	557058
51100311	135299072
38412795	134217860
1712991	1610612992
3711099	4395630592
5056995	36866
36228387	1073778688
75832527	1610613248
43954815	671088768
51124935	4296048640
1040367	134217733
44421051	671088768
68622879	1073746176
36519339	16809985
2985987	536907776
58630719	36865
65819955	19398656
36212187	67145728
18992235	4362076161
4742391	134217858
339555	16843776
42809475	671088768
53478795	671088768
29516403	83886081
76082007	1610613248
70236399	671088768
77191707	1081348
29761671	57344
80234067	4311744513
60445443	134217734
64890399	5368971264
22505691	671088644
27673167	134217860
39060795	4130
77463543	150994945
36187887	67141633
57382671	1081345
18189039	2147549186
75302787	16912384
69842739	16781313
75581427	2147487746
55747119	1610613248
66087255	1107329024
20791407	7
35329935	67108929
14984679	83886081
39214371	4295000128
50982051	4294971393
22088055	2101249
26761755	1140883456
16681143	561152
8400351	36865
63206895	1610613248
69749103	36865
26325003	2134016
59035719	1085440
72565311	1610613248
70896387	1073745922
31655775	1610613248
53575995	4429185088
32312847	4362108928
25674411	1073778688
42054555	2147487745
7611087	4362076161
63640083	4362076161
8021919	1610613248
11608599	1610612992
36478515	1610613248
77936259	1073778688
35456943	671088644
65331363	17104896
38953227	536870946
49320579	17301568
13386063	196610
80109327	1074298880
29312931	1085440
33406671	1048582
72330087	1610612992
1834167	40961
17954139	83886081
60355695	4362076161
35736555	1610612992
66278091	1073778688
69875463	1610613248
2487675	1610612992
59099547	327696
2244351	36865
80232447	4362076161
13412955	196610
66393435	1610613248
50975571	671088768
65751591	1073778688
80509143	1140883456
1389315	8421408
2496747	1610612992
48891279	16779266
55527123	1610612992
69544335	2147504128
19912719	134221825
32809215	1610612992
23598543	2147520512
53631723	3221356544
5026539	1610613248
47342883	16809985
36637923	1081345
58109079	1610613248
14740059	671088896
17120163	2147500034
8385447	4362076161
31957419	2164264960
59628639	2147520512
20766135	68608
27751899	671088768
34629771	1610613248
10416279	37120
30077247	135299072
48887391	3221229568
79221567	2147520512
43248495	671088644
24422799	327681
2346087	67109152
10241319	2147487760
37792011	1081348
68440467	3238002688
37379235	196610
64036659	1610613248
62096871	524354
78577455	1610613248
45123159	4295000065
13915155	1610613248
40272555	4311744513
4063287	134218756
31449063	4295000320
720255	536871170
77655027	83918848
467859	134217733
6485187	1085440
29431515	1085440
58637523	1074823168
52437783	1610613248
76838871	1610613248
55389423	16797696
63733395	1610613248
20739	133122
46824807	671121408
8607387	1610613248
26557959	4295000320
33209355	1085440
45542739	36865
74207343	5368741888
21948411	150994945
71886855	1610613248
56314443	4362108928
79189167	1073762304
36038847	1081348
7575447	2148012032
64526223	67141696
39011223	201326593
40502919	671088768
14882619	1610613248
42994803	16818176
79260123	8425472
63095115	1610613248
69483747	4311744513
36277635	671088768
36733503	2147487745
15487851	36865
35803623	536903684
12765927	1085440
51882447	2147520512
2955855	1610612992
48838467	4362108928
34412043	671088768
4809135	671088768
67208619	67108929
20308647	671088768
2773443	57344
477903	672137216
22667691	671088768
2239491	2147483682
11064603	1073778688
64998291	16809985
7709259	67109380
47269011	201326593
5828763	2147520512
21731655	16809985
13017027	36880
37088931	20481
9959115	1610613248
76917603	671088644
57280935	671088768
66177651	37120
18747939	67141696
12802539	36866
12088443	3221229568
76170135	2147876864
62832675	4362076161
68573631	4362076161
73930647	1610613248
75697095	3221229568
69529107	32802
39164151	36865
18065271	36880
68427507	671088644
30718443	134217858
167835	1610612992
24784707	1085440
57030159	561152
64121871	1610612992
35037687	37376
34676427	2147520512
35781915	4295000065
57697923	671088768
77489787	1610613248
32946915	49664
34017411	4362108928
52584231	32864
35863887	1610613248
29647947	671088768
36731235	36865
78367827	36865
330159	1610612992
30553203	2147520512
61626099	2147520512
49879479	524353
619491	671088768
71916987	83918848
60579579	28672
22804419	3221225474
13041327	2147520512
54264171	1081348
6002751	17301568
37989327	1610613248
61574259	150994945
74589663	1081345
43344723	67141633
78880719	150994945
72377067	4362108928
31061559	1074823168
13685115	1610612992
20595387	167936
7894587	1610612992
23472507	137216
12966483	1610612992
79297383	1610613248
62805783	1610613248
26027247	1610613248
70863015	1610613248
3539055	36868
35873283	167772161
29341767	1610613248
80703867	36865
17178807	4102
61476087	4362076161
8970915	134217733
184035	2147487746
25490379	4362108928
76764027	2147520512
58668627	135266308
12396567	671092736
68939751	4362108928
75304083	36865
5502171	3221229568
22477503	1074823168
45474699	1610613248
40220715	671088768
60875391	4362076161
52743315	134283265
34139883	67141633
70296987	1081348
2222643	83886081
28535331	1085440
8532867	1610613248
16218795	1610613248
36413715	150994945
41760687	1610612992
62914323	36865
46517007	1073766400
74010999	1081348
67787283	1081345
505119	67072
23995443	672137216
35176359	1081345
46800507	2147487746
6780027	2147487746
18474483	150994945
14447811	4362076161
69414735	2147520512
13667619	1081345
43200219	196610
21777015	24577
32377647	536871680
38750727	1081345
50558907	8425472
40540827	16814080
42872007	16781313
33544695	1073778688
59471823	6509559808
7953555	8425472
42156615	671088644
13479051	83886081
396903	1610612992
72978735	1610612992
56059131	1610613248
6126519	16809985
18837687	32833
61476411	1107329024
42375963	4099
16838931	2147487746
64798707	36865
27387075	1073745921
9384663	2147520512
6687363	66562
78588147	577
44170275	671088768
21080091	36865
43539771	671088768
4505547	524608
26234607	16801792
31687527	1085440
78084003	1074823168
77206287	1610613248
23918979	134254592
58333935	1610613248
72593823	1610613248
61951071	1610612992
1077951	2129921
75276219	1610612992
17587371	1073778688
70233483	1085440
25429467	4362108928
24700143	67141633
50373579	16814080
3449307	671088644
56178039	67141633
57447147	1610613248
288039	2147520512
16240179	4362108928
11780967	1081348
68024127	36866
35542155	2147520512
79560147	1610612992
57427059	1610613248
5708559	2148012032
10056639	2147553280
27012855	150995072
13525383	134283265
28670763	134254592
18970851	150994945
55192107	3221229568
129279	67141633
6387987	2147520512
4024731	577
3954747	134250498
28931583	2147520512
36806403	2147520512
71444271	1610613248
59640303	331776
76418967	2147520512
1279803	4311744513
3830007	16842754
25280751	1610613248
37424271	67108960
72388083	2147520512
6840615	4395630592
64645779	1610612992
57207063	671088768
78131955	33652736
37137207	1610612992
68115171	671088768
62535891	2147520512
8787855	1610613248
29603559	67108874
26729031	24577
57756243	1610612740
19956459	150994945
6018951	1610613248
67806723	2147520512
55133139	24580
8280471	671088768
13553571	800
67084203	67141633
9448491	2147488256
35591403	671092736
26989527	1610613248
74140599	32833
56686395	671088768
62345379	9469952
11772543	2147487745
28419339	2147520512
38958735	67115008
5279907	16810496
12351855	1073745921
55694631	36865
10120143	671088644
71285835	1140850689
59012715	1140850689
29490159	1073766400
50277351	1073766400
74467191	4311744513
798663	1610613248
62252715	135299072
45151347	37376
58007991	2134016
26193459	3221356544
24221595	57344
3103275	4362108928
1041015	266
6088935	53248
54389883	4864
49371771	1610613248
55033347	561152
6113883	8392736
80113215	561152
32941731	17301506
14105019	1610613248
11926443	4362076161
63432399	4362108928
68283327	1085440
51745719	1081348
40458207	2147520512
42514311	2148007938
3572103	1610612992
16609215	4295000065
26103711	561152
3967383	4362108928
6523095	1610613248
73557399	2147520512
38971047	16781313
44837067	1610613248
14073915	1090519041
80372091	1074270208
40211967	36865
32978019	67371009
27969627	2147487745
43678119	67108874
79070583	671088768
52048011	2147520512
65501787	83886081
1822827	32802
2900775	1610612992
74523243	1073778688
48830043	671088768
38309439	4311744513
14533671	671088644
17476887	1085440
37568451	16781313
80153067	2147520512
36670971	1074823168
28868079	2147520512
28223967	561152
34013847	68190208
72938235	327682
62717007	5435817984
55542999	1074823168
16428747	135266308
3523179	1081345
30321543	36865
22642095	1610613248
41765871	4362076161
59547315	1140883456
56478387	28672
4994787	1610613248
55257879	1610613248
40768275	167772161
57125091	1610613248
50187279	1610613248
14773755	536871170
12239427	671092736
10374483	134250497
44450859	1212416
53525127	2147487746
13410687	1085440
14988243	2147520512
53219271	1073778688
63873687	2147520512
7426407	1085440
1981263	150994945
3063747	1610613248
51068559	671088896
65653743	16908290
25017663	2147520512
19193439	2147520512
51859119	3221229568
37683471	536871680
59180871	36866
70891851	1610612992
30807219	1610613248
6167343	67141633
75748611	2147618816
35065551	1610613248
68528595	1085440
564087	4102
37356879	1081348
62227767	1610612992
75916767	1610613248
72474591	671088768
42861963	2147516418
74650251	1073766400
41266587	671092736
29306775	1073774848
39670887	671092736
75072423	4395630592
6190347	536871172
40830159	36865
20889579	2147520512
15790143	83886081
94287	16777250
55742583	67145728
2180523	1085440
68287215	36865
30444987	3221229568
22140543	671088644
32960847	327681
131871	134250497
10731207	1073762304
24165543	327696
26287419	553648384
13675071	1610613248
74907831	67141633
47130663	32833
20110683	16814080
46241931	536871680
69744891	1610613248
75016047	40976
58475523	32778
63038739	4295004160
54038991	102400
29898075	2147549185
13724967	83886081
280911	1115136
10219287	150994945
24437055	4102
37874307	1610613248
37257087	2147520512
57668115	4295000065
33483459	1610613248
80803659	5435817984
54043851	1610613248
5189511	1074823168
21620847	37376
32843235	36865
31497987	1610613248
53015151	16777732
14263779	4226
63036795	2147520512
451659	1610613248
22200483	4295000065
39577575	167936
77842299	1081345
63087339	16809985
4634823	2147520512
6098007	1081348
66275499	75497473
5542023	4295002112
24215763	4099
1345251	4311744513
7173363	134217734
44474835	1610612992
61429755	1610613248
19191495	33652736
52087863	135299072
1417179	1610612992
63326775	2164264960
43968423	36866
25569435	1610613248
4906335	4102
72395211	150994945
16784823	4295000065
38369055	3221229568
10887699	3221356544
33027591	36865
58309635	1610613248
71651307	2147520512
63617403	1073778688
7482459	150994945
69725775	1085440
52269627	561152
7603959	135266308
22505367	83918848
3955071	1610612992
79687155	137216
1521507	32833
21830151	1610613248
64060635	4295004160
67607787	5435817984
17932431	83886081
20771967	4328652800
5726703	2147520512
41916207	4295000065
65546823	331776
57969111	1140883456
64649343	2147487746
26882283	671092736
2142615	1610612992
39079263	5435817984
42148515	36865
20982567	1085440
50242359	137216
56012799	36865
6090231	1610612992
60045627	1610613248
11003367	671088641
56398359	36865
7033071	1610613248
44611563	1074823168
19986267	16912384
61653963	37120
57056079	4362076161
53396823	5435817984
58032939	1081345
43300983	1085440
31454247	36866
5745819	4295000320
47923815	134221825
73431363	1085440
74606511	65601
80287527	536903936
32320623	33591296
47937747	70
55863759	37120
31134783	4295000320
77600271	1085440
10790175	1090519041
70865283	4362108928
23832795	1610612992
23003355	5435817984
34479111	1610612992
28223319	16809985
32108079	36865
46375743	33281
4989279	2147483682
13974447	2147618816
46197867	2148012032
50196675	1081348
50883555	2147520512
62305203	1610613248
40823031	36865
57417663	1610613248
27424983	2147516448
49341639	36865
61597587	1610613248
48478503	67141633
31895211	1610613248
64431615	2214596608
60023919	327681
6922263	16809985
2557011	1610613248
76263771	4311744513
70186503	37376
77643363	33587201
4905687	167936
58919727	37120
42169899	671088768
12188883	1610613248
1054623	1074790404
39025155	4311744513
15292155	1610613248
64168527	4294967553
20083467	2147484674
43137687	671088768
51351411	2147520512
7463343	1610612992
39914211	134217734
57516159	1085440
43169763	67141633
40816227	37376
54232095	16809985
10211835	1074798592
23538927	35
71642235	17301568
47426151	16809985
81679107	671088768
18449859	4311744513
48921411	8425472
58684179	671088644
64574823	1073746432
7870935	1610613248
34614543	1610613248
67768815	16809986
22629135	1610612992
28034427	8425472
41743839	327681
46300251	1610612992
55831359	1074266176
12430263	671092736
67999179	1081348
31281231	1610613248
122475	134250497
30512703	1074823168
3615519	57344
75712323	536870918
79610691	36866
27201747	1073778688
25994523	262210
62377131	1610613248
64499331	1081348
31280259	1610613248
79130199	5369233408
73478019	53248
80331591	2147520512
30525663	4311744513
45002307	671092736
35788395	687865856
48577647	4311744513
4421955	1610613248
4658799	83886081
76147131	4311744513
57141291	201326593
42247335	2147549185
27692931	1085440
25852611	2147520512
42019239	150995072
62246559	36865
67500867	4362108928
25222107	1610613248
47389215	4362076161
29342739	2147549186
15481047	1610612992
50089431	1081348
40508103	66564
39565263	671088768
3459999	1073778688
23266767	1610613248
51145347	1610613248
1250643	1610613248
14984031	37120
25809195	4311744513
35629635	4311744513
32582415	4362108928
11158887	40961
22006731	32802
2804871	65793
18063327	67
50507391	671088644
43052151	671088768
34617135	536871680
10337871	4362076416
8283711	36865
63439851	1085440
26736807	1074823168
186951	1081348
40603359	2147520512
47526591	6442455040
23301759	671088768
1456707	2147520512
62649291	1610612992
37007283	1073766400
46392915	4226
896511	4102
7133835	2147487745
12894879	671088644
6697083	134217733
41580867	4362108928
49980891	1610612992
68444679	1610613248
57857331	1081348
33283551	67108944
73928379	1081345
49807875	1081348
15448647	36865
11274555	2147618816
39440199	2147483682
31206711	2147520512
29496963	2147618816
67448703	53248
100443	36865
48055359	5435817984
364503	1610613248
2451063	671088768
40670751	4294971393
3150579	8425472
75256455	4130
47372043	2147520512
23038347	4311744513
3654075	135299072
77224431	1081348
61310523	1610613248
4038663	4311744513
40575819	1074823168
27603183	1073778688
23253483	4295000576
70900275	1610613248
44920011	1610613248
50814543	2147487746
66754047	3221229568
67125027	36865
43127319	1073745921
75192303	1610612992
16986027	38912
1204635	1610612992
27947271	2147520512
75553887	1610613248
57102087	671088768
76040211	4311744513
50682351	671088768
10589295	671088768
29966115	1610612992
4218807	2164264960
76612071	32834
47489007	1610613248
15081231	83886081
32744091	2147520512
76267335	2147520512
22728927	1610613248
2904663	537920000
37078887	671088768
81180147	37376
33298455	4610
16124187	1610613248
57625023	2147520512
43155183	671088768
3487539	671092736
20069211	671088768
42314403	671088644
33337659	135184
28704459	67141633
45416055	1081345
16043187	83886081
44031279	36865
69201543	1610613248
965199	1081348
39495279	37376
36763959	67158016
16949739	2147520512
55336287	37120
68527623	2147520512
39709119	4129
2611119	4311744513
47959131	4362076161
31250127	1610613248
5743875	1140850944
57228447	671088768
55391691	37120
6899259	36865
73481259	2148012032
709887	1073750528
63689655	536871170
12045675	4311744513
70805343	36865
25756383	671092736
27093531	671088644
18255459	83886081
75718155	557120
63427539	1610613248
8519259	36866
18760251	135266432
47483175	135299072
81613659	1610613248
56461215	16801792
67907811	1074823168
54528879	671088768
49330947	4395630592
16132287	1610613248
322059	2164260866
5573127	8425472
73735923	1610612992
23752119	1610613248
15720807	83886081
76584207	1610613248
68003391	1610613248
2343819	1610612992
48813195	135266308
32987091	16809985
5093931	98306
29992683	557120
30745335	4311744513
45108579	57344
25598595	1610613248
74277327	2147553280
53755491	1074823168
17260455	1085440
78049011	150995072
1796583	2129921
53300271	1174405120
1261983	2134016
80658183	1610613248
40616643	4362108928
80751495	1610613248
79910715	1610613248
607503	32833
22425987	4429185028
70771971	2147487760
31357695	1085440
66613431	1610612992
185979	36865
43596795	4362108928
55676487	1610613248
61732047	1610613248
38662923	20736
49708083	135266308
36147063	1074823168
32847123	67141633
14387547	671088768
52051575	2147520512
57993087	524353
66951039	36865
77314179	83886081
72935967	2147520512
27950511	671088768
41227059	1610613248
81281883	4362108928
66447867	671088644
6738231	1610613248
41621691	671088768
51151503	33281
76699875	1074823168
58758051	4130
69153591	16777282
70353687	671088768
55745823	37376
1012179	67141633
12535563	671092736
8589891	1610613248
21498051	2147553280
12604575	4311744513
54520455	4328554496
5574747	1610612992
2258931	36896
57587115	3221229568
16690215	57344
6314439	4362108928
60983931	2147520512
24342771	327696
21023715	1085440
77987127	16777476
37998723	671092736
73588179	1073778688
34877631	67141633
15736035	83886081
23327355	4106
46578243	1610612992
47412543	1610612992
40892367	1610613248
47092107	1610613248
48598383	65539
61383099	536903936
52250835	67141633
54491619	4311744513
68316375	133122
70356279	1085440
42420999	2148008000
43717971	196610
64331499	4362108928
73970823	528448
28694415	524353
51897999	2147487745
71221035	4311744513
79549779	83886081
21824319	16809985
28999623	4295000065
64418331	4362076161
58096119	16781313
46460631	2147487746
3052731	1610612992
40562211	4294971393
26871267	671088644
37352019	196610
44392215	1073774593
75970227	2147483682
39823491	2147520512
16836987	4295000065
32681883	8425472
48677115	671088644
14385603	36866
37516287	4295000065
35822739	4295000065
47527563	1074823168
12577683	135184
55092963	1610612992
44910291	1610613248
42108987	524353
13679931	1081348
27999435	1107329024
44945283	4296048640
29525151	671088768
31370979	1610612992
51276891	37120
75091863	536872964
51115215	16912384
56672787	2147520512
17249115	2147487746
50756547	6146
59224287	33587201
1868511	4362108928
21152667	671088644
43319775	3221229568
28226559	1048836
53259447	83886081
34613571	1140883456
32391579	1610613248
75725607	16912384
42129399	16777281
29503119	4294967361
56452467	671088768
2120907	155648
38803539	2147749888
80117427	3221229568
16806855	17334272
2615331	1073745921
10660899	67141640
25259367	16781313
8111019	2148012032
63239295	2129921
34930119	2147520512
58704915	671088768
47096319	2147520512
35637087	1081348
79966767	134250498
68761875	32833
50591955	4362108928
39852003	36865
918219	20512
977187	4362108928
73417107	2625536
77367963	67141633
35741739	1610613248
46540659	36865
77239335	3221229568
144507	4296048640
77667987	36865
15005739	67141633
6610251	1085440
75637803	4311744513
39057231	671092736
59245995	1610613248
27765831	1610613248
62788611	1073778688
26663907	1073790976
23739807	36928
66848655	36865
58038447	1610613248
670359	1081856
40596231	35
62750379	2147487760
75147915	1610612992
56009883	4294971393
13248363	201326593
2248563	1610613248
4111563	2701131776
16686651	524384
1908687	4362108928
66615375	5368741888
37789095	4102
21823023	16809985
9145227	1610613248
47865819	1610613248
13405827	671088768
68195199	67141696
53110083	67108929
64133535	83918848
7986603	2147487746
2141643	4311744513
71984055	331776
3745119	4311744513
50684619	57344
25384755	671088768
39715599	1085440
70114575	1074823168
18002739	3221229568
76617579	1073774593
24980079	1610613248
22148319	98305
66811071	577
4529199	134217860
53948271	4362108928
71718051	1081348
73487091	37376
13429803	57344
62425407	97
50359971	17301568
51378303	17334272
46871787	1610613248
24468159	24580
62013603	2147520512
17902623	1081345
16947471	2147487746
55817751	2147487760
17102667	167936
6216591	4295524352
36857271	671088644
78290391	1074823168
14566719	1610613248
40268019	4294971393
28131627	2148012032
53029083	671088768
42898251	1610613248
27850395	4295000320
33639303	36865
43501215	671088768
2244999	36865
62579307	1073778688
49312155	135266308
11581059	1610612992
15992967	1082163200
11484507	4296048640
58027755	1074823168
6780351	135299072
78101499	67108960
37897959	4311744513
6044223	1610613248
60594159	673185792
41950227	1140854784
62290299	36865
43595175	17305600
37271343	4362108928
4853199	671088768
20975763	16809985
70590207	4362076161
80411295	2147520512
19037271	16809985
42554163	32802
37332903	4295000065
62446143	36865
38869959	40961
79261095	2148536320
57665523	2147520512
60150603	167936
26305887	1610613248
39258759	36865
28411563	83918848
3348543	1074823168
35489343	1140883456
78905343	1074823168
25540923	201326593
18974415	83886081
33153303	8425472
32075355	4311744513
79258503	1073746176
44626467	2148012032
25928427	671088768
4975671	16778752
24477555	1085440
19452639	2147520512
18612183	5435817984
17597739	57344
524883	1081360
74736435	2625536
47563851	36865
16416759	16777250
60342411	1081348
6186783	167936
72783363	3221229568
21532071	67109377
25327407	150994945
33762747	524802
37383771	1610613248
1442451	4362108928
58803735	2147524608
81223563	299008
44563935	2147549186
532983	67141633
22909071	671088644
49457631	36865
5264355	1610613248
30034155	1610613248
62841423	2147487760
61516587	83886081
77249703	1081345
45497379	4311744513
64707663	1610613248
25052331	4362108928
38953551	32834
58023867	1085440
21933183	16781313
52196079	67141633
42835719	2148012032
24214791	3221229568
65796627	67145728
42008223	3221356544
999867	2147487745
32757375	37376
24035619	1081348
18457635	1610613248
36574743	1610613248
51412647	1073778688
34788207	671092736
17246847	4362108928
23840895	1085440
1329699	4106
70809555	37120
26190867	1074823168
18004035	16781313
19250139	4311744513
51002463	4362108928
3645975	327681
16652307	1610613248
69559239	4353
7400811	4295524352
12975231	134742017
24462327	4311744513
30262899	1085440
47656191	1073745921
49423611	671088768
72409791	4311744513
36443523	671088768
2979183	1610612992
41575035	4295000065
40924443	37120
73918983	4295000576
2139051	4311744513
54214275	3221229568
26184387	1610612992
81132519	1073778688
7356099	40961
32365983	1610613248
24982995	57344
56548695	4362108928
72345315	671088644
13249335	98
55912683	1610613248
81131547	1073778688
2905311	561152
48594171	150994945
38008767	33281
50064159	134250497
68131047	5369757696
60083859	33587201
9407343	1074823168
24245571	1610612992
18586911	1074823168
44468031	135299072
36724431	4295000065
9284547	4099
14368431	1073745928
12157131	1610612992
20021259	2147487746
58812807	1610612992
32030967	2147487746
50378763	671088768
52197699	2147520512
28882011	83918848
6030939	1610613248
43276683	1085440
75351387	1610613248
4755999	3221229568
57821691	1107296257
29204715	134221825
7974291	201326593
21789651	1610613248
6643623	2147483682
56826039	36865
57964575	1074823168
26404383	135266308
62032395	1610613248
50043423	1610613248
75167031	2147487760
13826055	2818572288
23994147	24577
42552867	65602
17905539	4162
80328675	3221229568
22222839	1610613248
39218583	2147520512
63570099	1073778688
72734763	53248
17093919	1610613248
55044363	28672
54613119	1610613248
59782215	1610613248
40543095	67141633
71881671	1610613248
46940799	1074823168
41046591	1610613248
33486051	671088768
62729967	32802
1709751	4102
78140379	1610613248
48414999	671088768
78048039	150995072
4093419	1610612992
68401263	1610613248
64101783	561152
21919251	114688
47159499	671092736
10975503	1610613248
38956467	36865
60549123	2147520512
35562891	671088768
79492755	137216
10901631	1081348
604587	1081345
39909999	4362076161
70871115	1610613248
17160987	671088644
79859523	8425472
8330043	1610612992
80120019	37376
51132063	1610612992
23432655	4294971393
52313367	1085440
12009387	100663312
143211	1610613248
75551619	4311744513
42594663	671088768
25833819	196610
49881099	134250497
63320295	4311744513
45574491	57344
48028791	1610613248
58741527	1610613248
61902471	37376
39840987	4362076161
76843407	134250497
53168403	4362108928
71209371	5435817984
52644171	671088768
7615947	67141633
60530979	4295000065
35058747	3221229568
61044195	671092736
56413911	83886081
75507555	1074823168
40026315	8425472
76041831	1074823168
66213939	70
1344927	671088642
36000615	4295000320
12942183	1610613248
72258483	4311744513
19732899	150995072
44217903	1610613248
78803931	2147487746
22669635	1610613248
15216339	2147487746
77817027	32833
80069151	2147520512
28556715	4311744513
46802127	4311744513
8152167	4311744513
38371971	671088768
40634139	536871170
76515843	1610613248
333723	4311744513
30473499	4295000065
48600975	671088768
52718367	1610613248
28041555	2147520512
73827939	671092736
28154955	16781313
16699935	67145728
8586003	1058
25583691	2147520512
48548163	2147618816
34590243	4429185028
8862699	4311744513
71555727	4295000576
68043	83886082
69023991	67145728
62952231	1085440
6221775	37376
65093871	67141633
77707515	1081345
17612319	4362108928
36788907	67108897
25225995	67145728
79962231	2147520512
47008839	1610613248
17710815	67112961
15440223	83886081
2337015	134217733
74415675	37376
27240951	2147618816
16054527	83886081
46364079	1610613248
17119191	1610613248
25031271	134254592
14791251	134283265
76545651	201326593
4590435	1610613248
47166951	4362108928
44102883	537919492
2535303	671088768
33130947	4362076161
79376115	3229614080
71759523	4362108928
12963	1610612992
70458663	4099
2127063	36865
44368563	671092736
57535599	67141696
6775491	135266308
64457859	1085440
53295087	1610613248
1924239	1610613248
80031891	2147520512
56227611	1073778688
68306655	134254592
32959551	3221291008
6780675	1610612992
28832439	67108929
720903	67141633
68716515	524306
61501035	4311744513
77227347	1610612992
11056179	135266308
23297223	2147749888
39616131	2147520512
2340255	2147487746
42320235	1082134528
860871	4311744513
519051	327696
46303167	83886081
8271399	2147553280
2462403	2147487746
55110783	3221356544
24570867	2147487746
72014835	1081345
11466687	1074823168
7248855	16809985
77238687	36865
68746971	36865
24327543	2148012032
2388531	83886081
68195523	41984
69366783	16809985
68866851	4362108928
2666523	17039361
17682627	1610613248
6075975	67133440
39287919	32864
3195615	196610
39152163	150995072
26533659	2147520512
47725851	671092736
1727571	32833
48336915	4362076161
9105699	671088768
77414295	2147618816
23587851	65793
47190927	2147487760
5032047	2148012032
32927799	24608
19896843	6442455040
81380379	1074823168
70240935	524802
27491079	2147520512
13045539	4295000320
22588635	6442455040
59757267	4311744513
40335735	2084
31357371	1610612992
12609759	2147520512
75590499	2148012032
52944843	1610612992
43389435	4295004160
9207435	671088768
984315	1074823168
50082627	37120
1276239	1073152
61370463	1056772
20990343	1610612992
51755439	134254592
29119827	4429185028
78564495	32833
69625335	2147520512
44760603	4395630592
13408095	671088641
5947995	42
7278015	32833
555663	1081856
5925315	1610616832
25817619	2147520512
12451971	671088768
9980175	57344
70956003	4295004160
73827291	150995072
41335599	67141633
28380135	201326593
65169687	1610613248
23978271	1610613248
6968271	1610613248
130251	134250497
36488235	1085440
49974411	671088768
21442647	83886081
34625235	1085440
6693843	4311744513
42054879	2147520512
52516839	2147520512
47867115	57344
12915939	671088768
60617811	1610613248
61561947	37376
57405351	3221229568
78265119	1085440
78872619	1073775104
18879807	134217733
28938711	201326593
8698107	671088644
75238311	135299072
54796179	1085440
26914035	40961
54120963	16809985
60440259	37376
25894731	672137216
63518907	40961
36554979	4295004160
37896987	2147504128
463323	4295524352
5810619	83886081
43574763	36865
20585019	671088644
38399511	528386
39022563	1610613248
42650715	671088768
9181515	4311744513
61244427	1610613248
63504975	36866
3517347	671088768
22127259	671088768
63307011	1610613248
47225271	671088768
5115315	16779520
22074447	67141633
66653607	20482
20771319	201326593
76866087	1610613248
38599743	4295000065
32733723	1610612992
76286127	5368709121
39743787	1081345
27064371	524864
20020935	83886081
70710411	4311744513
37253199	578
17089059	1085440
63426243	83918848
214491	50855936
30443367	671088768
20600247	4362108928
59086911	4362108928
23776743	36896
43130883	2147520512
79950567	36865
44860395	5368713216
29380323	32833
79459707	344064
44235723	1074823168
57178875	33652736
10993971	10486016
43290291	6442451008
81300999	1140883456
19850835	131090
38531055	1610613248
5720871	2147488256
49730763	1081345
36282819	150995072
41505051	1610613248
36860511	67141633
7780215	671088644
14059335	671088768
49097343	4362108928
5838159	1610613248
80030595	102400
18971175	4311744513
24595491	135299072
34220235	524322
68633895	4362108928
76023363	2147618816
46728903	32802
15786255	4311744513
39678339	1073745921
40483155	1073778688
35319	135299072
7990167	1085440
26373279	1081348
76983375	2147520512
32095443	671088768
56419095	1140854784
43356387	671092736
37059771	671088768
73904079	2148008000
72724719	671088768
26855391	37376
57345735	671088768
64558947	1610612992
761079	25165825
66096651	1073766400
36907167	16809985
10299315	134217733
81335667	671088768
76485063	1140883456
63941403	37376
38809371	36865
66210051	1085440
65437635	4294971393
53989095	1081348
6518883	4429185028
36734475	4311744513
59326347	4362108928
45701499	671088768
44583051	4395630592
53920731	4328554496
5763639	1610613248
47503587	4362108928
53337855	4362108928
17348259	4295000065
7089123	4362076161
3415287	16779268
63898311	1085440
69376503	4429185025
36111099	150994945
77968011	1610613248
12162315	65554
72902271	1085440
36971319	1140883456
28349355	5368741888
61329639	67141633
7366791	1048610
63962463	4295004160
36899067	1610613248
78905019	2147520512
940575	1140883456
12025263	135299072
65328447	1610613248
66547983	1610613248
54723603	2147520512
38328879	16797696
7627287	4609
1473555	1610613248
80309883	69633
6754107	1610613248
52281615	1610613248
77622303	36865
8317731	1610613248
65604819	4294971393
43430583	1610613248
4837647	8421377
35919615	671088644
14889099	32802
28888167	561152
5527767	1610613248
29579583	83886081
64846983	3221749760
57273807	134217858
44610915	1610613248
37706475	4311744513
76903347	5368741888
46342047	36865
71546979	2147520512
36269535	1610612992
59831139	1610613248
79411431	1610613248
43866687	671088768
11155647	57344
1515027	4311744513
62551443	2148012032
48618471	37120
43346343	8425472
4009179	2147487746
46341723	1073762304
80836383	671088768
52573215	1610613248
55364799	671088768
21968823	671088641
42287511	36865
79206663	36896
46992315	1081345
4317303	1610613248
20099343	1610613248
24116943	67141633
68022507	1610613248
81350247	671088768
19452963	1610613248
73983783	1085440
1255179	1610613248
32156031	1610613248
18941691	1073774593
22068615	1081348
31041147	557120
58414287	536907776
61822443	1610613248
51125907	4362108928
50490543	57344
48728955	8945664
46584723	2148012032
76762407	36865
28860303	4362076161
4438155	4311744513
62500575	1610613248
29132463	1610612992
22736055	2147520512
75617067	1610613248
20535447	536903936
46290855	671088768
75007623	135184
9318243	671088768
78507471	1610613248
47718723	20512
32977047	4295000576
5896803	16809985
79695903	1073782784
79750659	5435817984
11614431	1073774593
52708323	2147489792
6609603	1073745921
3141507	1081348
8400675	1610612992
18131367	8425472
81145155	1073778688
47705763	1085440
2946135	1610613248
44784903	2147549200
48867303	2147520512
62370975	1610613248
22370259	2147520512
64355475	53248
66391815	2147487746
59831787	37376
25888575	671088644
7117959	1610612992
62859567	671088768
4293651	536903936
13985463	1074331648
68176407	1085440
42528567	2147520512
63550011	2147520512
55332075	33793
537195	2147520512
32679291	36865
41178783	4102
57229095	1074069504
20539011	1610612992
80610879	1085440
35747247	1073778688
51150207	1065216
28916355	671092736
19219359	37376
18969555	150994945
28552503	1073745921
45718347	671088768
53537439	671088644
37816311	1073746176
38232003	1610613248
12695943	2147520512
32669571	4130
4400571	67112961
3001863	67108870
33663927	1610613248
34218291	36866
34451247	36866
43696263	1610613248
15057579	537919492
34206303	1610612992
42222711	67141633
28778331	1081348
35056479	36865
35169879	57344
9412851	327696
70139199	33591296
16865499	557088
43099131	42
55748415	1610612992
27456735	75497473
27100011	671088644
28746579	1073774593
80885955	1073746432
21387	100696064
31390095	800
6717495	36865
25334211	32833
12439983	2147811328
36599691	1610613248
36851439	37376
50079387	24580
75012807	150995072
61403187	8392736
20119431	135266308
50927619	1610612992
7886163	40961
52796127	1081348
12429939	671092736
34674159	1107329024
34437315	45056
48790191	1073746432
12305847	4362076161
911739	2147520512
16859343	134217734
32584683	37120
76520703	1074823168
3590247	1610612992
35409315	53248
32239623	4295000320
430599	1146880
28352919	67141633
44341023	1610613248
32534139	16797696
35539563	16781313
44394483	196610
8874039	1610613248
77872107	2147520512
35549931	4311744513
34182003	2134016
142887	8519696
35360067	1610613248
10945695	8425472
33218751	16809985
79916547	3221229568
47460495	4362108928
40423539	37376
66510723	671088768
71918607	4294987776
57406323	24580
18657867	327696
1812783	269484036
107895	67141633
79534875	671088644
18749235	150994945
22193355	671092736
80327055	2147520512
20541603	4295004160
10618779	671092736
43231647	1610612992
41675475	671088644
65077347	8393216
13068219	1610613248
47765703	1610613248
47364591	1073745921
35790015	1081348
47736219	671088768
28889463	1610616832
35720355	528448
15395835	50
41874735	4362076161
19035651	16809985
5087451	1073778688
78454983	83886081
64806483	134217733
78646791	2147520512
41450295	36880
21539199	1610612992
47001711	16809985
36055047	1073778688
34382559	524864
105303	67141633
3827091	1058
39773919	1610613248
44603139	1610613248
14983059	4362076161
70961835	2147520512
57660339	1081348
55871535	1610613248
52006215	2101249
60092283	2164264960
8181003	1610613248
6392199	1610613248
14240127	16777282
72790815	1610613248
68915775	1073742081
64053183	262
52617279	1081348
2656155	1073774593
312339	150994945
32516319	578
49029951	1610613248
12449703	2147520512
47267715	1610613248
14741679	32833
38461395	17301568
494427	4311744513
4502631	3221229568
4968219	557120
56305047	6442455040
50084571	57344
63994863	1140883456
62133159	1081856
79743531	4362141696
43605543	4295000320
57160731	1610613248
59517507	4362108928
61952691	4295000320
67733823	53248
51221487	4295000065
58315467	4311744513
29407539	1610612992
2475039	5368713216
68031579	671088768
31747791	1610613248
11630955	1610613248
7139019	671088768
1613199	33587712
46338807	4328554496
3667035	134250497
6088287	4362108928
37254819	135680
70864311	1073778688
18182235	1085440
67754559	671088768
15166443	83886081
13490391	4362076161
23089539	2147520512
78086595	2147520512
21736839	67141633
48426015	1610613248
38026911	1610612992
43161663	36865
38235	1085440
27677055	4311744513
14727747	1610612992
65494335	1610613248
80283639	561152
33458835	1610613248
66765711	167936
10038819	16809985
46300575	67145728
77358567	83886081
20966691	1610613248
69427371	37120
46721127	4294971393
24575403	1610613248
15604491	67141633
55512867	33296
74055387	561152
25553235	4294971393
33831111	1350565888
619815	135680
46999443	4099
81315579	1610613248
10477191	33555200
40048995	37120
44636187	37376
6700323	17334272
46179723	53248
71627007	36865
1724979	1610613248
43844979	4395630592
56610255	2621444
33138075	83886081
71064867	1081348
9723243	1073778688
71280651	1610613248
29840727	1073745921
53006727	1074823168
81261471	36865
77226699	1610613248
53255235	1073778688
74962911	4395630592
76447803	1081345
57777951	4362108928
65451567	67112961
57743283	2147520512
40277739	1610613248
37969887	561152
34486563	1610612992
707943	32833
40342863	4311744513
76555371	1146880
31937331	83886081
47554779	67141633
38902035	1073762304
48046935	4295000576
81745527	4295000065
7006179	16785920
62639571	24580
47003655	671088768
33684339	1085440
80691555	671088768
923079	3221749760
59295	135299072
24713751	16908304
44122647	3221229568
23922543	537919492
18759603	1610613248
33876471	1073762304
33179223	37120
64866099	1610613248
14547279	1073778688
17948955	83886081
59577123	1610612992
80458275	4328554496
23285883	150995072
10108479	1610612992
79605507	536871170
66950391	1610613248
863787	2134016
5683611	1085440
18942015	134283265
40341891	1074823168
2559927	98305
43670991	36866
2759511	1610613248
53975811	1610612992
62767551	3238002688
59274831	24580
5577015	67141633
7204467	32833
14830131	2147487760
81686235	671088768
2110539	1140883456
35817555	4328554496
69148731	4311744513
37741467	4311744513
35507163	1085440
29580879	36865
4468935	1610613248
13693539	134217733
74089731	36865
13016379	40961
30692847	1085440
58176795	17334272
36414039	150994945
61112559	1610613248
79414023	2147520512
35937111	2147520512
47517195	1610613248
471747	32774
36218019	671088644
65193987	4362108928
50412783	17301568
47595603	4311744513
10322319	1085440
14335383	1081348
48320391	1610613248
700491	67633153
58955691	83886081
73578783	1074008064
21967203	561152
54655239	4106
779871	98305
60636603	1610613248
63633279	4311744513
1152795	83886081
1525395	1610613248
957099	295168
39916155	671092736
19149699	1081348
34586679	1610612992
73005627	16809985
35547015	2147484162
78329595	1081348
8621319	2147549185
56616087	1610613248
53691663	2147520512
16464387	1085440
13750887	671092736
520995	67141633
182091	17301568
51378951	2147549185
42373695	1610613248
71208399	4311744513
6099951	1140850689
2089155	32834
23974383	4162
78889143	1085440
53709807	4295000065
21677547	4296048640
5121795	1610613248
419259	1081408
51430143	2147520512
6787803	201326593
22797291	671088896
78514275	3221229568
14513907	1610613248
1725303	2147487760
6278799	17334272
62632119	134283265
16829211	2147749888
80622543	135680
3897723	57344
2508735	1610613248
43338567	1081360
1270083	4362108928
47738487	135266308
64969131	17301568
23463435	671088768
75702927	1074823168
166539	1610613248
39919071	2147484674
65045595	37376
75327411	1074823168
50730951	9445376
76306215	4295000576
14374263	1610613248
26947083	1610612992
45213555	2148012032
71592987	5435817984
80276835	16777221
61483863	2147520512
30222075	671088644
31608471	1610613248
37401591	537919492
10094223	1610613248
51490731	4295004160
37658847	1081348
35474115	4311744513
10452891	1610613248
58822527	53248
10477839	16810496
36019407	24577
44405823	1074823168
70063059	70
58600263	1074823168
21445887	36880
56642331	1610613248
53655699	67633216
58606419	671088768
28165323	32833
29542323	36865
4554471	37376
68350071	1610613248
3124011	1610613248
6578823	4311744513
25884687	1074823168
26942223	1085440
23922867	2625536
43058307	150995072
51533823	65793
69141603	4362108928
30052623	1610612992
18135903	134254592
78276459	16912384
11265483	6145
277995	327696
49022175	1610612992
20715591	4311744513
36617835	1610612992
14235591	75497473
13139499	5368709121
66685683	1073778688
7508055	134254592
38132859	2147778560
51133683	2147520512
15794031	83886081
66981171	671088768
38141607	4311744513
63979311	1073745921
40246635	4295000576
71237883	671088768
81167511	4311744513
4133919	1610612992
5416959	557120
41970963	37120
66819819	671088644
49397043	135266308
9362955	1610613248
57562167	4311744513
41841039	671092736
79260771	2147745794
2233335	1048610
33532059	1610613248
3550719	24580
5450979	2148012032
28825959	671088768
27954723	69
74802531	36865
39746055	4311744513
61279743	36865
60904227	1174405120
3624915	1610612992
81371631	577
9686955	135184
18842871	1085440
62172363	36865
69298095	2147520512
28099227	573440
2647407	1610613248
8159295	3221229568
48859203	4362076161
36290271	4226
57015903	1081348
46926219	83886081
24505095	671088641
58613223	1610613248
38620479	135184
12433179	4395630592
58972215	4362076161
53616819	2147520512
40795167	16785409
73090191	36865
56806923	36865
66994455	1085440
42621231	2134016
78714183	1610613248
69244311	1085440
43324959	2147520512
28187031	5435817984
18936507	100663297
63601851	2147520512
76278675	1073778688
71681439	57344
71545035	135184
73043211	2147520512
21215847	3221229568
1544511	1085440
30186759	1610613248
57096255	36928
21274815	67141633
39794007	1610613248
76494135	16810496
64710579	17301568
56508519	36866
22794699	134250497
24664827	1610613248
62921451	1081345
40095651	16826368
24379059	671088768
1348815	4362141696
29042715	1081345
24809007	37376
75982539	17301568
51498183	4294987776
67153539	1048582
1337799	167936
3189783	4102
9315975	36866
10114635	2147520512
5089071	1073745921
69997611	4311744513
42869739	2147581952
92343	1610613248
32830599	25088
11394435	528386
19283187	42
48115623	67141633
48589635	8392705
42122919	134250497
21272547	1073742084
10984575	57344
48934047	1610613248
17187231	83918848
69774699	36865
68326095	1610613248
76262151	4362108928
27813459	2181070848
48527103	1610613248
53709483	671088768
3286011	37376
79957695	2281705472
1291791	16779266
53500179	1073778688
1261011	671090688
4613763	268568576
43504455	36865
48539739	5377097728
77058219	1610613248
10189479	4099
40411875	671088768
31712799	671088644
77643039	1081348
66566127	4295000065
54235659	1610612992
3182979	4329570304
58474551	1073790976
11636139	65601
79866327	36865
44365323	1610613248
43298391	1085440
24501855	671092736
6011175	1073778688
11229843	2147520512
38938647	1074823168
46760979	16912384
21560583	150994945
2869023	167936
1248375	1073774593
1969923	16809986
64458183	50
16466979	135266308
58586331	2148012032
5336607	671089152
4960443	536903936
36438339	1610613248
53197887	150994945
66716787	1140883456
31179495	800
62735151	36865
18800103	671088644
12450675	671092736
49491975	3221229568
59118663	2181070848
30958203	83918848
68775159	1610613248
3231903	671088768
28166943	524353
25676679	150994945
115671	67141633
44238315	2147487760
30398331	36865
45487011	1610612992
40886211	19398656
43194063	557120
79535199	83918848
18024123	1074823168
941223	135299072
20849079	2147520512
36799923	671088768
6380211	150994945
62417955	671088768
64902711	2214592514
16085631	4362076161
18488415	134250497
109515	134250497
55862787	1610613248
68685087	67141633
56936199	1610613248
43489227	6442455040
69309435	16781313
50390427	561152
56062695	331776
63753483	1610613248
54139755	3221356544
1744419	4311744513
67917855	1610613248
77959911	1610613248
2419635	1610613248
77590551	1085440
30016983	4362108928
53528691	4395630592
38976231	67158016
23528883	1610613248
48166815	1073938432
46489143	1074823168
49908963	1610612992
15923307	83886081
76742643	16912384
50932479	4294971393
61151439	163841
35038335	150995072
73797483	201326593
61068495	69648
22888335	1073746176
71243391	69648
43613967	1610612992
1081839	1610613248
33880035	1085440
36149007	83886081
41055987	671088768
134139	67141633
29996895	4362108928
25713615	671088768
45044427	1610613248
7259223	8425472
28602075	2147520512
25929723	137216
41437335	36865
24387483	2147520512
65572419	1073745921
69463983	1140883456
12886779	687865856
79531959	4296048640
24201507	2147487746
32541267	83886081
12547227	671088768
36395895	1610613248
28204851	5368741888
40065195	1610613248
79138947	2155876352
66997371	671088768
28409943	201326593
18569091	1073774593
13781667	2147487746
60111399	518
46313211	1610613248
67315863	4311744513
41890611	1610613248
53792103	1610613248
64190883	1610613248
63503679	2147520512
71121891	1610613248
19831719	2147520512
76926351	1085440
29635959	4311744513
67303227	1081348
74084547	17301568
43378743	83886081
96555	1081348
39357579	36865
42818223	3221229568
38805807	4311744513
57243999	671088768
377787	167936
49869435	17334272
78212307	671088768
76830771	1610612992
59691819	1610613248
11591427	1610612992
61414851	2147520512
19408251	2147520512
49645227	134217733
34443471	671088641
7096251	4864
49229535	8425472
60113019	4328554496
43624983	67141633
71947119	196610
29587359	134250500
51065319	36865
38707635	671088768
14466603	1610612992
21327951	4311744513
78028275	1073778688
5928555	4294971393
16203	167936
7442283	4311744513
53020983	2147581952
40749483	150994945
47293959	1610612992
41306115	17334272
17979087	2147581952
3249075	1610612992
9020163	1610613248
6540591	4311744513
19231347	32833
81164271	671088768
54693471	1085440
80161815	5435817984
66833103	4362076161
13190367	16809985
42138471	1610612992
63941079	69648
63537699	1610613248
18263559	36865
30069795	327696
70755447	671088768
27169995	17301568
3498555	1610612992
68993211	53248
40794195	134254592
24313935	67239938
48614583	2147487745
80620275	67108898
41942451	1140850690
44456691	67141633
76517787	2147487760
24779199	1085440
64969455	1085440
53138271	327696
3922671	1610613248
2448795	2147520512
44855211	2147520512
7493799	1610613248
30699003	1610613248
80966631	1073778688
47693451	4311744513
67888695	1140883456
14441979	16809985
20330031	1610613248
81739047	2625536
46525107	1610613248
14905623	1610613248
50589363	3221356544
238467	1610613248
65701047	2147520512
57474363	3221225474
76014939	4311744513
15432123	83886081
49330299	4311744513
35105079	135169
64422219	1610613248
12681363	1081348
46547463	4311744513
44089599	671088768
40783503	4311744513
26161059	671092736
41151567	4295000065
15571443	150994945
77654055	1610613248
8447655	2147520512
3260091	3221229568
62284143	1073745921
66988299	671088768
45298443	134283265
6956607	327681
71725827	1073778688
57083619	1073746048
30471231	1073778688
44234751	671088768
71729391	20481
31230363	3221229568
77312883	16781313
65508591	67108867
49827315	1074823168
65963811	2147520512
1654995	1081348
1504659	1610613248
19032735	150994945
41947635	4362076161
53684535	2147520512
16965615	4311744513
38012655	1610613248
24447423	2148007938
24384567	37120
21623439	2147778560
33576771	24577
780519	1610613248
22718883	67141633
78999303	1140883456
2560899	83886081
5907819	4311744513
33364227	101711872
68477079	1610613248
15469059	524802
76925379	561152
40254087	537919492
58288899	2147520512
35873931	32834
4255743	1610613248
5999187	4311744513
11921259	2147520512
49469295	67108897
15474567	201326593
58419147	36866
81451335	67108944
44619339	1610613248
73187067	2147520512
27929451	4429185025
75779391	1610613248
38070003	24640
2351271	1610612992
63182919	1610613248
59082375	2147520512
70349151	16809986
16443651	135266308
10291215	2147581952
68867175	1610612992
25157631	1610613248
38017191	134217800
47574543	134217860
16123539	1610613248
63290811	65793
46488171	67112961
80671467	2147487760
46925247	671088768
62458779	134217800
14598471	327684
7720923	1085440
42645531	134221825
80596299	36865
57763371	1082163200
21265419	1073774593
43139955	1610613248
58892835	1610613248
43530051	2147520512
70945311	1610612992
21214227	671088641
51520215	1610613248
737103	4295004160
65153811	196610
56390259	1610612992
63712011	36865
35514939	2147520512
4706751	1610613248
77159955	150994945
64510347	1074823168
32349459	1073774593
53925591	134250500
75358191	2147520512
12494091	671088768
69497355	671088641
49205559	1610612992
12337275	38
4960119	1073778688
47247303	1610613248
47100531	4362076416
78504231	196610
47752419	1073778688
47934831	1610613248
43055391	2147520512
57259875	671088768
60779487	36865
22178775	671088644
15931083	83886081
71732307	16809985
62709231	1073905664
4300779	2147520512
25859739	134217858
36625611	1610613248
54193863	1081345
76140651	1610613248
14680119	1085440
38398215	1610613248
16537611	67141633
75610911	201326593
52064211	1140883456
22534851	8425472
7937031	4362108928
59817207	4295000065
50602647	1610613248
28380459	201326593
5337255	1610613248
5912679	4311744513
79341447	1610613248
47443647	1610613248
17889339	32802
1024815	4295000320
51087351	201326593
40580031	671088768
23528559	35
27118803	57344
10613919	1610612992
15390327	4295000065
80004999	2147520512
36939891	4295000065
58417851	196610
29447391	1085440
21339291	69648
28199343	1610613248
58823499	1081348
53241951	4099
60384207	4130
17914611	1174405120
47114139	1610613248
53807655	1610613248
21291339	4102
617547	671088896
74816463	1085440
11396703	4311744513
71193495	83886081
428331	36865
75045531	83886081
36446115	1610613248
27180687	671088644
77660211	327696
889059	167936
1655967	2134016
39618075	537919744
45711219	1174405120
54709995	67145728
81385563	2147520512
42762171	671092736
18168627	8425472
49164087	4295000065
51288555	1074823168
74588043	1081345
517755	150994945
68868471	5368741888
13808883	1610613248
75429795	16797696
79038831	2147483682
70854267	1073778688
62053131	1610613248
33478275	36865
35951367	1610612992
18778395	671088768
23286855	150995072
63389955	196610
3433107	1610613248
36187239	4311744513
56784567	36865
58039419	1610613248
6036123	4099
49525671	4362108928
4784835	2147484674
6391875	6442455040
47679843	2147520512
6699027	1610613248
31700487	327696
46283727	671088768
14072943	4295000320
27880203	1610612992
15980655	1081345
53559471	4362108928
25691259	3221291008
50595843	37120
40649691	1073873408
50815839	671088768
75752823	1610612992
26056083	1610613248
12493443	1610613248
15063411	36865
59052891	1081348
26582583	1081345
9353883	8392705
31377135	1610612992
64569315	37376
8132727	1081348
10452567	327696
31258875	4362108928
57075519	2147520512
26545971	2147520512
67559187	1073745922
69915315	1174405120
31283175	4303355905
42366243	67141633
59733291	1081345
69592935	16809986
41844279	36880
58332315	1085440
10897095	16814080
31989171	1081345
51592791	2164264960
43292559	524360
75494919	1090519041
2581959	67141633
71241123	561152
3033291	9469952
39192339	1140883456
19891659	1081345
58783323	1610612992
8141799	4311744513
39244179	196610
3740259	1085440
5486619	2148007952
6704211	1610613248
17570523	67108960
40666539	4395630592
51701331	4311744513
59639007	65541
6688659	1085440
54421635	67108929
40934487	1610612992
78868083	1085440
5848203	2147520512
12804807	2147549200
64172415	2147581952
57154575	1074921472
21916659	100696064
11135235	2147487746
65519931	524354
8066955	201326593
23997711	672137216
44877567	671088768
80141079	1610613248
34190751	17301568
63843231	4362108928
39012195	1073778688
46292799	102400
261471	86016
56683155	1610613248
1499799	4294971393
81661935	2147520512
40788687	1610613248
68449539	2147553280
9684039	40961
25524399	16777476
9454971	134217733
51548403	671088644
32378943	4311744513
19056387	3221229568
6232791	67633153
62384259	1610613248
49435923	4295004160
26483763	2147520512
55312311	671121408
826851	1610613248
54298191	1610613248
41201139	2147487746
79167135	2147520512
62220315	3221229568
17526783	16797696
65462907	1610613248
32952423	67141633
53433435	1085440
35065227	4311744513
69123459	671088768
11756343	25088
34240971	8392705
4681479	1610613248
24052791	1610612992
62265999	1085440
76063863	1073750528
77815407	1610613248
46335	4295524352
14341863	67633153
34650831	4328554496
70367943	1610613248
73230807	1074823168
11463123	37376
72830667	1350565888
28680159	5435817984
57331479	671088768
41299311	1081348
9103755	1085440
62209623	36865
4263195	1610613248
79948299	2147520512
81452631	4362108928
29823231	2147520512
38914995	589826
37801407	2147487745
28644843	4362076224
49578807	671088768
79779171	1073778688
5136051	1610612992
47488035	1081348
47510715	2147549185
69521007	36866
80569407	1085440
514191	2148532256
16831479	2147811328
37403535	4295000320
46777827	671088768
71511987	1073778688
32817963	1090519041
31190187	83886081
54616359	536872964
36030099	2147520512
50025927	2181070848
80064291	1085440
75594063	561152
14484423	1610613248
52852179	2147553280
9384339	1610613248
55682967	1085440
32029023	1610612992
1438563	2147487746
33097899	4295004160
52301703	134217733
73834419	1610613248
80198427	1610613248
701139	1610612992
28098903	3221291008
24708567	8425472
69522303	2147520512
37242507	671088768
25967955	5435817984
1106787	32833
18879159	2147618816
43790223	1610612992
24285747	4130
58979343	1081348
66913455	671088644
3429543	2147520512
23934207	35
77163519	1610613248
584175	1610613248
28249563	4311744513
39146331	2147520512
9702183	2147520512
41633679	3145732
29570511	1073766400
8312547	1610613248
34261059	8425472
29313903	2147520512
48924327	36865
4210383	1610613248
17427963	36865
13286595	5435817984
80537979	4362076161
37389603	1610613248
60580875	1610613248
74667747	1174405120
54339987	561152
43520979	2147520512
1966035	36928
32780379	2147487760
30629019	2147520512
57339579	2147487746
67861155	36865
42164715	671092736
41270151	1073774593
11710335	1610613248
80254479	1081345
76568655	1081345
12254331	134250497
5524851	17858560
23197755	1073778688
2278371	2147484674
69825243	1610613248
57506115	83886081
59363283	67108929
59157219	5435817984
55022655	1610612992
67859535	1085440
6792987	1085440
30789075	36865
5873799	16809985
47215551	36865
30149499	2147520512
27051087	36865
57646731	528448
13842255	1610613248
78193191	2148012032
47754363	16809985
26849235	299008
7254687	32778
1141779	134217857
68320587	1610613248
35747571	32864
39190395	196610
59203551	1081345
41707227	36880
7853439	1610613248
69260835	1081348
72958323	2147520512
4485459	16810240
69711519	4311744513
66067815	1081345
38880327	2147520512
10128891	1610612992
6924207	4362076161
63688683	1140850689
76434843	8425472
33024675	1081345
1416855	1610612992
29456463	1074823168
610419	557120
17109795	2148007938
17267907	134250497
66239859	134283265
25472559	1085440
17173947	134217733
2166267	1610613248
59327643	4362108928
57352863	671088768
51976083	70
28966899	1081348
75613503	1081345
60305475	1073774848
75492975	2147520512
58500471	1073778688
62152923	4296048640
32654667	4296048640
67042407	2147487746
988851	327696
59104731	1082134528
9847011	134742024
8955363	3221229568
34599639	561152
33305583	83886081
21391455	1610613248
68255463	1073778688
38294859	1074823168
69490875	1610613248
51180015	2147520512
39449919	1085440
46262019	1073745921
21201591	36865
75767079	1073774593
50681055	17858560
34705911	98
22381923	53248
4794555	67141633
11153703	4295000576
31049247	1610613248
66916695	1082134528
1463187	1073876992
15614535	150994945
65829675	67141696
33799359	8392705
8128839	327681
66812691	17301568
27049143	16809985
12032715	1610613248
22886391	671088768
59601747	671088768
66372375	2625536
10524819	4295004160
25102227	6442455040
134787	67141633
15081879	671088768
21060651	671088768
74153235	1073778688
47881371	4311777280
74316855	1081348
72999795	577
19803207	4311744513
42932271	1610613248
68725263	1610613248
12871875	671088644
2531739	4296048640
61948803	1085440
37799139	134221825
23703843	1074823168
32699379	1085440
44666319	671088768
46553295	4311748608
23409003	524353
886467	67141633
60785643	83886081
43418595	671088768
4916703	36865
38734203	4295000065
65936595	2147483682
20998119	2147614736
47237907	1073778688
80290767	150995072
1015419	2147553280
64134831	83886081
6559383	2147520512
52870971	5368713216
76756575	69648
2378811	3221229568
40160127	4362108928
81738075	536872964
28896915	4099
23919951	1085440
47628003	4099
29554311	150994945
17715351	2147520512
24051819	201326593
39972207	1082134528
79117239	1073778688
34679019	1610613248
49595007	1610613248
14670399	37120
1050411	134250498
7949019	1610613248
28383375	67112961
57840807	83886081
33371355	1610613248
50917899	1610613248
59909871	2147524608
9163047	524354
54766695	67141633
59396331	1085440
36264999	1610613248
21120591	16809985
71425803	36896
68413251	1073778688
28491915	4311744513
42076911	2147520512
10239051	67633216
60543615	5435817984
67463607	1610613248
905583	8421377
38321427	1074823168
1055919	40961
53635287	518
4428759	4295000320
56073711	3221229568
48773019	4362108928
69717675	1074266176
4801035	561152
77184579	4429185025
64017543	2147487746
1025139	1610612992
1591167	2147520512
38240103	4295004160
50768211	2147778560
59442339	2147520512
44114547	671088644
7289031	53248
56128143	134217733
7735179	67158016
18804639	2147749888
739695	36865
53535819	671088768
5577987	1610613248
54221403	2147520512
21401499	1610613248
919839	65570
25018311	524353
78010455	4311744513
72094215	673185792
2781219	1610613248
1245135	135266305
19530723	83918848
11310843	1610613248
57466587	1074823168
3934983	1610613248
7689171	37376
51664071	32833
14664243	524354
46657947	37376
25875615	1610613248
26689503	20482
53340447	671088768
35703831	671088768
13091223	83886081
35285547	16781313
21532395	1610613248
57291627	671088644
57876123	37120
25893435	671088768
19940583	4362076161
64531731	1610613248
2334099	2147520512
74642799	536936449
18922575	1074823168
48940203	1610613248
569595	1081345
80546403	1610613248
28460163	4311744513
14480211	1610613248
26523291	16814080
74991423	1610613248
30947511	67141633
65068599	832
22675467	671088644
54428763	1081348
61657527	4294971456
61200363	150995072
52486059	1073745921
22183311	671088644
48991395	1073778688
77078307	1081345
8236407	2147520512
69205431	1610613248
9952635	4295000320
15923631	16779266
1031943	1610613248
40095003	2147520512
52440375	16814080
37659819	37376
52430655	1610613248
53089347	150995072
61222071	2147520512
60710151	4311744513
80036103	16809985
27017391	1081348
25129767	1140854784
58198827	1610612992
47099559	1610613248
79169079	37376
24239091	4362338304
75366939	135266308
1730487	1610613248
63005043	16779266
79888683	1610613248
27115887	1610613248
20163819	1610613248
35716791	4362108928
50633427	36865
47749503	36865
30570375	2147520512
80540247	1073775104
44015403	1610612992
42941991	671088768
7261815	2147520512
11679879	1610613248
27353055	67141633
30863595	36865
33044763	134283265
56988363	2147581952
39488475	36865
26400171	3221229568
59463723	100663297
7581927	524328
1964091	2147520512
43806423	2147487745
2212599	36865
80279751	2147487746
77905479	1048610
79932423	36865
26899131	671088644
46388055	2148007952
65163855	2684358656
56562303	1140854784
7545639	8392705
2475363	134225921
59245023	1610613248
68004687	1610613248
25243491	1610612992
2923455	36866
1217271	2147487746
1822179	2147520512
5156139	2684358656
47143947	1610613248
62283495	4311744513
46898031	4311744513
2865135	2148012032
76039239	24577
28231419	524802
33788667	671088768
2502255	201326593
34379319	150994945
10911675	32834
51515031	24580
74697879	67141633
49202967	83886081
51725307	4311744513
52268655	1081345
44703579	1082163200
36961599	2147520512
8883435	16809986
77297655	36865
36757155	100696064
31769823	1073778688
79276323	4294971393
22065699	4311744513
1953723	4295004160
42167307	32786
62501871	557120
42749211	1610613248
61704831	2147520512
25368555	1081348
48829071	1610613248
18544467	1073774593
33908871	2147487745
9506163	67133440
78552831	1081348
41967075	1589248
53780439	671088768
3838755	671088768
75052659	1610612992
27444747	2147520512
58846179	36865
1089291	1610612992
81406947	1073745921
80355243	1081348
10947639	4311744513
12491499	671092736
58293759	536875520
30558387	1140854784
76454607	8421408
63422679	4295004160
61687659	2147520512
25394151	1610613248
9202251	8425472
52818159	1073778688
61933899	1085440
48098451	167936
61073031	4311744513
722199	4102
62594859	40962
14475675	25165825
24021039	1049604
61970511	2147520512
23602755	16779266
2006535	4294971393
60535515	5368713216
18424263	2147778560
11939403	36866
27846507	16779520
72373503	37376
8369895	1610613248
39085095	671088768
74615583	1081345
25453767	167936
54576183	98
6809511	16781313
36671619	16809986
77368287	3221229568
52769235	3221229568
54242463	1610613248
78805875	2147524608
79241007	4295004160
63876927	67141633
25298247	1085440
58613871	196610
41081259	1085440
49954647	1073745921
16915395	1085440
62157459	5435817984
7152303	1610613248
11084367	134217857
72347259	1610612992
22588959	24577
74336295	16912384
20058519	2147520512
41026179	4311744513
25766427	671088644
21068427	1610613248
3629127	1081345
14785743	1610613248
67167795	1610613248
32211759	1610613248
48255591	1610613248
38379747	2147520512
13356255	1610613248
33562515	1610613248
31155843	2147520512
945435	33296
1834815	32802
63288543	67141633
8289219	4362108928
31944135	1085440
27406515	114688
75006975	16908304
43025583	1074823168
40506159	1081348
51226347	1073746176
30862947	17334272
71071023	1074270208
60633363	1610613248
2004591	134217734
66816579	3221229568
21836955	83886081
72349851	4311744513
4948455	1610613248
37699023	1610613248
22367019	1610613248
9795819	1107300352
54590439	525314
7064499	36865
505767	1081348
76469835	134217793
26458167	1081348
59629611	1073762304
24395259	4362076224
48583155	3221229568
32341035	16779520
35853519	2147520512
36286059	1081348
43400127	4311777280
47203887	36865
6032559	83918848
2740395	36865
48972603	1610612992
946731	143360
8442795	67141634
2316603	1610612992
56482275	1610612992
33370383	36866
14179539	134217860
55179147	150994945
930531	1074823168
1789131	1073778688
254667	1073742084
58673163	37120
32340063	67141633
70280787	1085440
67589643	1074823168
14681415	1610613248
46956351	4311744513
70198491	1081348
66327015	2147520512
45167547	1610612992
37833159	4311744513
23502639	36865
36948639	5435817984
40222983	100696064
35300775	67141633
95907	134250497
20232831	268568576
24648303	2147553280
46982919	69648
40093707	1610613248
35002695	1081345
11072379	67141633
3483327	4294971393
52091427	2181562368
50578671	67145728
52063887	2147553280
53793723	83886081
51420099	35
62170743	67108929
31026243	1073778688
18150159	1610613248
60163239	36865
5276343	1610613248
5738691	1085440
70985163	37120
77445399	1610613248
60383235	70
73377255	134217738
10671591	1073745921
12677475	1048610
15920715	83886081
49476423	36865
57353511	671088644
57447471	2147520512
67032039	150994945
35328315	67108874
61473819	1610612740
633423	67588
55687503	4362108928
10719543	1073778688
54531471	671088768
37033851	83918848
79651839	1073778688
46854939	2156396544
39908703	2147487745
2201259	135266308
52129659	671092736
45240123	536903684
81307479	1081345
15430179	83886081
72313563	36865
12550143	671088768
48286695	671088768
43802859	299008
50653839	33591296
75145971	2147520512
66136179	1085440
31800279	67141633
63517611	1610613248
13725615	1610612992
26195079	1073778688
69721239	32833
81663879	67141633
33816531	1073774593
61883355	2147520512
45238179	2147520512
64803	167936
3080271	2147520512
18569415	4294967361
73865523	1610613248
42318291	4295004160
50882583	8425472
73687647	5368709184
21813303	1610613248
36626259	1085440
111783	67141633
2538543	16809985
22444779	4311744513
25959855	1085440
2866755	1610613248
62857299	2147520512
74027523	1073774656
4547991	1610613248
21261855	150994945
92667	276828160
17331087	134254592
27453819	1610613248
25072743	1610613248
12506727	671088768
18411951	1610613248
65923311	4362108928
36172011	57344
32456379	196624
64777971	2147520512
81161355	1073778688
12687519	2147487745
62352831	4328554496
9907599	671088644
46983	66564
35159511	1610613248
36905223	36865
80964687	4226
57035667	16814080
42865851	671092736
573159	1212416
65178435	4362108928
15235131	17301568
36746139	1081345
32313495	1610613248
29388099	2147520512
21437139	4362108928
15112983	557120
1594407	1081348
7903335	2147553280
39845199	65554
48919791	36865
37486479	134254592
7348647	36865
7449087	1610613248
44740191	671088768
44409387	671088768
57663903	36866
37416495	2147487760
30030915	1081348
41935323	2147520512
69081987	1073873408
17778207	1085440
1263603	1610612992
5094903	4311744513
63864615	67145728
28315011	671088644
13642995	2148012032
958719	2147520512
53723739	2147520512
53917167	67108929
24736431	17301568
62673267	37120
54666579	1081348
61468635	32833
35040279	28672
2424495	1610612992
3390987	17301568
34671891	134217733
31003239	4362108928
32030643	4311744513
11651367	67633216
18570711	1610613248
70454451	1610613248
6644919	1610612992
18751179	16781313
14629251	201326593
49151451	4311744513
73387623	1610613248
57589059	1610613248
30551907	2147520512
8102919	67141633
26299083	1610613248
33277719	1081345
69459771	8523776
2428059	671088768
64875171	2147520512
10099407	2147520512
6562947	2147520512
1168347	28672
48288639	557120
37517259	67125312
31196667	2181070848
25283667	2147520512
49328679	4429185028
37320591	1073750528
14729043	35
18210747	671088768
22464219	9469952
32036151	36865
58092231	201326593
33452679	16809985
23394099	36866
75953055	671088768
3164511	4295004160
69599415	671088768
45420267	32802
78412863	83886081
41647935	671088768
31684935	73
52942251	1610613248
50782467	2147520512
29414019	1610612992
2366175	134221826
69845331	1610612740
35711283	4311744513
9329259	327696
79878963	1610613248
42702555	67141633
63920667	2164260880
66270963	1610613248
75564579	2101249
26213871	1610613248
31064799	36865
17860179	32833
59248587	16810240
44641695	8421888
29545887	1073778688
74080335	16912384
7443255	4295524352
59517831	1610613248
13662435	16809985
11169903	40961
31589355	150994945
1703595	1610613248
40689543	1610613248
80909283	1610613248
12535239	671088768
66978579	1081345
9334119	36865
72912963	1074823168
2703135	1610613248
846291	1610613248
63864291	528448
74047935	671088641
32274615	16809985
63709419	1610613248
11311491	1610613248
72049503	1610613248
23830527	2625536
44004063	1610612992
59617299	5368713216
46792083	36865
76120239	1081348
6067875	1610613248
30700299	1073745921
50308455	2148012032
34439259	4099
3548775	1610613248
26527179	1610613248
57745227	4130
37031583	4295000576
59054835	2147520512
16193523	83886081
1713639	4362108928
39877599	1610613248
57463347	201326593
16722291	1082130944
8951151	1146880
18624495	150994945
27827391	4295000320
75619335	769
25681863	16777281
46316775	671088768
40514259	1081348
37193583	671088768
5943135	37120
119883	67141633
20314803	57344
53337531	1073778688
80686695	4295000065
1183575	17334272
20965071	603980032
41543283	33591296
48492111	2147520512
68842875	37120
29027163	1085440
58882791	67112961
74870571	671088768
21477315	1610613248
43683951	2181070848
27922647	4311744513
32941083	2147520512
34616487	36866
29001243	2281705472
16632543	135266308
66165663	2147520512
77561391	4294987776
1409403	150994945
53886711	671088768
27098067	671092736
48477207	4311744513
37347483	196610
22542627	671088644
19029819	37376
43492467	671088768
64306551	1610613248
21698283	536873472
3551367	1140850944
72895791	1073778688
48616527	1610613248
76643499	1073778688
67864395	327696
1071147	4429185025
27288255	32833
1436943	1610613248
8367627	1073778688
411807	1081345
31142559	5435817984
67819683	36865
4542807	524354
16032171	167936
34284711	1073745921
74716671	1610613248
34738635	327696
19521003	16809985
47484147	1610613248
35287815	1610613248
43283811	1610613248
59068767	1610613248
64353207	37120
10949907	1610613248
64749783	1610613248
37808535	1081348
54178311	67141633
47087571	671088768
70122351	2134016
53522859	1610613248
44322879	16809985
67391355	2148012032
30452763	134217860
43410495	1073742852
4905363	1610613248
8953743	528448
18379551	2147520512
53340123	1081348
31533303	1085440
29656695	2147520512
81366771	4329570304
38793171	1610612992
63035175	1081856
15899979	83886081
78731355	1081348
81318495	5435817984
37310547	2147520512
52014315	4303355905
1742475	36865
56599887	17301568
62895207	671088644
7863807	83886081
81132195	36865
23405115	36866
59900799	1610612992
2802279	3221356544
49158579	1610613248
49577511	671088768
67693647	135266308
33478599	518
65875035	53248
37400619	2147745808
45052851	1212416
68474163	16814080
20759655	201326593
42836043	1074823168
69152943	1610613248
78756951	1085440
57539163	561152
10362819	2147487746
65829999	2148012032
2329239	1610613248
72684219	1140854784
32995191	67141633
51070503	1085440
42444003	4311744513
17053095	1081345
7630851	1610612992
9095007	4336910336
22089351	671088644
79912983	524328
69331467	1610613248
32481327	299008
64066791	1107296768
34662171	1610613248
15062439	167936
44460903	36866
8412339	1146880
67892259	671088768
42467007	1610613248
35702535	36866
6963735	2147483682
77595411	32834
73986051	67141633
43292235	1610613248
37371135	196610
30944271	4311744513
56839647	671089152
8885379	36865
59987955	83886081
75675063	1610613248
5150307	36866
52383675	16814080
6389283	327696
71788683	36865
9910191	36865
7394979	201326593
10057935	1610612992
41048535	671088768
56993871	2147618816
55606827	1610613248
16484151	67633216
37884027	1085440
80665311	1081345
57960687	1610613248
37907031	2147487746
40117035	3076
65302851	67108929
23929023	16809985
72355359	1081348
60693951	1073778688
70783959	2147488256
6874311	4395630592
24783735	1082134528
46843275	1610612992
27578883	1048582
64074891	37376
8219559	577
12345699	1610613248
24901023	24577
24762999	1610612992
81736779	2147565568
58419471	36866
57000999	1610613248
44832531	673185792
62951907	28672
39328095	1081348
53939523	36865
35760207	671088768
58273995	1610613248
13174167	150994945
490539	671089152
22066347	524864
239763	36865
48937611	2147520512
38887779	1085440
563439	1179650
30129735	561152
3830331	2147520512
36704019	37120
30130383	45056
38514531	67112961
50942199	36865
75815679	49408
33586815	4362108928
66231435	3221258240
2320167	32802
2336691	1610613248
67356687	536907776
64163667	2147487745
72863391	1073778688
13076643	1610612992
12176247	671088768
48651843	36866
74545599	1073746176
20046855	134217733
14886507	32802
26147127	671088768
29391015	671088644
81372279	37376
53778495	2148012032
49246383	1073778688
31013607	2147487745
25133007	1610612992
36380019	1610612992
33297807	24578
17823891	1610613248
11292051	28672
38843715	5435817984
39267183	1610613248
23510739	134217738
34678371	1610613248
1407459	4295004160
10487235	67108870
25318659	4429185025
33235275	2147520512
31150659	67145728
48467487	4311744513
53214411	1146880
8516343	561152
62464935	1069056
31918539	4362076224
1857819	1085440
50455551	671088768
7711527	671088768
95259	1610612992
78008835	36865
79982319	36865
76432575	2147553280
69667131	1030
4744011	4101
41747727	1090519041
62356719	4295004160
42986379	32864
42417759	524354
8355639	16842768
76367127	671088768
46716915	5368713216
77182311	1073774593
62478867	36866
78370095	37376
70553919	1081348
1620651	1610613248
52197375	1610613248
21607887	2147520512
22037187	5435817984
66426807	142610432
44115843	327696
408567	2147483682
32440827	1081345
24685239	671088644
64358391	2147491844
61571667	4362076161
55832007	1610613248
40269963	67141633
53495967	167772161
8075379	40961
11110287	2147520512
58548423	1074823168
73833123	671088768
12468171	1610613248
66362655	1081345
2643195	1610613248
5317167	1610612992
62295807	331776
6674079	1610613248
57269595	2148012032
22879263	1610612992
12761067	1085440
15610647	2147520512
42485475	2147487760
33943539	67112961
46752879	98320
24533931	671088768
28653915	197632
8991651	17334272
16953627	671088644
68219499	36865
20923923	1115136
34980339	3221229568
4743039	4362108928
14762415	1610613248
42344535	2147749888
22086759	1610613248
9907923	553648132
49230507	1610613248
16040271	1610613248
27328755	327696
13042947	1610613248
1039719	2129921
63020919	2147618816
44288535	4099
67952847	36866
1743771	70
47458227	137216
5887731	2147614736
11796519	3221229568
57794799	37120
45633783	1610613248
2027919	98
63577875	537919744
24044043	83918848
3859815	36865
51436623	4311744513
55486947	67141640
27573051	201326593
15563667	1610612992
25450203	4328554496
52204503	16810240
39022239	68190208
44641371	4395630592
49441107	1073745921
28854795	67141633
769503	3076
11930331	671088768
53777847	1073876992
13374723	36865
73856451	16814080
19438383	36865
75117459	8425472
34905819	1074823168
2412183	37376
19889391	1610613248
72339159	4311744513
29017443	4429185025
54118371	4295000065
15300903	4311744513
77258775	1610613248
52706703	4311744513
36354099	16781313
4474767	3221229568
21279027	4099
34753215	16809985
81407595	36866
51718503	671088768
47506827	16809985
17429907	4362076161
12854703	671088641
75503991	163856
67446435	1610613248
36462963	67141633
12048591	3221229568
67201167	1610612992
62211	1610613248
8818635	1610613248
4073331	32833
53244867	1073778688
46830639	671088768
51867219	143360
42963051	2148012032
58500147	524353
70127859	1081348
10935651	1610613248
27828687	4295000320
64721271	1610613248
74310051	1073742081
41149299	8392705
73902783	1074823168
60817719	16809985
63023511	17301568
21982755	1081345
25275	327696
70990023	2147549186
56821179	36865
42242799	671088768
22890279	1085440
64582275	36865
12900063	68190208
7991787	1610613248
57091071	268444160
44660487	2164264960
58706859	1610613248
77987775	2625536
47140707	16704
480495	36865
52868055	671088768
70562667	2181070848
468831	1610613248
52735863	1610613248
70533183	4162
6156651	4311744513
3051759	134221825
80158251	1610613248
45709275	4362108928
22215387	28672
70978359	1610613248
48747099	4295000065
75110331	1085440
67650231	16777282
56133003	5368713216
24403359	36865
27020307	1081348
70597011	1081348
34821903	37120
9139719	1610613248
56679591	2147520512
46872435	671088768
3738639	1074823168
44548707	37120
33845043	135266308
19877727	36865
65587971	8392736
41181375	671088641
77689695	671088768
53596407	36865
36156135	4311744513
51449259	134254592
5193723	4362076161
24524211	671092736
71397615	1081348
69729015	5368741888
2456571	36866
73911855	1610613248
40186047	1081348
5702727	36865
6700647	16809985
79706919	4328554496
27862383	1085440
35693787	2625536
25794939	4130
80263551	2147520512
62517423	1610613248
73321527	150994945
937011	1610613248
16633839	135266308
33139695	83886081
57844047	4328554496
40296207	4295004160
37350399	196610
51409407	1610613248
78059055	67112962
54494535	134283265
38285463	327696
49104471	1140850689
3936927	1085440
43101075	16809985
12770787	135299072
3302211	16809985
18739191	5435817984
18678927	4130
48693315	134217733
18401907	4295004160
47896923	1073774593
31995651	4311744513
68057175	67141633
496695	1081345
73122591	1610613248
16246659	3221229568
67963863	671088768
33505167	4311744513
26357403	4328587264
40874547	4295131136
3064719	1073746432
73532451	1610613248
11410635	1610613248
21555399	1610613248
74478207	37120
4047087	1610612992
37655283	4311744513
65003799	37120
78893679	16912384
27055947	25198592
15373479	294976
26782491	1073746176
26082327	4311744513
14815551	150994945
78694419	671088644
81302943	2147520512
10857243	2147520512
3166779	2147520512
4332207	3221229568
57853119	37120
31541403	17825796
1380243	1085440
52503879	671088768
942195	135299072
72244551	36868
55316523	1610613248
66961407	4295004160
30208791	2181070848
56907687	1149239296
6145635	100696064
72340779	4294967361
4935819	4362108928
14920203	67141633
67032687	36865
14998935	8425472
6365631	1610612992
3158679	4294971393
53830335	4311744513
58126899	1074823168
22989099	4295000576
76758843	1610612992
22810575	4362076161
54174099	4395630592
73559667	1610612992
8161887	1140883456
46461279	1610613248
45235263	83886081
37791687	37376
22803447	1610613248
40181187	671088768
21560259	150994945
27023871	150995072
58300563	53248
13103859	4130
2009451	671088768
50049579	67112961
53704947	671088768
69211263	75497473
6853899	67141633
66918315	36865
27007995	671088644
49251	134250497
4176363	4295000320
1066611	1610613248
9541803	1610613248
72165819	28672
4762155	1074823168
40565775	2147520512
5880927	1090519041
19899111	150994945
18654951	150994945
32421063	1074823168
20869815	67141633
18125859	1610612992
22580535	671088768
28450119	201326593
70674123	671088768
12811935	1610612992
38944479	196610
44453127	8523776
64474059	1610612992
42525651	2148012032
62879979	671088768
50399175	671088644
64461747	4362076161
12536859	4353
15231	1058
65173575	37120
17409495	17334272
42287187	1140883456
34465827	16814080
35214267	528448
7315923	4294967301
60944079	67141633
49205883	1610612992
22940175	135266308
43660623	671088768
56703	4362076161
54879123	4311744513
444207	1610613248
34275963	1610613248
33010743	524353
13251279	2134016
25506903	331776
23837979	4328521729
41875059	4295000065
80793291	1073778688
72391647	1610613248
65427267	2181070848
28166619	201326593
43772079	1610612992
25599	150995072
43545927	4395630592
46204671	1610613248
19902027	150994945
481791	1073905664
6159567	75497473
52291983	1085440
47777691	671088768
19035975	16809985
30876231	4311744513
6862323	1610613248
51062403	1610613248
56940087	1081345
24254319	4295000576
59687607	134217762
15094515	1082134528
50197323	1081348
6104163	2147553280
7722867	4099
57887139	331776
56182251	4099
53347575	16809985
42140091	67141634
363207	1115136
3183627	4311744513
75206235	2147520512
68889855	4353
20242551	524354
46351443	101711872
33503547	1610613248
51447639	1073778688
65817687	1610612992
17041755	4311744513
58148607	1073745921
45482151	1610613248
41833587	671088768
74582211	4295004160
59833407	4311744513
38945127	32771
42347451	561152
74171703	1610612992
13144683	4162
47527239	528416
25414239	4362108928
11903763	1610613248
48504747	1610612992
56127495	5435817984
1169319	36865
12617211	36865
34367007	1085440
77396799	1610612992
60204063	67141633
12904599	671088768
54709671	16781314
70410063	671088644
2629587	16809985
31320111	1073778688
13707795	2181070848
58761291	2147524608
33493827	1610612992
51296007	2155876352
67215099	2147618816
26854743	134254592
59099223	69648
68739519	2147618816
74392347	36865
49026387	2147495936
31647027	1610613248
37098975	1610613248
17376447	36880
63262947	1610613248
80812083	1610613248
57547587	32833
18396075	2147487745
46626195	5368741888
27022899	150995072
76188279	1610613248
73661403	4296048640
71903055	36866
38763039	16809985
41538423	37376
77450583	1610613248
35482863	1082130944
25221459	1610613248
78936447	36865
75956619	1085440
6760911	4311744513
31337931	1610613248
60760695	1085440
24224187	561152
59710611	4362108928
36844959	2147520512
39532863	4311744513
65899335	1610613248
30602775	1073774593
54968871	1610613248
42186099	1610613248
65228655	4362076161
69999231	1081345
16058091	1085440
17852079	1073778688
28988607	36865
63202035	2147553280
53941143	2147520512
79918167	2147581952
58932363	1081348
70275927	8425472
6723327	1610613248
13414575	83918848
51201399	36865
58234791	2147520512
64540803	1085440
46211151	36865
20058843	163842
54268383	1085440
68229543	4102
39049455	4099
40689219	1610613248
3625563	4099
11052615	1073774593
48801855	4362076161
11770923	671088768
3717255	1610612992
51341043	17301568
906231	518
31371303	1058
78375279	1610613248
30510435	671088768
18599223	1085440
47239527	16814080
20153775	2147487746
11153055	1610612992
44572035	4294971393
59535003	32802
6335823	1174405120
46437303	671088768
24168459	1610612992
19812279	1074270208
63053319	1610613248
57432243	1610613248
13713303	17301536
35772843	16797696
7590675	4311744513
70319991	5377097728
69591639	36866
4131651	2147520512
4459215	2147553280
23167623	299008
81746823	1610613248
68657547	1610612992
47303031	67141633
54426171	36865
77524779	37120
1211115	1610613248
5963223	57344
81394959	671092736
68475783	4362076224
71938047	1610613248
2257959	671088768
13127511	671088768
156171	201326593
4377891	671088768
61927743	57344
53598675	36865
7236219	33028
44960511	2147618816
58200771	16781344
32192967	1610613248
21844407	1610612992
72418215	1610612992
30726543	800
28379487	2147520512
65497899	1610613248
2379459	4311744513
7484403	1085440
54773499	4296048640
18667911	150994945
28865163	1610613248
62874147	67112961
39763551	83918848
335019	2147491856
34523175	36865
35397975	4311744513
10179759	57344
12801567	1610612992
19264071	4295491648
66186723	1085440
41412711	4295000065
74128935	2621444
79425687	53248
23662047	671088768
44948847	1610613248
41083851	1610612992
58647567	2147524608
41101347	1610612992
12861183	671088768
59264787	1610613248
70947255	1610612992
60888351	1073778688
31543995	67113216
64802595	67112961
1266519	2134016
20906103	67141633
29557875	327681
53864679	3221487616
26652243	2147520512
121179	4311744513
77691315	134221825
40732635	2147520512
373899	70
7571235	1610613248
14807775	36866
8781375	37120
76029843	4353
51289527	83886081
65687115	1610613248
16685679	327681
13203327	1073778688
12049239	4311744513
37431723	2147745808
44197815	2147487746
19620471	2084
36291	135299072
37370811	196610
12028503	1610613248
41256219	1610613248
20529291	67108960
117615	1085440
2297163	2147520512
38653203	4362076161
61572639	8392706
80565519	536907776
21625707	1085440
65917479	32834
2786403	69648
57800631	2147520512
69723831	16781313
13683819	4295004160
6864915	4295000065
13525059	1610612992
14885211	1146880
27030351	150995072
43149675	2101312
8495607	4362076161
30271971	671088768
9162723	135299072
11523711	1085440
63445035	1081345
67631115	1610613248
75508203	1610613248
65398755	1610613248
54475743	671088644
12881919	4311744513
27829011	16779520
54253479	3221229568
21934479	150994945
1907067	150995072
75697419	16814080
42741111	4295004160
18910263	67108870
429303	150994945
5926287	2147487745
57439695	1610612992
60842991	1610613248
70047183	3221258240
71229135	1610613248
26202855	37376
131223	67141633
37879815	4362108928
4933875	1610613248
4252827	1610613248
5253015	75497473
41783691	36865
7651587	1610613248
38788311	67108929
63501087	1610613248
57868023	2147549185
74045991	1610613248
28686315	557120
30938763	83886081
78531447	1140850689
545619	16908290
326595	1610612992
78167919	4295000320
43256271	1085440
66776403	671088768
5571831	327696
56647515	1073905664
48019395	20512
32717847	1610612992
63998427	134218753
48035595	4295000065
46600275	1074823168
31016523	1610613248
9787395	57344
77748987	2147520512
36256899	24578
243003	4102
19290639	557120
35543127	1610613248
64145523	1610613248
1082487	1610612992
42706119	1140883456
8904819	2147487746
55901343	2147520512
51928779	1610613248
69702771	2147520512
12582543	1610613248
1956315	671088768
5018115	2181070848
66079479	37120
30132651	1610613248
17101371	67158016
64389171	37376
43021047	1073778688
49227267	1090519072
57494451	86016
68378583	1610613248
7075191	8421377
34048515	2147487746
59889783	16809985
69052827	1610612992
44036463	104
47550567	1610613248
63951771	37120
55344711	36865
31654803	1610613248
44907375	67141633
58452843	2147516432
45185691	671088768
78463083	1610613248
74944443	36865
2078463	1081348
22796319	37376
65161911	83886081
33578067	4102
24123423	4295000320
11006607	134217733
15608379	2147487760
51161223	518
20903835	1610612992
73774479	36865
47054523	2147520512
47046423	16809985
34642083	1610613248
52656807	4362108928
26821695	4329570304
52175019	4328587264
57827847	37376
426711	4362108928
47713539	671088768
18913827	4311744513
78318255	1074823168
7759155	150994945
18307947	1074008064
10029099	134250500
749739	554696704
19793487	1073774593
46524459	671088768
14007495	36865
7675887	2147520512
46338159	36865
11896311	3221229568
13682847	671088768
39109395	671088644
29515431	196610
37050699	1610613248
63947883	1610612992
1829955	32834
59714175	5402263552
24141243	671092736
44368887	1081345
4109943	2147520512
81107895	150995072
48734787	67141633
24992715	17301568
62372595	1140850689
14757879	1081856
51790431	3221229568
11887887	134254592
61824711	1085440
6935547	1082134528
46513119	671088768
1608987	525314
31108863	1073742084
46648875	2562
40693755	1081348
55351839	2214592528
71647419	70
52256991	299008
5918835	134217733
64138719	17301568
2971083	32802
61239891	1074823168
919191	134217733
40086255	16814080
58735371	2147524608
37370163	196610
12835263	67108929
62604903	37376
18841575	4311744513
75812439	1073876992
42354579	70
64047027	36865
69677499	67145728
4775115	83918848
841755	2148007938
60184947	40961
37213347	5435817984
67068003	16809985
18159555	1610613248
19847595	2147487745
43369347	150994945
79584123	1107329024
12183375	83886081
73883343	2147487746
15366999	16777250
1762887	327681
27621327	4328554496
12349263	1073778688
6539619	17334272
5665791	134217864
50870271	1081348
44552271	2148012032
66345483	1081348
63977043	1074823168
74145459	671092736
19563771	4311744513
15635271	1140883456
1130763	1610613248
14630223	36866
75493947	2147549200
37246719	1212416
74409519	5435817984
36883515	1610612992
26708943	16814080
66267399	524328
40660383	32833
50367423	36866
59554443	1140883456
932799	2147520512
37141095	671088768
65192367	67141633
13098999	1074823168
74888067	2147520512
54387291	1073745921
25871403	4311744513
74971011	1610613248
63104187	36865
18727527	1081348
32132379	4362108928
25047471	16809986
2934471	57344
42856779	68190208
65721783	1610613248
62246883	1085440
14354499	1085440
13579491	1610613248
70982247	1082134528
32134647	5368709184
69597471	1610612992
72239367	134250500
432867	1073778688
72544251	1610613248
1301511	4395630592
17561775	134283265
75353007	4295000128
71754339	16781344
23802663	1610613248
40070379	36865
45649335	3221356544
6667923	1085440
64348023	1085440
70021587	2147520512
57756891	1073778688
55812891	1610612992
36922719	671088768
38814555	37376
38733231	16814080
69128643	1610613248
40893663	1610613248
36208947	16781313
47011431	1081345
1469667	4362076161
138351	67141633
44024151	671088768
41865663	4294971393
35368815	671088768
80482575	1610613248
77320659	1081348
46795323	671088768
30807867	4311744513
3361503	25088
58448631	4563435520
52672683	137216
73069779	37120
54656535	16814080
37099947	671088768
61830543	67141633
44553567	4362076161
71413167	2147483682
81724143	1082130433
1790103	36896
51200751	4362108928
76228131	16809985
48753255	36865
77663127	37120
179823	671088641
5470419	1090519041
39383175	36865
14571903	2129921
72182019	135299072
52370715	4362076224
35304015	1610613248
30762507	4099
74652843	2147581952
39306063	67158016
52444587	36865
59317923	4362108928
16228839	1085440
34562379	67141634
67551087	1610613248
47706735	37376
51174183	671092736
43797351	561152
44733387	100696064
27401007	4311744513
14464983	4102
48425367	1081348
79716315	1081348
16168575	671092736
3080595	1610613248
16624443	67141633
23288475	150995072
56567163	671088768
26039883	32834
51195891	1610613248
47974035	1610613248
77653407	1140883456
45477939	57344
38956791	36865
17337243	1074823168
39550359	2147520512
22281807	671088768
74322687	671088768
16468599	135266308
44527323	36865
48296739	1610613248
22574055	83886081
73704495	1610613248
57412803	1074823168
72951843	4295000065
21825615	16809985
57855711	37120
6843531	4328554496
28276455	1610612992
62173659	67108929
30948483	134250497
65789175	1610613248
3599319	4311744513
25384107	1610613248
1065315	163856
51467403	8425472
48775935	4362076161
1588899	1610613248
77033919	2164785152
63323859	2147487745
67301283	4311744513
68585619	5368713216
3121743	2148012032
26065155	1074823168
15359547	2248146944
70505967	36865
13197495	1610613248
71039919	2147520512
72647931	1610612992
4907307	17301568
32654991	1081345
11486451	1610613248
53905503	1140850689
78985047	1610613248
47400555	83886081
34234815	36866
64594587	20484
78193839	1085440
49365939	4295000065
55080327	32802
21362943	1610612992
74901999	671088768
53817051	1610613248
12570231	167936
77587311	4294971393
118911	134250497
59531115	671088768
37681527	1073762304
51546783	4311744513
27379947	2148012032
1947567	57344
38254359	201326624
75614151	4295294976
61992219	2147618816
58756431	1610613248
69949983	1610612992
24969063	3221356544
25479363	2147520512
791211	1081345
75425907	83886081
67842039	1610613248
81017499	16912384
42713247	1610613248
4536327	40961
20438247	1610613248
22302543	150994945
3201771	4362108928
77480067	16912384
61364955	1610612992
52626999	2148012032
51439539	67108929
1015743	67141634
46185879	1610612992
6013443	1610612992
17304195	2147520512
80760243	3221229568
23504259	35
66690867	1081345
44396751	2164264960
40201923	4099
69874815	4362108928
17116923	4295491585
81484383	2147520512
25722039	2147487760
59989899	1073745921
68587239	1610613248
38219043	1082146816
43034655	32802
27091911	671088644
8732127	5435817984
59484783	1610613248
25900239	671088644
53471343	1342177344
8134347	1085440
62543343	1610612992
9838587	4311744513
78262851	134217860
31746495	1610613248
41541015	36866
39238671	57344
56899911	57344
9528843	1085440
62880303	557120
2151363	33587264
63359499	65793
54949431	36865
27027759	150995072
46280163	1610613248
49049391	1085440
47802315	1610613248
37515963	4311744513
4163403	137216
25987719	1610613248
75160227	1081348
42989943	36865
39078939	2147520512
9187023	1610613248
73397667	67141633
30482895	4295000320
10770735	1610613248
27439887	150994945
6876579	1050628
74794755	2147618816
34392279	6442483712
27390315	671088644
57487971	1610613248
79707	4294967361
15144411	83886081
22436679	201326593
39101619	2180
1577883	3221229568
19129935	1073745921
74221599	1073905664
366447	36928
14526867	4362108928
23301435	1610613248
52413483	2147487760
56057835	4311744513
52868703	1081348
57215487	671088768
47076879	557120
12653823	671092736
3452547	1610613248
81082947	67145728
72500187	4362076161
8039739	2147520512
74590959	36865
44797863	671088768
30872991	1081345
36765579	671088768
41661867	2134016
63482619	4295524352
42224979	671092736
23930967	3221229568
1266843	1610613248
25478391	1081345
67687815	3221225488
21798399	1081348
20867223	1610613248
35817879	268568576
44409711	1610613248
35142339	1081345
76711539	36865
11246043	2147549186
23661399	671088641
2669763	1074823168
54534063	671088768
77647251	134217733
36216075	671088768
6518235	83886081
20737299	16809985
7880007	671088641
10766523	36865
12061551	4362076161
80621571	4295000065
14693079	5368709121
61412907	1073873408
25273299	2147487746
78520431	53248
23439135	4328554496
17073831	32833
29576991	150994945
54458895	3221229568
3421119	32834
79527747	1074823168
6367251	40961
19074207	83886081
25430439	4362076161
77027439	1073778688
5992383	2147520512
9023079	1085440
18474159	150994945
33152007	4294971393
68433987	2164264960
9071031	36866
2862543	2148012032
5161971	4295000320
2213571	67633216
37597935	2147520512
13007307	4311744513
7920831	2147520512
61637115	1073778688
18839631	150994945
75237987	671088768
63402267	1610612992
12798327	70
18825375	167936
62869935	36865
49124235	134250500
64105671	1085440
39857187	36865
29693307	36865
3577611	2248146944
442587	1081348
21576783	1610613248
71865147	1610612992
53957019	4329046016
11668539	67141633
55558875	1085440
35025699	1610613248
36298047	36865
33453003	1081345
59576151	16809985
51013803	2147488256
72343047	1140854784
1449903	142610432
80887575	33619970
18211719	36865
34462263	32802
47343207	1610612992
35881707	1610613248
36194691	1610613248
15585051	1610613248
18821811	1085440
9540183	2147520512
77351115	36865
38315595	1074823168
11065251	32834
35607927	1610613248
58680939	36865
35973723	17334272
27365367	32834
8595723	536875520
72842007	37120
61313439	1081345
2260875	33751040
42374343	67141696
67723779	1610613248
1369551	3221229568
44481963	1610613248
80003379	1074266176
3064071	1073778688
41684223	538972160
10390359	3221229568
24184011	5435817984
53207607	1081345
47745939	671092736
71429043	3221229568
42098295	83886081
61128759	1610613248
48942471	16814080
57625671	53248
81397227	53248
14742003	36865
14624067	524322
730299	1610613248
70288563	1610613248
2088507	1610613248
21481527	1610613248
41440899	1610613248
55049547	2147520512
81197319	4362108928
37379883	196610
51987099	1610612992
53881527	5368709121
529419	1610613248
112107	134250497
6375999	2147487746
36924663	671088768
637959	4362108928
32393199	1081345
19884855	1073774593
78903723	2147520512
49260963	2101250
12907515	32834
28286499	4362108928
39316431	67141633
7301991	1610613248
59019843	37376
22840059	671088644
11299503	1073742084
38024967	16814080
32315115	67239937
19492491	2147553280
48948627	134283265
12417303	1610613248
66072351	2147618816
33121875	4362076161
75501399	4113
52800015	8425472
2209035	1610613248
25050387	1610612992
1269435	33558784
80897619	150994945
77737647	524322
24112731	671088896
7446171	32833
80636151	4362108928
39532539	1610613248
15788199	83886081
19744239	2147487760
38181459	67637248
16738815	327696
3223803	4395630592
3489483	1610612992
70220199	57344
64673967	17301568
56079219	36865
47338023	1085440
32445363	1610613248
56361423	2147520512
2786079	1610613248
69426075	671088768
2932203	1085440
46630407	150995072
980103	4362108928
45263451	3221356544
67896471	2147520512
3761643	2147549186
68600523	1610613248
26225211	4362076161
38300691	32773
29074143	53248
20466111	1610612992
1122015	4295524352
56758971	1074823168
75917739	561152
71913747	4311744513
31289655	1081348
10839099	134250500
9080751	2684878848
39720459	1610613248
35855787	1085440
65782695	32773
32339415	67109632
34076703	2147520512
70841631	69696
5307771	1610612992
77960559	1085440
54308235	1085440
21626679	4295004160
58702647	17301568
78377547	57344
23968227	1610613248
38616591	3221749760
9651639	1610613248
67137663	1085440
64048971	17301568
56555823	1610612992
2995707	3221356544
57077139	4395630592
32650455	327696
70094811	1081348
21461439	4362108928
38244639	4295000065
62913351	1610613248
2406351	1610613248
27575319	4295000065
51156039	536875520
12572175	2147487746
26404059	1073745921
2875179	671088896
4116747	2147487746
48768483	57344
68069163	671088768
8417847	1610612992
27624567	67141696
33592647	5435817984
27588603	1073745921
1187787	671088644
53048199	2147487746
70420107	1073745921
73578459	671088644
10063767	1610613248
26022711	2147520512
37378587	196610
49646199	4311744513
75078903	1085440
46833555	671088768
48296415	4311744513
78036375	1081345
69482775	1073778688
51016719	1081348
27369255	134221825
69162663	8425472
38431911	1081348
72012891	2147487745
50407599	1610613248
72291207	1081348
78253131	1073778688
37957899	36865
779547	1610613248
66336735	4362108928
23782251	1074823168
67031067	1610613248
19759467	4362076161
4379835	1081348
38410527	1610612992
6766743	1610613248
41891259	16777249
27534495	1610613248
49178991	150994945
53278563	671092736
57903339	135266308
71697315	1610613248
10908111	50
11963703	327696
2817507	327696
77276919	4311744513
39109071	2147520512
12458775	671088768
75867519	1610613248
7097223	36880
80336775	36865
51248703	524354
2603343	2147520512
71382711	2147520512
40936107	4311744513
63181947	53248
26424795	1610613248
18222735	36865
23915091	2147520512
22577943	2147495936
36498603	1073778688
41824839	671088768
68465415	2147487745
5318139	3221229568
53217327	137216
44137227	16814080
81646059	4311744513
33087855	1610612992
43098483	1610612992
31404027	800
70629735	2164260866
33155895	83886081
35876847	2147487760
69423807	1081348
27213087	4395630592
2408619	524354
3059535	1610613248
58130463	16809985
72217335	4311744513
37707771	1081408
4006911	1073774593
64026615	1174405120
58102923	2147520512
55872507	201326593
45473079	671092736
31348623	2147520512
67694619	36865
44048451	1610613248
33020787	786496
61345191	4311744513
34472307	37120
67241991	4311744513
75214335	2147520512
62224203	2147520512
43439655	16777282
59563515	2147520512
17757795	4362108928
29372223	53248
45454287	671092736
517107	1610613248
30046143	17858560
2102439	50
64607223	5435817984
6477735	1610613248
34686795	1073778688
3243567	2147520512
13218231	557120
60811239	32833
56963091	671088768
78456279	2147520512
2197047	1610613248
2214219	1610613248
52884579	8425472
19088463	32833
59021463	2148012032
50450691	2147520512
33568671	1073745921
61605363	65793
39486207	4311744513
49781307	8392736
40318239	1085440
21443619	8425472
3175851	1610613248
28584579	32802
75943659	37376
61060719	32833
43750371	1074823168
2881983	40961
25363047	1610612992
6919023	1610612992
41830023	1610612992
16825323	100663360
46697799	536872964
80085999	671088768
7023351	134250497
80493267	1610613248
36507999	134251008
22196919	2147520512
5060559	150994945
26480847	671088768
23417427	1610612992
38932491	1073745921
25378275	4311744513
38670051	1090519041
27911631	1073762304
63617079	4295000320
72918795	1140883456
46779447	1610613248
60522879	34820
19538823	1610612992
28942923	20482
34980015	36865
61395411	2147487760
20609643	1342185472
28809435	37376
79686183	17858560
31573155	1610613248
8821875	1610613248
75055575	1074270208
72122727	2147520512
54772203	37376
35105727	4362108928
53357295	36865
1867215	1610613248
47323119	671088768
2107299	1610612992
1174503	1610613248
51504339	2164264960
32893779	1081348
60892239	1074823168
22391643	4311744513
61853871	4294971393
12068355	1146880
29423415	2148012032
53992659	4864
24428955	1610613248
77547459	1115136
80546079	37376
34996215	4311744513
23294955	1073778688
56878851	1073778688
45691779	2181070848
67660275	16809985
74688159	36880
59772819	16809986
59570319	1610613248
47721963	3221356544
23224647	671088768
63784911	17334272
49091835	671088644
78509091	2147520512
47596899	1610612992
51252591	1610613248
27664095	32802
80021199	5368713216
3868563	36865
3872775	67141664
68278467	4395630592
34599315	1610613248
3812187	1082134528
3325863	1610613248
31796391	536870918
73537959	33652736
21605619	1081345
23512359	671088644
66687303	4311744513
62529087	8425472
2219403	36865
41439927	36865
73214283	1085440
47603055	136314881
34601907	1610613248
35671755	1146880
44781663	671088768
78532419	2147520512
35455971	4311744513
12830079	38
25508523	16781314
24881583	20482
53998815	1610613248
10913943	2148012032
11492283	57344
52052871	167936
65553951	37376
15922659	83886081
53777199	528386
2392743	134250497
24751983	1073766400
35537619	4311744513
36762015	36865
36686847	1610613248
4764423	1081345
70391595	4311744513
28386291	67112961
72273711	83918848
4018899	97
21264447	1081348
42155643	4362108928
80748903	135299072
8745087	2147487745
51472263	1610613248
44969259	1610613248
38123787	67141633
77988099	37376
52641255	3221258240
20031951	1610613248
8588595	37376
12348939	137216
57663579	2148012032
7467879	8392705
19064811	32833
1031295	1610612992
22032003	2147487745
40180539	671088768
27192351	4102
62211567	2147524608
81313311	4362108928
50992095	2147487760
33709935	1610613248
7292271	1610613248
5823255	2147487746
40440387	671088768
18998715	1085440
81692715	1610613248
17096835	1610613248
78587823	577
32591163	32833
2513919	1610613248
4416771	1610613248
41320047	4362076161
22072827	1081348
58520883	1073746432
55289307	1140850689
79575375	671088768
9520419	83886081
56703891	1610613248
37693191	1085440
28203555	1081345
29719227	4311744513
55961283	3221229568
11337087	1610613248
36654771	561152
2175339	67112976
39543879	1073872900
46535475	1081348
67267911	4311744513
47803935	1610613248
42470247	671088768
8308011	3221229568
44253543	4099
22764243	1610613248
79184955	2147520512
71099859	16912384
70364055	135266308
34143447	671088768
17514471	1610613248
80713263	1610613248
5058291	4362108928
18867495	1048582
41477511	327681
23079819	1085440
44031927	1610613248
36205707	1081348
79611663	1610613248
62649615	1610613248
29550423	150994945
51577887	2147520512
74102691	6442516480
13784907	1610613248
49138167	671088768
61127787	2147520512
17936319	536871680
77629755	1610613248
73644555	671088768
46397451	4295524352
1914195	2147520512
59567727	36865
44831883	36866
17772051	1610613248
81238791	67141633
67331739	201326593
44977359	536903684
14315295	1085440
67389087	83886081
21159795	4226
6648807	134218368
55648623	83918848
66293967	36880
37648155	1074266176
75366615	135266308
37600851	1081345
79657995	16814080
43046643	1073746176
68454723	1610613248
77152503	2147487746
69207375	671088644
65587647	32833
25413591	528385
13751211	4295004160
32588895	1081345
36638247	1610613248
13287	37376
40823355	671088768
53225751	4162
64390791	36865
71985675	1074823168
52247919	2147487745
44680899	524354
11289459	1074069504
60664791	1610613248
12078399	98305
49516923	1610613248
31321407	4099
50162979	4362108928
63159915	4311744513
57368415	327696
30816939	671092736
62446791	8425472
47532099	1610612992
28812999	67141633
63589215	2181070848
44396427	1610613248
7371327	67141633
6944943	8425472
51543219	1082163200
55155495	37376
2357751	536875010
10917183	1610613248
7784427	83886081
77281779	1081348
51164463	36866
80456007	1081348
36534243	1081345
58226367	537919492
26602995	671092736
38255331	3221229568
12397215	1610613248
37261947	2147520512
55267275	1610613248
81569595	135266308
33236895	67108929
12548199	671088768
39767115	4295000065
56471583	5435817984
2117991	16809986
2067447	4226
70451211	2147520512
41727963	4295000065
31717011	1610613248
61598883	2134016
47559639	1081345
17021343	4295000320
36105591	67141633
21163683	134217733
8950827	1610612992
75484551	1610613248
21305919	1610613248
29169723	5368709184
43229055	83886081
80255451	1081345
30181899	1610613248
21804555	1610613248
46811847	2147520512
37555167	4295000065
47393427	37376
9320511	671092736
53490459	671088768
30776763	1090519041
21952623	1610613248
61355559	67133440
61192911	3221229568
25954023	559104
34502439	2625536
81530391	1073778688
23511063	1610612992
39782019	1610612992
52505499	2147483666
43053447	1085440
71979195	4429185032
1095447	1610612992
41880567	67108867
1147611	83886081
70928787	2134016
5920131	65793
58998459	671088768
67063143	36865
23908935	67141633
24011319	4311744513
55105923	2147484674
73248951	671088768
72565635	67145728
59460159	4362108928
38815851	1081345
43328199	135266308
79285071	1081345
39512775	2147520512
18169599	100696064
12011331	1610612992
57718659	1081345
37828947	4311744513
59229471	16814080
56120367	53248
75053955	1073790976
18627087	1610613248
27632991	4161
26657751	1610613248
18235695	2147487745
2700867	4362076161
31479519	671088768
24976191	75497473
44512095	671088768
29042067	4102
78933855	327682
57490239	28672
40407663	36865
16413519	1610613248
16430043	1082134528
5507679	150994945
50807415	37120
48637911	1074266176
36699483	1610613248
45088491	1073778688
61617351	4295004160
49409355	196610
888411	1610613248
33513915	2147520512
41840715	671088768
33013011	16781313
2430975	4311744513
60607443	163856
24701763	1058
3003483	4102
23553183	4129
62807079	1081348
28072011	2147520512
19001307	1610612992
48291879	524354
28017255	67108929
36837183	67133440
36981363	1610612992
41819979	2147487760
26770179	53248
58481679	1610613248
67038519	4294971456
61999347	67108929
47885907	1610613248
55848207	37120
47913123	671088768
9088851	53248
50915955	2147487776
68137851	83886081
46660215	1610612992
71460795	3221749760
73464087	16797696
70446999	36866
31291923	1073778688
25825395	32834
80980563	67141696
24585123	2147520512
69566367	1610613248
78195459	1074823168
78963987	134250497
37380855	196610
14986947	1073873408
50666799	16809986
20648847	17301505
39030987	1073758212
71406687	1073872900
56038395	16814080
45615639	36866
7035339	1610613248
318495	1610612992
81295491	1081348
59098575	1174405120
416343	1610612992
29720523	671088641
57522963	40964
63917103	1085440
58625211	1085440
80216247	1610613248
4032183	33591296
41526759	671088768
8747031	67141633
16164363	83886081
842079	1610612992
63028371	2147520512
60813831	17334272
52690827	1085440
49490679	135266308
32276559	36865
70189095	1082134528
47146215	266241
70400019	671088768
136731	67141633
51773907	17301568
73103799	540736
5080971	4362076224
33530439	83886081
39105507	2147520512
41443491	16814080
77204991	671088768
36646023	2147520512
1632639	2164260880
75813735	4295000320
97851	134254592
66472815	1074823168
67926279	4362108928
35975343	36896
30843507	16809985
38177895	1610613248
46507935	1610613248
75646227	1073775104
39951471	4311744513
5246211	8392705
38033067	138
64149411	1610613248
66528867	1610613248
31736775	1081345
30136539	67112962
72338187	36865
80721039	360448
55850151	36865
67988487	4295000065
26496723	167936
46863363	671088768
70237371	1140883456
68805291	671088768
28210359	4099
58896723	2147520512
40794519	1610613248
55407	8425472
11932275	1073778688
76607859	2147520512
31237815	1610613248
31771767	16809985
62261787	201326593
42534075	2147520512
71866767	561152
4279719	4429185028
40277091	4311744513
63068223	1610613248
19929891	1146880
47525619	2147520512
16683735	1610613248
70158639	1174405120
57303291	1610613248
44966667	671088768
43354119	16809985
28590735	1610613248
46289235	1610613248
62492151	1085440
291279	1610612992
8824143	1610613248
21898839	4295000065
17440275	1610612992
74201187	3221356544
39478431	1610613248
14111823	36880
32518587	299008
43694967	671088768
51221163	671088768
3255555	1085440
73885935	8392706
64040871	4295000065
36787935	1048610
62406291	36865
847263	327681
37161507	2147520512
51118131	2147520512
44436927	32833
78329271	33652736
28576479	2147487746
46285995	671088768
60098439	1073762304
10441227	1081348
10084179	4295004160
5705643	1085440
78104091	33652736
28052571	1141112832
80047767	7516192768
18769323	8392706
36922071	4311744513
48195327	1074823168
3261063	1610613248
21325359	97
41124675	4295000065
61493907	37120
23928375	1610612992
17782743	2147520512
5016171	4311744513
48250407	1085440
5330775	36865
33228795	167936
73376931	4362108928
63989355	36865
66632223	1610613248
5543319	16809985
55083567	2147553280
47834067	8421408
23597247	67141633
75442107	2147487745
80212683	1610612992
1237359	1610613248
36621399	1073746176
50571867	536871172
12529083	671092736
70828347	83918848
40953927	524353
7333095	36866
56956935	4102
63594075	150994945
14699235	1085440
9079455	4161
36999831	67633216
64213239	67375104
74143515	1140850689
45620823	1610613248
56233119	1140883456
1251291	1610613248
64308171	671088768
16783203	2147581952
76096587	3229614080
60495663	2147549185
38122491	2147520512
37937487	37376
69962295	2147487760
36586407	53248
48375795	2147553280
28177311	201326593
56071119	33587264
9200631	327681
21835659	2147520512
72306111	4329570304
18701607	4102
69611403	100696064
1642035	2214625280
21158823	16809985
34069575	4162
46957971	671088768
32171583	3221229568
4403811	1081345
15577923	2129921
73899867	1118208
79629159	36880
22314855	1610612992
34378347	1081348
39722727	1081345
62803191	2147520512
55655427	37376
7259547	134283265
70770675	1141112832
29377083	150994945
10926579	1073766400
43774023	1610613248
51177423	201326593
58683207	1074823168
60167775	1610613248
22565955	4311744513
59983743	2147483682
64065495	1610613248
4906983	4362076161
20500779	4329046016
29770419	2147483682
78419667	150994945
33666843	1073778688
8086071	1212416
45053499	134250497
15422727	1610613248
73112871	2148073472
36779511	37120
14183103	16781313
52262823	17334272
12876087	671088641
4239219	167936
3891243	4395630592
9787719	1610613248
59766987	1610613248
11742735	2148012032
78833415	1610613248
42876543	4130
57412155	1073774593
23775123	1610613248
2646111	8425472
26862843	537919492
36090363	4295000065
58755783	16912384
1016391	2148012032
63378291	561152
70502727	1610613248
5459079	1610612992
21746235	37120
51585015	4311744513
57167859	3221229568
2443611	1610613248
27340095	4362076161
35925447	4295000065
19713135	1081345
36449031	83918848
10698807	528448
42779991	4362108928
33914379	327696
1519887	4161
3224775	1085440
49047123	1610612992
62745195	2147618816
73064595	4311744513
77579211	134217860
51612555	1081348
55048251	1610613248
57433863	1081345
27750927	1610612992
81294195	1115136
48873783	671088644
19422507	36865
20659539	83886081
37629363	1081348
60471039	67141633
68650419	4311744513
77257479	4362108928
57466263	150994945
64499655	1610613248
24204423	671088768
49879803	2147520512
11782587	2147553280
52567059	37376
49956591	1610613248
51862035	16781314
42530187	4311744513
5391363	2148532228
42557079	1610613248
38739063	671088768
48587691	2147520512
381351	134217733
19669395	1610613248
36560811	36865
69706335	4362108928
67045647	1610612992
33274803	1073778688
36992055	1081348
32079891	36866
77420775	1610613248
53017095	671088768
9993459	1610613248
50141271	671088768
42579759	67141633
70608351	4311744513
78706731	16809985
7465935	557120
162975	4362108928
78289743	1073778688
2429031	561152
15421431	2147520512
44671503	1085440
71200299	1107329024
56403219	1081348
28639659	1610613248
4226259	1140883456
16299471	135184
71529807	4362076224
27370227	1081345
8604147	524353
39636543	36880
63505623	2147487746
50631483	2147520512
25317363	167936
23982483	2148012032
44102235	327696
54260607	135299072
4623807	4311744513
455547	1212416
27080571	800
59442987	2147520512
36078051	5368709184
1151175	134250497
29374815	83886081
45667803	1081345
67650555	8392705
41109123	561152
12258543	8425472
64399863	37120
47447535	1081348
26834979	135266308
45386247	1081345
19192791	1610613248
854391	67141633
62789259	167936
56166051	1073778688
32149227	1610613248
35070735	101711872
72294123	69648
21935775	1090519041
46259427	2155905024
1634907	1610613248
12928899	66576
21356139	1057
45691131	671088768
24273111	36928
382647	67141633
39303471	1610613248
44097699	1610613248
49899	5368711168
23660751	671088644
39888939	1085440
71242095	5435817984
50036295	17301568
8134671	1610613248
48061839	1081345
38118927	1610612992
29248131	4295000065
73859043	1146880
66178299	137216
25886631	1610613248
12697239	1085440
75732411	1610613248
40677231	16781314
19955163	150994945
76907883	1610613248
63956955	150994945
69750399	5435817984
43239747	67145728
2703783	1610613248
62265675	1085440
81378435	1085440
5274399	4311744513
79527423	3221229568
68580435	1081345
65405883	8425472
51571407	671088768
18837039	150994945
56040663	3221356544
7787019	1610613248
139647	4295000065
19028523	150994945
31256283	83886081
61460859	1610613248
21731331	2147487760
81688827	4429185028
36308739	4295000065
40112499	1610613248
47206155	135266308
66844119	671088768
25793319	74
50676519	2147520512
58053351	1610612992
40755315	67141633
19401771	327696
25901535	1085440
80265171	2147520512
70727583	2147520512
51059811	1610613248
123771	67141633
36963867	671088768
485355	1610612992
2301375	67141696
42610539	67141633
44978331	4362076161
79160331	36865
51799179	2621504
75998415	1074823168
71802615	1074823168
14285811	671092736
3031023	4362108928
73765731	4294967361
31581903	67141633
18662727	1610613248
60953151	1610613248
20338131	4295000065
37908651	1610612992
16286511	17334272
65998479	4362108928
38766927	65542
29102331	671092736
8550363	36865
11792307	36865
55603263	1081348
38358687	4311744513
6734991	36865
26046363	83886081
29055027	4130
13834479	5435817984
23565819	36865
81079707	53248
412455	4295000068
34243887	2147520512
43700799	1610612992
49859715	2129921
40484127	1610612992
17543955	36866
24966795	17301568
3997515	2147500034
46905483	36865
4524015	1073778688
80734323	1610613248
59855763	1074036736
78462111	1610613248
20213391	1074270208
56551611	100696064
37074351	1085440
33953907	1610613248
77540007	4294971904
26468535	150995072
28467615	2147520512
80909607	16780288
39338787	1073742852
14864799	1073774593
22871487	3221229568
64752699	134254592
72315183	4362108928
52684671	57344
47367507	1610613248
78554775	671088644
1909983	100663297
43132503	8425472
12260487	4362108928
50336319	36866
33133539	2148012032
80791023	17334272
1482627	1141374976
10411743	1610613248
25902183	4362108928
77857527	32833
21109251	32773
70588587	2134016
19016859	16809985
44802723	1085440
14686599	137216
11064279	1610612992
34435695	1074008064
35431023	4311744513
71319207	1610613248
39789795	201326593
72655059	671088768
24718287	1056772
60403971	1610613248
47123859	135299072
79336587	4130
48300951	69648
15511179	32836
51409083	1085440
73779015	16809986
52790943	36865
22739295	4295000065
61524363	8392736
32899611	1610613248
1155711	524802
5794743	4295000065
5475927	83886081
48141867	67141633
71026959	37376
64036011	4311744513
18593067	4362108928
73314399	1610613248
50374227	8421408
54368823	2147520512
7695003	1085440
19475643	67141633
43174299	1081348
26289363	1085440
3618435	1085440
76693395	1610613248
46914879	2147520512
33093687	5368713216
32044251	1610613248
3498879	1610613248
52581963	65793
16665915	67141633
50546595	2148073472
78588795	32833
120207	134250497
48544599	4295000065
32781999	1610613248
9883947	1610613248
2301699	67113024
76518759	1140854784
23664963	36866
30576855	1074823168
44806611	32833
31937007	1610613248
12690435	4130
1245783	4311744513
79821291	671088768
63119091	1610613248
42776427	1107820544
76424475	1073778688
16992507	16781313
39065331	1073766400
464943	69206017
77268495	4609
7967811	1081348
43827159	69648
5998863	4311744513
46608051	67141633
77978703	4362108928
48852075	134254592
15811527	83886081
49063323	2625536
24461355	2148012032
45627627	36865
57550503	1074823168
74665479	36880
9635439	134250497
79362507	1081348
48995283	2147520512
52327947	66564
54356187	4311744513
12204111	2147520512
65411715	1140883456
60851415	2147520512
1257123	131344
61746303	1610613248
45542415	1610613248
56735319	2147495936
35043843	671088768
50170107	57344
71025987	1146880
77636559	1610612992
63629391	2147487746
41140551	17301568
57672327	1074823168
11926119	4099
37381179	196610
38478891	1081348
2611443	1610613248
37726563	2147553280
47901783	671088768
40787067	1140883456
64287111	2147520512
28039287	4362076161
47776395	2147495936
34619079	1610613248
79182039	36865
50463327	2147520512
61278771	134742018
79086783	1610612992
45660027	1081348
67762983	671088768
65387415	36865
8062095	671088641
49381167	671088768
52213251	671092736
57665199	1074069504
57996327	4362108928
47739135	671092736
53685183	2147520512
39347535	1074823168
6742767	1179652
38639919	1081345
67087443	344064
34310955	561152
63453783	1610613248
61443363	8425472
38724807	196610
47649063	1610613248
68539611	1073876992
58188783	1610613248
13439523	2147487760
66346455	671088768
24289311	1082163200
50411811	2147749888
7429647	1081348
65570799	83918848
41469087	16810240
47186715	2147520512
54501663	67174401
33927339	67141696
22839735	671088644
71619879	65554
38577387	4295000065
18643611	1610613248
16800375	1610613248
79061187	37120
50757519	2625536
22910043	1610613248
73890795	36865
5575719	1610613248
39411687	36865
32201715	4362108928
70653387	20512
17081931	4311744513
53124663	671092736
1745715	134217734
25671171	36865
47519139	671088896
2541135	321
7180491	1074823168
45664239	1085440
77899323	2147487760
6935871	2147483682
15387087	36865
43094919	1081345
38924391	36865
11071083	1610613248
81058323	5368741888
9880707	557057
24853071	1085440
31718307	1610613248
31549179	36865
56666955	1073778688
45516819	1073766400
6833487	561152
17418243	83886081
5004183	135184
51116187	4311744513
39356931	4311744513
63181623	1073745921
51686103	4311744513
62879655	16814080
115995	67141633
48148347	1074270208
79529367	36866
70872735	4362108928
601023	671088768
4747251	6442455040
10210863	4311744513
7501575	1610613248
71433903	1610613248
48125991	4295524352
77141811	671088768
42536667	671092736
9623451	5368741888
77814111	36865
29076411	1115136
68523735	4294983681
28105383	671088768
21485739	1610612992
63917427	2147520512
11291727	2147549186
48985887	134250500
10395543	1610613248
36176223	4311744513
12398835	671088768
145479	16842754
1034535	4429185025
65692623	1074266176
58579527	65793
966171	1610612992
3144423	671088896
49752147	1081348
19838523	1610612992
31228095	1610613248
64094331	1073741890
1257771	2147520512
81605883	1610613248
2531415	4294967553
25959207	671088644
36407235	4295000065
50980755	268568576
80566167	671088768
60320379	1085440
27919731	4362108928
77476827	1610613248
36372567	1610613248
19401447	37376
41700099	1073778688
19282215	671088644
40434231	1082163200
17664807	4161
12172035	671092736
71537259	53248
26462379	67141633
71776695	36865
61930335	1610613248
55466535	331776
31011015	4362108928
38078751	4311744513
6725919	57344
6646863	536907776
33932523	1074823168
38505459	671088768
32064987	1610613248
60421791	1073778688
4426491	4311744513
7181463	36866
46471323	671092736
47890443	1610613248
50707947	98
877071	1610613248
33122199	4362076161
71775075	1610613248
28673679	67141633
6594375	3221225488
53275647	36865
30067527	3221229568
4963683	1074823168
5523555	70
27156387	1073745921
34917159	1610613248
58949859	671088768
4848015	2147520512
66796167	671088644
76117971	1610612992
37548363	1073778688
12376155	671088768
50933127	4294971393
62080995	1073774848
3604827	276828160
19262775	1610613248
27182631	24608
7481811	17334272
12440955	671092736
70868523	4311744513
37369839	196610
5140587	2147483682
635367	4362076161
75725931	36865
1946271	8394752
27585363	1610613248
79804119	4311744513
2808759	561152
52699899	4311744513
47583939	4362108928
12566991	67141696
73322499	1610613248
34694571	671088768
41118519	4295000065
11377911	2147487746
80351031	537133057
62777595	36865
67478511	2147487745
66463419	536870918
12857943	83886081
6658203	1610613248
33088827	150994945
71194467	671088768
79681971	528386
41084175	4295000065
29176203	100663360
50814219	2147520512
41940507	671088768
14828511	37120
62621751	16779280
37801731	2147487746
74380683	32833
14990835	83918848
32322891	671088768
18155667	83886081
58323	1073746432
11066871	2147549186
63342327	4362076161
50431251	2147520512
15031983	1073778688
23679543	37376
63387363	1074298880
35179275	1081345
28990875	49168
76960371	36865
22469727	36865
20239311	150994945
54329295	134283265
49011483	1073778688
6009231	1174405120
17314887	2684358656
81516783	671088768
13576575	134217858
47256051	4311744513
6079863	1610613248
69514203	1610613248
6880143	1610613248
23140407	1610613248
64205139	4294968832
50907531	67141633
58372167	4362338304
32026107	33558544
37227927	2147520512
6606363	16809985
49798479	671092736
74579295	1073778688
42553191	1073778688
56212707	4362076161
16270311	17301568
2815563	4311744513
76816515	4362076161
32697111	67112961
9517179	1085440
60277935	1610613248
41144115	4311744513
33727431	4362076161
13680903	1610612992
79454847	16912384
29403327	134283265
41333331	36865
2227179	1085440
60242943	2147520512
68813067	16809985
15748995	33344
77774907	1073746432
68182563	83918848
20670555	201326593
60219291	1074790404
69994047	3221225474
16940667	1107329024
56725923	1073762304
39170955	196610
40112823	4311744513
6832515	1610613248
7413771	3221229568
20310915	150995072
62050863	1107329024
37381827	196610
68607327	16809985
24286719	1074823168
71519439	1074823168
28833411	134217733
72973227	53248
43512231	1610613248
78896271	1081348
28374303	4130
71350311	1085440
64260219	4102
251427	1030
22629783	134217857
2888787	671092736
15225411	671089152
44474187	32834
43250439	1610613248
62232303	4296048640
37584327	16781313
9453999	2147520512
3546183	4295000065
51884715	16812032
48132147	1610612992
20918415	1610613248
17591907	8425472
62863455	36865
39621963	1085440
14217447	671088644
66397323	1610613248
16633515	135266308
51560715	1085440
33787371	4295000320
1914519	671088768
4575855	1610613248
54874587	4295004160
34624911	67112961
51910959	4362076161
3316467	1610613248
80926779	2148012032
61922559	16912384
48317475	1081345
18146595	4362108928
17177835	83886081
22443483	32833
79427631	671088644
10641459	1610612992
67613619	1073742084
53513787	2147520512
28818507	671088768
57448767	1610613248
35830839	671088644
52093695	67141633
23411271	1085440
25892139	672137216
