2512010	1085440
22291562	4311744513
21134234	1610613248
46197902	1140883456
57426122	1610613248
46982630	1081345
80410682	53248
25157342	134217733
28156286	1610612992
14860622	4311744513
27739946	2147520512
17005826	1140854784
29330786	137216
79028498	1610613248
72250418	2147520512
7344470	67141633
33272246	150994945
40111886	83886081
62575130	1081348
6764186	671088768
69227498	1107300352
14381102	2148012032
80946578	1081345
547922	4295004160
17054750	1610613248
64068770	4328554496
28498430	8392706
61194566	2147520512
14083022	134217733
1490438	8425472
25677038	150994945
77492414	1610613248
4905722	2147483682
14043494	266242
3967742	4328554496
41418902	101711872
80796242	36865
55480826	2147520512
17514830	1610613248
4511738	2147487746
39970298	57344
31572218	98305
64434566	1085440
30995174	142614528
13951154	36865
51424022	2147520512
61085378	67108874
53834582	83886081
1886366	1610613248
62785730	1610613248
29570870	671088768
54277814	671088768
15713714	67141633
76258298	16809986
1291826	2147487760
26994422	1115136
18875630	167936
1240310	2147487746
67497338	2148012032
11996462	4294967361
23477726	34078784
24889718	2147520512
94322	67141633
46471682	4311744513
34725710	2147487760
56002466	4294971393
29488898	4294967361
69406994	1074270208
60775958	32834
13535138	1081345
32758058	4311744513
21577142	671088644
12837566	671088768
57067454	2147520512
68333906	1074069504
33673358	2147483684
55197974	36865
62540138	4362076161
39355022	1610613248
74891666	1610612992
61338098	1610613248
37803386	1090551808
28147538	1610612992
100802	67141633
79517738	1610613248
18397082	134250498
35558066	524297
43825898	2147778560
13196234	2147520512
4141406	150995072
63766154	1610613248
24025610	2147487745
66634202	671088644
48848546	134217860
2428094	201326593
39641762	671088768
3864062	2148012032
68640086	67112961
42026078	1073746432
34246190	1073775104
66303722	150994945
45269318	671088644
68791718	327696
41236814	32802
78740462	2147520512
37996490	36865
34510250	2625536
40629638	67141633
18761258	2147487760
74827838	16809986
18202034	1610613248
47890802	2147520512
22784366	1610613248
78408038	1081348
62173046	4130
61883390	1610612992
50571578	36865
39367982	4295004160
70723082	1081348
39371870	69648
43640894	1610613248
6318686	40961
20384822	3221229568
12694034	536875520
31915334	262224
145514	83886081
54447914	1610613248
32056922	518
73685738	1073745921
63703298	1081348
36169778	36880
6468698	2147553280
10160030	1610613248
2704790	1610612992
61011506	16809985
30222758	1081348
35991254	65570
7371362	2148012032
69225554	2134016
76019510	1610612992
20430506	1610613248
35321870	67141634
72280550	134217733
35606018	1610613248
36362234	134250497
79687190	16814080
69611438	100696064
50997962	1073778688
65671274	1610613248
24505454	671088768
12903986	1140850752
53788574	1610612992
39116558	167936
47827622	4102
62056082	67108929
58791782	66592
10494722	134217733
13132406	671088644
30322874	32833
80738246	2147749888
2448182	1610612992
44003774	2147520512
53290262	1610613248
7170806	4295000065
78576194	2147483696
38919566	1081345
71202278	1610613248
60091022	1082134528
51450590	4295524352
20200142	150994945
33952322	1610613248
33420638	201326593
38698598	4295004160
43375862	16781313
55937666	36865
65162918	53248
67349594	36865
2732978	40961
7056758	1610612992
66326402	1140883456
70131782	69633
31311074	4311744513
11043254	5368741888
2674010	17303552
28173782	4311744513
14348054	4295000320
36386858	5435817984
341858	16910336
35053922	67112961
13161566	557120
55458794	1073766400
2246006	20512
5733218	17334272
44478758	2147520512
11396738	671088768
43684634	2148012032
68441150	1610613248
53759414	4311744513
55173674	1085440
7424498	2147520512
20235134	360448
81184394	2147520512
5948678	36865
25679630	1074823168
18103214	1610613248
67690118	1073778688
36035318	134217734
19429022	4099
62023034	67108929
43852142	134250497
74575766	671088768
58331054	3221229568
43818446	1610612992
15689738	83886081
12920186	671088644
62040206	67108929
19774082	134250497
1549730	1610613248
1621658	4362108928
53332706	1085440
14305610	1074069504
11396414	4362076161
10919810	1610613248
27112358	1140850689
27735734	32833
64954262	2147520512
37524422	671088644
24113414	1610613248
43454270	671088768
20815742	16814080
75115550	8425472
34292198	1610613248
65817074	1610613248
5303594	2147520512
50823974	36865
38192510	266496
2585882	2148007952
8652458	134254592
75272690	2147487746
7522346	2148012032
38638658	86016
50903678	1073778688
78266126	327696
19786394	16785424
62527826	1610613248
56878238	1056772
35673410	67141633
23613482	1081348
56059490	1610612992
61189382	67141696
57857690	1081348
42578174	2147520512
55436114	4099
71501654	36865
23667590	671088641
50076506	16814080
29908478	538972160
42409046	53248
13053998	1073745921
48303254	1073746432
77441870	1610612992
2575514	4362076161
64192538	83886081
56461574	671088768
65601938	37376
242714	36865
39674486	1610612992
53650550	4362076161
43834646	671088768
36058646	671088768
44364386	5368741888
52084982	1085440
60611042	1081348
645446	4563404800
25560074	1174405120
41809646	1610612992
51692942	1610613248
76912130	20512
52634162	25165825
33128714	4295000065
28966610	671088768
24182426	671088768
574166	2147483682
73874630	1081348
47078534	17301568
29652194	36865
14418686	2148073472
81211286	671088768
77639510	536871169
59786138	16809986
75258434	37120
55180478	1610613248
60466538	2147520512
75192338	1610613248
4459250	17334272
9433946	16644
73798490	83918848
31089458	24577
59536334	67108867
8433434	8425472
51198194	1610613248
66093770	1073778688
48657386	37376
56116190	1085440
37271378	4362108928
33150422	671088768
77482046	201326593
78806882	671088768
73507214	1610612992
66690578	1610613248
35056190	1081345
20253926	1610613248
74081990	1073774848
42116474	1073774593
62426414	1073778688
73316702	800
24872870	671088644
5168486	1073745921
27191738	1074823168
904322	1085440
27447050	2147520512
73486154	16809985
38335394	4429185028
11570402	67141633
37643654	4295004160
81378470	536875264
38663282	2147520512
50993426	36865
81291314	671092736
12598778	671088768
2917010	1081345
30988370	98368
1651466	1610612992
65615222	1081345
50114414	8392736
18480998	3221229568
26453666	57344
33787406	2147487746
124454	67141633
2472482	8462336
80500430	671088768
36477578	67141633
25405202	67141633
34660586	150995072
16426514	135266308
24482126	2148012032
18154730	2147553280
3051470	4311744513
54512390	1085440
27511526	4295000065
52851566	1073778688
35049062	528448
30483902	800
62304590	1073778688
69712526	67141633
48502514	537919492
14632202	17334272
31789946	2147520512
1777502	4296048640
79197950	1610613248
20715950	1610613248
69258602	16809986
38406674	196610
80867522	671088768
80105150	4395630592
4420046	2156003328
13956338	36865
59718746	1610613248
2165654	536871170
37000190	5435817984
19897850	2147520512
51592178	1610612992
67337930	4296048640
12402110	1610612992
54817274	24577
45508106	1610613248
42323834	8425472
42183542	671092736
77017430	1610613248
80213690	1073778688
78428126	1074270208
48545282	134217762
2699282	1610613248
7881662	1074069504
9045146	2147487746
57159470	32833
34012910	36866
55485686	16809986
70468418	537919492
4185146	1610613248
40350026	4362108928
41585762	4311744513
43384934	67
994394	42
10933742	83886081
51248090	37120
75573362	3221229568
14983094	36865
59058434	4362108928
74096894	36866
56091890	1610612992
941258	135299072
13677698	561152
51197222	1073746176
7457546	1610613248
65497934	1610613248
32311262	1073905664
41922722	1081345
44562674	671092736
48422486	1610613248
34520294	528385
44787206	1610613248
18271370	83886081
34175234	1090519041
1150562	4429185028
70605470	268568576
38965574	4362108928
18005042	83918848
39744146	1074823168
6466106	1610613248
42536054	2147487760
48136070	1140883456
28494866	201326593
25659866	536875009
34498910	67141633
19732934	1081348
19739414	2147553280
81160742	1073778688
74591966	36865
61633262	1610613248
47876870	1085440
51311918	2147553280
65646974	1073778688
74606546	1610613248
71187374	1610613248
21666890	4311744513
79673258	2147520512
18503678	67141696
60417614	5368713216
76144574	1073778688
901082	327696
4784546	32786
37029998	3221229568
43223906	5435817984
32070530	4311744513
8424686	2147487745
1994258	167936
60792482	4295004160
21829214	1610612992
60372578	4328554496
55766	4395630592
2665262	671088644
24487634	1610613248
17207030	2147520512
36536870	4362108928
18682850	1610613248
51289238	4311744513
17946398	2625536
68847122	557312
30250946	8425472
1603514	1073778688
71837318	67141633
50662946	4362076161
63593786	67108929
75127214	1610613248
53067350	4311744513
28469594	2147520512
14596562	672137216
46857890	32802
3900026	1610613248
77557538	1610613248
80056874	1073746432
56451854	671088768
54842870	134217857
37212410	1610612992
21969506	1610613248
23473190	1610612992
18882110	70
40261250	1085440
39840374	671092736
31506770	1610613248
60022334	1610612992
5931506	1610613248
35667902	4294971648
69140666	1140883456
8007374	4099
53640506	67112962
34137974	671088768
24290642	1610612992
33941630	1610612992
75501110	101711872
23748914	1085440
31607534	671088768
64196750	4311744513
29689130	4102
36439022	1074823168
38960714	4610
67277342	1610613248
17137370	83918848
33483494	1610612992
81593282	83886081
76359062	135266308
12674	36865
47188046	1081345
35625134	1081345
25512122	524864
32222162	2147520512
26272226	67178496
49577546	671088768
76285190	1073774593
33895622	4099
65430866	1074790404
12667142	671088644
46978742	1610613248
72971966	4106
25894442	671088768
59794886	1610613248
37196858	4362076161
6254858	2147520512
37062398	4102
71501006	4295004160
24077774	1610613248
14301398	1610613248
30080846	2147487745
66766394	5368741888
53378714	2147520512
47194526	671092736
65830034	4362108928
70402646	1085440
60366422	327696
79989158	4395630592
32855258	1081348
7045094	671088768
40341278	4130
4576538	2164264960
67081322	4311744513
7671062	4295098384
28857422	1610613248
24083282	36865
76927034	1081345
47116118	4395630592
8791778	1610612992
31633130	24580
44439878	2147487746
13637846	1085440
54462818	1610613248
49452482	135266308
36574130	671088768
3331406	2147520512
12211922	557120
36180794	3221229568
57740726	4295000320
57719018	671088768
10680698	671092736
79256918	2148012032
64222346	1610613248
78789710	671088768
77635946	1081345
17717330	2147520512
37021574	1610613248
60942170	1073778688
73557434	2147524608
77563046	28672
62046362	327696
43905602	671088768
11717822	1610613248
38085914	2147520512
59086298	4362108928
74871254	1073807376
79967450	67141640
19165286	102400
56176130	8392705
19664246	1610613248
80169626	70
42082778	1610613248
42349106	1610612992
57819458	1610613248
80721722	1610613248
54910586	67141633
54552566	1073778688
28285886	1610613248
6785246	2148012032
29649278	67141633
7765670	1610613248
39755810	1074823168
49086038	8421377
37549370	4362108928
23763818	1081348
7881014	671088641
80207858	32773
26048342	67141888
33275162	36866
24435146	134217857
28082414	2147581952
51177134	36865
29179154	1610613248
64550882	4295229441
744590	1610612992
61292738	4395630592
2731358	36865
27009002	36865
66343574	1610613248
71700914	671088644
8884442	4362141696
1728902	16642
36733538	201326593
70801814	16912384
14917970	2147549200
62770178	4311744513
3367694	1610612992
79055066	2147520512
33774122	2155905024
9213302	4099
54491654	4295004160
37253234	524353
2054522	1085440
9211358	327696
64105706	1073745921
42148550	1610613248
592958	4130
27094538	671088644
69070358	561152
30576242	16809985
53467814	671088644
63623594	1610613248
45385958	2147487760
47081774	2148012032
81466598	2147483666
68038094	45056
23586590	65793
30759626	66562
27301898	4311744513
36821990	1081345
39855926	1081345
67568942	134218753
3463274	163856
62852474	1610613248
16194530	1073778688
11541242	134250497
49981574	671088768
28409330	5368713216
5046014	1610612992
35246054	1082130448
40854170	36865
17741954	1610613248
25811174	671088644
1735706	8421377
40736882	150995072
46548146	671092736
120242	67141633
53246198	1107300352
50860586	2147487746
25239962	3221229568
70943078	1074270208
500942	1610613248
71628338	1610613248
23284946	150995072
34016150	4311744513
38829818	4362108928
674930	1610613248
75739250	4295000320
14725514	536871170
10716986	1073745921
62294546	1610613248
73850006	4295000320
116354	67141633
24235238	5368713216
38504846	671088768
15739958	67108929
5001302	196609
25335866	1085440
65013230	1081348
14435858	1081348
45411554	1085440
15413042	83886081
23874626	17301568
25270094	1610612992
69717386	561152
78693806	1081345
11028674	4362076161
59745638	17301568
8148314	4429185028
6543218	17301568
56183906	1610613248
12486350	671088768
67532006	4295004160
2478638	24592
45094682	671088768
28832150	524353
12348002	671088768
68147930	17301568
27390998	671088644
39709802	16781313
20286974	1085440
61205582	1610613248
49987406	17334272
31302974	2147520512
18531218	1085440
57317582	671088768
67058318	1073745921
54552242	1074823168
52475402	4311744513
60334022	4362108928
74568638	1073876992
40802978	2147520512
39261386	32834
74665190	2148007938
46558838	16809985
15251042	1610612992
15471362	1610613248
8371874	1610612992
39247778	1610613248
1240958	1085440
80438546	2148012032
37126226	41024
12652238	2701131776
25533182	69
44269454	4295000065
81227486	4311744513
63894458	1610613248
57342854	671088768
68342330	1610613248
12857978	1610612992
52507154	4395630592
79608782	1073778688
10143182	1610613248
39797282	67141633
53015510	671088768
8773958	4362080256
34307750	1090519041
10019414	134217733
51294746	1610613248
18233786	1074823168
10009046	134217733
56483930	2147520512
32002166	1610613248
28304678	135299072
61317362	1073778688
1479422	1610613248
28932914	1090519041
81318530	8392736
76749806	536903936
4515302	4429185028
51318398	36865
78814982	1610613248
56264258	4328554496
66568754	2147520512
24711194	1610613248
58714346	1610613248
2716130	4295065600
29719586	24608
47397026	1073766400
33095342	1140850689
38145206	1081348
2242118	36866
19038926	16809985
66358478	1610613248
11900558	518
40596914	1610613248
23487770	1610613248
51351770	1073746176
66353618	150995072
7053842	1610613248
12636362	16781313
79025258	36865
49219526	4311777280
77916530	1081348
35621894	2147520512
21793250	1073778688
532046	671088768
2482202	1085440
1452530	2147520512
27946334	4362080256
70749326	561152
6342014	1073774593
4246706	12290
25128506	536871680
48483074	4102
7765346	4161
31555694	1610613248
65037854	7
182450	36865
4759274	1610612992
49801430	671088768
72370622	4362108928
53734142	1610613248
19818794	1073876992
21562562	1610613248
68591162	37120
19607870	134221826
40608902	1081345
4779686	2147618816
18319646	321
724826	20512
25210478	1610612992
73376966	1081348
79581242	134219808
29527130	4311744513
23906054	1610612992
51759686	1610613248
15257522	67141633
53173622	4295004160
48770138	4102
60543974	16809985
2255402	1610613248
17442254	1610613248
9166322	1610613248
16344542	1610613248
1114922	16810240
54201998	36896
43599422	4295004160
44115554	2147520512
45383366	269516800
68620646	37120
45087554	1610613248
34258826	536875264
79899086	4362108928
70300586	16777282
28659134	1610613248
5274758	1610613248
44122358	67141633
66619622	1610613248
506450	1610613248
18714278	2684358656
52719698	1085440
69062258	800
12920834	671088768
76881350	100663298
70542290	4328554496
68569454	1610613248
50870630	331776
14037338	2147520512
1613558	17334272
50019158	1610612992
15758750	36865
4519514	36866
39456434	1085440
28798778	2147618816
74648666	1073762304
21840878	16809985
2227538	1610612992
7938038	4295000320
55387514	36865
53535206	2147549185
79562126	1081348
57341558	1073873408
14160458	2147520512
63210494	1610613248
79291910	134217860
1841006	1610613248
30737270	671092736
43007474	67108874
70212134	1081348
54381170	167936
25139198	137216
5813570	83886081
21461150	150994945
76530134	33591296
75023534	1090781184
5800934	671088768
75683522	2164264960
43529114	4311744513
62894594	4311744513
40825658	83886081
9091154	1610613248
9058754	1610613248
8112998	1610612992
15822578	83886081
46351154	8425472
9524666	1610612992
38708318	1140850689
67652534	2147520512
47390870	1610613248
49704230	1081345
1516358	67141633
61689638	16809985
63568838	2147487760
25724666	2147520512
68265218	57344
70587326	67141664
16167314	4296048640
76621502	2147487746
56209502	134217733
60474638	67141633
64095662	16780288
5423474	67141633
42775814	1610613248
59594978	1610613248
59882690	561152
65704322	1074823168
440678	1081348
35494886	1212416
7919894	40961
27989426	1081348
47335790	671088768
28478342	1610613248
39863054	2147520512
41225798	1610613248
72343082	37376
77767814	1610613248
10952858	32833
33141350	1074823168
21746	4328652800
28384058	4429185025
31228778	57344
5393990	557120
45145550	2147487760
56878562	4295000576
14926394	67141633
35223374	1081348
59983778	196610
59698658	1081348
22148678	36865
16055210	83886081
33688262	524802
77449646	1073778688
505154	1085440
28837658	36866
21709010	4311744513
5789270	536903936
63039098	1610612992
23759606	4311744513
888446	4295102464
33302054	4294971393
62618546	1610613248
43459454	83886081
3042074	1610613248
5359646	1082134528
72617186	1081345
1536770	1610612992
35189030	1610613248
1753850	67141633
27079958	671092736
19429994	1081348
11383778	57344
2543438	67141633
63322922	1081348
20733122	101711872
17863130	1081348
33936446	1073778688
19767926	4102
49339082	2129921
3062810	100696064
24613346	4311744513
34607774	4311744513
68203658	83890176
5982050	1610612992
23446298	1610612992
26695046	671092736
52244066	83918848
2642258	150994945
64520102	2147520512
5828150	1610613248
79270202	8425472
46716626	1610612992
79708898	1610613248
78566474	2147520512
53914286	32802
23104478	561152
78012758	150995072
41562434	2147520512
6675086	83918848
52328630	671088644
60659642	671088768
32397446	33603584
53902946	1073774593
2331218	1610612992
76756934	524548
24334058	1085440
66643922	150994945
41503466	671088641
53425046	1085440
52392458	134217733
45188966	671088768
5554046	1610612992
40480922	4130
76891394	671088644
48395594	2147520512
62557634	1081345
69536918	671088768
81301034	36866
64210682	1610613248
17582546	327681
1344962	2147487746
81172082	671088768
58820294	2147524608
73255466	4362076161
168194	1610612992
294878	1085440
26848946	2147520512
49205594	1085440
1481366	524802
62522642	671088768
29325278	671088644
37822502	1610613248
54511418	1610612992
12289034	150994945
10258526	8388641
72043706	135299072
59570354	2147520512
5325950	1610612992
76168874	1610613248
29565038	150994945
55503830	1140883456
482150	167936
25946606	4130
10089398	1085440
74397242	1610613248
3267578	1081348
19154	524353
23896982	1081348
37082486	671088768
63366986	4311777280
29343098	1082134528
40776086	1610612992
47581706	1610613248
30863306	1073152
19730342	1074823168
69733262	4311744513
23389274	1610613248
3189818	4296048640
69712850	83918848
9603722	83886081
712514	36866
70492394	1610613248
50776994	1074790404
6130766	67141633
42051998	24580
78811742	67141633
50131262	4130
15433454	83886081
80445998	37376
51993290	671088768
44397110	32802
73446302	1073742400
56540954	36865
5250782	1085440
57995066	1081345
7565762	4329046016
19917290	150994945
43723514	1610612992
19144874	5368741888
28732682	5377097728
34328810	1610613248
58464218	1074823168
67552742	83886081
9724250	2147487746
51382550	1610613248
30739214	1048610
34693310	32802
240122	32774
59058758	4362108928
22635002	1610613248
41599694	557120
14767310	671088768
79693994	1073774593
67681046	1610613248
4972790	1074298880
79188878	536870918
30658214	2147520512
67194074	150995072
51325850	67141633
3260450	16842768
37851662	4362108928
5102066	671092736
75145034	2147520512
5412782	4130
81098858	69648
53027822	671088768
48833642	1073774593
1616798	1610613248
56239310	1082163200
73628714	4311744513
33641606	4362108928
5650922	1610613248
9479954	8425472
78073670	24580
30666638	671092736
73656902	1073790976
19056098	1085440
62581934	4295004160
17256278	524548
1976438	1610612992
46436366	4364173312
23054906	1085440
23575574	32833
42496202	671088768
64184762	1081348
46448678	1073762304
17394950	536904192
62434190	1610612992
50662298	16777282
66921266	200
25511474	201326593
609158	4311744513
30242846	4362108928
19520390	150994945
38853794	2147520512
73180298	16809985
5158118	134217734
66463454	671088768
12610442	1610613248
48950282	1073746432
11033858	4295000320
31941902	1085440
7457870	1074823168
2123534	83886081
67187594	36865
54907994	2147520512
77814794	2101312
18417494	1140883456
20971262	536870946
3344042	57344
68424950	1610613248
68660174	4311744513
57322118	671088768
80178374	536871680
81341534	1610613248
27615530	3221487616
55634726	671088768
3054386	68190208
39876338	2147520512
24795434	1610613248
80581754	150995072
56781362	671088768
4519838	671088644
27697826	671088768
79222574	4295004160
38221346	2147520512
71535998	53248
65792450	1610612992
16309874	1610613248
68048138	167936
31674602	4362076161
46250714	17301568
63903206	36866
36456194	4295000065
32799854	200
77644694	4362076161
47919314	16801792
12381698	671088768
75014138	70
81418322	4295004160
80423318	4295004160
33905342	671088644
10858574	4311744513
3811574	2101504
63824798	327681
80330654	2147520512
9878150	101711872
65690390	69634
39329102	1081345
35554502	1114116
79080338	1073745921
73911890	3221356544
28293662	1610613248
14499038	671088644
52982138	4296048640
38276750	36880
36806114	1140883456
12481490	1610613248
70049486	671088768
40467314	4099
900110	2148532228
60887738	135266308
314318	67141633
56572058	37120
73859726	4295000065
12567350	134250497
4603430	83886081
39674162	327681
31964258	561152
10005806	1073778688
12222290	134250497
36863462	37120
48403694	83886081
1992314	671088768
47622530	1085440
38095310	150995072
74326934	1073745921
65169398	1073774593
76158182	1074823168
30407114	800
23190986	1085440
48946718	4311744513
78198410	4130
33294602	4130
78082094	134217860
53639210	1610613248
35698682	8425472
18478730	1610613248
12881954	671088644
18848090	150994945
10253990	32833
44165450	1081345
10563086	2147487746
73391222	4362076161
53373854	1610613248
5574458	33282
4985102	150994945
9710318	36865
36705026	1610613248
57335078	671088644
33314366	36866
6390938	2147487745
77678390	4311744513
41791178	2147520512
16792634	1610613248
11421686	134217734
42332258	4311744513
46832942	150994945
19374590	16809985
70064390	1610613248
1813466	2147553280
77848814	83886081
47305658	2147520512
75937862	4311744513
74369702	83886081
69743306	1610613248
7256018	68190208
22851110	8425472
36980102	4295000065
55000658	671088768
1655030	2148012032
910154	134250497
17591942	4362080256
26396642	268568576
22319750	1610612992
11819882	1610613248
25803074	37376
29394290	671092736
40154006	2147487746
7414454	327696
39291518	4295004160
21666566	150994945
28807526	1610613248
70779134	1074823168
44074082	561152
31542734	1610613248
70560110	1081348
24780206	67141633
57132578	1610613248
51346586	2147520512
66141722	37120
27421130	36865
75920366	671088768
2558990	2147483682
12359666	671088768
63300890	2147487746
21028286	1610613248
39559142	201326593
47281034	671088768
69046382	561152
24297446	100696064
33648086	4294971393
46350830	36865
56001170	2147520512
71425838	36896
60985262	1610613248
1478450	134283265
3901322	1610613248
3457442	32773
31415078	800
765974	1610612992
57361970	1610613248
21958814	2147520512
81485390	37376
54584318	1081348
54294014	2147483684
5705030	134250497
54135902	20512
31859606	67141633
21581678	327681
41108186	1610613248
4495538	67141633
28638074	201326593
46906814	67141633
80778422	37376
60044690	28672
3149642	1610612992
66822122	36880
65738342	8198
15521582	1073745921
10924994	67141633
57407006	1610613248
76827242	1610613248
60897458	1610612740
21427130	1610613248
44466770	2147581952
16630634	135266308
49605410	2147487745
25764194	137216
74574146	2147520512
69696650	4295000320
36865406	4295000065
37367930	196610
53452262	1610613248
54075962	671088768
73118090	167936
52169870	671088644
62705702	2147520512
64555418	1085440
80466086	2147520512
77629142	327681
60236822	1610613248
15699458	150994945
47283626	2147549200
36266654	4295000065
23687678	2147520512
23982194	67141633
79745510	1610612992
852482	57344
782822	1610613248
44743466	2147520512
69827546	671088768
69888134	1610613248
41883842	5435817984
49404530	1073774656
51531590	36865
32286638	1081348
21108314	2164264960
60177854	1610613248
67771442	671088768
48644426	1610612992
12765638	1610613248
47455994	1610613248
2291042	67108929
50319182	4311744513
14970134	1610613248
26402474	1610612992
45030206	98
7409270	1610613248
66856466	1082134528
6420098	4296048640
24041162	671088644
23440466	1140850689
4075310	1610613248
23898602	1610613248
61050062	2147520512
51261698	16777250
44033582	36865
31937690	3221229568
27365078	2147520512
60020390	1610613248
27992018	1610612992
76994102	16912384
51567230	1610613248
68414582	36865
17345702	67108929
58953134	1082130436
58320362	4362076161
48926630	36880
80600546	671088768
21267074	1074823168
5347334	1085440
60925322	1073778688
44989058	1610613248
52937102	4362108928
41707262	36880
65190782	4362108928
34986530	4294971393
76022750	1610613248
47369486	1610613248
65856926	4395630592
4204910	1610613248
35998706	4295000065
633134	1610613248
61514354	536870918
1665398	1081348
35674706	671088768
76025666	5368741888
297470	1610612992
51520574	36865
61007618	2147618816
54917714	1610613248
29032706	1073745921
7752710	2147520512
63450902	57344
18629066	4311744513
1566254	1610613248
50449106	671088768
58330730	1073774593
75935918	16810240
59145590	1610613248
13653074	98
12172718	671092736
16398650	32833
31316906	53248
71749514	671088768
7125122	4295004160
67405646	1073778688
16882058	276824192
33148478	32833
21161450	4328554496
52889798	1610612992
3034622	7516192768
69001670	5368713216
46937594	1081345
23225654	2147487745
1264286	4362108928
33056462	37376
23191310	1085440
80493626	1074823168
43285142	524353
75008954	2147618816
26553782	2147520512
6219542	1074823168
43579658	1073745921
28796834	671092736
31280618	1073778688
3655406	1073746432
25080230	4161
1239662	1085440
20843606	671088896
11311850	1073778688
41732534	1074823168
290990	70
34780142	1085440
45075242	4311744513
63105518	671092736
1346906	36865
65235818	1610613248
57995714	1610613248
17792174	1610612992
22643102	1610612992
75371834	4311744513
15354398	67371040
1017074	135266308
56496242	1075839040
53843006	1081408
54435602	1610612992
4039346	1610612992
1732790	24577
79342130	4295004160
24274442	1074823168
52719374	36865
24673286	671088768
71535350	36865
13279826	134254592
24728690	671088644
20024858	1085440
61354622	1073778688
71431670	4362108928
48779210	4429185028
3361538	1610613248
46549766	32802
68310254	4311744513
16731074	1610612992
31125746	1085440
64791614	1610612992
32251646	1610613248
32947922	1073778688
27005762	1610612992
427718	17334272
4908314	67158016
54031898	1610613248
36025922	1081348
61261310	1610613248
46407530	671088768
7690826	4362076161
50526866	4395630592
8085134	1610613248
37747658	671088896
52717106	1073778688
73422326	1610613248
12933794	83886081
31351250	4295000320
31826234	1073745921
27050474	4311744513
29997254	528386
72904574	1085440
6694850	1610613248
6295682	37376
37040366	134217793
78484826	33591296
49946582	1610613248
22728314	67141633
75748970	53248
69441662	201326593
28854830	67141633
23844170	100663360
45329258	4295004160
26211962	518
80132690	2147520512
8552342	2147487760
1773938	1085440
71859998	53248
136442	134250497
70412366	3221229568
28876538	37120
61770314	1073876992
66280070	1610612992
63210818	1610613248
27023258	536870918
70613570	49408
45661682	2148008000
15285710	67141633
78876866	20482
63807626	36865
56328086	2147520512
25288238	4362076161
41055374	4295004160
2178938	2147520512
78746294	16777282
23714894	8392736
17819066	37376
11429786	201326593
41866346	1085440
39894482	1081345
5539142	1610613248
54370802	1107329024
75920690	1610612992
79157126	3221229568
4019582	4311744513
80825402	2147520512
49923254	3221229568
81603326	1073905664
74056070	1073745921
24994694	1085440
46646966	1610613248
70966082	4130
71374970	137216
38798390	16814080
59530178	1140883456
37806626	2147483651
54291098	36866
55112762	1610613248
21478646	83886081
40198394	1610613248
37816994	1074823168
19581950	327696
62280614	1085440
17169770	135266308
74789930	1073152
36840458	1610613248
17928902	67141633
53464574	1610612992
27622334	1081348
14771522	17334272
53709518	4311744513
53600330	36865
1933670	4362076161
45706394	150994945
73712306	1048610
17530382	134225921
59185442	36866
14762774	536871170
41834	134217864
41601314	1085440
47931302	33591296
18682526	1610612992
23850326	1610613248
71294942	134250500
9712262	671088768
15971942	150994945
8250698	1610613248
43707962	45056
41498282	69633
40478330	1610612992
36714098	53248
26951006	1610613248
78192902	2147520512
29073530	4311744513
40752110	1085440
370046	32833
15512510	1090519041
8512814	4362108928
1778150	1115136
78445298	1610613248
22079666	150994945
22443842	1610613248
7398902	1610612992
35743394	16781313
14619242	2147614736
16468958	1610613248
47758934	1073778688
43545962	1073778688
49752506	4429185028
71048054	1610613248
66110942	4311744513
61264874	32833
42774518	528448
10525826	2147520512
63647570	37120
70419494	36865
2009810	12352
39016766	2134016
61207850	24577
53018426	32834
17080022	150994945
8218622	1610612992
62686586	1085440
98534	671088896
77511530	1610613248
62484734	1610612992
72613622	1081348
16023782	83886081
35973434	16781313
64562222	1140883456
75563318	1081348
61662422	1610613248
34656050	1074270208
39076706	24577
40737206	2147487760
31021418	75497473
50097890	2097217
51516686	1610613248
68539646	1082134528
53788898	135266308
36340850	327696
28196462	1082261504
1851374	2147520512
407954	4099
50244338	36866
39803762	4311744513
23663378	671088768
40970162	1610612992
28271306	1610613248
81145514	1073778688
17181110	83886081
15219614	4130
30947546	57344
42711338	4311744513
5040506	67133440
21712898	1081348
41799278	4311744513
38898830	1610613248
570602	1610612992
21470870	1074823168
7580342	2147487760
72206354	4311744513
25944986	561152
36190514	1073778688
2643554	4311744513
36159410	1074270208
70433102	53248
67732562	1610612992
53367374	1081345
21486098	2148073472
11227286	67108929
42547718	671088768
16203926	4362108928
76397942	67141633
12084266	671088768
13008962	1610613248
771158	1085440
181154	67141633
12817478	4311777280
74203490	36865
1800830	32840
20402966	1610613248
60786002	33284
53081606	1073778688
30910286	671088644
8730866	2101504
20749322	1610613248
44167718	2147520512
153290	1610612992
41986226	671088768
13666682	4295004160
74804834	1107329024
54770618	36928
43611410	1610613248
1374446	2147487760
23836718	1610612992
40146878	150994945
43109858	1085440
48317186	525314
28496486	1085440
12178874	2134016
429662	673185792
63264926	4395630592
25504994	32802
70334930	5377097728
65399438	4362108928
8029406	1073778688
7495778	69633
78649742	4362108928
52713218	2147487808
20732150	34079232
15761990	671092736
891686	70
54204590	134221825
78638078	68190208
47043542	5368741888
25140170	32802
4407734	1610613248
15370274	4395630592
67496690	1610613248
20168390	526340
43285466	4294967301
3975842	4311744513
36651566	17301568
78669830	1610613248
51556214	4295004160
60912038	671088768
1566902	67141640
47254466	671088768
11509166	4362108928
34293818	1081345
11067878	671088644
19020782	150994945
19209350	2101504
38070362	25088
62030162	67112962
57988910	36865
61786190	4311744513
32888630	150994945
18596342	2148012032
51446054	2147520512
65180414	1610613248
75080234	4311744513
37864622	1074823168
9733970	134225921
43806134	1610613248
18680582	83886081
49616750	1140850689
78313754	134217793
50931218	1610613248
57042506	671088768
73563590	4130
14093714	1085440
71317622	3221229568
64052570	1081600
45412850	1085440
46234190	1610613248
19218422	2147520512
21071378	36865
4410002	671088768
34901318	1610612992
15252014	1610612992
39895778	4311744513
18272990	2147520512
40278746	2147520512
5672306	1610612992
66217214	1085440
24183722	671088768
64392446	1085440
14340926	1610612992
3925946	17858560
46911998	1073746176
21364274	150994945
48538478	525056
8668334	1610613248
27034598	4362076161
61611554	17301568
38629910	2147487746
46305146	671088768
64258958	36866
25325498	1082134528
552134	2147553280
32122694	38912
12693710	1610613248
36273134	4395630592
70098410	16777250
39063098	36865
19989866	2147487745
72108182	4353
65464238	4295524352
21745622	24580
5196998	1610613248
19901738	150994945
23879810	561152
42672782	1610613248
41559518	67141633
63558794	66576
6614498	2147520512
32925242	1081345
8584418	671088644
77349854	1074823168
66741770	4295000065
45167582	134217857
31272194	4378853376
73627094	1610612992
38484434	2164264960
40389554	101711872
33364910	1090519041
31642202	1610613248
4778066	36865
72549470	1085440
51421430	1174405120
33258638	2147487746
5343446	4101
24498650	32833
17005502	2148012032
23834774	67112961
79569578	2147520512
30473534	1610612992
64752086	1610613248
54990938	4362076161
15447710	1085440
65783702	134283265
13229930	1610613248
59568086	1140883456
25343642	553648384
37346546	196610
38007182	1085440
6174830	1610613248
44222150	67112962
56426906	150994945
8400386	671350784
2195786	1610612992
45630254	671092736
43091714	4362108928
33901130	5435817984
77448998	1610613248
73481618	2147520512
55761734	1073745921
33753386	4295000065
46617806	4295000065
25883426	4362076161
49646882	1074790402
68546450	3221229568
26664914	2147487760
51045914	67141633
43184702	2147520512
11260982	1081348
47248634	36865
67791854	1074823168
41696246	4295000065
8402654	524354
65750330	134218753
1182962	1610613248
19983710	1610613248
3215738	16777474
17147738	83918848
58057922	36866
5917250	2148007952
31704734	37376
8025194	1610613248
20143118	2147520512
32495618	2147520512
51312566	1052673
64694414	2147520512
72701426	2101249
51532562	327681
63104546	4295004160
36897158	16801792
67019762	17301568
73868474	36865
63840350	1074823168
48783746	32774
62826878	1610613248
31300058	269488128
75625202	3221229568
24079718	4362108928
74704394	4362108928
76763414	4362076161
27055010	17334272
8085782	536903936
39039770	2147520512
3574730	16809985
71111558	4311744513
80936210	1610613248
61399658	4362108928
1201430	135266308
24213206	671088641
3658646	553648384
2354870	4362076161
45653906	16809985
42387986	3221229568
15842342	671088896
72584786	4395630592
21803618	1085440
70879250	4353
22625282	1073778688
25805342	671088768
76184750	4311744513
16737878	32834
61404194	671088768
32798558	1610612992
60564062	1610613248
57146186	1140850689
38727758	67112962
60102038	1085440
77582162	16912384
11738234	1610613248
43786370	671088768
47523386	671088768
46493066	65793
39922670	73744
49013138	4362076161
32206286	1610613248
36586118	4362076161
12538190	2147487745
65674838	4362108928
10558226	37376
44978690	5368713216
16276178	1610613248
54494570	36865
12141614	1610612992
80886962	1610613248
24692078	67141633
21031850	16809985
34300622	1610613248
8838434	536907776
9564194	16809985
4388942	1610613248
3266606	37120
1513118	2147487760
5128310	83886081
38930258	17301568
19108586	1610612992
62547266	1073762304
53279246	671088768
37871750	671088768
18969914	150994945
1163846	1610613248
47046458	16781313
71652638	2147487760
60882878	1610613248
3832310	1610613248
66402218	4226
78588182	577
23412602	1610613248
78711950	4362076161
62739398	33028
43273802	671088641
120566	67141633
36414398	150994945
50720294	4362108928
30569438	671088644
79053446	524322
61587578	1610612992
2396990	167936
62197346	1085440
29023634	36866
41698514	4295000065
77372210	1610613248
78820814	1081408
75491066	1081408
8430194	1610613248
19276094	1082134528
48334358	5402263552
67052486	200704
4365290	150994945
20888642	75497473
21654254	1610613248
73739198	4362108928
32868542	1610613248
35348762	69648
39994598	4295000065
27923330	2147520512
75165446	1074823168
57974330	1074823168
59920598	1074823168
69724514	4311744513
68976074	1081345
56013806	16781313
74090414	536903936
34865354	1610612992
33627998	1610613248
22439630	1074823168
57543410	36866
78936158	36865
35935526	4295000065
48892610	1610613248
72198902	4362076161
28982162	4106
80430446	1610613248
30414242	1610613248
7699250	3221229568
54606998	9728
34956722	4362108928
1525106	35655680
18555518	671088768
36171398	57344
37093502	1610613248
50796758	134217733
21135530	36865
72039170	3221487616
56648522	1074823168
7425794	36865
20545202	2147520512
41957066	167936
132878	134250497
44182622	36865
60053438	2147520512
25964750	1610613248
54711974	1610612992
76314674	2147484674
64527230	671088768
1567550	37376
74502542	1610612992
52718078	5368713216
3682298	2147487746
52185746	536870917
80075342	1610613248
5702762	1610613248
24091706	201326593
1319366	1115136
36543998	16777281
1025498	2147483682
27586694	1073778688
50297474	36865
12016226	3221229568
79468490	4295004160
49378286	1081345
67519046	561152
53110118	67108929
16843178	135299072
49308950	671088768
7810058	1610613248
24011030	524864
60195026	1610613248
65730566	36865
76048346	1610613248
52914422	1073778688
51373802	1610612992
27414650	4362080256
60450014	135266308
24606218	1610613248
68267162	4311744513
46893206	671088644
61868486	4295000065
62181470	1610612992
36866702	4311744513
10889354	36865
38842454	8716288
3416294	671088768
10411778	1610613248
63495938	36865
32877614	4311744513
41673242	2147520512
67597454	1610612992
29411462	12292
46923338	1074823168
67999862	33088
12470474	671088768
33295250	67112962
8308694	67665920
12393362	2147520512
42943322	2147520512
81329222	4610
33771530	524354
16718438	4311744513
14243078	1610613248
62939306	4362108928
37043930	150994945
10413722	1610613248
39310634	4295004160
69872258	4362080256
41570858	4395630592
25704578	1081345
7336370	36865
95942	8425472
71161130	33587201
55577378	671088768
43792850	671088768
63522830	4294971456
50479886	1610613248
78697046	671088644
4158902	1085440
13461590	557120
16947830	1610612992
26541146	1081348
21783530	134217738
2504882	1085440
70922018	36865
46213778	1073778688
76165958	1610612992
34443506	1610613248
51725342	561152
76647098	32774
23965994	1081348
23453750	671092736
47626094	16810000
48431234	671088768
43680746	1610612992
5851478	1085440
78650066	5385486336
80781662	1610613248
11862974	4311744513
60421178	1610612992
59682458	4311744513
20829350	150995072
37234118	2147520512
72497306	2147520512
78046778	100663298
15886730	67112962
68349782	671088768
28294310	1610613248
29403362	1610612992
31381382	4362076161
67136402	1610613248
7453334	1081345
80465438	1146880
14315654	800
7622462	32833
63372494	5368713216
59923190	1074823168
75521522	134219904
14867102	4362108928
70407506	2181070848
55288370	69648
67694978	1073750528
81286130	3221291008
54244442	1610613248
3306134	1085440
107606	67141633
37530902	67141633
69152330	1081345
24543686	36865
31178234	3221229568
25387058	1085440
48606194	4311744513
14226230	321
39197882	67141633
50666510	1073745921
74844362	4362108928
47257058	671088768
1780094	4294967361
37746686	1610612992
20309978	671088768
4914470	4099
52139090	2147520512
64526258	2147520512
1407494	1610613248
12861218	671088768
29407574	1610613248
56312210	4295000320
6408110	1081348
49403558	70
77085794	1081348
5998250	1081348
62828822	5435817984
15791150	83886081
30165086	57344
60426038	1073905664
5332106	1085440
67408886	671088644
38194454	1610613248
78770	8425472
75922634	1073872912
37261010	1610613248
42199094	1610613248
57729386	134283265
43060610	671088768
23129750	4295000576
70552982	1081348
52314374	32833
56972846	4295233536
5562470	1610613248
540794	4295000065
28018262	137216
25111334	671088768
11393822	671088768
28336106	1610613248
3310346	1610612992
52129046	1610613248
5400470	671092736
50911130	16809985
2646470	671088644
53410466	8716288
48211562	671088768
61617710	67108897
69875822	1610613248
9700922	2147487746
80994530	1610613248
22404962	1610613248
36266006	67109440
15288302	201326593
56816678	16814080
70327478	4311744513
33657806	2147520512
54472538	4311744513
26348042	150994945
17353154	53248
46785638	1081345
62873858	1610613248
55155854	1085440
164630	2147487746
26336702	671092736
66942002	2147520512
24764654	1073745921
77098430	4311744513
39719198	50331649
81074234	1107296257
31726766	536871170
35076602	1073778688
27925922	1085440
78606326	16912384
73741790	3229614080
79486634	4102
11335178	134217864
2070074	36896
30095102	134217734
30831878	1141374976
44513102	2101256
12582254	1610612992
65156438	36865
75159938	2147520512
1702010	1140850689
36778250	2147520512
56779742	1081348
67612358	1610612992
32425634	671092736
2855774	1610613248
25778450	2148012032
77202110	25169920
16932926	150994945
33311450	1610612992
46996238	2147483682
57494486	4295004160
23930354	4311744513
71508458	4328554496
677522	1085440
71877494	36866
55486982	57344
37677998	167936
24308138	671092736
33311774	1610613248
1510850	1610613248
16846418	671088644
26566418	2148012032
2316314	2147581952
576758	1610613248
5786030	671088768
44902550	32833
25209506	671088768
7784786	4295000320
54467030	2147520512
56538038	671088644
54940070	36865
14294594	1610613248
48526166	4311744513
66517238	37376
8922026	2147520512
43044734	6442483712
25999418	671088644
25546142	1610612992
35534090	4311744513
67492802	1610613248
52549922	2147549186
20818010	2147520512
48074834	17301568
33779630	3221229568
80024474	3221229568
76790954	2147487746
72562106	1074823168
3050174	134217738
43259546	134217857
73158914	8425472
35055542	1085440
28242794	5368709184
51041702	769
74535590	37120
6577238	16809985
72623666	1610612992
8842970	57344
38562194	327696
40894346	67141633
19042814	1610613248
20358902	134218753
31343150	83886081
25329710	36866
44167394	671088768
64706726	4295000065
41296106	671088768
2738162	17334272
76897550	671088768
119270	134250497
40679210	24608
12183410	671088644
49913534	671088768
26135174	1610612992
80256782	4362108928
70122710	2147520512
6952430	1073750528
71623802	1140883456
52874894	32833
41718602	83918848
35940710	2147520512
69216482	671088768
9430706	1610613248
1387406	134217734
4100582	1610613248
72176222	3221229568
69181490	1610613248
9857414	4311744513
74042138	537919492
52709006	2147487760
25258754	36866
64963658	1610613248
63804386	135184
67073222	2147520512
46609058	2147520512
43424786	134217733
29672606	2147520512
74833994	1207959616
702470	1074823168
67573154	83918848
71661710	1610612992
4722986	16809985
73707770	1085440
40990574	37376
3763946	36865
34275998	1610613248
71139746	1610613248
5654810	1048610
49203002	4362076161
53160986	4130
32818322	1610613248
31206422	114688
37791722	2147495936
70378670	671088768
47254142	4130
6736970	67141633
6838706	1085440
33617630	37120
4751498	1610612992
81422210	1074823168
53993990	1610612992
54177050	4353
78357170	1610613248
49823138	1610613248
3095210	4295008256
24885506	36865
51529322	1610613248
39243242	196610
4830554	1073778688
44567858	327681
32204666	9469952
53177510	1610613248
22033658	24578
54721046	327681
76582622	1610613248
40048706	2147516418
34227722	671088768
26861582	2148007938
32090942	3221229568
25082822	1610613248
50621150	1610612740
17035958	1610613248
20468090	83886081
15147686	1610612992
36484058	4295000320
2327654	1081345
80626466	2147618816
23698046	5435817984
42235058	16814080
58175858	2164326400
24021074	1610612992
77765546	2147520512
5244950	16777250
38104706	1610613248
25084766	1081345
4911554	671088644
23380850	1074823168
65202122	4362108928
67021706	16809985
2488034	24592
73646210	671088768
78202622	36865
74416034	1610613248
19115390	32833
288722	1610612992
18557138	16843776
10106894	1610613248
52711274	671088768
70341734	1085440
54614774	1146880
55909478	57344
56181962	1146880
44328422	1081348
67601666	2147487746
3325250	1610613248
61937498	134283265
21563858	201326593
30136574	671088768
16882706	2148012032
2477342	1610612992
38939654	196610
80519870	1610613248
45218126	1610613248
21677906	1073762304
47285894	4362108928
27043994	671088768
10555634	3221229568
60986558	1610613248
24675878	557120
38332154	1073778688
16270670	671088644
7242410	1081348
37194914	1610613248
74516474	2621504
15368654	321
25948874	1610612992
48213182	2147520512
165278	561152
18727886	4311744513
65866646	1610613248
23916098	4295000065
12562490	5368741888
70340762	1089536
74550170	4311744513
55504154	1610613248
36647678	1610613248
20444114	4362108928
45630578	4102
78569390	1610613248
65141858	1610613248
5095586	201326593
30983186	4362108928
45265754	1610613248
15438314	83886081
45062282	1141374976
18117146	32833
11341010	1610613248
21444950	1073745921
36282206	1081348
5685266	2147487746
24595526	1610613248
60410162	1074790404
72939890	1073746176
29620766	1610613248
23338082	671092736
47555462	4395630592
29807714	1081348
72603254	1140854784
3953486	1081345
10127630	24580
75289862	4296048640
47780642	1610613248
28820162	671092736
32423690	36865
67119878	1610613248
65360234	1073778688
26958134	1082163200
4760570	1081345
50672666	16814080
26508746	528386
18429806	150994945
32115242	1610613248
11593730	1610612992
57240794	36866
25643342	1610612992
72729938	1081345
55457498	4362108928
69607874	98305
1647254	1610612992
32753198	1085440
52103126	1610613248
4766078	518
4499102	16809985
70886378	5368741888
64001378	536870917
7901102	36865
17541722	16777282
75795626	67141633
35187734	37120
68684150	1074823168
11435294	40961
29798966	1074823168
31212902	3221229568
7087862	2147520512
66369494	150994945
8882822	1610613248
6248702	2147487746
1243550	135266308
32143430	1610613248
39391958	1081348
34627862	1073774593
73320914	1610613248
66354914	36865
76673018	134217733
61198778	1610613248
75485234	36865
39673838	1081348
26842142	671088644
49749914	1085440
39585062	36865
41329478	1610613248
104690	134250497
29344718	32834
18674426	1085440
46200494	671088768
59059406	4362076224
75488474	2147520512
19174034	1610612992
77850758	2684358656
5060594	4295000065
75033254	4295000065
51783014	671088768
2341910	800
8202422	1115136
76377206	2181070848
363890	1049604
31322738	2147520512
42572990	2147520512
6857498	672137216
73523090	36865
45465014	37376
53748722	1085440
56851022	17301568
81286454	1610613248
31575458	1140883456
75304118	36865
55827830	671088768
16715198	1074823168
69326318	3221229568
46333334	1610613248
52605326	1610612992
53741594	36865
27871490	1085440
65003510	4362108928
51321638	2148012032
26071022	75497473
67871882	4362108928
7296194	2148012032
53851430	1073762304
35528258	1073762304
14348702	1610613248
923762	4328523776
22304198	4102
29215118	688128
53016482	671088768
55595522	2147520512
19166258	3221356544
79988834	1073811456
29866034	1610613248
22448054	32834
20091602	1085440
844058	3221229568
46318754	1073778688
79730930	1081345
81385922	2147520512
77456774	671088768
21856754	331776
29353790	57344
81006518	1610613248
374582	67141633
17953202	5435817984
71966	1085440
4112246	4362108928
67092338	671088641
36857306	671088644
27910694	1610613248
1196570	4395630592
5072906	2147520512
2720342	671088768
49504646	2148012032
6012506	327681
3698822	1610613248
35308262	2147487746
6980294	1085440
38746226	603980032
62821370	1610613248
31715750	2147520512
8495318	67633216
30479690	1064976
30995498	37376
58216358	1610613248
56886662	4311744513
36133166	4362108928
49643318	36865
73824086	1090519041
53306786	134250498
58429226	16781313
11401922	1081345
42748274	2181070848
67456190	1610612992
70817366	1610613248
80349770	4311744513
48436742	1610613248
15053078	671088644
23283326	150995072
19016894	150994945
30120698	67141633
41130218	3221229568
59874914	32802
14034422	2147520512
28411922	83886081
889742	36866
54300818	1610613248
18506594	1610613248
847622	8425472
78176378	2147520512
26929298	1081348
28361054	1610613248
70873094	4362108928
32870810	67141633
11223398	150995072
38398574	1610613248
23653334	536871680
53404958	327696
3781766	1610613248
51615830	4295000128
80731766	1610613248
1474886	671088896
3931454	36865
70255550	1085440
6338450	1610613248
17747786	83886081
29628866	4362076161
43200578	671088768
63411050	1610612992
37467074	671088768
3205370	524802
80180966	577
13496582	16781313
37271702	4362108928
45082694	4099
7085270	1085440
47578790	1610613248
2023418	3221229568
78455666	16814080
54145298	36865
13920374	1085440
60631778	1610613248
53245226	4311744513
72089390	2147520512
14208734	4362108928
50669750	671088768
51565934	37376
328250	16809985
74861534	1610613248
17405318	1085440
29445806	67141633
65983286	4161
79196978	135266308
52993154	3221229568
184394	1610613248
48193094	67141633
11154386	2148012032
69321458	1610613248
76866122	1073778688
39009314	557120
18021242	2147495936
40121606	2147520512
5710862	1085440
12611738	1610613248
41029130	2147618816
36762050	36865
11845478	4295000065
1844246	1610613248
31860254	4311744513
1527698	1085440
45017894	299008
24605570	83886081
22317806	137216
51718214	3221229568
72443198	2147520512
36667442	1610613248
53112062	1081345
44920046	4311744513
53437682	4864
1154126	83886081
58368314	2147520512
37014122	1610613248
41362526	1610612992
13618406	83886081
70913594	4362076162
20121410	17301568
48386846	1081348
26802290	8425472
17386202	2147520512
72472682	4161
55967150	36865
60861494	671088644
46642754	1610613248
51398750	2147487746
43515506	68608
38251154	1081345
64016606	1610613248
39367658	1074823168
1176482	8425472
4980242	2147520512
62421230	4311744513
56097074	67112961
7829174	67108929
328574	150994945
31384298	800
50684978	4295004160
68300534	671088644
63202394	1085440
50578706	4295000320
12068714	268444672
23577194	671088768
21047726	4311744513
69489290	1610613248
76165310	1610613248
3012914	1085440
73769654	1082392576
49111634	1085440
23308922	1610613248
2579402	2148012032
51738302	57344
21848654	138
54336782	2147487760
45016922	67141633
31391426	800
10029458	1610613248
10681022	327696
58165490	67141633
21860318	1081345
53139926	4295004160
2400554	2147549200
57201590	134217733
38928638	1073778688
12450062	36865
32263634	2147488000
36359318	1610613248
23754422	3221229568
2268686	671088896
67971998	1610613248
57123182	321
60576050	4362108928
62219054	4099
64918298	671088641
31081682	1073774593
63842942	67108929
56446994	1610613248
43795766	1073778688
14211326	671088896
78278438	671088644
76232054	5368709121
24513554	2147520512
75746378	671092736
24367430	2147520512
5629214	67141633
78747914	36865
1973846	671088896
21513962	2147520512
37069202	4311744513
30500750	67141633
863822	57344
59270978	2147487746
1335890	1610612992
49931354	4362108928
27981002	36865
65943434	1610613248
27164198	75497473
46877654	1610613248
23345858	2147581952
40360394	1074004000
76178918	1610613248
58221542	33591296
72900686	2147487746
17529734	557120
1783982	1085440
69955526	16912384
42712958	671088768
20410418	4311744513
1469378	327681
20273690	70
75900278	331776
14824982	1081348
38676242	536903936
12772118	1610613248
72431210	2147520512
55771130	1610613248
2135198	1073774593
69305258	1074823168
77801186	32833
44460938	671088768
3242630	83918848
50136122	1610612992
3262070	1610613248
24164930	83886081
55283510	2147520512
10345034	1610613248
38587790	4295000065
30278486	4311744513
63065990	1610613248
70108454	1610613248
39340118	8409088
62113754	1073745921
42159890	2181070848
55583858	32833
21720998	2147495936
10392986	1610613248
15560786	83886081
36460406	1610613248
49182590	1610613248
21615698	1610613248
66914786	1610613248
73683794	671088644
38709614	2147520512
24527162	671092736
5841434	2129921
67250774	67141633
59559662	1140883456
3740942	1081348
70159322	36865
73435286	1048582
12511622	2147487760
20001530	201326593
70950854	4295000320
64604018	2147520512
37704566	1610613248
34259798	4328554496
80272982	1610613248
50917286	36865
80207534	2147520512
22994642	6442483712
23546090	4362076161
6463514	2147520512
49245770	671088768
134498	67141633
79158746	16912384
12654830	537919492
20057258	67141633
112466	134250497
36099470	57344
38702486	1610613248
10567946	67141633
26074262	24580
51166766	4395630592
48989486	37376
64438778	3221258240
55310078	1610613248
39328778	671088768
37769366	67637248
35104790	671088644
51975470	1610613248
235262	2147487745
34183010	67633153
62701166	4395630592
39092582	4296048640
36296138	524864
20678042	2164264960
18121358	1085440
76750778	36865
72480458	150994945
62474690	4295004160
54534098	532544
7795478	2148073472
73805294	4362108928
1684838	98305
46651178	1074823168
14167586	1140850689
21819170	1085440
1305110	5435817984
4132010	135266308
15013550	4311744513
10579610	1073774593
67703402	1610613248
41024918	671088641
39781730	1610613248
13065014	32802
12793178	4362076161
75705554	1073775104
3947006	1115136
65417582	2147520512
28104770	671088768
28947170	1081345
1218278	1610612992
4050038	40961
72658658	1610612992
42306662	1610612992
42526982	671088768
50527514	1081345
75108098	1610613248
26681438	1610612992
24266990	2147520512
50879054	1081348
35071742	75497473
26238206	16814080
10053758	2147520512
39818666	3221229568
77862098	4311744513
50759498	36865
44458994	2147549200
2620226	1610612992
39907118	1610613248
31416050	800
31150046	4295000128
73688330	16797696
51285026	1610612992
51377690	331776
21955898	1140850689
3738026	4362108928
20767142	671088768
11881766	40961
70872446	1073778688
81617906	2147487760
71137478	32802
43463666	1073774593
47757314	4311744513
15900338	65572
58926566	16781313
67983338	36866
37294058	200
22600982	36865
77407526	2147520512
74640890	2147618816
7796126	37120
13489778	2147520512
75963458	1610613248
37821854	16779266
60861170	1085440
34624298	16814080
71079158	33587201
76247930	4362108928
67430918	70
3746450	5435817984
49158938	1073774848
53355386	67108867
31084598	1610613248
61424282	1074008064
38597510	1610612992
17762366	4295000065
24951602	4295000065
48817118	561152
76498058	671092736
45384014	4296048640
22873142	1610613248
35471558	36865
39245186	4099
39091610	4362076162
40144286	1073746432
52623794	2281705472
54523406	135266308
9421310	327696
72030422	10242
3183986	1610613248
27725366	17858560
7008482	1610612992
77346290	83886081
71939054	36865
64303022	2164260866
74617562	528416
63673166	17301568
44302502	671088644
19176626	1085440
73520498	1610613248
43418954	1610613248
18313814	36865
44204654	561152
1434062	561152
30483254	1114116
2079470	8425472
271874	1610613248
38455274	2134016
60899402	16777250
189902	163856
35465402	1610613248
74464958	557120
48428642	2148012032
47119682	4295000065
63848126	1610613248
26970122	1073778688
78996422	3221229568
36291278	1610612992
19904654	1610613248
1695530	4311744513
66292382	1073766400
46706906	671088768
48927602	1081345
11967950	1073778688
67595186	67108897
51443138	1074823168
74955494	32833
78620906	1085440
66053918	1081345
65659610	5368713216
1978058	4362108928
213878	2148012032
35189678	83886081
45463070	1610613248
4359458	36865
55260182	1085440
75603818	36865
39710774	671088641
21647126	4395630592
76094678	3221229568
5000978	2147487746
40415474	524354
47424566	2147520512
64267706	671088644
43474358	2147553280
781850	16781313
63570134	1610613248
18445034	557120
61910282	1085440
68148578	2147520512
7487354	671088768
27523190	36865
40476062	98
54274250	1610613248
51892202	2147553280
15425678	1610612992
12728054	67141634
3873458	134221825
11269730	1610613248
59923838	2147520512
550514	1081348
58035890	4362108928
14987954	1610613248
44485238	3221229568
26242418	1610613248
21491282	4295000065
28992530	671092736
46414658	1085440
3406250	1610613248
34128254	671088768
13033910	1610613248
78043862	671088768
76504862	4099
48559862	2147520512
57135818	6442455040
2368154	65554
35746958	4295000065
68323538	1610613248
22510910	1146880
49209482	4129
44257790	57344
32340746	2147520512
37997786	671088768
64026650	524354
79738706	1610613248
69730346	83886081
33054518	1081348
17003234	4362108928
46274690	16777729
33668822	1081345
72255926	4311744513
53699798	1610613248
30149210	4106
74107262	4311744513
59777714	1085440
569630	150994945
62479550	1140883456
15788882	2129921
22237130	37376
13274642	1610613248
77999798	1610613248
74693054	36865
40320542	1610612992
1489790	1073778688
57925406	262147
35106410	4429185025
5184038	8425472
66711314	150994945
707654	2147520512
6272354	83886081
48831374	4102
1233830	1610613248
42579794	1073741860
30473858	1081345
579026	16779268
60452282	1081348
71858702	150995072
2293310	4362108928
47376290	4294971393
77430206	1610613248
81683678	4311744513
48639890	1610613248
24260834	25088
32560094	4362108928
37760942	4362108928
11066258	1610613248
43058666	2147520512
18714602	524354
9215894	1610612992
48059930	2147520512
32895434	67141633
22187234	671088768
15224798	671088644
58155446	37376
43399514	671088768
21754046	1082163200
32584718	1207959680
68031290	1610613248
22531322	671088644
52999958	671088768
2181206	671088768
54384734	36865
12212570	37376
14292002	1085440
43983038	671088768
1031978	1610613248
55040186	1085440
21249902	67109121
68909330	4362108928
49047482	36865
77769434	4295000320
44509862	37376
71363630	4362108928
46915886	1085440
391106	1610612992
2754038	2147487746
64045118	4311744513
40399922	67141633
70624910	1610613248
31837574	36865
23621582	671088644
27000902	671088644
43585490	1610613248
58144754	5435817984
64183142	1610613248
1700066	4311744513
43137074	4311744513
63866	134774784
12772442	1610612992
33745934	1081348
63472610	1610613248
27747074	671088768
2378198	1610613248
76219418	5435817984
7437458	40961
35514326	36865
73185482	1073758464
54218846	671088768
43811318	1610613248
78139442	1610612992
3446750	1074823168
32155742	2147487746
45427754	671088768
69055130	16912384
24487310	671088768
2638370	2148012032
70447682	1610613248
25246118	16814080
25310	4320133120
2315018	16781314
46456778	2147520512
28064594	2147520512
30513062	38912
51441518	671088768
14454974	4362108928
32936258	4362108928
2586206	2129921
37211438	2147553280
21310166	1081345
63042338	1073750020
13931390	1610613248
16989950	2147520512
42021866	671088768
40466990	67141633
79271174	2147520512
12926990	1610613248
32591846	36866
40737530	1610612992
15829706	83886081
52658462	36866
7428710	1073745921
72510266	2147778560
34071230	578
62184386	36865
5181770	1085440
75097082	1085440
59324438	1610613248
28247330	4311744513
69079106	1572868
66145934	134217864
42322862	101711872
76161746	1074790404
27030710	150995072
879374	83886081
46651826	2147520512
21750806	135266308
110522	16809985
71416442	3221229568
67719602	1610613248
57075554	4362108928
27816410	4295000320
74022698	1085440
7966226	5368709121
80580782	1610613248
80735006	1610613248
20610002	134217864
77927222	4295000320
66189674	671088644
15883166	83886081
74738090	2148012032
13119122	1085440
64275482	134254592
64792586	1074069504
62236874	4311744513
1371854	1081345
48488906	1610613248
27018722	150995072
54560666	196610
68187782	3221258240
77637890	32833
80559074	4328554496
57059030	1610613248
873218	1610613248
25916798	1081345
67984958	4295000320
34324274	671092736
58568870	1085440
39183302	36865
5008106	17334272
65548802	1610612992
30705518	4311744513
5790566	1610613248
25508558	17920
80457986	2148008000
66557090	1610612992
26720318	16787456
55657082	327681
31504178	2147483696
62590682	1081856
55987238	17334272
18576902	1073774848
74267642	1074270208
22095218	6442455040
39138914	1074823168
80563610	36865
33355190	16777736
15206978	2147487746
56058842	1610612992
75785906	1073775104
13724354	17301568
4698686	143360
1191062	1085440
6224726	1085440
13713662	1074823168
70971914	3221229568
24696290	57344
12696626	1610613248
53130206	4294971393
23721050	1610612992
9003998	65602
76906946	8421377
55306190	37120
8283098	1610613248
46368002	137216
5589362	2147520512
70955066	4362108928
6490730	1073745921
58578266	1081348
72696890	1074823168
2176022	67112961
42445010	1610613248
32422070	536907776
29559530	1610613248
71037038	1610612992
16628042	4362108928
40479302	1085440
4493918	36865
44774570	2147520512
39434078	1081348
24677174	2147520512
41797334	20512
44817986	4362108928
74617886	4295000576
13243538	671088768
45576794	671088768
4430090	1610613248
54586586	83886081
60989150	32833
16428782	135266308
39575990	1610613248
31239470	67141633
980462	16778242
50006198	2147553280
58479446	1085440
79550138	83886081
3586394	16797696
79878026	2147520512
43177574	2164264960
55725770	67108929
75640106	4353
60006134	1073778688
70936274	67141634
40359098	67141633
41444822	4328554496
593606	671088768
79990778	8421377
26009138	1073745921
47149814	671092736
32652758	4311744513
49819574	671088768
45523982	1073766400
49249334	4129
62685938	1073778688
17259518	4295000065
26055794	201326593
48555650	37376
73632926	6442483712
7535954	17301568
49002446	327682
63313526	67108929
79642154	1610612992
53765570	1085440
6285314	4336910336
32037806	4311744513
243686	1610613248
69432266	1610613248
52058414	4353
50501270	671092736
13655018	1610612992
20575982	1610613248
51669290	2147520512
37734374	1610612992
20582138	37120
33672386	2147487746
76160126	1074823168
54882722	16781313
31255022	3221229568
31217114	53248
74530406	196610
45495146	671088768
52790978	2684358656
511310	2147520512
56859122	1610613248
73822466	1081348
11448902	2147487760
49610	198656
79412438	33025
3350522	2147520512
17885810	671088768
23666618	2147520512
56007650	134217860
31266686	671088644
53599034	67141633
71638058	1610612992
49850030	1081348
15808970	67141633
3204398	37376
35495210	1081348
77651822	2147487746
80488118	4362108928
44432426	2147549185
63256502	1610613248
47073998	83886081
96914	2147487746
7966550	1610612992
65297378	134250497
52604678	36865
78108662	3221356544
75187154	2147618816
80831882	1610613248
32485898	536871680
20136314	671088768
32085110	1610612992
12494450	8651264
18889238	1610613248
75112310	83886081
8454494	331776
31916630	2147553280
652898	1610613248
54775478	1140883456
14009798	671088768
49698398	1074823168
45597206	1610613248
24401126	524293
10818398	16912384
54900866	36865
15506030	37120
28769942	5435817984
38176310	4429217792
37368902	196610
80421050	524322
72737066	1610613248
61177070	2147520512
22102994	67141696
81556022	528448
901730	1610613248
62711858	36865
46696862	268439584
14745602	36866
47767034	8413184
3527426	1610612992
12858626	67108929
71026022	67141633
27020666	150995072
20893502	36880
73992890	1073778688
30179018	1610612992
5595194	2147520512
3224486	1610613248
19962650	1081348
25504346	4311744513
42792662	1610613248
77427614	2147520512
49549682	36865
68197502	1610613248
14904362	1074823168
818138	4295004160
81132878	1073778688
52023098	4130
43566374	36865
27411734	671088768
68743766	671088768
77655386	1073766400
43179518	4362108928
52436846	4311744513
73740170	1073774593
72208946	4395630592
56305082	5435817984
39791774	536872964
42493610	83886081
80403230	4395630592
36171722	1610613248
51627170	1073774593
7588442	1085440
28094726	134218753
26557994	1073762304
18708770	1610613248
2223326	2147520512
47872334	561152
29709218	134742020
19944506	1610613248
73004042	36865
8894486	4311744513
66567134	3221229568
59580398	1085440
73167338	671088768
33382406	32802
59487734	1610613248
51616154	1073778688
4249946	9469952
26932214	36865
8838758	1081348
41374514	67141633
37918082	2164264960
54852914	37376
2073314	671092736
55362890	28672
42537026	67141633
32831282	1140854784
28005950	36865
2018882	57344
66945890	1610613248
16238	1610613248
11297918	1610613248
10317170	1610612992
80806934	2147811328
2169866	150994946
41669354	36865
46382258	1610613248
33994766	1610613248
28944254	671088768
32009618	1610613248
40905686	4296048640
11771930	67133440
58494998	1081348
74570582	1610613248
5716046	2129921
64272566	1610613248
77523842	36865
66662390	1610612992
15058262	67141633
48138662	32833
5871566	1610613248
81461414	36865
29261126	1610613248
63679322	4102
46362818	65554
40873286	134217733
34313258	36865
62795774	4362076161
33542462	133136
74340218	1610612992
40082726	1610613248
19468550	2101504
65855630	32833
73271342	1085440
64647758	4102
15500846	83886081
23211722	672137216
52570982	671088768
54148862	1610613248
69713498	1082134528
58944386	1074823168
6933314	671089152
38222318	671092736
8450606	2147520512
13199798	134283265
67943486	536903684
54982838	6442975232
50880026	1073774593
69344462	1073905664
50104694	8425472
52096970	1081348
11660150	5435817984
36486002	4295000065
63571430	196610
81188282	4362076161
10108514	1073778688
9768314	83886081
32496590	24608
43124762	671092736
17444846	4362076161
41407562	4296048640
68484890	1610613248
477614	1085440
23919338	2147487746
53201810	1610613248
14079134	134283265
22739654	134225921
4883042	37376
78622526	671088644
5880314	671092736
72213482	2147520512
8305130	134250497
13232846	2147495936
17038226	53248
8810570	134217864
39080918	1074823168
31086866	83918848
52963022	1085440
14192858	1610613248
63442478	2147618816
13055942	1610612992
5190842	2148012032
37001810	32834
37136918	32864
12670058	57344
67569266	1610613248
37202042	32834
62214518	37376
8413346	2148012032
68606066	2147483682
76057418	1073778688
43467878	1610613248
37897022	1140850689
58358	2336
68509190	1610612992
63557174	8388641
20616158	4296048640
77447702	36865
3422774	2147520512
11208818	1610612992
4175750	16809985
20656658	32833
70915538	2147520512
71190614	4362076161
50921822	4395630592
16842854	67141633
24029822	1074823168
54256430	1074823168
75061442	4362108928
19834022	1140883456
63053030	83886081
32903858	1212416
4338398	150994945
47712278	671088768
1521218	4311744513
65522558	4362108928
78054230	1610613248
39509246	1074823168
7044446	1610613248
67056374	5435817984
71992190	4362108928
68283686	2147520512
27202754	2147520512
47492930	4362108928
42696110	1073774593
13005398	1610613248
6481982	2147520512
25715594	1610613248
80423966	1081348
69072302	3221229568
56554562	20992
53938586	83886081
2560610	36865
70644674	16844800
7640282	1610613248
33693446	4429185028
58882502	1073872898
15941810	67125312
472754	4295524352
12860894	671088768
28310834	67108929
36083918	1610613248
52553486	4295524352
28523054	201326593
41594834	1610612992
38984690	4362108928
80300198	1081348
33819482	3221229568
24982058	8392736
44210162	5368741888
35012450	561152
73357202	1140883456
4529234	1074298880
78911534	1073778688
56000846	69648
1792082	4362108928
1008326	134479873
24568958	1081345
36953858	1073746176
43073894	268568576
33654890	3221229568
16961114	1081348
55517438	1610613248
28945550	536871680
21290402	37120
43738418	1074823168
37836434	28672
52996394	1610613248
63703622	1610613248
1773614	57344
2569682	196610
56910962	671088644
62409566	36865
77644370	2101312
54566498	67112961
18563942	1074266144
13181006	671088768
20321966	331776
60047930	4328554496
70945346	150995072
3814166	65570
36393662	24608
19317242	167936
756578	2147520512
3621386	4362076161
31942550	671088644
52242770	36865
9027002	1073745921
63455114	37376
29639558	67145728
78288806	17301568
51927518	2147520512
13267838	1085440
2122562	2147520512
77993318	2147520512
9681806	4329570304
3566630	37376
80313806	671088644
41352482	1610612992
63966062	2147520512
38345762	1073872900
74663570	1049604
67223558	67
69452678	4295004160
38696978	1610613248
15072518	4362108928
39155762	1081345
3244574	2164264960
10911710	327681
5706002	2625536
3792458	16814080
18291134	5435817984
74834318	4429185025
51399074	671088768
45598178	134217733
15747410	70
77537774	1610613248
76627010	2147520512
77779154	16781313
36683966	2134016
80275898	2147520512
32164166	2147520512
10774334	1610613248
36365474	4311744513
38403434	200
15423734	1073762304
53292530	36880
56958590	536872964
13026134	2147520512
75572066	134250497
1950194	2147520512
43672646	4295000128
27948926	671088644
72179462	8425472
49133018	36866
176294	4311744513
78963374	5435817984
32823506	2147520512
81374906	2147520512
72935354	2147487745
51554	67141633
41748086	2147520512
37319654	1610613248
54525998	1610613248
59280374	1074823168
77523518	4311744513
64829846	1610613248
65628506	57344
51884426	4099
74543042	671088768
41724110	671092736
7060322	4395630592
55664534	134283265
73885970	32833
18934922	100696064
79214150	1610613248
1969634	327696
15910058	134221825
63057566	83918848
24052178	671088768
12209006	3221356544
150374	4295000576
77327174	83886081
65599022	2147520512
58985858	4295004160
69811346	134217734
7885874	2155876352
12311066	3221229568
29711486	1610613248
61852934	2164260896
69499334	1610613248
6305726	2147520512
769862	1610613248
70379966	1610613248
6887954	5368709121
56925866	1610613248
59017934	4311744513
60229694	1081348
2708354	2147516432
26307866	1610613248
70815098	16814080
37804034	1610613248
79458446	4099
542738	1610612992
15568886	167936
65960606	36865
67097846	16809985
56448938	1610612992
6275918	1610613248
18940106	1610613248
38414126	2164264960
73775486	671088768
73270694	1073745921
58919762	4311744513
13278530	1610613248
78352958	536872964
77929490	16912384
78012434	1085440
2697014	134218753
581618	32833
53281190	671088768
2761166	83886081
73200710	561152
80934914	4311744513
58311290	36866
49493630	1610613248
20791118	1610612992
8488190	4295000128
31997306	557120
79769810	4362108928
18592130	2147520512
61601186	150995072
71240186	196610
17900714	2148012032
11881118	1107300352
24129290	201326593
4527290	98
43716710	671088768
30808226	4294971393
48761714	1610613248
57505502	671092736
15220262	67112961
1958294	67125249
66157922	5368713216
61537358	2147520512
59543462	1140883456
68436614	2147520512
50615318	1610613248
107282	134250497
14137778	2129984
39756458	671088896
79104962	671088768
64440722	86016
24304250	67141633
569306	1610612992
24206402	8392705
62167214	1073775104
9158222	1610613248
9371414	1074823168
33011750	1610613248
22283786	36865
2880398	4295000080
7348682	1610613248
69511322	1610613248
9953318	1610613248
38108594	671088768
22563074	1085440
5780846	36865
64141994	1073778688
22111742	2147520512
11131058	1073745924
46853030	67141633
4771262	2164260880
24011354	134250497
659378	2147520512
53401070	36865
2679842	150994945
42904766	4296048640
48171386	4295000576
5810978	32833
52222682	16843776
1111682	2147520512
10073846	299008
24619826	83886081
2556398	1074270208
1457390	57344
11074682	1073778688
51531266	671088768
74113742	1074823168
33896918	4362108928
40700918	4294971393
67871558	1085440
54265178	1085440
23889530	67141633
49602494	2147520512
19766630	4295000320
30070478	3221229568
34370606	268502016
5118914	36896
39520586	4362108928
38005562	4311744513
60984938	1610613248
6537062	67141633
76367486	1073762304
79091030	2147520512
6528962	4362108928
31183094	1610613248
44203682	1073746176
51990698	37376
54840278	1610613248
5548214	2148007952
19954874	150994945
35730110	1081345
36231662	4295000065
26504210	5435817984
598142	1030
32134682	4362108928
9120962	69648
29172026	17334272
68567186	4311744513
34382	10486016
4995794	1610613248
26317262	67141633
5374874	671088644
13161242	16809985
49778750	135266308
36217082	671088768
56954378	4311744513
14012066	671088768
52582322	1610613248
68505302	1610613248
78776750	150995072
61161194	671088768
58785950	1610612992
13244510	36865
65871506	3221229568
39973214	561152
24752666	1610613248
58049498	1073745921
60427334	1085440
54491978	83886081
42859406	1081345
40540538	150994945
53519330	1073745922
61602158	4295004160
330842	98305
2813006	1074823168
40739474	671088768
36373574	1081345
46924634	1610612992
3142190	32834
50065166	528448
79957406	4099
79404662	83886081
51348206	1074823168
12694358	16777282
59552858	1140883456
27480098	67133440
3807686	1074823168
47492606	2147487760
5406950	4395630592
40619270	4429185025
46515746	65553
33593006	16781313
56120402	1048582
39112994	1085440
1235774	1610613248
28607618	134250497
64542782	1073745922
20585054	17334272
14288114	2181070848
79595822	4311744513
8736698	42
28279406	8425472
34063454	36865
45171146	36866
74860886	1081348
27669638	671088768
3020042	1610613248
24338	1610612992
57713510	37120
21016298	16809985
10444502	3221749760
46890614	2148012032
28195166	37120
61251590	2134016
10873478	524322
25940450	201326593
13554902	1610613248
16100894	671088896
26865470	1610613248
2344178	2654208
42798818	3221229568
61554530	1610613248
63465158	4311744513
41654450	1610613248
18920018	1610613248
26371694	2147520512
13583090	4295000065
60004838	135299072
12058346	1610613248
70478462	4106
71572610	3221356544
6881150	1610613248
42243482	671088768
12419282	671088768
54753770	671088768
5797046	83886081
32911958	37376
77225114	37376
79780178	1610613248
23668562	1082163200
76719026	1073774593
76008818	1073745921
20439578	1610613248
32094506	671088644
30664694	37376
38393390	536871170
5814866	1081348
18757370	1610613248
32969306	1085440
44181326	1610612992
76445570	1074823168
80733386	1081348
23925170	67141633
18718166	1610613248
26536286	1610613248
36035642	1073778688
5974274	201326593
12031130	1085440
52605002	1085440
59173454	36866
61428494	4328554496
21607922	150994945
73290134	1140883456
37539974	67141633
57303326	327696
28297874	1115136
53797322	1610613248
27831638	1610612992
9088886	2147520512
56520866	36866
77260430	4362076161
25948226	2148007938
77027474	1081345
45306902	1140883456
23622878	671088644
7388858	24577
60467834	1081348
33624758	528448
1623278	1074790404
10460054	1081345
186986	57344
43562486	2147487760
11454734	1085440
44114906	3221229568
10962254	1610613248
21353258	2625536
78519170	2147520512
54597602	4296048640
38861894	671088768
10796690	1073778688
52188014	33591296
70736042	1081345
46587350	671088768
27677738	40961
2137790	150994945
67757834	1081345
64567406	2148012032
1151534	67133440
40451114	4362108928
2181530	2148008000
40121282	53248
17687522	1085440
5218058	67141633
39034262	67141633
36851150	150995072
22599362	2148012032
28051634	671088768
65691038	1610613248
17812586	200
67029482	16809985
3567602	57344
1215686	167936
13680290	201326593
77891582	16777282
50574170	1610613248
24458798	17334272
4102202	1115136
62488946	67145728
6647870	57344
74544986	4395630592
20360198	2147520512
44787530	8421408
7416074	327696
10501850	2147520512
63873722	2147520512
7419962	1610613248
44802758	37376
30974114	1074298880
2780282	83886081
1266554	1610613248
31725794	327696
43934114	671088768
24512258	57344
6279806	83886081
57638342	5368709121
35655590	16809985
8788214	1610613248
26272550	36866
48222254	4311744513
38399222	134217864
68816666	528385
30626462	67141633
13124954	150994945
72739982	1610613248
61037750	167936
47709362	1610612992
34885766	8392705
72230978	1085440
2158202	2148012032
26538878	1610612992
10773362	137216
37643978	17301568
48986570	671088768
53261102	2147520512
11946566	1610613248
12766610	83886081
38768258	67141634
36701462	147458
20565614	8388865
8650190	2148012032
73421030	671088768
33014666	1074823168
51598010	36866
6938498	16779268
59465702	1081348
26876162	1085440
41244266	1610612992
55825238	1610612992
11105462	1073778688
56701658	671088768
16804622	671088768
33198050	4296048640
75403586	1074823168
42735638	1074823168
1074098	16814080
6757706	671088644
62160734	1610613248
12711530	671088768
64211006	2147520512
15191102	36866
8686478	67141633
31621790	8392705
497054	67141696
54904106	1610613248
2631242	70
68488454	3221225474
59530826	20992
6113270	2147483682
39186218	16814080
74688518	1073778688
23901842	1610612992
25279814	1610613248
53127614	4571791360
30720746	4294967364
26871302	671088644
31692422	1073778688
68582414	1085440
23190014	671088768
4135898	1081345
32658914	67371009
67368062	1610612992
37011854	134217733
76253438	83886081
14640950	16912384
73140446	36865
58510550	2147520512
6511466	1610613248
34537142	1140850689
40061018	4429185028
42420710	4362076161
35727842	1081348
14934170	150994945
51639158	70
42285926	671092736
31209662	37376
73936514	67141633
56327114	2147520512
10361558	2147520512
66561950	16809985
29986886	2147520512
66858734	5435817984
32852342	4295004160
81108578	1081348
13552310	524353
75123650	4311744513
46402346	4102
79963886	4311744513
62621786	32833
62450390	1115136
42340682	16781313
44336846	137216
57010106	1085440
69071978	671088768
25326146	36865
80940746	1074823168
4399310	1610613248
64599158	1073905664
3906182	2147520512
81058682	299008
925706	2148012032
23740814	1610613248
65464562	3221749760
65173934	1610613248
68868506	4295000320
3023282	2147487746
45448814	36865
26271254	1610613248
36096230	1073778688
19275122	1610612992
33606614	2147520512
3839438	524864
49000178	1073745921
37064990	4295000065
57879722	67141888
55815518	536872964
49381526	2147549186
23442410	1073778688
39659258	4295000065
16996430	36866
32214710	327696
47313110	4311744513
2645174	67141633
69603014	57344
28226270	1610613248
12910790	671088768
7459814	16912384
21105722	1610613248
66243134	1610613248
16633874	135266308
66480626	5435817984
33570974	134283265
77887370	2147520512
73071758	4295000065
77851730	1610613248
59514950	1074823168
6028706	4162
72114986	4362108928
34529366	4295004160
75710090	16809985
70903226	1610613248
9839918	1073745921
19004582	150994945
47580734	1610613248
69978854	83918848
5307482	16777474
60334994	1140883456
35944274	1081348
36746498	2147520512
51617126	1074270208
46819010	299008
22369322	36865
38937062	1048836
50925386	1140850689
38584226	1081348
20128214	4102
1857854	4362076161
11741474	4362108928
50249198	1610613248
12434834	67141633
37944974	2147487745
75271070	134217733
74406962	2625536
57626678	1085440
81073910	4429185025
61052006	1610613248
12789614	1610612740
30735326	671092736
47977958	67141633
80765462	5435817984
45057746	1048836
28460846	83886081
13778462	1610612992
62316578	1081348
962642	1085440
71386310	2147520512
2043182	65570
26866118	4328554496
47948150	1610613248
495758	36865
22678742	1081345
60804470	3221229568
34329134	4295000065
14009474	671088768
16880114	2147487760
60447422	83886081
32814110	53248
50380742	3221229568
68570102	1085440
16980554	150994945
80176754	4395630592
33080762	671092736
18043922	1074823168
14121902	1610612992
74118602	2147520512
47393786	2147520512
16570694	67141633
20824166	278529
62695658	4429185028
69384638	150994945
78831182	4295004160
18511454	1610613248
62791562	33591296
1660214	4311744513
80163146	53248
27576326	16809985
81338294	671088768
13347218	1610613248
58461302	1074823168
54188714	1073746176
38994734	1073778688
18998750	4311744513
64904366	2147520512
10012934	57344
66397034	671088768
53968718	67133440
24644126	671088768
27449642	2147520512
6964742	1085440
65627210	1073774593
71119982	16912384
14720978	201326593
56059166	1610613248
28744346	2148012032
63537734	1610613248
25840658	1610613248
3642446	150994945
48496358	1081348
66195182	36865
1848134	1082134528
80460254	3221229568
44338466	671088768
42029966	2147520512
78565826	4295000065
76709954	671088644
36228746	1082134528
56129474	4295000576
24281894	524291
23925818	1610613248
15040118	150994945
32124962	16777250
76040570	4311744513
21560294	150994945
831098	57344
17272154	2147520512
75868526	37376
77362490	1610613248
8463890	1610613248
64766990	16809986
10168130	3221225474
17167178	53248
37920674	3221229568
40725218	1610613248
46993970	1081345
45302042	1610613248
46348238	4311744513
71914430	1610612992
36022358	1085440
29747126	671088644
65345654	4395630592
8429870	1610613248
49935242	1610613248
9654590	2147520512
67656422	1610613248
73733366	32785
54366914	24592
11919350	1610613248
47284598	1610613248
75498842	1610613248
21347750	4102
2059706	1085440
77239046	36866
6746690	4295004160
3727334	561152
22479158	4362076161
62534630	2147520512
42743090	1140883456
61327406	2147520512
56755442	16781313
40122578	1081348
5213846	75497473
43143230	1081348
37463834	67141633
69154598	150994948
5542058	134479876
22023938	57344
33208418	1081345
31158470	32834
48146114	57344
588746	67141633
5437730	1610613248
36500906	1610613248
408926	1610613248
38925398	53248
34148990	671088768
44820902	3221229568
26351606	57344
37395470	851968
68707478	3221229568
4475450	1610612992
40790018	1610613248
70041386	1610613248
57265418	1610613248
41185298	1610612992
77878946	4362108928
43628906	83886081
44457050	150994945
23645882	671088644
49543202	671088768
2267066	1610612992
2334782	8425472
30920330	5368709121
8054678	1610613248
80147918	1073778688
3765566	33284
32756114	36865
25088978	57344
54851294	36865
20782694	553648384
72242318	150995072
49723346	1610613248
7319522	671088768
71772194	1074008064
2637074	36866
53669666	1073778688
23661110	671088644
66633230	36865
30768698	36865
76020806	1610613248
54598250	1610613248
59878478	83886081
49787498	2147520512
28579106	67113472
78220442	295168
62912090	2147520512
16850630	1610613248
77478806	4311744513
37003106	1081348
68278502	2147520512
37641710	268568576
8116238	1610612992
13823174	1610612992
14770874	17301568
34276646	671088768
43562810	557120
47945234	67108867
11857466	16809985
1687754	1610613248
74541746	4295004160
81530102	36865
17963894	2147520512
12234278	1610612992
49517282	36865
36863138	1610612992
16462802	150994945
39916838	4295000065
71762474	1610613248
24634406	1610612992
35682806	24577
3223514	2147520512
19090118	2147749888
74395298	671088768
22279574	8437760
29593874	671088768
75629414	295168
16199390	4362076161
58251998	2147520512
779906	3221229568
22106882	671088768
41747438	4311744513
40118690	671088644
24703094	1081348
60752630	8425472
2494190	536870946
12217430	1073778688
14972078	1074823168
10127954	17301568
68078270	268472320
70652126	67141633
58893842	83886081
9639686	32773
19574822	134250497
62776658	671088768
8269166	134217733
43579010	1085440
69123494	1081348
65153522	98305
64358750	327681
57971414	4311744513
18430778	1610613248
2040914	8198
69612734	37120
43669082	671088768
8009318	67141633
77231594	1081348
27030062	150995072
42468986	524328
76895282	1610613248
64380782	36880
24897494	1610613248
33414482	2147520512
76641266	1610612992
65146718	57344
44243858	36865
70816718	83918848
39425006	16814080
45615998	36865
69747518	671088644
3537794	1610613248
2797130	532544
57691154	1085440
39877634	1073774593
60988502	75497473
73932302	1610613248
78634190	1141112832
52939046	4295491648
10465562	2148012032
74863802	4362076161
14952638	1610613248
77894822	2147520512
1390970	1610613248
203510	34832
80241554	2148073472
61714586	1610613248
69028238	36865
71489666	37120
13445714	57344
5064158	83918848
4055222	1085440
48486962	671088768
37366958	671088768
20144414	1081345
18594722	2147520512
41315870	524354
73598258	671088768
9216542	1610612992
13676402	3221229568
1638830	2129921
33228182	67112962
44966054	36866
15837806	5435817984
78519818	1081348
6107762	67141633
79817762	36865
67572830	1081345
27446726	32834
75855890	2147520512
45603038	1073778688
1076366	1610613248
80868818	201326593
22361222	1048582
42851306	24580
9087266	67145728
37725302	1610613248
38278694	196610
47594018	4099
53916878	1073774594
48302606	1085440
10492778	67141633
57781226	4295229441
23738222	2147520512
54492626	671088768
47638730	1610612992
55768214	1073774593
66167642	2147520512
36304886	1610613248
37225370	4295000065
5680082	1610613248
54042914	1146880
80507558	8392705
2444294	2147520512
47643266	671088768
70660550	2147520512
20188154	1610613248
26200298	4362338304
4555478	67108929
6834818	2147549200
44426	4395630592
60973922	4311744513
41184974	67141634
13655666	67
21859670	4106
295526	4362076161
39933686	2147520512
18288218	65793
31464650	133136
904970	16781313
11195858	37376
44228954	1073778688
2070722	1610613248
62635718	561152
13191050	67108929
1732142	2147520512
56331974	36865
58552670	4311744513
60411134	1073778688
65054054	1610613248
71987006	1146880
76450106	5368741888
26463062	4130
41670650	2147520512
112142	134250497
61328378	1610612992
922142	1074823168
4111598	2147520512
47826974	1085440
48682982	1610613248
12445202	671092736
39334934	1081348
42986738	67108929
31233314	33558529
78699638	4395630592
69276098	1610613248
17991110	1610613248
50306222	2147487746
64182494	36866
36990470	36865
2886230	1610613248
73671482	3221229568
15589946	1610613248
36516134	671088768
30553238	2147520512
251786	1610612992
75840338	1610613248
63689366	1212416
63353378	1610612992
66938762	1610613248
68563946	524354
71372702	671088768
7238522	671088768
16966946	1073778688
52118678	1073745921
29621738	150994945
58553318	1610612992
7363910	83886081
27378362	4311744513
14050298	1610613248
33489002	1090650112
6826394	2147553280
36060590	167936
24493466	4311744513
76915046	1081345
27834878	4362076161
64093070	1610613248
3782738	1610613248
66687338	4311744513
51811202	36865
40891754	36865
4770614	1610612992
59420666	1610613248
59661074	671088768
48756530	1081345
65878310	3221229568
28954946	1610613248
75605438	1081345
2221058	1073778688
24722210	53248
67152926	1610613248
41253338	557120
75196226	17301568
70788530	2147520512
58074770	2147520512
79911074	1610612992
37342010	1049604
56643662	4295262208
57689210	83886081
45064550	1097728
62693390	1610613248
65756162	671088768
36344414	73
39295406	1081348
16270994	1350565888
54533774	671088768
1418186	201326593
42497174	5368709121
6581126	524322
6751226	70
15750974	33536
41101706	36865
9713234	1610613248
24145166	671092736
19831754	150994945
33044150	17301568
26184422	1073778688
14121254	1146880
25509530	83886081
54809822	37120
501590	3104
22346642	1610612992
66195506	4161
42531518	138
54563258	671088768
78645530	16814080
79307462	1610613248
79754582	1074790404
72570530	17301568
42070466	1074823168
32289554	1081345
53462306	4362108928
1194302	1610612992
53739974	4328554496
9366554	1610613248
31005866	4311744513
66208466	16781313
64227206	1073762304
3517382	1610613248
78582998	671088768
20896094	2147488256
48855350	36880
118622	134479873
52526918	1610613248
623738	67141633
25396778	16781313
11864594	1085440
78012110	134217864
80179994	1073778688
74063198	1074823168
37348490	196610
39474254	67108929
23875274	4102
25816034	2147520512
55627922	83918848
988886	4362108928
19120898	4362338304
22718	4429185280
65627534	1212416
37728218	16843776
12999890	1073778688
69133214	1610613248
68259710	17334272
42686714	16809985
6975110	4295004160
840170	4162
45352586	1073778688
52593014	1082163200
37489430	2164264960
27304814	671088768
36806438	2147520512
31602026	1610613248
50727098	4295004160
77736386	1610613248
3719882	5368713216
19730666	1081345
66490022	2147520512
36841106	4311744513
35863274	4295000065
61985126	36865
24754934	536870918
1859798	2147483682
2142650	1610613248
3576998	1140883456
4217870	1610612992
35221754	4295004160
9714854	4311744513
69457538	1610612992
43718006	67141633
115058	134250497
77879270	70
61615442	32833
51796622	37120
72189182	1610612992
79126670	1073746432
10532630	2147520512
37351082	196610
79050206	57344
63111674	1073746432
81410546	2147553280
37311230	671088768
13156706	40961
25462874	83886081
22000610	150994945
64304642	1610613248
46404290	671088768
38171450	196610
1682894	2147520512
51636242	1610612992
26847002	36880
43775354	671088768
45043814	671088768
49995830	8392736
20296370	1073778688
31394990	800
2081414	167936
10346978	8392705
34696550	671088644
55661618	4311744513
50993102	2147520512
80438222	36866
139682	4295000065
5308778	4303388672
313346	167936
11655290	4362108928
80638778	16912384
2394074	37376
74726426	4311744513
40378862	2164260880
50665862	16781313
51077018	2147520512
53132150	16809985
12665198	671088644
18037118	1081348
28386326	67112961
6988718	3221229568
38946134	196610
28153046	67174401
32141810	671088644
28475102	3221229568
81730334	1085440
21464066	4362108928
40489346	4294971393
46282466	36865
27596414	83886081
57247274	1610613248
36228422	1610613248
16670486	1081348
18662762	150994945
75523790	83886081
5532662	4295000065
36096878	1081600
30176750	671088768
49369862	671088768
35836382	57344
3739970	1610612992
46236782	671088768
63181658	4295004160
33874238	4295000065
75180350	16777219
9348734	1610612992
65149958	1610612992
6825422	8392736
76469222	8421408
10933094	1073778688
9073658	1610612992
15662198	4295004160
46594154	4311744513
50657762	671088768
62005538	2147520512
30156014	1073762304
67086506	1085440
10836542	37376
392078	1081345
43200254	196610
64682102	37120
8200478	4311744513
45235298	3221356544
30423638	4311744513
45362954	16814080
60150314	1085440
39414962	4311744513
79239098	134217860
50477942	4311744513
40185434	102400
3526778	36896
23502350	4429185028
12861866	671088641
36037910	83886081
867710	524328
1675118	201326593
18265214	671092736
32722094	5368709121
55572842	671088644
61169942	2147520512
9627698	37376
6532526	4295004160
73689626	17301568
75504998	4311744513
70188482	1082134528
1765838	25600
21319562	4297097216
22452590	70
2973710	2148012032
48245258	1140850689
65174906	4362108928
7204502	1073778688
10708886	1073778688
9949106	1610613248
49144034	16843776
37044578	17301568
37930070	1610613248
44944022	2148012032
169490	4362108928
312698	5368709121
44906438	1081600
24221630	671092736
34235174	6442455040
12044414	1610613248
2997686	294914
74536238	1081348
23584970	65793
26344478	5368741888
44025806	1073778688
68837078	1073774593
57920222	2147520512
40031858	561152
78409658	1073745922
71460830	4362108928
42272318	67141633
37786214	20736
15554306	1085440
15858218	4362108928
41798306	671088768
22342754	1081348
10941194	2164260880
65056970	4311744513
46182674	1048610
47016974	671088644
50451050	671088768
34845914	70
35813378	1610613248
13580498	150994945
79242014	671088768
2283914	36865
1138250	1081348
65108162	4311744513
41547530	36865
67762694	4362108928
53153534	167936
63945650	36865
43065146	4311744513
59347118	3221229568
50957462	1610613248
55810982	53248
62249834	36866
36203474	134283265
31536578	1081348
62956478	1073766400
45561242	4395630592
28427798	5402263552
57297818	1081348
41116286	1610613248
51857210	4294971393
59146238	1074823168
12294218	57344
7106330	32833
27089678	671088768
2504234	201326593
65766530	2147553280
23778074	3221229568
39524474	1610613248
62559578	3221229568
37786538	4311744513
79076774	1610613248
48815174	1610612992
51316130	1610613248
63789806	2147520512
44797574	32833
16996754	1081345
53819354	2147520512
7032458	671088768
56359838	1610613248
38524610	24580
47591102	1610613248
47130698	1610613248
50827538	4311744513
14955554	37376
45049970	1058
57360026	4362108928
50983706	1074823168
31950002	4311744513
3785978	1081345
2682758	671088644
51770054	16797696
63469694	36865
12231362	1085440
76843766	4294971394
1711406	2129922
9494858	4395630592
3294794	16812032
9046766	67133440
74618534	4295000576
29352170	67141696
43441310	4311744513
3643742	67141633
21495494	524801
43366466	83918848
53408198	2147745808
37347194	196610
6027734	4311744513
81720938	524298
44892182	578
44276258	1073774593
22040138	1610612992
79191794	1140883456
4032542	32786
49555190	1085440
64791938	1610612992
11731430	1610613248
69109886	4353
131582	134250497
20199170	1610613248
44038118	36865
60116942	24640
7074578	2147520512
18681230	2148008000
27867278	4362600448
16289786	1073746176
3168110	33824
37392878	1610613248
41261114	37376
56216630	1610613248
43206410	67141696
41467826	4311744513
19397918	67108930
49393838	4311744513
64185086	561152
41741282	36865
26616962	327696
1806014	1610612992
34853366	1610613248
68042306	36865
32192354	536871680
48153242	36868
28698338	36865
76131290	1610613248
78119678	1074823168
60519350	1073778688
19951634	671088768
78562586	168
47846738	1610613248
3256886	1074806784
47925470	8392736
2830502	67141633
76420298	2148012032
10471394	1107329024
11587898	1610612992
56092214	1610612992
63033266	1610613248
45316622	1610613248
57390158	2148008000
67356074	36865
74877086	4395630592
77194010	1610613248
12029510	167936
21742382	1073745921
35344550	3221291008
70781726	1610613248
28845434	67108929
75309626	1610612992
58938230	1081345
61249322	37376
69543722	1073762304
28066214	1049344
59330	1085440
2725850	1610613248
59041910	167936
30693206	1610613248
48657062	1610612992
14684042	2147516432
22771406	16781313
3250730	1081345
76774430	36865
40776410	4311744513
417674	134250497
20740898	1610612992
33594950	134225921
5756546	2147520512
6049118	327696
27359894	36865
59025386	2148012032
23346830	134283265
74809694	1074823168
69753350	1074823168
28587854	671088644
50928302	83886081
9916058	1085440
644150	1073778688
61357214	69648
66837350	1085440
19852490	3221258240
6119102	557120
47346482	1610613248
60537494	1073840128
13665710	1073762304
4020878	67141633
899786	4295004160
32897054	1610612992
45067790	16814080
67935062	4362076161
4762190	4294967361
63259418	67108929
60240710	1610612992
1827074	2147520512
49968938	1081348
17426378	1052673
18400646	2147520512
78047102	150995072
25133690	671092736
41388446	671088768
53748398	4311744513
147134	134250497
41749058	36865
3633698	1610613248
42745682	671088768
47176382	2147487760
22508642	4295000320
37419770	16809988
60964526	4294967361
81179858	1073778688
21060686	321
21172466	1610612992
1461602	2148012032
33084650	1610613248
316910	134250752
31983050	538968066
15662846	37376
74014598	2147487746
1577918	561152
68064014	1610613248
1082846	2147520512
16768334	4362076161
37628426	1081348
65172314	4353
29162630	1081348
63338150	671092736
65509598	36865
11746982	40961
50439386	4362076161
61074362	1610612740
44269778	1073745921
1421426	1081348
7978214	40961
39415610	1081345
574814	4328587264
23680874	1610612992
48724778	1610613248
20974826	16809985
467246	1081348
952922	36928
15206654	1610613248
22162934	83886081
20887670	36865
41096198	671088768
12085238	1610612992
75705230	1081348
8530634	1085440
37168994	33281
80603786	1610613248
63318062	2147487745
15349862	1090519041
68723678	37120
49649150	1610612992
80867846	36865
38790614	1081345
62689178	24577
67711826	1610613248
80522786	36866
81491870	2147520512
12309770	1085440
56538362	1081348
77046590	1212416
58744478	4362108928
31211606	557120
59740130	561152
1380602	67141633
61564574	134222336
26556698	1073745921
8357294	1610612992
67604906	2147520512
74801270	32773
23339378	671088768
24336326	67145728
9328646	289
46212158	671088768
43450382	1610612992
4567790	20512
67011338	16781313
2526914	262276
3270494	4395630592
68493314	671088768
65315846	36865
2290718	671088768
41142854	36865
36840782	8425472
51456746	1610613248
8802794	8392705
62531714	2147520512
48795734	36865
4533770	1073745921
21103130	4311744513
34853690	1140850689
67444202	1610613248
10421498	1081348
2513630	2147520512
11525690	1610612992
16625450	16781313
42150170	150995072
50429990	2147520512
43310738	536903684
18482294	4294967361
71168906	1610613248
12965870	67112961
78885614	2147483682
3485954	1610613248
19612406	1610613248
71648102	2147487746
49749266	1082134528
36914978	1073874944
15971618	36865
35744366	67112961
34957046	17301508
74532350	1610613248
69356126	671088768
138386	134250497
4457306	65570
58658618	5368709121
45683390	5435817984
10459730	2147520512
372962	269516800
57405710	1081856
50498354	1610613248
10192106	2147520512
2785790	8425472
42079862	1610612992
4202318	2148012032
75826082	1048582
48863126	53248
65897750	67108936
57347714	671088768
8048198	1610612992
34060862	3221229568
27478154	671092736
18558434	32802
13170962	40961
72838802	1610613248
25250330	1081348
3980378	16809985
46811882	1107296257
16039658	1081345
35271002	167936
28150130	671088768
4667582	1610613248
57850238	1610613248
64101818	67633216
65398790	1610613248
6440834	1107300352
18707474	1610613248
31536254	1081348
29789570	1081348
735842	2147487746
8571134	671088644
31202858	1610613248
77639834	2147520512
44343326	671088768
51351446	1073746176
78024422	1081345
17804486	36865
9110	1073872912
37376354	327681
60319766	83918848
12489914	671088768
6441482	3221229568
33259610	671092736
10134758	67133440
4658186	69634
24008762	2097217
2760842	1081348
52645826	671088768
2740430	1610613248
81273494	36865
72747434	671088768
20860130	294976
45396326	69633
676550	2148012032
26972714	2147647488
39195614	67141664
52742378	32834
47529542	1085440
15407858	536903936
10194698	3221229568
58527398	2147520512
72676802	1610613248
35715854	1610613248
4663046	67141633
81467570	37376
37425926	327681
14056130	1610612992
54254810	1610613248
2127422	1085440
63976430	1074823168
50892986	1073872900
53477858	36866
60458762	1073741830
79164254	3221356544
72346970	1610613248
32749634	8425472
24055418	671088768
5991446	16809985
10481114	16912384
78055850	16814080
28961426	65793
15478490	83918848
39392930	4295000320
59778038	1085440
67715390	8425472
33601754	2147484674
44617754	2147520512
8112674	553648384
30208502	671088644
125102	134250497
79324958	1610613248
62331806	2147520512
12669410	1085440
36124742	32833
76619558	2147520512
61234418	2625536
58069262	37120
37808246	200
18992270	1610613248
80532182	24577
41774654	3221229568
18778430	1073766400
56752526	2147520512
512606	4102
9732350	4311744513
76035710	1610613248
75216314	1610613248
23835098	671088768
32815082	4311744513
68621942	1610613248
29770454	261
24904298	1073778688
59727170	36865
58871162	2148012032
47559674	1610613248
226190	16781313
35140106	1610613248
34128578	1081345
4716182	1085440
54874298	1082163200
46343378	4362076161
76655846	294914
55767566	4162
44749298	1085440
31114082	2147520512
14890430	37120
57717722	4295000128
72881246	1073778688
42924206	36865
15120146	1073778688
69645458	16777281
48402722	1610613248
1017722	40961
31966202	24577
9562898	2147520512
35489702	2147487746
36754922	671088768
39570806	1085440
74833346	16781313
45547310	1074823168
14585222	84410368
52378526	2101312
49457018	1610612992
40766042	1085440
40753082	4311744513
27930134	1610612992
35960798	1610613248
1343342	2147520512
130934	134250497
90434	268568576
40536326	671088768
56481662	36865
64643222	536872964
27757766	1610613248
4241846	1610613248
33675626	2147520512
17947694	150994945
13172906	16809985
38651942	1610613248
2928674	2148012032
38390474	4295000065
72845606	65793
40261898	37376
20772002	5368709121
41869910	2148007952
75326798	1085440
76547630	2147520512
4939742	1081348
53526134	4311744513
8667362	4294971393
36409862	1073778688
55123778	2147553280
17327234	557120
42643946	1610613248
50105666	67112961
26894954	1073778688
67398194	1140883456
28650062	1610613248
66269054	3221356544
51097106	4295004160
24688838	37376
8687450	1610613248
69258278	671088768
12066770	2147520512
71677586	1610613248
46925930	1610613248
61876262	16777219
55780526	33344
24038894	37376
12358694	671088768
19127378	4294967361
7581314	1610613248
25483286	2134016
43783454	8425472
75312542	4311744513
52980518	671088768
27738002	1074266176
55526834	1073762304
80469326	2147520512
51042350	36866
55270874	37376
53910074	2147520512
30723338	1610613248
58947626	2147520512
43334066	671092736
54491006	1610613248
54711650	17305600
4964690	67141634
53755202	1610613248
12569294	134221825
20381258	1610613248
43232330	2147520512
52818194	67112961
41506706	4296015873
23532806	150994945
2902754	150995072
60543002	1157627904
3537470	1081345
25259078	36865
81487982	1085440
910478	1085440
74372618	1073745921
76092086	1073778688
41280878	67141633
14264462	1610613248
33377870	4311744513
72526466	4311744513
58966094	671088768
17088770	36865
77237750	36865
35940386	4294967361
56946278	1085440
73296614	800
14464046	1074069504
15985874	671088644
58040750	327696
68025134	1610613248
322418	578
21175382	1610612992
62622758	16809985
26422562	57344
5356406	4311744513
72723134	1610613248
33539222	201326593
38448470	36866
51753206	17301568
78601466	5435817984
49979954	1610612992
2512658	67108929
76089818	1081408
44420114	2147487760
11605394	1610613248
66280394	1081348
19278686	36866
26122862	2147520512
45518150	4353
74653202	134221952
52845410	17301568
40575854	16781314
11665982	524354
14831786	671088768
52931270	32864
43760774	1610613248
47664650	1610613248
74603954	4362108928
23579138	134283265
26458526	36865
46875062	16801792
33392774	67112961
76063250	1610613248
10880930	1610613248
43457510	1610613248
25175810	1610613248
30046826	4362108928
3332702	65793
71202926	4311744513
23510450	1610612992
74845658	3221356544
46645994	1610612992
43412474	2134016
59255426	1610613248
2630	134283265
57012374	2147520512
41613626	3221229568
35861654	2147520512
29956430	1610612992
40908926	671088768
2845082	83886081
18534134	524354
69714146	1610613248
43101434	24580
81229430	1081348
49999070	671088768
41624966	36866
769214	1081348
60388454	1212416
61746014	1610613248
77787254	1610613248
106634	67141633
51910346	36865
409898	4362076161
24226814	671088896
77886722	4395630592
40668842	671088768
36432218	1073745921
992774	17858560
55602326	1085440
68747006	4311744513
19684658	201326593
19676558	1107329024
49736306	8425472
51544550	37120
63607718	4102
34870214	4362108928
50452022	671088768
39394550	101711872
15802490	83886081
30107738	2147520512
58638206	1073778688
20303822	32834
951950	4329570304
1808282	557120
40541510	32833
31976246	1610612992
43796738	5368741888
43744250	1085440
77768462	167936
23553866	671088768
60792806	67113024
803558	536871170
4239902	36865
6300866	134217738
58966742	1081348
8792426	1081345
30315422	1610613248
16766714	98305
66222074	67141633
49626470	57344
8435702	1610613248
73315082	101711872
74996966	1085440
34797962	4226
41531006	1081345
58671578	1074823168
2659106	4296048640
33686318	4130
5662262	3221225728
3853046	1074823168
13785590	67141633
6018662	4295000068
78962078	6509559808
73834130	671088768
44172578	1081348
65791802	1610613248
26288102	65553
61891166	4311777280
59797478	1610613248
67068686	67145728
87842	28672
166250	4429185025
33668174	4311744513
17708258	1610613248
70798574	4311744513
75168686	8392960
44845202	28672
22080314	67141664
32085758	1048610
43323698	65553
37479062	1610613248
49950470	1610613248
58049174	561152
54702902	196624
62266034	135299072
61747958	32833
18837722	1610612992
31811330	2147520512
1645634	2147520512
27583778	1610613248
2658458	134217864
41158082	1610613248
46207298	4362076161
9491618	134283266
39037502	2180
50664890	1085440
51355982	1610613248
65785970	2147520512
71123222	4311744513
66201338	2147487745
49832534	4362076164
44456726	4362108928
21067814	134217731
70576310	2147618816
156206	1085440
75952766	5368741888
44139530	1085440
65294138	17301568
28926434	4311744513
2299790	1610613248
12174014	2147487746
3599030	671088644
17641514	33554438
50582	150995072
60279914	2147520512
62719958	2147487745
3501506	1141374976
32192030	1610613248
27317450	2147520512
10192754	1073774593
18965054	772
59796506	1610613248
9498098	3221229568
62425442	1610613248
30343934	4311744513
74409878	134217762
19238834	4102
37243514	2147520512
17985602	1073741858
34096826	75497473
24970070	1073876992
8371550	2164391936
57316610	671088768
2721962	33296
13837430	1085440
27602570	2147487760
57512306	4311744513
51998798	5368713216
38049626	1073746176
18479378	1140883456
41062178	4295000065
36285446	2148012032
70295726	2181070848
6357890	4295000065
14582954	1610613248
55822970	135266308
39945998	1073778688
70931414	37120
45140690	524354
63076034	2147487745
408602	4362076161
24618206	1610613248
10725086	1610613248
20925578	1610612992
49744082	2147487746
78916718	66576
58013534	1090551808
65080622	67141633
75790118	2147581952
35457302	67141633
25018346	36865
36192134	2147749888
69201902	671088641
69730670	150994948
57997982	1610613248
74999558	1073778688
6690962	2147483682
13539674	2147520512
14052566	671088768
46798598	671088644
77989106	137216
43355450	2147520512
28396694	1081345
30682190	67145728
62370038	8421378
46585406	57344
15335930	33536
28792946	24577
33220082	1140883456
7018850	2148012032
52428746	1610613248
662942	16809985
56863334	1073778688
22385198	4102
75601226	4295004160
57335402	671088768
11759294	4311744513
63246782	1610613248
24143546	134283265
81178238	24580
3808982	1073778688
2380466	32833
18302474	57344
67057346	2147520512
53720858	167936
61000166	536907776
25293422	67141634
59467646	1085440
77287646	1610613248
3676142	1073745921
61357862	32833
37410050	4311744513
79373882	8392706
12324350	2625536
43938326	1081348
25709114	1610613248
54533450	671088768
78095054	1610613248
25365674	1085440
37115210	1081348
81281918	67133440
21588158	671088768
74984006	16912384
44550038	2147520512
71694110	134217731
38250830	1073778688
26709950	1085440
43458806	2164260880
11313794	4362076161
2733950	536870918
55659998	1610613248
21215234	67141633
60062186	67141633
22944746	28672
3431198	1081348
59510414	1073745921
70799222	83918848
26823026	135266308
78939722	1081348
62361938	1082134528
1579862	1610613248
73126514	671088768
39844910	4295000065
36037586	83886081
78156290	1140883456
23741462	83886081
61391234	1610612992
33929966	3221229568
64990226	4295000065
42824738	671088768
59626730	1610612992
7090778	16809986
5639906	36865
5580290	32864
46299314	1610613248
58347254	8400896
30938474	4311744513
32786894	37376
18573986	2147520512
78575546	2147520512
17696918	83886081
18631658	1074823168
60126986	2147520512
16467338	135266308
68482298	1141374976
81665858	3221229568
355466	67
18615782	150994945
73725590	1073745921
10494074	3229614080
13891214	1610613248
20631386	25088
12421226	671088768
6077306	1610616832
2439110	1081348
615314	1085440
10102682	1610613248
52698314	1074266176
21168902	16809985
80191334	2147520512
32681918	28672
37368254	196610
80410358	16814080
65206658	67633216
18407774	134250497
23334194	83886081
10141886	1085440
19231706	4303388672
52015970	8392706
15332690	70
44427566	1610613248
8556230	1085440
24954194	67633153
2755982	67141633
23629034	201326593
36230042	4610
49810502	135266308
5122802	4130
40081754	4362076161
26911478	1610613248
39911330	555745280
57700550	134217860
65763938	67633153
48047618	1073774593
4571030	35
57236258	3221229568
38885222	68190208
19937054	1610612992
311078	16809985
46206326	1610613248
78836690	671088768
65081270	1085440
50059658	150994945
66844478	671088644
63218	1115136
64063262	1081348
3605834	2147520512
19661654	2147487760
28023770	1081348
19399538	1610612992
30271358	83918848
41651210	1610612992
25009922	25198592
67671002	4311744513
63141158	67112961
24021398	2147549185
73190666	16777282
42788450	4362076161
32346902	134254592
423506	167936
79307138	2147581952
30533474	553648384
62706026	67145728
47873954	1610613248
81203186	4362108928
71800058	1610613248
15542642	135266308
29804798	4295000065
6210146	1610613248
14332502	2155876352
62573186	1085440
1943066	4296048640
26111846	1610613248
30102230	75497473
19662626	2101249
6020282	1610613248
7863194	1074266176
12312362	98
28017614	36865
637346	1085440
79368698	2147520512
78871682	36865
1690346	36865
5578994	2147520512
81380414	16809985
63209198	2147618816
36737102	561152
40219454	1081348
25453802	201326593
10701434	1074823168
44311898	800
72475922	4311744513
30743426	671088644
27155450	134217733
4801394	4429185025
47811098	2147520512
26657462	32802
25328090	150994945
2139410	671088768
25895738	36866
9017282	1082163200
49010870	67133440
42568778	671088768
27907778	1610613248
449426	1610613248
31864466	2148012032
62335694	83918848
55988858	1610613248
25005062	1610612992
6606722	1610613248
63736994	1610613248
31229102	3221229568
81479558	2147520512
3513170	2147483682
19152650	1207959680
59027654	1610613248
72530678	1074008064
44858486	2147520512
53911046	75497473
25423346	4130
16724918	561152
43231682	2147778560
77317454	1140850689
32080898	34078784
14317598	36865
22047266	671088768
70957658	136318976
876134	1074266176
50448782	671088768
6098042	800
12347678	671088644
78944906	671088768
8756462	557120
34410782	67141633
71101514	4329046016
10820666	2147483682
5400794	4295000320
49546442	2147520512
19381070	4328554496
40848014	16777282
10519346	1610613248
34898402	67112961
47626418	37376
78091490	4311744513
4016018	136318976
69847958	537919492
71263190	32774
5710538	83886081
55956458	9469952
56982242	1610613248
34347278	671088644
55871894	2147487760
63167402	1610613248
63314822	36865
20058554	67108929
43302638	2147520512
27598034	671088768
21456938	2147487746
37969274	4130
41370302	36865
38876474	671088768
78793274	1073774656
13564298	1073778688
81347366	1610613248
24537206	2147520512
241742	327684
40821122	1610612992
33868406	24577
15092282	67141633
21551546	1610612992
62955830	1082134528
50929922	1610613248
56418806	3221356544
60312638	1610613248
76378502	1074823168
12178226	671088768
47342594	5435817984
47404154	671088768
13227662	2147553280
25940774	2147520512
59733650	4311744513
3677438	2147487746
50029850	1082163200
44961518	32802
35839622	268568576
11354942	1048582
24803534	1610613248
56027414	4362076161
1956350	16844800
50179862	1610613248
31880342	1073746432
60473666	1610613248
41214782	1074823168
23518226	35
77865014	671088768
11238950	4311744513
28639046	83886081
51318722	1085440
77469086	4295000065
42787478	2147520512
44912918	1610612992
8343686	67108929
78769298	2147749888
63586334	2148012032
12190214	671088768
9415478	2147520512
46815446	1610612992
48672614	2147520512
58187198	67141633
41062502	3221229568
16907654	1610612992
38511326	1073876992
74601362	4362076161
8643710	16809985
60152258	1085440
49628414	83886081
79592258	1610613248
2835362	4294967361
50527190	4362108928
4254806	1030
11545130	1610613248
45504218	83886081
12684962	9220
11627426	1610612992
17987222	1610612992
13021274	1610613248
27952814	17334272
44119118	671088768
21279386	4328554496
61583042	150994945
4563578	2147520512
53199218	150995072
41677130	69634
61390586	1610613248
56551322	37376
70925582	37120
24478562	1610613248
2944550	1610612992
16985738	3221258240
29650250	1090519041
30746666	36865
26732306	3221291008
47062010	36865
39962522	4311744513
64359074	2147520512
2683082	2147549185
46988462	4099
26555078	2147520512
33867434	2147520512
65576342	1085440
74930222	16814080
41326562	28672
23895038	1610613248
533342	16908304
3792782	2101250
30726578	4311744513
30164438	83918848
545654	4311744513
35226290	536871680
25854914	2147553280
54778718	36865
31233962	2147520512
11755082	671088768
22143494	1081348
51652442	70
77615534	2147520512
28373690	2147520512
13232198	1610612992
18870122	150994945
62983046	2147520512
77727314	6442451008
3704330	1085440
30220814	16777250
71825978	1073741857
14359718	4311744513
64613738	671088768
1843922	327696
56890550	36865
13036178	4295000576
43492178	8425472
22266938	4311744513
36873830	67108870
14533382	671088644
57063242	1107329024
43297454	36896
29902322	2129921
6611582	1073745921
63875018	8392706
37379270	196610
16454054	135266308
54196814	1085440
81082658	1610613248
49810178	2164264960
47097650	36865
2533718	83918848
44047190	1074823168
68006990	4311744513
55286102	671088644
15568562	83886081
53745482	1073741860
76846358	1140883456
20850410	561152
837578	17301568
80737598	2147520512
34341446	2148012032
14257010	672137216
41502494	67112961
80621282	561152
46438310	671088768
44533838	2147487746
64650674	16809985
4898918	36865
31924406	1082134528
34960934	2148012032
65946350	1610613248
23622554	671088644
33993470	671088768
47313758	5368741888
35983154	671092736
19148114	1073746176
48936026	4362076161
51106178	4362108928
74517770	4362108928
79385870	134254592
1022582	83886081
41891942	8388641
5133170	17301568
41866994	4295000065
29012618	4311744513
19553114	2147495936
42064958	5435817984
49644614	67145728
59019878	671088768
4502342	671088768
15589298	2148012032
51094190	4311744513
2112842	1085440
38736830	196610
54073694	1074823168
72050834	2147553280
76190258	2147520512
38348678	67141633
22018754	1610613248
34305158	1085440
16168286	2147520512
18432074	32833
34256558	65602
49243178	135266308
3693962	67108867
44244506	1073774593
20464850	4362108928
23527946	561152
50364866	1085440
55470458	201326593
49313810	37376
25930730	671088768
37097390	67108897
61129118	1073778688
40627046	671088768
33137138	2147487746
19225550	4099
39948914	1082163200
23192282	1610613248
67208978	36865
49155374	68190208
31148426	2147520512
31030490	4362076161
31154582	1073746176
38987282	590848
59199698	37120
69285170	2134016
27315506	67141633
50195090	1073746176
26273522	1081348
9568406	83886081
25694858	671088644
64792262	4362108928
71826950	1085440
42482	135299072
73018946	57344
55631162	1610613248
79535882	4362108928
1278542	2148007938
3085490	1048836
66719738	2147520512
4453742	4295000065
2849618	1073778688
61367258	36865
65810594	1081348
62661638	1085440
21144926	1610613248
67748114	1610612992
23002418	134217733
65773010	1610613248
78952358	1610613248
36281234	536871170
51996530	561152
39571454	1610613248
53605838	37376
37237358	4311744513
36276050	36865
51235130	2147520512
22917854	1085440
30019286	201326593
29655758	1073766400
65182682	4311744513
76894634	36865
5385242	268568576
11928098	1610613248
22348262	1085440
40201310	2147520512
45155594	4429185025
61382486	2147520512
55226486	1610612992
46926578	134479873
11106434	1074823168
61869458	36866
54892442	67108867
69530438	4362108928
15002210	4362108928
25272362	67141634
62798690	1610613248
2920898	131344
36833978	83918848
15657338	33619970
8614226	1610613248
10212194	3222274048
70425002	36865
42087962	1610613248
51598658	1081345
67362554	671088641
13246454	1610612992
901406	67141633
77897414	1610613248
42605390	36865
44384798	2147487746
63725978	1081348
11363690	1082134528
63022574	67145728
54499106	134283265
77806370	32833
4622546	36866
54199730	524354
22945718	83886081
17012954	83886081
42412934	1610613248
10768502	1081345
46955738	671088768
63590546	1081345
167546	40961
14047382	1610613248
55976546	331776
34949594	1107329024
17606846	553648384
61761566	1610613248
19302662	1610613248
18236702	1610613248
71432318	201326593
18764498	1610613248
6493322	16809985
64474418	2181042176
57767618	671088644
60360914	4311744513
47079182	1610613248
40777382	83918848
60555314	3221229568
16124222	1085440
63428222	2147483654
48401102	1610613248
21251522	1610613248
27293474	28672
80313158	2147487746
22687166	3221229568
16858082	1073778688
28345178	671088768
21298826	327696
44463206	671088768
66403514	16809985
75893150	69648
64618274	3221229568
28951706	4429185025
61149206	2147520512
71993486	36865
12033398	1610613248
60069314	537133060
39711422	1610612992
61576238	16781313
27016130	150995072
23266478	671088768
33710294	2147483682
56325170	2147520512
48883214	1610613248
65226422	28672
42528602	1081348
155558	1085440
70469066	36865
53638238	1610612992
68929094	1610613248
4981862	536871680
50435498	1057024
54854858	1610613248
34844618	1610613248
681734	4130
75987110	1074823168
67826846	671088768
2300438	1610613248
9764102	1610613248
32816054	4311744513
65738990	16809986
75802430	1610613248
44029694	67108874
50051234	2147520512
52686002	1085440
69614030	36880
1122050	36866
59583962	671088644
45264134	2147487760
63114590	2147553280
24092030	4294983681
47219474	4610
28301438	16777282
7920218	4295004160
58804418	57344
20309006	1610613248
956486	262210
66476090	2147553280
63996518	1610613248
71457590	1610613248
37929746	8392705
56072774	4102
14534354	671088644
27827102	4295000320
55638290	1610613248
65194670	1074823168
6063374	2147520512
65939222	557120
20712710	201326593
48358658	2147520512
24059954	36880
46306442	134283265
72269534	4295524352
20790146	100696064
25017050	1073745921
10207658	1074823168
164306	8197
69552470	4429185025
14755646	150994945
63121070	1073766400
28630622	1610613248
32576294	1610613248
32215034	1610612992
41758454	4362108928
12947402	327696
45248258	2147520512
20675126	67141633
49868174	67141633
62488298	4362108928
39797930	1610613248
58101014	16809985
2183474	1610613248
43251122	671088768
53595794	36865
54480638	4303360000
23800430	1610613248
22436390	114688
74138690	3221291008
67543670	1081345
34230638	1610613248
64107650	17301568
3108818	40961
44727266	2147520512
66732698	1610613248
15840398	1610612992
80541902	1610613248
51229298	671088768
116030	67141633
65613926	4294967301
37125902	1081348
66632258	135266308
77885750	1610613248
29088110	5435817984
48618830	8425472
3633374	4311744513
6111974	2147520512
38281934	1085440
15662522	5377097728
63609014	3221258240
9512030	83886081
30474830	553648384
29946710	17334272
42365306	1610612992
77087090	1610613248
7355486	671088768
34610690	1090519041
2377550	4362108928
68020598	8425472
31357406	98320
21089846	1610613248
43928282	67182592
57549242	2147487745
8102306	8425472
40040606	24577
21998666	150994945
6628754	2148012032
58232882	2147520512
74885186	4311744513
24430934	150994945
136118	67141633
20546174	4311744513
9441074	1073745921
78882374	1610613248
61048442	1610613248
36352838	1610613248
53238098	137216
33469562	1610613248
50806154	671088768
57385298	2147520512
38352890	67141633
7201586	671088768
8760026	16801792
42120686	1081345
12482138	671092736
10782758	1610613248
55321094	36865
58308050	1610613248
73768358	1610613248
53171678	53248
40048058	70
68859758	4295000065
33194810	57344
70179734	1107329024
18172874	4329046016
44371190	53248
60800906	327681
18522794	4311744513
55612370	1081348
27323282	4295004160
79118246	1610613248
14201606	1610613248
8655698	67141634
67964546	83918848
39354050	4295000065
46344026	16797696
14100842	1085440
50568986	1610613248
38254394	4311744513
4843514	134250497
51067298	16777250
59891438	75530240
80995502	32773
60746150	1085440
1895762	4294971393
20423702	1085440
8082218	327696
38194130	536871170
64733294	83886081
49922930	1085440
53239718	2147520512
8661530	5368741888
26669774	28672
43778	135299072
77991374	5368741888
31266038	1081348
12666494	671088644
30899270	1073745921
67979126	671088768
59335778	4362108928
36833006	1073778688
69932198	5435817984
63489782	561152
2607914	1610612992
35657858	2147520512
32239982	671088768
36157466	1610613248
11955638	67108870
61137218	536903684
44573042	671088768
24021722	671088768
19171442	69648
5700170	3221229568
34680674	32834
68709422	1610613248
43668434	671088768
46275014	1073807872
6790754	36865
37077302	1074823168
41865374	4295000065
35982506	1081348
5162330	671088768
62528150	331776
26487038	1610613248
71867126	4328554496
78889826	5368713216
33460490	4429185025
766298	83886081
43520690	135266308
56680922	36865
46935974	1085440
53634998	2147487745
771806	4362076161
9380810	4295229441
58076390	1610613248
65963846	143360
80385086	1085440
12731294	4311744513
62745554	5435817984
19976906	1610613248
69478274	1610613248
48303578	1610613248
10041770	16809985
43964246	2147749888
22254302	32833
37579826	1610613248
64579718	1085440
27008030	671088644
22727018	671088768
5362562	4362076161
40996406	4311744513
23751182	4311744513
60892598	1610613248
17989814	2147520512
55589690	671088768
19091738	2147520512
64464374	1610613248
33663638	1610613248
76727774	134479876
74235890	4429185025
18038414	1610613248
12372302	671088768
16995458	1610612992
34206662	1610613248
48361250	1074823168
46499870	17301568
10591274	1610613248
2145890	100696064
63114914	2147520512
79870250	2147520512
35756030	67141633
44580818	4395630592
76970450	3221229568
19110854	1610613248
36437402	1610613248
50404394	67158016
67529414	4311744513
70712714	1610613248
9264170	4362076224
28040942	671088641
44042006	2147520512
720614	578
21880082	17305600
54462494	671088768
74304254	2147520512
50595878	4362108928
29176238	1085440
65079326	3221229568
45227846	1058
42145310	671088768
1102934	327696
27622982	167936
14802950	1140850689
77899682	32834
24647690	2164264960
32812166	8392736
9199046	2147553280
22975526	8392705
11314442	32833
26675282	1081345
19916318	150994945
34238090	671088768
39042362	135266308
33679838	671088644
4936178	17301568
2901134	524297
36067070	671088768
6267170	1610613248
11046170	1085440
296174	2625536
69441338	4295000320
69028886	1081348
63971570	1140854784
12766286	36866
77831318	32833
3233234	1610613248
4539602	1610613248
33945194	1081348
47087282	671088768
1906130	4295000576
16895018	327696
2371394	2147520512
30969578	67108929
75164798	36865
33175046	67108867
18917750	83886081
60010346	1610613248
36736454	1081348
28381466	1610613248
39493046	1610613248
17389118	150994945
59616038	32833
63302834	4102
39688418	1610613248
76129994	1610613248
75452186	16912384
52046102	671088641
18845174	5368709632
58496294	1610613248
32644658	2147520512
2498726	327696
62898482	2147581952
48619802	671088768
42027374	1610613248
41510	135266308
5017502	4311744513
26305274	4328587264
56467082	2625536
5545946	1085440
51510854	1074823168
62475662	67109124
52831802	4295004160
72564374	37376
36770150	327681
71752754	5368741888
3771074	134217860
39772982	1107296768
67451978	1610613248
27341426	4099
24733874	1610613248
22676798	1610613248
13719494	1610612992
66044522	37120
76141010	1073778688
62290334	1081348
46398134	671088768
25195574	2684358656
69961682	32833
63988094	1073766400
20194310	8392705
33174398	4295000065
31366802	1610613248
46844282	4362076161
18596990	1085440
13470014	3221229568
69344786	4362108928
73750862	4295004160
6690638	16781313
77153510	4362338304
41528738	57344
51090302	8392736
25774886	83918848
46768790	1081345
85898	1082163200
16217534	1610613248
48847898	4102
46317782	1610612992
50378798	4161
22592234	57344
60307454	2147520512
7329566	2147520512
43571882	8425472
36759458	36865
53546546	1085440
61986098	36865
79126994	671088768
40995110	32864
62358374	3221229568
41103650	67141633
1014158	16809985
28556426	1074823168
69535298	2147520512
35894378	37120
39565622	37376
6823478	4311744513
20070218	201326593
50036654	1085440
30872702	83886081
10438346	4311744513
20708174	150994945
31245302	2147483682
18801110	83886081
56422694	671088768
21301742	1610613248
47563562	331776
68429486	134221826
51642398	16781344
21670130	150994945
65667062	36865
43638950	1082134528
68655638	2147520512
81528482	1074823168
15441554	4362108928
61464134	4328554496
13242890	1610613248
9129710	65793
8920730	1610613248
31141622	1073775104
70651154	1610613248
7981454	1081348
16306310	1610612992
81050258	1073778688
34971950	4384
70702670	1140883456
30022202	4311744513
15473954	1610613248
39181682	327682
67348298	36865
9788078	37376
4904426	327681
62081678	1107329024
1419806	4362108928
73082126	1610613248
33175694	150994945
50294882	2147516418
202538	2134016
39244214	1610612992
60286394	1610612992
11236034	83886081
64288766	1073778688
3745478	2129921
32759030	3221229568
46407206	32802
35212034	167936
80380874	1610613248
53833286	4429185025
57239498	1073778688
39420146	1085440
33639986	671088768
74750726	1081345
45498062	16809985
24533642	83886081
7219730	1610612992
33262850	561152
65576018	1081345
2983430	557120
32632022	671088644
56657918	1610613248
77789198	67112961
5693042	1074823168
76172438	671088768
11678618	40961
33793886	1610613248
31693718	16814080
3472022	671088644
331490	32834
33046418	67141633
81349310	1081345
66285578	135266308
51623930	671088768
67968434	36865
46808318	2147483682
70540022	1073745922
53048234	4311744513
39050462	2147520512
50826566	201326593
42797198	150994945
76784798	3221229568
78610538	102400
55983350	3221229568
60794102	32833
33535658	4130
177590	1610613248
52421942	4296048640
53492114	36865
78994478	24580
63966386	2147520512
47153054	1610613248
21849626	8425472
52526270	1085440
56591174	1610613248
26841818	4362080256
4450502	1610613248
49309274	1610613248
1037486	83886081
19968482	1085440
71472494	2147487746
30284966	28672
72677450	1085440
80692562	671092736
63683858	67141633
12411506	671088768
77409146	16912384
13922642	67112961
28557074	2148012032
22120166	1073774593
81255026	1073778688
22830374	67141633
64516538	167936
63055622	1610613248
40136834	4295004160
49271042	1610612992
80236370	9453568
77887694	32833
941582	135299072
35820506	4295000065
11202986	167936
63691634	4362076161
4236662	4328554496
52393106	671088644
72584462	671088768
5399174	4395630592
73320266	2147520512
49123298	36865
45438770	2147520512
80540606	33587712
81585830	4311744513
2885582	36865
5447126	45056
58607426	1140850689
58190438	37376
44090930	67142144
17584814	28672
58149614	1081345
25514390	1610613248
34676462	1081345
52353254	4295000065
49644938	134217733
56135306	1610612992
61264550	1085440
42993866	16801792
58463570	4328554496
73260002	1610613248
58121750	524306
45440066	2147520512
42083750	1610612992
6893786	1610613248
52180238	1610613248
2453690	201326593
51066974	1610612992
71453054	2147520512
19601714	8425472
20155430	17334272
14849282	1074823168
74890370	671088768
41175902	68190208
29550782	150994945
81387218	2147647488
27639830	1610613248
69461750	1081348
78719078	1085440
62578694	24580
40561922	4294971393
77463578	1081345
21843146	16809985
18177086	1140850689
38336690	36866
71445278	1082134528
59893058	1610613248
40420334	1610613248
79672934	1081348
30671174	67112962
57030194	561152
81117002	671088768
43586462	36865
62962958	36865
52771538	1082163200
3260126	3221229568
66612818	16781313
19318862	4295004160
51060818	4362108928
1242254	1610612992
78021182	2147520512
24296474	327681
26550866	5402263552
71382422	134217734
81458174	3221241856
38475038	1610613248
30243170	134217733
37989686	16777222
18324506	561152
10653158	2134016
23689946	671088768
11955314	201326593
33254102	1610613248
24928922	2147520512
48304874	1085440
51926546	1610613248
11676026	3221229568
48494414	524322
12670706	83886081
29190494	4362076161
5352518	4311744513
50714462	36865
1384166	1610612992
1359866	1085440
12904310	671088644
78634514	36865
32305430	37376
63288578	2164264960
40838294	1610612992
3227402	2148012032
34391990	8392736
40812374	16781313
64179902	1073778688
860258	36865
72572798	2147520512
20083826	67158016
19088822	150994945
71473466	1085440
74963918	5435817984
67860218	671088768
1429850	50
16453730	135266308
54922898	536875264
37701650	1610613248
19386254	37376
40697678	1081345
47886914	32802
47779346	5368741888
48624986	38
12176282	671088768
36830414	2147487746
54253190	2147520512
12829142	4102
35030594	3221229568
53896790	3221229568
40557386	135299072
59263850	2148012032
27527078	2134016
28328330	2147520512
70794362	36865
37693226	1085440
57549566	4362076161
26721938	561152
36072578	1610613248
60545270	1081348
31538522	2148012032
6389318	1073745921
19871282	1085440
79903946	8425472
1169678	1085440
50897846	1073746048
31557962	1610612992
1913582	671088768
72752294	671088768
11835758	1081348
24538502	1610613248
68036798	4362108928
52177970	32833
4334186	1610612992
2896274	40961
31911770	5435817984
1137278	36896
23245094	16809985
38672354	24577
41857274	8425472
13150550	65793
19056746	1610613248
79184018	1073745921
43449086	4311744513
47491310	16809986
80730146	3221291008
67134134	1082134528
80882426	1073775104
26284538	4295102464
21864530	4311744513
72921746	2164262912
73362062	83918848
32205962	37376
63696170	4311744513
912422	4161
4283642	671088768
79796378	2147618816
41754242	4362076161
24844034	1085440
79740974	4295000576
45654554	671092736
2238230	4362108928
68685122	16793601
22496006	36866
52734278	4295004160
64523666	16814080
29052470	1073778688
80044886	1610613248
16477058	135266308
26919902	1610613248
50387222	2147520512
12188918	671092736
58404278	1058
75425942	1081345
27248114	1073745921
70508270	1073778688
40146554	671088768
53891930	1610613248
10290278	32834
31150370	1085440
47483534	671088768
30295658	70
37380242	196610
37655642	4311744513
72164882	4362108928
24203486	4295000065
6427874	134283265
35113862	671088768
2836982	671088768
70017086	1073766400
37458974	1081345
13354670	32833
59554478	1140883456
3869894	4099
56770022	2625536
72137990	1073775104
32873402	671088768
3801854	36896
68319974	1081345
59978	1085440
71351966	1085440
48628874	57344
29626922	1610612992
39529010	150994945
80372126	1081345
6839354	524548
3955754	2147520512
27157718	1090551808
50764034	65553
55132202	24608
24544658	1610613248
28321526	36865
4399634	4612
4881098	262147
39097118	1610613248
32194298	1090535424
50164310	671092736
21257678	1610613248
79351526	4294971456
38580014	36865
52626386	800
69871934	4362108928
70679666	1610613248
53438330	1610613248
20890586	3221229568
10533278	1610613248
60756842	671088768
55823294	561152
52403798	577
73351046	5435817984
10370306	1081348
68004074	1610613248
61062374	2147487746
48534590	671088644
53410790	4311744513
5509334	68190208
69232682	67141664
27654734	4311744513
36284798	4362076161
179858	1610612992
73169930	5435817984
25455098	671088768
8051762	1610613248
4201022	327696
71372378	67141696
75296990	1074823168
20075726	4311744513
41539106	671088644
71856434	2147520512
75019646	67141633
54051986	4362076161
21418706	536907776
53341778	1610612992
80725610	33591296
41800898	16809985
3520946	1610613248
50986622	1074003969
19149410	83886081
76110554	36865
362594	134217733
56547434	2147811328
77249738	1081345
47222390	67141888
15790826	83886081
63706214	1610613248
25390946	1082261504
39254906	2147520512
60115970	4362108928
31019798	671088644
31077470	536903684
32986154	16809985
5288690	1085440
54496514	2147520512
35821478	4295000065
42818582	671088768
1651142	2147487746
35226938	1085440
39109754	196610
11295002	1610613248
21822086	4311744513
10688474	134250497
29566334	4311744513
57651950	1081348
42406778	8425472
34547186	4295000065
75800162	3221229568
8529014	1610613248
68635550	4362108928
1373150	1085440
34263362	1610612992
71443010	5435817984
79586102	1610613248
50033414	2147520512
32377682	4311744513
4295306	1610613248
12425762	671092736
71917994	528416
1299926	3221225474
66405458	1610612992
128666	134250497
25366970	1048582
895574	135299072
27084170	4311744513
30860066	2148007938
60995306	1610612992
665858	2701131776
69417038	1610613248
57326006	671088768
62947730	1074823168
41511242	4295000065
64299782	67108929
18160562	4362076161
75000206	3221229568
31541114	36865
10063478	4362076161
76454318	671088768
24440330	20481
2863226	1085440
22178162	1081348
15926258	16785409
3698498	4328521729
34562414	1610612992
26630246	1073778688
64121582	1610612992
17060258	1610613248
16470578	135266308
36413426	150994945
1311590	9568256
3469430	2147487746
80561666	671088768
37353350	196610
62178554	8392705
42862970	327696
22407230	32833
36386534	671092736
74900738	1610613248
9351650	1610613248
33992498	671088768
1278218	1610613248
24651578	1073774593
79545602	1610612992
11013122	4311744513
71524334	1085440
10738370	1081345
12420578	4362108928
5605886	1610613248
26491898	57344
6183254	4362076161
28383086	36865
67435130	8425472
44388038	32802
16255766	5435817984
15430214	1610613248
51664106	201326593
30353330	1610613248
48949634	135299072
16340330	134221825
60315554	67108929
11555498	8425472
68671514	671088768
38313686	4311744513
31046366	1081348
8178446	1610613248
37117154	4362076161
66932282	545259776
51880538	36865
29485658	40964
40810754	32773
25009274	671088768
10678430	1610613248
63160922	16912384
69128678	1610613248
929270	4311744513
28008866	2147487746
36984962	1073746176
37899614	4311744513
67187918	1085440
54685406	4311744513
67303262	1074270208
12086858	1073766400
68050082	295168
2164358	1085440
51866930	1610613248
8894162	67108929
44365682	4311744513
62246594	2147520512
4455038	1610612992
65723114	1610613248
23391218	2148012032
4491326	2147520512
63947270	1082163200
3937286	1610613248
192818	1081348
70426622	1610613248
71232734	4311744513
77100050	2147553280
16218830	75497473
48715382	98305
75428210	4311744513
47481590	6442455040
33634802	67145728
49464794	671088644
33497102	1085440
6743450	33587201
35335802	16779520
72820658	83886081
52680170	1085440
29884178	134217888
50809718	1073778688
73330958	1610613248
36302618	671088768
55943174	1610613248
26295878	4362076161
52971770	16809985
12617570	4966055936
51309002	671088644
6378626	67141633
29873162	134221825
5192786	150994945
100478	1610612992
15056642	4311744513
56553266	36865
51101642	1074823168
74388818	67141633
27242282	83886081
74384282	1073745921
30426878	135299072
69469850	1610612992
9097958	1610612992
16907978	1610613248
4969226	6442455040
13412666	196610
39665090	1074823168
57228806	671088768
68079566	4106
73436258	2147520512
77979062	167936
28249274	4328554496
37437590	17301568
5015882	1610613248
63457058	1610613248
81005870	1081348
52324094	1140883456
36428006	1081348
63613874	16418
48564074	4311744513
53505722	1610613248
57650978	1081348
30371798	4353
17726078	1085440
57432278	1085440
26770862	4295004160
71399270	537133057
3251378	671088768
8571458	36896
78784850	37376
35363990	4311744513
80362730	1081348
42477734	2147520512
79554998	16809986
25955678	327696
53496650	1073778688
1905158	1073745921
50001338	1610613248
9805898	2147618816
22338218	16781313
26427098	4395630592
4340666	4429185028
46911674	36866
78811094	2148012032
61849046	1085440
45254090	1052676
56701982	1610613248
3032354	2147520512
15240350	4311744513
33173750	8425472
61171562	1610612992
64616654	36865
28820810	67108897
30864278	671088768
5838842	2147622912
79629518	2147520512
27985538	57344
63719822	34611200
37834490	4311744513
1012538	32802
40429082	83886081
54307298	671092736
12417014	1610613248
81420590	1081348
69464990	671092736
1944686	4162
81202214	2147487745
427070	2164264960
1508582	1610613248
47072054	1085440
22096190	671088768
47731394	32836
6581450	1610613248
65643410	143360
20744138	1610612992
69392090	134217858
30181286	77824
64273862	36865
70761962	671088768
29554346	201326593
17715062	98305
57418346	536907776
3853694	2147487746
51896414	1058
40378214	1049604
47735282	1610613248
74478890	16777792
78535046	2147520512
22184318	671088768
71223986	4295000065
27991694	83886081
28959158	1610612992
3696230	1081345
37345574	196610
48374534	4328521729
11771282	16809985
80528942	524354
14042522	137216
75870470	673185792
75084770	2147520512
2671094	1081348
74712494	150995072
23449862	4311744513
5338910	1610613248
9836678	1610613248
91730	134250497
32489786	1081345
73309250	1610613248
78074966	167936
285482	135266308
31037942	5368741888
33263498	2625536
38280314	1610613248
14617622	197632
69810698	2147487746
46523198	28672
2572274	1610613248
1686134	1610613248
41515130	1610613248
53237774	1081345
46180730	671088768
3511550	2129921
9170210	1085440
22420190	20481
61540922	36865
4149830	36865
63242570	573440
76166930	2147520512
22062494	67141633
67443554	1073746432
1773290	1610613248
73513370	1610613248
68526362	1610613248
10175906	134217733
65776898	1610613248
25768406	83886081
66965006	1610613248
7290362	4395630592
54733682	1073745921
3631430	4099
23495546	1610613248
18835454	4362108928
56373770	1081345
71342570	32833
48968102	2147520512
45288110	2155876352
44750	134217857
9206822	1610613248
68604446	36865
53017130	671088768
81196706	2147520512
5506418	83886081
44595074	671092736
58321658	83886081
6060134	2147520512
76564478	25088
56230238	1082163200
29004842	1081348
1276598	36865
7855094	2147483682
43214186	2147487746
50944178	671092736
27295418	1074823168
44459318	16814080
56761922	1073778688
72132158	671088768
308810	4311744513
11587574	1610613248
63912602	1610613248
72326234	1081345
17689790	1610613248
32898026	4362108928
42291434	4099
14540834	1610613248
40280690	16797696
8907122	16809985
41862782	671092736
72178166	16389
59021498	2148012032
59196782	3221229568
24591314	1610612992
601706	16809985
4363670	68608
63393554	36866
60115646	2147520512
48703718	1610612992
53747102	1610613248
2560286	671088644
41304206	1610612992
6980942	536907776
74819738	671088768
66004994	1610613248
81376850	36865
81199298	1073746176
80583374	37120
42868478	1610613248
3175886	2148012032
51646286	32802
72889022	67108960
36576074	1610613248
486038	83886081
57994418	1610613248
72366410	3221229568
30639098	1074266113
18527978	1107296257
6067586	32834
11959850	1610613248
2333162	2147520512
54396398	1081348
16574582	2148007952
6891194	1610612992
22717622	134225921
34094882	1610613248
76046402	1073778688
994718	1610613248
36512894	1610612992
28728794	1610613248
40940030	1610612992
40953962	1610612992
21818846	1610613248
45331202	1610613248
3272762	100696064
16476734	135266308
35028002	1610613248
15809942	83886081
20017730	83886081
40443014	1073778688
942878	1085440
11483894	1610612992
37896374	2147487746
47677286	1073811456
49655630	1081348
76363922	4303388672
32360834	1073766400
12940274	671088644
10054406	36865
61847426	1074823168
1807310	324
60626	1610613248
57699254	1610613248
56599274	2147520512
13693898	57344
24687218	4429185028
70656662	150994945
14620214	1073790976
79706630	2147520512
22989134	83886081
27637562	134250497
80947550	1610613248
32078954	4311744513
8958314	2147520512
820730	1610613248
28387622	4429185025
22144790	1085440
2359082	67141633
32177450	1073745921
11088938	1610613248
4129418	524293
2798426	2147520512
79229378	2147520512
63756758	36865
393374	67141633
14385638	16777730
52556078	1610613248
35333210	4311744513
66331910	1081348
2038970	4362108928
46609382	2147520512
26507774	16781313
39063422	671088768
80916122	671088644
71827274	1081348
77745458	37120
51902246	37376
18694190	1610612992
5618522	1085440
65557226	1610613248
16815638	2147520512
28296902	16910336
22578950	671088768
33858038	134283265
37627778	57344
48712466	1107329024
27176834	1610613248
35189354	67108929
45308198	1610613248
53484662	135266308
26999930	537919492
36912710	4311744513
80554214	1610613248
132554	67141633
41540726	67113472
920522	4130
38211950	134217860
22840094	671088644
75725642	561152
69702806	671088768
73807238	2818572288
38023382	2147520512
27841034	16779520
58866626	4362108928
47024426	5377097728
68054618	539492352
54387002	1610613248
71835374	1610613248
25818626	1081348
33960422	2147495936
18672482	136314881
1925894	36896
17489882	16781314
77174570	1085440
46949906	4294971904
14319218	2180
76693106	1610613248
32701358	32833
36160058	671092736
71282306	36865
79806422	671088768
23209454	4295000320
7265090	135184
13377674	16809985
44925554	671088644
22111418	134250504
61443398	32833
57328274	2164264960
69004910	2147520512
3448370	1610613248
33541166	1610613248
57480878	4102
37251290	1610612992
10427330	150994945
24906890	1085440
65971298	16777250
23311838	65554
51317426	1610613248
24318182	1610613248
68300858	2148012032
59941334	561152
76951982	671088896
67995650	671088644
81226838	671088644
15931442	83886081
21413846	1610612992
54191630	1610613248
34004810	4429185028
4147886	1610613248
39203714	196610
32824154	4311744513
64679186	5368741888
41505410	4362108928
78023774	1610613248
34599674	1073778688
14275802	1610613248
10027514	2148012032
62144210	4295000576
205454	4362108928
5730626	1610613248
35139782	36866
52219118	2147520512
60289958	671088644
22921094	1610613248
71438798	4294971904
63259094	36865
37295030	2147520512
25424318	1081348
7259582	1610613248
20762930	1081348
67912706	1610613248
71199038	1610613248
38537246	524328
53432174	1081345
80314130	1073778688
74083934	4362108928
37992602	1610613248
56168030	6442455040
54774182	1081348
14426462	69648
38456246	167936
15470390	4311744513
11386046	1610613248
41244914	1610613248
67677806	1610613248
23562938	671088768
50807774	36865
10057970	5368741888
65231606	36865
35365610	16781313
9304994	1074823168
75214046	1610613248
79458122	1610613248
66439802	1610613248
79488902	36865
63451550	2147553280
3573110	2147516418
79543982	1610612992
23927438	5435817984
151022	33793
69160106	4429185025
40814966	66564
6957614	4362076161
26369750	536879360
45513614	16814080
22506050	1610613248
40188674	135266308
15923990	1073774593
61885658	671088641
5066426	4311744513
33396662	4295004160
54171218	671088768
76112498	2148073472
28876862	4295000065
20758070	3221229568
61701626	1610612992
18433370	1610612992
23627738	36865
34790834	32802
13229606	32833
50798054	36866
37283690	671088768
20503730	4311744513
62061266	2164264960
66004346	2147520512
80153102	1081348
80033870	2147520512
31631834	671088768
34324922	67633216
17203790	1610613248
75377342	17301568
31039238	67108867
74803862	57344
60886766	37120
47366894	671088768
69638330	1073745921
2471834	4294971393
40002374	1140883456
301682	1081856
17212214	134250497
5149370	83886081
71875226	1610613248
7851854	196610
13739906	537919744
11181602	4294971456
65740934	524353
38364878	1610613248
37440506	671088768
66532790	1610613248
75132074	1073745921
59511062	66562
45594938	67141696
62519402	1081348
63076358	167936
13756106	70
4985426	2147520512
78198734	24580
23190338	1610613248
18537698	83886081
81448454	1610612992
77324258	36865
2332838	5368709121
15153518	37376
60510602	4353
53460362	1610612992
55639262	201326593
65505386	1610612992
15916538	2147520512
36017174	1073778688
49888910	1610613248
58682	1610613248
10667090	36866
36536222	1081348
43354478	1082134528
11261954	1610613248
21040922	4362076161
39559790	671088768
66957554	1610612992
21975986	1073745921
62585174	2148012032
57214226	37376
7581962	150994945
56940446	4362108928
17682662	17858560
27851726	1073762304
58034270	135266308
78680198	1085440
51921686	1082134528
56296658	4362108928
69440366	2147520512
4004030	67141634
57278702	1610613248
4214306	201326593
43110506	671092736
24999554	1081348
80122322	1081345
48511910	4311744513
76692134	1073778688
54269390	1140916224
5788946	1610612992
81640262	1074823168
46211834	65553
17208974	131081
41920778	561152
80051042	1610613248
67373570	2148012032
48986894	4362076161
29419886	2147520512
50931866	53248
68184218	36865
13605770	2148012032
20609678	2625536
3600002	2129921
53644070	671088768
81297794	1073872900
8048846	1610613248
42479354	2147520512
38040878	1610613248
31981430	1081348
24297122	70
23795246	36865
64657478	16809985
38130626	83886081
56543222	1073766400
81571574	671088644
26066810	1610613248
75294398	1610613248
56527022	4295000065
60801230	1610613248
21809126	1610612992
1591850	2164264960
36188246	2147553280
62885198	2148012032
3628838	1610612992
19037630	150994945
62107274	1090535424
6934934	553648384
43195394	67141696
56716238	75497473
34576670	1610612992
6747014	1610613248
57045746	1073766400
77015486	67436544
31664558	36865
57037970	561152
70579226	4294967361
38915678	67141633
68958254	2147520512
28883990	1082134528
50361302	135266305
68302802	36866
1077014	4362108928
3007730	16781313
6810518	1610613248
41107214	37376
60161006	2147520512
16360742	134221825
25468706	150994945
38717066	4362108928
13782350	16809986
33642578	17301568
54658190	4311744513
24640562	671088641
54078230	135266308
54838658	4311744513
54105446	1081348
43395302	536875520
81701498	4294971456
20634950	2147520512
5940578	67141633
4017314	1098907648
24626954	4362076161
77260106	1140850689
40709018	1107329024
28261262	1081345
22184642	65793
51170978	1073778688
50283866	1610613248
37383806	196610
30946250	1610613248
79241690	296
35477714	36865
42436586	671088768
18959870	1610613248
44553926	1081345
39249722	1081348
44077970	671088768
56026118	4295000320
31488626	1610612992
67289006	1610613248
48055394	5435817984
3139922	1085440
64326674	671088768
42336470	67141633
65860166	1081348
44075702	1610613248
24866714	4106
75536102	1085440
57596222	2101312
50755286	4395630592
56838062	5368741888
75081854	1085440
17958062	1074298880
9259958	2214596608
52992506	524360
36647354	134218244
18814394	2147487760
59904722	1610613248
81069050	1085440
358706	1081348
2388242	1610613248
38046710	671088768
23515310	671088768
14808134	327696
7580018	67141633
50342186	36866
1021934	67141633
17800922	1107329024
11322218	4311744513
25413626	5368741888
1372826	37376
56065970	2147520512
12313658	1610612992
41773358	69634
2010458	4294967301
61216274	1610613248
43349942	16779266
70919102	4362108928
47142038	16809985
14049650	16814080
35622866	671088768
5334050	1074823168
34258178	8392736
5164598	28672
15706910	4311744513
26460470	1610612992
37211114	37376
78763466	17301568
11381186	1610612992
42535082	36880
69986306	1073778688
52126130	36865
48587402	134250497
15090986	134283265
9246026	1610612992
53312942	671088644
46967402	1081345
61592762	1082163200
79395590	671088644
67416014	8425472
40245050	1085440
78066866	67112961
40811402	2147553280
17004206	2228240
30440162	671092736
944174	8389376
32694878	83886081
36145478	4295000065
407630	1610613248
41334986	671092736
48090710	1610612992
72844958	1610613248
33973706	557120
76814930	561152
11929070	1074823168
43692086	671088644
16740794	142610432
53479154	1085440
18177734	2147520512
10793126	1610612992
73523414	36865
1001846	134217864
9992846	1140883456
64130978	1610612992
42923558	36865
79185962	5368741888
45159482	67108881
77319398	16912384
1561394	134250497
1522514	135266308
5947058	67158016
20975150	16809985
41750030	36866
23747942	1610613248
50677850	2147520512
45478622	4161
51434390	83918848
22612322	16781313
20914562	70
55928594	2147618816
78493250	4362338304
56818622	16814080
46744814	17334272
52495814	2147520512
25308326	1073778688
12674918	1610613248
62532686	1085440
34474286	134217733
46836830	671088768
47398646	2621696
6706838	67141633
77859182	67244032
41427326	671088644
57295226	1073774593
29947682	201326593
38247914	1081348
39957986	1610613248
28085654	1610613248
69551174	1610613248
3601622	2148012032
39275966	2180
34351490	2147520512
8286662	16777282
62048954	4102
60026870	16912384
2458550	16777250
33015638	32834
71040926	67141696
55934102	150995072
53543306	2148012032
28253486	1073774593
33475070	201326593
62720930	1081348
64453358	327681
46544582	57344
11861354	1085440
32143106	4311744513
76645478	2147487760
389810	1610613248
76268990	1073774593
894278	327696
47509130	1610613248
18195230	1610613248
66548342	2147520512
68856518	83918848
19032770	150994945
50180186	2147520512
54449210	36865
63350786	536875264
38527526	83918848
32659886	67141633
32967686	36865
13162214	16809985
5736782	2147516432
54827318	134217857
17596478	1081345
59599838	671088644
37305398	1081345
141626	83886081
75753830	671088768
14207438	1085440
78781286	1073778688
5604266	2147520512
24519710	671088768
67535570	1610613248
22576358	1081345
52871330	1073746176
75193634	100696064
14627342	1610613248
55999550	1610613248
75812150	1073746176
1277246	4395630592
58151234	524354
67416338	37376
2190278	1610613248
68125250	2147520512
69526226	4362108928
40643570	67141633
20955386	4130
38376218	2147520512
25344614	528448
61949162	67108929
69943214	6442455040
66488726	1610613248
75629738	1081348
993746	3221229568
26204834	1610613248
70995890	1081348
1979354	1051648
19237538	1610613248
74402102	1073778688
74610110	4311744513
32240306	34111488
26570630	4311744513
44890886	4295000065
44575310	1610613248
24080690	24578
39675134	36865
37904798	1073745921
7010426	4102
74512262	1610612992
54434954	1081348
52321178	1610613248
23870090	2147520512
30879182	1610612992
38582282	1610613248
21453050	536903936
65711126	1081345
42062042	2147487745
33352598	1610613248
31406330	800
42500414	2148073472
24987566	4294971393
65446094	20481
35388290	671088768
27975494	1610613248
49537046	2147487760
66502658	1610612992
51148946	1610613248
31888118	671088768
46524818	36865
12156194	1610613248
69129002	2147520512
21032174	1090519041
75618398	4362108928
70181030	3221749760
78363002	1610612992
5821994	1610613248
25257134	1610613248
75706526	57344
20859482	2147487760
10171046	1610612992
43543694	4362076161
10956098	36865
14287466	1081345
11456030	37376
30748286	671092736
32811842	1073745921
5921462	2147520512
74072918	1073775104
61796882	201326593
42421034	36866
52231754	1610613248
40349054	528386
14500658	2180
41059586	671088768
58906478	1610613248
66125522	2147749888
47184482	53248
67676510	1081348
20030042	4295004160
76310786	1081348
1675442	2129921
25203026	32802
44318378	24580
40365578	70
46595450	1073778688
2405738	1610613248
31737782	4311744513
33465350	1081348
76462418	4311744513
37122986	4429185028
733574	536871170
21904382	1610613248
80078582	2147487760
19053506	2147487745
2728442	196610
6153770	3221229568
18832214	671088644
2642582	17301568
45298478	1610613248
751718	528448
15792770	83886081
46918154	671088768
1032626	1610613248
50669426	1073766400
1889606	65570
26656490	2101312
37819262	671088768
52708034	671088644
58022606	1610613248
1189118	17301568
254378	285214720
12463670	671092736
53160338	37376
52458554	671088768
64004618	37120
5867678	322
2837630	1610612992
4239578	4295000065
41224178	1610613248
67611062	134217860
259886	134250497
26378822	2148012032
25564286	1140850689
2702198	83886081
39366038	1610613248
13418822	83886081
52402826	1610613248
61570406	4311744513
19115066	1074823168
13642706	1085440
50690810	17334272
59493890	1610612992
81156206	36865
18181298	1610613248
51003470	1610613248
73740818	1140854784
51469382	3221229568
28513334	1073745984
8945354	4295004160
42353642	2148012032
80622254	3221356544
928622	2148012032
27515090	1140850689
57244358	671088768
48918854	671092736
1263314	1610613248
39203390	196610
47992862	1146880
54657542	69634
76015946	1073778688
43281254	671088768
4844162	67113216
41092310	1610613248
60357026	2147520512
7174370	1610612992
71205518	536903936
80277518	5368741888
44433722	67108929
44181002	4395630592
46703018	167936
75193958	1610613248
34087430	67141634
70206950	36865
10282502	3221356544
4848050	2148012032
261182	1610613248
56328734	1610613248
39691010	2155876352
12238490	2147520512
7241438	2147520512
4374686	1610613248
7328594	671088768
44301206	36865
31019474	1610613248
72522902	1610613248
4734974	37376
37183250	16809985
36849206	1081360
38801306	4130
53371910	1610612992
81199946	1081348
79322690	2148012032
77893526	1610613248
4673738	1081348
80847758	1081345
79728338	1085440
60633722	2147487746
33493862	36866
42171878	671088641
79904918	1073745921
483446	16809985
4279754	1075843072
63806006	1610613248
49986110	28672
2454014	2147520512
59227238	553648384
13944350	1085440
30529262	17301568
33273218	36865
4030922	4362108928
49769354	671088768
51249062	6442455040
32910014	67141633
19410878	1610613248
25562018	1081348
27528374	1085440
24108554	1085440
67661282	1610613248
34874102	2147520512
66601802	1610613248
50940290	1610612992
24768866	16781313
28890470	16809985
1875026	167936
28461170	150994945
36059294	4311744513
58098746	1610613248
67272158	1081348
19682390	1610612992
3375794	1610613248
21418382	1085440
40443986	16777221
73610894	1074823168
30176426	1610613248
72732530	1082163200
50377826	134217733
35997734	16809985
77806694	1610613248
23046806	1073778688
77524166	671088644
50220362	4311744513
71881058	2147520512
65905202	4362108928
53573762	671088644
16212026	5435817984
71078834	524354
75632006	201326593
329870	1074069504
43628582	528448
27879266	17334272
79241042	67108870
57915362	1107820544
68505626	1081348
200594	67141633
23926142	2147504128
27192062	1610613248
46196930	37376
23299202	671088768
32180366	1610613248
78534722	4295000320
15832946	1610612992
41471390	17301568
30621602	4362108928
78539906	2148007952
445538	671088641
20361818	1074823168
681410	2148012032
35408702	4362108928
28868114	5368713216
669746	67141640
22490174	4362076161
78159206	1074282496
54406442	1073746432
10746794	2147520512
20972882	4362108928
60562766	671088644
39606770	32802
30230858	67133440
36797690	4294971393
43936058	3221229568
62122502	671088768
81258590	1610613248
67515806	3221229568
15719546	1610612992
62588090	36865
14501954	1085440
35013422	5435817984
808418	4295000128
2979218	1610612992
18270722	83886081
62581286	134217733
8000894	327696
71879438	143360
1492058	1085440
13578554	8392736
14101490	4311744513
368102	1081348
52320854	4295000576
63402950	67141633
37058510	34078721
1325846	83886081
65983610	2147487746
44519582	1081348
78507830	2147520512
78230486	134217737
2963342	1075839488
40508138	1610613248
17443874	83918848
50616290	536903936
44626826	671088768
14507786	32833
57811682	2147520512
13737962	1085440
27994934	671088768
3685538	4362076161
2636426	1181696
62255342	2147487760
75137906	32833
19467254	4099
3431522	1212416
60029138	1140883456
54698690	1610613248
28001090	4362108928
40587518	4311744513
29689778	1610612992
26147162	671088768
44483618	1610613248
6427226	6442455040
1591526	1085440
51765842	65793
75592154	1073778688
46581842	36896
1896734	2129921
27829370	4295000320
663590	2101504
51228326	35
22196954	67141696
23628710	2147520512
4477394	1081348
81414110	2147520512
55983026	2147749888
33565790	1610613248
36249158	1610613248
81049610	134479876
16617026	83918848
67520666	4311744513
35814350	1085440
5618198	2147520512
39982610	1074823168
15182678	2147487746
46542314	16781313
39985202	4295000065
41078702	24608
80566850	327681
61735646	5435817984
31408922	800
27919766	1610613248
44726294	70
31928618	1610613248
28112222	1610613248
55616906	1085440
9858062	2147520512
77875706	671088768
64087562	83918848
75080882	3221229568
44472278	36865
19765334	671088644
36551126	4295000065
40654910	4311744513
53723450	1085440
35272946	1610612992
34743206	134217860
73380530	1074823168
27970958	1140883456
72775298	16809985
11734346	16777282
26377850	536875264
92378	2147516432
69729374	4362108928
42294674	32802
11400302	16809986
68617406	1610613248
4634858	532544
39988766	1610613248
69242078	4362076161
37833194	36865
42477410	2147581952
65421470	1610612992
16801058	671088768
50688542	4362108928
61462838	53248
16334174	201326593
67724462	17301506
157178	66576
39020654	4311744513
37836758	16777282
55389134	37120
60210578	1610612992
14231414	1085440
50058686	67141633
21670454	1610613248
15575690	83886081
73864586	97
38176634	1074823168
37350110	196610
29869922	3221229568
37319330	4362076161
47338706	1073741829
32394206	17334272
28283942	1081348
40625102	1610613248
7064858	4362076161
76766978	1610613248
2262854	4102
44480054	1073745921
33065210	4362108928
33191894	36865
52018886	4311744513
81690806	2148007937
11153090	33344
44020622	67141633
44467418	1081345
16759262	671088768
53051150	4362108928
53445458	1610613248
12580310	83918848
34354082	1610613248
65424062	1081348
53946362	1073745921
52526594	4162
2355194	1610612992
215822	67141633
9395390	134250497
52722290	3221229568
75029366	1073742852
66397358	1081348
48834290	16809985
78319262	16809985
58790810	1610613248
62478902	53248
5358350	134217734
65710478	1081348
37737614	1073745921
14173094	1610613248
37380890	196610
42187106	36928
998606	4362108928
75053990	1107300352
1011242	532544
29392994	671088768
71936786	2147487746
3981998	67141696
38209358	5435817984
341210	671088768
46250390	1081348
41143502	1610612992
7824314	2134016
81238826	1610613248
210314	671088644
51288266	1085440
58626218	1140850689
60765914	1085440
79752962	1081345
64775738	1610613248
34996574	36865
1520246	16809985
22653470	1073778688
74568314	3221229568
67819394	1141374976
38075870	4311744513
20645642	1081348
34658966	4311744513
45547634	671088768
24019778	5435817984
2225918	37120
43756238	528386
43290974	36865
63458678	2148073472
66242162	536907776
26747534	671088768
10000946	1610612992
53063786	1610613248
74112770	1610613248
81634106	150995072
56438570	536875009
21175706	150994945
68472578	4295004160
63998138	3221258240
79832342	3221487616
43067738	671088768
15075434	671089152
77126618	671088768
79401422	135299072
50800646	37120
64662014	1610612992
25733738	1610613248
79790546	4311744513
80941718	671088768
31491866	1610613248
13859786	2147520512
17892614	1082163200
77257190	135299072
73022834	1610613248
6816674	67141633
44662142	1610612992
30864926	2147520512
46866638	3221229568
68206574	1048582
20493686	1073758464
60050846	134283265
67011014	1085440
34015826	4362108928
49944962	3221229568
58088378	4099
68891834	1073774593
62538194	16814080
73114850	671088768
14673998	2147487746
58432790	4311744513
3079010	1081348
29521298	1610613248
17842394	32833
67742606	4362076161
32975138	2181070848
60812246	134283265
56701334	1610613248
45532082	67141696
78900518	4328554496
541442	4362108928
16974722	37120
72751322	1081345
59237282	3221229568
18781670	557120
57320822	671088768
30009566	1610613248
47339030	1081345
31697930	33793
22033982	4102
56555534	1081348
27341750	1610613248
78921902	671088768
76211318	36865
3207314	167936
16034150	4295000065
36467534	1610613248
39259766	2164262912
67012958	67633154
4054898	1610613248
32910662	4362108928
60726710	17301568
44178086	1610613248
42111938	1610613248
28195814	2147487745
56970902	1073745921
44425622	671092736
49423970	671088768
32825126	1610613248
58010942	1081348
24501242	1081345
4903454	1212416
1583750	4295000065
76131614	3221229568
6700682	16809985
79416326	537919492
45387254	33591296
36130574	4295000065
40161458	393217
7856066	4311744513
2180234	1073778688
43698242	2147520512
14478950	1073774593
1758062	528386
10165862	1610613248
1486874	57344
9888194	8425472
64371710	1610613248
79523570	1081345
48587078	4311744513
76200626	671088768
6222782	2147520512
51005090	1085440
23288834	4130
16933574	36865
73100270	134250497
61434650	150995072
77933702	36866
65379350	36865
1742510	2147618816
1781390	1073774593
48378422	5435817984
60194378	1610613248
73369514	2147520512
72328826	4295000320
45090794	100696064
195086	1610613248
35152742	671088768
9723602	2147520512
1062110	4362076161
37895402	1610613248
59844458	2147520512
46513154	671088768
54972146	1074823168
225218	1085440
7765994	2148012032
34236470	37376
14158838	32833
48430586	1081348
40479950	5368709121
27020342	150995072
35052302	36866
46488206	4102
51505346	32802
78895010	36865
58775258	2147524608
55333406	37120
23614454	557057
60896162	36865
47457290	2147520512
40538	4362108928
70029722	67141633
63927182	3221229568
41542022	37376
6856202	24577
13667006	1074270208
34072526	2147520512
34087106	16793601
11683154	1610613248
74363870	1610613248
39118502	1610612992
31068398	67141633
76361330	4295000065
75090926	65554
79781798	1610612992
80783930	1610613248
46885430	201326593
53244578	2147520512
5394314	1085440
31649330	134221825
63758702	671088641
47489690	16809985
79034978	35
53133122	1610613248
22579274	671088768
70550066	134217733
16807538	2147520512
74449406	1174405120
34216382	2164264960
41937950	1610613248
37703918	4296048640
63862058	2164264960
20280494	134221826
40674026	4294971393
48574442	50
32438594	1073778688
33456602	1081345
72291890	1146880
39623294	5402263552
12284174	17301568
14554118	2147520512
48480482	671088768
600410	16908290
40007882	17301568
25133366	36865
54553862	4362108928
20389034	97
79544306	36928
31462382	2148012032
27925274	17301568
22556918	671088768
22967102	1073778688
55856018	1610613248
64970462	671088768
48894230	671088641
34680026	100663360
54500726	4294971393
1206290	1610612992
75898010	4311744513
58731194	2147618816
51439898	1610613248
37432730	1610613248
50814578	67141664
48951578	1073778688
1153478	83886081
12492182	671088768
41351834	4362108928
33001706	1081345
32979350	536875264
49406150	36865
15880250	2147520512
78775130	67141633
31870298	32833
70424678	16809986
47427158	8425472
11275562	1610613248
75270098	37376
75654038	4130
75883754	16814080
46470710	2147487746
73134938	36865
1333298	150994945
21327338	294913
66008558	1085440
27818678	16779520
77711438	2147483666
51309326	4328554496
12455570	1610613248
59072690	1610613248
47099594	1610613248
56866574	1074823168
29557586	671088768
5801258	36866
37559738	4311744513
81063866	37120
68182598	83918848
23596634	1073774593
74696294	16912384
69399866	2147520512
24145490	327696
67868966	1610613248
67798658	1610613248
72783722	671092736
10864730	1610612992
36929558	671088768
1058222	1610613248
55136414	671088768
36342794	671088768
53613614	1610613248
25843250	1074823168
65262386	1610613248
13924910	1146880
1353710	4311744513
45695054	1610613248
42654638	36865
9995762	67108932
5424446	134217733
56223758	671088768
62726762	67633216
16482242	167936
54198110	671088768
8138918	8425472
21721646	553648384
62147126	2147520512
28575866	3221229568
611426	4362338304
22928222	83918848
108902	67141633
4816622	557120
71280686	33587201
41428946	16781568
34791806	20482
61315094	4395630592
30619982	4295004160
13958606	2147520512
52691186	1085440
53153210	344064
6630050	2129921
6830930	1081348
39040418	4345298944
40636118	528386
67136078	1085440
47089874	2147520512
154262	134221825
4942010	4099
56708786	1140883456
349634	4362076161
42972482	671088768
12286766	327696
51027122	167936
32700386	2148012032
33400550	16908304
31551806	786434
48914966	1610613248
32350790	2147495936
12078110	524384
77619422	1073745921
608186	16810240
173702	2147520512
68178386	37376
10395902	2147553280
58294766	4311744513
51528998	1610613248
71666570	37120
26484446	1610612992
48867662	65553
48975230	2147487760
81510014	1610613248
81505802	671088768
63982586	36865
3460682	8392736
57391130	671088768
21261566	134250497
23189690	671088768
1528346	1115136
11498798	524864
51659570	17301568
63589250	1610613248
75331982	1610613248
6211766	327696
38731646	36865
17712470	2147520512
56088326	2147520512
10787942	1610613248
46199846	1610613248
18611894	671088768
44019974	2148012032
23995802	672137216
68703914	37376
7844078	327696
39860462	1073774593
33311126	70
1083494	1610613248
72611354	671088896
11249318	2147520512
53427638	3221229568
39823526	4102
52621202	32833
47416466	1610613248
59461814	57344
54061058	671088644
68406806	1610613248
48725102	37120
8403302	1610612992
44026454	671088896
50633462	36865
1649198	2147553280
19917938	16809985
1338158	1610612992
59801690	2147520512
22179782	671088768
4423934	1085440
3784682	1081348
41366090	8425472
22760714	24577
43762394	1610613248
43161698	1610613248
6224402	1610612992
21887210	150994945
24104342	4311744513
31916306	1610613248
38221022	536903684
2055170	134218880
35910902	1610613248
43540130	671088768
75933974	1610612992
4409030	2147483682
36213194	1082163200
62866730	1140883456
12642842	4099
73444358	57344
54197138	1074823168
26476346	4362076161
69546962	671092736
65381294	8392705
12268946	83886081
672014	4311744513
76908890	1610613248
200918	4311744513
43131890	134250497
79917878	2147581952
47197442	524354
39426302	327681
15071546	1610613248
36976214	1140883456
21024722	37376
65539406	4395630592
6848426	1074823168
6750254	1610613248
32424986	2147520512
66794258	2147487760
10846586	2148012032
28271954	2148012032
26537906	4295000065
43366790	1610612992
39398114	524546
65616194	1610613248
78039650	1610613248
27674498	2147520512
80663402	1140883456
39435050	4395630592
52478318	4362108928
32393882	67633153
66297566	4295000065
35287202	2147520512
36262442	1081348
824942	1085440
34140890	67141633
36721226	36866
24152942	1610613248
69297482	671088768
7677218	1610612992
12831734	1610612740
18694514	1610612992
1173566	4378853376
64011422	36865
38915030	1074003969
27995258	32802
31246922	1610612992
61017014	150995072
67787966	1073778688
37128494	150994945
22600334	67141633
24938318	1085440
61684778	1610613248
6260366	4362076161
1347230	16781314
9580070	1085440
14954258	4295229441
12064826	2147618816
52679198	2147647488
21151406	2147520512
58975814	1610613248
27687134	16809985
151994	17039361
30545138	1610612992
13363742	1610613248
11232146	557120
48582542	1073766400
33532742	8404996
34835222	1610613248
79029470	5368713216
52952330	1610612740
74109854	4295000320
14204846	1073745921
14708666	1085440
572222	1085440
46239698	671088768
11105138	1090551808
40418066	4295008256
61385726	16780288
26337026	671088768
50719970	2147553280
76222982	1610613248
70709798	8425472
3032030	671088768
66116126	1081348
32102930	67141633
17995322	4362076161
59426174	57344
80589206	4362108928
47436554	37376
222302	1146880
57083006	671088768
49915478	1074266113
60093938	33587201
44070842	1610613248
58288934	1081348
31080062	4362076161
35865866	1610613248
886502	135299072
5639582	671088768
50441978	1610612992
7083974	2134016
39337526	4362076161
66212678	5368713216
2619902	1610613248
75346562	4362076224
36498638	2147487760
43535594	671092736
5039858	2084
76880702	83886081
63757082	17301568
67458134	1140850689
49597310	1610613248
33843134	4294971393
35795234	37376
44449598	5368741888
75732446	1610613248
36454574	4295000065
1767134	1610613248
27393914	1610613248
33775418	8421440
54460226	67141633
78544766	1610613248
27119162	1610613248
39764558	36865
128342	4311744513
64796150	5368741888
7613714	4295000065
52701230	1073778688
33327002	134217888
77424050	528386
35306318	1610613248
81215498	2147520512
39088370	4362108928
29495702	57344
9863894	2129921
50496410	4362108928
66655910	4295004160
66797822	53248
58240334	1610613248
73820198	8425472
68668274	2147520512
21221714	1090519041
35473502	1610613248
44587298	671088768
1424018	67371009
63044606	1610613248
70733126	1073778688
53648930	1610612992
9114806	1085440
39933038	1140883456
39549098	1610613248
16803974	100696064
21930626	37376
21394406	150994945
46271450	671088768
78526298	2147520512
72288974	1081348
76981466	36880
73748594	1081348
26576138	1610612992
72149006	36896
74708930	3221229568
57466946	1610613248
3289286	134218753
42646538	2147520512
75549710	4362076161
25750910	1085440
11320598	1082163200
81211934	671088768
4816946	268568576
141302	150994945
64038962	1073778688
30636506	67141633
39921698	1081348
29311994	1610613248
80972174	36865
77422754	28672
71397650	3221229568
56428526	1073778688
9004970	67112961
36277670	24580
31931534	557120
23748266	2147520512
39913598	74
8655050	4311744513
41258522	525314
53321366	1081345
37116506	671088768
20508266	1073745921
72504110	1610613248
35272622	4295004160
41343410	57344
36462674	1081348
47191286	687865856
196382	2147520512
3360242	1610612992
21524006	4295000065
33813326	1610613248
29761706	528448
2050958	671088768
64165322	17301568
54417782	1085440
6819266	2147520512
77728286	4295004160
41232278	4295000068
32273030	3221229568
18178706	2181070848
14306906	67141633
14819150	671089152
3616850	1610612992
24327578	4362108928
28289126	1610612992
692102	1610613248
63245810	1610612992
77645666	1081348
17932790	1610612992
16399946	1610613248
77080934	2147520512
5086190	57344
73458290	134218241
40970486	671088768
72975530	2147520512
1642718	8486912
39950210	1610613248
1203374	36865
51047210	331776
67185326	2147488256
43598126	671088768
56560070	671089152
21203246	536903936
50019806	134222336
52663646	2147549186
37212086	671092736
31833038	201326593
54852266	1610613248
18915482	4311744513
25724018	1085440
50226842	1610613248
65816750	1073778688
351254	671088768
75833210	1610613248
62998922	5368709121
19592966	2147520512
32807306	36865
58932398	201326593
62303294	66564
64039610	2147520512
62407298	2148536320
41437694	327681
46199522	4294967361
988562	4362076161
2115110	1610612992
43995998	83886081
79022018	2147520512
80760278	1610613248
41663198	4295000065
60590306	2148012032
51486230	2147520512
79754906	1073774593
25966370	17301568
47849978	1610613248
36253370	1610613248
78463118	135680
67726082	201326593
49620962	1085440
29534258	1074266176
39227366	36865
44901254	32833
46462286	2147520512
12704078	2564
23194550	4311744513
26799050	1610613248
4076282	1610613248
73614458	36865
58493054	16785409
16429430	135266308
18882434	70
60039182	1610612992
79265342	36865
64619894	16809986
36587090	32864
1493354	518
47511074	1610613248
18922610	2147520512
58492406	1081345
25465790	2147520512
59085974	4362108928
68435642	2147520512
25117814	36865
34888682	134217860
40283282	83886081
27783362	36865
302654	4303360000
29579618	201326593
56929106	8425472
8844590	1073745921
35431706	4311744513
24561506	2147520512
2320202	1610613248
38673974	67141634
5429630	4311744513
21313082	134250497
76755314	4362108928
833042	2147520512
70336550	36865
22001906	1610613248
48889694	167936
49419110	32802
10722170	83918848
16443038	135266308
66250910	1610612992
2901782	1610613248
32524778	1610613248
1879562	2147520512
43595210	1610613248
23398670	1610613248
24229082	1081856
37365014	1081345
47206190	2147520512
73114526	1610613248
61989014	36865
31389806	800
54789086	134221825
80917094	671088768
2592362	3221356544
20069246	2147483682
67782134	2147520512
71951690	2147520512
34576022	1610612992
19297154	2147487745
1223138	1610613248
45651314	3221229568
38887166	65542
21287162	4311744513
1186850	57344
14505518	1073745921
62874830	134283265
71471522	2147487746
74609786	36865
12506438	671088768
50369078	83918848
60138326	536903936
7876802	16814080
47525978	1610613248
8106518	83886081
78136850	37120
54380522	1610613248
30883394	1610612992
564122	524354
49814066	2147553280
26909534	1610613248
51638510	1610613248
35366582	32833
42558410	2147520512
59825666	167936
41771090	1074823168
3285074	2147516417
39427598	2147520512
68881790	32833
58549430	1610613248
66123902	37120
15616190	25088
59024414	2147487760
214850	167936
29969066	1610613248
74141606	1085440
70349186	671088644
75836450	8392706
30768374	1610613248
47440442	134283265
2420966	2147520512
30125882	671092736
49635866	3221225474
77765870	671088768
79478858	4226
980138	33591296
32468726	36866
10054082	1610613248
25753826	671092736
75937214	1610613248
425126	1610613248
25839038	1610613248
12256634	671092736
60220946	671088644
75453482	1610613248
57321794	671088768
67954502	1610613248
36288686	36865
67920806	1610612992
9453710	4328554496
22894202	327696
16179950	1085440
63842618	1085440
22063142	32802
5218706	134221825
15430538	83886081
41598074	1082163200
49017674	1610613248
54856802	1073762304
10536842	4362076161
81367778	671088644
63094178	4294967361
64018874	1610613248
2006570	2148012032
35031242	1073876992
32416886	37376
23523734	4353
48573146	4311744513
10733510	150994945
73348130	5368741888
18215318	83886081
43417658	2147487746
30624194	1610612992
42520826	1074823168
57484118	1610613248
68818286	1140883456
47135558	5368741888
43619510	4303355905
4286882	2147489792
48898118	2181070848
36465914	4295000065
21951038	1081348
9170534	1610613248
35346818	1074823168
19120250	536871172
53347286	16809985
58800206	2147524608
14248586	2147520512
29106902	1610613248
20173574	150994945
66646514	2147487745
7106006	2148012032
24095270	1610613248
27702362	8392705
115382	134250497
19858322	150994945
41593862	671088768
7596866	40961
67707938	17039361
60480470	70
53016158	1610613248
871274	2147487745
2905346	1610612992
46926254	671088768
19855730	150994945
65148014	1610612992
59501666	1073745921
29432846	1090519041
29690750	1610613248
19830458	150994945
76319210	1610613248
49254842	135266308
77692970	36865
9003350	1212416
26653574	2147520512
28131986	67371009
17103026	671088768
53476238	1081345
6056570	4295000320
65348570	1073778688
63487514	1073778688
34159358	5368709121
39945026	67141633
39530954	4362108928
4413890	137216
4345850	2148012032
70927526	1073778688
25970582	5435817984
39982286	1610612992
47221418	4226
46727318	5368713216
16050998	1610613248
24043430	1610613248
27795998	17301568
40772522	4395630592
64131626	67108929
78076910	16777219
11797850	1610612992
54225650	1610613248
65056646	1610613248
7096610	16797696
47082746	671088644
78562910	2147491856
58392938	2148007938
29757494	1610613248
3812222	1073762304
34497938	2147553280
28479314	1610613248
24184694	2147487760
42742118	1058
18022538	75497473
18327422	150994945
7246298	1610612992
69125438	1073778688
8225426	2147489792
228458	70
58847834	1610613248
73780022	3221229568
40466666	1082163200
3163574	57344
68281418	4311744513
75373454	16781313
63004106	4362108928
6273974	2147520512
62016230	36865
65072522	5435817984
69608846	1073774848
73785854	1610613248
2309186	557120
1952138	1610613248
20933354	4130
63808922	1073778688
23331278	32802
72513506	1082163200
54441758	2147549200
25014134	3221229568
27843626	1610613248
9985394	1073745921
66575882	2147745808
57310778	2147553280
47692514	671088768
70737986	1610613248
2173754	2147483682
12165266	671088768
19518122	4102
57598814	201326593
7930262	4362076161
28623818	1085440
7711238	67112961
57545678	134254592
2172782	2147520512
12479222	671088768
34024574	4362108928
73800110	671088768
77506346	67112961
76426130	1610613248
49805642	4295000065
14294	1115136
49491362	67113216
24615290	1610613248
63204014	8425472
61177394	134742024
5565386	671088768
39626858	1610612992
35123258	4353
77726666	16809986
23130074	671089152
5726414	135299072
78423266	16809986
22773026	1610613248
34937930	98305
610454	268568576
49480346	37120
59565818	1610613248
57815570	2147549200
19230086	4362108928
80966666	36865
46756154	1610612992
77959298	1073778688
6059486	25198592
699878	2147483666
70160294	671088768
29065754	1610613248
70035554	150994945
15820958	1074823168
6390614	4429185025
80813414	16912384
80316398	1610613248
45133886	671088768
14271914	4362076161
38193806	36865
19956494	150994945
17241374	67141633
59269682	1074823168
73746974	3221229568
72857270	67141633
75576278	67145728
19192502	1081345
65196614	67141633
13162862	671088768
652574	1610612992
15641462	2147520512
67430	671088768
52708682	8392706
4062998	1085440
13949210	5368709121
2996714	1610613248
58588958	28672
3538442	4362076161
6134654	17334272
43599746	1610613248
71061014	67145728
18790742	1107329024
13750922	36880
59163086	4311744513
12662930	671088644
54205238	16809985
5904614	2147520512
18228602	36865
12232010	1074270208
47137826	1140883456
5740346	2147520512
34958990	557120
62290010	5368709121
46780778	671088768
31969118	1610613248
26951330	4311744513
48508022	2147520512
81231050	16809986
56270090	36865
13085102	1610612992
50193146	1610613248
40978910	67141633
17146118	67141633
218738	1610612992
24055742	4311744513
21494846	1081408
37385750	1610613248
47284274	1090519041
18136262	67141633
80564906	1610613248
69073598	1610613248
72602930	1074823168
56073098	4362076161
62199614	2147520512
3491786	2147520512
14299778	4295004160
2405414	1610613248
32588606	36865
12591650	16809986
2862254	1081345
60628214	1081348
74497034	2147520512
884558	135299072
75308654	4362108928
67110158	53248
42811454	1610612992
3125666	1610613248
55145486	36865
50369402	16826368
3193706	1085440
45447194	2164264960
79667102	67141633
76907270	32802
57149102	1073774593
45229466	16777282
13616786	1073872912
70894802	36865
77223494	134217860
25167062	671092736
66599210	2147520512
44227010	6146
23900222	83886081
65680346	36865
12630854	2147487746
45031178	671088768
33492242	1610613248
8096798	36865
52642262	1073778688
47286542	1085440
78048398	150995072
57699902	201326624
78372722	671088768
33894974	4099
40846070	4161
71485130	2147487746
36064154	4294967361
67787642	4311744513
4393478	2147520512
15665762	1074298880
69156218	2147520512
33807494	4362108928
47534402	2147520512
9596270	1610612992
78806234	4328554496
40794878	36865
50436794	83918848
43420574	1610613248
16056830	83886081
395642	1073778688
61302134	36896
16100246	17301506
67375514	1610613248
58005758	1081348
71059070	536903936
49906730	1610612992
12396926	4130
43681394	36866
19302986	1610613248
36799958	671088768
56262314	2181070848
17668082	1610612992
66306962	32802
64604342	2101312
21558674	2147520512
17850170	1610613248
10925966	1610612992
74956790	36865
22834910	671088644
47836370	83886081
16026374	4362076161
4685078	1073876992
54111278	134217733
61115834	134254592
14643218	83886081
35339042	1610613248
33149774	36865
29369018	1610612992
17196662	134250497
31853774	2147520512
74242046	1610613248
2017262	1610613248
6347846	2147618816
23800106	65572
50590694	671088768
73914158	16912384
22362194	8425472
34401710	671088768
27794054	37120
8580206	8425472
16343894	4362108928
20974178	83886081
58463894	4328554496
5368070	4311744513
56849402	1610612992
16080806	1610612992
18967970	1610612992
42435614	201326593
50711870	4130
52379822	3221356544
66413234	4362076161
67401110	1085440
13238030	1610613248
34040774	67158016
3288638	577
54470270	1081348
50431610	36865
23628062	201326593
62483114	2147520512
49434014	135266308
75315458	266242
19452998	1140883456
11513378	1081345
56240282	36865
68408102	4311744513
46927874	83886081
1349174	2147483682
76788362	53248
60680702	1082163200
14833730	2164260896
44991326	536903684
71938406	3221229568
54458606	1610612992
42347486	36865
9407054	518
30700982	671092736
38945162	528386
52905350	1610613248
47300798	36880
17196014	137216
10624646	65793
42892778	32833
48430910	16809985
7598162	201326593
48802862	36865
71994782	671088768
4640690	4294971393
52313078	1610612992
26744294	1085440
39840050	67112961
19038602	16809985
10225478	2148012032
83630	5435817984
234938	1056772
80696450	4311744513
78525002	671088768
42969242	2147520512
46567586	2147487746
409250	4295229441
4387970	4311744513
2912150	2147520512
43390766	4130
65577638	32802
6848750	536904192
42736286	671088644
32878910	4294971393
70141178	2147520512
71924150	4362076162
26434874	1073762304
63711074	4311744513
67752974	2147487746
47953982	32833
38043794	1610613248
38594918	4362076161
68490074	1140883456
20183618	1610613248
59818214	2147487746
7487030	40961
65932094	1074823168
21661706	69648
37304750	4295000065
18852626	1610613248
68702294	1140883456
8307398	1073774593
4909610	36865
8984234	83886081
36191162	1074270208
55955162	671088768
37389962	135266308
34083218	67141633
34802498	1085440
33894650	671088768
30657566	1610613248
15835214	2147520512
12604934	536872964
6154418	67141633
33752414	134217733
35176394	67145728
40354238	1610613248
17181758	1610612992
44892506	4311744513
13020302	16810240
51252302	67145728
14115098	1610613248
66686690	150994945
3627542	1081345
70730534	1140883456
52114466	1610613248
31190870	1140883456
52754042	36865
75073754	1073746176
24795110	2147520512
48030770	1073746176
57796778	2101312
56719802	1073778688
32845538	36865
47658170	2147520512
864470	1085440
70771682	8425472
51733442	1207959808
57331514	1085440
3007406	16781313
77246498	16809985
1425638	3221225474
75492038	36865
18877574	150994945
7251158	37376
3054062	1610613248
12961982	1610612992
8412050	536907776
960698	1610613248
57627002	4362108928
17231330	16809985
78344534	33652736
72275366	1085440
457202	8425472
35373386	1073778688
22836206	671089152
26037326	4311744513
5881286	2164264960
50231702	1610613248
39656018	2147549200
56808578	671088768
5566034	4311744513
59573594	4311744513
70910030	1081345
22914290	3221229568
7514570	67112961
47819522	83886081
27700094	4295004160
19956170	150994945
60521618	2147520512
24287726	67158016
47095706	1073778688
18897014	4429185025
37381862	196610
197030	1610612992
43426730	671088768
54448562	1610612992
72426998	2147520512
6209498	57344
21716462	1610613248
41175254	16777282
57768590	1610613248
39737342	1048610
80958890	2147520512
47225306	671088768
47541206	1085440
35024438	4395630592
60467186	1610613248
1089326	134217734
58439270	1073778688
58543274	327681
15610034	3221229568
80127182	3221291008
38683046	671088768
22059254	2101250
81635078	1074823168
35414534	4311744513
20097110	3221229568
46932734	671088768
2492570	2147749888
23197790	4311744513
35899886	2147520512
76649042	36865
47255438	1610613248
77627198	1107329024
13512782	1610613248
71337710	37376
5946410	327696
76035062	134254592
57158498	16810048
6770990	16809985
54143354	671092736
33658778	134221825
35611202	2147520512
9882686	67108929
7984370	1610613248
33089510	1073778688
12100466	1073778688
22952846	671088641
6695174	16779520
75617750	4362076161
59839274	4295000065
68038418	2214596608
14002022	4362076161
40434266	37376
26720642	150994945
11194886	136318976
51902894	4362108928
67573802	1610613248
58546190	36865
65422442	671088768
3583802	1073778688
43257602	4362076161
21760850	134221952
67394630	8392706
9695414	4311744513
40123874	36865
18528302	67141633
4098962	1610613248
34651190	1140850689
76570958	1610612992
36567002	2147520512
38823986	1081348
29732870	150994945
4530530	1610613248
38858654	34619392
26338970	1610613248
2084330	2147749888
63983234	36866
9392150	1610612992
70884434	2214625280
65600642	1610613248
34265954	135299072
187958	1610613248
24316562	2129921
41421818	1074003969
46878302	67113024
39947618	1081348
38195102	671092736
72177194	671088644
10781786	2147549200
56435330	1610613248
32342042	67141633
1010	1085440
37522478	4311744513
6425606	2147487760
417998	67108944
8328134	1058
75473894	2621696
32345930	2147618816
49298906	1610613248
24333734	16809985
69602366	3221229568
30305702	24580
44366006	1610613248
76166282	36865
24014	1074823168
59633858	53248
68327426	3221258240
40033478	671088768
30129122	83886081
23248982	671088768
51226706	1074823168
54029954	1610612992
12191186	671088768
28650710	1081348
72527762	4311744513
5278970	16809985
24717026	83918848
30788462	1610613248
15453218	4102
10557902	8523776
72175898	4362108928
22289294	24580
19401482	3221749760
35376626	4295004160
33535010	1610613248
47001746	16809985
65597402	1073745952
36352190	1081348
41439638	32834
48747134	150995072
65360558	134217762
59694770	671088644
74289674	36865
79105934	1073778688
32183282	1090535424
72881570	1140883456
30629702	1048610
10003214	4311744513
39368306	1073774593
41464262	4311744513
33288446	167936
20541638	65570
29909126	4294971393
47574578	134217860
25134338	1610613248
47053586	1610613248
41256578	2147520512
5125070	1610613248
4977650	2147484674
24737438	101711872
41647970	671092736
57050606	4130
24824270	524353
29865386	196624
80767406	1085440
35193566	36865
66200366	53248
66733022	671088644
73770626	36865
17825222	524802
153614	134250500
13834190	36865
3410786	2147516418
38649350	2147520512
52106690	1610613248
15107186	1610613248
1531586	16908289
77622986	67145728
34417586	1610613248
55487954	1085440
33634478	24577
19573850	4130
45080750	2147520512
55133174	37120
61970546	3758096384
57334430	671088768
72726374	3221229568
38049302	1610613248
78379526	299008
77009006	57344
33442346	1081348
62400170	1610613248
8787566	1090519041
29288018	36865
28058762	1074823168
26323418	2147487746
10321382	1610613248
16313762	17301568
65996246	134217762
61636178	4295004160
64509410	4362108928
18306038	4296019968
29602622	201326593
6515678	2147553280
52733954	32833
79973606	671088768
23789090	1610613248
14542454	1081348
34172966	1081345
60583826	65602
68304746	544768
34480766	671088768
15992678	1140854784
10122770	32834
71935166	1085440
36424442	4311744513
22183670	671088644
2897894	327681
71470550	2147549200
14970782	1085440
666830	167936
35060402	1081345
75468710	16814080
70337522	4295102464
40092770	69633
70824170	671088768
47083718	671092736
78046130	1074298880
21080126	1081345
64168238	17301568
71433614	1081345
26183450	32833
64419338	4311744513
81676226	1174405120
58932074	3221229568
68798846	2147520512
73011170	36866
19020134	150994945
24888746	4311744513
67208006	4311744513
73308926	1610613248
53274710	1610613248
69434858	1610613248
62530094	1610613248
712838	2147487746
3861470	1610612992
6935258	528386
12410858	671088768
31191842	2147487760
30713942	1081348
66243458	2147520512
52942934	32834
48825218	8392705
28396046	1610612992
57197378	671088768
67499606	4362108928
64299134	671088768
34633370	4295000065
31419614	32833
3629486	2147520512
11420714	134217734
15941162	1610613248
26462414	4311744513
59742398	561152
35957558	4294967361
57903698	1610613248
48512882	4311744513
13286306	2148012032
89786	4311744513
46254926	4362108928
32686130	1082163200
42314762	57344
10540406	4130
24212882	32833
79844978	1073778688
32086730	4295004160
46534538	1610613248
22797974	8392706
7913090	4311744513
55195706	196610
24700502	83886081
46635302	69633
37346222	196610
31750094	67141633
38016254	1610613248
80443730	1085440
35486462	4311744513
37931366	16809985
23985758	3221229568
25603166	3221229568
29948654	83886081
38811350	1610613248
20236430	1610613248
60465242	1073745921
41551418	1090519041
6842270	36896
4129094	1073778688
8877314	4295004160
27020018	150995072
35943950	671088768
32473262	4311744513
1044614	4106
69086558	671088644
15564674	671088641
79427666	671088644
9748550	2147553280
1129826	4362108928
38270270	36865
49180322	24580
81726122	671088644
38203850	17334272
57709622	70
24687542	4429185028
20885402	1610613248
77816090	4311744513
61069826	28672
69416066	150994945
17149682	4362076161
72166178	134218753
38495450	8392736
101774	4429185028
766946	33344
39831626	137216
68485214	1081348
61356242	1610613248
2766350	32833
55290314	1610613248
56611262	1073745921
14057102	4295000065
12400166	36868
63037154	1081345
51260726	1073746176
27011918	150995072
30724310	1081345
509042	537919492
49630034	134254592
10099766	36865
39527390	2147520512
46261406	1074266176
1763246	37376
8959934	36865
5220650	73744
25886990	1610613248
52786442	1610613248
65649242	1073778688
27027470	4362076161
66809486	70
72726698	1073778688
47571338	36865
65226746	2147520512
57151694	1610613248
13634282	16793602
24488606	1610613248
9038666	1610612992
7971734	4161
66509786	1073778688
37905446	53248
33632210	1085440
59654594	1085440
24752018	150994945
37719794	671088768
75366650	135266308
28173134	4311744513
7244678	16814080
26237882	36865
8514434	1610613248
12401138	24832
45262190	16814080
7381730	36865
4098638	327696
12895562	671088644
54391862	1610613248
72456158	1610613248
20193986	83918848
71870042	4311744513
12915974	1048582
21019538	1610613248
59832470	671092736
10115966	671088896
72913322	1058
859610	67141633
22905866	2147520512
40871666	4130
51583106	32833
37523774	36865
53721182	150994945
67697894	2147520512
46462610	671088768
59499722	1610613248
68012498	134217888
12542402	167936
23178998	671088644
58816406	4311744513
57068102	4429185025
59513654	1610613248
39794690	150995072
1742186	331776
35516594	671092736
23589506	4297097216
9520130	1610613248
22187882	1610612992
14601746	2147553280
37615790	2147553280
35606990	327696
9698654	32833
53942798	2147488256
5516138	4311744513
39480086	1085440
810686	1610613248
175322	33751040
57296198	17301568
73912538	67141633
32605778	1085440
8386130	167936
80014106	2147520512
12118610	8651264
73416494	6442483712
46920746	65553
34746770	2147487760
31825910	1610613248
16907006	36865
8933042	2129921
75669914	2147520512
62004890	2147680256
52768622	4362076161
35567138	201326593
75921014	2147553280
62693714	1107329024
5600702	2164264960
78764762	37376
17474978	1610612992
70525766	1610613248
75756422	4362076161
30088946	70
14719358	67108929
48567314	1107558400
39898694	67108929
37414910	4311744513
31145834	3221229568
4526966	4362108928
56079578	671088768
43268618	2147520512
12427382	671088768
33980510	4296048640
52016294	1081345
64751762	36865
30374066	1610613248
33035078	1610613248
54696098	2148012032
2430686	327696
40361366	137216
33507146	16809988
58582802	4362076161
10955126	1073778688
78205538	1085440
81234614	1073758209
18577226	4130
52501970	2147520512
17482106	1081348
7241114	5435817984
79889042	671088768
14481542	4295000065
77190770	1610613248
80568146	150994945
27064082	8425472
55697258	4395630592
35946866	1610613248
73431722	1610613248
15591890	83886081
52712570	1610613248
62459786	2147553280
81696314	5377097728
1565282	2147520512
30292742	1610613248
63123014	67108929
6189734	1610612992
17443550	102400
56340722	2147520512
12564434	1073778688
32650490	1081345
51230270	1610612992
21661382	4295000320
49821518	671088768
51186854	1610613248
44106806	36865
28105418	4311744513
39755162	36865
66814022	1081348
71327342	36865
60068018	331776
21303038	4311744513
67960010	1610612992
69374	2155872257
39267218	1074270208
15486590	4102
44498198	1115136
1451234	3221356544
36199262	4362076161
42982202	671088768
1172918	32834
65542322	671088768
50059334	2147487746
37975430	671092736
18871094	150994945
66685394	671088768
54990614	73744
77263022	3221229568
79692050	2147520512
9408026	17301568
31351574	4311777280
16263218	1085440
1884746	554696704
29960966	67112961
24426074	134283265
74812286	134250498
10804466	1610613248
51426614	4362076224
59733002	1610612992
24045698	4295000065
16803326	4362108928
12893618	671088644
594254	671088768
12875150	100696064
272522	2147516448
17370002	1058
2043830	4295004160
64324082	135299072
67625966	1610612992
6551966	2148012032
81321446	4362338304
30855530	36866
69656474	1610613248
56689022	1073778688
2867114	1610613248
35872994	327681
35789726	4311744513
74830106	1610613248
16656878	518
37986770	67141633
71787098	2164269056
75900602	1085440
8689718	4295000068
8786	1610613248
59590766	1140883456
7446854	1610613248
56866250	2147520512
28414838	1085440
14716766	2147520512
73226630	2147520512
79864418	3221356544
34194674	1610613248
36345062	67108929
16368194	1610613248
64298810	1610612992
25879862	671088768
6808898	1610613248
14153978	4362076161
22509614	4162
16208786	67141633
619526	1610612992
62618870	1074270208
6363074	3221749760
48454562	1073778688
18655310	150994945
39239354	1073774848
2757278	1090519041
8662502	1610613248
56509202	2147520512
44413958	83886081
69972050	1610613248
37658882	67141633
17337926	671088768
18796250	1610612992
73876250	150994945
50354822	36866
39495638	4099
78917690	671088644
64499042	17301568
77353742	83886081
66821798	16809986
14806514	1081348
43569290	671092736
4080170	2147484674
44298290	537395456
20197226	33344
67091366	1081345
34457114	16781313
75243530	1146880
27453206	201326593
4879478	2147483682
61422662	8425472
429014	67141633
48957086	327696
75680282	1610613248
47107694	16809985
21438470	1212416
684974	4362108928
5057678	150994945
58291526	1048610
5411486	557312
81111818	36865
1334918	1610613248
68894426	671088768
12429326	671092736
17969726	67141633
25806638	671088768
72411446	2147520512
9178310	2147553280
10050194	671088768
69398894	561152
44226038	2147487746
40125494	4362108928
10119206	16779266
55994366	1610613248
66122606	1073778688
24990158	4311744513
6119426	36865
48882566	4311744513
74049914	1074823168
4907342	1610613248
64695386	1610612992
77232242	67141633
34055030	671088768
15671918	1610613248
71657822	67108929
57193490	671088768
77681306	36865
69455918	1074823168
25931378	671092736
42584978	67141633
22057634	16809985
10143506	2147520512
43733558	2147520512
70875038	1085440
25131098	1610612992
48572498	671088644
61335182	1073745921
65503766	1610612992
31393046	800
23895362	4311744513
13056914	83886081
15325562	4328554496
16863590	37376
5222	4311744513
48713114	1610613248
66204578	1081348
71411258	1610613248
17420222	4295000320
42922586	1610612992
54505910	1610613248
49518902	524328
41112722	4311744513
39691334	83918848
68362742	671088768
19002314	150994945
2014346	1085440
43880006	36865
56655650	36866
59712590	671088768
23885966	36865
12648998	671088644
2416754	1610613248
61267142	134218753
32037158	671088768
47174438	36865
34208282	67665920
29760410	671088768
70487858	3221356544
27515414	1085440
752042	8425472
1003466	134217857
79138982	2155876352
30299870	1085440
25719482	327681
26426450	1085440
13031966	5368713216
26162714	1085440
44425298	1610613248
80616098	37376
71812370	1610613248
77906810	1610613248
66600506	1074823168
71796818	2147520512
45358742	1081348
9386966	2147520512
38304938	1610612992
35271650	1610613248
11806274	1610613248
72901982	4311744513
39376730	16793632
11177390	1090519041
41341790	536871680
55939934	1074823168
4577834	3221229568
81078446	671088768
79325282	4362108928
26658758	75501568
38761778	4295000065
21110906	4311744513
62352542	1610613248
26312078	67108929
38938034	4295000065
8277914	8425472
43147442	40961
4497482	100696064
28021826	83886081
679790	1610613248
72847550	3221229568
30084086	4130
57459170	67125252
4882718	1085440
40054538	4362108928
69481190	769
20929790	1174405120
66278126	1610613248
12428030	671092736
5406626	37120
29507366	1610613248
80829614	57344
47057150	1081345
80087006	2147520512
28719722	671088641
17912702	2147520512
3621710	67141633
3725714	671088768
18413606	3221291008
18948530	1610612992
50365838	33591296
14482190	150994945
17286410	1610613248
59439782	1074823168
54185798	1085440
29226134	3221229568
58718558	1081345
65764262	37376
18924554	577
42283982	1610613248
24530726	1073778688
52033142	1610612992
24820058	1073778688
62956154	1610613248
4479014	1610613248
40829546	1610613248
79681358	1081345
737462	134250528
64500014	67108929
45016598	25088
27418862	2147487746
23913830	1090519041
3828746	4395630592
33550886	8425472
15151574	40961
12351242	2147618816
21842498	16809985
20309654	1610613248
15058910	1610612992
4843838	2134016
43110830	671088768
209342	671088644
52106042	2147553280
31093346	4295000065
25083470	49664
18943022	83886081
42214970	2101249
76361654	671088768
21841850	16809985
37617734	28672
79103990	1073778688
73582058	1073778688
71227550	196610
73531190	1610613248
7919246	4362076161
41703698	37376
80005034	17825793
12371006	671088768
79513202	524354
11081810	2147520512
69080726	20512
10093610	134217733
14295566	17301505
74099810	671088768
39050138	1610613248
30578834	2147491856
74475002	1073778688
47575226	57344
21348398	4563435520
1013834	2147483682
5995658	2147520512
47014058	16814080
81178886	1107329024
74677502	528448
50651606	1073778688
74969426	1610612992
38908226	196610
53855642	1074823168
7124150	2148012032
64644518	83918848
23438846	4295000065
18665030	150994945
7998950	1082130944
45400862	134221825
67930526	131588
39260090	1081348
60372254	4106
33984074	16781313
12520046	553648384
3594818	671088768
19309466	67141633
30158930	67239937
58633670	4099
12276398	17858560
74507078	37376
74608166	4311744513
14959766	67133440
390458	75497473
37083134	671088768
15205682	2147520512
71315678	1174405120
61393826	1074823168
14699918	1610613248
18437906	16912384
75764198	1610613248
67007126	36865
52998338	1081345
19018838	150994945
52647122	1081345
46934030	1085440
13701026	134217738
66012446	1073778688
1152506	83886081
28947818	134250500
79751990	3221749760
32358890	36865
56006030	1610613248
47070110	671088768
77874410	1073876992
10617194	4311744513
43604930	20481
7582934	1085440
26451398	2147516417
55071614	2147811328
16769306	557120
43217426	67141633
36101738	1610613248
15416930	4311744513
961022	1610612992
35684750	671092736
25118786	1610612992
52206482	4311744513
74609462	1610613248
45608222	5369233408
15776246	1073778688
77097782	24578
38840834	4295004160
40130678	1073766400
2839250	1610613248
38850554	1610613248
74487638	36865
37365986	196610
43823306	36865
37841294	2625536
49105478	17334272
18131726	201326593
7112486	1081345
37686746	671088768
3836522	2148012032
62569298	1073745921
39960578	4311744513
54376634	1610613248
76254734	53248
50600090	1610613248
69270914	37120
60499262	4295004160
11109026	16779520
74853434	4362108928
1231238	1610612992
26457878	150995072
47878490	4311744513
41553686	5368741888
47425862	4295004160
14973698	67141633
12862514	671088768
51102938	2147745794
9553178	67141633
16973102	1610613248
12025622	83886081
65734778	1610613248
59083058	4362108928
48081638	4294987776
50535614	2147680256
45008822	16809985
67398842	4362076161
19617914	150994945
70718546	671088768
77486258	32833
65163242	4362108928
68633930	4362108928
74653526	36865
48924686	8425472
65398466	1610613248
56216306	36865
68580794	1610613248
25109066	2147520512
376526	331776
1386758	4226
53598062	1610613248
41984282	2147520512
13813454	67141633
39221858	1610613248
40579094	17305600
76363274	4295000128
57620522	2147647488
45348050	671088768
14259602	2147483682
5001626	196610
44827058	1610613248
15775274	1074823168
49664702	4311744513
1190738	1085440
13416554	1610612992
18863642	16781313
24575762	1610613248
70347242	1082134528
78049046	150995072
3153854	1610613248
54000794	1610613248
2750474	4294971393
69248558	134348804
40868426	1610613248
50023370	1090535424
70177142	36865
25779098	67108929
60059918	8425472
24541742	1610613248
68510810	70
17229062	4362076161
44287922	36865
41331422	2148012032
1129178	67633153
23253194	36866
7917950	40961
12324026	1085440
24139010	671088644
24044402	9453568
47689274	1610613248
54554510	1610613248
6798854	1610613248
186014	2147520512
78061034	32833
27664454	83886081
52259294	201326624
66442394	1081345
63880202	4429185028
9032834	32833
43077782	2147520512
45580034	2147487760
13042982	2147483682
18781022	524384
76585214	4311744513
43944482	536872964
73567478	17301568
58645658	1073790976
71099570	37376
50394674	1081345
81007490	1610612992
32054330	83886081
58748042	1048582
40271294	1081345
3468782	1074790404
28381790	201326593
10327538	1085440
25225382	17334272
27629138	4311744513
21191582	16781314
57374606	2147487760
81688214	2147647488
9508466	32786
77999150	37376
8142158	1085440
13159946	16809985
1617446	2147487746
13308338	2147520512
32705570	3221229568
41473334	671088768
54207506	83886081
32942090	1610612992
45017246	32774
17677478	16387
47004662	16779266
36729650	4295000320
28382438	4429185025
19886186	524354
7085594	32833
9619598	1074823168
38056430	36865
45356798	671092736
24974606	4362108928
14132918	4311744513
43970402	37376
6059162	1081856
54719750	4311744513
6851018	1085440
34055678	1081345
36494426	2147553280
79919498	36865
31068074	671092736
22429586	671088644
66014066	2147520512
43340546	1610612992
67652210	1610613248
30960182	4362108928
43062554	1610613248
30668582	1610612992
28952678	1610612992
76231082	1081345
76507454	1610612992
1954730	1610612992
12714446	70
12443258	671092736
3040454	37376
3027170	1610612992
10680050	16389
23165714	1073778688
17820038	1610613248
51341078	1610613248
22183994	671088644
61416506	1610613248
22332062	4102
25805990	1610613248
20961542	4295491585
4557746	3221229568
72622370	295168
32176478	37120
37472258	4362076161
22492442	1610612992
47265806	1610613248
49721402	671088768
44623910	1610612992
29188550	36865
38824634	1610612992
76081718	2155876352
14287142	528448
20722430	83886081
23207186	36865
39096146	5435817984
78515282	1610612992
73941698	2147520512
31008458	67141633
51602546	331776
661970	134254592
40925126	4362108928
18049106	2147553280
42646214	1610613248
17068034	518
52195142	1610613248
75580814	33652736
56825426	1610613248
62604290	37376
69812966	1081348
78282650	2147520512
39041714	8437760
40532762	3221229568
60427658	1610613248
80467706	50
58383542	32802
11942030	528385
56652086	671088768
61616738	2147520512
59091482	4362108928
72622694	134217733
38358722	4311744513
24142250	1141112832
1426610	1610612992
30486170	800
57139382	1610613248
73786502	2147483653
6680270	16814080
33615362	536903684
66451142	671088644
61958882	1140883456
66138158	671088768
40387610	327696
2710298	2097409
740054	4294971393
36596486	83886081
17439014	2147520512
53458418	2147520512
24386870	1610613248
690158	65793
71489018	1081348
40663010	134250497
39352430	67141633
48408878	1085440
10658990	16842768
46913942	671088768
34748066	671092736
22477214	536903936
53726042	671088768
79693022	4311744513
43314302	671088768
49014110	2147520512
15975506	671088768
61310558	24580
46899686	67141696
73482914	37376
80626142	4395630592
51345938	67145728
26588774	150994945
48988838	1610613248
57496754	4362108928
27015158	150995072
65038178	528386
45497414	2147487746
77861450	32833
40512350	2147520512
40796822	1610613248
27847190	16779520
41050190	294913
34741910	1085440
43339898	1610613248
21694430	2147520512
26576462	5435817984
35811110	1610613248
72564698	36865
40016306	2147520512
54459902	8425472
53600978	671088768
56768402	37376
44687414	671088768
78564530	36865
40602422	83918848
1856234	17301568
48820034	4311744513
32727278	1081345
18394814	36865
1355978	2148012032
68402	16843776
21844118	2147484674
78297230	1610613248
42182894	2214596608
67992086	4362108928
54155990	1081348
28507502	1085440
54310862	1081345
27576002	671092736
17673590	1610613248
47615078	1090519041
44696486	83918848
64218134	2148012032
64364582	4311744513
16365278	2148012032
62930234	2148008000
28842518	134217733
77884130	17827840
67370654	1610613248
75771974	1610613248
35233742	1610613248
22982978	1049632
10758782	1610613248
25615154	83886081
2566442	1610612992
23988026	536870918
34119830	671088768
39664766	33793
15981338	67141633
71451434	16781313
48650582	1610612992
11694170	25165825
37352378	196610
49476458	150994945
31377170	4362108928
25583726	4362080256
36715070	4328554496
24158126	1610612992
68418470	561152
17790554	3221229568
31055438	201326593
49421702	1073778688
21864854	2147487760
44273342	32802
46459046	671088768
38396630	536871170
69517802	1146880
2037674	4295294976
7158818	2147520512
76633814	36865
57308834	671088768
24481478	561152
69428378	671088768
53144786	671088644
31875158	201326593
46305470	331776
5531690	4362108928
57801638	4311744513
22432178	2148012032
23378906	1610613248
168518	1610613248
17046974	2147520512
19580654	671088644
68819582	1048582
18931682	577
81343802	4362076161
54329330	9220
66058130	8425472
42594374	2147553280
45204842	2147520512
67826522	1610613248
23784230	17301568
69214862	1073745922
58254266	1610613248
20142794	4311744513
81704414	1610613248
38293922	1073778688
37670222	3221229568
47141066	3221229568
41581874	67141696
46264646	1610613248
40588490	16809985
52201298	2147483682
44470010	2147520512
76163690	671088768
21689894	135299072
5856662	561152
75604142	1073774593
81104690	16809986
77150	1085440
38087858	671088768
4511414	1610613248
50392730	17301568
53233562	1610612992
123158	67141633
24972014	1610612992
32320010	2148012032
27820298	16779520
74563778	1610612992
72778538	4311744513
330194	1610613248
69082346	1073745921
31250486	67112961
65967410	70
28413542	201326593
66346814	4336910336
79686866	134217761
623090	537919492
63818642	1174405120
39025514	67133440
51294422	37376
78554162	5435817984
65942138	4328554496
491222	2148012032
61436918	4295000065
48564398	16814080
71917346	1073889280
51032954	134217734
23949470	2147520512
57149750	4311744513
7721930	137216
55777934	1610613248
45291350	4311744513
20578250	1610613248
57887498	16814080
52674338	134283265
54885314	17301568
17782130	4311744513
19244018	557120
59687966	1073745921
62538842	1141374976
45187670	3221356544
25605434	1610613248
28839278	16797696
29277974	1074823168
68543210	36865
209990	16779266
19110530	70
75519254	201326593
530426	524608
47918018	671088768
37084430	8392705
45014978	4311744513
65509922	3221229568
25420106	1610612992
2612774	1610613248
31182770	83918848
21999962	150994945
9430058	1610613248
38321462	135299072
41837510	32833
59272598	2147520512
68701970	1073778688
13994570	671088768
60451310	671088644
53044346	16814080
34556906	36865
68776166	1610613248
15498254	1074823168
256646	1610613248
20575334	1073741860
32654702	135299072
3735758	1610612992
3548810	67141633
11366606	671088768
81616610	2147520512
31026278	2147520512
39194642	671088768
27936290	1073754112
56749610	4362108928
42885650	1085440
57960074	4362076161
42455702	2147520512
24745538	671088644
77143142	1610613248
27665426	8425472
53802506	67141633
36048278	1073745921
43146146	4130
15797306	4130
69059342	1081345
23976038	536871680
81326630	16801792
65686826	8392736
1536122	1610613248
41943458	4295000065
6502718	17301568
7193810	671092736
79707926	16814080
49075346	1610613248
22131506	1610613248
37294382	4295000065
34518350	2147520512
58574378	1074823168
66688634	36865
77104262	1081345
16774490	4099
40852226	1610613248
51156398	65793
73716842	1085440
6356594	524322
44442470	134217764
48807074	4311744513
40311794	671088768
13911626	1074823168
10802522	134217733
69017222	1610613248
77682926	1610613248
20478782	1610613248
57778310	65602
79169114	1074823168
32725010	4294971393
61665662	67141696
69105350	2148532228
51641750	2147581952
22429262	671088644
26846354	537919492
24914342	331776
3893222	1610613248
20149274	1610613248
5567978	1610613248
75878894	5377097728
40358450	2148012032
32196566	4295294976
11168642	135299072
126398	134250497
7440698	8392706
70855274	1610613248
3056330	671088768
20707850	37120
72952202	36865
10676486	37120
57782198	671088641
43962302	1074823168
18031610	16912384
40646486	1081345
47340002	1081345
21267722	167936
73285598	4362108928
47607950	524353
17756210	1610612992
27112682	137216
15700754	36866
27826778	4295000320
34031054	4311744513
48662894	1082134528
60123422	32834
9733646	201326624
73138826	800
17220314	1140883456
43486670	1085440
29100422	1085440
50693402	4362108928
34759730	671088768
67165562	4295004160
44585354	167936
74800946	201326593
14327642	4362108928
29163278	1610613248
79828778	8425472
43562162	1090535424
27040106	36865
38361638	5435817984
38715446	16814080
80727878	331776
4596302	36866
106958	1085440
28515278	4130
1447670	134221826
58848158	83918848
18299882	4362108928
25683518	1073778688
25690322	1081348
31107926	1081856
12517778	1610613248
59543786	1140883456
1394210	4362076161
55918226	671092736
64009154	4303388672
59547998	1140883456
38386910	4295004160
39528362	524802
80931026	3221225473
34624622	67158016
32880206	67141633
52163066	2147520512
5794778	4362076161
54429770	1073778688
30427850	8392705
35593058	1073774848
47194202	671088768
40576502	1610613248
57908558	1074823168
34005134	36865
53224166	67141633
16720706	4362108928
56634914	671088768
68625830	1073745921
45252470	20512
31400174	800
31635074	16779266
44919398	36865
68189726	671088768
59581046	1610613248
759818	5368713216
76774754	36865
12528794	671088768
23426858	4311744513
57616958	1610613248
61137542	2147581952
44737634	671088768
57814274	36865
40312442	1610613248
71530814	53248
47139446	36865
62712830	4311744513
15404618	285213184
25647230	4295004160
44468066	4295098880
80665670	100663552
74799002	1085440
32956994	1207959680
57121238	83886081
31961018	5368741888
28276166	671088644
13028726	150995072
4103498	4295524352
42905738	557120
43317218	1610613248
34543946	2147487746
74206406	1073778688
18168338	4294967361
75093518	671088768
5641202	1085440
17204438	2147520512
33984398	327696
27938234	32834
10811918	4311744513
64443314	1610612992
38720306	36865
3104930	3221356544
45382070	2147520512
20358578	1073778688
29125370	57344
56090270	1610613248
38565110	3221229568
59547350	1140883456
16002722	2147616768
43079726	36865
47242478	1073762304
48315566	524294
45151706	671092736
77159342	150994945
66916730	4099
76890746	67371040
81047342	2147553280
8710454	2147520512
74335358	2101504
75230246	1610613248
48573794	1610613248
64765694	69648
47168606	164
9559658	1074823168
46240994	1074823168
29512874	4362076161
69442958	1610613248
21460826	4161
33557690	134283265
77281166	1073774593
62533658	1610613248
53714702	4296048640
12890378	1610612992
74436770	1610613248
5811302	671088768
24853430	4362108928
73571366	36865
66014390	4362108928
1599626	17334272
80669882	16797696
79488578	1074008064
3290582	1085440
9059402	1610613248
54633890	4356
65527418	36880
81673634	3221229568
22011950	671088768
77198222	36865
78979250	4311744513
30988694	1610613248
55084574	1610613248
44281442	4130
23433662	800
39491102	2147520512
47304362	70656
39296702	67637248
39162566	36865
47281358	4362108928
8837786	1610613248
745562	83918848
33461462	201326593
61275566	65793
26535314	2147520512
8174234	134217734
77205350	536903936
50431286	2147520512
34177502	1140883456
39189134	1610613248
8711426	1073774593
42748598	671088768
31219382	671088768
38467262	1610613248
42431726	1073745921
30494	134217888
69540806	8392705
63336530	201326593
71477678	671088768
63471638	68190208
38060642	4296048640
65532926	1610613248
46512830	67112962
51180050	67141633
3894842	8392705
54999686	36865
34188842	4362076161
56420750	37376
9668522	24608
43436774	37376
43357718	2147520512
29482094	131152
74677178	37120
52946822	524354
13632986	5435817984
26780582	671088644
12826874	2129921
1078310	4296048640
1186526	1610613248
61986746	67108929
77026826	3221229568
57546326	67112961
74693702	37376
9158870	2147520512
81219386	1610613248
5775338	1074823168
58443806	67109889
57310130	671088768
3465866	1610613248
21035738	3221749760
6411026	524354
77880566	36866
59643578	16809988
78379202	4362108928
71654258	1073766400
63158006	37376
96266	134250497
54457634	1610613248
36656750	1081348
34676786	1610613248
54507530	150994945
4259666	397312
31861226	57344
30798506	2147516418
63133058	800
7625378	135266305
53320718	1610612992
9912494	1610612992
67938950	1610612992
52374638	1610613248
3759410	150994945
57862874	2147520512
27627194	671088644
14818178	150994945
29273114	32833
51286646	671088644
24731282	672137216
20427590	1610612992
39053702	4295000065
38824310	36865
11168318	524354
44336198	1074823168
14334122	2180
75389006	1081345
71091470	36865
13152170	1073745921
51809906	1610613248
41699810	4362076161
72834914	1073746176
51151214	524384
65358614	3221258240
74903978	36866
31788650	2147520512
44522822	4362108928
70282118	1074823168
37479386	671088644
51082526	1610612740
56618390	1610613248
36834950	4295000320
6944654	1610613248
12458162	1610613248
71260922	2147520512
18669242	150994945
61309910	1610613248
69375242	67141633
68689334	1610613248
22542662	671088644
68316086	1610613248
55392374	4311744513
72214778	671088768
51496922	67141634
32150234	671088644
53490494	671088768
71800382	1610612992
26672366	1610612992
51956354	83886081
61101578	1074823168
20416250	1073745921
21682442	137216
43367438	134217733
17832026	1073778688
33640310	4362076224
27104906	8425472
15917186	83886081
57774746	3221229568
9746930	2148012032
18661466	4362080256
52376258	65793
33112838	1074823168
55621766	35
24609782	1610613248
70278878	1090535424
64935794	800
27537122	1081348
65870534	4311744513
36674570	134217734
27130178	134217888
46777538	83886081
67993382	2147618816
4949138	1610613248
10408538	101711872
41756834	16809985
68525714	1085440
40954934	2147520512
47452430	36865
38774414	1073778688
36689798	1140883456
67204442	4362076224
10534574	16780288
81134498	36865
61837058	16781313
13330046	1610613248
64297514	1610613248
62131574	1073876992
15569210	83886081
22786958	167936
43118282	1610613248
15940190	1610612992
67332098	671088768
7590710	4311744513
71391818	4311744513
8677082	1073762304
41842046	2147520512
36908822	36865
18447626	1074823168
10022654	1610613248
18468362	17334272
4902158	2147549188
56367614	1610613248
26742350	2147520512
1941446	1610613248
80584346	2149584896
1105850	1610613248
2428742	671088768
76816226	3221229568
26551514	1085440
6176450	67108929
19931222	1610613248
16703534	1610612992
70432130	2134016
55001630	1073778688
25466762	2147618816
53934050	1610613248
75015758	1610613248
10375166	2147487746
67030778	4099
74757854	1073745921
68350754	150994945
21407690	83886081
18256142	1610613248
59063942	1610613248
15935654	83886081
36232310	65793
72866990	1073762304
28884962	1074823168
2131310	8425472
48262106	671088896
64470854	1610612992
14922506	1090519041
18810182	83886081
49293722	36865
55238150	1610612992
35787782	36866
52805558	1073774593
19341866	16781313
13528334	2147520512
63642710	4362108928
47977634	8392706
54433334	4311744513
20910998	83886081
59247974	1073778688
2109602	1610612992
17305526	20512
21562238	150994945
38173718	1610613248
23401262	327696
19688546	134217858
26151698	2148012032
59618954	36865
14830814	1610613248
4046474	1140883456
67869614	1085440
27629786	1610613248
41912030	16809985
75116198	33536
12223262	40961
14714822	1610612992
23617046	2129984
42409694	32802
64496450	1610613248
4658834	1610612992
36953210	150994945
74596178	1610613248
36116966	671088644
17654474	2147487760
51145058	1610612992
42207842	1085440
57187982	671088644
67059614	1081345
785738	67141633
75266534	1074823168
76823678	1073774593
44366978	1081408
74147762	1610613248
43244642	671088768
56691290	1074266113
46787582	135266305
20448650	671088768
29550134	1610613248
49631006	135266308
465302	671088644
79181426	2147487745
80784902	36865
14201930	1073745921
15368330	4102
73321562	536871680
33066506	1610613248
66529226	1085440
66511730	1610613248
19051238	524354
55522946	1074266176
29838494	1085440
71264162	37376
68331638	37120
70666706	4295000065
78671126	4362076161
59527262	4395630592
16350698	4102
484742	1610613248
18506918	67141633
21590102	37376
46265294	1610613248
78480290	36880
18846470	150994945
5667770	2181070848
19100162	2147520512
69266702	1610613248
13273994	4311744513
65542970	1140883456
15817070	1082134528
60714722	671088768
1653734	135299072
14834054	2147487760
67225178	1610613248
10686854	4295004160
66245402	2147618816
17047946	33344
65416286	1610613248
37496558	4295000065
3172646	134479873
78866498	671088768
80194250	16781314
38900450	4295004160
18775514	150994945
12093338	36880
70733450	1610612992
7281938	134217888
609806	1610612992
23971178	4311744513
25438898	1073745921
40472174	2147520512
53592878	5435817984
32832902	557120
81706682	5368741888
14236598	536903936
73561646	2147520512
34965470	671350784
67829114	4176
29439002	4130
43763042	24577
1038782	4429185028
8336882	524354
3963854	1610613248
6753818	201326593
81390782	1610613248
327602	1610612992
9779006	8425472
52865822	269516800
33183470	134217864
40253798	134250500
73568774	4395630592
15585086	83886081
36066422	671088768
53786954	671088768
49118762	1085440
63371846	1610613248
18464474	1081348
6229586	67141633
18619022	1610613248
9408350	537919492
43063850	671088768
70830326	1610613248
38811998	4362108928
59606642	1610613248
2188010	2147520512
6794318	32802
23997746	83886081
230078	150994945
68805650	16912384
73536050	4296048640
23143358	1610613248
60934394	1610613248
58034	150994945
47296586	1610613248
38494478	671088644
12187946	671092736
82010	134217738
37381214	196610
32115890	4362076161
33313070	524354
81148754	1081348
51991994	134250498
18417818	2181070848
12120230	20512
146162	2147520512
75964754	4311744513
58193678	2147516417
70412042	1074823168
29198	65554
10520642	3221229568
49655306	1140883456
60747446	67108898
31075850	1073745921
7849262	1610613248
4529558	98
20838746	525056
1079606	1073811456
60481118	36865
43104998	1610613248
53299010	1610613248
23597606	36865
27845246	4295000320
41934062	4295000065
9124850	2147483682
7898510	33344
898814	1610612992
61209794	1074823168
6553910	57344
36929234	1081345
18647210	53248
4738538	1610613248
73104482	67141633
65895806	2147520512
60710186	1074270208
56939798	4362108928
70193666	24580
74668754	4362108928
41873474	4295000065
27819002	4295000320
77176514	1610613248
18232490	5435817984
26098238	67108929
61867514	536870917
52976954	671088768
8685506	32864
40006586	32864
51398426	82176
4828934	1610613248
75310598	1073778688
32336534	2147520512
55567658	67145728
49150190	167936
40203578	32802
10887734	3221356544
32026466	1610613248
18695486	4130
20260082	1610613248
33048362	1610613248
39282770	4311744513
32815406	1207959680
69830138	67133440
75524438	4130
60189194	67112961
35829578	1610613248
37540298	4311744513
57672038	5368713216
50372318	4106
70455782	134283265
61871402	16781313
62833358	557120
21778346	1081348
16236650	83918848
24289346	4102
7513922	4311744513
8006402	150995456
71395058	67141633
24710546	8392705
52615694	167936
54084386	1085440
74358686	1610613248
329222	16809985
51074750	1085440
67203470	38912
1406522	4102
18046838	1610613248
29372906	67141633
1769078	2148040704
64014338	67
2969498	16777250
41034962	1610612992
18692570	1610613248
52350986	3221229568
33497750	4099
54160526	4130
37567190	4295004160
30698390	33536
48443870	5435817984
54954974	37120
45083018	2181070848
78495842	196610
76393730	83886081
70181354	1610613248
22111094	1073778688
33373334	83886081
27364754	2147487745
2026982	671088641
60169754	1085440
37917434	1074823168
76519118	2147520512
70937894	2147520512
67399490	134217733
54569414	1610613248
53151590	57344
10926938	5435817984
25164146	1085440
70275638	1610613248
2577134	327696
15814802	1610612992
36864110	2147520512
3623006	75497473
11352026	1082134528
10233254	2147487746
36661934	2147520512
37334882	4295000065
54971174	1073778688
15359258	2164264960
44264594	4295000065
56890226	1073778688
79886450	2147520512
37085402	32833
68915810	671088768
77871170	32833
8175854	1610613248
14710610	2147520512
14646134	1081345
49556810	1085440
81006842	331776
51758714	37120
72328178	4295000320
23967614	36865
53691374	37376
81380090	1081348
62311070	2147487746
4667258	53248
58095830	57344
19509698	1073745921
80509826	2147520512
30131714	1610613248
4851614	671088768
3089378	1085440
55649630	1610612992
24727718	1085440
16293026	1074823168
53982974	1610613248
29495054	4295000320
41115638	1610612992
21178622	671088644
75460286	5368741888
18124922	2101504
38297162	1610613248
10789562	1610613248
76143602	4362108928
13124306	553648384
58289258	24640
49432070	4429185025
74374562	16912384
76364894	2147520512
71439770	1610613248
640262	671088644
66537974	1610612992
80234102	1610613248
19805186	150994945
76160774	5368741888
30089270	2147520512
73415522	2147553280
47348426	2147520512
53396858	16843776
55832042	1107300352
50504186	4099
48290942	1610613248
13856546	1610613248
74563454	201326593
9391826	1610612992
4987046	36865
41941190	4130
1718534	1610612992
56207558	1081348
2273546	327696
24238802	4311744513
46293806	671088644
52103774	2147778560
41890970	37376
9975026	1085440
64118666	1610612992
67832678	67145728
79878350	4362108928
15225770	671088644
65665766	1081348
66168938	134254592
67207682	1073766400
65765234	671088644
35745014	2147618816
26736518	4295000065
64381754	4311744513
2412542	4295000320
72615242	1610613248
38876798	671088644
3368018	57344
3547190	2625536
3456794	4362108928
18166070	1610612992
22430558	671088644
74053802	67141696
44652098	1610613248
32238362	1610612992
65487890	1610612992
55319798	1073745922
21810422	1610613248
52396346	1610613248
13099358	1610613248
8936930	134218753
45616646	4395630592
29829746	4362108928
62815538	83886081
27868250	2147487746
35765426	522
8757110	2147520512
2539874	2147520512
1090946	4362076161
25176134	671088768
57778958	1610613248
4179314	150994945
56754146	1610613248
22181402	671088644
29347958	67633154
50794166	1212416
80462846	4311744513
26896250	2214592514
57360350	2147520512
64083026	16809985
53392322	36865
11676998	1610613248
27548462	4395630592
75686438	2147553280
11186138	4362108928
53664482	1610612992
14922182	3221229568
73219502	1073774593
12707966	2147618816
15690386	1610613248
19900766	4311744513
12038258	3221229568
65935658	2147520512
60793454	2248146944
48753938	671088768
608834	36865
37318682	524360
1450586	2147811328
28889822	4295000065
54569738	16809992
21407366	150994945
43496066	671088768
25769702	4295004160
10330130	4311744513
18906734	36865
2339966	4226
5475638	4311744513
62048630	1073938432
25686758	1610613248
80019938	5435817984
75854	1058
11510138	1085440
23408714	1610613248
9756326	4311744513
105986	4362076161
73469630	36866
44387714	1073745921
20492390	1610613248
2913446	1610612992
38882306	33793
79468814	67141633
24125402	1610613248
18866234	70
56168678	1610613248
7489622	1073774594
45457886	2164264960
62813270	36865
41728322	1073778688
59722634	4311744513
60338882	2147520512
36603938	671088768
57578078	2147520512
75827054	1610613248
18908678	16843776
70678694	1610613248
78678254	671088768
48055718	671088768
6723362	1610613248
61181282	671088644
45002018	4429185025
1803422	8425472
2903078	150995072
23753450	67108898
70841666	2147520512
12713150	67141633
31179206	800
41298050	1073766400
25572062	4362108928
42356882	36865
53912666	8392706
52308866	1610613248
9086618	1610612992
33172454	671088768
557318	1085440
23427506	1610612992
8997518	1610613248
67439990	4362076161
5321414	1610613248
18062390	32778
42242834	671088768
76611458	2147549186
54161822	67108929
68967326	16809986
2118674	8409088
41105270	1610613248
51542930	36866
42442094	671088768
38503226	1610613248
39819314	1610613248
79957082	1610613248
18062066	1610613248
1123346	36866
56529614	167936
39445418	1610612992
45544070	671092736
28315046	671088644
49582406	35
38589410	2147520512
43182434	1610613248
32607722	4295000065
69273830	5368741888
44308658	16781313
56319662	2147520512
47117090	4311744513
65447714	2147520512
67179494	4362108928
31428038	17301568
5910122	33558592
72196310	1081600
20006390	1085440
33691178	83918848
73905410	4328554496
61313798	2147524608
49206242	1610612992
79454558	1048582
23376314	4311744513
64388882	1073778688
44193962	2147487746
16061042	67141633
74594558	671088896
2133254	1081348
76468898	2147520512
20482346	2164264960
37330994	4311744513
21239210	1074823168
61703570	1073774593
13690982	4099
53931782	1610613248
66154358	1081345
730658	557060
1029710	83886081
76671722	1073778688
15301262	83886081
16042250	1610612992
55785710	671088644
57240146	4362108928
81155234	67141633
55742942	36865
41302262	1610613248
60382622	37376
46392626	36865
38629262	671088644
15718250	557120
18749594	1074823168
60992714	1610613248
32691314	1073790976
31735514	1140854784
71415794	67633153
34333346	1073742400
11284958	1085440
76224602	37376
6701006	671088768
21422	4311744513
58207286	1073762304
81202538	33281
667154	18878464
64768286	1073762304
76448162	327696
13041686	1610612992
48094274	671088768
2799074	1610612992
15607766	4311744513
74952254	3221356544
26390162	5435817984
13812806	134283265
54034166	1610613248
27959942	671088644
3395882	1074823168
79482422	36865
17195690	3221487616
21972422	201326593
7923458	671088768
68089286	3221229568
15622670	1074823168
16542830	1610613248
34842998	67108874
70371218	331776
80317370	671088768
25119758	1610612992
48996614	67141633
52161770	1073778688
27644366	134250497
45682418	2147553280
24139334	671088644
53209262	1610613248
79144814	4362108928
44041682	1610612992
20286650	2147520512
12471770	671088768
42798170	1610613248
14578742	1073745984
27390674	671088644
13411370	32833
27582482	57344
37826714	671088644
39892538	1610613248
37864298	57344
1568522	167936
7349978	1610612992
20947610	1081348
78224006	2147487776
59165678	561152
57108278	671088768
3649250	4295000065
58557530	36865
1977734	1610613248
74909486	36866
15653450	1085440
20943074	135266308
31670714	3221229568
18002450	8425472
62033726	1082130944
59022470	1073778688
40467962	1074823168
3814814	1073778688
57925082	1610613248
24975254	2147520512
19290350	671088768
37353026	196610
7410890	671092736
51316778	1610613248
53571494	1092
29650898	1085440
11569106	1081348
50480534	17301568
16025726	83886081
7487678	36865
59612474	36866
78086306	2149584896
62139674	671088644
34437674	1073766400
67938626	1073778688
40761506	67141633
51695534	36865
30994526	66564
56412974	1073778688
66015362	1610613248
56127854	1074790404
73048430	16809985
418646	1085440
12601046	1610613248
2147186	1610613248
43459778	83886081
74443574	578
77296070	134221825
61598	327696
14320190	4311744513
9432974	135299072
47171198	1610612992
24105314	4362076161
26977898	671088768
44529302	36865
26966882	4362108928
17142230	1610612992
63281774	2147487760
10720226	1085440
77936618	1610612992
63654050	1610613248
66618326	561152
21458234	32833
38063558	1610613248
81480206	17301568
65053730	17301568
54146	136314881
26975630	163856
23248010	671088768
3235178	36865
59073014	1610613248
29403686	32833
69161078	1074823168
79867010	70
16346486	5435817984
21194822	1610612992
17674238	4311744513
24345722	1610613248
69565430	16814080
38052542	36866
53925950	1610613248
55365158	2147549185
62215166	2147487746
37572374	4295000065
53406254	2134016
18627446	150994945
67546262	1610613248
36349922	2101312
11304722	1085440
34571810	16781314
22454534	16812032
75068894	37376
28582994	134221825
1111358	2147745808
14630258	16809986
52593338	553648129
64552502	4295000065
66245726	1074270208
36417962	2147520512
48710846	4354
53305166	67141633
33762458	2147520512
62146154	16809985
51522194	1085440
72762338	1073750017
72270830	1140883456
39915542	561152
622442	36865
133526	134250497
41685230	671088641
26422238	671092736
59753090	1610613248
21194174	4295004160
11693846	4296048640
69792878	4362076161
28714214	83918848
78148514	1610613248
27830990	16779520
8242274	67133440
17396894	1074823168
43080698	1085440
48432206	671088768
45437474	671092736
81275114	77824
11522126	134218241
1096454	2147618816
59516246	1610613248
56997470	167936
64522370	1610613248
58876670	4362108928
53813198	32834
72782102	671088768
34632074	671088644
25463522	83886081
52168898	1610613248
9379514	1610612992
46460990	1074823168
12516482	4378853376
55646714	4311744513
41273102	578
63751574	32833
6943358	671088768
26613074	4362108928
31164626	1085440
32655674	67371009
15688766	83886081
8531282	671088768
274466	8458240
17998886	4311744513
66989630	1074823168
67643462	1610612992
70570154	16809985
32189438	16912384
6500450	1074823168
22481750	134225921
12001646	4311744513
70865318	3221487616
43233302	1074823168
42550310	33619970
38306882	1610613248
51571442	137216
48745514	28672
8538734	36866
47920610	557120
71006582	536903936
574490	1081348
16455998	5368709121
32746394	4362108928
7997978	16781313
70031666	671088644
12918890	671088768
47075294	17334272
76615670	671088644
28857098	67141633
50440358	2147487746
16425218	135266308
29421830	1073742084
57232694	671088768
14482838	1610612992
46729586	671088644
51667346	1074823168
33533390	135266308
685622	4362076161
3016478	3221229568
55340210	37120
26583266	2148012032
19495766	1610613248
81470162	1610613248
27525134	2147520512
42429782	53248
49399346	1610613248
1109738	1610613248
58873430	1081348
65693954	134254592
12661634	671092736
19154594	100696064
60065750	36865
68572694	28672
35319278	1610613248
5347658	1610613248
70891238	37376
76140038	671088768
75133046	1140850689
63703946	45056
18287570	1610613248
2288450	4362076161
6554234	4161
59171834	36865
7473098	1081345
69280310	1610613248
41668706	67141633
38817830	671088768
5936366	201326593
37248050	36896
42119390	671092736
16367870	17301568
65296406	536903936
37492022	286720
30017018	36865
15682610	5368709121
59157254	5435817984
9113510	1610612992
26878430	67158016
449102	16809985
57275462	2147520512
8035238	269549568
32323250	1610613248
25967018	1081348
58853666	1610613248
55601030	2147520512
74536562	1090523136
78256730	1085440
62987906	1610613248
80145326	1610612992
25783958	2147520512
72207650	2147520512
35394122	1610612992
67100114	16809985
12463022	1610613248
44702642	36865
60743558	4328521729
45274502	37376
79094	1085440
47645210	37120
68646890	1610613248
41186594	1073741889
9517538	2147520512
71781590	4328554496
62091722	2147520512
37516970	4311744513
116678	134250497
14366522	1081348
49040678	1610613248
7119614	2147520512
3646010	32773
65820638	67141633
46391330	671088768
27259778	83886081
73926146	4311744513
77034278	67141633
72004502	1610613248
33140378	83886081
29289638	4311744513
67130570	1073762304
2345798	1610613248
4778390	1081348
52718402	671088768
55917902	36865
51878	36865
72366086	2147520512
75620990	3221229568
9156926	2147520512
4604078	4362108928
66357506	1610613248
57486062	4362092544
64031834	1610612992
31992122	1610613248
47251550	16781313
72529058	1610613248
68812454	687865856
36244298	4395630592
48533294	1085440
23971826	67141633
28093106	201326593
37692902	2147520512
18873686	32833
36589358	4099
72685550	1140854784
58835522	1085440
57689858	1610613248
6908690	2147520512
7103738	1073745921
68733398	671092736
66521126	1081348
34708214	1610612992
31400822	4362076161
12603962	671088768
8408810	1610613248
13329722	1115136
3141866	67141633
57268658	671088768
23769650	1610613248
20683874	4311744513
9781922	4311744513
11174474	5435817984
4171862	4311744513
60693662	4296081408
24713462	1610613248
13398734	1085440
39243890	196610
80679278	2147520512
6370202	134283265
14660066	3221291008
56231210	1081345
34548806	4295000065
71847686	2147487745
33242762	1610613248
47934542	1073745921
41155166	3221229568
64478954	4295000065
10712774	70
52752746	671088644
25698746	2147495936
56096426	6442455040
885530	135299072
39160946	4295000065
75739574	1090535424
24946418	1073778688
78981194	536872964
39771038	2147520512
65519642	17301568
41156138	4295000065
69319190	1140883456
43980446	1085440
43295186	671088644
25832558	1610613248
11653994	1082163200
3130850	1082134528
59006	16842768
66429110	4362108928
44926202	1073745922
21791306	201326593
7785758	2147487746
33687614	100696064
2212958	1610613248
8532902	2147487746
71789042	5368713216
15356990	1073775104
40558034	83918848
53536178	16781313
223922	1081345
78199706	1085440
19378802	33536
61308614	1073778688
1727930	2147520512
51673502	671088768
74368406	2147520512
43844366	671088768
73486478	37376
35828282	671092736
36354458	3221229568
16816286	1610613248
4681190	1073778688
28920278	1069056
62773094	1572868
60530042	1140883456
34063778	150994945
79391378	1610613248
45414470	24577
244658	2097218
21842822	150994945
4729142	65601
74531378	196610
108254	67141633
66313118	83918848
68351402	1081348
55428986	1610612992
27831314	16779520
57388538	1610613248
76221038	1073766400
53004494	4362338304
2494514	671092736
33793562	2147520512
12461402	671088768
5454578	37376
44589890	671088768
70442174	561152
2243090	1085440
86546	285214720
67738718	671088768
33889790	17334272
40783214	1610613248
16782266	37120
75012842	16814080
31832390	2147491844
36363854	2147520512
40867130	67141633
10367390	57344
14887514	1610613248
33545054	1146880
254054	4295000080
2476046	1081348
36042122	1610613248
3152882	2147520512
7225562	1081348
17119226	135266308
62487326	37120
78404798	4362108928
14524634	1074823168
602354	1610612992
1057898	1085440
58889630	1085440
66300158	4311744513
30757682	4328554496
17921774	83886081
79377122	37120
21148490	1081348
22767518	1610613248
60408218	1610613248
12413450	2147520512
26106986	4303388672
53443514	4295000320
58541006	2147520512
57324710	67141633
42740498	1610613248
49959542	1610613248
18495902	150994976
31751714	4362108928
61572026	33587201
9627050	561152
28901810	2147520512
69220370	1610613248
58414322	1610612992
67721222	687865856
51902570	321
24924386	2147491842
68107106	2147487745
43220018	83886081
42220154	17334272
65660582	1174405120
10110134	134254592
12070658	4102
68018006	1610613248
58971278	2147520512
11077274	67141633
33160142	671088768
53685218	2147520512
18023834	135299072
63897374	1610613248
8821586	1073778688
52213610	1610612992
45538886	1074823168
859286	1610613248
64544402	671092736
1145378	1610613248
52693454	1085440
32957318	4362108928
37690634	4295000065
25286942	4295000065
36766586	4362076161
28904402	4311744513
738434	1610613248
54187742	1081348
6530582	1073775104
48381986	2147488256
31395638	800
28083062	4295000320
65446418	28672
36050546	4311744513
45315974	1610612992
43220990	33028
39086102	36865
59555774	1140883456
18891830	4429185025
12729674	1610613248
80618366	671088768
1319042	1610612992
30122642	2147520512
8128874	3221356544
1714970	1610613248
43668110	1610613248
33279374	2147520512
19589402	17301568
24233942	1073905664
40356506	1073778688
33550562	1073746176
39543266	36866
71647454	17301568
4480958	1073778688
342830	1610612992
14349998	5368741888
50598470	1610613248
42809186	1610612992
79141250	2147487745
2424854	2147520512
15209894	1610612992
32917142	671088768
44989706	4311744513
49208834	2147520512
12596186	2147487746
58698470	1610612992
9101198	16777476
47749214	4295524352
80522462	2147487760
21451754	671088768
23103830	4395630592
56015426	1610613248
45647750	201326593
66478682	150994945
37286930	327681
71657174	1610613248
17570234	671088896
401150	42
1985510	524802
35933582	671092736
61142726	150995072
16478030	135266308
2245682	1610612992
61033214	4099
19018514	65793
1393886	8421377
2599490	3238002688
57266714	2147484674
63618410	37376
68255174	36865
47213966	2181070848
72161966	36865
37621622	1610613248
1448642	2415921152
22324934	671088768
53121134	35
67726406	67141633
37081838	1085440
80141438	1081348
12868022	24577
68078	2147520512
70645970	2147487745
75856538	1610613248
41966138	1090519041
6470318	1610612992
80333894	2147520512
1162226	3076
52002038	20512
36358994	57344
22176218	1610612992
39317114	1085440
45097922	671088644
21731366	16809985
52243094	4362108928
10645382	4295004160
65555282	1085440
61203962	1610612740
81741674	4362108928
38577098	1610613248
14014334	83918848
44361146	1081345
34125662	671092736
78871358	4295000065
48124730	4295000065
321446	2147487760
18669566	150994945
60171050	37120
15834242	1082134528
35206526	1610613248
59881718	36865
66092474	32833
62094638	1073876992
5533958	37376
47531486	1081345
62949674	134217857
75353366	1074003969
29479502	1610613248
22676150	8425472
61649786	4328554496
76387898	528448
77749022	1073778688
69490586	4295000065
40038986	1081348
60359942	83886081
18373106	135184
80120378	37376
79929218	1610613248
13914218	1610612992
365510	327684
62373602	8425472
49840634	4295000320
24240746	2147520512
55035974	671088768
75392246	167936
74560214	1073741860
47657198	4106
76899494	1610613248
63646598	4311744513
22822922	67133440
71785154	196610
26540174	327696
36044714	83886081
27015482	150995072
76713842	2147520512
92054	134250497
70407830	1074270208
34743854	671088768
27774614	135266308
28025066	1081348
36640550	17301568
42960818	4295004160
2333810	4311744513
6111326	4226
79917230	134283265
41841074	671088768
81162362	3221291008
26826914	16843776
4972466	2625536
33760838	1610613248
34255586	671088768
60181418	32834
57849266	16781313
35509466	4610
65047250	83918848
75718190	1610613248
227162	1081348
26614694	4395630592
64134218	1074823168
8110082	4311744513
57799046	1074823168
22467170	37376
11919674	2147487746
24933782	17301568
36343118	1081348
57115406	1610613248
26178914	2147618816
54331598	67141633
47664002	1082392576
29449370	2101312
19263458	100696064
73584974	1073778688
70242266	4362080256
73640054	1081348
63300242	83886081
23469626	671088768
69211946	36865
55894574	4328554496
51626198	36865
68654018	1610613248
41604878	1610613248
51023234	4295000065
49962134	671088644
3180746	69648
13752218	1073774593
12342170	1610613248
22431854	671088644
18367922	1610613248
938342	1610613248
707978	32833
58632374	2147524608
3714698	2147487760
35631290	671088768
32231234	36865
69506138	1146880
3324926	4362092544
14847986	135299072
75854270	671088768
14937086	4294983681
32257802	3221229568
4553210	2147520512
33711914	83886081
18393194	67
9457274	1610613248
64491914	3221229568
30687050	3221229568
23853890	536870918
77101994	2147520512
65641790	36865
53335298	1141374976
61158278	1610613248
62378786	1610613248
40546046	1610613248
9443990	2148012032
3990746	1174405120
78884642	2148012032
69616946	1610613248
72773030	524353
3240038	4354
36892622	2147488256
56984510	2147520512
10576370	1610613248
30075662	8425472
39395522	1081348
66760238	83886081
24379094	137216
29228402	16814080
62660990	2147516418
1329734	268568576
7512302	32833
63576938	36865
27415622	1081345
26921522	4161
36903314	671088644
78533426	4328587264
10466534	36865
48676826	69633
45276122	1610613248
81128666	36866
67759454	16809985
72168122	4311744513
25506938	1085440
14513294	1610613248
25827050	2147520512
774722	1610613248
42920642	671088644
61515974	17301568
64575182	37376
33799070	1610612992
1453178	1085440
2068778	16809985
66869426	561152
26841494	671088644
20897390	36865
1621982	135184
24581594	4295000068
28267742	1610613248
69256982	671088768
73367894	1140850689
57675278	1090551808
32914550	7
63454142	67108929
70117202	24580
77800538	5368709121
77810582	36865
67786346	138
56978030	4295000065
21922526	36865
81282566	671088768
69158162	2147549186
24558590	4311744513
1580834	1085440
17693354	671088768
81265718	1610613248
57141650	2181070848
60212198	1610613248
33117374	2147520512
21468926	57344
33143942	1610612992
18250310	1085440
42121658	1069056
76034738	1081348
74573174	66564
39702026	1610613248
1404902	1610613248
74438066	32834
53846894	2164264960
81157826	671088768
64195454	1610613248
2675306	671088768
51436334	1081348
64569350	1610612992
79758794	1081345
55575434	2147581952
46983278	1081345
53538770	20484
23246714	1610613248
70460642	4295000320
113762	67141633
70897394	1610612992
3177830	134217864
741026	150994945
39810566	1610613248
22839770	671088644
68538674	1610613248
41578310	4295000065
16665626	1610613248
45184430	671088644
33695390	4130
52855454	1073778688
34748390	671088768
78737222	2148536320
48681038	42
51709790	196610
40514618	4311744513
38190566	4311744513
1449290	8425472
12735506	1073775104
60162302	2147520512
6551318	1081348
69882626	1073742337
57756926	1610613248
77704310	1074823168
27056306	671088644
55497998	2147487746
36461378	1081348
73134290	1610613248
59909906	2147524608
49195874	36865
4215278	4295000320
76767626	2147553280
28316990	671088644
142274	2147520512
80927462	4362108928
5047634	4362076416
64411562	83886081
75128834	1081348
81561530	1610613248
44351102	1610613248
67583198	1610612992
18180326	1081348
52589450	1081348
8591222	2147487746
37306370	36865
12320138	1610613248
29339210	671088641
44517962	4362076161
18220826	8425472
70620698	1081348
3636614	1610612992
44018030	1085440
43915646	1610613248
72212834	1073778688
12860246	671088768
56711054	134254592
47201654	1207959680
57991502	2147524608
34776254	4311744513
56871758	67141633
46588970	2147520512
60877370	1610613248
48612350	2147520512
50016242	67108867
45274826	201326593
79624334	1073778688
80718158	33536
71118038	4362076161
61101254	36865
49269422	2147487746
32195918	2147487745
73049726	2147487745
12915002	671088768
54512714	1610613248
747830	2148012032
38827550	4102
25098374	671092736
78859694	5435817984
52584266	2147520512
76119950	1081348
22579598	1610612992
41913002	1074823168
4989638	524354
31487006	1140854784
49761578	36865
756902	2147549200
26942258	1610613248
73593074	2147520512
59832794	24580
47612810	4102
47943290	2147520512
6892490	1074823168
45329906	4226
53692994	671088768
53083874	36880
14290706	2147520512
35071418	1610613248
41635334	4295000065
54821486	1085440
34202126	66562
53388434	1073746176
10606178	67141696
78972122	40961
34247486	4429185028
345746	4362108928
9692822	5368709184
36151958	67141633
563150	1140854784
36830738	134218753
26823998	134254592
37665686	2147487745
34141862	671088768
64758566	4294971393
80868170	4311744513
37254854	2147520512
73997102	36865
46771382	1073746432
6205610	1074823168
61320278	1074823168
78856778	1073778688
2925434	36865
1122698	36866
3318770	83886081
80584670	1081348
32854286	4362108928
30753794	1140883456
36359966	83886081
65649890	4362108928
81312698	36865
80241878	1056772
5159738	167936
31059326	1074270208
3094886	1074823168
56143406	4311744513
35523398	16814080
68159270	1610613248
35539598	4328554496
14283902	32802
55609130	2147520512
28065242	1610613248
35993522	268568576
72838478	1610613248
31959398	201326593
44919722	4311744513
1533854	1074823168
79551434	4295000065
26927678	33344
2313398	1610613248
57573218	5368713216
60969386	4362108928
2434898	1081345
24430286	1073905664
81187634	671088768
62272838	2147520512
11337770	142610432
78429422	772
39615842	5368709121
17305850	3221229568
34816430	37376
69129974	1610613248
49942694	1610613248
45689870	1610613248
35153390	1610612992
8805386	134221825
8202098	37120
23449538	35
5002598	2147520512
81161066	1073778688
18451838	4362076161
2868086	1610613248
57092726	671088644
42601178	1610613248
25406498	2148007952
56714618	37120
79707602	1073778688
60683942	1081348
48412766	16809985
26883938	671088644
15945050	4362108928
27843950	16779520
130286	67141633
4264850	4311744513
22487258	2147487746
48474974	2147520512
1839386	57344
27259454	553648129
74512586	671088644
4952378	83886081
3697202	1610612992
29475938	83886081
2748206	1081345
79339862	327696
55887122	1081345
53389082	1610612992
2699930	1610613248
66485486	1073872897
47073674	16814080
52669154	1610612992
35213978	67141633
33561902	1073745921
432254	1610613248
74881622	67141633
11740502	4311744513
59521106	4311744513
34431194	671088768
34774634	83886081
47584298	671092736
62466590	36865
36312986	200
78223682	1610613248
924410	134254592
73903142	1610613248
17194394	28672
33496130	2147487746
80817950	1081348
67241702	2147520512
68995838	36880
29974250	57344
40089530	36928
65049194	16814080
3055034	528386
75880838	1610613248
3662534	40961
31404386	800
36478874	32833
32091266	36865
40517210	4294971393
34902614	2147520512
66994166	4295000128
29450018	2147520512
3369962	4362108928
48991106	671088768
22072862	16842768
21886562	17301568
63764534	671088641
26411546	4099
1978706	2148073472
19215506	1140883456
62809058	1085440
56615474	1610613248
52745618	36865
78305978	1073746432
18549038	4295004160
13750598	1610613248
33555098	4294971456
51087062	16814080
66301778	37120
51255866	2147520512
52411574	1081345
31017206	2147520512
1711082	2147484674
8404922	134250497
29813222	2147520512
27460982	100663298
78692510	2147520512
55291286	1085440
6237038	1610613248
4341962	3221225984
37851014	134283265
22944422	2164264960
42411638	4311744513
8804738	9469952
63667658	3221229568
28611506	1610613248
75324206	117440512
74344106	1074823168
75819278	1610613248
51333626	1074270208
57936098	4311744513
62822342	536907776
57378494	671088896
2761490	1610613248
70081886	2147487746
77864366	1610613248
3935990	16779268
42740822	24577
55321742	1610613248
47777078	1074823168
67873826	671088644
41088746	83918848
79373558	1081345
139034	4295000065
23556458	4294987776
19555382	83886081
13381562	201326593
21315350	1610613248
19878410	4329570304
36263414	327696
46806374	671088768
76242746	1081348
60090374	671088644
47395730	1610613248
56407142	53248
6521186	67141633
39068606	1073778688
64279046	1610612992
49021562	2147487746
56584370	4311744513
76605626	1074823168
80275250	6442455040
60279590	4395630592
79619798	32802
38323406	83886081
17696594	32802
2807822	1085440
3352142	1610613248
44410718	1048582
27848810	4362076161
64862570	4362108928
25888610	671088644
11758322	1610613248
1634294	1610612992
9128090	1610613248
59728142	5368713216
54310538	67141633
40052594	2147520512
10998218	1107329024
14205170	1610612992
44933978	67112962
41500874	5368713216
70122062	4311744513
2489330	687865856
11670842	2148073472
5476610	2147520512
21189314	671088768
78290750	67141633
3786626	561152
63383834	167772161
56998442	671088768
18974774	4311744513
31078442	150994945
30661130	525314
68174822	671088768
71415470	4311744513
9542486	1140883456
41102678	671088641
40177982	671088768
17619158	4295004160
62346386	1610613248
29021366	1610612992
26379470	561152
78773834	2147520512
8184278	36865
51608378	1610613248
4127798	36880
66215270	1610613248
59591738	671088644
17903306	1610613248
32906450	1081348
2099882	1081348
73163450	2147520512
24137390	671088644
39326186	2147520512
1007030	1048582
28200026	32833
16900202	1073741829
67898450	1610613248
21667538	1610613248
81496730	16801792
28960778	1082163200
61274	525314
2183798	134250498
63536762	1610613248
5755250	65601
11565542	1085440
3787274	1074823168
45532730	1610613248
10050518	16809985
77897738	57344
25070186	1073766400
40068794	4296048640
57532718	1074823168
18862994	49156
17094602	53248
81526214	37376
12655154	2147520512
55906238	1073778688
7887818	2147549185
13912922	33281
6550022	32834
47031554	83886081
21614078	1085440
36168482	68190208
47769950	4295004160
54695450	53248
75664730	1610613248
49922606	37376
68860730	4311744513
26617286	8425472
50977226	4296048640
42228254	4099
65318114	4362108928
41964194	16843776
1910990	671088768
59100230	1610613248
32553938	1610613248
47042246	8425472
39497258	1074823168
46958006	671088768
23706146	1610612992
81483122	36865
59534390	135299072
72111098	37376
61839974	4362108928
75194930	1081348
61960826	67108929
42650426	4295004160
5928914	4102
56222786	1074823168
9374654	1085440
52132934	557120
39737990	671092736
66110294	671088768
12430298	671092736
17856974	1085440
57808442	2181070848
22355714	671088768
58924946	1610613248
31053494	32833
68767742	1610613248
46524494	671088768
66567458	83886081
1320662	1610613248
70269806	3221356544
47597258	1610613248
76852838	671088768
50613374	1085440
11281718	1081348
54157610	33793
81533018	1073778688
15752594	1610612992
5910770	1610613248
38940950	1610613248
58996226	1610613248
80151158	3221229568
6152798	4295000320
1817678	4295000320
19804214	150994945
18877250	74
47603090	1610613248
41427002	1610612992
12559574	67141633
70306742	1610612992
13780082	2129921
6557474	1085440
18824762	1610613248
35910578	671088768
12184706	671088768
40560626	4294971393
17442902	1149239296
942554	135299072
26030846	1610613248
78131990	33652736
66859706	16809985
14849606	3221229568
22719242	1081348
75535454	1610613248
77812526	1081345
114410	134250497
1043642	525314
6699710	16809985
52914098	1610612992
864146	4130
41147714	36865
29979434	5435817984
70725998	1081348
79336298	2147487776
19255034	524354
64266734	1082163200
9409970	2148007938
33451418	1610612992
43460102	2147516418
4746962	528386
558938	1610613248
1423694	1048610
27857882	1610613248
5259530	671088768
61815998	1074823168
26800994	4130
36379406	4295000065
12795446	2147520512
57502586	37120
53044022	36865
66821150	16809986
37052678	671088641
39051434	1140883456
47738846	1073778688
17217074	1082134528
25182614	4296048640
31033406	1610612992
12650618	536872964
6155390	327696
27853022	32833
45712226	1610613248
66997082	1610613248
3330110	24577
24679766	67108898
40675322	1610613248
33239846	16809985
6918410	671088768
52249250	67158016
36407270	1073762304
3399122	1610613248
13310606	101711872
665210	83918848
36892946	3221229568
77815442	17301568
21823058	16809985
33866462	4295000065
72886430	1073766400
54938450	524548
72914942	1610613248
9115454	1081345
2971766	36865
18080858	1085440
18235406	671088768
2177318	36868
46316162	1081345
36501878	4161
68572370	28672
28427150	4311744513
42545450	2625536
12107270	163844
55765622	5435817984
423830	17301568
35495858	3221229568
45089822	2147524608
44224418	16797696
15182030	671088644
12767258	1610613248
79384898	1081348
38388206	1610613248
30596978	561152
66263870	37120
32452526	1610613248
7023710	2147488000
51127238	1081345
57319202	4311744513
14762126	671089152
16744358	33570817
74440334	2147749888
20813474	135266308
76137122	150994945
65770094	1610613248
71806214	1610612992
45314678	671088768
26069402	83886081
32639150	1610613248
79033034	4328554496
69808754	5435817984
22137986	1610613248
40677914	2147520512
30625490	671088768
68168018	1074823168
79661270	3221229568
39393254	671088768
19875494	1610612992
3211850	37376
59449178	5368741888
65486	546
40174418	1610613248
9678890	83886081
13423034	1610613248
37271054	671088768
75370862	49156
2127098	196624
41645702	36866
17143202	134250497
15455162	1610612992
55167842	2147520512
31555046	1073778688
26890418	83886081
80088950	1081345
27934670	135266308
29591606	1081345
35836706	1085440
68391902	1610613248
75886670	1610613248
69401486	2147520512
6508226	137216
55708922	671088644
38857682	561152
78936806	196610
76425158	1610613248
39629774	2147520512
1082198	1610613248
52354550	2147487746
40062962	1610613248
49045214	134742020
83306	40976
17788286	4328554496
34874750	16781313
51387086	3221229568
47136530	2147520512
51940478	1610613248
27970634	2147520512
35615414	1081345
88814	1081348
48410822	36865
5034350	67141633
2842814	671088896
3675818	4354
9367526	32864
34809302	4162
53662538	83886081
75804698	1610613248
40983770	4311744513
20786906	2147487746
30829286	1610612992
74009090	3221258240
60638582	1073778688
77938562	2147618816
55136738	1610613248
33585554	1090519041
34604858	1610612992
34221566	5368741888
66428462	1074008064
40717118	5435817984
56141786	4362108928
61480010	1610613248
12516158	671088768
53135390	1085440
20854298	1610613248
74205758	1073746176
15995270	1140850689
46664786	2147487760
14765042	4864
48666782	83918848
57460466	4328554496
1594442	4362080256
11314118	4311744513
61163786	16912384
36952886	1610612992
80722370	671092736
20799542	1610613248
48524870	1074823168
47196794	1610613248
61248674	2148012032
44851358	8421440
69753026	4362108928
17220962	1610612992
56160902	20512
43100138	1610612992
62662286	67633216
732602	17301568
69665222	100696064
8818994	3758096384
933806	131090
41644730	1073745921
4144970	1610612992
34440590	671088644
55409870	1073778688
8632370	67108929
48694322	1610613248
48839474	671088768
40648754	671088768
995366	1085440
1219898	4362108928
60336290	2147520512
34985558	2148012032
37375706	2147520512
13297970	1610612740
33579398	2147549186
36609122	1074823168
26760494	671088644
43432238	4362108928
9402518	36866
55948034	2147520512
18187130	67
4857122	561152
38852822	67112962
51731174	134222080
20150570	1610612992
2359406	2148012032
40772198	671088768
47863910	4362076161
73020242	2147520512
39587330	4295000065
51213098	1610612992
122834	67141633
26380442	2147618816
698258	28672
1861418	142610432
12987254	67158016
71784182	1610613248
16306958	98
43480838	671092736
11355266	1085440
7403114	4311744513
56545490	1610613248
17887754	1610613248
52714838	1610613248
36652538	2147618816
38773766	16814080
38792558	2147553280
57758222	1610613248
1779122	528448
81681734	100663298
40393766	4311744513
72972938	3221229568
29403038	4429185025
37185518	1610613248
53498270	671088768
21490634	4295004160
80464466	2101504
38735534	4295000065
8867594	1082134528
17329502	67141633
80338106	2147520512
19900118	150994945
48167822	83918848
57981458	4311744513
27883802	2147749888
6210794	57344
75858158	1085440
21015974	16809985
12623078	32864
42300506	1074270208
58413350	1081348
3772370	515
47597906	36865
52369778	1610613248
163658	3221229568
56253890	2147520512
26846030	671088644
26876486	16810240
53552702	16781344
73312814	671088768
2862578	150994945
35873642	327681
22505078	671088644
2521406	8425472
38781218	557057
11838350	134221825
21560618	16809985
41345354	4296015876
31383326	800
307190	1610613248
29290286	201326593
43683014	671092736
1116542	1342185472
68304422	2147614736
37348814	196610
4021526	1610613248
22927574	1610613248
48487610	4303355905
3226106	3221229568
18164774	83886081
897194	65570
58202426	36865
24096242	1073778688
79298390	1081348
33883958	1610613248
28685054	134479873
24192470	671088768
14878118	536871170
44419790	150994945
66876554	16781313
36178850	1073778688
15232250	536871172
43551146	4311744513
6365342	1073745921
7444262	134217733
31469510	36880
74324666	1074823168
52573250	557120
2342234	800
902378	1085440
1215362	67141633
10943786	2147520512
23264858	1610613248
23850650	1610613248
65759402	3221229568
72631442	1073876992
47902466	1610613248
3808658	67141633
49232486	1610613248
27318098	2147487746
31539170	134217864
29379710	1610613248
27927866	2147524608
66147230	4362108928
21058742	1074823168
13283390	4161
14436506	1081856
59933558	1081348
11398682	36866
48288674	1082134528
15731858	1610613248
30619334	4311744513
24504158	2147520512
42388310	16779266
67888082	1074008064
14888486	2147520512
57056762	4102
70801490	6442455040
26984378	1610613248
32843270	37376
19333442	16809985
31629566	36865
69394034	16781314
63797906	1085440
70347890	50
78366566	1610613248
2580698	2147484674
71418062	1610613248
45185726	36866
38922806	524294
3878318	2147520512
46622342	36865
66225638	1074823168
32656646	4295000065
30155366	4099
9509438	67141633
66414530	1073746432
31869974	1107300352
53118218	2147520512
24114710	32833
13666034	4429185028
29974898	538972160
1253270	1610612992
34117238	2684358656
48689786	1610613248
26083010	16809985
49278818	1074823168
14181518	33591296
65760374	16912384
853778	3076
47216882	1085440
31468538	2164264960
50799998	1085440
23779046	537919492
72119522	16810000
40047086	1081360
49440170	2147520512
72816770	1073762304
64263170	17301568
53885774	528448
26433254	4395630592
25558130	150994945
7622786	1085440
70618754	1081348
15134402	4311744513
41943782	4295000065
63868862	1610613248
46597394	1610612992
10985582	1074798592
61105466	1610613248
19473086	671088768
67584170	4295004160
7322438	67158016
56421398	32834
16205222	321
41563730	671088768
47556110	2147520512
19953254	36866
29663210	1610613248
79400126	3221229568
37485218	1610613248
21204218	8425472
41423438	561152
40098926	4362108928
63480386	2147520512
48089738	1081345
71189642	2147520512
5356082	57344
29592578	1073745921
53909102	1610613248
32617442	1081345
7743314	65793
28875566	671088644
12655478	671088644
30851642	36865
29996282	1610613248
80343614	134217733
78273578	8392705
56221490	1610613248
67797038	671088768
27150590	2147520512
77347262	1085440
34360238	671088768
67328210	1610612992
5552102	28672
53466518	36865
76265750	1074823168
6340718	3221229568
44061446	1610613248
15687146	1610612992
14298482	4429185025
1614206	1610612992
30246086	1610613248
80388974	1085440
1806338	4296048640
53605514	1081345
70692950	671088768
24012002	36865
57269306	671088768
52780934	1073778688
11487782	1610612992
9095042	1081345
41460698	35
38258930	4362076161
29641178	1610613248
76243718	671088644
43397894	671088644
5043746	1610613248
47185130	36865
1297982	2148012032
79556942	1081348
9979238	1081348
51238046	1610612992
10226126	67112962
61138190	16390
27233858	1610613248
75602198	36865
64114778	37120
77240342	3221229568
59513978	4311744513
16328666	16809985
46780130	1610613248
30166382	537919492
36099146	4295000065
63777494	1610612992
62484410	53248
39722762	1073745921
2833742	1085440
6809870	2147520512
38207090	73
34026518	4311744513
45533702	671088768
70130486	1610613248
76180538	67178496
46779158	1085440
39332990	4370464768
595874	150994945
61841918	1140883456
61646222	2147495936
38090126	1610613248
47670806	1081345
1838414	1610613248
29516114	150994945
61742450	4395630592
49614158	83886081
38055134	1073746176
13998782	57344
18018002	16814080
77197250	1610613248
51601250	2147520512
53086466	1085440
28027982	1090519041
1634942	328704
68471606	1610613248
16327370	83886081
18471278	2147520512
61891490	1610613248
21263834	4311744513
31001006	1074270208
12407294	327682
26324066	134218753
171110	2155937792
26600762	1610613248
68336174	1610613248
18148250	4362076224
18314462	671088768
62060618	524297
49640726	671088768
31477286	4311744513
65745146	1085440
29789894	1074823168
74855054	150995072
46401698	36865
1019342	1081348
303950	2625536
42272642	16420
80743106	327681
14612438	536871172
74897822	671088768
65528390	17301568
17518718	1107329024
57222650	2148532228
24369374	1085440
48875438	1610613248
65171666	16814080
75583730	671088641
4253510	1610612992
50788982	4362076161
22742246	4162
63321302	167936
367130	1073778688
63907094	1081345
38453330	4311744513
62728706	2147618816
53862770	17301568
5968118	1610613248
30387026	1610613248
34831982	4311744513
22189178	1081345
79359950	36865
18850358	1074823168
57349010	671088768
2896922	327681
60312314	1073778688
6827690	200704
57867734	4311744513
47349722	2147520512
9019550	1610613248
3956726	67
571250	134250497
20027450	4311744513
24818114	671088768
38206118	2147520512
28214930	561152
3105254	4099
35416802	3221225488
10932122	16777250
15899042	1085440
31669094	671088768
5566358	1085440
595226	518
17639894	83886081
26175674	1610612992
19538534	2147618816
44518934	4362076161
33190922	524360
27821594	4295000320
43256306	4311744513
80326766	3221229568
62111486	1140883456
34074470	4295000065
30207206	327696
56051066	524384
35694794	2147614736
61477094	1073778688
3589634	2147520512
66272942	16777282
61928750	36865
55524242	1048582
63463214	1610613248
35375006	36865
81725150	37376
18649154	1610613248
64647110	1610613248
41064446	671088768
44893154	557120
57993770	36866
46396514	671088768
40440422	24577
10730594	2147520512
47193230	1085440
6736322	1610612992
37816022	4311744513
8924618	67141633
34479470	4311744513
28016642	16809985
70404914	1081345
32748338	1074823168
29594846	201326593
14927366	1610612992
61271678	671088768
9972758	1085440
13248074	800
44053346	671088768
25276250	262178
77919770	33652736
51578894	1085440
18648830	1085440
48754910	671088768
73537346	36865
78663350	1073742084
60814838	1610612992
11773874	2147553280
59526938	201326593
21884942	150994945
9505550	671088768
4674710	36865
27274682	1610613248
44565266	33558529
32463218	17301568
12921158	671088644
16187078	1610613248
50775698	1610613248
56184554	4311744513
72221906	1610613248
43941242	1610613248
21292670	671088768
52898870	2147487745
46478162	671088768
1663130	36865
70838426	32833
59491946	5502926848
2546030	1610612992
37723358	1081348
62291630	4311744513
40712582	2147520512
63034886	4362108928
29401742	557120
41191130	2147520512
35855174	1342439424
76997666	1610612992
37462538	200
71947478	2147749888
30290150	1610612992
32743802	4295000065
11089586	1610613248
46319402	28672
12927962	1610613248
25397426	2147520512
44718518	37376
37931690	4362076161
1770374	134218880
56421722	2147520512
79701122	4311744513
80826698	1081348
28016318	134254592
77291210	577
75749294	2147520512
8657642	671088768
47403182	67141633
33700250	16809985
13134350	196610
109550	67141633
81242066	671088768
2695718	67145728
4274894	1610613248
67312010	1610612992
54918686	1610613248
33138434	83886081
54574274	4311744513
2350334	4362108928
63239654	40961
42029642	2147553280
74708606	1054720
10614602	1115136
40331234	536903684
41620106	1610612992
44410394	4311744513
39766826	4563404800
40049030	671088768
70617134	134217734
31724498	16842768
2876834	1115136
59858390	83918848
7870970	134250497
51981302	4295004160
24869306	1085440
8485598	2147487760
46715330	2147520512
65673866	35
33408002	1610613248
38198018	3221229568
4202966	1610613248
12189566	4295004160
704414	8409088
78047750	150995072
5787002	1085440
79026554	1610613248
38963630	1073778688
77643722	4362108928
22481102	4311744513
43227146	36865
4946546	2147520512
75552626	5368741888
34198562	67665920
6813434	2148008448
49046510	1074823168
56474210	1074823168
50973014	671088768
46593182	1610613248
41769470	1610613248
34318118	28672
65222534	4362108928
26949710	1610612992
6993902	331776
4026386	2147618816
70186214	4102
23646530	6442455040
9137810	67108929
1305758	1073766400
70870826	1610613248
4415510	2148007938
66559034	671089152
22881566	1610613248
57231722	36865
69340898	37120
37284986	2147520512
39786266	1073778688
56998766	70
31279322	17301505
8620382	2147520512
19152974	1610613248
52524650	1610613248
6431114	1610613248
2472158	1610613248
24581918	1081345
47408042	4311744513
71721650	1610613248
65667710	4295000065
36082622	1610613248
16171202	4295294976
1560746	4311744513
57251162	671088768
33430034	1074823168
69607550	561152
46813502	1082134528
29878022	36865
69561542	1610613248
52929326	20481
25432418	1081348
69368762	83886081
11515322	8425472
5585474	67141633
55462358	67141633
69601394	36865
74891990	1074806784
19844390	16777282
22404314	327696
4050362	2147483682
61794614	4362076161
66635498	8392736
59078522	36866
8627834	1610613248
4674386	524354
43522634	1073745921
27519950	671088768
72748406	1081345
1662806	4328554496
41252690	2147520512
2069102	8425472
55245926	83886081
42303098	36866
76416410	1610613248
71907950	66564
50687894	4099
25585994	1073778688
7276430	4162
15772682	150994945
55597142	1085440
22165202	4295000065
28554806	201326593
41292218	137216
2899838	17334272
16742414	4311744513
35984450	331776
15585410	83886081
56790434	37376
9995438	1090519041
46782398	4362108928
47878166	4362108928
19302338	83886081
1924274	1610613248
64338338	83918848
20080262	150994945
3281186	1610612992
56982890	1081348
72446438	1081348
26041538	67108929
13831598	67141633
20693270	83886081
57120266	1610612992
39503414	2180
17676506	4395630592
37840646	671092736
44153462	4362108928
6485870	16801792
9925130	2148007952
2191574	1073774593
43493474	2147549186
28793270	1610613248
16842530	1081348
80261642	1074823168
36631478	36865
38922158	1610612992
43265702	134217888
38694710	2148012032
35780654	36865
55258886	36865
9377570	3221229568
22591910	2147520512
49086362	1610613248
26992478	4362076161
66774494	1610613248
3031382	4311744513
73045190	671088768
41137994	671088768
79886126	33032
24592934	671092736
27662510	134217761
51348530	5368713216
59666258	1073778688
1143434	1610613248
61183226	671088768
78218498	33652736
460442	2147520512
71055830	35
25012190	2147520512
14628962	28672
47482562	150994945
10870886	4328554496
54299522	66564
45544394	4395630592
63992630	16785920
33650030	266241
18830	36866
66432350	1610613248
59654	1610613248
44552306	1610613248
45446222	36866
34475258	671088644
13572074	1610612992
22260458	83886081
44176790	671088768
38737154	36880
26329250	67141633
61844510	67112961
76325690	1610613248
72171362	4311744513
9363962	1610612992
11582390	2147618816
48403046	67141633
72073838	1146880
42365630	671088768
52232078	16781313
67631150	1610613248
74817470	1085440
47255114	1610612992
38054810	3221229568
78188690	4353
63255206	4395630592
56238338	671088768
22311326	1140850689
51441842	2147487745
67869938	1073745921
59060378	4362108928
6116510	36865
428690	2147483682
16858730	1081856
36034670	2148012032
117974	67141633
18139826	2147520512
12624374	671088644
53675498	1074823168
11116154	36865
56667638	528386
28801370	4295000320
4999034	4130
25713974	671088768
25881482	6442455040
10984934	4295004160
39312254	2147520512
61343282	17301568
67183382	1073778688
22770110	2147487746
54823754	83886081
48130886	1073778688
1929134	268472320
11578502	150994945
40827926	37120
10529390	1610613248
77847518	1073775104
50765330	4303388672
74415710	4362108928
12624698	671088768
56468054	1073778688
23247038	671088768
52212314	83886081
78365918	67141633
12716714	4329046016
17579306	536872964
30013130	4130
34095530	36865
79979438	1074823168
58078982	4295000065
33509090	3221229568
69064850	2147520512
16922558	1610613248
18217586	65553
52622822	1081348
48510614	671088768
36902342	1074266176
14879738	671089152
49530242	1610613248
880346	1610613248
42817286	671088768
48570878	134217860
996986	2147520512
49622906	4311744513
14460806	2147520512
50362598	1610612992
28926758	4311744513
78178646	33284
68705534	37376
59833118	1610613248
36538490	2147520512
47317322	671088768
2600138	327696
19811666	671088644
44240294	671088768
60150638	1085440
30848078	20512
27810578	36865
72415010	36865
50739734	4362076161
25016402	5435817984
50515526	1074790656
70232222	201326593
18914510	67141633
31548242	4296048640
64777034	1081348
29750366	1610613248
64795502	1610613248
38723546	1073778688
8696846	327936
5533310	1610613248
1187174	1610612992
753338	557120
62018822	1610612992
73269722	671088768
32725334	36866
13200770	2148012032
45417062	4311744513
9017606	1610612992
5113406	4295000576
68975750	67141633
19260542	1610613248
8234498	2148012032
69697622	671088768
32126258	4362076161
57215846	537133057
29205722	1610613248
19234946	8425472
56546786	36865
76442330	2147487746
79051502	1073745922
49267802	1610613248
69470498	671088768
67227122	83886081
5694014	4311744513
14707046	2147520512
20041382	2147520512
77811230	4295000320
37498502	5435817984
80025122	3221229568
57551186	67141696
2088866	1085440
72544934	137216
8102630	1610612992
43613030	2147520512
13398086	2147487746
48949958	1610613248
76529810	327681
39980666	1610613248
20174546	4102
3973250	83886081
11788778	671088768
51243230	1073762304
72641810	1610613248
36041798	28672
21885914	150994945
262478	32834
13143098	150994945
42160862	2147520512
1091918	671088644
59978594	1081345
16768982	1610613248
29010998	4295000065
16192910	4362076161
69367142	671088644
63127550	1610612992
22152890	671088644
76112822	4295000065
24068054	1610613248
40707398	4294971393
68000510	671088768
51566258	1085440
33303674	57344
50504510	269484036
49315754	67125249
12842750	1610613248
49410362	1073758210
18578522	67
39709154	4362076161
33403466	83886081
37504982	67141633
30728846	4311744513
12194750	1610613248
48891314	671088768
15794066	83886081
64540838	4295229441
52224302	67141633
76717082	1073774593
12236870	65570
75223442	1074266176
11728514	671088768
74216450	2147520512
44616782	671088642
43372946	67112961
54918362	3221258240
39717578	67141633
14052242	671088768
78322178	1610613248
37371170	196610
15415958	83886081
68895722	4362108928
78977630	16777281
50755934	671092736
17401754	2147520512
23610890	2129984
25557482	150994945
42363362	4099
12897182	671088768
58301570	1085440
32068910	3221229568
33776066	1610613248
34919786	2147520512
110846	1085440
69309146	136318976
71994134	1610613248
33176342	1610613248
15452246	331776
37232174	671088768
25672178	528448
63410078	1610613248
75429830	134217733
1583102	4362076161
19832726	150994945
11699678	524322
57781874	2147487760
37885358	1074823168
16466366	135266308
64277750	4328554496
18866558	67108897
22636622	790528
27147026	671088644
6555530	67141633
23141738	2147485698
76045754	1073778688
54388946	1081345
3385514	1074823168
28298846	67141633
15334634	557120
78927086	4311744513
76735226	8392706
1450910	1610613248
16476410	135266308
3372230	2147520512
48137690	67141633
22668374	1073745921
28364618	1085440
16471226	135266308
41178818	1610613248
53044670	2147557376
21459854	150994945
67439666	4362076161
39944378	4295004160
11675054	83918848
6776498	2148012032
69902066	36866
65737046	4353
80320610	1610612992
39307394	2164264960
50510666	528448
56425610	1610613248
32690666	98
33920570	32802
76373642	2147520512
1367318	67141888
65166158	2134016
50292938	1085440
18904142	134250497
40214	1610612992
7158494	1081345
71608574	4311748608
79418	2155876352
23209778	671088768
11531522	2147487746
41176874	16781313
73855838	2147516418
52732982	8388641
55942526	2147520512
10033670	40961
76498382	2147520512
40933550	4311744513
1385786	134219777
23859722	67141633
79741622	4311744513
71367518	37376
58210526	1140883456
23876246	1085440
18064010	2147618816
57245330	536870918
14932226	3221229568
29288990	671088768
54483878	83886081
68060774	5368741888
62612066	50364416
57499994	1074823168
36162002	134218753
41864726	4295000065
49626146	67145728
26079122	4362108928
37561034	268568576
22451942	83886081
30002114	1610613248
13697138	1073746176
67467530	1073778688
43956146	4362076161
51349502	1073778688
1796294	1085440
60474314	1081348
22732850	32834
937370	167936
56622926	1073778688
1483634	134221888
56165438	1610613248
42292082	671088768
20969966	2147520512
35068178	671092736
73797518	134217860
41319110	4295000065
78334814	1074823168
80278814	36865
52921550	4362092544
50379122	8421408
3384542	3221225474
49345238	1610613248
58471994	4311744513
54028658	1085440
43133186	16814080
48868634	4362108928
1127558	4311744513
7605938	1610613248
31603970	36865
2186390	2147549185
30211094	536872964
60676814	8585216
44951474	1610613248
15964166	1085440
73568450	36865
438410	134250497
51160610	1073778688
51874382	1610613248
25106150	1048582
32845214	1081348
62567354	1610613248
52155290	16814080
39795662	1140854784
68937518	36865
67689794	1085440
68108078	2148012032
24169142	1610613248
11131382	327681
4324142	4429185028
24286106	1610613248
8168726	97
42952070	2164264960
17541074	2147520512
73089902	134254592
136766	67141633
67369682	5122
4263554	1610613248
11320922	3221225474
18412958	671088644
1844570	4362108928
344450	1610612992
23573630	201326593
33688586	1610613248
3053090	83918848
61225670	1610613248
65958338	1107300352
54391538	37376
134822	67141633
50111174	671088644
47132642	3221229568
22229354	327681
41022650	671088768
44217290	4429185028
72635006	20512
56646254	36865
2109926	524802
41051810	4311744513
29354114	4311744513
1822538	2147553280
72346322	1610613248
39323918	4130
45291026	1108344832
81560234	8425472
33363938	1073774608
79659974	4362076161
36854714	1073778688
1813790	4130
27760358	3221229568
38887814	671088768
27619094	1081345
4327382	1610613248
38156546	36880
15261410	1146880
3265958	1610613248
72198254	67141633
68234438	1610613248
23431394	4295000065
74583866	1610613248
4668878	67141633
38347382	83886081
2323118	1610612992
21033794	36868
60591602	1610613248
47380502	4362108928
47489042	1610613248
60598082	1073762304
27028118	150995072
53741270	37376
16480946	2181070848
33264146	518
45330878	1610613248
34685534	1610613248
19324694	2147487760
41228714	67141633
59792618	1610613248
4433978	1610613248
53458094	1610613248
14083670	16814080
21939050	67141633
80714594	4311744513
7592978	83918848
255026	1610612992
28697042	1073774593
21383714	201326593
46905518	1081345
24394970	67108929
51076046	4395630592
73551602	557120
76932218	671088768
57051578	37376
3599354	4362108928
53421482	1081345
53932754	67182592
27491762	2147647488
34082894	671088768
43058990	1081348
25121702	83918848
3092942	4295524352
41629178	2147520512
14948750	1085440
37521182	4295000065
29410166	671088768
21760202	1610612992
42522122	1610613248
39035882	1610613248
37382186	196610
39054026	1610613248
68314790	4294967361
43967810	3221229568
2013374	1610613248
17896826	83886081
3860174	196610
70541966	1073778688
25896386	1085440
59954294	4328554496
64369766	2147520512
49289834	4311744513
56219870	1610612992
81645446	671088644
51468734	4362076161
22277630	4311744513
2058410	671088896
27459686	201326593
36416666	268568576
36325946	155648
1693910	134217864
420266	98305
982730	268568576
51392270	33281
41227742	5435817984
68434670	671088644
7348358	70
13258442	134217734
43941566	671088768
40831490	1610612992
38679482	4311744513
78818222	4295000080
7975946	4311744513
14906306	8519696
34417910	67141633
51378986	67112962
64639982	36865
25032926	2147487746
1782362	1081348
43004234	4362076161
44915834	4362076162
48901358	32802
59457926	2147520512
7129010	36865
61301162	538972160
35296598	36865
60859874	2147520512
5583206	1610612992
41503142	1081345
20121734	671088768
45055154	1610613248
745238	671088644
17124734	2164260866
23412278	1064992
4861010	1610613248
42642650	67141633
81709274	1074823168
16632578	135266308
81716726	1073778688
23458610	67142144
16521122	2147520512
15788234	83886081
68918078	17301568
10223210	1610612992
64037990	2147520512
69357746	1610613248
26773778	671088768
37269434	1610613248
65179766	4362108928
63452522	1610612992
36133490	5435817984
56120078	4295000065
2795186	2147520512
24666806	671088768
10748090	1610613248
79798646	100794368
71655554	4102
62835626	2147520512
124778	67141633
42512726	67141633
78801698	36865
73765442	687865856
77235482	4295004160
25879538	67109122
6526046	1610613248
31744262	4295000576
79860854	36866
40200662	4296048640
7809086	671092736
75793682	2147487745
79852106	4294971393
35678	135299072
80279462	1085440
33061646	1610613248
54089570	5368741888
36359642	1081360
39106514	36866
44095466	671088644
903026	16777222
49667942	2147483666
73515314	671088644
79700798	36868
3380978	36865
77017106	4311744513
57040562	32833
35431382	671088768
12911438	102400
32567222	67141633
715754	2701131776
52788062	4295004160
70959926	671088768
63618734	1610613248
44759018	4395630592
764030	1610612992
48832670	671088768
78428774	1074823168
38933498	1073778688
25211126	67108874
232346	4362076161
46046	1085440
1609346	1610613248
735194	4311744513
25424966	2148012032
75066302	67141633
36403382	1074823168
30884366	1081348
12197018	2147483682
33501314	2147487746
72351506	4295004160
15992030	66564
78744350	4311744513
25557806	150994945
1010594	671088896
404714	33849344
27921062	4362076161
55726418	1610613248
270578	2147520512
36827498	37120
52966910	67141696
1976762	16781313
26662970	2147487746
50256002	142610432
4211714	671088768
24662594	671088768
67550474	36865
77658950	4362076161
18696458	2147483682
22429910	1610613248
61608962	1610613248
47249282	4311744513
61526018	1085440
77467142	671088644
51212450	4311777280
46264322	35
56798210	1073778688
54251570	1073873408
68029670	36868
79012622	2147520512
30990962	36865
48862802	3221229568
18386066	201326593
24019130	1610613248
824618	1610613248
48261782	8425472
77835206	8392705
74778914	327681
19538858	2147487746
68898638	4353
70519286	1073872900
56612234	1073778688
46932086	36865
3705302	4311744513
67607174	4328554496
16949450	67141696
66924830	1610612992
18869150	1610612992
55126370	50
56051714	2147495936
64018226	36866
47889830	536872964
34384862	16809985
69601070	2147520512
48519362	1090523136
6016718	67
53801210	1074823168
52792598	32833
21626066	36866
70392278	67133440
38667170	4102
47267102	16644
7430006	4295524352
61927454	36866
2890766	327696
48081314	1081348
24118922	67141634
31188926	327696
53805098	150994948
42942674	671088768
8912954	1610613248
22573118	671088644
18934274	32833
63496910	4295000320
46647614	57344
60185954	33587201
49429478	4295000065
28316018	671088644
60917546	1081348
51135014	800
58300922	1610613248
57380114	536907776
49157642	57344
58781414	2147524608
1624250	1085440
73379234	4311744513
38942894	5435817984
31927322	1610613248
51268178	1140854784
361946	24592
5041478	2148012032
35843834	150994945
7137434	1610612992
59550590	2148012032
50484746	4362108928
13107134	1085440
50980790	1610613248
14000402	2147520512
894602	1081345
39749654	671088768
11134946	1610613248
50313674	1140850689
1658	1610613248
6720770	150994945
48750698	134250497
51739274	134217858
30806930	57344
1679654	3221229568
37972514	528448
22151918	671088644
36501230	1610613248
14452706	1081345
56840978	1107329024
68270402	36865
21829538	17334272
1466138	2134016
51859802	2621504
71187050	32802
64743662	1610613248
52042538	4311744513
24167198	671088644
47030582	1610613248
46417250	4362076161
5714102	1610612992
10937954	1610612992
51039110	1610612992
29743238	1085440
33218786	16809985
75101294	16912384
12497042	3221258240
60454226	1085440
58998818	2147520512
50761442	4362108928
949682	134217857
59988314	196610
2007218	1610613248
31406006	772
79802534	1073778688
45539858	2147520512
68692250	671088768
62139026	4362108928
23795570	35
17064470	1081345
42198446	4295000065
2247626	1610612992
29874134	1081348
75096110	2147487760
71776730	150994945
78367538	16809986
4645874	36865
72620750	4362108928
36242678	3221749760
54913502	67141633
70645322	4295000320
37932662	671088768
40525634	36865
39903230	36865
4941362	2147618816
14423546	2147520512
59117726	2147520512
74036630	32833
56181314	198656
66614762	4362076161
70931090	4362108928
6364046	2147520512
47734634	2147520512
11128466	671088768
32993606	2147616768
51045590	8421377
55990154	1073778688
38480222	2147520512
64961714	4362108928
49224710	1610613248
54236342	1081348
656138	1610613248
53448050	1073745921
68619674	1073775104
38900774	2147520512
6119750	134217860
10551098	561152
5525210	4294971394
50866742	1610613248
38769878	1610613248
4155662	33856
42190994	1610613248
31535930	4362108928
19530758	1085440
21448838	69634
74429318	2147749888
38757566	4362108928
39871154	1610612992
34980374	20481
42181274	671088641
39973538	1610612992
74155862	671088768
76601738	53248
30841922	67112961
10199882	57344
41452598	1610613248
33188978	32833
30168002	4311744513
49678958	16781313
74835938	36865
26130962	671088768
7325678	1610613248
59534714	4295004160
38376542	1610612992
62768882	36865
21700910	4311744513
58878290	1610612992
59595626	1073778688
52978250	4311744513
79597766	1610613248
77299634	150995072
39318086	800
28185770	3221229568
70141502	4362108928
35659802	4295000065
25177430	167936
42835430	16777476
43541750	1610613248
20436986	69648
62480846	2147520512
31411190	134250560
28233074	671088768
35726546	1610613248
7929290	1610612992
12660338	1081348
14600126	1610612992
2886554	36865
17959034	67141633
5754926	1610613248
48119870	1073746432
21520442	150994945
27033950	671088768
21838934	1081348
23830562	3221258240
17891966	102400
37322570	671088768
61665986	1073778688
70504706	1610612992
7003622	1082134528
44172902	4362076161
76818818	1081348
31965878	134217733
70525442	1073778688
49453778	1610613248
2252162	1085440
12573506	1610613248
6565250	4362076161
56605106	8421377
1002170	2147581952
147782	2148012032
36547886	4295004160
36885818	28672
17194718	24580
75433070	1073778688
822350	8425472
51662162	1140883456
62933474	4395630592
54922250	671088644
46900658	4354
49131074	37376
74552438	4362108928
33202910	36865
66775466	36865
79584806	1610613248
32500154	1081345
89138	1610613248
60728330	36866
35572646	2147520512
5249810	40961
75212102	671088644
2682434	4130
67528442	671088768
50582594	1081348
60855014	1610613248
21450134	150994945
46304822	671092736
3387782	1610613248
5699522	1073778688
6777146	1610612992
45068438	83886082
3685214	17301568
2782550	67108929
13599938	1081348
8173262	8392705
81249194	36865
31562822	1610612992
67451006	4362108928
59419694	67108929
44358878	2147520512
80721398	671088768
51881834	37376
3961586	2147487746
18732422	5368741888
72584138	37376
81727418	1610613248
2456606	32802
45241130	4362108928
75308330	1610613248
1263962	16810240
53712434	671088768
24857966	8425472
13316762	671092736
58139246	28672
30723014	671088768
63206930	671088644
32712050	2148007952
13256822	1610613248
31509686	6442455040
54363674	16809985
70213430	4295004160
63375734	1610613248
45164666	36865
61864274	4311744513
17699510	33793
16442066	135266308
55680734	17301568
6469346	2101504
56116514	70
78604058	2147520512
12742634	67112962
20912294	1610613248
36639578	2101312
62604938	134283265
23107070	36866
42514346	671088768
30847430	67158016
50648366	37376
71377238	671088768
3283778	4099
62586470	1085440
63850070	561152
31599434	4311744513
19985654	4162
65475902	16809985
77903570	3221229568
26112818	24577
46779806	1610612992
59223998	1610613248
77068622	1074823168
1801154	1610613248
43301990	671088768
81498674	671088644
75322910	4362108928
2719694	1610613248
33454010	201326593
2399906	70
31422854	1081348
67945106	1085440
20779778	1074823168
36582878	2147520512
29966150	671088644
56717210	53248
43127678	16777476
15114314	67141633
5213198	1212416
37737938	1073778688
24921146	1610612992
7075226	16810016
19857674	150994945
75917450	4353
52819814	24577
56066942	69634
43521014	671088768
52482530	53248
33844106	36865
33990230	1610613248
16493906	37120
943202	4311744513
32093534	1081348
44155406	1081348
68259386	671088644
68396762	4311744513
65027162	524322
33999950	35651648
43247558	4311744513
73278470	671092736
56447318	16797696
35556122	1610613248
28109954	1610613248
32051090	2147520512
3326870	134217738
18464150	1610612992
6486842	1610613248
72282494	528448
18896366	150994945
25869170	1058
11679914	538972160
30019610	75497473
20973854	557120
46219934	1085440
76199978	66564
14835674	2147487745
78544118	1081345
66812726	4294971456
52942610	2147520512
35432678	1085440
79343426	1610613248
15918158	32833
18854570	8425472
68802734	4864
69336362	1610612992
19047674	1090519041
16433642	327684
45656498	33591296
1125290	2147520512
46665110	4295004160
61859414	28672
7043474	1610613248
22814174	67141633
41676158	37376
56504342	1082163200
38716418	67141634
174674	1610612992
56153774	2147520512
77737034	134217860
68276558	16814080
69381398	1610613248
22400426	1074823168
33481874	2147647488
1456094	671088896
41083238	4295000065
81247574	671092736
41941838	1610613248
13013822	1610613248
75169010	16777219
57889766	671088768
41826818	2147520512
30165410	537919492
24128642	201326593
13275614	1610613248
64578746	2147520512
41875742	2147520512
10215758	327696
46693622	671092736
40593026	1074823168
38115398	1073778688
7350302	671092736
69501602	17301568
44146010	1610613248
73978310	4311744513
50400182	561152
77982950	16912384
41649266	36865
31683026	3221356544
69659390	1073766400
12930230	1085440
74734202	49156
4439162	2147483682
35004998	537919492
51512150	16777222
68685770	2147520512
41917538	671088768
76259594	2147520512
683354	671092736
46492418	65793
68199122	4563435520
11179658	37376
72278930	4295000065
65968706	20484
44524766	4395630592
17944454	2101504
3755522	671088768
69983390	16912384
61594706	67141633
46975178	1610613248
59115782	1610612992
79880294	1610613248
18868178	83886081
972038	36866
35476094	1610613248
12421874	671088768
79470434	3238002688
35004674	671092736
12545642	67108929
1717562	2147520512
23399966	53248
32071178	53248
21613430	135299072
63671222	37376
25597010	4294967361
57917630	1610613248
68008286	36866
6974138	1048836
1230590	4328554496
13268486	1073775104
43809050	671088768
67554362	1073746432
12926342	2147520512
25953086	800
23999366	671088641
60466214	2147520512
14538242	1610612992
80569118	2147520512
31115054	32833
81359678	2147520512
10337906	536875264
47926766	2147520512
19432262	1610612992
73586270	1610613248
18087986	4362108928
36342146	2147553280
18417170	1610613248
45527870	36865
37792370	5435817984
76972070	67108904
25692590	1073778688
36236522	1610612992
58104902	4362108928
41251070	4362108928
1728254	36865
34418882	1610612992
23976362	536870918
70316462	1073745921
2754686	137216
28118054	150994945
77638862	36865
65247806	1073778688
61386698	1073745921
8349518	4362076161
19222958	3238002688
37639766	671088641
30859742	17334272
12163322	1610613248
58441214	33558529
70352426	671088768
52695722	1610613248
39526094	2101312
27819650	83918848
16996106	4362108928
40063286	4311744513
222626	67633216
55513874	1073745921
3245870	1610613248
61257098	4130
62834330	671092736
32160926	671092736
4152098	36865
11506898	5435817984
68223422	36866
50960378	1610613248
11938466	603980032
53375798	2147553280
62802578	1074823168
46501490	4295000065
20331686	1074823168
65681318	1610613248
35354	135299072
9897266	37376
46358930	4311744513
8316470	1610613248
4772558	671088768
37616114	2147520512
24189878	3221229568
76250198	36865
54740810	4311744513
55279298	69648
74733878	1610613248
57523646	67141633
36770474	37120
25563962	2147520512
68244482	1610613248
23349746	1085440
12047978	3221225474
11981234	57344
60397850	1610612992
30601190	16777250
63020954	1610613248
79497974	36880
80299226	1073778688
59469914	134283265
46347266	4328554496
3536822	57344
26700878	1085440
23280410	327696
68986766	20484
19122194	1085440
71926418	36928
31828826	1081345
33813650	8425472
48250766	4295491585
35640038	671088768
58772342	2147524608
12538838	671092736
53909426	671088768
34483034	4294967368
5324978	4311744513
40180250	1085440
10681994	83886081
54620930	528448
5038886	2147487746
80869142	4295004160
34516082	4295000320
75803726	150995072
25453478	1610613248
50008142	1085440
30298574	1610613248
9099578	83886081
851834	4362076161
1182314	1140883456
78855482	36865
61304726	1074790416
605918	4362108928
43465286	4362076161
78330926	1081348
36379082	4295000065
23928410	16809985
23265506	4429185025
75773270	4295000320
938018	2148012032
14254094	4311777280
2903402	134217860
1163522	1085440
67575098	1610613248
19111502	2148012032
77217986	36865
21234674	1610613248
1744778	36865
60016178	67108929
32560418	1610613248
24611726	1610613248
28605026	1073762304
70240970	4311744513
67643786	16912384
10756514	4362076161
27748370	671088644
13037150	1610612992
7658750	4295000320
42591782	1610613248
5791538	2147520512
9678566	5368741888
78028634	2148007937
67224530	4294987776
39918134	4295000065
69715766	1610613248
66054566	671088768
36353486	16814080
80239934	1074823168
74917262	671088768
3666422	671088768
15608738	135266308
65224154	16781313
43443902	4311744513
11729162	41216
2202590	2147618816
24001958	672137216
28117730	1074008064
16661738	83886081
33674654	135266308
30387674	16826368
45466310	671092736
21250874	4295000065
154910	135267328
9653942	1085440
71394086	3221229568
52116410	28672
16130054	1057
79602302	36866
24990482	1610613248
53986538	524360
36209954	4362076161
51321962	671088768
74643482	1081856
15228362	671088644
51727610	37120
42965030	1074823168
8232554	4362108928
76053854	4362108928
29016506	4295004160
56238014	4395630592
41576366	17301568
30274598	16809992
43534298	134217761
42237326	1610613248
66274238	671088768
224570	538972160
18773246	150994945
25725314	16826368
24094622	1107300352
12905282	1610612992
11891810	2147549185
19856702	150994945
1658918	1030
42731426	5435817984
61671494	67633216
2145566	536875264
1513442	2181042176
29885150	1610613248
50490578	57344
7383350	1081348
69975614	53248
75516986	2147487745
76427750	17301568
66264194	536870917
50557646	3221229568
16904090	4295000320
58812518	17301568
20116226	75497473
2316962	1610612992
74494766	2147520512
67854710	1074298880
31443590	4311744513
65547182	2147520512
13043306	557057
1779770	1610613248
18822494	1610612992
4812086	524322
57881990	36865
16669190	167936
77100698	2147520512
54811442	32864
28014050	269484036
58764242	4295262208
5135762	67158016
1459334	1085440
33103118	1610613248
66452762	2147520512
47028638	1085440
71260598	4295004160
60692690	4311744513
54088274	16912384
4124234	4311744513
36626294	1081348
3844622	83886081
18058178	134217733
3314558	37376
28886582	2148012032
61629050	671088644
1353062	2147520512
3021662	2147484674
20842958	1610613248
13387718	134218753
68847446	536871170
56675414	1107329024
31521998	800
38953910	36865
32329406	1081345
7919570	1610612992
63508250	1610613248
38358074	4311744513
43910462	10486016
39594458	1610612992
14797118	83886081
81160094	1073778688
19975934	1081345
15879602	134217733
17960654	1610613248
76891070	1073778688
1971578	2147520512
67312334	4311744513
29892278	2147520512
61111622	1610613248
58118186	3221229568
3951542	1610612992
50462390	4362108928
19014626	150994945
45345458	536903684
2813330	4295000065
31398878	800
24150026	150995072
21668510	1074823168
58376090	1610613248
54877538	1081348
1108118	75497473
48500570	37376
74394974	5368741888
22419866	1610613248
122510	134250497
43036310	150994945
78071078	4395630592
52410278	671088768
58228346	671088644
69105026	36865
47338382	83886081
3758114	1085440
79589342	671088644
26042510	1610613248
29008082	671088768
33081734	1207959680
32049146	2147520512
78895982	36865
372314	70
24129614	40961
39258146	671092736
19522658	201326593
43058342	36865
22641482	671121408
33040586	1610613248
38017550	1610613248
1078634	1610613248
23995478	672137216
56198810	2147520512
39538406	671092736
40701890	67141633
71551550	83886081
16045814	1610613248
81345746	36865
45006554	4294967361
44637518	1610612992
25226354	67133440
31723202	671088768
26011082	1610612992
3254294	1610612992
32404898	2147520512
48596798	1073766400
23193254	1073774593
32510846	671088896
64507466	37120
57835658	1610613248
47195822	1610612992
57302030	2147520512
54170246	16809986
44868854	561152
31203506	4311744513
5630834	2147483682
39091286	37376
53225138	16814080
14912462	53248
36882578	70
46639190	671092736
52247954	671088768
1614530	1610613248
70907762	536903684
58161602	1073745921
10593542	4362108928
3125018	57344
22567934	1610613248
26348690	671092736
57924110	36865
32576942	37120
53966450	5402263552
30509174	83886081
22228382	4362076161
33084326	4295004160
53152238	1069056
44454134	1610612992
33208094	1610613248
34877990	135184
76820438	33619970
43907870	1081345
35015366	1085440
8969978	134217793
60936662	1610613248
31376522	671088768
50375882	167936
47894042	1610613248
54414218	1073742084
36312014	1085440
41057966	671088768
69888782	671088768
31390454	800
6436298	1610613248
78900194	67
39676106	37376
69349322	1107300352
14000726	1610613248
12763046	2147487760
11350730	4395630592
5940254	2147520512
78116438	671088768
4829906	4294967313
25647554	2147491844
61814378	3221229568
12528470	1073778688
33759866	36896
44186186	4295000320
67400462	1610613248
72644402	1610613248
31860578	150994945
5214818	1610613248
13050758	1610613248
69003614	1610613248
14761154	1030
68325806	1610613248
6169322	1089536
51162878	1074823168
45250526	67141633
20571770	1610613248
73295318	4362108928
76884914	1085440
53441246	37376
54928406	1085440
10524530	1610613248
71226902	1107329024
71520770	671088768
44918426	16809986
1840358	1085440
74984978	1610613248
4637774	16783360
7006862	3221258240
70856570	1610613248
80597954	2147520512
48686546	24608
34672250	1610613248
19032446	150994945
57914714	1073778688
74782154	2147487746
32951486	2625536
59969522	2147520512
67148066	135299072
31131902	83886081
32675114	1610613248
16930982	134218753
5641850	134250497
1112330	134250498
77509262	2147520512
9072038	327696
1655354	1610613248
50441330	1107329024
39145718	16941056
19263134	165888
34064750	134221825
55987886	1610613248
27311294	16777250
60134114	1074266144
41153222	557120
6959234	1073746176
22399454	2147520512
12688526	1610613248
5227130	36865
47705150	1073766400
20626202	1073745921
11216270	1610613248
43278662	671088768
81395642	4295004160
75000530	1610612992
51081554	1610613248
15335606	1174405120
68838698	1073873408
39596726	1610613248
49619018	83886081
23295962	1610613248
63331994	561152
29433818	1610612992
78142034	1082134528
52084334	2134016
40236302	4311744513
36068366	1610613248
452018	622592
15403970	150995072
74687546	1073775104
75449270	16777730
21103454	2147520512
66225314	1073746176
54654950	1085440
6390290	8392705
60129902	1610612992
8611958	32834
31873538	67112961
60489218	1140883456
3056978	1085440
37384778	671088644
49423322	4362076161
33141674	2147487745
56428850	671088644
53593526	4362108928
30855854	17334272
57349982	1610613248
81135794	2147553280
33006242	2147520512
52279382	2164261376
32504690	5368709184
43985954	37376
9797150	1610613248
65881226	1610612992
68126870	671088641
37740530	32833
194114	2147549186
19073594	1610613248
34554962	1610613248
15719222	4295000065
44525414	135266308
1822214	2625536
38957798	16793601
64122878	83886081
51792734	537919492
11417474	1073745921
53089058	4295000065
74843714	83886081
6211118	67141633
13823498	4311744513
4980890	321
62035022	1073876992
66365930	1610613248
64556066	5368741888
31285802	1610613248
59535362	671088644
42022190	671088768
4275218	1610612992
256970	134250497
36513218	1082134528
79977170	1610613248
52719050	1610612992
7881986	1082134528
59501990	1085440
33989582	16797696
64092422	33536
62846966	37376
69838562	53248
44368598	2164264960
49557134	137216
54239906	20512
31066778	671092736
51545522	36865
29204750	4295004160
11888894	5368709121
64378838	2147520512
30409382	671088768
35098634	1610612992
2514278	2155876352
69845366	1610613248
50662622	16814080
6933962	561152
21999638	150994945
4126502	1610613248
54602138	2147520512
69634766	36866
46864046	83886081
15418226	2147616768
1060490	201326593
60348278	2181070848
42617378	1610612992
1872110	134221825
43866398	671088641
14016602	2147487760
26174054	150994945
57543086	1174405120
39869534	1074823168
4661426	2147520512
63563654	83918848
81394994	671088768
21849950	1610612992
3063782	36865
8521562	557120
73912214	2147749888
37968626	1610613248
9512354	2625536
65740286	671088768
25791734	201326593
1640126	327696
41080322	528386
35287526	671088768
39103274	67108929
155882	4311744513
3241334	1610612992
50335706	3221356544
34260122	2181070848
67902014	4311744513
19203194	1081348
56236718	2148012032
48484046	671088768
15122090	8425472
18621290	1049120
71743682	1610613248
36753626	1610613248
75317402	2147487746
46409474	3221225474
52313402	528385
36436754	4362108928
29392670	1610612992
26974010	1610613248
5165246	1115136
36710858	70
14300426	1610613248
53149646	1610613248
56769698	671088644
55813898	671088644
54306650	134283265
20093870	1085440
32605130	134217733
34046930	2148008000
10382618	201326593
63864974	1610613248
46321670	1610613248
33634154	671092736
52781906	1074806784
6302486	1085440
20513126	1610613248
24175946	4099
36972002	1058
65845586	4362076161
24181454	1610612992
8173586	671088768
17328206	1610613248
42656582	1610613248
52621526	4296048640
74448758	32834
65365418	1073778688
22934702	67112961
6165434	1085440
50242070	1610612992
16623506	4295000065
67763990	671088768
64632206	8425472
4243142	40961
26520410	36865
27825482	83886081
26624414	5435817984
30703898	1073778688
77430530	1610613248
5518082	16781314
163982	1085440
9891758	1610612992
71591078	37376
46201466	1073774593
23531186	201326593
48748106	4130
68503358	2147520512
37523450	16777281
29687186	2147520512
14757914	1081856
59110922	1085440
29447102	671092736
975926	1081345
79489226	2147520512
7287122	36865
13971566	36865
64740746	1610613248
31390778	800
47565506	4102
59041262	36865
14905010	1081348
16768010	1610613248
20587646	671088768
35764778	671088768
44636546	2147487745
80153426	1074823168
40736234	36880
79780502	8392705
6996170	1610612992
67989818	83886081
23765762	37120
20876330	1081348
15105890	67141633
76369430	1074823168
67540106	1610613248
45420302	1610613248
63381566	1074266144
74189558	4130
6873698	67109632
61323518	1073778688
13131434	4329046016
74133506	1073774593
39686474	36865
55821674	1073778688
21145898	2214596608
12973646	1073745921
5306186	1085440
25199462	553648384
24934106	327681
25413302	1610613248
46647938	4362076161
51541634	36880
79153238	2147487745
65347274	1073778688
13581794	67665920
21197738	1610612992
70104242	1610613248
61027382	1610613248
17991434	327696
37401302	1073746176
15069278	1610612992
76747214	2147520512
54700310	134217860
44877602	671088768
18608654	2164264960
29134766	134218753
7891382	1085440
7029542	6442483712
72423110	134217734
56611910	1610613248
35250266	671088768
3607778	1146880
39537758	671092736
57348038	671088768
22125674	671088768
4717154	4362076161
64084646	66576
63430814	134217988
152642	53248
21823706	16809985
69990842	1610613248
62021090	36865
23212694	671088768
81315290	4311744513
36032402	1146880
76348694	327696
21718730	1074008064
20704934	2147581952
5378438	4295000065
20350478	1090551808
75355310	1610613248
69434534	1074270208
43771142	1610613248
6475826	1610613248
1191710	16814080
33197402	67145728
6453794	1074823168
39996866	1074397184
53546222	671088768
54812090	1610612992
43288706	4295000065
14479922	2147483682
67401758	1610612992
6037454	17301568
855074	70
81062570	671088641
76262186	528385
79306490	135299072
36197966	561152
21759878	16809985
21713222	8425472
68914190	2147487746
80310242	4395630592
63564626	2147487746
4287206	36896
15725054	4102
80404850	2147520512
1767458	4362108928
12355130	1610613248
33607586	32802
42429458	1610613248
3081602	167936
12290978	3221229568
59464406	1074266176
6770666	16809985
15328478	1140854784
68928446	327696
57346094	671088768
64078814	2129921
64201934	67141633
26013998	4672
12658070	671088644
69878414	4311744513
22519010	1610612992
1186202	67141633
26897222	1048836
2144270	16809985
71606954	2164260865
61359806	327681
51065354	4161
70460318	1073741829
7806494	1107329024
57980486	67141633
1945658	295168
49774214	671088768
14936438	28672
71156270	33587201
22382930	83886081
58177154	4296048640
49225034	16781313
81366158	1081348
39552014	83918848
17575094	1107329024
47363330	37376
64009478	32833
51989402	4362108928
49055258	2147618816
33440726	1085440
47707418	36865
32099366	1610613248
75716246	33587712
81574166	16812032
17735798	1073745921
63436322	1610613248
50336030	1081348
1959590	137216
70101974	1074823168
20064386	1073745921
25487174	1073774593
33297842	36866
10585118	1073778688
19314974	1074266176
65872802	1610613248
74268290	5435817984
57855422	134218241
57147158	1610613248
67359314	2147520512
27275978	671088644
58455146	1073778688
47416142	4311744513
38046062	671088768
51161582	32802
68851658	1610613248
28761518	67108929
61094126	1610613248
53866010	1073745921
19377506	327696
75147626	1081348
3932750	4102
77180726	671088768
53328170	3238002688
79381010	36865
41707586	1610613248
62253074	1610612992
44788178	66564
71314382	1610612992
27830342	4295000320
44531570	4362076161
4844810	37376
555698	4295524352
27356006	1073746176
41962250	4295000065
67576394	4362076161
56603486	1073778688
2402498	1081348
69538538	2147487760
63459002	1610613248
63069554	524548
35873318	1610612992
21209402	1074823168
40347758	135266308
13748006	671088768
38216162	4311744513
11923886	1610613248
81257942	3221229568
69817502	4328554496
42596642	36865
41897774	2164264960
31610450	4311744513
36325622	24577
21211994	553648384
73589510	671088768
43029506	1610613248
33338018	1610616832
3635966	36865
3794078	2148012032
61908662	1610613248
13541294	671092736
2831798	137216
32832254	2129921
12228122	83886081
76183130	1610612992
60320090	53248
65608742	1610612992
69117014	4311744513
3380654	327696
70976126	1610613248
6715586	1610612992
77060522	1073778688
34385834	134217988
3874754	1610613248
66716822	1140883456
4532150	2155905024
71901146	1081348
73595018	1610612992
19477622	671088768
8107490	4295000080
68018654	3221356544
8293790	1074823168
352550	16809985
51216014	2147520512
68938166	537919492
35466698	2148007952
467894	4311744513
71922530	671092736
35040314	561152
1228646	537919492
33861926	4295000065
46268534	135266308
8567246	1610613248
37159274	561152
585182	1610613248
70783670	536871172
23090222	32833
611102	150994945
6897350	1610613248
75367298	135266308
73760582	1085440
31557314	1610612992
14438774	67125312
42208814	4226
114734	134250497
18638138	4099
40034774	1085440
46507970	671088768
34935338	1073758240
65721818	17301568
59839598	4295000065
12300698	1610613248
58441538	1074823168
5717018	327696
37689338	200
36663554	1081348
36289658	1081348
30711998	2147487760
48433826	5435817984
36373250	671088768
77659598	135299072
46907138	67141633
26756282	671088644
32245814	33591296
15701078	53248
25025150	1610613248
27302546	671092736
4107062	1610613248
74512910	671088768
48578978	1140883456
15331070	1081345
38863514	4295000065
76447514	525056
60649274	4294967361
40445606	671088644
995690	800
9504254	201326593
80319638	37376
60119534	1058
81285806	67633154
27398450	1610613248
5023334	800
69529790	1610613248
12706346	537919492
22921418	1610613248
5900402	34820
12377486	1610613248
8510222	1081345
78751154	1073778688
108578	134250497
30769022	16781313
59406734	1610613248
53613290	1074823168
2216846	36896
2496782	1212416
7999598	1610613248
4956266	67141633
11401274	4295000128
41412098	1610613248
57325358	4294971393
29265338	1610613248
12395630	1140850689
7131602	1610613248
74331146	37376
10362206	67141633
47760878	2147487746
58057274	16809985
24432554	671092736
68515022	4311744513
68062718	16812032
63623918	4362076161
81016886	536888320
24517442	1610613248
41617514	2147520512
15305798	16777226
77715650	37120
21341594	83918848
76025990	4192
70947938	4362076161
80980274	2147520512
37665362	1085440
78025394	8392768
37492994	3221229568
68666330	2147520512
78850622	36865
74398862	544768
74360630	2147520512
18662114	17301568
7349654	268568576
49596014	4311744513
3223838	2148073472
7915034	2155876352
59605994	3221229568
51224438	67141696
11690606	67112961
21256058	1610613248
70628798	2181070848
16668866	135266308
35372738	5435817984
72507998	1073774593
71720678	1610612992
59200994	2147520512
31400498	800
24428666	36866
8117534	1610613248
7460138	4362108928
2266094	36865
25044914	2147520512
12419606	671088641
4441754	671088641
43199606	2147520512
60093614	37120
64280666	1610613248
42764798	40961
54567470	1610613248
20228330	65793
23740166	1610613248
22168766	671088644
68393198	1074823168
3338534	36866
73631630	1073778688
43480190	1610613248
61922	4295004160
35643278	6442455040
69783158	4362108928
27441866	2147487746
9595622	1107329024
52415138	1610613248
55843706	671088768
51930758	16814080
39809918	1085440
36493130	4311744513
38124470	38
7811354	4362108928
68726270	196610
33948110	37376
30033542	4294971393
73495550	1073766400
64024058	1610613248
6110678	1073778688
45539534	1610613248
22137014	2148012032
13538054	1081345
56145998	201326593
40364282	37376
73701290	2147520512
10810946	3221225474
30488114	3221229568
5917574	4362108928
61463486	53248
30944630	2147520512
20698454	1085440
54463466	1610613248
14885570	1610613248
31300706	2147520512
426746	402784256
6614822	1081348
77591234	36865
3916226	2148012032
22946366	3221229568
23421026	4294971393
23275226	4311744513
53402366	1081345
14772170	1074823168
51798890	37376
62675246	1610613248
23285918	150995072
5382974	1085440
77501162	2147520512
57133226	1610613248
122186	67141633
70350158	1085440
58763918	671088768
42033854	2147520512
43050890	134283265
50788010	1081345
22951226	1081345
77844926	2147487746
19857350	4311744513
3228050	4362108928
32959910	1081345
43742954	1610613248
68176766	3221229568
12807758	36865
51171302	1081345
12633770	65570
53324606	1610613248
1683542	2147520512
46875386	4362108928
20828054	1610613248
76331846	1081348
3404954	67141633
12334394	4295000065
63077330	1610612992
53431526	4362108928
75103562	16842754
37960850	1081345
5736134	1610613248
3322010	1610613248
67703078	4294971393
24168170	67158016
5216438	327696
10783406	561152
10213166	57344
8536466	1140854784
65434430	4295004160
79242986	36866
65751626	134283265
67834622	70
38718038	36866
26345450	16814080
67902986	1610613248
52924790	528385
61881770	201326593
6682214	671088768
50908214	4295000576
886178	135299072
72666434	1081348
15685850	167936
7210334	1610613248
42935870	37120
64315334	17301568
12916622	1610613248
7870322	2148012032
21807830	1610613248
40087586	67141634
79024610	671088768
12192482	8425472
44921666	4297064512
31547270	20481
41067362	1073774593
25665050	2147524608
55846946	37376
70408478	16912384
1229942	524353
68720438	1610613248
52671098	1085440
52866146	1073766400
2938718	4102
46724726	69648
69621158	2147520512
78306302	2147520512
71431994	36865
33815594	1610613248
28327358	1610613248
29374526	2147487760
57687914	5368709121
44426270	4362108928
72988490	8425472
6478418	167936
16093766	1610612992
64501634	83886081
1115570	671088768
47951714	2147520512
51994262	167936
75734066	1610613248
27318422	134218753
66861326	37376
18552926	6442713088
47347130	4294971393
18491690	4295000065
94646	8421632
62526206	142610432
59948786	143360
12531710	1081348
190226	167936
2961074	671088768
62911766	2147520512
63314174	1610613248
2511686	1074003969
64559306	1610613248
76009466	67112961
49205270	4295000065
15587354	32833
50971718	671088768
73920638	4311744513
13457054	4102
40770578	167936
3390698	1085440
69869018	4311744513
8912306	4162
43157162	1610613248
62264738	2147487746
648038	1073750528
9830522	671088768
8577614	4295000080
990182	83886081
34625918	32833
78152402	671088644
50777966	3221229568
53668370	17858560
17941862	1074798592
11077598	1610613248
61991282	135299072
22037870	4295000065
14093390	1610613248
7175018	671092736
80749262	3221229568
32409110	1081348
74739062	1074790404
33801986	518
45112826	1610613248
66714554	1610613248
21732662	16809985
19173710	1610612992
63030350	83886081
38262818	1610612992
70389686	5435817984
51812174	4295000320
69728402	1146880
74444870	4395630592
61126850	35
2971442	150995072
3540710	1081345
60576698	67112961
57265094	1073762304
9537950	4294971393
59929670	1610613248
41253986	4295000065
50724830	671088768
80181290	577
65809622	66564
22036250	37376
12400490	2363392
34354730	671088768
59929346	2147487746
47676962	1610613248
5368394	1610613248
81714458	2147520512
64733942	4296048640
1305434	1610612992
22449674	671088768
71522714	67141633
71596910	36865
13835486	1075843072
63355646	4295491648
68816342	201326593
1050122	1073778688
33003002	1081348
59503934	671088644
1234154	67141633
43628258	1610613248
28482230	3221229568
67556630	67108929
55137062	32834
3529694	1610613248
68024162	36866
56114894	1610612992
34268222	2147553280
17280902	1073778688
34127930	1081348
25378958	1085440
26883614	16781313
40158866	1073778688
15652154	1085440
13167398	1610613248
40187378	671092736
53682950	1081345
49027718	4362076161
12544994	134250497
79108850	1090551808
71243102	671088768
77680334	1610613248
77166470	83886081
58196270	2147553280
64247618	1073872900
2791622	70
36794126	4353
52720022	36865
58588634	2148532228
43385906	1085440
17640542	1610613248
975278	2147520512
20027126	1610613248
631190	1610613248
62833682	1610613248
22757474	2147553280
24141278	4295004160
58830662	1610613248
80917418	4362108928
72923042	1081856
44093198	65793
18223418	4362076161
43142258	2147520512
15000266	4295004160
79303898	2147618816
22279898	553648384
36168806	1140883456
3563390	2147483651
24545306	4162
53302250	1610613248
46495010	1140850752
6877262	2147520512
55156178	4362108928
30232154	1610612992
70998158	67141633
21262214	150994945
44163506	299008
13042658	1073745924
53501186	2147520512
40225610	4295000065
40124198	4295000065
2781902	1085440
6422690	1085440
75797894	1140850689
36723494	1610613248
66051002	671088768
2338670	2147483666
61077926	4295004160
6700358	16809985
9853526	671088768
51051098	67141633
39358586	1081345
54426206	2101312
26212286	4294967361
3523538	1610613248
37370522	196610
31809062	2134016
16105430	1610613248
29011646	1140883456
1728578	327681
68583062	4362108928
38927342	36865
202214	1081345
56454122	5435817984
57501290	4295004160
11142074	2147520512
75318050	1610613248
38560250	32778
63633638	327681
12679778	36865
33959450	2147549186
31405358	800
58612610	4362108928
496730	671088641
22671614	75530240
5201210	2147553280
10259498	150994945
71188994	37376
21406718	4311744513
26054498	37376
24095918	4311744513
31467566	16809985
66330290	4311744513
5508362	536871680
774398	1081348
1842950	1073872897
23961458	2164264960
12712826	671088768
32965094	1610612992
8270138	1085440
42861350	1610613248
35026058	36896
47019566	2147520512
50612078	36865
35624486	671088768
33641282	1610613248
77590910	1073778688
46251038	150994945
73891154	1140850689
15594806	83886081
1677710	1610613248
59622518	671088768
64418042	2147520512
17993702	1610613248
18595694	671088768
1352090	557120
6924242	327696
138710	4295000065
68382506	2147520512
31387862	1610613248
60634370	37120
59432978	4311744513
917930	1610612992
73864910	5368709121
60273110	1085440
3620414	1085440
37384130	327681
16634198	135266308
80092514	135299072
67751354	671088644
57211634	67141633
31071314	1081348
67724786	4362080256
26068430	36865
47537642	4362108928
22401074	1081348
47153702	1610612992
1982270	327696
59001086	2147520512
24749426	67141633
71177654	1610613248
57293282	4311744513
1348526	557120
2145242	67158016
60186926	536903684
69894614	2147520512
7139054	40961
27410114	1074270208
77652146	33591296
2221706	1610613248
49653686	671088768
72381638	327696
9711290	1610613248
15360230	83918848
55314938	1610612992
75298286	2147520512
47703854	671088768
28830854	671088644
4028978	1073774593
73746002	2147487746
2152694	537919492
58038806	1073762304
62882282	4362076161
31785086	1085440
26058062	1610613248
51443786	1081345
26250194	2147487760
28667234	2147520512
81185690	671088768
48266318	1610613248
48616562	4311744513
75865286	2147520512
5517110	1610613248
23413898	4362108928
19321778	1610613248
58819646	2148012032
46863398	671088768
58347902	1610613248
19703450	1610613248
57542114	5368709121
70672214	2147520512
77911994	671088644
65312606	57344
36056702	1610612992
11567162	671088644
22205702	36865
81154262	1610613248
61528610	36865
63308990	4295000320
81633782	671088768
7775714	331776
20796626	1610613248
418322	36896
2069750	4362108928
48314	578
81642854	8392736
66300806	1610613248
3073178	6476005376
48909134	37120
14797442	671088768
67766906	671088768
31697282	4610
2891738	1610612992
49374722	1610613248
13337498	24578
50758850	1610613248
67624994	36865
28063622	1610612992
53941502	2147520512
32350142	67141633
54652034	17334272
41012282	4295000065
54277166	1610613248
846974	4295000576
66930662	1610613248
41849174	1610613248
26367482	11
3541034	4311744513
3522566	4362076161
3858230	36866
48068678	671088644
39095498	36866
19986626	1610612992
53096186	331776
34566302	20481
58627190	2147524608
67988522	4295000065
2510714	1610613248
18969590	150994945
32824802	2147520512
13074734	36865
27148970	67141633
75192662	32833
80129126	2147484162
47316674	16814080
75599606	1085440
5165894	134217794
15937922	1610613248
66799118	1073778688
13479086	36866
23853242	4311744513
77909078	32833
75640754	1074266113
12069686	67633153
35626430	36865
33951350	3221229568
77703014	16809986
48179810	37376
7930910	2147549185
36537194	2147520512
24449402	515
80267798	1610613248
5238794	1610613248
42633902	134217762
48882242	2147520512
76057742	36865
40774466	671092736
13496258	1085440
75921662	66564
19149734	1073746176
2092754	1610613248
76353230	1085440
62985962	67
20702990	70
42241538	1085440
70103918	1081348
33769910	561152
69151358	36865
23982842	2147487746
50071322	1048836
770834	36896
25829642	1073778688
17368382	83886081
2263178	36866
7903046	40961
50874518	1610613248
51757742	2147520512
59533094	1610613248
59692178	3221229568
78120002	16777282
63339446	1610613248
39619406	1081348
49058174	1610613248
64532738	1085440
51247766	528386
25111658	42
55921466	1610613248
70345622	1081348
24060602	1074794496
10926614	1610613248
13036826	102400
78365270	1610613248
81369074	1610612740
74766602	83918848
13737638	67108929
79433822	1140883456
70567238	4362076161
3608426	4099
57871946	1074823168
55234586	671092736
3254942	32833
7116374	4311744513
32310614	1610613248
41873798	4295000065
2881694	134742080
75565586	3221229568
1662158	4328554496
11041310	1610613248
44212430	1610613248
34467806	671088768
56296334	2147549200
21000422	36865
37180982	2147520512
57939986	561152
51447674	1073778688
5116322	1610613248
187310	561152
2419994	134217888
68289194	1610613248
672338	1610613248
56292122	1610612992
63967034	16779520
806474	4362108928
1664750	1081408
65921726	1610613248
77059550	36865
31724822	1610613248
4884338	1610613248
61418450	4362108928
34484330	167936
70966406	2147520512
13812158	67145728
39566	1085440
64394066	24640
71710310	2147520512
45637706	75497473
33522050	4311744513
61126202	360448
47354582	4311744513
10831034	1073745921
48552410	37120
71309198	1610613248
14691494	4311744513
53591258	67108929
12873206	671088644
35550614	1081345
66770282	32864
75093194	1141374976
47579438	1085440
52111226	1610613248
50191526	4294971393
30397394	1074823168
2379494	2147487760
292934	4328554496
4212686	1081345
37033886	1085440
40212002	5368741888
56673146	524324
66807218	671088768
44532542	1610613248
23732066	1610612992
33786758	2147520512
28741430	1081348
14726810	524384
48676178	36865
56176778	4362076161
52544414	1212416
4829258	1610613248
68864618	37376
71669162	32834
11731106	2147553280
17474654	1085440
18052670	1073766400
13178738	40961
76016918	1073778688
81087194	671088768
75904490	1081348
41652506	36866
81553430	134218753
28859042	561152
13090610	1085440
78909914	4102
27639182	134250497
57553778	4295004160
35828606	671088768
38166590	4362108928
58622654	73
70635926	1610613248
43275422	561152
65710154	1610613248
22372562	1610612992
41099114	4362108928
5961314	524802
28633538	67141633
39165158	5435817984
61471586	1610613248
6702950	67141633
11740178	1115136
19764362	67112962
30317690	1610613248
61359158	32833
26494490	671088768
43453622	2147487746
57348362	671088768
43049594	4311744513
13122362	40961
79847570	1146880
60017150	1610613248
36451010	8392736
78029282	83886081
58551374	36865
1618418	2281734144
60644414	1610613248
39779462	36865
13438910	2129921
79945742	1610613248
40392470	4311744513
38021762	1081348
51955382	83886081
54329978	4311744513
39101654	1081345
1300250	1610613248
61733702	32833
7329242	1610612992
12419930	671092736
62703110	67141633
72695918	2147487760
77972906	671088768
27731198	5368709121
23797190	8392705
25983542	4362108928
20128862	5435817984
62999894	67145728
75377666	17301568
69257630	1073872900
57179234	1074823168
80602166	37376
37316090	360448
78345830	3221487616
32752550	671092736
17446466	1081345
58013858	67108930
75388358	36865
44483942	2147487746
6442130	1074823168
53279570	2101249
23203946	1610613248
62824934	1085440
63602210	1073774593
81137090	1074823168
78700286	5368741888
81531074	2147520512
15522230	2147487746
70657310	16912384
59357486	2147483906
416702	4295004160
26626034	1610613248
4777094	2147487760
71453702	167936
51668642	4362076161
70579550	25165825
28374014	4295000065
81383978	1074823168
55078418	70
40043846	4311744513
79563746	1610613248
12424790	671092736
80780690	37376
18846794	67141633
30613178	1074823168
67222586	1610613248
2737514	143360
70156082	671088768
66147878	2147487760
64459514	1610613248
56127206	1048610
79778234	1081408
60110462	1085440
32362454	557120
73713278	4226
25907726	1610612992
53053418	67129344
71165666	2147520512
55044398	1610613248
11207846	1085440
79833962	1107329024
33380462	2147520512
14703158	1610613248
72100082	1610612992
15860162	2148007952
78589478	1610613248
60098150	67108929
42827330	24577
43782158	2147622912
53530022	1610613248
14005586	1074823168
4826342	1610613248
75654686	36865
430958	4295004160
28936802	4362076161
80410034	36865
2335106	1085440
49036790	1610613248
72001262	671092736
51010922	4311744513
53571170	53248
17618834	2147520512
80741486	17334272
29625302	17334272
11712962	1610612992
4195514	2164260865
53441894	557312
21410930	67141633
44088986	4311744513
29577026	671088641
59274866	3221229568
32985830	150994945
33073958	16809985
63986474	16777219
160742	1610612992
38878742	671088768
26433902	100696064
2653922	1081345
1224110	4362108928
52495166	1610612992
2869058	83886081
20828702	1085440
5747474	9437188
77478158	36865
43571234	37120
39001214	1140883456
76888478	4311744513
13687742	5435817984
35486138	2147618816
70131134	37376
49474514	36865
36010694	4311744513
57837926	1085440
14340278	671088768
918578	1074806784
24729662	1610613248
77579570	671088768
65142182	17301568
24912722	2147549200
28678250	2147520512
35927750	4295000065
1346582	32833
53472998	135266308
48890018	36865
67632770	2147520512
11785538	1610613248
38080082	67141633
31337642	37376
36656426	1073778688
38327618	1610612992
35315390	671088768
48525518	16809985
15618134	1085440
3010970	150995072
58070558	1610613248
51047534	32834
22190150	134217860
67735154	36865
12588410	16777282
38815562	36865
28169246	1085440
49250306	16912384
9395066	4295004160
61143050	524322
53508314	1610613248
13215350	134254592
33679190	4395630592
15295106	1610613248
25561694	1610613248
1933022	20512
39465506	1610613248
51126266	1081348
77663486	5368741888
26793218	2148012032
52300118	1085440
78823406	2147520512
78872006	4362108928
44685794	17301568
71889482	1074823168
55720910	33587712
66074978	1610613248
48323342	671092736
406010	83886081
1294742	36865
70785938	16912384
13353698	4099
5217410	1610613248
34013558	331776
498674	4226
35518214	1081345
54549326	65793
15135698	5368709121
19679474	1610613248
51273362	1074823168
53045318	134217734
25055606	83886081
2160470	557120
8101334	1085440
78154022	4311744513
59850614	671088768
50387546	4362108928
78381146	671088644
75308006	1610613248
33052898	37376
68486186	561152
63580178	1074270208
27445106	135266336
3729926	2147520512
44297318	67145728
61965686	1081348
68843234	1085440
42963086	1073758212
52798106	1610613248
76858022	32833
48717002	671092736
41191778	3221229568
23227598	1610613248
6064346	1610613248
58865006	37376
59557394	1140883456
42581090	57344
52948766	671088768
37501742	2147520512
16659470	134250500
19838882	67141633
67909142	671088768
476966	1081348
47287514	1610613248
55010378	53248
45036038	1073745921
15923342	1610612992
27101018	4362108928
10135406	2148012032
52233374	4362108928
296498	4362108928
36771446	16814080
71545070	2134016
42697406	36865
34155794	1610613248
56396450	1610613248
1505342	2148012032
2462762	32834
42364658	1610613248
41774006	3221229568
14107970	1610613248
70346918	1610613248
25582430	1610613248
3795374	2147520512
1212446	1610613248
17973614	2147520512
18128162	1081345
1742834	1081348
1749962	1610613248
23323826	2147520512
46792118	36865
44456402	4362108928
25602194	4311744513
42267782	4311744513
675254	33849344
42811778	1610613248
38153306	74
3582506	1610613248
13743470	5435817984
74042462	1074331648
60500558	32802
73852274	4328554496
21516878	1048610
6858470	36865
744914	327696
44908058	67158016
8501798	1610613248
13114586	2181070848
43020434	4311744513
78395402	4311744513
48808046	1085440
21463094	4362076161
57823994	2148040704
17006150	37120
56408438	671088644
31866410	2181070848
33949730	67112961
63146342	8388611
48891638	36880
10089722	3221229568
67266650	1073778688
33776390	671088768
49348802	36865
45718382	671088768
63423362	4295004160
50505158	2164264960
31219058	671088768
276410	16780288
45591698	16809985
27345638	1610613248
7469534	1610613248
6878882	32834
80246738	1074823168
53128262	1610613248
47415494	3221258240
6141782	67
2393426	1610612992
36607502	37120
61046498	2147520512
59094074	2147520512
57681110	67108929
33842486	57344
185366	4311744513
63429842	2147487746
3794726	1610612992
27732170	4226
60029462	1074008064
33135842	134283265
24689162	4295000065
38077166	200
48387170	83886081
33198374	1610613248
44173226	36865
60373550	1610612992
38854442	16777281
178562	134250497
16669514	135266308
6234122	671088644
21122570	67141633
50779262	36866
36011018	1081348
66779354	1081345
10443854	557120
44384150	16814080
36736130	37376
10786646	561152
68359502	4295000576
69653558	4099
50956166	1081360
37002134	83886081
12602990	671088768
3259478	327696
74904950	4362076161
20836802	4311744513
46616186	2147520512
12989522	134234116
67280582	671088768
21014678	150994945
1524458	36866
14442986	53248
39183950	67145728
53385518	16809985
74093978	1610613248
40667546	4395630592
18905762	16809985
69380750	16809986
42752486	299008
56645930	1074823168
30491678	1074823168
47490662	1074008064
4792322	3221225474
70337198	1081345
3475586	1610613248
81302006	1081348
23655926	671092736
44577902	37376
67833326	4395630592
32513114	1610612992
36382646	4106
25561046	150994945
11980586	1610613248
76772162	3221229568
8097446	2147520512
1391942	1115136
79432202	65793
4236986	57344
18156350	1081348
25663754	1610613248
49174166	2147520512
50128994	134221826
79534262	36865
52697990	4099
22428938	671088644
67032074	1610613248
55272818	1610613248
55766270	36865
50694050	1610613248
63363746	1074823168
63715610	1085440
47320886	2147553280
63007346	196610
42529898	528386
2840546	1610612992
81159770	1074823168
63479738	1081345
74683334	2147487745
126074	67141633
37534142	1350565888
8656022	36865
18614810	1085440
79837526	1081348
9482870	1085440
40014362	4362108928
10788266	1073745921
11495234	327681
5367098	57344
48674234	2181070848
79946066	1074823168
63673814	2147487760
53725718	16846848
52525946	1107296257
32753846	3221229568
70068926	1610612740
32784626	67141633
13029374	2147520512
14170826	536871170
18796898	67141633
3398798	36865
45351614	2147487746
11873342	134254592
61728518	5368713216
284510	4311744513
36752654	1081348
20602226	2147487746
63372170	1610613248
31000358	1610613248
17710850	17301568
63384482	33587712
135146	67141633
2915390	1610613248
15693626	671092736
17440958	1610613248
17615918	1085440
6368582	4354
47799758	24577
23216258	70656
27836174	1082146816
18162506	83886081
73933922	1610613248
62624378	1610613248
69286466	37376
74116658	2147520512
26868062	83886081
56362106	3221229568
43955822	1610613248
16848686	1610613248
43369382	150994945
40529846	4311744513
1317098	1610613248
66085994	2148007952
42364334	1074823168
65200826	36865
65033966	101711872
39060182	1610612992
12869318	1610613248
65206334	2147487746
75119438	536870917
32808602	1073775104
68674106	1081348
45280982	2147520512
56069210	1140883456
56637830	671088768
74264402	536871170
4556450	2148012032
65702054	36880
32086082	201326593
46275662	4311744513
50589398	671088768
57525590	2147520512
15398462	17334272
55825562	36865
34058270	1081348
12808082	1085440
79517414	1073741860
7169510	561152
54308594	1085440
30971522	671088768
80191658	1073746432
75214370	2147520512
71135210	2147487760
34334318	1610613248
60930506	53248
53710490	37120
78756014	16809985
44998454	331776
49508858	4362076161
19264430	4129
72258518	1610613248
33389858	36880
22235510	17301568
67583522	1074823168
27308378	201326593
15065390	2147520512
73155026	16781314
73093142	671088768
74460746	1073778688
394346	1610613248
40442690	1073778688
67313306	4296048640
45144902	16809985
69047678	5368713216
13345922	134283265
36922430	25088
15506678	1081346
4484846	36865
5270222	2147520512
1581158	3221356544
36604262	671088768
80119082	1073778688
25587614	3221229568
48106586	1140850689
24092354	1610613248
32961206	327681
48912374	1085440
51367322	1073778688
63282746	1610613248
57570302	37120
63658262	4311744513
60856634	1610613248
31232018	134250497
65411750	8425472
42295322	1073746432
12927638	33558529
8644034	1610613248
57326654	671088768
78031874	2147520512
20515394	1610613248
22099430	1610613248
24178862	1085440
77380634	16912384
71226254	150995072
29005166	2148532226
55831718	1073778688
56273006	1081348
64574858	1610613248
59665934	4295004160
63941438	1610613248
73057178	36865
4725902	528386
18745058	67141633
32762	134250624
59659778	36865
45064874	1610612992
31897190	69648
62691770	671088768
71410286	37120
13328102	1081348
4953674	1073778688
13693574	201326593
13839050	553650176
456554	2147520512
40070090	4102
33031190	1610613248
58059866	67141664
64675946	36865
17367734	4329570304
18540614	2147749888
53260454	1073778688
34350842	1610613248
8078330	36880
15245534	17301568
64047386	1610612992
67385234	1610613248
61461218	6442455040
3061190	1610613248
36120854	4362108928
37773902	4395630592
49079234	1610613248
31787678	2147520512
76554758	5368709121
1767782	1610612992
17430590	1081348
56732762	36866
64429058	37120
50740058	671088768
66345194	16912384
43926662	2147487745
81300062	1073873408
7821398	1073778688
40818530	671088768
63899318	36865
37204310	37376
75735686	67141634
41825846	1610612992
50588102	1610613248
32600594	4395630592
33730706	671088768
1024526	2625536
25321610	33591296
4900214	2147487745
65678402	5368741888
37234442	2147520512
3960614	1610613248
32860118	67141633
5845970	1085440
52048046	2147487745
9137486	135266308
73489718	2148012032
5974598	36865
6916142	2147520512
43584194	671088768
62930882	5368741888
27495002	2147520512
42265514	1073778688
21177002	1610613248
39859814	67141633
26291018	57344
15335282	671088644
79724774	1073758212
37921646	4362108928
62008130	1610613248
7530122	4295004160
26406686	671092736
1005086	1610612992
37346870	196610
38379458	4362108928
14556710	1085440
23942666	150994945
2093078	1610613248
52167926	97
34146722	37120
56102906	4362108928
5855042	327696
14893994	1090584576
36992090	1081348
64397954	1610613248
14401514	8425472
50277386	4362076161
70277258	37376
36173018	134217864
68750570	1081348
4894058	2147487746
49469330	36896
31414430	800
21593990	1074823168
28188686	671092736
66224018	2684358656
79497002	5435817984
479234	1610613248
61538006	1073778688
13401650	2148012032
18781994	1085440
80305382	1610613248
41027186	561152
48863774	2147520512
62285150	28672
58007378	2147487760
59842838	3221229568
40046114	522
56949194	1610613248
2373014	4311744513
73638110	1081345
46382582	671088768
24033386	1610613248
44142770	5435817984
61702598	16814080
264746	538972160
52369454	1073905664
42881114	5368741888
32013830	20512
65761670	1610613248
52673690	2101312
78236642	1140883456
46204706	671092736
38334422	1610612992
52824350	37120
18722378	32802
19112798	1610612992
20456750	1074823168
74051210	134250498
74153918	1073766400
40931282	1085440
662294	2625536
44502086	671088768
224894	4106
1820594	1610613248
48338894	1085440
52304654	67141633
13408778	1081348
74659682	3221229568
72242642	1073778688
78142682	3221229568
78459230	1074823168
63632990	67108929
39760670	1610613248
23899250	4362076161
1819946	1064964
43495742	1064976
11295650	1073762304
46973882	69633
64551530	4362108928
40612142	4294971393
11368550	1081348
47718434	4311744513
41461994	1081348
9795530	536903936
47157914	1081345
61318982	4130
49779398	561152
23452130	135299072
22198574	4295000065
14266730	1074823168
1684514	1610613248
80388002	4362108928
47873306	57344
69756266	1610613248
36924698	1610613248
45533378	2147618816
16176710	1081345
73383446	1610613248
53528726	671088768
7835330	67141633
57947114	2147553280
25256162	1610613248
2106686	32833
4876562	1610612992
80479370	36865
25293098	671092736
57300410	671088644
61368878	671088644
2273870	1610613248
38962010	2147520512
76889774	1610613248
50676230	83886081
18948206	8388642
78503942	196610
78552542	4295000065
60491162	2147487745
75071486	196610
30102878	1081360
43835294	4102
80469650	1115136
239150	5368709121
76508750	2164264960
47740466	1073778688
61017986	5435817984
47562590	2148012032
46898390	4362108928
81121862	1081348
31414754	1074823168
54359138	2147749888
41982338	1610613248
49344590	1610613248
41965814	2147520512
21997694	150994945
80289830	57344
78432986	4362108928
16757642	327682
49921310	1610612992
7330862	671088644
73692866	36865
14068442	83886081
35477390	671092736
65610038	67133440
12609146	36868
73287866	1610613248
70988114	4311744513
34731866	134217762
64712558	299008
41595806	36866
28428770	1085440
1476830	1610612992
38003618	36865
119594	67141633
10366742	1073745921
39920726	36865
45038306	524354
17989490	1610613248
188282	4362076161
63250670	8392706
42416498	1073745921
76990538	37120
39605150	4362076161
78858722	36865
22574738	134217761
59942306	4311744513
56148266	1610613248
33975650	167936
19756910	1610612992
3401066	1081345
43674266	4303388672
47900198	4311744513
7445882	134217734
68747978	1085440
36020414	1610612992
34206014	1090519041
63636230	1090519041
76606274	4295000065
345422	67141633
12986930	276824576
74160398	268568576
64578098	17301568
49676690	524864
64261226	17301568
36197318	4362076161
39520262	1610613248
48458126	671088768
23476430	1610612992
48711170	28672
8696522	3221229568
46843634	32864
57821078	1073778688
14262842	16781313
57355814	671088768
71327666	561152
50691458	1610613248
9809462	2147487746
55426070	201326593
11475794	83886081
3132470	102400
69630230	57344
46605170	671092736
57126746	36865
23929706	1610612992
67970054	1141374976
1193654	1085440
34683590	1610613248
55210610	1073762304
12913706	671088644
69826250	2147487745
53482718	4362108928
72610706	331776
40020194	57344
8019362	1090551808
71043194	1610612992
140006	4295000065
61670846	67133440
68819906	671088768
42592430	1081345
24221954	1115136
20634626	1610613248
81423506	671088644
58900322	1610613248
38343818	36865
10443206	1610613248
71516558	1081348
1981622	1610613248
42250286	32834
74349614	1073778688
50716082	1073876992
53985242	4362108928
4022822	2147520512
46866314	1140883456
25523786	65570
79238126	67141633
16564538	57344
80062382	2147520512
44547770	16809985
57875510	1085440
76697966	671088644
66294326	36865
71678234	4362108928
1301870	1610613248
70287950	37120
17580278	8392736
61563278	1610613248
14100194	150994945
51487526	1073778688
30863630	20512
62709590	134218753
80124590	150994945
62174666	1610613248
32715614	1048610
48557270	57344
46333982	4311744513
56098370	2147520512
47162450	671088768
46665758	1610613248
28741754	327681
16454378	135266308
11980910	36880
22354094	671088644
50444570	671092736
13622618	2147520512
36185978	1081348
59660750	134283265
39052406	671088641
31982402	17334272
80789762	8425472
35226614	1085440
19978202	201326593
34034618	327681
77970314	1085440
44097086	1074823168
8509574	69648
3068318	83918848
69482810	1073746176
56370854	4362108928
34673546	53248
40227878	32833
36169130	83918848
31240766	4362108928
77638214	16912384
56959886	4311744513
76428074	4311744513
61325786	4295004160
26724530	671088644
35627078	4429185025
49268774	3221229568
4568114	17039361
2400230	67108929
63003134	1610613248
21187046	134254592
20679986	1610612992
25551650	24577
3220598	4303355905
35285582	1140850689
63261362	800
22214126	36866
58319066	2147520512
11687042	2147520512
18256466	2147520512
54091838	37120
58939526	536872964
15026510	75497473
2436518	33296
48740654	1081345
31816514	2147520512
64396010	1610613248
10200206	36880
3868274	36896
61690286	1610613248
63668630	135299072
70017734	201326593
43988222	671088768
51049154	36865
43870610	37120
1871138	134283265
1796942	1085440
70836482	4395630592
33951674	1146880
46650530	1075838977
67334042	2147520512
74542070	2147520512
3503126	1610612992
68292110	1610613248
32087054	1081345
76302686	4328554496
59883662	57344
28891442	671092736
59675978	36865
21898550	16781313
63765182	1610613248
20944370	67141633
33639662	4362108928
915662	1085440
65823554	4311744513
57054494	671088768
37601534	100696064
64303994	1081348
50970098	1081348
72826166	4295000576
56642366	1610613248
34029434	4295000065
26268338	36865
57736838	4353
81152318	16781313
1744454	36865
70536782	1074790404
21668186	150994945
15556898	17301568
12726110	2147520512
17731262	2147520512
7748174	536903684
63121394	1085440
52825646	1610613248
69147146	134254592
50364542	671088768
69493826	524864
5874482	1073778688
37383482	196610
49142738	36865
67254014	16781314
33638366	4362108928
2664614	4294971393
32624894	4311744513
24199274	1610613248
63056594	327696
19281926	671092736
12374894	1085440
62990498	134221825
49427210	8392736
71013710	1090519041
63117830	1082134528
78974390	4864
12131246	32833
54409358	74
54224354	1085440
19805834	2147616768
52142978	4362108928
5669714	4362108928
27979382	4295004160
34337558	36865
41518694	1610613248
67763666	671088644
57254402	4311744513
64414154	1074823168
18600230	201326593
40478006	1073774593
22759742	4295000320
38813294	57344
19033742	150994945
31022714	83886081
18451190	327696
55962614	16842753
63607070	67108929
43444550	671088768
1015778	137216
62924402	1085440
63518294	16814080
5291930	100696064
61991606	1073774593
3440270	671092736
61102550	1074008064
78491306	4295004160
2816570	4295491648
31693070	1610613248
52950386	1610613248
27575030	671088896
32562038	1610613248
5575754	69648
74136746	36865
29470754	1073778688
56891198	671088768
33719366	4311744513
55150994	2147520512
5387510	1610612992
70893830	4362108928
79101722	5435817984
18533810	33587456
37903178	671088768
55130258	150994945
2639990	134250497
17080994	150994945
9758	135299072
56575298	150995072
24190202	1610613248
9130034	3221356544
76094030	67142144
80753474	1610613248
37026434	2147520512
19231058	1610612992
3183014	2148008000
51781718	4294967301
121538	67141633
11028026	2147520512
45677234	1140850689
47218826	4353
14088854	36865
62067422	32833
46341110	17334272
49422350	196610
31346066	2147520512
44602202	2147520512
18822170	2148012032
2498402	2147520512
50789306	1074823168
52974038	1115136
42196826	1140883456
79741946	5435817984
50442302	671088768
51864986	1073778688
1903862	2148012032
16814342	1085440
45020162	16809986
67310066	28672
1254566	1115136
17923070	1610613248
36383942	4311744513
26064542	2147516448
35846426	1610612992
67090394	1085440
27845570	16779520
65719874	3221229568
4162466	1610613248
80331302	16912384
14581982	537919492
29994662	1610613248
43638626	2147520512
21212642	36865
13314170	1610612992
53282810	671088644
4970522	83918848
63009290	69648
1575974	4295262208
513902	2701131776
27076070	671088644
59349062	36865
73041626	36865
4394126	4295004160
29558558	1610613248
22549466	1081345
60428306	1073746176
29734166	4295004160
38825930	17334272
2819486	2147553280
71119658	2147553280
63204662	3221258240
34705946	134250500
26118326	1610612992
22823570	671088768
62320142	1610613248
34459382	536875264
16075298	67112961
35474150	1081345
12501578	1610613248
52858694	5368713216
25658246	1610612992
61008266	2147520512
62847290	1073746176
20180054	4162
65247158	1610612992
44376374	4362076161
74141930	671088768
33025034	16809985
56799506	1081345
45391790	1085440
9054218	528385
36068042	1212416
25900274	671088644
23585618	150994945
12486026	1081345
38153954	1610613248
40880414	1610613248
64182170	1610613248
56975762	1610612992
6064670	134217733
11798822	1085440
68616110	36865
59426822	33554438
49092842	1610613248
53451938	32802
23797838	67141633
8094530	2147487760
37410698	37376
66980558	1610612992
5295494	36866
37859762	671088768
71262542	33587201
14606282	4102
35957882	2147495936
80549678	1610613248
43469174	1085440
36671654	16809986
73986734	36865
38317898	17301568
58636910	5368741888
38242406	3221229568
47143658	1610613248
9578126	83886081
6206258	2147520512
63162866	1610613248
43328234	671088644
26974982	671088768
77280518	671088768
13380914	1610613248
1018370	100696064
65178146	4362108928
59221730	83886081
17357042	1610613248
46696214	671088768
21202274	1082163200
24674258	538972160
72539750	3221229568
66335150	1074270208
43469498	671088768
72114662	671092736
29746154	671088644
31410542	800
44971238	1073811456
1710434	1074270208
19034714	4362076161
10922726	1610613248
32994902	3221229568
42885974	2148012032
73687034	671088641
8596082	1090523136
15600314	3221229568
12387530	671088768
3219950	1082163200
5760110	6442451008
72717626	3221356544
53442866	36865
70418522	2147520512
73339058	1074270208
62812298	545260032
63777818	1610613248
47734958	1610612992
26195114	83886081
56021258	4395630592
76907594	2692743168
12499310	1610613248
65236466	16779268
28049690	1074823168
79692374	1073745922
45210350	134254592
34567598	2181038082
5337938	4102
69641246	1610613248
37722386	2147520512
11795258	17858560
70456106	1610613248
3405602	36866
22264670	1610613248
2648414	1081348
234290	36865
32794022	1073778688
66861650	1074823168
7825934	557120
39079298	1081348
44758370	134742080
30888578	561152
58911338	1073774593
17045030	67
10921754	4362076161
72254630	1610613248
65548478	4295000576
50030822	1610613248
47151758	536907776
36603614	1074823168
14221694	201326593
13115882	2147487746
52178618	671088768
80623550	3221356544
72185942	16781314
12594890	4294971904
44008634	1081345
40821446	4311744513
53322338	5368709121
14607254	134283265
36071606	1610613248
77903894	36865
17324966	67141633
633782	1610613248
71468282	1610613248
69369734	1610613248
51906134	1610613248
508070	16843776
47501354	1107329024
5292902	4311744513
24812606	1074270208
22891286	100663297
11271026	83886081
31191194	36865
44534162	1610612992
31313018	1610613248
27688754	83886081
15337874	83886081
450398	17334272
295850	17334272
62132546	1074823168
1918766	1085440
43841774	671088768
40461482	83886081
30725606	1610613248
35539922	2147520512
40408670	1140850689
713486	1048836
402770	83886081
3487898	147712
17802218	100696064
81461738	37376
2194814	1610612992
29997578	671088768
60607478	16814080
56881802	1085440
11936846	1610613248
5186306	1085440
56940122	4295004160
74569610	2147487746
56630054	1610613248
44571098	276828160
12565730	36865
37940438	1081348
12335690	1146880
78799106	1610613248
61646870	4362076161
70779782	155648
8272406	16814080
57535958	2147487746
41918834	671088768
8031350	2181070848
78560642	1085440
67756862	1081348
114086	67141633
65249102	1610613248
2711594	1610612992
58783682	4311744513
1682570	1610612992
66308906	1074266176
17532326	67108874
73779374	5368713216
4613474	671088644
76089170	2147553280
70160942	4311744513
65679698	1610612992
64354214	24580
48234242	557120
27845894	4295000320
5997602	2147483682
31531394	16814080
27721478	4362338304
30033866	671092736
41978450	671088768
23862314	150994945
71383394	1610613248
43317866	2147520512
45582626	536872964
22554002	1610612992
70026806	1610613248
77366378	4416
5813894	1610613248
47007578	1081345
60203126	36865
63725330	65793
76227842	4102
48234566	4362076161
11378	2155876352
47911862	671088768
1590554	67141633
38739098	4311744513
36042770	4294967361
5507390	2147520512
48493442	1610613248
43049918	1610612992
21280034	1610613248
68536730	2147745808
69547934	201326593
44044598	2148012032
27306758	83886081
11190350	1610613248
13031642	74
37363718	1073774593
15467474	150994945
25670558	67108874
32016746	16809986
4134278	2147483682
48106910	671088768
26791598	2147549200
55447454	28672
5353490	1610613248
24655466	2147520512
75601874	36865
34220270	1610612992
56783630	1073745921
64694090	135266308
81164306	134217733
65635958	1610613248
21712250	1081348
32482982	1610612992
28861958	4362108928
62875478	4311744513
42616730	671092736
63333614	37888
71557058	1610613248
65281178	134283265
8322626	524384
5864114	100696064
46601930	2147618816
2624438	2148012032
66781298	1610613248
42292406	671088768
40074302	134217762
12862190	671088768
5322062	16814080
27950222	70
80301170	36865
52628330	671088768
52137146	1073840128
38757242	33591296
16934546	1082163200
2137466	16809985
73213022	2147520512
18716546	1074823168
11974754	4311744513
22229678	671092736
78860342	1085440
50649338	2147520512
74169470	331776
62662610	671088644
42995486	83886081
81123158	36865
6449906	528386
3549458	1081348
898490	1610612992
77363786	1081348
76436498	1073746176
8219594	201326593
64084322	1074823168
69982094	3221356544
70206626	8425472
29630162	1610612992
17233598	2147520512
1733438	8421377
6817322	1085440
43138046	536875009
37162190	16777221
33394394	1610612992
51043970	2147520512
74879678	1073762304
19935434	17301568
58050794	2147520512
78855158	4294967361
71116094	5435817984
64430678	1610612992
47255762	671088644
39771362	1081348
11609606	83886081
58584746	1074823168
68635874	1610612992
5187602	1081348
24053150	1610613248
59127446	4362108928
19086878	1610612740
64528526	4295000320
28892414	201326593
75151514	1074823168
35099606	4311744513
43024322	671088644
34818374	1610613248
20241614	17301568
63795314	4362108928
75302498	3221229568
25859774	1610613248
37622	1082134528
53223194	1085440
33318254	1610613248
36936362	1610613248
53493410	2147487746
7654862	1081345
1294418	1610612992
63150554	800
30705842	2147520512
10951886	69648
53128586	37120
14432618	4295000065
1401986	1610613248
75042974	70
23616722	4362076161
10878338	1610613248
71671430	37120
73667594	1085440
76374614	2147487746
45388226	1610613248
8458058	36865
14308526	4328554496
1153802	83886081
47822114	1073745921
72857918	36866
53063462	134250497
73575578	1082130433
49431746	17334272
71514938	67109184
1422722	3221229568
64278398	37120
63174854	561152
60302	1085440
12629882	561152
29525510	671088768
6706514	67141633
7452038	2147520512
36004214	24577
35183198	1610613248
68623238	537919492
18733718	557120
46440254	1081345
12319814	4295102464
35576210	671088644
61435622	1610612992
12661958	671088644
75059498	167936
77915234	16814080
15867614	2148012032
33757922	671088644
19832078	150994945
16282010	1610613248
45529490	1610612992
58020338	1074823168
1451882	8425472
74617238	671088644
10451306	1074823168
31430954	134218753
33349034	1610612992
15708206	4099
24351554	671092736
2081738	536870918
79219334	4295000128
76193174	671088768
79104638	5368713216
49001150	1074008064
42544802	16781313
78695426	1610613248
6767750	1146880
50129966	28672
75755450	2147549185
115706	67141633
54962750	671088768
37632638	1610612992
67949642	327681
70458050	1610613248
7375898	67588
59415482	1610613248
43989518	1610612992
66705806	36865
41297402	1081348
1456742	16809985
14833406	135299072
24721886	4328554496
53900030	5368741888
7166270	1085440
5824910	1610613248
22020374	268568576
19855082	1610612992
44741846	67141633
78641318	20484
23605058	557057
60091994	1610612992
43965542	16814080
75664082	2147520512
16334498	1090519041
41724434	268568576
4052954	2147618816
80251922	37120
30262610	5435817984
15789854	1610613248
62672654	1085440
74541422	134217793
23848382	1610613248
60747770	67112961
75394190	1610613248
36775658	37376
18488450	1610612992
63153470	561152
13732778	1610613248
23424590	1610612992
79635674	1073742084
8835842	83886081
51232862	134250500
61321898	1610613248
37521506	150995072
55082630	37120
56847134	2147618816
47079830	2147520512
65788238	135266308
24342806	327696
10654778	1610613248
56476802	83886081
29132498	1610613248
41839454	671088768
19246934	1610612992
53147702	1610613248
35958854	2147520512
13521530	16779268
413138	67633216
1205966	135299072
13013498	1081348
30010214	4294971393
61225994	2147487746
18522470	150994945
70750622	1082163200
79457798	1085440
660026	1048612
28852562	524354
65288954	4362338304
45535322	1610612992
64829522	1610613248
38128682	201326593
39801818	4362076161
12589706	1610613248
10817426	4311744513
40014686	2147487746
49130750	17301568
75271394	1610613248
48390734	36865
63721118	3221229568
78001742	4362076161
80263586	5368713216
55764650	37376
61789106	1610612992
31950650	83918848
1669286	134217858
8848478	1073745921
32662802	1610613248
60791186	33554438
38065178	321
17004530	24577
21569042	671088768
78976010	561152
52682438	37376
42803354	16809985
27934994	1610613248
70518962	16809985
75035846	671088768
15922694	83886081
39877310	4311744513
52684382	16785409
65863406	1610613248
1992638	671092736
22506374	4362108928
30927134	135184
2676602	67141633
45450758	16814080
31584854	24577
48569906	1610613248
78846734	1610613248
73337438	687865856
15604526	67141633
15742874	83886081
31476314	2147487746
25502726	1610612992
22177190	150994945
11682506	1610613248
15736394	4362076161
52347098	4362076161
81686270	671088768
26499350	671088768
76185722	53248
25389326	135266432
138062	67141633
81730010	2147581952
7882310	5435817984
76171466	8421377
470486	4362076161
64461782	1610613248
13752866	16809985
25038434	1610613248
16632902	135266308
33851234	3221229568
65377406	2147553280
47853218	1610612992
59690558	53248
22119518	83886081
74640566	4099
55218062	4294971393
51349178	36865
34361858	4295000065
71673698	1085440
77738978	32833
79568930	2147520512
71478326	1073741860
28506530	561152
76406042	36865
33867758	28672
2966582	1610613248
55934426	134218753
68599262	1085440
45644510	1610613248
49198466	1610613248
58143134	1085440
2150426	1610613248
29719262	83918848
8806034	1081348
55205426	561152
36563114	671088644
70801166	2148012032
59724902	1610613248
36669710	4362108928
52637402	2147520512
75985166	167936
22063790	1085440
42039362	3221356544
5996306	1140883456
41722814	134254592
54623522	671088768
37383158	196610
63107786	2147520512
19018190	150994945
29579942	5368709121
14237246	2214592528
55026578	524353
59130686	1085440
44775542	16809985
74478566	37376
57812006	5368709121
67028186	671088644
16681502	561152
62260526	1081348
29343422	2147524608
11471258	167936
68324186	4353
56562662	671088768
33159170	37376
2555426	1081345
73542530	4395630592
34903910	671088768
6768398	2147520512
44234462	4099
71487398	8425472
31969442	36865
70615514	36865
43682690	32802
39239030	1610612992
68341034	3221225474
57344150	671088644
9742394	1073745921
16008230	100696064
46237754	37376
78405122	4311744513
71558678	4295004160
2936450	5368713216
15779162	67112961
69909842	1073778688
2117054	8425472
61353002	1610613248
56122670	36866
3976166	1610612992
4610234	1610613248
73209782	1085440
13312874	16809985
37196210	2147520512
75487502	2147520512
58769102	2147524608
53815142	37376
53565014	671088768
16835402	134217734
40167614	1610613248
34248458	1073766400
65562086	1074823168
50306546	1085440
11607014	97
36222914	135299072
1602542	2147495936
6217598	4294971393
318854	1610613248
1548434	2155876352
23108690	4395630592
40959794	2148012032
52183802	1610612992
70133726	36865
81171434	671088641
7875830	1610613248
55861526	33591296
50723210	1074266176
24070970	37120
56437922	1085440
15650858	1085440
30204614	524548
64963982	4395630592
25850054	3221229568
32514734	1610613248
61682834	36865
49947230	1610613248
30532502	671088644
18775190	150994945
79399154	1610613248
5540438	659456
29585450	1085440
7490270	1610613248
3481418	102400
73505918	1610613248
31099502	2147520512
56813438	24580
57343178	671088768
69039902	1610613248
55403066	2147487760
20014490	1610613248
504182	671088768
52325390	5435817984
35868458	671088768
40922210	2147520512
5497670	2147487746
11243486	83886081
47267750	528386
38079758	671088644
28758278	671092736
59083382	4362108928
72950906	3221229568
711542	4311744513
80042294	1610613248
70744142	57344
11494262	1073774848
120890	67141633
15477842	4295000065
13576934	8393216
31354166	134217733
6916790	134217764
14921210	1085440
44783642	2148007938
65368010	2148012032
80620310	36866
65380322	67109124
21304334	3221291008
58077362	1081348
49195550	2147520512
26218118	1610613248
36708914	4328521729
76842794	671088768
19635086	1085440
19003934	150994945
32775554	67145728
43662926	671088768
12394658	36865
30711026	2147520512
37605746	4296048640
8871482	4362108928
18663086	150994945
36087482	1610613248
66806246	4362108928
20687114	2147520512
67229066	671092736
6191354	37376
53151914	1610613248
5759786	32834
2068130	24580
36882254	2147618816
36665174	2147520512
18222770	20512
13530602	1074823168
56404874	36866
63420446	40961
3177506	1074823168
61168322	16777730
47037386	4311744513
55347338	1610613248
73827002	4295000065
33146210	671088768
15894182	83886081
53454530	4294967301
61243166	1610613248
28037054	82944
65550422	524354
55451666	1610613248
53846246	135266432
77420162	2147487746
21206810	150994945
52829534	1610613248
1922978	2625536
45500654	1610613248
23398346	1610613248
13077002	1610613248
68074706	1610613248
21886238	134250498
9617006	1081348
8150258	40961
80523434	36865
80564582	1610613248
42090230	1610613248
28970498	671088768
36890678	1610613248
59583314	1610613248
29079686	70
11547722	671088644
17563754	671088768
51263966	167936
30553562	16809985
40389230	36865
73784234	1610613248
44112314	2164264960
13402298	40961
11039690	83918848
27626870	671088644
17861510	8421377
7157846	3221229568
20328446	1073766400
152318	2129921
67614302	1610612992
57189278	36866
6553262	671092736
18765794	1610613248
21550574	1610613248
17042438	32833
66059426	2147553280
499970	1081348
64488350	8392736
26661026	1090519041
8337206	2147487746
55850510	536871170
75082502	8425472
470810	671092736
55913042	671088768
73886294	1085440
54453422	53248
29421182	1610613248
52883642	2147553280
56480366	1174405120
62039882	67108929
25477778	1085440
32453498	2147483682
53872814	671088768
16834106	1074823168
43611086	1140850689
61704542	1610613248
35020874	4294971408
7850882	8421377
50403098	67113472
66446282	671088896
78573602	1610613248
45220394	671088768
31745558	1081408
23083094	2148012032
24181130	67141633
59158874	2147520512
6451850	1610613248
45671402	1610612992
59868758	1081348
10908794	327681
71565158	4353
16987358	1085440
8318738	1610613248
9351002	1610613248
3863414	1610613248
58472318	1610613248
38945810	1610613248
33770234	1081348
47133290	4362076161
12177254	1073745924
17409854	83886081
72029774	36865
51242258	25169920
58386134	36866
56600246	2147520512
69599774	1085440
6875642	1085440
33408650	1610613248
78838634	2147520512
1314506	2147487746
12879362	671088644
309134	1085440
74926010	2625536
67852766	36865
3257858	2147520512
65066042	1085440
15648590	2147520512
46238078	1140883456
55604594	2147520512
43929902	36865
14659418	4362076161
31876454	2621504
52644530	671088768
32677706	1610612992
33558338	1107296257
75992942	1140883456
32767454	1610612992
17006474	1610612992
23238938	4362108928
20069570	1073774593
67599398	1610612992
12554390	2147487760
18570746	4311744513
8122718	4295524352
56492678	1610613248
47620910	37376
265070	1085440
14247614	167936
22549790	3221258240
21119330	2134016
51565286	150994945
9153038	1146880
16234058	150994945
63061130	1610613248
46944074	16781313
61836734	16781313
37689662	4295004160
11082134	1610613248
18042626	2147520512
30712322	671092736
78839606	53248
111494	134250497
28117082	83886081
4433006	671088641
45154298	2147520512
81232346	1074823168
44744438	4311744513
42674726	134221888
55778258	1610613248
56004734	4362108928
45264782	1085440
53491466	1610613248
76528838	537919744
66580742	1610613248
45222014	671088644
39457406	561152
50226194	1610613248
80052014	1610613248
41194370	671092736
27098102	671088644
19775054	1610613248
26445890	4395630592
58058570	2147520512
21579410	671088896
16706126	671088768
78222386	5368713216
29599706	134221825
70527710	4295004160
80647850	2147520512
22437038	561152
28062974	1073762304
77121434	12290
16171526	4294971393
76738790	2147520512
38061290	1610612992
4153718	3221229568
17489558	36865
4218194	67141633
70676102	5435817984
15678398	167936
48345374	1081348
39780110	36865
59940038	1610613248
52687622	2147487746
51410414	37120
11610578	134217733
77904866	1610613248
62209982	163856
52533398	1610613248
71468606	327681
38896562	2147618816
44257142	1085440
38205794	67112961
19927010	671088644
48083906	1610612992
67820366	2147487746
40790990	4311744513
79826510	163856
43361930	17301506
12864134	2147520512
33842162	36865
75096758	2147520512
63233822	67108929
62638634	1610613248
27087086	671088768
58105226	134217988
56487494	1610613248
55140302	5368709121
24637322	4329046016
77959946	16912384
39125306	4311744513
1018694	1085440
64662662	3758096384
68521178	1610613248
58033298	528385
44634602	1610613248
40699622	2147520512
80731118	4295000576
2230778	134217761
48570230	4295000320
49748618	671088644
22222226	1073746176
77665106	4429185028
21547334	4311744513
72321374	4311744513
60682970	262150
54385382	5368709121
2799722	671088768
29536202	1081345
26337674	2147520512
49412630	1610613248
5502206	4362108928
33986666	32834
54603110	1074823168
79289966	4311744513
30334538	134217733
5346686	1073778688
487334	135184
13344626	4311744513
54370478	1610613248
78469922	536903684
53774966	57344
18480350	135299072
69539510	24580
20652122	5368709121
38974646	671092736
71423570	1610613248
43371650	1048582
57096938	1073745921
81370046	101711872
28202942	20512
733898	134217733
32736026	36928
47641322	1074266176
35369498	17301568
31348010	671088896
63969626	83886081
54486470	671088768
75240938	16912384
29896166	4311744513
22379690	2147520512
16027994	2147520512
22521278	28672
44163182	1073778688
80582402	134221826
46447706	1610613248
62664554	1610613248
33505526	1610612992
79801562	1073774593
59829230	2147520512
64642574	67108869
14895290	134217800
80949818	2148012032
15884462	83886081
21262862	1610613248
34908770	3221229568
64201286	331776
26874218	1140850689
35735294	4362108928
28396370	4429185025
15909410	331776
66767042	1610613248
64508438	671088768
42169934	671088768
77254922	561152
80943338	1610613248
20154458	24577
69410234	1081348
2270954	2164264960
28957214	2147483682
62871266	5368741888
51464198	1073778688
73629362	4296048640
36347978	1610613248
38187974	200
31725146	4311744513
76231730	24580
6451202	4395630592
36743582	36865
61195538	1610612992
18916454	5368713216
18777134	67108929
80969906	671088768
68745710	4295000576
4114514	4295004160
56185850	2147553280
43370354	1082134528
72113042	2147520512
34093262	16777281
19829810	150994945
62579342	1610613248
32121722	134221825
8623946	3221356544
71098598	261
44144066	1610612992
2910530	32833
52057442	1610613248
2808470	4295000065
45337034	1610613248
52940342	1085440
35617358	4311744513
51620366	2147749888
70567562	1115136
67137050	1085440
79851134	528386
66888218	16809985
70314518	2147520512
71981174	134250504
11653670	1610612992
12388178	671088768
26879078	1610613248
52715810	2147520512
26040242	1081348
58346930	327696
30570086	671088644
2961722	2147520512
79448726	2148012032
26516198	1610613248
2736542	83886081
41167802	1610612992
60524534	16814080
36655778	1073746176
39849446	1081348
507098	1610613248
57122210	2147487760
26472458	2147487746
36079706	1081348
24390110	1610613248
68460590	1074823168
74172062	1610613248
6133358	1610613248
79825214	36865
70780754	2084
1145054	36866
55725122	1610613248
55625006	16814080
6269438	4130
31274462	1081345
54798806	327681
73962758	1085440
52943258	524354
30278810	67141633
63787862	4295004160
23396726	1074823168
75170306	150994945
1244846	134217858
68094146	671088768
47382770	671088768
15794390	83886081
27121106	1610613248
54576542	3221229568
77411414	69634
3913634	8425472
32229614	1610613248
72383258	1073778688
39448982	16797696
46962866	671088768
14070062	37120
41527442	671088768
17658686	1610613248
68367278	4161
53459714	671088768
19919882	17301568
53657678	1074823168
5927294	16912384
67677158	1610613248
21091466	5435817984
8232230	1610613248
1411058	1610613248
1389674	32833
17999534	1610612992
76100510	16814080
36625646	1081348
32002814	1610613248
7435514	327696
28856126	134221825
3545894	1073762304
34246838	2147520512
37799498	1085440
66070766	36865
53219306	3221229568
69516506	1610613248
25574978	4395630592
38103410	528448
78215906	1073775104
51036842	1074823168
59535038	671088644
60317498	1610613248
65288306	1610612992
18089282	1085440
23032226	327681
74896526	1610613248
14611466	331776
19145846	1073774593
69809402	4295004160
80208182	33591296
46854974	1073778688
66751490	16814080
72431858	1074270208
69096926	5435817984
2622818	1073745921
38315630	1610613248
72277634	1085440
63335234	1073774848
69619214	16801792
56793350	524354
48695618	2181070848
78735278	1610613248
34585418	2147520512
3005138	4362108928
11160218	57344
48700802	1081345
14114450	1073745921
72521282	5435817984
57224594	4129
685946	532482
39922994	671088768
47807210	4362108928
64611470	800
40860002	2147487760
54907346	67141633
61653998	327696
8645330	2147520512
76683062	1610613248
36847586	36866
15791798	4311744513
2684702	2147520512
68588570	24577
14488346	1610612992
20136638	36866
34734134	4311744513
14616326	2147618816
75372806	1212416
73036442	4328554496
29182718	1610613248
43749758	1085440
2016938	16777984
56357894	36865
24969098	1610612992
21566126	1610613248
1577594	67108874
67927610	1081348
44133698	1610613248
37877258	4099
70713686	1081348
353198	2147549185
21694106	2147520512
74999882	1610613248
57946142	4130
9931610	671088768
50550518	4966055936
51773942	17301568
26962670	20481
58879910	2148012032
41843990	32833
40203902	36865
3702386	134250500
35780978	67108929
58111382	4311744513
63417530	1073873408
68440178	1610612992
22535534	561152
75747998	1610613248
52988294	671088768
18130430	24580
31472426	4295000320
18793334	2147618816
5952890	40961
70691006	671088644
7328270	1610613248
10883522	2147520512
5126690	3221229568
43021082	3221229568
63288902	2147487746
26137118	1085440
15572450	67141633
62855066	53248
34416938	4311744513
5924378	1073745921
16252202	1610613248
69671702	36865
1334	1085440
70960574	2147524608
70719518	671088644
24491846	1610613248
12512918	134283265
72244262	671088896
65853686	1081348
74646398	36865
17471090	4311744513
40452410	671092736
2495486	4295000576
17597126	1073766400
80714918	1610613248
31078118	671088644
1421102	16781313
5855366	65554
78588830	32833
9688934	1610612992
3964502	1074003969
59702222	2147520512
35249618	2147520512
19548578	1610613248
53938262	671088768
39417230	4311744513
29429282	32773
22304522	2147487746
33317606	671088644
9966602	3221749760
50646098	4311744513
40836026	8425472
6008942	4295004160
23641670	2147487746
224246	524354
32041370	1085440
12233954	134250498
21664622	2147549200
1849754	1610613248
39007694	67158016
151346	2129921
18554870	16781313
21402830	518
2602406	150994945
39540350	2147520512
60277970	4295000320
1974170	1610613248
50661002	2147520512
66039338	49408
72901658	671088644
79669370	1081348
18908354	1610613248
69203846	4295000065
25034546	1610613248
16193234	786434
58409138	1610613248
29962910	70
5304566	1610612992
66496502	16809985
8235470	57344
21611486	100696064
44386094	2147487746
47100242	201326593
79100750	1073745921
31915010	1610613248
54185150	17858560
64632530	2147520512
66447254	67141636
39304478	1082163200
68330990	1085440
32796290	32802
78677606	1610612992
61640714	1610613248
22504754	1058
70992974	671088896
38888138	671088768
37869158	5368713216
50171114	536872964
21889478	1610613248
5744234	1610612992
2062946	57344
75416546	536875520
30206234	16912384
52717430	36865
43993730	134254592
67239434	671088768
37345898	196610
52630598	1610613248
77154482	4295000576
205130	1085440
41518370	4311744513
20649854	134217733
43723838	4296048640
1733114	17334272
66773198	1081348
79872518	4311744513
36724466	2147520512
20697482	1610613248
81037298	36880
29322038	8425472
71452082	36866
11923238	528386
68590838	24577
17527790	1610613248
16195178	83886081
59966606	200
59089214	4362108928
6081518	672137216
1946630	1610613248
15146390	1140883456
5260826	1081348
21435230	1056772
12469502	4311744513
49519550	2147520512
70818338	1074823168
49675394	1610613248
25234130	83886081
1209530	2148012032
33728114	557120
5449718	2156003328
397586	1610612992
29861822	5435817984
67418930	36865
17047622	2147487746
9481898	2625536
27000254	671088644
46519634	98320
43565078	37376
54456338	2147520512
71955578	134217737
11775818	134250500
20695214	671092736
43264730	37376
76088522	4295004160
62852798	1085440
54336458	69633
35195186	327681
54502994	4362076161
36235874	37376
70714658	671088768
18683498	134283265
14629610	1610613248
49752182	4311744513
78087602	671088768
3410462	2147520512
37705214	1073774593
165926	98
1527050	1610612992
17164586	4362076161
14966570	1610613248
74675882	33028
4378574	1081345
1754498	2134016
28369802	4362076161
20562050	137216
50916314	4362076161
8512166	1082163200
51114926	1081345
15768146	83886081
19916642	150994945
13341386	5368741888
4272950	4311744513
2792594	1081346
11312822	327696
52884938	524293
2724878	524322
49531214	5368709121
1098722	36865
22918502	36865
36801254	4099
16453406	135266308
9288794	1081345
7995710	1610613248
23557754	67108929
44175494	67637248
36476930	150994945
3379034	1610613248
6647546	1085440
27057602	671088768
7732622	36865
14552822	101711872
33737510	1073750528
47652986	1610612992
24394646	16814080
7476014	67141633
2369774	167936
49848734	2147520512
51704282	1074266176
13097090	1610613248
55966826	1081345
41422466	2155905024
66338714	67112962
59395718	2147487746
5470130	1048582
40047734	2148012032
28774154	4311744513
2706410	1610613248
59635478	2214596608
132230	1610613248
9498746	4295000320
17694002	1610613248
46761338	671088768
16428458	135266308
39715634	1085440
44362442	671088768
12794798	50
76224926	1610613248
62918570	2147520512
14717414	150994945
19067114	67108898
52366214	1073745921
65222858	32833
13240946	36865
64306262	1610613248
54410978	2147487746
78207806	671088644
47483210	1081345
54961454	5435817984
2654570	16809985
63195590	2147520512
61511114	4362076161
4656242	67145728
63065018	1107329024
29177534	4353
43598774	8392736
32979674	24577
3029114	1081345
15216050	2147520512
37762886	4362076224
35562926	37376
52092758	1610613248
44600906	2147520512
16198418	2147520512
15272750	671092736
18933626	577
4036754	16814080
12382346	671088768
43076486	536903684
37801442	1081348
67294190	1610613248
2449802	1610613248
8274026	536875264
59018258	36866
694046	2155905024
67559546	1610613248
46252334	1073778688
12908198	671088644
55729010	1610613248
76323098	2147487746
2458226	1610613248
8298974	20512
38958770	1610612992
36533954	6442451008
14864186	1074823168
4211390	4296048640
7015286	4311744513
15212162	2164264960
56313506	2148007952
14557034	1140850689
75795950	2147520512
64444610	2147618816
20757422	1610613248
25242878	67141633
1858826	36865
34527746	528385
8885414	134221825
36550154	1610613248
36931178	671088768
1805690	1610613248
30076310	327681
16614758	2147549200
486362	2147615744
2685026	1610612992
70653098	2147487760
67798010	4311744513
64814618	4311744513
62819102	1085440
26913422	1081348
14778650	1085440
52070726	1085440
33279050	4295000065
2007542	4311744513
14175362	524354
71554466	150994945
3637262	100696064
23932946	671092736
70759370	1610612992
34849478	16781313
18523442	150994945
66087938	200
22877030	4130
1124318	2147520512
62032106	1610613248
29801234	1610613248
7075550	1073778688
74697266	1610613248
68726	1610613248
24723830	1085440
71554790	2147487746
36977186	4311744513
53940854	1610612992
65399762	1610613248
42354614	1610613248
23526002	69633
74198954	1081345
28790030	201326593
33845726	32834
47513666	4362108928
32074094	36865
62469830	16781313
9269354	1081345
42491666	671088768
20614538	1073778688
36384914	1073778688
75644642	1073742084
29535554	4362076161
22153538	1610613248
63125282	201326593
31606562	1610613248
25934294	4294971456
21881702	4130
23973122	17334272
33406706	1610613248
67006478	1073774593
67743902	2147520512
49276226	1073778688
24359330	102400
35203934	536872964
1026146	1610613248
27476534	201326593
32332970	671092736
66334502	67141696
18537374	32833
81292610	3221356544
73044866	4362108928
11031590	57344
69207410	167936
81599762	1610613248
13271078	2147520512
42470282	671088768
39421766	536875520
69560246	67141633
42932630	142606338
1089002	1085440
15334958	2147520512
53328818	5368709121
77378042	36865
33826286	37120
76175030	2147487760
53241986	1073778688
48916262	327696
49339406	1085440
42414230	4102
63657614	5402263552
43394978	37376
24368402	1107329024
416378	1610612992
64332830	8425472
60112730	1610612992
32713022	1081345
20018378	1081345
20161262	1610613248
61949486	671088768
52202	1056772
15755186	36865
51379310	1073746176
60067370	150995072
68386394	4106
16982174	83886081
10364798	1073745921
39757106	671088768
52091462	32833
71437178	4395630592
6985802	1610612992
6770342	134250500
39322622	1081348
51394862	1085440
27073802	671088644
45532406	1610612992
20115578	1081348
18690626	1610613248
54005654	1140883456
4407410	135299072
78155642	150995072
25905134	36896
19129970	32833
63783326	5435817984
54607322	1610612992
23688326	2147524608
16796846	150994945
14682098	327696
3156770	67141633
320798	327696
54238610	67141633
76635434	2147483682
72717950	2147487745
67779866	671088768
50308814	4362076161
26370074	1610613248
79226786	2147520512
30987074	4311744513
2632862	1081345
27386462	1081348
46388090	36865
42318326	5435817984
51632678	1081345
1262342	4295524352
41119526	536871680
43580954	4295000128
29319446	4296048640
3661238	135299072
38291978	4311744513
8439590	1610613248
80386382	1074823168
69391766	1073746176
11922914	1610613248
45468902	4311744513
1215038	1610613248
74441630	1610613248
12434186	671088641
656462	4295000065
61624514	16809986
67182734	1091043328
43607846	671088768
41820986	1085440
53093270	1074823168
34599998	1085440
69256334	1081348
63207578	671088644
21063926	2147483666
26761142	268568576
27289910	1610612992
7290038	327681
4908962	1048582
25785902	1073778688
2025038	1073745921
24045374	2625536
35441426	4311744513
22581866	671088768
56845838	1081345
9666902	1610613248
19472438	1610612992
28719074	201326593
44690654	16779520
4536362	32801
34460678	83886081
51445730	1610613248
56301842	1610613248
61512410	2147520512
3908774	524354
31999898	1056772
19243370	4362076161
70194962	135266308
72010010	1610613248
4218518	4362108928
38246294	327696
80082146	163856
75432422	17334272
60733838	4311744513
50537882	671088768
38419310	3221229568
74696618	8392705
2974682	2129921
71505542	24580
34151582	1610613248
33623462	1081348
20207918	67141696
50327282	4362108928
34056326	36866
33999626	1610612992
21318590	4311744513
33586526	1081348
23641346	1140850689
6481658	4295000065
9212978	8425472
3780794	1073774593
41132162	4295000065
2951030	134250497
66388934	36865
1615178	1610613248
73644266	3221356544
41469446	1610612992
44151518	1146880
8592518	1610612992
53984270	36865
70216670	1610613248
24700178	67141633
26429690	2148012032
64108298	1610612992
82334	4295000065
3070262	32774
39547478	1610612992
75459962	4362108928
70943402	36928
39364094	4362108928
38923454	167936
54785522	1073774593
3610694	4295000320
13770686	1073774593
31083302	70
54799130	4295004160
63078626	36865
8771042	4311744513
16726538	67141696
10731242	1610612992
40830194	1610613248
69705398	1610612992
64273214	1610613248
58110734	134217793
66258362	2147487760
75546146	4311744513
43434182	671088768
43870934	36865
10945730	16797696
46569854	2147483682
19184078	1610613248
28647146	36880
58433114	1610613248
68531546	1610612992
64942922	2147520512
21768302	2147520512
51000554	67141633
65789210	1610613248
77589290	1610613248
48834938	4295000065
47025074	36865
42224366	2147520512
12813266	36866
58591550	67141633
51442166	1073778688
13505006	2147520512
31138382	67112961
13938842	1610612992
77615858	5435817984
23766410	1081348
77372534	1115136
2457578	4395630592
74646722	1610613248
53849810	1081408
46599662	1610613248
81517790	4295000065
3048230	1610613248
55703090	1610613248
11221454	36865
17685254	2147520512
42006962	671092736
31978190	3221229568
589070	133122
59947814	83918848
14503574	1610612992
32447990	4130
49158614	671088768
11038718	67141888
60322358	16809986
61288850	1610613248
19019810	150994945
6894110	36865
29496998	671088768
50395322	268568576
6984506	32833
24109850	1610613248
57717398	2148012032
36021386	36865
50320154	2147487745
80838038	536870918
5604590	4311744513
76840850	671088768
62816186	1081348
40379186	1610612992
77649878	1610612992
62993090	33591296
47813042	671092736
12936062	2147520512
6965390	2148008448
43067414	1610613248
4655918	8425472
13292462	83886081
4012778	1610612992
49029014	101711872
75634922	1610612992
4059434	561152
20263970	536903936
2271278	83886081
68792366	36866
8738966	3221291008
64576154	1073774593
26153642	17334272
58708190	4295004160
32617766	4295000065
31452986	1081345
56334242	1081348
61178366	1610613248
36775334	1081348
3440918	67141696
658082	1610612992
46594478	4362076161
48816794	1610612992
47650070	4099
81537878	36865
51359222	1610613248
52840550	2147520512
9403814	65572
70625882	1074798592
63037802	36866
44406182	1081345
123806	67141633
80472890	2147520512
1193006	2148012032
30091862	36865
54593066	1610613248
62482466	4362076161
17853734	16809985
15877658	1610612992
11101574	4328521729
4751822	1610613248
52067810	4295004160
58263986	1610613248
27911342	2147487745
36385886	5435817984
35024762	134221825
81471134	2147520512
11596322	67141633
74651906	1610612992
46472330	4295000065
41767526	37120
12464318	3221225728
10329482	1610613248
38798714	671088644
42666626	1610613248
65872478	37120
48577682	537919492
2674334	75497473
53661242	2134016
70301882	2147520512
27080282	671088644
4781306	2147487746
48843686	65793
63106490	24580
11445338	1073778688
5994362	525056
80130098	1085440
20160614	4362108928
77926898	2147618816
26279354	1610613248
78072374	1610613248
61643954	1610613248
47183186	671088768
28988642	36865
19772786	36865
28129070	671088768
12169802	671088768
32956346	671088768
76203218	150995072
48099782	1610613248
68268458	4311744513
4483550	2147811328
13203362	1074266176
13529630	1097728
53670962	1073778688
10890974	1082134528
1523810	4362108928
31884230	4295000065
80243822	4328554496
4969874	1073778688
12094634	3221225473
15831002	2164264960
6896054	17301568
69880358	36865
39447038	25165825
49004390	1610613248
34518026	1610613248
64167590	1610613248
53869574	83886081
32541950	2147487760
70403618	5368741888
75944666	2148012032
31189250	36865
28402202	8404993
8804090	1073774593
21349694	5368741888
68109698	1610613248
18225686	4311744513
50809070	67108929
44663438	2147484162
53355710	2621444
70241618	1610613248
20863370	524294
3943442	53248
13087370	2147520512
2252810	3221229568
41165858	1610613248
25120406	1085440
36193106	4295000065
1499510	8425472
18654014	1073774848
52348394	2148012032
42895046	561152
65230310	5368741888
11419094	1610613248
37382834	1081348
64409942	4295000065
43359014	2147553280
50548574	1081345
651926	671088644
29446130	1081856
56846810	2147618816
4889522	1610612992
5296142	1610612992
57787382	2147487746
24962942	67436544
43477598	69648
24336002	20481
24762386	24577
76687598	2101504
50908862	1052673
26228162	262210
50174354	1610613248
19316594	16781313
53196626	671088644
38880038	4395630592
4994498	8425472
5513870	32834
69747842	25165825
18330986	83886081
25827374	671088768
64391474	3221229568
35883362	2147487746
52563854	67141633
1532882	2129921
31151342	57344
40406402	1610613248
5850182	1073745921
5971682	1610612992
32836790	200704
64427114	36865
68009906	67141633
29327870	1081345
15571154	83886081
53977790	134218753
18393842	32833
62493158	67436544
5135114	4311744513
68388662	536907776
16059422	1085440
37448282	278529
36164270	134254592
51277250	5368713216
46959626	1610613248
22041110	1085440
67973942	36865
64650998	1610612992
44766470	2147487746
66833138	1610613248
40835054	1081345
21956870	2147618816
64830818	2147520512
524270	1610613248
49832210	4311744513
72565670	1610613248
18145334	150994945
12160730	1610613248
40103786	4311744513
36235226	37376
55552106	3221356544
342182	1610613248
670394	1074823168
1621334	1085440
66332234	16809985
35648462	1081348
60056354	536907776
57066806	1081348
33003326	67112961
263774	1610612740
55452962	2147520512
71718410	1073742592
80796566	1081408
69503222	6509559808
47897282	671088768
75366326	135266308
43108238	2147520512
4606670	2147487746
80840954	671088768
24837554	2147520512
3115298	2147520512
46824194	1085440
68557142	671088768
53724098	67141633
62324354	1610613248
33000410	2147520512
32809250	2147520512
9693794	1085440
68163806	671088768
23220470	1610613248
37573994	2684358656
1644662	1610613248
35272298	671088641
63990038	1074790404
62625998	1610613248
56734706	1073873408
10528094	1085440
26839550	67141696
56131742	28672
334730	1610612992
61784570	4362076161
3403010	2147520512
20239994	2147520512
59004974	66564
34575374	2147520512
163334	1610613248
50974310	1610613248
70394222	134217858
37735670	36865
15920750	83886081
4148210	1610613248
42241862	671092736
53515766	1610612992
30045530	4296048640
2228186	83886081
70386770	4362076224
5112434	3221229568
57387566	1073774593
36438050	1610613248
21193202	150994945
7771178	1610613248
19655498	1073778688
60117266	1073774593
78926438	1610613248
12117962	1610613248
22108502	671088644
1724690	8437760
17602634	2147614736
19789958	327696
31055762	32834
5478878	57344
22331090	16781313
62473394	1610613248
60025898	1610613248
72109154	1074823168
76186694	1085440
17604902	38
21874574	36866
26200946	65554
4675358	67133440
66772226	4362108928
66104462	1085440
3893546	1610613248
42247694	2147549185
81161390	1073778688
17115986	1073778688
50894606	2148012032
75447326	16781313
67740338	134217857
9499070	16810240
3900350	1081345
13384154	1610613248
56786546	1081348
53045642	3221356544
31141946	16777984
38655506	83886081
68232818	5368741888
68443094	36865
50069378	4429185028
47028314	36865
75025478	37120
54160850	1610613248
592634	1085440
51052718	5368709121
57227186	4311744513
54211394	4362108928
68725298	4311744513
33186710	3238002688
8489486	4311744513
36895538	167936
51015134	67141633
46632710	67141633
24321746	1610613248
31701494	35
32509550	1085440
81693722	671088768
54248654	671088768
3661886	2147581952
39039446	36865
64210034	1073745921
45470198	1085440
6814730	4295000065
38068418	134217860
65335610	16908289
28813034	67141633
28279082	671088768
30126206	2147487760
44157026	4353
19368758	1610613248
34828418	67141633
4555802	37376
64386290	36865
28226	37376
78257702	4311744513
8147342	1085440
42210758	2147520512
72400754	150994945
62679782	1085440
30537686	1610613248
45360362	1085440
55828154	536871680
6500126	2147647488
78103478	17334272
38917946	1107296257
14172770	1610613248
66460538	2147520512
53293826	561152
30097694	1610612992
39218618	2147520512
43877414	36865
11821178	70
74644778	1081345
34626890	67141640
69642542	16826368
6714938	36865
30983510	4295131136
44471954	4295000065
49348478	4311744513
60120182	3221229568
64369118	1074298880
58048526	4295004160
60784382	4362108928
54820514	1074823168
31666826	1610613248
10384886	4162
15575366	83886081
15686174	4311744513
34035914	4311744513
41761370	4311744513
51061790	1610612992
61731110	32833
27171002	134217733
36253694	150994945
43099490	1610612992
42473522	2147520512
19977878	4362108928
42019598	2117632
50728394	83886081
62148422	2147487745
20906786	1610612992
13797254	1081348
503534	4311744513
2860310	1081348
20990702	16809985
46865018	16809985
10664822	6146
66831518	1610613248
53242958	4362108928
32689370	134250500
76921202	3221225536
59537306	8425472
34434434	561152
20913590	1610613248
71015654	16814080
5648330	2147549185
36225182	36865
71245694	1074823168
51123998	1610613248
11113562	4362076161
69575150	201326593
66077894	2147520512
80686406	16809986
62842430	36865
33727466	1081348
29188874	671092736
55653842	1085440
77172302	69634
2306270	4102
14889134	4311744513
19866746	2147520512
37606718	1081345
260534	134250497
18527330	134218880
64017254	4362076161
35901506	671088644
80738570	7516192768
55122806	83890176
22235834	201326593
4368854	1081345
79358978	33849344
40885598	4129
75697130	1085440
7693742	4362108928
36435458	67141633
43960682	1610613248
36393338	671092736
21370106	4395630592
41334014	16777282
16129406	36880
42195854	2181038082
4718774	561152
38155898	2164264960
60771746	1610612992
22541690	1610613248
8198858	1074823168
64972406	134250497
49905758	134217793
51570470	1610613248
40206170	1081348
52068782	1610613248
28735922	2147520512
57957482	1074823168
71173766	1610612992
1183610	1610613248
6366962	4362108928
31496078	2147520512
52584590	1610613248
66915110	36865
30268766	4362108928
21919934	1085440
52206158	2147618816
20783990	1610613248
81033086	536870918
2932886	1610613248
64946486	1085440
11533790	671088644
12630206	2147487746
76657142	1073778688
81304922	1610612992
77636594	671088768
62399846	1081348
4751174	4296048640
60284450	1610613248
63861086	1610613248
41575718	4295000065
54089894	671088768
14754350	2147520512
57477962	4102
38206442	36865
18732746	67141696
34346306	67141633
69214538	1073745922
20191718	800
56478098	36865
37108406	1073750272
54144974	1082163200
3471050	1085440
80085062	3221229568
36145802	671088768
51259430	1073778688
47482886	2147520512
9900830	17301568
43063202	1610613248
39523826	36865
43977206	2147483684
853454	17301506
58651814	1610613248
39833246	2147749888
67298726	4362108928
39009638	36865
52888826	2147487745
75052370	16814080
62542730	37376
11287874	1610613248
14985686	276828160
14969486	67141633
23364326	1073778688
6552614	268502016
51988106	16814080
24374234	671092736
29868950	1073778688
39955394	16777250
53153858	32833
52564178	1610613248
47635166	2147487760
11879822	1610613248
64790318	671088768
17449382	1085440
66742742	1610613248
63977726	17301568
2917658	37376
13577582	1610613248
37522154	150995072
55137710	1073762304
21973394	57344
55081982	17301568
5799962	2148012032
4779362	1074823168
63926858	1610612992
23991590	4311744513
40522070	1073774593
79405310	53248
44980958	1610613248
19754966	134218753
70661522	1085440
3175238	327696
56175158	1085440
42433670	2147520512
81517466	671088768
4491974	4311744513
55662914	2147487746
22394918	16809985
5796398	83886081
81567038	1081348
1211798	1610612992
7654214	1081348
21203570	1073745921
31123154	1074823168
33571622	16781313
52219766	1610612992
19831430	150994945
26722910	33028
47243450	2147487746
54756686	4294971393
18478406	1610613248
24207050	671088644
61783274	1074823168
285806	37120
19625042	37120
68813102	16809985
65468126	4395630592
6468374	2147520512
73572014	4311744513
31485710	2134016
31788974	1610612992
45111206	1074823168
6506930	1610613248
77300930	1081348
634754	328704
806150	2147520512
28374338	671088644
36891650	5435817984
43077134	167936
46624610	4311744513
76064870	2147516928
3647630	37120
49707794	1610612992
42571694	1073745922
22660274	524322
69711554	83886081
7730030	2148012032
40318274	4099
31649654	1081345
36559226	1085440
36444530	1610613248
77056634	1610612992
55831394	37120
42618026	1140883456
81372314	1610613248
64283582	4295000128
22144466	2147495936
3638882	2147520512
21002690	16809985
14463722	671088768
19354826	1610613248
77656358	196624
34586066	1610613248
55767242	37120
52334786	1074823168
21859346	83886081
29727686	4311744513
54272306	36865
41287034	671092736
74459450	1610613248
19809722	1073762304
938666	1610613248
52963346	2148012032
31673630	4295004160
5115350	134250497
47015354	1081345
72587702	1610612992
33559310	134283265
74813582	671088768
39375758	1074823168
72648290	16781824
76885886	37376
37676378	671088768
18563294	2147520512
1077662	2129921
36557930	1081348
33703814	536903936
64208738	671088768
38282582	2147520512
51283730	671088768
64168886	37376
63439562	2684358656
36129602	4362108928
63503390	671088768
55187930	327681
3900998	1081348
1789814	1081348
58193354	37376
45399242	37376
62660666	1081348
24330494	1610613248
16869746	4311744513
20068922	36866
34200506	671088768
77552678	4362076161
71885270	4295004160
30404522	4311744513
926354	1610612992
56213390	1610613248
39005426	3221229568
27199514	2147484162
66673730	1081348
66140750	1610613248
36878042	2181070848
64274834	1073778688
51873410	561152
62674598	561152
19033418	150994945
29906858	1610613248
51510530	36928
39522854	1610613248
41156786	4362108928
61195214	2147520512
34439294	36865
6946274	1082392576
41385854	1085440
29792162	69648
65864702	67141664
44359202	327681
76092734	4362108928
7738130	1081345
26542442	16777250
38356130	1610613248
15183326	1073762304
7872914	1610613248
45517826	1085440
34854338	671088644
9947486	1610612992
9926102	150994945
79843682	2147520512
63120746	1610613248
78598874	1085440
69677858	57344
78757634	1081345
56795942	671092736
56028710	1081345
68261978	134218756
48056042	1610613248
41687498	268568576
42231818	1073778688
25134014	1610612992
36891326	1610613248
51292478	1073778688
1264610	327696
220358	150994945
67974590	1610613248
49996154	1081345
76041866	536903936
73974098	8392705
8872778	268632064
67983014	1610612992
18146306	4362076161
23719754	134221825
34077710	1610612992
71461154	1074823168
1714646	1610612992
68550014	561152
762734	65793
40197422	285220864
68535110	2148007952
398558	150994945
23149190	4295000065
45608870	16814080
63956018	67141696
35030	135299072
72570854	1610613248
22230326	671088644
20043002	2147487746
44486210	2147553280
35953670	1610613248
25977710	1085440
1358246	67145728
40579418	671088768
12656126	671088768
135794	67141633
71107346	1081348
5470454	1090519041
15322646	4328554496
20569826	1610613248
58256858	1610613248
12761750	83886081
47239886	1081600
39378350	1074823168
68749274	196610
56446346	1610613248
74298746	36866
17366438	1610613248
44239646	16779266
70381910	134254592
68563298	16809986
31533662	16797696
54422642	1081345
64056458	1610613248
24111470	67141633
20863694	1081348
38241434	4295000576
58849130	3221229568
5625002	137216
10538138	69634
65682614	36866
61257422	2147516928
32574998	1081345
415406	155648
31556018	671088768
29239418	1610613248
33903074	1610613248
59525966	4311744513
36519374	16809985
51015782	16809985
65226098	24580
22033334	3221258240
40729430	32802
22435742	17334272
70910678	1610612992
41049218	1073746432
48118250	1610613248
29449046	1146880
23788766	1081348
80112926	671088644
65401382	36865
29056034	4311744513
81540470	1140883456
37460918	67141633
2167922	1073778688
12709586	1073778688
41219318	4311744513
5456198	2147520512
81393050	2148012032
48881270	67141633
74343134	32833
76525922	671088768
25622930	1610612992
25185206	4295000065
59028626	1073774593
19771490	150994945
73803674	1610613248
40221398	17334272
51517982	36865
55525214	1610613248
17738714	4362076161
70875686	134217860
54576866	36865
67797362	671088768
4587554	1085440
73093466	1073778688
44631362	1610612992
28991558	671088768
17929226	1081348
26454638	57344
20865962	1081345
56350118	2147520512
1042670	524354
10332398	70
49683494	4429185028
62499962	1610613248
41288330	36865
17323346	1081345
73738550	1610613248
42817934	1610613248
75969290	4362108928
37929098	16809985
51265586	1073762304
6101930	2363392
68363066	69648
32122370	36865
52643234	1610613248
58800854	1074823168
1824158	150994945
31374254	1610612992
700526	3221229568
11342630	4295000320
26888150	67141633
63243218	67108929
1399394	67145728
44737310	67112961
1163198	671092736
57331190	671088768
1704278	1610613248
52438790	2134016
59910554	37376
38815886	2147520512
77282462	1085440
17290622	1074823168
61642010	67141696
7026626	1610613248
25166090	53248
18800138	671092736
9156278	1073746432
5037914	321
6877910	67633408
72987518	524354
26219738	4099
12757862	1610612992
19657766	537919492
19122842	1610613248
63859466	1610613248
2875862	134250498
52584914	4395630592
78218822	1610613248
37620650	8421888
67580930	4328554496
33670766	8392736
34313906	1090523136
43491854	4311744513
71292998	1074823168
70621994	2147488256
70157054	1074790404
9315038	137216
123482	67141633
17274098	1073778688
80473214	1073778688
22788902	36865
25675094	135266308
40334150	16781313
3799586	1610613248
71880086	2147520512
12949346	67145728
69362282	1073774593
34649246	1610613248
21831482	2147487760
70826114	34603520
20785934	2147749888
25644962	4295004160
2991530	2147520512
7572566	67108929
52664618	1085440
55152938	136314881
78166010	1081348
51097430	16801792
28143974	1610613248
24577706	4362076161
3866006	2155876352
139358	4295000065
77826782	37376
67376162	83918848
37941734	671088768
59048066	1074823168
41066066	2147618816
17419574	150994945
61377950	2148012032
33648734	150994945
56425286	2101312
5032730	1610613248
18934598	150994945
50103398	4362108928
49601198	67141633
80696126	671088644
30008270	1610613248
54555482	671088768
984026	1610613248
9085970	1610612992
11917406	1610612992
3260774	147458
63835814	2147811328
3193058	3221356544
78762170	36865
59086946	4362108928
60015206	3076
47273582	2147520512
52309838	671088644
61604102	1610613248
59628350	32833
1431146	1610613248
53725070	67141633
49986434	36928
44933654	1058
4549646	196610
42740174	1610613248
1154450	83886081
1831286	1085440
7728410	1610613248
77319074	1610612992
46351802	3221356544
15502142	150994945
59681810	67141633
31459790	134250500
67320110	150994945
5778578	1085440
20784962	67141633
11967626	1610613248
905618	1073778688
3263366	2147487746
71432642	1610613248
19763066	331776
11809190	1610612992
40337066	4311744513
39957662	3221229568
71467310	1610612992
1251650	4362108928
55775018	8421888
20827082	1074823168
52886234	2181070848
53357330	4311744513
65340470	1081348
60618494	1085440
40938086	67141633
30764486	67141633
59608586	4295000065
80451506	8425472
7156226	150995072
53623658	1610612992
6932990	4295000320
240446	1610612992
5949326	8392705
76325366	37120
26075234	201326593
19521038	16809985
53050826	1081348
311402	1610612992
32044934	37376
50971394	1610613248
47137502	67141633
11963738	1610612992
53534558	53248
12314954	135266305
71369462	36865
37116182	1074823168
78855806	2147520512
9686666	1610613248
35932286	671092736
39195290	1081348
67233926	671088768
18895394	1610613248
75904814	57344
4325438	4311744513
27561098	1073778688
12404054	525344
15763934	97
51314186	100696064
34966118	1081345
22691702	1085440
7869674	1610612992
79232294	36865
950330	1610613248
41037230	37120
70110074	1610613248
51308030	1073778688
76664594	8425472
13492370	2181070848
23747618	1610613248
62730974	3221225488
340238	8409088
38550854	7516192768
18451514	4362076161
56679302	36865
68554226	37120
68261330	2147520512
74182754	671088768
23087954	671088896
52440086	4311744513
49648502	1610612992
76137446	1085440
38316278	1085440
72758774	1073745924
15950234	83886081
30059786	528448
62188922	2147487746
77048210	2147520512
53922062	2147487745
47583002	553648384
78914126	1073745921
5661938	1610613248
28203914	16814080
64374950	1048836
42242186	65793
61543514	1140854784
52087898	135299072
43439366	1610613248
52060358	2147520512
27098750	1610613248
60209930	1610613248
56402282	4311744513
29345042	32834
1688078	8392736
76095974	671088644
12395306	1073778688
57467270	67108960
30015074	4362076161
1126586	1610613248
76146842	1081348
682382	73732
47459882	1610613248
29722502	53248
64216514	524354
39832922	2147520512
32494646	1074003969
30167030	1081348
33373010	671088644
37225046	4295000065
4959830	2147520512
18056558	524354
74719622	3221229568
3334970	4362076161
43058018	671088644
8034914	2147520512
81172406	671088768
40133594	2147520512
76594610	1610613248
48601658	1610613248
1272386	16843776
48959678	1610613248
74681390	4429185028
14713202	4362108928
77465522	1610613248
67177874	8425472
81228458	6442455040
55308134	1610613248
746858	4311744513
22848842	4362076161
15707882	561152
32006054	2147553280
49054934	671088768
65802494	134218753
12487970	2147553280
27889958	73
80383142	37376
23984138	67108929
2422586	5435817984
24476942	1081345
24874814	16779776
78837986	557120
16716170	2147520512
26440382	4395630592
21313406	134221828
526538	1610613248
77885102	4362076161
2070398	2147487746
13306718	4295004160
58057598	4328554496
28925138	4395630592
77899358	32833
71362334	36865
10947026	1081348
64572914	135266308
43027562	53248
56965070	4294967361
47444006	4295000065
60259502	1140850689
41884490	2147487808
1069886	1610613248
73215290	4311744513
47649098	1610612992
35994494	4102
48813230	16842753
40740446	1610613248
142922	1081348
1271738	1081345
41773682	671088768
1237394	2147520512
30331298	2147520512
72696566	671088644
895898	135299072
14136806	36880
74717354	2564
27466166	1073745921
70038794	1081348
20988110	1610613248
7053518	1610613248
3740294	32836
28812710	557120
24460742	1610613248
77142494	33591296
73784558	1610613248
34602914	1610612992
45649694	36865
4643930	1085440
54170570	603980032
4495862	75497473
36561170	578
75481670	1073742084
2836010	32833
556346	67141633
15303854	1610613248
3339506	2148012032
78847706	1610613248
11572346	37376
21094058	1610613248
41806730	1207959553
66233414	4311744513
49584674	4395630592
26501294	37376
40304342	4395630592
42933278	16781313
3069290	1610613248
27865658	5435817984
11914490	1081348
48029798	2147520512
7612418	4429185028
5721230	2147520512
66383750	1074823168
80230538	4311744513
75850706	1074823168
39185570	671088644
35929694	4294967361
81549218	37120
57857366	36865
44324210	69648
42404834	671088768
15804434	57344
41081294	16781313
39322946	2180
3196946	2147520512
18738254	67764224
37745390	36865
18666326	150994945
67833650	1610613248
71316974	1610612992
32643362	2134016
26724854	671088644
40187054	671088768
43250798	1610613248
8111054	1140883456
41069630	2147520512
21534698	1610613248
36098498	671092736
11610254	1074823168
40052918	4295000065
34672898	4295000065
60107222	1610613248
79678118	67141633
55383302	671088768
25916150	1074823168
71302394	1085440
55249166	2147520512
70152842	4311744513
54405470	36865
11895698	1610613248
21159830	16809985
68428514	1610613248
8899670	2148012032
61526990	8392736
27099074	671088644
18935894	4295000065
48440954	134250500
65181062	4311744513
26675606	1074298880
71111882	1610613248
977546	1610613248
44478110	16781313
20536454	2147487746
6832550	671088644
8086430	1610613248
37056566	2147520512
48890342	66564
49413278	1082163200
21208430	4311744513
74517446	2147520512
45473438	134221826
52773806	1074790402
27821270	4295000320
35537654	671092736
49515662	671088644
80139170	134217860
33103442	36865
68620970	4395630592
33456926	1610612992
18339734	83918848
2915066	135266308
63637526	32802
77868254	4303355905
54278138	2147520512
70043978	134250498
70714982	36865
81594578	1610612992
27894170	67141634
46509266	1074790404
40843154	2147520512
30555182	4362076161
38790938	4362600448
48714086	4311744513
79967126	1610613248
24084902	83886081
43947074	4311744513
65646650	4362108928
32191706	67141633
62971058	1610613248
39071522	36865
5300354	1074823168
25325174	2147520512
5806118	67112961
1430822	134254592
79300010	2147520512
24065786	8425472
4323170	589888
22643426	2181070848
33183146	67141633
72304202	4295004160
32760002	1073766400
166898	590848
6031622	1140850689
20039114	83886081
17716034	800
14732966	1085440
62696306	1085440
17373242	16777281
17861186	1081348
68484566	1074823168
34074146	4295000065
8890274	1610613248
41884814	67141633
38671382	1610612992
41380670	1610612992
78917366	16809985
27856910	83918848
3990098	67141633
18870770	150994945
31693394	16809985
35972138	4362080256
33433922	537919492
47124866	36866
41291570	4395630592
70277906	1073778688
42383450	1081348
72240698	671092736
6041666	671088768
57657458	4362108928
50355470	524322
2126774	36865
41098466	4311744513
38592002	536903936
10548506	83886081
55640558	67112962
9514946	67112961
23993210	1610613248
70211810	134254592
80401610	1610613248
57290366	671088768
27337214	1090519041
53398478	4362108928
4701926	36865
29627570	671092736
4272626	1610613248
30623546	57344
41723462	671092736
55835282	1610612992
23838662	1074823168
47776106	671092736
60252698	1610612992
70563026	67182592
22400102	528385
60671954	2147520512
69042494	2147483714
50085578	8425472
780230	1610613248
3667070	1610613248
48024938	2148012032
45592346	1610613248
78783230	50
27460658	201326593
12996326	2147520512
40274534	4362076161
11059130	57344
23880782	1610613248
17344406	327696
2589446	2147811328
45107642	1610613248
5421206	1074823168
27601922	1140883456
47198738	278532
30228266	2148012032
21652310	1081348
77402342	1074823168
3612962	1085440
46176194	671088641
52884614	8425472
32382218	671088768
35183846	1610612992
39622646	4295000320
70391954	1610613248
52001714	4362076161
30936530	150994945
17197634	1610613248
26469542	1610613248
58808954	2147524608
61099310	524293
71214914	536903936
13503386	1610612992
332462	98
6784598	16781313
38600102	4295000065
59401226	1610612992
57466298	5368741888
37313174	2147520512
6839678	2147487760
761438	671088644
48489554	1074823168
68908682	35
3309050	2147520512
48620126	2701131776
66199718	134283265
79538798	1610613248
77040758	4362076161
29829422	4295000065
3775610	1610613248
22132478	100696064
58243250	1610612992
4502990	1610613248
53947982	1081345
66060398	3221229568
44543882	2147520512
72769142	1610613248
34605830	1610612992
32323574	36865
74892314	2147520512
35606342	1610613248
882614	1610612992
74718650	671088768
2680814	4295000065
12759482	36865
79774670	2147520512
51038138	36865
17238134	4362076161
985646	285343744
47768978	671092736
68731454	17301568
49454750	1610613248
24865742	1610612992
24007790	17039361
79182398	16912384
29797022	1610612992
3350846	671088644
36065774	671088768
68313170	8202
81435818	37376
53927246	1073778688
25866902	671088768
75118466	1140854784
47392814	327696
24355118	2147520512
10810622	1610613248
50152646	2129921
22159046	671088768
32899970	2147520512
28092458	2101312
64112510	4295000320
6450878	40961
57283238	4362108928
39923966	1610613248
78007250	1610613248
78827942	4295004160
33622490	4295000065
47621882	1610613248
41584142	16777282
5802878	1610612992
43474682	1610612992
51289562	36865
29513198	150994945
64682426	1081345
48195686	5368741888
27948278	201326593
80075018	134219784
67185974	36865
60425066	1610613248
66889838	1073872900
34032026	4295000065
22829078	671088896
73698698	671088768
36041150	4295000065
2212634	65570
1023878	16781313
81323390	16912384
33060350	2147618816
67455218	1610613248
80361110	1081348
53196950	2147520512
17603930	1610613248
80078258	671088768
56862686	1074806784
5962286	4099
39138266	1610612992
40323134	536872964
36164594	67158016
1372502	67141633
57750770	5368709121
37252586	2147520512
60314906	32802
34348898	529
9982154	1610613248
34317470	32864
8629778	1610613248
49298258	49153
71597558	1081345
23614778	4362076224
260210	67141633
46180406	102400
63818966	1610612992
55410518	134217860
20718218	671088768
5443238	98306
27012566	150995072
41919482	4311744513
23366	32833
27024554	150995072
15403322	1610612992
69315950	1073746432
29631458	1073778688
9038018	1610613248
41967434	671088896
20904194	2147520512
1133066	1610613248
55434818	28672
27129854	36865
3445130	4130
31601378	4395630592
62710886	5435817984
71192558	16781313
80158934	1073778688
51434714	1073778688
4180286	1610613248
37366634	196610
57936422	524802
1528670	671088768
40862	32786
18196850	66050
3909422	1610613248
885854	4395630592
74551790	2149584896
62419934	1610613248
81084926	671088644
50596202	1081345
58026170	1610613248
36188894	83886081
36177878	2147520512
15308714	1610612992
75514070	4362108928
39083510	2147553280
53781122	67141633
79159718	671088644
774074	1610613248
68467070	83886081
3475262	4102
12239786	67129344
32711402	4311744513
18150518	2147520512
59271626	671088641
33816890	150994945
68007314	1610613248
12262466	4311744513
37378622	196610
56218574	1081348
14089502	2147489792
8425658	1074823168
1077986	36896
66370466	1610612992
25379282	1085440
3381950	2147520512
56434682	1610613248
51629114	1073778688
79047290	2147516417
53948954	8425472
36794774	36880
14946158	1610613248
57300086	671088644
5897162	2147487746
45273854	1610613248
51568850	1073778688
74620478	1610612992
37164458	2147487746
2094050	1610613248
76356470	1610612992
3831014	1081348
5546918	1085440
26944526	1610613248
12189890	671088641
14025350	1610613248
4848698	4395630592
985970	150994945
74775350	671088644
51576626	1074266144
6211442	2147553280
46701074	1610613248
13859138	8425472
29563742	1610613248
42017006	37376
19132238	83886081
25267826	671088641
34801850	1081345
17616242	8425472
24388166	1610613248
66377918	37120
20274662	1610612992
11158598	4362108928
80768702	1610613248
69723866	1073778688
69969782	1610613248
243362	135184
77110094	1085440
67216754	4362108928
65559494	1081348
63685154	32833
33666554	1610612992
1351766	4362076161
41739014	327696
23292722	671088768
3396206	1610613248
44512778	3221229568
2415134	1610613248
26070374	36865
30449234	8425472
77842982	1074823168
457526	167936
54016670	671092736
36362882	1610612992
60736430	1081348
19016246	4294971393
44413634	671088644
16633550	135266308
33332186	4362108928
40541186	1081345
25326794	83886081
5937662	16809985
40288790	1082134528
67196666	1610613248
10829738	1074823168
55544654	1610613248
131258	134250497
76712870	1610612992
15727646	1085440
45630902	163841
8384186	2147749888
72825842	1074823168
1180046	16809986
38951642	561152
49251278	671088768
30134306	135266308
5114702	67108869
33155930	2147520512
18700022	1073778688
51155750	1610613248
17092010	2148012032
5525858	1085440
22353770	1085440
15281822	6146
585830	528448
60049874	1085440
43229090	37376
39754514	8392705
54983486	6442975232
44317406	134217733
49429154	4130
62862194	2147520512
721910	65541
349958	4102
81226514	671088768
5979134	2147520512
23674394	537919492
81711866	36865
35689286	4311744513
35750522	1610613248
62320466	671088896
2634158	671088644
72143174	4099
16712930	327696
47452754	36865
67927286	36865
79529078	34635776
1039106	1610612992
34655726	1610613248
4257398	1085440
2394398	4362108928
38225234	1610613248
43217102	32802
60770450	1073778688
68631986	1610613248
70238378	671088768
72421490	2147618816
37575290	1140883456
50781854	24580
66572318	1610612992
67201850	1610613248
29704034	1610613248
20377694	2281705472
32299274	135299072
43655474	1610613248
8543594	1610612992
64019846	134250498
73262	1058
78156938	1081348
19476326	4295000320
64968194	75497473
38265086	4311744513
45383042	1085440
7748498	67108929
77830022	134221952
61527962	16912384
37862030	2147520512
68195558	1610613248
1137926	2147487746
27844598	2147520512
22183022	671088644
33031514	2147553280
24735818	1610613248
46661546	671092736
26467922	150995072
44130134	2147520512
55269254	1075839040
59609234	53248
52909886	2147520512
51438926	2147487745
63773282	3221229568
43969430	1048610
157826	67141633
27835526	5377097728
55348310	36865
28262882	5368741888
78931946	2147520512
42590162	671088768
36059942	1085440
42281066	2147520512
34307426	83886081
47238914	16777282
12348650	671088644
22919150	1610613248
48859238	2164293632
65282150	83918848
80827022	17301568
4568438	524354
47573282	1074823168
80844194	1090551808
871598	57344
79860206	36866
62949998	1073766400
67361582	1610613248
34065074	671088768
568982	67141633
77019698	4295004160
74208350	67141633
11225018	1610612992
14817530	134217860
46242614	67112961
1301222	167936
73779698	8392705
53195654	2147520512
30512414	75497473
38304290	2148012032
38451062	1085440
61431086	36865
44132726	2147553280
57548918	1610613248
28495190	201326593
1613234	134250500
78252194	201326593
37968950	32773
78873302	4295000065
16473818	67141633
18307982	1074008064
22349234	4362108928
63016418	1610613248
42625478	1610613248
2186714	4130
63386102	134217733
5822642	2147520512
12148742	16912384
24629546	4296048640
23605382	67141633
65724410	134283265
50929274	36865
54964046	24577
62377490	1610613248
8998166	4362108928
34229018	2147487745
24335678	20481
35532146	4311744513
22018106	201326593
24417650	1074298880
63608690	2147520512
41051486	671088768
46671266	16809985
1505018	4362108928
35863922	1610613248
4575566	134250497
52632218	5368713216
25162850	1081348
51465170	1050628
72043058	327681
80850998	671088768
62481170	1082163200
37241894	36865
51656330	20481
15558194	2147487746
9197102	1610613248
79215770	2147487745
13462562	16814080
25343966	4295000576
260858	1090519041
33428738	134221826
30640394	32833
37708778	4295004160
67767878	1074823168
80966018	671088768
12330830	134218753
29878346	671088768
36009398	1073762304
61676354	1610612992
58768454	2147524608
79812254	1610613248
18261326	2147618816
11613818	40961
985322	1081348
25074722	2147520512
2926082	1610613248
47775134	536872964
28170218	1610613248
2223974	4311744513
64759214	1610613248
58020662	1610613248
15439286	83886081
1732466	4362080256
2051282	134250497
34515434	1610612992
61565546	83918848
73328042	4295000065
60106574	1610613248
37178066	1073778688
6053006	1610613248
1493678	1610613248
27444458	1610613248
55872218	1610613248
1699742	67141633
63737318	1081348
36243974	2147553280
63670574	4295000576
591662	151027712
9529850	67141633
37242542	671088768
16781618	1081348
22740626	1085440
20124002	2147520512
28476398	671088768
52623146	36865
76873250	1610613248
20147006	1081348
49435310	4113
35807222	17301568
73427186	4311744513
74951282	5368840192
39588626	1610612992
53683598	4295004160
52741730	2147520512
57333458	671088768
10047278	1610613248
71543450	1610613248
40807514	4099
71525306	4295000576
16424570	135266308
59730086	536903936
10342442	8425472
68035826	1610612992
24174326	134217733
29330138	1610613248
1227026	5435817984
38512946	1610612992
39474902	1610612992
44819606	32834
5144510	134250500
35516918	4295491585
70332986	2147520512
2047070	1610612992
17589998	2147487760
65729594	1073872900
41502818	83886081
50317562	1610612992
51770378	2148012032
13842938	2147520512
37154738	1610612992
56631350	1074823168
38191214	2147520512
79952222	1610612992
14801006	83918848
43451354	2147520512
1245170	36866
7700870	36865
714458	1073778688
30928754	2147520512
59120966	2147487745
51859154	1073778688
669422	20512
11129438	134250500
35753114	2147520512
27904214	1107296257
46210862	2147520512
54337754	2147549200
41811914	1073778688
65242946	1074823168
16785830	100696064
62870618	327681
75178082	2148012032
40181546	2147495936
50988890	36865
26769890	16814080
78241502	6442455040
73248986	136318976
55142894	134254592
74845010	1610613248
12538514	1610613248
29718938	83886081
36099794	4295000065
40469582	1610613248
3208934	4130
74627930	37376
53931458	2147549186
7657130	1610613248
5719286	83886081
32580182	1081345
79907510	671092736
43206734	671088768
39984230	4295000065
23699018	2147487745
33909554	1140883456
67350890	4296048640
81694370	2147520512
29717318	1081348
8607746	1085440
41931146	1610613248
33590090	4311744513
6824774	4362076161
38967518	17301505
28571330	1085440
46506350	671088768
50302658	1081348
37700678	16814080
6130442	1610613248
3629162	1074823168
18528626	1610612992
80542874	671088644
43222286	53248
40367198	2147520512
12843074	2147520512
75403262	4130
53771402	1081348
69630878	57344
37069850	1610613248
18811478	671092736
7875506	6442451008
46230302	2147487746
66448226	5435817984
61627754	42
68583386	1610613248
37697114	1081348
75557162	2147520512
67870910	671088768
39714662	528448
26083658	2147520512
65663822	1074266176
46211186	1610613248
43968782	3489660928
46800866	36865
27898382	36865
60305834	134218753
25500458	24580
20945018	17301568
19916966	150994945
48222902	4311744513
34891922	201326593
75158642	1085440
44676074	1610613248
38005886	83886081
69967514	1610612992
55603622	16809985
28751474	1085440
8834870	1610613248
21729422	37376
57197054	2147549186
49945610	1610612992
43667786	671088768
76004606	327681
56689670	1073778688
32040722	32802
53560478	1085440
19353206	327696
30722690	67141633
57388214	671092736
17230682	134217733
707006	24580
41992382	37376
36711506	1610613248
31394342	800
11938790	36865
51734738	1073762304
59345498	4311744513
55139978	2097217
26930	2147488256
35819858	4362108928
79250114	1073745921
6741182	17334272
78825998	2147520512
40908602	1081348
71054534	1610613248
54947198	49156
4699982	1610612992
58990070	1610613248
60822614	1074823168
4280726	1081348
7454630	2147520512
19396622	36865
41921102	4362076161
69162374	8425472
1354682	1073766400
4216574	2147520512
79995314	1073778688
29629838	4295000576
23918042	1140850689
19002638	150994945
22450646	5368741888
20722754	8425472
34953482	1610613248
70317758	1610613248
2281646	671088768
46216046	671088768
67898774	36866
11159894	150995072
19355474	4362338304
45425162	4362076161
32698766	671088768
47066870	4296048640
75129482	36865
61311206	1140883456
79891958	2147520512
48367730	2148012032
76999934	1085440
33441698	4295004160
78664322	1610613248
28324442	1048610
49109690	1610613248
68075354	4295491648
38839214	4099
19284518	8425472
47035766	671088768
48681362	2147553280
59318930	2147483682
25790762	4099
17668406	4311744513
58779794	2147524608
117002	36865
60780170	1610612992
36297758	8425472
30227618	1073766400
34434758	16779520
76996694	35
58902590	1073778688
8526746	1085440
81244982	36865
29402390	16960
10133462	2148012032
11442422	67108929
5703734	1610613248
18473870	16809985
3638234	65570
57518462	1081345
47099270	671088768
60860198	32833
55118	36880
62968466	1610613248
63514730	2147520512
49746674	4362076161
16266458	1085440
78005954	2147520512
31408598	800
33926078	1610612992
21629630	16777221
1161254	1610613248
36791210	4353
31868354	4311744513
15706262	83886081
6713642	32834
43169798	83886081
59203910	1610612992
40729754	671088768
29581886	4311744513
74419274	1140883456
74792522	528386
5028194	3221229568
69370382	1073774593
18205922	150994945
464978	1610613248
47735606	1610613248
42961142	671088768
57457226	1610612992
73472546	67141696
47577818	671121408
5965526	1610613248
28971146	1073778688
33977270	1073745921
3593198	2147487760
18585650	1073766400
17835266	1610612992
68298266	3221356544
31933154	1610612992
39172610	570425600
78294962	1074823168
51098078	2147520512
62132870	1082163200
70826438	37376
14845070	1610613248
44005718	1073778688
77361842	1081348
32010266	4162
52269338	20512
1763894	671088768
28040618	2147520512
77489498	4362076161
32702978	36865
71799086	1610613248
26104718	1610613248
30040994	1081348
27543278	4311744513
14695058	561152
20941130	671088768
81373610	1610613248
46804430	671092736
8211818	1090551808
34903586	327696
7023062	1085440
44236406	671088768
34379354	671088644
12660662	671092736
51584402	671088768
30533798	67141633
32667986	1610613248
53359598	32833
62437106	1081856
19926686	671088644
43824926	36865
25543226	5368709121
21950714	4102
6217922	1610612992
53632082	671088768
40847690	1085440
5368718	1610613248
51911318	1610613248
41472362	2147520512
51144086	33591296
46267562	671092736
7821074	36865
39610010	1610613248
55738406	1610613248
29952542	3221229568
50969126	2147487760
1198190	4294983681
10673894	2147520512
56739890	1610613248
45266402	1081345
10390070	36866
50354174	36866
44792390	671088768
65566298	1081348
73165070	1073840128
45137774	37376
24214826	36865
12778274	4295000128
18041654	524322
38285498	327696
63236738	1610613248
73366922	4311744513
49898954	2147487760
75741518	4295000320
81468218	671088644
4149506	134217860
28470890	1073745921
60249134	1610612992
70686794	561152
48527138	3221356544
46802162	671088768
74923742	4311744513
22267586	1610613248
55319474	1073745922
9777062	1610613248
47908946	37376
26862878	671088644
57907586	4311744513
27829694	67633153
13481678	1073778688
30862658	36866
33855122	1610612740
41327858	4362076161
49358846	135266308
19203518	75497473
32885390	1610613248
24180806	8654848
315938	135184
2987642	1610613248
51401018	2147553280
35777090	671092736
57720638	36865
38913734	671088644
128990	67141633
35051978	1073762304
48082286	671088768
25219226	201326593
47713574	671088768
50376206	1081348
78946850	5368713216
34774958	67141888
72577982	36865
60360266	1074823168
22843334	1610613248
53426990	2147520512
34494050	102400
15946346	1074823168
73338734	4311744513
67062530	4362108928
64079462	4295004160
12964898	1073745921
795134	4295004160
25244822	1073774593
68464154	1074270208
31924730	671088644
1879238	327696
31502558	1610613248
7098230	67108929
989534	134217733
61329026	1074823168
33211658	1074069504
79361570	1610613248
58934018	16809986
63183278	17305600
63557822	1090519041
65599670	4294971393
1585370	16779392
16112558	1085440
81106310	16814080
23339054	2148012032
1088030	137216
54047450	1610613248
41289950	4295000065
58609694	2134016
33344174	134221825
3917846	36865
45234650	1073762304
22188530	1140883456
14434238	2148012032
34381946	1610612992
1295714	2147520512
9789698	327696
5691422	36896
47441414	1610612992
34049198	1081348
23421350	2147487746
13218266	24577
42411962	36865
29407250	1610613248
27223166	1073745921
62177906	16809986
77991698	1081345
37038422	37120
1326494	671088768
76018214	4295004160
29635994	83886081
71559002	150995072
73455698	1610613248
920198	1610612992
60978458	16809985
24445838	20736
74489258	67141633
62085566	67108929
57793862	1610613248
19039898	4362080256
12547910	671088768
2926730	4295491648
71437826	4295000320
2293958	1610612992
5079710	1610613248
42883382	671088768
1085762	1610613248
67578338	36865
42231494	603979777
37676702	1610613248
81030170	1610613248
72922070	37120
8165486	1610613248
57494810	17825856
54873002	2147487746
27100370	8425472
73117766	266496
29682002	1073905664
37320950	1085440
23310218	1074008064
74060930	671092736
18075998	2147520512
2693450	1081345
4906046	201326593
38487674	1048582
38831438	671088768
53718266	33591296
53744510	4353
42639086	4226
24122810	8458240
14753378	671088768
40318598	4099
55614962	83918848
18656930	68190208
45534350	2147520512
71327018	36865
78073346	1610612992
66754406	671088768
53482070	4362076161
51952466	4295000065
17340194	589826
31322414	2147520512
31077146	671092736
79151618	4311744513
12085886	2148012032
42108374	1610613248
33823370	3221258240
38401814	8392705
49521170	671088644
57838574	2101312
38554742	196610
21809450	2147520512
74485046	2147520512
75047510	83886081
54722990	671088644
33712562	2147520512
50853134	2147487760
75204650	4311744513
15887378	83886081
72954146	1073774593
53997230	17301568
62812622	1610613248
75015434	33587712
75983222	4311744513
25088654	1610613248
30088622	67141633
40140074	1610613248
40598534	134254592
74408582	1610612992
47965970	1085440
44401970	1610613248
14795822	671088644
61806278	2101504
33809762	1081348
5538170	75497473
49806938	135266308
43820390	16809985
45012062	4311744513
11150174	20482
38847314	37376
72065414	1085440
80477426	36866
57165626	2147520512
7796450	3221749760
49456694	1610613248
55011026	17301505
55814546	671092736
18564266	537919492
14475062	3221356544
2136494	2101504
75796274	671088644
23801402	3221229568
24397886	36866
52144922	4102
36044390	1610613248
51541310	36866
6963122	67108929
40962062	1140883456
38995058	1610613248
26263478	1610612992
51476186	1610613248
40973726	299008
6903182	1610613248
1853642	16777250
43629554	1610613248
22313918	2147487760
45395030	16814080
182774	65554
49064330	37376
40055510	3221229568
23975714	536871680
13661174	4295000065
57824966	671088644
43449410	20512
49276550	4295004160
44809886	1073762304
5760758	1085440
33010130	1610613248
1080902	1085440
7651622	2101250
24400802	2164264960
51595418	1610613248
55628894	671088768
59117402	1610613248
9537302	7516192768
726770	2147520512
75058850	5368741888
27330410	1085440
20531270	1610613248
14245022	67141696
3570194	1073778688
77205998	1085440
44170634	70
6315446	16809985
50132234	2684358656
50375234	36865
1797266	150994945
30559718	37376
26853158	671088768
52749830	28672
46390358	1085440
66437858	1140850689
41369978	1610613248
24128966	201326593
79533938	2147487760
17445818	83886081
14062610	1081376
27590258	4295000576
13948238	67141633
54097346	1610612992
62545322	1610613248
19028558	1610613248
39008342	20481
78057794	1610613248
76071026	1074823168
49126538	2147520512
22714382	1610613248
14094038	1610613248
74110826	102400
24534938	2164264960
14010122	671092736
16545746	1610612992
67193750	4311744513
25994234	1073778688
36994358	671088768
76056446	671088768
24053474	83886081
70474574	4362108928
9070418	83918848
898166	1610612992
78638402	2147520512
2668178	2147487746
1829666	4362108928
7793858	16777282
50575790	2147581952
70762286	67141633
71264486	2147487776
49096406	1073774593
89462	1610612992
19942238	1610612992
29377118	1610613248
48503810	671088768
78610214	671088644
31399202	800
27069266	1610613248
36794450	671088768
66537650	8392736
49444058	1610613248
34317146	8720
559262	2147487746
12769526	4295000320
27959618	2147520512
5883878	2147614736
68369870	1610613248
1033922	3221229568
16144958	1073778688
31390130	800
31259882	1073745921
42634874	83886081
14907926	1073876992
10724114	1610613248
24353822	1610613248
833690	1114116
56729522	2164262912
16788746	327682
15640814	4362076161
3167462	671088896
17871554	1610613248
13017386	16809985
74736470	1212416
76713518	1610613248
76778318	36865
28398314	2147520512
7378166	4294971393
21544094	524354
15345002	4362076224
31291958	1073778688
33936122	557120
66062018	4311744513
48345698	1610613248
77003498	4362108928
631514	536903684
76800998	536903936
36792182	16814080
8491106	1610613248
39012878	36865
3206018	2147520512
51280490	557057
61414886	32833
34430222	1081348
46716950	1610613248
51007034	5368713216
29636318	28672
7525910	16814080
18837398	32833
8929802	2147520512
24300038	16809985
5757194	1610613248
44609330	2147520512
6593438	2621504
45661358	671092736
47225630	4353
36461054	1610612992
69110858	102400
52442678	671088768
59087594	4362108928
80914178	3221229568
63319034	2148012032
61804010	8425472
59899214	36865
50041514	1073745921
53524190	4395630592
620498	67141633
48684278	134218880
42275558	327681
59756330	1610612992
32811194	1081348
23522114	36865
4054250	4362076161
69049622	134254592
41186	524576
5743910	134217733
13129490	1610613248
24944474	36865
22815794	16781314
44151194	3221229568
2053550	36896
66352970	1074823168
79000634	671088641
70386446	1073774593
11044226	1085440
25851026	1610612992
42067874	561152
8075738	36865
27403634	1174405120
24084254	4099
3977462	40961
73994834	150994945
1674470	1073778688
43393682	1140850689
46996562	4294971393
29072558	1073778688
30505610	1074823168
23652038	1610613248
19035686	16809985
6894434	671088768
64655858	1610612992
56078930	37120
23293370	2058
38543078	36865
24603626	3221229568
43366142	1075843072
25918742	1610613248
80722694	1207959556
68454758	2147520512
40053566	100696064
75301526	1610613248
37775198	4311744513
313670	2147520512
31630862	36865
59733326	37376
11100278	4295000576
70048190	1146880
67087154	1085440
80094134	4295000065
27209234	1610613248
64596890	1074270208
4106738	2147520512
75336194	1085440
20637866	42
54777422	2148012032
72291566	1081345
4703546	1610613248
67448414	1610613248
65953802	1610612992
25940126	2147487760
64108946	16809985
20556542	16844800
14021138	4311744513
8957018	8425472
53998202	537919492
16999022	1073778688
3216710	1610612992
30648170	1081348
62831738	4311744513
80751206	1610613248
77135690	2147483682
3090998	2147484704
3093590	2129921
62198966	1610613248
308162	1610612992
20528678	1610612992
6532202	1610613248
8155766	2147520512
21491930	67
62811650	37376
28833446	134217733
40533410	67141633
77173598	16908290
507422	83918848
63295706	331776
24867362	4102
59795210	4295000065
16138478	134217864
81235910	36865
43456214	1610613248
77886398	2147520512
17624342	1081345
62622434	1081348
27578918	4311744513
80704226	3221229568
32963150	1082163200
18683174	1085440
44765498	671088644
2594306	1085440
68572046	37120
78019238	1610612992
1705898	1610612992
13531250	32833
69191534	4362108928
37516322	1610613248
35973110	36865
70526414	135266308
48414710	671092736
33906314	4099
12839186	83886081
67265678	1074270208
4487114	1610612992
31761434	1081345
6002462	1610613248
80977358	167936
52071374	1610613248
27201458	1074823168
73233434	1074823168
25493654	150994945
53354738	1074823168
64735562	36865
21130346	4311744513
7385618	36865
38871938	20481
44453162	4311744513
45684686	1082134528
287102	1089536
76062926	2147520512
40496150	4311744513
63334586	67108929
70677398	2147520512
2421614	2164260896
38259254	1073778688
40928042	671121408
8245190	57344
8261390	4311744513
53295446	1073778688
72903278	1073766400
12767582	4130
69659066	1610612992
75080558	4295000576
636698	4395630592
49637486	83886081
44855570	1610613248
44767766	671088768
22703690	1610613248
12173042	671092736
19884242	1610613248
80043590	671088644
43204790	536870918
32408786	1610613248
11674730	524354
37490078	4362076161
33486410	32834
78446	65570
81686	134250497
1816706	1610612992
13155410	16809985
1042346	1610612992
63492374	671088768
44133374	2147487745
67160378	1073778688
55472078	83918848
68046842	671088768
40187702	83886081
3579914	2147520512
21436526	2147520512
5188574	16809985
6021902	1610613248
6196538	1610612992
17186942	4362108928
28718750	1610613248
79337594	1610613248
59004650	36866
76091114	1610613248
9788726	2147524608
35740802	1085440
34565006	1610612992
9483194	1081348
69581630	1073872912
16063310	16809985
4037726	1610613248
8897402	8425472
12383318	16777226
56946926	1140883456
63674786	4311744513
12071306	1610612992
37363394	1610612740
25852322	16809985
42454730	1073766400
29702090	4295004160
3488870	1048836
62498018	1610613248
19816202	36880
2381114	2147520512
48824570	536907776
57440702	4329570304
15317462	1610612992
74343458	37120
39044630	4395630592
35406110	1081348
39779138	4295000065
66470906	2147487746
30963746	1073778688
4651706	67112961
78206834	1610613248
45474734	1610613248
7693418	1610612992
35149826	17858560
33428090	32834
31084274	2147520512
7529474	1610612992
7295546	1085440
53773022	1073741860
69208382	671088768
42294350	671088768
60099770	3221229568
61068854	2147749888
75589238	536903684
62384294	53248
9946838	67141633
8186870	1610613248
18139502	57344
42206222	1085440
47989298	1610613248
3281510	4362076161
36075170	134221825
32501450	35
80637482	2147520512
78364946	528386
1214390	1085440
3480122	4294971393
276734	1115136
59487410	16781313
3418886	67108929
43996646	536875520
30857798	1610613248
33436838	1073778688
2581346	4162
62741018	1073778688
57064538	1610613248
30386378	2147520512
128018	67141633
68729510	33591296
40391822	1073778688
2012402	1610613248
36566354	1074823168
7872266	4311744513
58542626	1610613248
51631706	137216
2449154	1610613248
21758582	1610613248
40180574	671088768
76527218	100663298
32880854	4295004160
43497686	1610613248
79322366	2164264960
37071146	1085440
35078222	36865
67686230	1073746432
45499034	1074008064
12865106	4102
26497082	1140883456
71571962	1146880
39707534	1610613248
64685018	17301568
26394374	57344
71412554	671088644
64449794	1073778688
68596022	1610612992
64239194	17334272
40372058	4362108928
42450518	4311744513
28858070	1610613248
4583018	1610613248
20989730	671088768
78170222	2155876352
70772330	1074823168
47089550	4295004160
69492206	1610613248
23089250	1073746176
56833526	4362108928
74521982	1610613248
27484634	1085440
6258098	1610613248
43053806	201326593
5072258	1081348
1599950	2164264960
38506142	75501568
73379882	1610613248
3417266	1610613248
52552190	671088768
56226674	4295000320
34281506	4311744513
77254598	36865
4489706	671088768
51470678	4362108928
24582890	150994945
73529570	17301568
44289218	32833
58824830	134217794
27405578	1610612992
8776874	2147520512
68285630	1074823168
13523150	4303388672
77400722	1081345
74659358	3221229568
67227446	134254592
31332134	1081348
31389482	800
57701846	67108929
37328726	1081345
10080974	1610613248
54296282	2147549185
225866	1610613248
58868570	20481
20669942	83886081
5721878	1610612992
53738678	6442455040
6315770	1610613248
20002178	32833
11556794	150994945
7770206	1073774593
75366974	135266308
64767638	1090519041
58174886	1610613248
10165538	4362076161
37090586	4311744513
3949922	671088768
47261594	1085440
2523026	134217733
41212190	2148012032
41438018	1085440
7564466	3221229568
32490110	24577
58564334	2147487760
24106610	1073778688
59090834	4362108928
9325406	1610612992
74386874	2147520512
26889446	1140854784
20259434	1610613248
36536546	1610613248
65079974	36865
20054342	578
19719002	536871170
32414618	2147520512
80346530	1610613248
5890358	8437760
5615930	24580
72639542	1081348
67875770	36866
27827426	16779520
13517318	671088768
7916654	3221229568
66410966	1085440
60238442	1073766400
3334322	36865
43282226	1085440
33014990	2147487746
45276770	67112962
60739670	8425472
8465510	2147520512
39761318	2147520512
70708502	671088768
47129726	2147553280
13983554	1146880
39862406	36865
1469054	1085440
80345882	24580
24125078	1610613248
22175570	16809985
56311562	2147520512
17740334	800
73412930	36866
57327626	2147520512
52061330	33793
3290906	1074790912
31293254	25088
79223870	4362207232
36206714	1610613248
57906938	1610613248
212906	1085440
53442218	4416
2264150	1085440
68359178	671088768
21669482	150994945
2755658	3221356544
60938930	36865
25108742	1048582
67859894	2147520512
51171950	671088768
3271466	1610613248
55237178	4295004160
267014	1056772
60242978	2148012032
60010994	1610613248
6392558	1610612992
24062222	671088768
27819326	16779520
61670522	4311744513
68663414	4311744513
63797258	4362108928
34694282	1073778688
37963766	536875264
10551746	536903936
44804054	1610613248
10114670	1085440
60188870	4311744513
36323030	1081345
7289066	2181070848
60449366	36865
17314274	36865
55546274	1085440
38372330	671088768
62350598	1074823168
36315254	67158016
24179186	671088768
44448626	37120
69502898	1610613248
79332734	4362108928
51182318	2147520512
72550442	4362108928
36054110	4294967361
77674826	37120
43161374	671088768
29483066	1610613248
119918	67141633
64190	36865
32348846	1610613248
41348594	3221229568
51799214	3254779904
37187786	4295000065
13488806	671088644
3371906	2148012032
29986562	4295004160
47572634	671088644
11270378	1074823168
38217782	2147487746
30006326	163856
14314034	36880
12886814	1081345
69618890	1610613248
26791922	2147483651
78264830	4311744513
80201378	4295000065
887474	1610613248
67865402	1081348
61531202	1073876992
66081458	1081856
14788370	1610613248
74225846	2147520512
31485062	2147520512
74745542	134217734
78685058	2147549186
37367282	196610
2883638	1081348
57900458	36866
78146894	137216
74234	17301568
29439974	1610613248
64442018	1610613248
60460058	67141633
43806782	1610613248
13988738	1610613248
3838790	671088644
63869834	1085440
46675478	4362108928
2113490	1073778688
79855670	16814080
47525330	32833
29906210	4311744513
79814846	1081348
20929142	1085440
12740042	2148012032
29152262	4311744513
1917146	1610613248
50983382	4311744513
76906298	1074823168
614342	285214720
75021590	671088644
32036510	1610613248
37750250	37376
12440018	671092736
36316226	1610612992
63483950	1085440
57111194	97
22101698	36866
28749530	1610612992
59034134	1085440
14142638	134250497
74456858	5435817984
16910570	1085440
21613754	57344
12635390	1610613248
1966070	2101250
57414134	37376
42125546	67141633
62782166	4130
9832466	36865
12985634	1610613248
69803894	1610612992
145190	57344
52494194	67141633
69181814	83886081
15734774	1610612992
56337158	536871172
66363986	671088768
36842078	1610613248
43371002	671088768
38541458	1081348
43139666	36865
48497330	4295000065
26599142	1085440
44260706	1073762304
46685846	1610616832
8731190	1610613248
11358182	57344
4117754	1081345
24243662	1610613248
23246390	1610612992
13023542	1610613248
525890	32836
43590026	131106
12350	16777281
6046202	671092736
75671534	2147749888
36799310	671088768
64511678	2147581952
44059502	671092736
47119034	36865
13338146	1610613248
59728790	2147520512
39991358	32802
9678242	2148007952
36156494	327696
47303066	1085440
72020054	4362108928
24602330	1081348
8251346	1610613248
73493930	4226
70041062	4362076161
768566	135266308
13206602	2148012032
76181834	36865
27093242	671088644
60086162	67141633
12537218	17858560
27765866	1073778688
3519650	4295000065
67880954	134221952
13121390	40961
81200918	671088768
27013214	1081348
24076802	672137216
12736154	137216
69666842	16779520
14343194	2147520512
1087706	68608
50163986	4362108928
10423766	1085440
51664754	671088644
10437050	671088896
70681934	67141633
57324386	67141633
24457178	4294971393
10527446	1610613248
23686058	1610613248
71365574	1074823168
16761206	201326593
15139262	57344
20360846	2129921
39802466	33591296
68498498	671088644
42097034	1610613248
72843662	2147520512
51419810	1610613248
8433110	4395630592
24120218	16781313
58776554	2147524608
78314402	1085440
66070118	32773
75695510	5368713216
18664382	150994945
49462526	1085440
15896774	1140854784
38331830	4295004160
57409274	1610613248
42691898	150994945
5644118	1085440
62965550	134217857
32486546	299008
49490714	135266308
56934290	37376
43076810	36865
32157038	4294971456
18948854	4362080256
51875354	17334272
50600414	2147553280
50520710	37376
81649658	1610613248
19061282	671088768
22857266	1074823168
30576890	17858560
4055546	1610612992
68303450	16797696
73176086	1610613248
26163686	1610613248
43319810	135266308
9073982	4099
12937682	16908290
42161510	671088768
24608162	1610613248
21155294	1610613248
77422106	1107329024
7914710	1085440
54655274	1081348
79454234	1074823168
26280326	536873472
57344798	671088768
74601038	557120
3647954	4362108928
65802818	33025
63891218	1610613248
65837486	4395630592
30153422	1610613248
34900346	69633
34379030	37120
8910362	2147520512
20201762	1610613248
52125806	1073778688
66652994	1610613248
42873986	671088768
37514054	1610613248
3116270	67141633
19273826	3221749760
22912022	17334272
80491358	2147520512
4142702	518
45004286	1048582
47277470	4362076161
51118814	4395630592
59232422	36865
15298994	1610613248
30353654	2147520512
2006246	1610613248
31164950	2147520512
12277370	1610613248
26321798	1610613248
1737974	83886081
61803362	1610612992
15343058	102400
12466262	671088768
48497978	4328554496
70614866	16912384
47136206	1074008064
15764258	528386
31778930	1074266176
75141794	1610613248
24742298	1610613248
17135102	4362108928
58429874	73
13522502	1610612992
7080086	4362108928
17703398	4294971393
6931370	150994945
43099166	672137216
52995422	67141633
22302578	150994945
37188434	4295000065
56626490	671088768
1598006	25088
77241962	1610613248
36748442	2101256
8909714	2147520512
12567674	1610612992
67946078	1073778688
4855826	1085440
3499886	67108929
57423206	1610613248
43051214	4130
76538558	4362108928
62740046	65554
31365830	1610612992
75135638	1073778688
57390482	1610613248
2670770	1610613248
77414330	1085440
29998874	1610613248
66184166	1610613248
25047506	4102
52261562	1074823168
80479694	36866
6102578	1610613248
52108310	1074823168
739082	2147483682
40144610	1350565888
614018	4296048640
70649858	1610613248
8824826	1073745921
26110874	1073774593
21691838	4295004160
76009142	671088644
74678474	37376
129638	67141633
79484366	671088768
76189610	4295000320
35847398	4162
44357582	36865
16061366	67141633
55917578	36880
4273922	3221749760
30835766	1610613248
66200042	3221229568
47445302	36865
69681422	4102
20991350	16809985
78945878	4311744513
73211402	1610612992
67822958	4362076161
44621642	1610613248
28677602	1610612992
14370734	524354
44660846	536875264
59743370	1610613248
18284978	1610612992
22070270	57344
56109386	2164264960
18616430	150994945
47224982	83886081
39983906	5368741888
32273678	1610613248
79968422	4328554496
47770598	1610613248
21048374	1085440
39710126	671092736
32021282	67145728
51271094	2147520512
81668126	8421408
33293630	20482
23957246	1074823168
34438322	16814080
5879666	16781313
22183346	671092736
1512146	7
54246710	1610612992
4303730	4329570304
22804130	1610613248
6163490	83886081
7859630	2147520512
45319862	67108869
77260754	1081345
45437150	1610613248
40530170	4311744513
60145130	4328554496
216794	16777226
38695034	36865
5044718	1115136
16718762	1610613248
18566534	1610612992
42794282	5435817984
74929898	1610612992
55826210	37120
28142030	36865
52726826	671088644
69169826	671088768
5234258	1085440
46986194	1073745921
58646954	2147524608
30735650	1073778688
61465430	4362108928
70962518	1610612992
47657522	16777219
30795266	134250500
46511210	4295004160
67556306	1610613248
73532810	4311744513
45445574	1610613248
67641842	65793
22199222	4295000065
77554298	327696
5766590	2164264960
4439486	16797696
29753930	2147520512
71252822	1146880
64271594	1073745921
4172510	1085440
22845926	4311744513
44597666	4311744513
50147138	1073774593
33831470	2147520512
52317290	2147520512
40060370	20512
23582702	83918848
6191030	2147520512
32723066	1085440
47956574	36865
66796850	67141633
56019638	67141633
70581170	671088768
30259046	1610613248
63492698	67108929
81015590	36865
17857946	8421377
10840754	528386
59641634	16809985
3568250	2148007952
9636122	1610613248
57407654	2129921
20033930	1081348
81248222	1610613248
34511546	32864
41136050	1074823168
51480398	5435817984
65911358	67141633
77124674	2147520512
42946562	2147520512
26197382	4328554496
65515430	1081348
63639794	4295004160
38640926	1073774593
5386214	3221229568
50156858	1610613248
2571950	2148012032
24176918	671088768
2476694	83886081
35634206	1610613248
15559814	4295000576
21113174	1610612992
4419398	1610613248
394670	16809985
61708430	4362108928
29294498	4295000320
2584586	1085440
47628038	2147487760
65737694	83918848
39217970	1610613248
64393418	16810048
74526194	1610612992
51500486	4362076162
42552254	4162
16481594	2147488000
67147094	2148012032
61923890	32834
64336718	17301568
2796482	17301568
13256498	1610613248
55717346	1610612992
45705746	36865
61960178	1107329024
69353534	524354
66683450	4311744513
54162470	1073778688
39135674	1610613248
34912334	1610613248
31505798	671088768
22682954	1610613248
25395482	671088768
48842066	1610613248
16519178	83886081
33914738	1610613248
55508366	1073746432
73194878	67141633
63139862	1610613248
64592030	70
70744790	1074008064
7323086	4311744513
7573862	1610613248
61371146	1081348
5003246	1610613248
51629762	4295004160
42584006	67141633
42867182	671092736
70034906	2147520512
42858434	1610612992
47958518	1085440
27226730	4362080256
73074026	37376
23881754	1610613248
53363486	1610612992
150698	1085440
41524850	1085440
43592942	33591296
29380682	1610613248
439382	2248146944
45404426	1610613248
53189822	67141633
4526318	4311744513
1171622	1610613248
30804014	1073774593
44287274	557120
12002942	75501568
25528970	4161
729686	1610612992
25657922	1610612992
21429074	2147618816
80920010	16781313
79920794	1081345
38682722	1073778688
47669186	4294971393
14706722	134217733
18909974	1073778688
72235190	1610613248
3195650	196610
47695106	3221229568
6064022	2147520512
23574278	201326593
79486958	1610613248
63276590	2181070848
53258510	1610613248
29017154	4311744513
16551578	1073774593
46522226	16809985
4834442	1085440
42890510	671088768
44750270	1610612992
33390506	1207959680
47601470	37376
30087974	671088768
78033818	1140850689
57141974	201326593
44732126	1610613248
52822730	524353
17633738	36865
56444078	67133440
71188022	4395630592
23106422	2147487746
47282006	4311744513
73394462	1085440
66729782	2147520512
22426670	4294967301
73994510	9453568
10554986	2147520512
61525370	5368741888
43262462	261
46215722	2147520512
1518302	1610612992
190874	16809985
68938490	37120
149402	1610612992
5322710	561152
16462154	2147487746
65007722	1081348
20274014	1610613248
8417558	150994945
8648570	1073778688
73357850	36865
29382950	3221229568
34076090	3221229568
22089710	1610613248
57199646	1074270208
36043094	1610613248
19279658	1081348
56411678	2147520512
32165462	32802
25505966	4311744513
51379634	1073746176
65280206	2147553280
43171094	6442455040
18783614	1081345
11259686	1610612992
41039174	1085440
34766534	3221229568
73050374	36865
18527006	4362076161
80086358	3221356544
59371418	2147520512
10975214	134217793
60070610	2147487760
13211786	2147520512
52371074	671088768
52578434	1073778688
62867378	36865
51462578	671088768
69853466	2147520512
30750554	1610613248
73661762	2147520512
56005706	83886081
46815770	536870918
78104126	33652736
44397758	134217793
24446162	2147483654
31614338	1610612992
46863722	671092736
21927062	327681
38355482	524322
54062678	135266308
28879130	1082163200
46635626	2147495936
359678	1610613248
21312110	4295004160
666182	8392705
53471378	1052673
5978162	671088641
66598562	1081345
73061390	671088768
72834266	1610612992
57309806	1073778688
22760390	2147520512
27681626	1610613248
10449686	137216
51603842	32834
79380038	2147581952
79846598	4295004160
42830894	1610613248
60270518	135266308
80668910	36865
10240382	4362108928
57134846	4362108928
39020006	36865
71111234	4362108928
68451842	2134016
33244382	1073778688
25007330	2147508224
77093570	1610613248
16424894	135266308
37640414	671092736
81645122	2147553280
52725206	1081348
26525918	1610613248
54288830	36865
69184406	1610613248
101126	4429185028
51390650	32802
58801502	2147524608
56392886	1610613248
41953178	134250498
40338362	2147487760
5106278	4362108928
6421070	1073745921
72050186	1610613248
19026290	1610613248
40903094	16809985
64527878	1610612992
73019594	1073744384
277706	1610613248
49318346	3221229568
23934242	4296048640
36063506	67141633
74465282	1082130433
64545050	1610613248
55474346	28672
5981726	4362108928
53028470	33028
46873442	36865
35280398	16781376
50496086	2147553280
29621414	671088768
75756746	2164326400
7398578	83886081
56130770	4362108928
42591458	16809985
69912434	671088768
72727022	1610613248
49409714	196610
1836470	671088768
19838558	1610613248
29190170	16780288
73843202	36865
33294926	1610613248
22152566	671088644
58315178	4311744513
7587794	17301568
23574602	1085440
72394922	1610612992
57291662	671088768
37381538	196610
81107930	4311744513
73205570	37120
57191870	671089152
49814390	1085440
51011246	37120
21518498	1610613248
39490778	671088768
45306578	1610613248
465950	1081348
7333778	671092736
79810310	1073778688
6140486	2148012032
12822662	1074823168
42600854	4395630592
37198154	2147520512
9447878	537919492
77242286	2147520512
74421866	671088768
4300814	150994945
18640406	1610613248
5911742	1081348
35614118	1610612992
73873658	1174405120
722882	2148012032
57088190	70
11123282	1073778688
72426026	2147520512
71050970	37120
49851974	135266308
70344002	36865
17258222	1074823168
10699490	1073745921
27021638	537919492
6280454	1610613248
58611638	1081345
49502378	196610
76845386	2147520512
45244046	1610613248
78480614	24580
31768238	4362076161
30154394	4311744513
78061358	2147520512
31811654	1090519041
50563154	134217793
16057802	4311744513
41132810	36865
73677314	1074823168
62036966	33587201
76086578	2148012032
39823202	67108929
48513206	518
47389574	4311744513
57307862	671088768
4074338	37120
65179118	4362108928
22023290	16809985
60051494	2147520512
4003706	1610613248
19790606	1610613248
57367478	4295000065
54173486	1085440
69378482	671088768
19740386	24608
53351498	37120
53645366	1085440
55199918	1610613248
37817966	2147520512
39220886	196610
12907226	671088768
81081686	67145728
23208482	37376
65793422	37120
26089814	135266308
46294454	4311744513
56415566	671088768
47502974	4362108928
66099926	67141633
70853006	1074003969
52641290	1174405120
39482354	4099
2102150	83886081
2164682	1610613248
72491798	536903936
33531122	4099
45594290	36865
76610810	1073778688
8700410	1085440
35976350	1073774593
59342582	2147520512
66964034	4362108928
45631550	36865
19417358	1074823168
44360822	1081345
39669626	32773
4647170	1610613248
38867726	134254592
26234318	4295000065
13502738	134283265
78688946	1610613248
3294146	1085440
32493674	36865
137414	67141633
76549898	1073745921
44069222	671088768
52005602	671092736
65939870	2147487745
39953774	83886081
25074398	1610613248
71879114	671092736
17739362	37376
70731830	67133440
5754278	671088644
61696766	83886081
2269334	196610
9133274	1082134528
12548558	671088768
1369262	1610612992
55808066	4295000065
8253290	2147520512
27314858	36865
80099318	36865
18251282	134221825
4150802	1610613248
31953890	67141633
52513310	2147483666
49338434	1610613248
4872674	4130
69076514	32833
7714154	33284
33075254	67158016
50927006	671088768
57682406	1073746176
40897910	671092736
46697186	1610613248
3107198	1610613248
65634986	4311744513
16654934	561152
64005266	33554438
74114714	1074823168
4888550	2147549200
52028282	2147749888
25515362	1610613248
27918146	1610613248
18923258	1610613248
42276530	2625536
17480810	1146880
49382498	671088768
11702	536904192
11212706	67108929
61640066	36865
37515350	1048582
72607142	2101249
73756694	1610612992
8439266	150994945
63553934	1610613248
22248146	1610613248
61504310	1610613248
22554650	1085440
56101610	1610612992
5921786	83886081
3607130	2155905024
33288122	1610613248
27266258	1610613248
24750074	32773
72058286	36865
5624678	1610612992
47840582	4130
73363358	1073750528
27292826	134217733
32710106	2148007952
77403314	16912384
24771134	671088768
22482722	83886081
67555982	1610613248
18371162	2147520512
68887622	1073778688
34279238	1610613248
61577210	5368741888
10674542	1610613248
66775790	2147520512
16057154	4362076161
64258634	1610612992
66838646	1610613248
43686902	671088768
18933950	577
68778434	1610613248
64640306	2147520512
31012670	4311744513
55059626	1085440
52419026	1081348
3917522	1610612992
18617726	36865
16445630	135266308
6192650	1610613248
54737570	1081345
49701962	1081345
44105834	671088644
597170	1085440
32527046	37376
60252050	671088768
31812302	16809985
66285902	16809985
57248570	2147520512
46464878	2164785152
51092246	1610613248
7950674	4311744513
36965198	134217733
74521658	67145728
60516758	4311744513
77184290	1081348
68214674	2147520512
41814830	1610613248
75999422	671088644
2819810	1610613248
33185090	150994945
34352786	32802
75008306	36865
26752394	4295000576
34422446	524353
73364654	4311744513
3101042	1081345
22122110	1610613248
8284070	83886081
5809358	67141633
69689522	1107329024
31389158	67141633
3032678	135266308
56464490	671088768
477290	4295004160
27919118	53248
21821114	16809985
38542430	3221229568
44171606	671088768
28979570	4295000065
42613166	16783360
23528594	4362076161
61876910	16781313
3282482	1610612992
39608714	4311744513
36048926	36866
21822410	1610612992
565418	2147487746
14896262	1073774593
2954918	1610613248
63209846	4311744513
62397902	1073746176
52677902	1610612992
1584074	8425472
53982650	1610613248
47034470	1610613248
20646614	16809986
38812322	4311744513
9525314	1610612992
44065334	1081345
25668938	17301568
44528330	671088768
61952402	1610613248
80889878	1073766400
2520434	2097410
51439574	1081345
35070446	671092736
74310086	1073746176
73787798	36865
36514514	1610612992
7254074	3221356544
38287118	1074823168
28316666	671088644
30873998	32833
17808050	672137216
47666918	2148012032
37386074	4226
18091226	150994945
8889626	524328
14024378	2180
45018866	671088768
60088430	2147581952
41130542	4295000065
32506310	17301568
77212154	4311744513
3140570	1610612992
45390494	36865
42233114	1610613248
38788994	2180
66671786	1610613248
9196778	671088768
63455762	1074823168
65156762	86016
77837150	134217733
78608594	4161
54465410	4329570304
42264542	16809985
6114566	36865
15555602	1085440
46457426	1610613248
15827762	67112961
76502918	1610613248
65254610	83886081
80384438	4362338304
59169566	2147520512
36474986	4295000065
77842010	671088768
1993610	671092736
35273270	671088644
71067170	1074823168
33687938	2147520512
58271762	1610613248
61464458	83918848
49164122	36865
67020410	1610613248
31132874	67112961
41030750	2164264960
5973302	1085440
67234250	1081345
58860794	537919492
12780866	557120
41824874	1610613248
30687698	4362108928
42204926	671088768
1268822	671092736
52357142	800
4521134	1610613248
1810226	1610613248
50856698	3221291008
29307134	83886081
24153914	327681
11671166	36865
47618966	2147520512
4606346	1085440
48970370	671088768
76118978	1610613248
37162838	671088768
77525786	1073745921
18080210	2147520512
14771198	3221229568
31513574	24580
70973534	1610612992
78175082	1081345
31501586	36865
2413190	8425472
25891850	1610613248
44970266	671092736
2851238	5368709121
47733662	16781313
54800102	150994945
1628786	1610613248
37437914	36866
42573962	331776
15916862	67141633
61877882	32802
26701202	32802
32460626	671088768
77725046	1074823168
568334	16809985
58946654	1610612992
27137954	2147487745
34934042	2147487760
20537102	5402263552
79667426	2147520512
50193470	1081348
37946270	1610613248
42707126	36865
12175310	327681
78137498	296
53593202	67145728
44848766	5368713216
17112746	17334272
78884318	4296048640
48989810	3221229568
23236670	4295000320
73220798	1073774593
5982698	4102
4337102	134250497
64058078	2147520512
62126066	4295000576
61362074	1073778688
36784730	1610613248
52666238	1085440
62392394	1081345
48488582	1610613248
26482826	1073778688
21528542	1610613248
31587122	4311744513
951302	1610612992
59835710	2147520512
36573806	1610613248
37370846	196610
9993494	1610613248
45627662	671088768
52824674	135299072
76620206	671088768
248222	2147520512
64323758	6442455040
68366954	20512
27896114	327681
9511058	4295000065
70224122	2147487760
12478574	16809985
11955962	2147483682
10429922	4328554496
11750222	1610613248
79755878	37120
56823482	2147520512
36346358	4295000065
13047842	1610612992
12771794	1610613248
35838002	1610612992
1437302	1610613248
35912198	1081348
23260646	671088644
18225038	4362076161
1534502	557120
77284730	671088768
43827842	2147520512
22748078	17301568
54363026	524354
25258106	17301568
71701562	561152
4740158	135299072
31417022	1610613248
70740902	536903684
6190706	671088896
67886786	1610613248
95618	1610612992
53832638	2147520512
10108838	671088644
24749750	67141633
65373518	3221229568
4390238	2147487746
77133746	1074823168
75053018	2155905024
80009246	1610613248
62694686	1610612992
9511706	1085440
7062590	1073745921
33563522	4102
63194294	2147520512
6201074	1085440
66428786	4311744513
40762154	36865
38379782	671088644
39911978	134217734
65783378	134283265
300386	268568576
71772518	2147520512
7816214	1610613248
33088862	36865
72014222	671088641
54686378	36866
37862354	4311744513
75658250	57344
44612894	67141633
41939894	4311744513
50806478	1073778688
29338562	1081348
40061342	671088768
30260342	2147520512
56608022	1140883456
35822774	4295000065
57765026	1610613248
36657074	4295000065
3439622	17301568
52650686	1610613248
77933378	1610612992
4884662	1610613248
34037858	1081345
1069562	3221229568
44582114	4395630592
51613238	1610613248
42270698	1610613248
59420018	1610613248
23433986	4294971393
46355042	4328554496
33826934	1610613248
12872882	3221229568
5875130	561152
45709958	1610613248
27180398	671088644
41261438	1610613248
69425786	671088644
37677350	2147520512
14037986	671092736
25897358	4102
20363438	36928
62277050	1610613248
53525162	557120
22373534	1074823168
65058266	4295004160
71446898	33816578
41148362	671088768
30272654	1610613248
74839502	4311744513
23990294	67141633
60920786	1610613248
24344426	150995072
42081806	4295004160
31827206	40961
38606258	4295000065
76605950	1610612992
23294018	671088768
76540826	1610613248
359354	2147520512
27849458	4362076161
27889310	4295004160
22322018	36865
50688866	800
62658398	8392705
10157438	2147520512
4226294	83886081
6930722	1074823168
63041042	1610613248
66834434	16809985
2312426	1610612992
20793062	135266308
61726898	4130
48797030	32833
17209298	134250497
39475550	67145728
6253886	1610612992
42210110	4362108928
28895330	5435817984
41713742	4362076161
59535686	4311744513
59803958	17305600
22089386	1610613248
15203738	671088644
47117738	4295000065
69654530	1073745922
43644134	2148073472
68927150	1081348
59871026	2147520512
22642454	66050
78210398	544768
53539742	36865
70939514	1073745921
1006706	1610612992
15148010	1610612992
29769158	36865
33722282	67141633
47217854	4311744513
245630	16809985
48728990	67112961
76614050	2147520512
5293550	2147520512
10711802	3221229568
73939430	3221229568
59560958	4311744513
364538	524322
23906702	1610613248
2719370	41975808
78397670	671088768
42785534	1610612992
80160230	17334272
75343322	1085440
32622302	1085440
71357474	1610613248
5958074	2148012032
50084282	83886081
19537238	1610613248
44029370	1082130688
39763586	83918848
58058246	16781313
18795926	1610613248
70113314	2148012032
5371634	67141696
31224242	53248
81747182	2147520512
21042866	17334272
7532066	1610612992
7063886	1074823168
11214002	33281
3831662	1073775104
32621978	24580
40149470	4295000065
44829326	2181070848
67678130	671088768
43480514	2147487760
32646278	36865
56166410	1610613248
78688622	36865
20109746	1090519041
7138730	32834
35522426	4311744513
79533614	3221225728
14742686	524353
63224426	1610613248
12864458	2148012032
77705930	5368741888
38893646	16843776
64586846	6442455040
27125318	83886081
76810070	1085440
81223274	1610612992
24580946	1081348
39112022	2134016
33260258	1610612992
44048486	25198592
75141470	8425472
1497890	1610612992
8405246	1081348
61603778	36865
68032586	671088768
2036378	671088641
22103642	83886081
37257770	150995072
3402038	1085440
62663906	1085440
17342786	83886081
70312574	2684358656
58632698	1085440
41461022	1610612992
64129034	3221229568
1003142	1610613248
17112098	1610613248
30051038	524298
33181202	1073766400
5941226	4362108928
42998726	4294971904
31475666	671088768
4690262	33028
60813542	1085440
3977786	3221229568
68123306	67108898
19497386	1610613248
32547458	4295000066
6161870	4328554496
39609038	1610612992
78341618	36866
50444246	4362076161
70978070	4362108928
53509934	1081345
57550538	1074823168
53507018	4362080256
55477586	36865
60728654	67145728
53583158	1073778688
64525610	4610
66473822	4362076161
81153614	16842768
53819678	65793
68114558	1610613248
65199854	16809985
23620934	83886081
39887354	671088641
52333166	1085440
27063110	57344
73361414	67108870
7113134	1074823168
3036242	4311744513
67516130	201326593
43273478	1174405120
41238434	1610613248
16988006	67637248
64964306	1610613248
81198002	150994945
29870570	671088768
46461962	4130
14419010	671088641
81231698	1610613248
48232946	268568576
57807470	1610613248
51400046	671088768
41417930	37376
77249414	1073778688
71274854	671088768
62058026	32833
16328018	2147520512
61413914	2164264960
5946086	671088644
18473546	150994945
34339826	2147491842
80059790	1074823168
27472646	1146880
50362274	167936
79064786	6442455040
41202146	32833
49603466	2134016
48741950	36865
10837190	134217733
36952238	8392705
44753510	36865
2021474	68190208
27848162	16779520
17825546	2147487746
43239458	2147581952
26676902	1073745922
28910234	1073745924
48166850	67141633
25881806	1610613248
79494734	4353
39610982	671088768
58007054	4311744513
40314386	4294971393
39827738	16809988
44556842	2147487746
5474342	1085440
64747226	36865
12634742	1085440
68565566	1081348
54355250	1085440
8028434	2147520512
41815154	2147749888
12281906	4362108928
32558474	1081345
74671346	1081348
12993086	561152
34298030	1074823168
24421214	2248146944
3877022	1610613248
5626622	36896
1878914	135266432
73141742	4295000320
32769722	3221229568
22856294	1610613248
44009282	1610613248
29903942	671088768
12173366	671092736
17537834	2147778560
39912302	4130
27004466	671088644
56561690	1081348
57719990	1610613248
33327650	135299072
50516174	3221229568
11987390	1610613248
1594766	4311744513
3497618	1610613248
60553046	2148007952
45012386	1081345
5785706	1610612992
39793394	75497473
43961654	671088768
43846958	150994948
81581294	98
18097382	4295004160
44124950	1610613248
35914790	4362076161
22204406	4295000576
29151290	671088641
43688198	1073746176
81504506	2147520512
74226494	1073774593
34971302	5368741888
38399870	67174402
15810590	83886081
36650270	67141633
69165614	3221229568
137738	67141633
48615266	134254592
30112922	1610613248
58324898	2147520512
42765770	37376
28990910	2147520512
28548326	1610612992
19994726	1073746176
76024046	1081345
53885450	1085440
4208150	1081348
73588862	1085440
12261494	4362108928
34291226	36865
78048722	150995072
38554418	196610
46868582	1610612992
76708658	100696064
41488238	1610612992
3236798	16781314
34615874	98
17889698	671088768
2916686	67141633
31452014	70
78265478	1073778688
874190	36865
207074	1115136
31906262	4311744513
6692258	36865
41902310	83918848
57199970	1107329024
9270974	33344
75547118	67141633
8470694	1610613248
24450050	36865
1817354	1610612992
54011162	150995072
46719866	1082163200
3578618	327696
11590490	1610612992
1378658	1090551808
55035002	37120
36173342	2147520512
51093866	671088768
39219266	4295000065
39459026	1081345
38463374	2147520512
72671942	1073778688
64419662	1610613248
36583202	5368713216
16297238	17334272
23544794	65793
24732578	4353
998930	2147553280
54903134	1610613248
38897534	32833
56916470	2147520512
26129990	53248
8108462	16809985
12653210	671088644
56705546	16812032
2670446	57344
68448926	1610613248
60096854	33587201
987266	4102
60702086	65553
995042	150994945
27100046	671088644
46601282	1610613248
29593550	3221229568
77879918	3221229568
28068158	134283265
79602626	2147520512
45009146	2147749888
66022166	539492352
54615098	134254592
16198742	2147520512
80804990	150995072
23420054	1081345
3865358	196610
17932466	1610612992
4088270	4329046016
10294490	37376
70919750	150995072
28254782	8425472
24172382	536871172
3398150	2147487746
7103090	1107329024
20720810	1610613248
1763570	4362076161
30892790	5368709121
49331306	1610613248
2696042	134217860
35463458	1085440
25340078	4362207232
77172626	4311744513
58989422	1610613248
6324842	4353
79951574	1610613248
36643142	1610613248
66779678	1610613248
13558142	1610612992
1999766	1610613248
11097038	327681
18900902	1610613248
69575474	557120
19007498	57344
46372214	671088768
45618266	1073746176
4574918	1085440
67953854	1610613248
38820098	1085440
28531802	196624
51281786	5368713216
31612718	4295000065
55655786	1610613248
52193846	2147520512
69807134	36865
54986402	2147487745
36798662	268568576
49170278	2147520512
1099046	4311744513
28787438	1610612992
29436410	524354
42390902	150994945
68549690	1610613248
26025662	1610612992
36565058	1081345
68069198	4362108928
6299894	135266305
51617774	4362108928
32135330	4311744513
47038034	1610613248
47991890	4106
57438758	135299072
48970694	1610612992
41028482	1074823168
65462618	135266308
71946506	4362076161
49247390	1610613248
66373706	32833
10605854	2147520512
40580066	36866
38672030	6442451008
56275274	1073745921
229106	1085440
76717406	4311744513
13331018	1610613248
71692814	1073774848
44428862	4295000065
74074214	4362080256
60433814	1074823168
61210118	4429185025
31230398	671088768
70121090	2147520512
60369014	1610613248
45461126	1610613248
67101410	3221229568
63435674	1610612992
2011430	1610613248
63632018	2147520512
36663230	1081348
54115814	4362108928
43516478	671088768
1815086	1610612992
56556506	2147520512
77066030	4295102464
47299502	2147520512
18419762	2147487745
18667298	150994945
71738174	1610612992
487658	135299072
36576398	2148007938
72098786	1610613248
42623858	671088768
11972810	536903684
42087314	36865
68191994	16777282
568010	67145728
45207758	1610612992
15080618	1073766400
3013562	1090551808
50643182	561152
27922034	67633216
65400410	1610613248
10146098	671088768
75290186	134250497
62114726	67108929
78930650	134221952
24343454	1146880
50360330	67637248
63285662	1610613248
64323434	1610613248
63818318	1610612992
20245826	1610613248
62637986	36865
42566834	2148073472
43825250	2147520512
34440266	67141633
75833858	2148007938
58047554	1610613248
66371762	1610613248
31171106	36865
2383706	17301568
72463286	1074823168
4080818	4162
6591494	1073745921
61748282	1610613248
25374746	327696
34121126	4362108928
69779270	4362108928
1097426	1610613248
45250850	16814080
2962370	1610613248
10183034	16809985
81490898	536871172
68047166	1074790404
43440338	4101
80489090	4395630592
22545578	3221229568
173378	1610612992
37636526	2147520512
515846	2147520512
38520722	37376
35830874	1610612992
30891818	4311744513
78636782	671088768
48439982	1140883456
4624166	1073750528
7122854	536875264
74153270	1082163200
46386794	33587712
62225210	1610613248
46252658	1081345
39382562	37376
19957142	150994945
2874566	4362076161
69737150	4395630592
4027358	67141640
22386494	4362108928
16885946	75497473
28520462	1610613248
33813002	4395630592
61825070	36865
2056466	2147520512
79574114	1610613248
7535306	524322
51444434	1610613248
41554982	2147520512
18039710	1610613248
48791846	1081345
27614234	537919492
1949546	1610612992
69357098	1610612992
77226086	2147520512
44450246	1073876992
66943298	671088768
43961330	16797696
78706118	37376
18880490	32833
55141598	36866
12504170	671088768
38118314	2147487760
81188606	5435817984
61924214	36865
44840342	1074823168
56675738	1073746176
1818326	671089152
5548538	1085440
36326	1085440
2585558	1074823168
71385662	4295000065
6487166	1073745921
6393206	1073745952
60742910	1610612992
38011070	1085440
53347934	1074823168
51438278	4294971393
51354362	1610613248
79932134	2148007952
78071402	33587712
57098882	4311744513
36035966	1074823168
70356638	1073766400
36252074	4295004160
46282142	4362080256
78508478	1073745936
50366162	4311744513
27356654	1085440
565742	1115136
30019934	1073774593
76139714	528448
38472122	4362076161
23579462	16781313
17210	1058
33429710	135266308
16788098	4311744513
12814238	36865
27025526	150995072
72021998	2147487808
58590254	4311744513
12553094	150995072
23677958	33344
1148294	67633216
62516486	2147520512
52572926	536907776
55188254	67141633
79743890	1074823168
11960174	1081348
8541326	36865
18623882	2148007952
14940326	1610613248
52681466	36865
48241046	3221229568
54556454	65793
15784022	1107296257
39327482	4295000065
73930034	2147520512
42482918	4353
28231454	1610612992
66121310	16809985
49597634	134217858
60738374	66564
56905454	32833
73964054	83886081
58687130	1073745921
42723650	1610613248
70496606	671088644
3488546	16797696
33800042	57344
81151994	671092736
25198166	5435817984
71396678	36865
19375886	36865
6488138	1074823168
19026938	17301568
18384122	32802
66271646	2147520512
19385282	4311744513
40159838	86016
73546094	671088768
4637126	1610613248
36526502	1610613248
57776366	16814080
23417462	67141696
15162266	1610613248
14683070	2281705472
81081362	1610613248
71851250	1081345
39430514	32802
2658782	135299072
55474670	36865
50883914	1073778688
36024302	1610612992
68831246	4295004160
72581222	16809985
66226286	2147487745
33918626	1610613248
77195954	2147487746
15030722	671088644
25755446	67371009
22863098	18874432
12170450	1610612992
6311558	17301568
14131298	536871170
12343790	67145728
70588298	150994945
64188974	532736
62440670	4295004160
21959138	1610613248
22692674	6442455040
6796586	2625536
64264142	20484
52790654	1073778688
7488974	524354
57597518	2147487760
2500022	1610613248
75073430	2134016
63499502	83918848
40567430	1073778688
60564710	1081345
55938314	36865
37933634	67141633
54866846	134217857
6215654	69634
48269234	1073745922
46582166	671088768
62066126	4311744513
7828202	1610613248
31958426	1081348
46864370	2147520512
29244926	1610612992
4875266	1610612992
45615674	36865
74710226	1610613248
20436338	4362080256
2538578	2147484674
72150626	2684358656
42259034	4311744513
11996138	2147487746
46786286	4311744513
21379502	1610613248
21147194	16809985
27029414	8425472
61437890	150995072
72547202	1610613248
60861818	49153
3586070	24580
5994038	1610612992
10629182	36865
78075290	2147520512
30461546	1610613248
57520406	65570
78794246	36866
121214	67141633
4771910	135266308
45076862	36865
61843214	1090551808
3141218	2148012032
103394	4429185028
33140702	577
68869154	2147618816
20466146	167936
11211086	671089152
49287242	671088644
36909146	8425472
70026158	536903936
51207914	1610613248
32470022	37120
18162830	1074823168
63892190	671088768
56690966	1610613248
42191642	671092736
29114354	671088768
1607402	1610613248
21749510	1610613248
26571926	2147520512
71441714	36896
38202878	1074298880
27922682	2147520512
76380446	671088768
32326814	1073778688
28938746	201326593
40602098	2147487746
33913118	1610613248
3894518	545
61839002	4311744513
30981242	1081345
47237942	1085440
79451642	1610613248
4190330	36865
9388262	1610613248
18717518	37376
38831114	1081348
57907910	1610613248
37130114	1073745921
58327814	1610613248
69981122	1610613248
49074050	1610613248
49787174	1081345
21981494	1085440
19005230	150994945
1396478	1610613248
75266858	671088768
26652278	1610613248
26636078	1073745921
117326	4311777280
57343502	671088768
56178398	67141633
75260378	327696
73166366	671088768
71228846	1074036736
11709074	4311744513
80425586	2147520512
1690022	2147483682
52065542	4362338304
35644898	1610613248
35194214	536871680
43236542	2147487760
10417934	1610612992
81621470	671088644
70929470	2147520512
28286210	1610613248
77908754	1073778688
8746742	1610613248
37608014	16814080
26914070	40961
73336142	4295000320
44195582	1075839040
17771438	1610613248
61240574	16793601
30622250	32834
79583834	134218753
49542554	1073778688
27588638	671092736
44526386	2147520512
79346990	36865
41067686	1140883456
35538950	1081345
75792062	671092736
252758	2147549216
45550550	2147520512
15027158	1090519041
20782046	4295004160
51575654	2147520512
80133338	327696
7225238	36865
8356646	1140850689
78637754	671088768
33515894	4294971393
38428382	4295000065
13562030	327696
10402058	83918848
47111906	671088768
17846930	1610613248
61068530	1610613248
44039414	32833
26183126	2147487760
57300734	671088768
65575046	1610612992
21332198	524864
77258162	4328521792
15073490	4362076161
41744198	1140850689
40943918	4362108928
53634350	1073778688
14721302	2147520512
39253610	17301568
10142534	577
27726662	1073762304
1765190	135266308
30485522	53248
29506718	4294971393
70940486	4395630592
80481314	518
77597390	2214658048
47264834	1140883456
42443390	5435817984
12992762	1074823168
55206398	1610613248
47533754	1073746176
10745174	4295000320
29049554	16801792
11506574	4311744513
25132394	67141633
31977866	32833
80752826	1073778688
14961062	285212676
75175490	1610613248
46712414	4311744513
47656226	32802
59144618	671088644
80705198	4362076161
41363822	1610613248
44338790	1610613248
63433730	4311744513
72835562	671088768
31982726	524864
55087814	671088768
36424766	4362076161
3171026	4295004160
14799062	1081856
11882414	40961
22188206	1610613248
44100002	2147520512
46682282	83886081
66120014	67141696
1079930	36880
79229054	1081345
75400994	1610613248
79728014	2147520512
32256830	2147553280
12994382	1085440
64560926	1610613248
18188750	671088644
18182	134250497
22145762	36865
23124566	100696064
23268098	553648132
81289694	1085440
68710718	561152
74039222	4362076161
59400578	36865
3989774	1610613248
81381386	1610613248
42230522	4129
78903110	138
78920606	16779268
24385574	1610613248
23142710	6442455040
37936226	4311744513
80597630	134250497
18489098	32833
7804226	2181562368
69524606	16809985
32944358	1610613248
77483990	1610613248
63262010	4362108928
18671186	150994945
68034854	1610613248
71062958	3221229568
16366574	1610612992
73754426	4295000320
35745338	1140883456
960050	2148073472
252110	671088768
55866386	65793
10405298	3221225474
13060802	4102
54782606	2147487746
56741186	1085440
80370182	1090551808
37479710	4362080256
26249870	1610613248
8532254	2155905024
71318	134250497
60261770	36880
40587842	67141633
11710046	134217733
43301018	1085440
38259578	8421408
48183698	2147491844
12486674	1610613248
42183866	1610613248
46198874	1610612992
57333782	671088768
43069358	16809986
74832050	150994945
64462106	1610613248
81330194	2147520512
36150662	67133440
10639874	1610613248
64663634	1610613248
81578702	150994945
34591250	1085440
47233730	4311744513
29320742	33591296
37298270	4106
1168706	150994945
7787378	17301568
39904202	4311744513
55257590	1085440
41038202	4311744513
67358018	1081345
65457110	67141633
44230250	1074823168
30272006	67141633
54168302	4362108928
17757830	4362108928
42054266	671088768
3422126	67141633
66028970	671088644
24066758	1085440
5485358	1085440
22382282	1610612992
50640914	1610612992
13654370	1073778688
22083554	70
50611106	134217860
57294578	67141633
49595690	1610613248
40067822	1610613248
76807478	1085440
60873482	1074790404
75167714	2147520512
77157398	1074823168
18966674	4311744513
66107702	75497473
31589066	1610613248
11087966	671088768
6178718	16793601
48857618	134283265
11602478	2147520512
41285738	671088768
37975106	1085440
33646790	1085440
50001014	1073778688
9986366	2147520512
21840554	16809985
3559178	135680
28179290	2097472
80002118	32773
47674046	2147549185
55519382	671088768
43171742	1610612992
66549962	1610612992
73808534	1081348
46346942	4328554496
58490462	4295004160
49970882	1610612992
57002006	2147618816
67505114	4362108928
6876938	1610613248
81287750	1074069504
72336926	25165825
41293514	1610613248
76300418	1610613248
1322930	1610613248
333434	134250497
73414226	671088768
61026734	1610612992
37296974	4295000065
64381106	1610613248
35012126	16814080
55545302	671088768
19255358	5368709121
17508998	1140850690
79360274	5435817984
31012346	67141696
6373118	4295004160
34044338	1610612992
33458546	1081348
56490410	671088644
14736854	201326593
43167854	36865
80623226	17301568
78325418	150995072
80937506	32834
1180694	4328554496
22478834	4395630592
15540698	561152
13465802	327681
49772270	2147487760
81511958	671088896
18131078	70
38093366	1081348
68205926	1610613248
15414338	83886081
64271270	1610613248
16357502	3221229568
9471854	1610613248
18122978	24577
72464258	2625536
62638310	4362108928
32380922	2147495936
1681274	1610612992
5222270	36866
60736106	134217740
46359254	1610612992
44840990	1610613248
42806	134218753
73149194	36865
40841210	3221229568
39671894	1140883456
64031186	16908304
73991918	671088768
6862358	1610613248
76171790	75530240
32051414	2147520512
118298	134250497
58802474	2147524608
31907882	2155876352
1635914	2148012032
20982602	134217793
34044014	67108929
48671642	2147749888
61906394	1085440
78705794	1610613248
63366338	4295004160
55179506	4311744513
55751366	83886081
25667318	150994945
81130286	671088768
63628454	2147520512
55188578	75530240
578054	4362076161
5605238	134221825
55233938	3221229568
55459118	266242
39534194	2147520512
37095770	1610613248
35838650	1081348
60782762	102400
24415706	16781568
67266002	1082134528
12579014	4294971904
24980114	67141633
846326	1610613248
46283114	16777226
1177454	3221258240
6981914	134254592
11565218	134217733
73472870	134221826
55617230	4362076161
28291718	1081345
37347518	196610
12119582	83886081
23996126	672137216
23601494	67
25202054	32802
74780858	2147487760
1073126	1610612992
47992538	671088768
58280186	37120
27878942	134221825
12030482	1073778688
25316102	1610613248
58108142	37120
69494798	1610613248
44051726	536903684
53577002	4311744513
42363038	16777219
75830942	1074823168
70383530	1610613248
44177762	524322
33796478	1140854784
31711862	1610613248
43942538	1140883456
45204518	671088644
27357302	16809985
37179686	2181070848
27746750	2147520512
20929466	36865
27648254	67141633
26627006	2101504
1915526	1610613248
24086198	1090519041
25250006	4295004160
30952082	1146880
1340426	1610613248
48534266	1049604
79266638	2147487745
61500422	2147520512
79189526	83886081
47012438	196610
77812202	4311744513
18110342	2147520512
29640854	784
43334714	2147520512
74018810	4362076161
66008234	36868
29914310	1610612992
6186818	1085440
978194	4362076161
67984310	671088768
79588370	1081348
8575346	1610612992
70220882	16912384
2291366	24577
36299378	1610612992
41926610	1085440
8231582	1610613248
80817626	4161
9455654	1610612992
59897270	2147520512
3376442	2147520512
76869362	1085440
12901718	671088768
74888426	2147487760
74639594	6476005376
74903006	671088644
55966178	4328554496
42860378	32864
63639470	2147618816
43325642	1610613248
23578166	1107296257
65633690	2147520512
24577382	1074823168
20031014	671088644
57497402	1074266176
16632254	135266308
62521670	561152
46445114	1085440
48654146	1610612992
5716370	2363392
50105018	1610613248
81630218	36865
16970510	4362108928
26047046	37376
50668130	2147487746
55636670	4362076161
73612190	4311744513
23645558	671088644
30830582	1085440
35998382	6442455040
62551478	36865
81150050	1073778688
33619250	5368713216
34706	135299072
5073230	4311744513
57198998	671088768
67985606	36865
12914354	36865
6079898	4362092544
42515318	32833
69732290	2148007952
14744306	201326593
11489402	1085440
78097970	1610613248
67294514	36868
12893942	671088644
62233310	4362108928
65212166	4362080256
28794242	5435817984
77478482	1081348
57005894	100728832
54178346	1610612992
63517646	1074823168
81500618	671088768
71704802	1081348
64925750	36865
54862634	8392736
62013314	67108929
70395842	1085440
12014930	16809985
38266058	36865
47209106	37376
54933914	1085440
57588770	20992
15658958	1610613248
8185250	561152
71228198	1610612992
6540302	8392706
5461706	4099
14471822	201326593
68758670	34880
23378582	2147520512
38029538	671088768
15901310	83886081
51873734	671088644
59335130	1610613248
77229002	36865
22121786	36866
32987126	16809985
30496538	67141633
17049566	37376
22118222	671088768
78600818	2147520512
79545278	135299072
70570478	4362076161
36219998	4295000065
54587882	671088896
11666306	1610612992
25212098	1610613248
65873126	2181070848
28600166	1610613248
73911566	67141633
550190	4328652800
62148746	1610612992
23607974	2129984
4011806	327696
11085698	671088768
80818598	3221229568
80967638	3221258240
25892174	2147487746
11824742	16779520
59744018	671092736
46329122	8425472
134174	67141633
4534742	553648130
45691490	671088768
32601242	327696
53024582	1073778688
14376566	4353
62250482	1610613248
43000994	8425472
60050198	1610612992
4541870	4362108928
38026622	1058
32578562	1610613248
18593750	83886081
74757206	4295004160
47444330	4162
74457830	4295000320
49401938	1610612992
76120598	4295004160
80631326	4311744513
12366146	524354
47050670	671088768
33538898	201326593
81215822	524322
49858130	53248
3347930	3221229568
57852506	1610613248
19422866	1081345
37863974	36865
66913814	561152
32679650	2148012032
43671998	83886081
2096966	1610612992
74824274	36865
7102442	1074823168
32777498	150994945
7523966	134283265
19965566	16777984
62084594	2147487746
38640278	36865
45200954	1610613248
54176402	134283265
47332550	671088768
66406430	8392706
24408254	32834
71752106	2147520512
44201090	528385
43415066	2134016
34457438	1073774593
80326118	1085440
25176782	1610613248
42687038	2147520512
65958014	2147520512
74368730	3221291008
80895386	36865
19915670	150994945
33312422	2147520512
61822154	4362076161
36021710	1074823168
20047214	4106
65084834	4429185028
30875618	2155876352
47437526	1610613248
1123022	36866
53359922	53248
42305366	327936
12181790	671092736
57559934	1140883456
15657662	2147520512
25804694	671092736
211610	4311744513
10121798	4311744513
48100754	1610613248
16818878	33591296
68015414	4311744513
26205158	16809985
38256338	1074823168
81746210	1081348
18212078	2147520512
259562	67141633
59632886	36866
36157142	150994945
51737978	1610613248
43678802	2147520512
39969974	2164264960
39724706	1610613248
26068754	83886081
62834006	134250498
73533782	1610613248
42961790	4311744513
80180642	577
58745774	3221229568
77446730	1073762304
26490278	150995072
67806758	4295000576
52349042	37376
13428218	671092736
37356266	2147745808
39122066	3221229568
2216522	4362108928
7857038	1610613248
3938258	100696064
71025698	671088768
75576602	1073872900
44913890	1140883456
58914254	1073778688
69168206	1610613248
68902526	1073778688
62611418	1074823168
26124482	1610613248
59897594	67141664
59854826	142606338
59507822	671088768
40123226	285214720
57567062	36865
6543542	201326593
3653138	8425472
63829010	36865
72890318	536903684
24347342	1610613248
3174914	83886081
76819466	1610613248
73491338	5368741888
16875578	4362076161
11954666	57344
41527118	100663360
62071634	671092736
2328626	32833
2585234	603979777
1123994	1030
3289610	2147520512
53777558	1610613248
51722426	4311744513
68377646	1085440
3687806	2147581952
70445090	4362076161
29716022	671092736
79138658	2147487760
60364478	67141633
55543358	1081408
54280730	33554438
13722734	1610613248
58114622	4295004160
70047866	16912384
46544906	2214596608
77351474	671088768
39323594	671088768
56163818	1085440
12491534	671092736
76625066	3221258240
58473938	16785409
30106118	2248146944
1039754	2129921
8041394	2147553280
75008630	4362108928
45888482	1610613248
15739310	1610613248
4990610	671088768
56154422	1073762304
39739610	671088768
26377202	4362108928
66191294	4311744513
35526962	4311744513
66411290	671088644
24548222	83886081
2035730	4295000576
72331094	1610613248
62976242	1610612992
57556694	135266308
76187342	4362108928
58160306	4395630592
42853250	1610612992
54957890	1610612992
46547174	4295000320
48475946	65553
60033026	3221258240
6548078	3221225474
34443830	1610613248
55115354	16908304
30294686	138
14366846	4295004160
78489038	1081345
27438626	1081345
38677862	2147487760
66023462	3221356544
71163398	671088644
68977694	8392736
24227138	1610613248
53716646	1610613248
14720330	201326593
48506078	32833
6175802	4295000320
36599078	2147553280
8147018	1140883456
49070810	1081345
2759222	1610613248
26385950	518
66782	1085440
30948194	4353
18799490	4311744513
70399406	2164264960
71736554	1140850689
4401254	4130
30241874	201326593
27523514	4295004160
65961902	20544
29134118	4311744513
77408822	1085440
77910374	1073876992
39137942	2147520512
3561770	1610613248
56154746	1085440
75735038	3221258240
68363390	1610613248
52362326	1085440
17720894	36865
51142466	1140883456
3833930	2147487760
49764494	671088644
49967966	4362076161
28509122	32801
18821522	1082163200
69330206	134218753
79312322	4295004160
30468674	4362108928
2381762	83886081
67078730	1610613248
37375382	2147745808
14456918	2054
7886198	40961
38012042	1073778688
4371122	2147487746
75825110	1610613248
41981042	1610612992
33651326	2147487745
31942226	2147520512
69351266	3221356544
19019162	150994945
16548662	1610612992
11179010	4295000065
5010050	1085440
74008442	1073778688
33446882	135266308
55291934	36865
39182330	1610612992
13061126	83886081
33939686	1073774593
48284786	4295004160
68526038	1610612992
37387694	36865
30874322	3221229568
46777862	671088768
54731414	1610613248
8828714	1610613248
71308550	83886081
37417502	1085440
15077378	1610613248
10878986	671088768
22140902	671088768
74132210	528416
39170018	16781313
12856682	1610613248
5280914	137216
5107574	57344
36047630	1610612992
35351678	1085440
39342062	2147487745
32457062	1610613248
67646054	4102
56575622	1610613248
23278466	1610613248
24580622	4353
12115370	65554
12006830	1610613248
74001314	4362076224
78093110	269516800
52554134	1085440
46251686	1610613248
42689306	1610613248
2487386	28672
54220142	1140850944
24319802	1610612992
13375730	40961
81150698	671088768
41954150	2147520512
28672742	4395630592
24067406	1610612992
20707526	1610613248
65653778	16777249
4933586	8437760
36917894	83886081
17908814	2147487745
31802582	561152
26072966	4362108928
33250538	1610613248
28051310	1610613248
46269506	57344
75079910	671088644
48090062	1610613248
2290070	196610
17890022	83886081
16197770	1081348
62396930	1610613248
5388158	67141634
27559154	1073746176
71642	67633216
1241282	4295004160
35121962	1085440
30188738	4362108928
41197610	1610613248
68547098	83886081
46277930	3221229568
22169738	1610613248
72976502	671088641
76206134	68190208
38968166	134250497
77423726	4130
80780366	1073778688
24210290	4362076161
15513806	201326593
49853594	36865
64615358	167936
37718174	1140850689
37336502	671088768
24114386	3221225488
69858650	4102
80031602	4295000065
68157974	545292288
9861626	1073778688
6082814	40961
5874158	671088644
79918850	603980032
30512090	83886081
430634	1107296258
69799358	536875264
34044662	1081345
11213678	137216
52017266	4311744513
40429730	83886081
64642898	1081348
874838	524448
79899410	36865
61580774	4311744513
63016742	134217738
39503738	137216
43181138	671088768
67143206	16809985
51446378	2147520512
60895838	16809985
33685670	50331649
69473090	33026
53422454	36865
2390834	4311744513
76940966	163856
62180498	67108929
44859134	1610613248
13787534	135184
14631230	57344
7500638	16809985
19359038	1610613248
53784686	67141633
68658878	1610613248
12426410	671088644
42664358	1610613248
49366622	1073746176
6041990	150994945
55937342	1610613248
17718950	24577
18871418	150994945
70850090	67141633
26340590	1610613248
29395262	1085440
8928506	32834
78755042	1610613248
78929354	5368713216
67190510	5377097728
2246654	1085440
7009454	83886081
39256202	1610612992
5622734	4294967361
69038930	100696064
63116858	4311744513
866738	671088768
1907102	6442483712
1507610	2147520512
41566970	33587264
41696570	4362108928
39681290	16801792
41689118	1610613248
405038	518
22645046	2147520512
29455526	1073745921
74485694	5368713216
16631282	135266308
32428550	671088768
2256698	4295004160
39224450	671092736
38233010	36865
518114	1610613248
38740394	1081348
80558102	1610613248
7315958	1610613248
56273330	3221229568
5071286	4429185028
48696590	671088768
36528446	36896
53294798	5435817984
22182698	671088644
19159778	1610613248
76305278	2147581952
71166638	5368709121
44552630	2148012032
15720518	4362108928
81531722	1073778688
27960266	657408
31426742	671092736
68301506	5368709121
8793398	4362076161
58652462	2147524608
35827634	1081348
52665590	8392736
53376122	4303388672
79784714	1081348
41874446	4295000065
37658234	1085440
28664642	1081348
20845226	557120
61980914	1085440
9278102	528386
45732638	671088768
81538526	36865
49263590	671088768
3245546	100696064
1239014	1610613248
55096238	2147487760
44358554	2147680256
55345070	2147520512
6694526	671088768
50086550	4311744513
59359430	16781313
73062362	4295000320
44241914	2147520512
1682246	83886081
77441222	2147487760
4472534	4130
79053122	1610613248
73388306	83886081
10097822	2147487746
58005434	2147520512
64257986	1610612992
63501122	4311744513
30626786	16779520
36211250	36868
78104774	3221229568
52270310	800
53499566	671088768
4749230	1074823168
35994170	4295000065
517142	1610613248
59579426	671088896
10389746	2147520512
28303382	33591296
12305882	4311744513
76205486	1610613248
5529746	67141633
12700514	671088768
70896422	1085440
32034566	278529
77391002	4311744513
42562298	1081345
44500142	1610613248
8631722	32834
40849310	4395630592
78753098	1343488
46312922	36865
26986970	671088644
5801582	37376
40047410	67141633
15915890	83886081
24312026	4295004160
24381686	101711872
17796710	4311744513
46722458	37376
3455174	134218753
73179326	2147487760
55498970	1140883456
8671898	1610612992
41960630	16783360
16427162	135266308
78759578	2148007952
28717454	4099
28172810	4311744513
65514134	1073778688
62373278	1610612992
67606526	1610612992
62651918	36865
9747902	671088641
72656714	37120
77837474	67141633
36265682	16781313
47373050	37376
8399738	1610613248
27334298	1073746176
20468414	1073745921
37352702	196610
11888246	1085440
81324362	100663297
65502146	36865
93674	134250497
49327418	4099
9406406	36865
67503818	36866
31540142	1085440
24763358	2147516928
12099494	36865
62912414	4311744513
77051126	1073778688
52689890	1140883456
75668294	1610613248
40484486	1610613248
324038	4362108928
46842338	2148007938
81443594	36865
35887898	2147520512
62123474	672137216
62419286	2147520512
41010986	4311744513
53641478	1085440
31208042	69648
67857626	3221356544
29334350	1610613248
13339766	1610613248
7315310	2147484674
18624854	150994945
25358222	4296048640
7265738	4311744513
31617902	17334272
39692306	70
35989310	4294967361
43519394	32802
71259626	1082163200
23110310	16809985
80561990	36865
21104750	524354
70352750	4311744513
29899082	53248
27279542	4295000576
5849210	1610613248
68865914	1081345
49266506	1140883456
54015698	4353
733250	1610613248
39800846	327696
6729194	1610613248
1139222	24580
50816522	5435817984
2143622	2147520512
13328426	1081345
67713770	671088768
37212734	671088768
46857242	1610613248
75060794	1140883456
47330282	4295000065
3326222	4563435520
37747334	671092736
56420102	671088644
1181018	67141633
74046350	4362076161
5192462	671088768
77067326	1610613248
39762614	36865
7029866	36865
49735982	1207959680
26643206	16912384
21553490	2134016
50049614	1610613248
17846606	1107329024
14385962	37376
41536514	1081348
1630082	1610613248
79225490	5368713216
28124858	2147520512
76151378	5368741888
79987538	36865
47501030	1085440
35758946	536871680
52294286	16809985
31718018	1610613248
54004682	1610613248
7808114	167936
63130466	1074823168
61353650	4311744513
22126970	1085440
22982006	4295000065
21763118	1610612992
36705998	1073762304
66131354	4362108928
8456438	1610613248
13330370	4311744513
17589350	1073775104
956162	1081348
75675422	16912384
191846	17152
40548638	4294971393
57000386	65793
2656190	32834
27834554	1081348
35568434	671088768
15659282	150994945
53561450	561152
4578806	561152
43328558	2147553280
31582262	269516800
26132582	37376
14066498	1081345
63024194	1140883456
26380766	32833
55208990	70
6874670	16912384
56341370	1610613248
56738	34824
42169286	1081345
43395950	36880
4025738	4106
206102	2148008000
38240786	2147487760
61988690	2147520512
54720074	4362076161
24330170	150994945
1663778	4328554496
78874598	1081345
58361834	16912384
62884874	4362076161
31765646	524328
10120502	1610613248
32963798	1074266176
67448738	4311744513
5128634	32802
23997422	671088641
22309058	1610613248
60833306	1610613248
473726	1081348
78623498	4226
33874562	134283265
23873330	671088644
51094838	4395630592
60454550	1610613248
74991134	671088768
79632434	561152
33830174	57344
77202758	1140883456
34925618	327696
64107974	201326593
31752038	4328554496
31156850	1073774593
79314914	24577
7134518	1610613248
2067482	4362108928
71641946	1081345
22667078	5368713216
63083162	5377097728
59497130	4129
52466654	3221229568
12488942	2148536320
33788378	1610612992
53264990	1610613248
44904494	2147520512
49661138	33591296
26427746	1073778688
43618214	1610612992
80716862	1610613248
2401526	1048610
79190822	36865
71205842	8392736
43483430	1107296257
60109814	167936
63079922	69648
24873194	1073774593
14884274	671088768
44299586	67108929
62101442	67141633
70551686	1073762304
27667046	67108929
80567174	671088768
31401470	800
62902694	4311744513
69279662	1610613248
20293778	1610613248
52266422	1610613248
13107458	536871172
44980634	36865
53893550	33284
27662186	16810240
77536478	36865
28740782	1073778688
42024782	1140867072
46192070	16814080
56552618	1082134528
35688962	4311744513
8657318	1074823168
44111018	16809985
44991002	671088768
62586794	4295004160
14837294	4296048640
43293242	36866
67030454	671088768
37280126	1085440
141950	4311744513
7982102	557064
14789666	1610613248
21013382	1610613248
32197538	4295000320
22818386	1610613248
40350674	1610613248
40462778	32848
47749538	671088768
64786754	16809985
68692574	2147553280
66166994	4362108928
7818806	16814080
55884206	69
60518378	557120
34311314	1610612992
33712238	36865
1119782	1610613248
24493142	1610613248
6129470	2147520512
7104386	2147483682
72686522	2147520512
36586766	4295000065
5210930	2147489792
13817666	1610613248
41825198	2147520512
21105398	1083179008
19933490	2147520512
13042334	671088644
7630886	36865
41756186	2148012032
44154110	4362076161
1939826	1073762304
5815514	1610613248
13809242	5368709121
4253834	2147520512
29054738	1085440
20391950	4295000065
9756650	150994945
57511010	1610613248
21327014	1074823168
3954782	32778
40968218	36866
2167598	36866
43992110	2147520512
22611026	36865
48037250	1610613248
4455362	2148012032
80698070	67108960
17601986	1073778688
45389846	2147520512
15449006	1085440
6334886	1610613248
23206862	672137216
31775042	137216
40713878	16912384
12894914	2155876352
60832010	2181070848
72312626	134217733
29502182	4362076161
69974642	1610613248
70511186	4362338304
69116042	36865
23456666	518
63060158	1081345
60887090	1174405120
32590550	8392705
48618506	1074823168
62652890	1081348
35252858	2164264960
12211274	1610613248
1720802	17334272
76712546	36865
38775062	4362108928
3774314	97
55820378	1081348
43666814	671088768
4157282	2147520512
36467210	68608
34015502	24577
75696806	1081348
69821066	1085440
29259506	671088644
10242326	150996992
77602250	16814080
15263354	40961
39709478	133
81154586	16781313
58722770	32834
29257562	2147553280
18634574	4295000576
40369142	2147520512
25149242	1610612992
34291874	2147811328
35922242	1610613248
41639546	671088768
1429526	1073774593
66033830	1610613248
71990570	134217733
64246970	4295000065
76826918	1074823168
28128098	671092736
7939658	4362080256
68900258	4311744513
33451094	32834
73232138	1082134528
5539466	1085440
79039514	4311744513
31622762	1610613248
7347710	536875264
42061070	1074823168
27887366	4362108928
80390	327696
65528066	4362108928
63376058	1610613248
47167310	285343744
54685730	1085440
34776578	1141374976
23687354	536870918
68920022	1146880
20571122	100696064
57733922	67108929
451694	1610613248
36742934	67108929
2713538	1610613248
16401890	2148012032
59425202	1085440
27891902	37120
20596394	4295000065
3552050	1610613248
62016554	1610613248
1911962	1085440
77657006	1081345
41011634	4311744513
68823146	2147487760
17968430	4162
30108386	1074823168
65225126	135680
75769382	1610613248
75226682	671088896
31708298	4311744513
18592454	83886144
30874970	2147520512
22862450	1610613248
15185918	2148012032
45617618	16779266
20186858	2147520512
42275234	671092736
65445446	36865
40965626	4311744513
43244318	671088768
274142	67112961
6196214	1090519041
48487934	1610613248
47703206	17301568
56636210	671088644
27910046	1140850689
57437786	67108929
57587798	1610613248
77233214	2684358656
43950638	1610613248
33685346	4370464768
47513018	1073766400
70479758	1610613248
71168258	4311744513
27813170	1610613248
30230210	4102
39253934	671088644
66037718	1085440
3434438	65570
7016906	1610613248
36221942	53248
61723982	1212416
64211654	2147520512
8030702	134217733
81747506	4395630592
48688814	36865
25423670	67141633
13842290	32833
50955194	671088768
668450	1610613248
38174042	36865
71726186	4362108928
55038890	135299072
1041698	1610612992
28021502	2148012032
12101438	2147520512
2772830	1610613248
68330342	1074823168
37424954	671350784
55322714	1610612992
24560210	1610612992
76014002	1048582
973010	4130
5881610	1610613248
232670	16781344
77567906	1610612992
5699846	3221356544
27698798	657408
1877294	67141633
59569706	671088644
25912586	2147487746
9256070	36865
71153030	100696064
371990	1081345
70027130	100696064
79459094	2147487808
563798	4311744513
47711306	3221258240
79386194	2147520512
6431438	2147520512
29540738	1610613248
2263826	1048610
37053326	16781313
36987554	1081348
67228418	1085440
54615746	35
767270	1610613248
59861306	1610612992
54181262	8392705
81433550	1081348
44040710	2147520512
79429934	671088641
59318606	6442455040
36749090	1610613248
64755326	1610613248
66708074	3104
78047426	134217888
49957598	1610613248
19520066	65602
545978	17301568
6954050	2147483654
64335422	4311744513
723206	134254592
16973750	1610613248
37849718	1610612992
67937654	8392705
79806746	2147520512
25327766	1085440
39845234	327696
5521646	1610613248
38398250	2147487760
58608398	1074069504
16620266	4136
45098246	36866
56634266	8425472
49114874	2147520512
13669922	83886081
7320494	1085440
23530862	35
35522750	4311744513
4159874	276826112
45488018	37120
12751706	1064992
9325082	1610613248
77367998	2147549186
39111050	20484
79414058	2147520512
9607286	1610613248
42156002	4130
24152294	1090519041
9854174	1610613248
25705550	167936
42360122	1610613248
24857318	4362076161
72565346	1610613248
8356970	2129921
8793722	1081345
35275862	2147487760
62967818	35
19022078	4311744513
11448254	4362076161
27110090	1207959680
41698190	4295000065
18673130	2148007952
31180178	800
73094438	32834
8332670	167936
47426510	167936
45695702	2147520512
2351306	1610613248
22115954	327681
54286886	33554438
39551690	36865
14700890	150994945
52507802	4295004160
51377042	1073745921
44607710	671092736
25592474	1048582
52762790	4362108928
22122758	671088644
79255622	36865
81678170	36865
58696202	4295000320
1633322	163856
17363198	32833
20899982	1610613248
27562718	57344
731630	3104
47121950	37376
38314658	671088768
6306050	671088768
33920894	537919492
42737906	671088768
49047806	6442455040
56796590	1610612992
80090570	16809985
17120198	1610613248
12474038	671092736
18477434	1074823168
12505790	671088768
60230018	1610613248
35724926	4311744513
31244006	1610613248
21884294	150994945
67390742	671088768
38374274	2147487745
12391418	671088768
69223934	1610613248
18207218	67108929
60715694	536903936
41642462	1073778688
67535894	1610613248
75160262	1081348
8139890	671088641
36324326	4311744513
2786114	671092736
54722666	1610613248
4547378	37376
40869398	1610613248
9040286	1610613248
74958734	1610613248
50190878	102400
15151250	134218753
58182338	1073811456
15066686	1081856
59916386	1610613248
38215838	3221229568
3584774	134250497
43163642	4362076161
30423962	524354
72638246	2164264960
133850	134250497
130610	67141633
2997038	671088768
37348166	196610
42277826	134217733
2578754	4295004160
59897918	16809986
27864686	1085440
55189874	1085440
56757386	3221229568
73475462	561152
57953594	2148008000
38166914	16809985
57525266	1610613248
14164022	671088768
21490958	2147520512
23760254	4311744513
56259398	4295004160
64473770	671088768
49619342	2155872768
14212622	2180
35831846	2147549185
32748014	1610613248
75522170	1610613248
28859690	201326593
46835858	150994945
33336074	4311744513
4160846	1610613248
54303086	5435817984
64195130	4311744513
48878678	1085440
3282158	150994945
50580326	671088768
20941454	2147520512
81494138	2147745794
50784446	671092736
43938974	4311744513
2660402	4362108928
72032366	671088768
32655998	4296048640
24281246	2148012032
62149718	1073745921
4486466	4429185028
17540102	2147520512
68203334	36865
6310910	4311744513
31132226	671092736
15956066	561152
10406	16810496
65350514	36865
68628422	1146880
2282942	1085440
64267382	5435817984
70786262	1610612992
19207406	2147520512
30150506	1074823168
19240130	2147549200
6716234	67141633
31216142	53248
24325310	40961
23481290	67125312
3451610	36865
36353162	671088768
9158546	1610613248
65511866	65793
34491134	8425472
52256702	16794112
53510258	2147487746
53553026	2147549186
24010706	528385
19673966	4295000320
41796362	4295000065
14641922	1085440
69484754	201326593
27464546	537919492
38186678	1081348
39390014	76
32725982	201326593
64057106	4362338304
60442886	671092736
30126854	4362076161
45696026	671088644
1650818	1048644
50811338	1073774593
33702194	4162
15888026	83886081
69571262	67141633
11052326	8425472
52773158	1610612992
38852498	16777249
67597778	1610612992
25734710	1610612992
15759398	70
3294470	2147520512
81580646	1140883456
36000002	4311744513
79531994	4311744513
62068070	33882112
78832154	1610613248
6710726	1073778688
23355902	2147520512
28604378	1073762304
27918470	4295000065
11774846	1610613248
21188018	16809986
32097098	1073778688
20794358	2214592528
57251486	671088768
923114	1610613248
31250810	1140883456
11650106	83886081
3351494	1073774593
16784210	553648384
17761394	2625536
31721582	2147487745
63338798	1085440
16783562	1081345
64089182	1610613248
77353094	67113216
80925194	1073766400
1609670	4362076161
441650	16809985
41245238	1082163200
72918182	8400896
7697954	1610612992
74857322	97
61039046	2147520512
45234002	32802
65922374	1610613248
18475166	1073762304
63739262	1610613248
43216454	1610613248
76595582	1610612992
61649462	32833
42103838	2147745808
52901462	1073766400
27439274	201326593
60271814	67141633
47045810	671092736
72447734	4295000320
30305054	36866
58961558	4362076161
49203326	4303388672
56478422	3221229568
77568230	671088768
24117626	201326593
23506562	1081348
17257574	83886081
3573758	2147520512
2230130	1610612992
36966170	5435817984
48536210	4311744513
63513434	1610613248
16839938	1107329024
44609006	8425472
45122222	671088768
40937438	40961
77590586	57344
19460450	1073774593
16263542	1081348
60964850	1610612992
6888926	83886081
75353690	3221229568
68260682	3221229568
80020262	327696
10567298	2147520512
10310366	150994945
40666250	4362108928
27815438	4311744513
48456830	16912384
3728954	36865
68815370	2147520512
60286070	2101250
1738298	8409088
25182290	37376
28466678	4295000065
78057470	1073774656
65926586	2147520512
52924466	1610612992
50074562	2147520512
694694	1610613248
43166558	327681
38703134	4311744513
46198226	2148012032
38343170	67125280
5171402	1610613248
66288818	1073778688
36474338	1610613248
18098354	83918848
23622230	671092736
46813178	671092736
45398918	1610612992
53974226	36865
81477614	1073766400
47645534	2147487760
41530682	538972160
38243378	4311744513
6033890	8425472
67986578	2148007938
18932654	2147520512
7233338	37376
75185534	1610612992
10648622	16809985
59322494	5368741888
493166	1090519041
34473638	1085440
53284754	53248
444566	67141634
80232806	1610613248
62897834	1610613248
9894026	65572
69210002	1073745921
43253066	65553
28997390	53248
52529510	4328554496
40880738	561152
52210046	1140883456
582914	83886081
72124706	1610613248
12513890	671088768
16426190	135266308
56205290	4328554496
58524158	3221229568
80387354	1090523136
23497166	524368
63537410	2147520512
16679882	2147553280
66103166	1107329024
14778002	2147520512
66237626	4099
3732518	36866
61659182	1610613248
16367222	4294971456
1841654	1115136
38482490	1082134528
57301382	671088768
35592410	1610613248
43391090	67
75574982	2147520512
68311226	1074823168
53283782	1073778688
2071370	167936
40417742	32802
72202790	671088768
36225506	2147495936
12746198	2147520512
69354830	1610613248
10668386	17858560
1049474	1610613248
11899262	135266305
48026882	2147520512
80693210	4295000065
8383538	2147520512
27176510	4311744513
49673126	1073778688
69950666	1056772
58278566	1610613248
18968942	1610613248
3509282	2147520512
80398046	1610613248
14307554	150994945
14822714	1081348
4903778	3221229568
1677386	327681
76496438	1073745922
81484094	4311744513
54940718	36865
27015806	150995072
16237298	98
31568330	4362076224
73407098	1610612992
80712002	4362108928
635726	135266308
5100770	1610612992
71239862	196610
31341206	134221826
53073830	1610613248
71848982	36865
34633046	1073745921
42804650	1610613248
18995510	532482
46339166	2147520512
24249494	75497473
30977678	3221229568
47474462	4311744513
30983834	1610612992
53424074	36865
17417306	327681
6352058	67108944
42753782	1085440
5031434	2134016
61857146	1085440
7818158	2147487745
45129674	671088768
27678386	83886081
51518630	671088644
37407782	2147520512
65565326	83886081
11379890	561152
22517390	671088644
18346538	53248
61948838	67108929
38632178	37376
65244242	2147487808
39019358	36865
69938354	32802
11286254	671088768
3239714	4311744513
80151482	36865
32489462	1610613248
6695822	4099
17060906	134250497
7656806	134742017
78339026	1610612992
44778458	1610613248
55300034	2147520512
67750382	1610613248
8040098	2147487746
42999698	16781313
77021318	1081345
67578986	4362108928
22617506	1610612992
30303110	2164264960
15578606	83886081
59544434	1073766400
56860742	37376
69527846	37376
17412446	1610612992
28463762	5435817984
19094330	2147520512
13654694	1085440
2660078	1081345
72947342	1610613248
58893194	16912384
54621902	1073778688
34273730	4362108928
13500794	36865
24413114	67141633
16078862	1610613248
8149610	16809985
3776906	4311744513
27069590	557120
71318918	1074823168
43438070	36865
50061278	1081348
28612802	1081348
13106810	1610613248
67217402	36865
61948190	1610613248
1807958	4362108928
78339674	1081345
13615166	4311744513
38591354	67141634
19819766	1085440
30862334	57344
4159226	2147520512
54393158	37120
74520038	1097728
1222166	1610613248
16065578	671088644
11315414	1081348
15237758	1610613248
32182958	36865
660350	5368741888
69130946	2147487746
28308242	671088644
28649090	83886081
52373018	37376
60184334	536903936
34397174	4294971456
3300302	1610613248
67685582	36865
47863262	4311744513
68298914	37120
11075654	528386
66321866	1610613248
52192226	28672
77971610	4311744513
19389818	33652736
31085894	1074823168
2690534	100696064
59061026	299008
78290426	1081348
30881774	2684358656
14069090	2164264960
14564162	135266308
41259494	2147488256
36599726	16809986
50043134	1073775104
70742522	36866
40186730	671088768
61834142	17301568
33569030	134283265
27609698	2147483682
71656526	28672
14985038	1074823168
35945894	1610613248
11378594	2148012032
77558834	4294987776
20529650	1610613248
76867742	1610612992
5921138	2129921
46862102	67633216
18374726	20512
32955698	134217864
443594	1610612992
131906	67141633
39018386	4362108928
7285178	1610613248
51279194	4294967361
32872430	101711872
33859010	1140883456
3854018	134217734
19624070	36865
74951606	53248
33467618	2147495936
77146382	16908290
47177030	800
57135170	671088768
41910410	327681
868034	524354
34955750	36865
68068874	1610613248
5128958	36865
29751338	3221229568
34592546	1085440
23023154	671088644
54536690	1081345
81611102	36865
3230642	1081345
43258574	150994945
21561590	150994945
10946054	2181070848
30722042	2147495936
28612154	135184
48411146	671088768
69305582	2147549186
9250562	36866
66255122	1610612992
36446150	2147487746
42477086	2147520512
25805018	671092736
41040146	2147484674
43851170	1140854784
398234	1074003970
49058498	5368709121
35714558	4311744513
43920830	17301568
7493510	3221225728
37029026	671088768
24069350	33282
72151922	1081345
789302	3229614080
33326030	83886081
40266434	1610612992
38951318	1090551808
81195734	1081348
1941122	50364416
12895886	671088768
2130662	1073778688
65715662	150994945
27395534	37376
38359694	671088768
37400978	1610613248
38297486	36865
117650	67141633
32270438	671088768
74975582	36865
44093522	1081345
43986602	671088768
39974186	4311744513
63229610	1610613248
49776806	1610612992
11651402	2147549185
41760722	1610613248
37429490	4864
18830270	32802
1867250	16908290
52117382	671088768
79993046	134254592
75146330	150994945
18879518	135266308
7402466	1610613248
1060814	2164260866
27012890	150995072
35036426	150995072
77755826	1610613248
52640318	1073778688
1290530	671088641
53529374	4362108928
8241302	1610613248
52373666	4395630592
21555434	3221229568
47300150	4353
17625638	167936
35273918	4295000065
15440258	83886081
78682142	5435817984
68432078	4102
70687766	1081348
63055946	134283265
2665586	17334272
74086202	1073774593
17644106	671088768
336350	2147487760
65774954	134283265
54580106	32834
2909558	4226
361622	2148012032
21344186	1610613248
53533910	671088768
29974574	671088768
51621338	1074823168
51014162	167936
78477698	4362108928
7625054	4129
700850	1610613248
15673862	327681
74902682	1610613248
38606582	1610613248
69876146	1610613248
52250546	3221229568
20220878	2147520512
22801214	37376
16810778	20512
81605918	37376
311726	545292288
76130318	4295004160
76051262	1140854784
51573062	4362108928
2084006	4362108928
65459702	671088644
41255606	1610613248
36630506	70
37349138	196610
54335810	276828160
64805870	1085440
11054	4362108928
195734	671088768
73792658	4311744513
7036670	16777729
60644090	1610613248
62913710	32833
48791522	4295000065
32544866	16781313
23739194	16814080
29323334	4362076161
43521338	2147520512
4841894	4311744513
77538098	163856
10072226	1610613248
51509882	4362108928
53286698	1107329024
44206598	671088896
6091238	134217733
71933870	1081348
791570	16809985
12172070	16777250
683678	83886081
44706206	4311744513
75535778	671088768
8200802	671088641
5802230	4362076161
32040398	36865
25024826	33554528
75995534	67141633
12500606	1081348
27460010	201326593
53968070	1610613248
71840882	561152
22085822	1085440
24975902	1610613248
37350434	196610
8431166	4311744513
1991018	1073778688
30383138	16809985
37880822	3221229568
19421894	8392705
53899706	1610613248
34876370	67108929
49026098	2147495936
31426094	1610612992
64691498	1074823168
69407966	1073778688
74122490	2147520512
48854378	36865
45299774	4311744513
12405674	671088768
18492986	101711872
52716458	1081348
67870262	1610613248
25492358	1610613248
71459534	5435817984
26696018	2147749888
29198918	5435817984
62701490	671088768
32146994	1107329024
40254122	4362076224
27346286	70
6897026	537952256
19411526	1085440
20887022	1610613248
26482178	671088768
57188630	1610613248
1518950	1610612992
7287446	1085440
12643166	33344
74676530	1610613248
15236462	4311744513
75161234	1085440
38797094	4295000065
10972946	32833
26706062	2147520512
27240014	1610612992
10158734	2147520512
51265910	2147484674
27193034	67108929
21263510	150994945
77720186	16809986
1984214	1342210048
38592974	114688
9693146	135184
21406394	17334272
79747454	1107312640
65489510	5435817984
62131898	53248
23736926	4328521729
5030786	16809985
58937258	83918848
47003690	671092736
3069938	1610613248
29227430	4311744513
1113626	1074823168
23583998	16781313
3292850	1610613248
1840034	4362108928
74580626	2147487746
53172650	4295004160
25555214	2148012032
24601358	671088768
21181538	3221229568
45503246	36865
53785658	295168
50635730	16777249
28025390	1610613248
33928670	4362076161
69819770	1073778688
18900578	37120
37939790	2147495936
61730786	1081345
71919614	2147520512
64447850	1082163200
67951910	20481
44408450	268568576
25987106	671088768
48653174	524608
9182522	3221229568
47700938	3221356544
27483986	1107296257
19227170	545263616
67010042	3221229568
27030386	150995072
1802126	16781313
60244274	36865
69874526	4311744513
27968042	1107300352
27642422	134250497
48817442	16809985
35602454	526368
63700382	4311744513
51536774	1610613248
10002242	4362076161
44614514	671088768
695018	2147520512
12625994	57344
27570170	1610613248
23705174	36865
46568882	1085440
20141822	4311744513
697610	3221487616
25975118	3221229568
56598302	4311744513
42313790	537133057
28208774	1610613248
71012090	67145728
77992022	2625536
19982738	8421408
79728986	1081345
80465114	37376
34661234	1610613248
7004594	1610613248
10344710	1085440
1993934	671092736
3022634	536903684
6593114	528385
48962	1081345
36175286	4311744513
51239666	36866
6433382	16777282
12837242	1610613248
13064690	4226
56375714	36865
29886446	1610613248
40528874	1140850689
46284734	16777732
68568482	5368713216
78110606	1073876992
699554	1610612992
70133078	671088768
28277786	70
43795118	671088768
18485534	671088768
12576098	151519232
3679058	2148012032
81308162	671088644
9320546	1610613248
30687374	2148007952
36221618	37376
64748522	83886081
527186	4102
63303482	1074823168
67983662	1074823168
28672418	4362108928
13072142	1610613248
29545274	1610612992
70062122	1610613248
57454958	1610613248
78851594	1081345
455258	331776
11817614	1081348
22974554	2147488256
72903602	1610612992
2500670	16810240
51721778	17301568
53164874	16777281
66276830	134254592
32810870	1081348
19444898	2147483682
7176314	83918848
50998610	1610613248
47221742	1073778688
52736870	1073778688
54853562	671088896
20108774	32802
1056278	538968576
57858662	536872964
40366874	1081345
23887586	83918848
25576922	150994945
8579234	8425472
3698174	150994945
30837386	2147520512
27862418	2147520512
67794446	327681
15543290	4395630592
77804426	2147520512
1934318	1050628
47508158	1107820544
5412134	2147487746
36229718	1073774656
53732522	1610613248
12724814	1085440
23826998	536873472
25590206	1081348
882290	1085440
17717006	1610613248
25701986	671092736
48456506	671088768
9826310	4311744513
41557574	1610613248
52480262	2101504
63566246	1074270208
65827118	524360
51225086	1610613248
14489318	536871170
47112554	1610613248
63944678	67141696
29497646	1048836
121862	67141633
65054378	1610613248
31397906	800
54606026	1082163200
127046	67141633
68773250	536904192
94970	134250497
24927626	104
68773898	1140883456
24222278	671092736
70986494	2147520512
75700046	36865
40894670	67141633
38247266	4311744513
70364738	5435817984
65074790	36866
43165262	3221229568
33465998	37376
42225662	1610613248
79312646	1073778688
68530574	134479876
40358774	671092736
55393670	37120
3707570	1610613248
67383614	5435817984
31409570	134217860
17608790	16908304
42201686	1081360
15059234	67141633
32004110	1073778688
57453338	134254592
1340750	8421377
35470262	4311744513
6840326	2147487745
22590614	2147520512
53316182	17301568
42118418	37376
42456350	4311744513
15567590	83886081
5074850	524306
46548794	1074823168
30235394	1074823168
7624082	1085440
10264358	2147487760
73902818	1610613248
12779570	2129921
77282138	1610613248
5658050	8392736
37091882	1610612992
10972622	1610613248
47870714	2148012032
26751422	1610613248
9548318	1610613248
4001438	32786
1464194	16781568
27690698	4311744513
61944302	67108929
48126674	4362108928
36537518	150994945
55751690	4353
34445450	3221229568
23193902	2147553280
55046018	671088768
68020922	537919492
10993034	4311744513
27080930	4362076161
22127942	1081348
48044054	1610612992
48345050	1089536
50424158	1073778688
52981490	1610613248
67939274	8425472
61111946	5435817984
51166442	671088768
75768410	167936
25226030	671088644
2581670	67141633
61083434	1610613248
27435710	2147520512
3907802	1610613248
68191022	1207959680
64783190	17301568
28444646	671088644
41296754	1610613248
39295730	4295000065
41889674	4311744513
56902862	1073745921
51004766	4362108928
10422146	2147520512
23649122	69633
44663762	2147520512
28224002	2147520512
34273406	1140850689
41850470	1610613248
56332298	1089536
38658422	134234113
13360826	36865
15266	20482
75331334	83918848
14904686	1610613248
62572214	2147520512
69482162	2621504
27698150	36865
69421250	2621444
36237170	4295000065
12412802	4311744513
44157350	1073774593
1391618	201326593
22471382	134283265
28187714	4130
6462542	67141633
58610666	36865
75114254	1085440
28990262	36865
37461242	86016
59494862	134283265
48865394	4295004160
21834722	1610612992
81563150	1610613248
22826162	1610612992
45268022	37376
4400930	1610613248
43970078	2147487746
42337442	1073774593
1643366	2134016
1668638	327696
78032522	1610612992
73863614	671088768
72801218	67371009
81213554	4362080256
49911590	671088644
3285722	1610612992
8407838	2147520512
61744070	1085440
23818574	1610613248
8574698	16801792
77014190	1610613248
45505514	37120
58133414	16814080
50552786	1610612992
2419670	201326593
70048838	671088768
16274558	1610613248
6061106	4362108928
40500038	36865
59992850	5402263552
10161326	1073778688
1015454	33558784
608510	33281
12518750	4362076161
40181222	671088768
1100018	2147487746
27019046	150995072
57340586	671088768
43874174	1073766400
9804602	1610612992
40421954	1610613248
37097714	42
56264582	16814080
34377410	2147520512
51906458	536871428
32069234	1085440
55574462	4311744513
3112706	1610613248
9365906	36865
25901246	36896
24201866	36866
75568826	2147520512
31334726	1074823168
1150886	1610612992
41230010	1073778688
28856450	2147520512
31761758	4311744513
29238770	16779266
57504854	1610612992
13822526	4101
13385450	57344
39632042	2147520512
32148938	671088768
23635514	671088644
31391102	800
52508126	672137216
61702922	16908289
12546290	1610612992
41757806	1610613248
72697214	671088644
47220122	1610613248
26737814	1073778688
69430322	36866
51323258	1073778688
62879042	1610613248
17020406	1085440
29166842	1085440
37932014	2147520512
41275046	1610613248
61061078	32833
33092426	201326593
16429106	135266308
25760630	4395630592
67600046	1610612992
21670778	150994945
17487290	1085440
39578582	1085440
12102734	1081408
3600326	1085440
18784586	1073778688
60449690	577
77653766	66050
65781110	201326593
10019090	3221229568
56249354	36865
21853190	1610613248
73355582	17301506
11603450	1073758212
28005626	100696064
75005066	3221487616
67727702	2147487745
53534882	1610613248
986618	2147520512
15286034	134250497
49989674	8425472
65899370	1610613248
23462174	3221258240
23552894	2181070848
61908014	83918848
14112830	1610613248
2465678	671092736
630866	83886081
49666322	1074823168
57212606	671088768
47763794	4162
63706862	1081345
1815410	83886081
49258730	1081348
40898234	671088768
33979214	1048610
61255154	1073778688
32881178	1610613248
66364634	16777281
41795714	4295000065
74831726	671088768
72973910	36865
6882446	671088644
58048850	671088768
16043222	1610613248
21283274	67112962
69387230	2147520512
1181990	2164264960
43596182	1610613248
1274006	74
3779174	1610612992
21821438	16809985
17310386	4311744513
28070750	2625536
27647606	16809985
58669634	150995072
79338890	1610612992
32974166	1610613248
26978546	1610612992
6171914	4311744513
27847838	4295000320
47352638	1085440
67746818	2147520512
77365406	16912384
33361022	1085440
77421458	1610613248
49167686	671088644
17685902	1074823168
36714422	4295000065
54761546	4162
27617150	1081345
48785366	1610613248
28708058	4311744513
32303810	1610612992
19941914	1074823168
25396130	135184
51026150	1610612992
28312454	37120
22658978	1610613248
76711250	1073778688
19036982	150994945
32334590	36865
7046066	3221356544
927326	134217857
56690318	67112961
74787662	16809985
54594038	671088896
50942558	4362108928
43484402	671088768
8003162	24577
50015594	1610613248
1720154	1073840128
18706178	32802
80851322	36865
56471942	16912384
5491838	1115136
72230006	1081348
12435482	671088768
68477762	2147516417
196058	2147520512
65992682	4353
46966430	167936
79566662	4295000320
4780334	16809985
31044422	5435817984
57732302	16781313
56479718	671088768
1477802	1610613248
67004534	153092096
74638622	83886081
3131498	4294971393
5813246	67141633
34322978	2147520512
27846542	16779520
58852370	1610612992
63565598	1048582
71430374	4296048640
6941414	1085440
74847602	16809985
66504278	1610613248
10284122	4362076161
30307970	671092736
25361786	1610612992
27097778	671088644
23239262	134254592
54322202	24577
68173526	1140850944
19621802	32834
23282678	17301568
66501686	1073745921
33704786	671088644
34565330	16793601
43225526	671088644
38890082	37376
5606534	36865
410222	1610613248
78632246	36865
30501074	2147520512
16143986	1081345
47726858	4362108928
25822838	1610613248
31900106	2147520512
24331142	1610612992
11735318	1073778688
11480978	1610613248
60049226	1610613248
199946	4295004160
24030794	1610612992
17645402	1610613248
48097838	142610432
21293318	1074823168
48554678	557120
60130874	1610613248
60897134	100696064
12298430	83886081
56668934	2147520512
76870334	16912384
34165190	577
40371734	1610613248
49239290	2101312
76217798	6442455040
10562114	524328
61951754	2147520512
10946702	1081348
21017594	1610612992
53962562	3221356544
41179466	6442455040
71489342	36866
15894830	1610612992
67308122	2147483682
12124766	5368713216
52649390	65793
55878374	1610613248
68735666	4311744513
67175282	1610613248
1597358	537920000
35288822	37120
14156570	36865
35952698	1073766400
63341066	1610612992
25479074	1074823168
70521554	36865
39463238	4311744513
60038210	1073774593
57094346	1073778688
42558734	65794
6462866	57344
41758778	4362108928
41324942	1610613248
67606202	3221225488
21132938	2147520512
67449710	1073746432
14336066	671092736
67754918	8425472
13059182	1610613248
31910150	561152
42806594	2181070848
61510466	1610613248
16467014	135266308
48736118	1082261504
34289606	17301568
76062278	2147553280
62000030	1610613248
76742030	1073745921
27587990	1085440
15435398	67158016
14190914	2147553280
49856834	37120
28961750	83886081
77558510	17334272
68645270	3221229568
29500238	32833
15093902	672137216
20690030	67145728
76556054	1610613248
4528262	8421377
24209318	8425472
59559986	1140883456
57471158	2148012032
76301390	2147553280
66566810	2181070848
23285270	150995072
32986802	2181070848
39760022	32834
22740302	536871172
14277746	134217734
15861134	83886081
50489606	557120
12731942	1085440
51495302	1073746432
75612890	1610613248
48997586	37376
36639902	24577
71135534	1081345
67468502	37376
55862822	671088768
2166302	67141633
24872222	134217857
81245630	2625536
75350450	4362108928
10696250	2147520512
12241406	37376
23954654	2147520512
44577578	671088768
21344834	536870918
21576818	4328521729
7757894	83886081
1419158	1610613248
65551394	1610613248
11858114	2181070848
41295458	67141633
45231410	1073778688
60271166	1081348
23429774	1081345
31411514	800
64324730	1081345
7662638	16814080
34404950	1085440
53580242	1610613248
40531790	16814080
81243686	37376
37648190	4296048640
27032006	114688
75203030	1610612992
44310926	1074270208
16884326	2147487746
10583174	518
4201670	1610612992
29761058	671088768
80139494	17301568
60587390	4362108928
26186366	1610613248
8899022	1085440
46440578	1610613248
76379474	32833
69277718	1610613248
5257262	1073152
37794638	4311744513
74585810	1174405120
28913150	134217733
47708066	36928
61608314	1081348
63795638	1073762304
39854306	671088768
19859942	16777250
26849270	37376
21871010	17334272
57856718	36865
71204870	2148007938
78041594	1610613248
35169914	2147483968
21468602	86016
21328634	1081345
53860502	2147549185
23501054	1610613248
44025482	2147487746
7959746	97
6157010	150994945
4566494	2147520512
43084262	671088768
72331742	561152
602030	1140883456
60870890	1610613248
48449378	1610612992
29573138	67158016
14882330	536871170
11184518	671092736
69715118	16814080
11815346	2082
7516190	1610613248
69031802	83918848
70829030	671088644
27545222	2147520512
601382	524353
74533322	1610613248
33387266	671092736
57245006	671088768
73373402	331776
19386902	36865
71061662	1081348
53138306	3221258240
79624982	1610612992
71305634	1073774656
57778634	1073778688
46704314	67158016
68970890	1610613248
50195414	561152
50293910	1610613248
34014854	1610613248
65689094	1610613248
24876434	4130
41414366	4295294976
7013990	40961
44213726	4311744513
27834230	4295000320
318530	135184
12521666	671088768
77213126	75497473
5406302	4099
18792362	2148008448
3585746	201326593
45004610	36865
30991610	2147487760
3643418	137216
8842322	16814080
54321554	134218753
79358330	1610613248
32327462	561152
72944426	327682
67305854	3221229568
47628686	32834
10430246	1610612992
20303498	134221826
62941574	1610613248
39894806	4295000576
34424714	561152
47588834	6442455040
9736886	57344
29374202	1058
4309562	17858560
64732322	1610613248
46688762	1085440
29591282	671088768
16161158	40961
81637994	671088768
25776830	671092736
7957802	524354
14919914	134217858
6974462	536871680
20867906	800
11732402	2147520512
943850	83886081
63536114	4311744513
27954758	1610613248
3645038	100696064
54673418	37376
11717174	2147487746
9972434	1610612992
16634522	135266308
31022390	134250498
3205046	1074823168
52645502	4362076161
73979282	37120
78625442	28672
44881166	1085440
79759118	1610613248
1008974	4311744513
5235230	2147487746
56839358	671088768
5704706	671088768
16833782	1610612992
61265846	2148008000
54395102	1610613248
41146094	4295000128
68765150	1610612992
70707206	3221229568
47867474	1073774593
31402766	800
33012074	167936
31418318	671088644
24050234	671088641
59886254	518
16963382	1610613248
47086958	671088768
21053558	4311744513
50405690	1085440
4298222	2147520512
41885462	36865
67522610	1085440
46342082	1073762304
58028762	36866
43845986	1610612992
48273770	1610613248
8238062	67141633
8986502	2155876352
79441598	37120
17181434	1073778688
32123990	67141633
43016870	40961
74566370	1610613248
45421922	671088768
75195578	167936
14018546	1081345
3018746	671088644
26879402	4329570304
23989322	69634
8297678	3221229568
28007246	1085440
65808650	5368713216
1152182	36865
53221898	16814080
18317054	2147618816
42711986	28672
7912766	671088644
80328710	671088768
15854330	1610613248
296822	1610613248
59557070	1610613248
47640026	1610613248
29788274	1081348
80128154	1610612992
8477174	1610613248
58979378	67141633
41277314	4362108928
1409438	2147520512
37273970	4311744513
38072630	69648
32400686	2147520512
5657726	37376
65174258	37120
51297662	1074823168
11482922	83886081
19478594	8425472
69375566	1610613248
53713730	4311744513
38633474	2147520512
4181582	67371040
23660786	671088644
74872550	2164264960
64097606	1610613248
73231814	1082134528
24601034	1610613248
65367038	1081348
41724758	1073742084
42600530	1081348
37859438	671092736
45439742	2147487745
28270010	70
39266570	671092736
59045474	4429217792
24690782	67141633
59079494	2147520512
125426	134250497
5653190	1085440
50962646	5368971264
31598786	671088768
76555406	1081348
53803802	1610612992
45505190	1610613248
2651006	268568576
34706918	1073778688
1151210	2147520512
37569458	2134016
954542	1610613248
2105390	671088896
50374586	4311744513
12416366	37376
7018202	40961
76477646	1610613248
58427606	1610613248
68654990	4362108928
46905842	1081345
61626458	8425472
25880186	268568576
36949322	1610613248
17278634	98
65292518	1082163200
7751738	32833
2010134	3221229568
80902838	4295000065
1056926	2147520512
2618930	536870918
40953314	671088644
20557838	4311744513
68453462	1073778688
67774682	1610613248
53132474	1073778688
4285262	16781344
35243786	4395630592
68009258	8392705
4444994	2147749888
7761782	536875520
35983478	1073778688
31328894	36865
39820934	1610612992
42597290	1610612992
57216494	671088768
48682658	4311744513
14227850	4353
43602338	1610613248
49181618	4295000065
37292762	83886081
37390610	37376
30000818	1610613248
14544074	28672
68355290	671092736
49811150	3221229568
371666	4329570304
53608106	57344
51837122	1140850689
109874	67141633
1261046	671092736
33666878	1107300352
48593234	1610613248
12260198	4295000065
32190086	1610613248
62092370	2147520512
43069682	327681
33589442	1074823168
17277014	1610613248
69325022	1074806784
446834	83918848
80492330	4295000576
74416358	1610613248
27578	1081408
42604742	671088768
50407958	75497473
51991022	1081345
43762070	36865
23062682	1140883456
6883418	32802
52870034	1073778688
174026	66564
30610586	4295000065
1199162	2148012032
2970794	327696
36097202	1610612992
8066018	4362076161
10633394	1610613248
60678758	1610612992
11507222	5435817984
68698730	4362108928
13845206	37376
32198186	67190784
15299966	1610613248
11104814	2156003328
14781890	83886081
80332274	671088644
1262990	557120
81113114	671088768
75675098	1081348
28846082	2147520512
10890326	1610613248
80827670	2147520512
64656506	1610612992
61961798	671088644
68514698	8392706
34035266	67141633
30964070	1085440
54532802	2147520512
57718370	67108929
24916286	67141633
1013510	327696
42346838	17301568
8951834	17301568
58798910	2147524608
49018970	4362108928
29041778	532544
16278770	75497473
17585786	2101504
58405574	1610613248
28073342	687865856
29026550	2147520512
2297522	57344
36437078	4362108928
27438950	83886081
35248322	1050628
37350758	196610
8634638	1610613248
12835946	1610613248
22097810	4102
76991834	33882112
2963666	557120
11779382	1610613248
10765586	150994945
76138742	36865
222950	518
52691834	1085440
34419530	40961
68067578	4294967361
70953770	3221229568
9472502	4311744513
15526766	201326593
58305458	2147520512
1235450	4395630592
1357274	1610613248
30527966	2147487745
1814762	276828160
50093678	1081348
49205918	1610612992
66542186	1074823168
5800610	4295000065
27822566	16779520
40139750	16809985
43815854	4429185028
43151978	671088768
583238	16779392
19438094	1610612992
9420662	70
36601022	16809986
23401910	1073745921
6095126	2147487746
45609194	36865
62284178	2147520512
48304226	671088768
56081846	37376
42951098	16809985
28080470	671092736
81531398	1073778688
16207166	7
3199538	8421888
60543326	67108929
20325854	1610612992
66607634	16910336
7405382	3221229568
39329426	4130
62630210	1610613248
68654666	1085440
79776614	67141633
20180702	4106
80401286	1081348
4318958	1082163200
26340914	2147614736
60918518	671088768
12134486	1073745921
80106446	3221356544
76183454	1610612992
52250222	1610613248
37517618	2164264960
59813354	671088768
14143610	1610613248
81501590	53248
74001638	671092736
46344350	16801792
74601686	16809986
75622610	1082163200
61379894	134254592
53567282	4362108928
49329362	16809985
71043518	16777730
50934134	3238002688
60015530	167936
43298102	4362076161
68696462	5435817984
68882114	671088768
28753742	36865
33419990	201326593
7967522	1085440
76808450	24580
54528266	671088768
39714014	16781313
62034050	1081348
22123082	671088768
58691342	135266308
51907106	17301568
65397494	4295000065
64511354	17301568
55467866	150994945
43578038	75497473
58729898	3221229568
419618	2129921
858314	135299072
51359546	1610613248
53157422	2147487776
44054642	67178496
19004258	83886081
79974902	2147487760
27578270	32802
10098794	1610612992
6783626	37376
79520006	1610613248
73678610	8425472
36532010	1081348
38586818	327696
54507206	196612
8726654	524864
62754302	1610613248
17231654	16809985
77105234	1610613248
42348134	36865
36262766	3221229568
219386	1081345
32096450	671088768
20071838	561152
2224622	1610613248
1053362	67108929
34394906	67141633
5439674	1610613248
1144082	1081348
16433318	25198592
39464210	36865
4951730	5368741888
49757366	671088768
50232026	4295033856
63200126	8425472
59196458	1610613248
65609714	67633153
53301278	4362108928
23302766	4102
25703282	4311744513
74491526	2147520512
18357878	1610612992
52601438	4311744513
5286746	1610613248
54763166	1081345
38912114	4362076224
40042226	1085440
27963830	536871680
59176370	1610613248
77445758	2147520512
32989718	1085440
25568174	134217734
68951450	1073778688
74465930	1610613248
24201542	327696
35286554	327681
64942274	1085440
40788722	671092736
2015966	4099
76199330	1073778688
38763722	134217860
40854494	36865
75514394	83886081
13578878	557120
12114722	8425472
56372798	327681
58362806	1081345
69936410	2147553280
43229414	671088644
40739798	671092736
13322918	4311744513
33383378	1610613248
43254686	4294971393
1582778	1610613248
41128922	4328554496
73788446	1081348
42877550	1073762304
65229338	1073766400
73925822	83918848
74637974	1081345
81284186	36865
36778898	4295000065
27331382	1610612992
32962826	3221229568
26340266	1073778688
37826390	70
38157518	671088768
34531634	1082163200
75324854	2147487746
73819874	671088896
40892078	2147520512
29832014	2147520512
22186586	53248
5163626	2148073472
77150594	4295000065
22246850	36865
28033490	671092736
33789026	671088768
30403226	1610612992
76535966	1610613248
36665822	2147520512
27472322	1610613248
14484134	1610612992
74395946	36866
62079410	1610613248
47873630	2214625280
1287290	101711872
62823962	1610613248
64281962	4311744513
21035414	134217733
63060806	4311744513
76321478	1073745922
10599050	1085440
76930274	1081348
111818	67141633
66275858	1610613248
9574562	1610613248
40023110	2147520512
30388970	4362108928
25213718	1610612992
20773946	4295004160
7544378	671088768
33245354	1610613248
4443050	4295524352
22990106	1610613248
75846818	36865
25744106	1610613248
76593638	36865
74144198	1610613248
49871738	67141696
14646782	1610613248
620822	1610612992
3189170	2147520512
8898050	134217888
69553118	1610613248
2091782	16777222
39554282	67141633
62868674	32802
2751446	4362076161
79211234	5435817984
10419230	16781344
3672578	4303360000
38059022	1073807376
60766562	1610613248
72274394	135266308
19015274	150994945
18825734	4362108928
5392694	1074823168
61121990	4295000065
48339218	4296048640
54044858	1081348
81272846	671088768
35297570	536871170
11804978	1610612992
63630398	2147520512
14239190	16809985
35982182	1081348
55076798	4295000576
53381954	32833
18098030	1081348
13534490	1074823168
2091134	83886081
76744622	67113024
40654262	4362108928
53681330	2147520512
7212278	671088768
31716398	16809985
3232910	1085440
74730962	1074823168
63924590	3221229568
48879650	1610613248
34164542	671088644
50166578	5368713216
24004874	671088644
75430802	360448
46320698	36865
6501746	1073745921
2658134	1610612992
60994982	1610613248
68410694	1610613248
54169274	8392736
4669202	17827840
18961490	2129921
23984462	67145728
5090402	70
13682558	20736
18575606	8425472
37710398	671088644
38018846	37120
48620774	2147520512
1898354	1610613248
41994326	8425472
71871338	1085440
79305518	1082163200
49544174	1085440
64681454	16814080
51048506	1074823168
58333646	1085440
1856558	4311744513
14582630	134217857
32532554	1081348
57229778	671088768
11801738	2147520512
29609102	150995072
52469894	671088768
44020298	1085440
2052578	671088768
14963330	1610613248
45379478	671092736
941906	1085440
31302002	4362108928
50922146	1610612992
47805590	2147487745
51920714	201326593
26446538	150994945
60348926	36865
66711962	4311744513
22738682	4296048640
3301598	83886081
78538286	4362108928
43772114	36865
43831082	557120
18993890	1610613248
73607978	1081348
35539274	16809985
36846614	16809985
68247722	36865
33893030	671092736
46451270	33587712
21605330	1610613248
5680730	36865
23287862	150995072
58563686	671088896
7034402	2134016
17341814	67108929
4428470	1073778688
57492218	97
622766	4362108928
76578410	2147487746
41855006	1048582
39533222	5368709121
1748990	36896
67527470	1140854784
63862706	671088768
33347090	2147520512
31143566	2147487746
32911310	36865
17218370	135266308
22703042	66562
72735446	524354
4169918	2147520512
319178	4353
29571194	671092736
11543510	1610612992
5719934	321
32290850	3221229568
80237018	1610613248
43590998	671088768
5299058	1610613248
50718674	1073741830
69060314	1610613248
17926634	1074823168
7611770	16781314
64717418	67108929
59653298	1082134528
24750398	67141633
646742	1610612992
61889546	4362108928
32886362	528385
19172738	1610612992
12880334	671088768
69563810	1073746176
43327262	1610612992
74587430	1140883456
61303754	36865
40585574	4226
78048074	150995072
73086338	1076363264
38299430	4311744513
80700338	5435817984
81194114	3221229568
2077526	1610613248
35023142	150994945
55723826	1610613248
35058458	36865
15914270	67141633
30128150	36865
10201826	1610612992
30996794	1081345
10682966	32833
16812074	557120
17476598	2101504
62460758	4362108928
890390	1081348
69246938	4102
72669350	4328554496
15289922	1610613248
43607198	16777282
58158362	36866
60316202	25198592
16611518	1610613248
55829774	1610613248
18504002	4311744513
1497242	1610612992
5908178	4362108928
56307674	4294971393
3181070	16777281
439058	1140883456
75407150	33591296
20133722	4362108928
55360946	37120
8438294	1610613248
41036906	57344
53003846	1610613248
35451794	2181070848
62182766	1610613248
25192334	1074008064
44335226	331776
9905690	671092736
53931134	2621441
79821650	1610613248
6413618	1081348
36758162	2147565568
78735602	800
4339370	1610613248
34351166	100663298
13174202	150994945
73434638	1081348
17785046	4362076161
1223462	4362108928
17014250	1610613248
50039570	2147520512
28558046	1610613248
55530398	36865
46340462	4130
46957034	32833
10528418	671088641
2456282	3221229568
2787734	201326593
2961398	1610613248
32347874	2147520512
32684510	1610613248
38935118	1073745921
49842578	1610613248
58749662	1610612992
26409278	671092736
27439922	2147520512
19892990	4295004160
56984186	36865
24648986	16781313
23053286	100696064
81267014	2147520512
44769710	327696
71289110	1074823168
35513678	4362076161
56582426	1610613248
62535926	3221229568
60232286	3221229568
65466182	524322
30749906	16809985
71220098	536903936
57430982	67145728
49379906	4311744513
64622486	5435817984
33797126	4362108928
39890918	4362076161
5558258	83886081
75896066	16912384
18618698	671092736
34115942	134250497
6078602	1610613248
12741662	4311744513
78818546	671088768
29025254	671088768
8369930	1081348
54309566	1610613248
18676046	671088768
71268050	1174405120
68308310	134219784
76377530	1073778688
6995522	1073778688
68758022	671088768
10605530	2147520512
53983298	36866
61248350	150995072
80406470	8421377
41233250	1081345
33347738	16781313
42839966	1073778688
12462050	1610613248
63367310	4328521729
28905050	671088768
38007830	32802
40688282	3221229568
47483858	2147487760
7101470	32864
20864666	1610613248
50186342	4362108928
79649282	2147520512
18711362	1074823168
22171034	671088644
40691198	32773
30829610	32771
46233218	32802
72237134	4311744513
15915566	83886081
350282	1081348
26499026	32833
57325682	671088768
58005110	1610613248
81295526	1610612992
57237878	671088768
25265234	4311744513
55849538	16777221
47866178	1610612992
39951830	36866
7816538	83886081
68897666	134217734
352874	671088768
59020202	36865
10425710	2148012032
11327402	134254592
60682646	1610613248
30735974	1073741860
57062918	4294971393
57925730	4311744513
13794986	2147483682
50482478	67112961
15676454	36866
55332434	671088644
16762502	134250497
37816670	1081348
69625694	1085440
40833434	671088768
602678	135266308
6333266	1610612992
43648670	1610613248
26624738	1081348
42637466	1610613248
12188270	671088768
55532342	1082134528
57926054	16781313
15917510	67141633
24018806	1140883456
69882302	1610613248
64484138	67108929
2911826	1610613248
41383586	32833
55465274	2147487760
54001118	1082163200
28363322	1081348
14737502	67141633
30371150	4102
25842278	1610613248
6015422	1610612992
53836850	1074790404
6563306	16779268
8528366	134250504
50659058	1073774593
8656994	36865
1721774	3221749760
38787050	1610612992
44486534	671092736
2475398	67141633
49453130	2181070848
22994966	53248
42326426	8425472
72520310	1610612992
6716558	1610613248
76302038	1073774593
64337042	3221229568
46267886	1074823168
50162366	1140883456
72489206	2147520512
72858890	2147483682
26731982	1085440
55749422	150994945
81467894	1073778688
35629022	16809985
58949894	5368709121
3337238	150994945
28789706	671088644
628922	1610612992
53461334	1081345
33696362	4362076162
37444394	671088644
10869590	137216
35310854	1610613248
7598486	67141633
55852454	1610613248
844382	167936
27737030	671088644
81296498	671088768
46922042	671088768
41419874	67141633
76463390	16809985
61866218	36866
64604990	134217860
399854	4362108928
1360838	2147520512
5474018	9220
43542722	671088768
39605798	2147520512
53397830	671088644
45410906	1610612992
71825654	135266305
67868318	28672
57664262	1610613248
13370546	1085440
68286926	1610613248
51493034	1140883456
60747122	4130
67592270	2147487746
56633294	1073778688
13610630	4311744513
42053942	671088641
12186326	2147487760
62781194	1081345
4061702	32773
49168010	53248
77025530	17301568
16902470	2147487760
77144114	1073746432
30283670	36865
17411798	1610613248
58315502	4311744513
49607354	1081348
972686	1610613248
624386	1610612992
47007902	1140883456
43451678	4311744513
18338762	16809985
62020766	67108929
47797166	1610613248
75083798	67112961
10636958	671350784
12672974	1085440
14161106	536871170
49044242	2147487746
58359890	4362108928
10978778	1610613248
75740870	1073778688
4522106	557312
62671034	1610613248
38083322	1610613248
16850954	2147487746
57562202	2147487745
52868414	2147553280
63289874	17301568
46279226	561152
71375294	4328554496
19267994	671088644
38323082	1140883456
3024578	1610613248
23492630	1085440
61561334	1107361792
10504442	1085440
4113866	2147520512
1453502	4353
60191786	1610613248
37905770	1073778688
28592390	2147520512
3897758	67141633
69207734	671088768
65514782	1610613248
20523818	536875520
4973114	4295000065
64066178	1610613248
2383382	67141633
63884090	5435817984
33879422	561152
56203994	4311744513
70457078	1610613248
71091794	1174405120
47047106	671092736
79252382	49156
8305778	1610613248
15215402	671088644
44649182	1085440
7076846	671088768
42092498	1610613248
28128422	201326593
58115270	1610612992
73895366	4395630592
51941126	393220
75038762	327681
20136962	1081348
63109406	1610613248
77175542	37120
11992898	36866
62422850	1610613248
1075070	17301568
46645670	33591296
34562738	4362108928
77099726	4328554496
18512750	2147520512
48989162	671092736
317558	1056772
57508742	671088768
59060054	4362108928
60435434	1073778688
53622038	1610612992
68533814	33591296
15203414	1073742337
2171486	134218880
28261586	1085440
17403374	1610613248
142598	327681
60090050	1610613248
72598718	4362108928
73514990	153092096
28383410	67112961
25126562	4295000065
75508562	1610613248
16889510	57344
3841058	2164264960
64142642	36865
28057466	134218753
14323430	36866
70018058	1140850944
2949410	1610613248
62957126	83886081
48392030	4311744513
65765882	1085440
62459462	2147618816
37956638	16809985
4121318	2147520512
1158986	2147520512
59795534	1610613248
30979946	4311777280
33566438	1074823168
59483846	671088768
72827138	671088768
33517190	1610613248
80732414	36865
22913966	1610613248
15786614	83886081
7741046	142610432
71894342	3221229568
29918846	1146880
75659222	35
24976874	1610613248
63937874	4295004160
34788890	671092736
5635694	327696
74799326	1610613248
54162794	1081348
75727586	4295000320
68210138	4102
2792918	4362076161
76126754	1610613248
80216930	1081348
3738674	134283265
12259226	4362108928
31435166	1107312640
1492382	68190208
68705858	1081348
26829506	537919492
2574542	2147745808
59719070	16809986
8282126	1610613248
22949606	2134016
63009938	671088768
17176574	150995072
30949814	32833
49929086	1610613248
24986	8425472
10419554	135184
56726282	32864
32031326	4311744513
77352446	1610613248
2422910	2147484674
14304314	1610613248
46979714	4362076161
34859846	3221229568
46795682	8425472
20745434	4362108928
11103518	83886081
47670482	671088768
46720190	671088768
73642970	1074266113
29524214	25167872
60028166	8425472
31043450	4362076161
75688058	1081348
28303706	1140851200
3588014	17301568
61414238	671088768
54340022	4102
14475710	32833
3114650	1081345
16226930	201326593
34979402	4395630592
53256566	1081348
49312190	135266308
30523106	83886081
72776918	4864
77316158	2147520512
68782646	4311744513
10836218	36865
16780646	1610613248
77174246	1610612992
55655462	671092736
52751450	53248
13688066	67
78363326	671088896
33601106	135266308
71356178	1610613248
78735926	1073778688
15734126	4362076161
61274270	1074823168
11989982	671088896
56628758	57344
59506850	1085440
13021598	1610613248
3276326	1081345
66683126	4311744513
109226	67141633
66181250	2148007938
66678266	1610613248
70655690	36865
3620090	150994945
26202890	1081345
41467178	1030
52943906	671088768
20063090	135184
13176146	40961
71230466	4362108928
38500310	4311744513
2012726	1610613248
24093002	1073774593
55374878	33025
53226110	4311744513
38573858	1140854784
2616662	1610613248
49108070	671092736
34149638	83886081
20111042	1030
68481326	1081345
65743850	2147553280
6073742	134758400
44595398	671092736
36521318	2147520512
24899762	53248
80276222	100696064
63814430	17334272
7322762	2148012032
25836122	1610612992
16511402	98
39905498	4295000065
60963554	163841
78937778	36865
47151434	1073745921
71535674	1610613248
2056790	66576
13755782	2147520512
32134034	1073774593
7509062	36865
4783574	1085440
69183434	1610612992
73239914	8425472
29577998	4362092544
58984886	2147520512
4355894	4311744513
110198	134250497
18668594	150994945
41677454	2147520512
74800622	16809985
57403766	37376
39916514	32802
47234378	4294971393
19725482	1610613248
770186	67112961
6082166	1074008064
49677662	1140883456
6455414	1073745921
58970954	98
38401490	36865
979166	17301568
10458110	4864
32640770	1073745921
69504194	1610613248
5487302	4295004160
19753022	17301568
70738958	2147520512
2424206	2147516418
1473266	36866
1744130	2214596608
55036622	1075839040
47659790	671088768
54059762	37376
77583782	1073750528
1857530	3221229568
20890910	1085440
74359982	8392705
61077278	2181070848
53540714	671088644
31636694	1610613248
39887030	67141633
58241954	36865
33369446	331776
67604258	1073778688
5949002	1610613248
13003778	561152
24806450	1081345
80380550	36865
53394914	1610613248
43262138	1141112832
22065086	1610613248
5223566	2147520512
4447586	2147487760
33084002	1610613248
40339982	150994945
11235710	671092736
3134738	1610612992
70550714	4295000065
30399662	1610613248
64595594	4311744513
4193570	67109124
52452074	800
54727850	2147520512
35550290	1610613248
22408202	1074823168
12318842	4311744513
62931854	1610613248
2933858	167936
23717486	67108960
22630142	150994945
955838	2101504
26112170	2147520512
65197586	1610613248
10993682	2147520512
283862	37376
34143482	671088768
77215394	1074823168
25718834	67141633
30896354	36865
80817302	1081348
64766666	1073778688
69816854	4311744513
80964398	1073746432
33679514	671088768
53858558	1085440
40067498	1085440
23146274	67141633
27011270	150995072
8833250	2164264960
4775150	1610613248
70532894	1140883456
44055938	671088768
1526726	36866
18957278	2147520512
32740886	1610613248
61917410	1610613248
74530730	32833
14297510	1610612992
61943006	1610613248
80341994	1073778688
52923818	2147520512
30520514	69
694370	134254592
77253626	1610613248
57223298	17301568
48415358	671088768
2301410	671092736
36063830	4311744513
72872822	2147520512
17436098	67141633
16899878	2147553280
19424486	285245440
61714262	134217864
17465906	1081348
319826	2147520512
31632482	1610613248
26570954	1610613248
11362718	1610613248
56799830	671088768
80331950	360448
30492002	1610613248
40541834	2147487760
60153230	2148007952
51481694	36865
64410266	4295000065
8682914	4362108928
71186402	36865
35670818	1610613248
55873514	561152
146486	40961
8014178	536870917
58483982	1074823168
55324982	1081348
44409098	1081348
30689642	16777219
26107634	1610613248
25541282	4102
31024658	2147483682
18876278	2164264960
44090282	1073778688
6608990	100696064
13650806	4362076161
67924370	53248
40819502	671088644
32629430	4294967361
47140742	1610613248
55944146	331776
21488366	167936
22067678	4295000065
52033466	2101504
59509118	1610612992
1529966	16777250
31699550	2148012032
9569702	2147520512
3641474	16842768
37669898	4362108928
59505878	1073745921
1365050	2148012032
36762374	671088768
52915718	2147487745
56673794	36866
13631366	201326593
37849394	4362108928
8460326	2147520512
51476510	53248
52074614	2147520512
33786434	4311744513
28178642	1074823168
25437602	2164264960
37200422	36865
66344870	8425472
66756026	1610613248
27142490	16777282
55197002	16912384
51871142	2147549186
38726138	3221229568
27828398	4295000320
39446390	1610613248
52574870	1610613248
80943014	671088768
51601574	37120
69530762	1610613248
62762726	1610613248
47719406	1073778688
38024354	1081348
9109298	2147618816
62252750	135299072
39040742	16781314
54315074	8392706
72841070	4311744513
49259378	1610613248
50020130	2147487746
23880458	1610613248
57326330	671088768
43375214	16781313
43376186	4295004160
26560586	2147520512
71615378	66564
28003034	528448
30965366	36865
49926818	4362108928
19960706	2147483728
24116330	201326593
30654326	1085440
64119962	1610613248
21432638	135299072
8749334	97
39270134	4295000065
78463766	1073775104
23263562	40961
47123246	1073778688
419294	1610613248
80567498	2181038082
45639650	17858560
41297078	4362076224
64715150	1073778688
14711258	1610612992
1211474	134218756
412166	1610613248
14136158	2148012032
78611834	1610612992
22764602	1610613248
72446114	2147520512
34259474	37120
33925430	327696
63612254	1610613248
17746166	36865
42049082	671088768
2931914	1610612992
62044094	4295000065
55846622	321
2511362	528386
8090966	134250497
18581438	671088768
37857818	4362108928
33291362	2147516418
23623850	671088644
73926470	2147520512
49287890	671088768
67212542	1074823168
52017914	33587201
56936234	1073745921
80113898	4294971393
72810614	67371009
68581118	32834
63413318	36865
44690330	1081348
42476114	37376
31545002	4130
31934126	1610612992
71559974	150995072
489602	36865
51274658	36865
36314282	4295524352
58016126	1085440
16047434	150994945
51705902	1074823168
18439850	1610613248
8916194	2147487746
13034558	1610613248
2558666	69
36617870	5435817984
42507218	4130
4349738	167936
22623338	2148012032
33023414	4328783872
39338822	1081345
5620142	1610613248
21732338	16809985
80417810	135680
37490402	557120
43221638	36880
65043686	24580
22207646	1610613248
5763026	2148012032
52517522	1073778688
63783002	50331649
21998342	150994945
30304082	150994945
25862042	671088768
31384622	32773
75142766	4295004160
32043314	36865
24701150	1610613248
25060790	4362108928
42701618	1081348
37630046	4162
23007602	1610612992
9108002	1610613248
7836626	150994945
31188278	67141633
69529142	2148012032
27284726	20512
1842626	1073872897
1500806	16781313
63555878	1081348
37181630	68608
70587002	671088768
20354690	4328554496
51451562	4295524352
4458278	1610613248
14290058	4362076161
59337722	2147553280
76151702	1140883456
70075730	4295491648
78362354	32833
27163226	3221229568
44417198	83886081
62637662	1610613248
63258446	100696064
56782010	37120
65660906	3221229568
43238810	4362338304
20761958	671088896
25645934	1610613248
27569198	150995072
1901270	2147520512
55490546	83918848
76141334	37120
69404078	1085440
68426894	167936
1354358	1610613248
69087206	2147520512
46698806	1081345
54429122	1081348
44367302	4099
4719422	134217793
24421538	8392705
21235646	134217733
1115894	1610612992
25757066	1610613248
66336770	1081348
13369250	67109121
51907430	2148007938
37007642	536903936
58444778	67239937
53810282	83886081
12998	133122
29782766	4295000320
59086622	4362108928
4635830	1610613248
50495438	1610612740
6484898	1085440
40112534	4362108928
63458030	1610613248
55702766	83918848
44548742	671088768
18060770	2147749888
76992158	671088768
77820950	671088644
78424886	1073766400
57402146	2147520512
6197186	1074823168
64376570	1085440
33418694	671088644
915014	2147487746
6264902	2147553280
22501838	671088644
1998470	36865
46325882	1610613248
28211042	2147520512
2083034	36866
15787586	83886081
16201010	4311744513
1256510	134250497
35706458	671089152
2407682	36866
45128702	67141633
25227650	4311744513
1749638	4295000576
26213582	32833
70787882	671088641
74278010	524548
55820702	2121728
74050238	1140883456
78205862	135266308
7683050	134254592
37668926	671088768
19949042	2147520512
66144962	100663360
33473774	201326593
2982458	24580
12174338	671088644
67409858	4311744513
31820402	70
42001130	4295000065
62588414	1085440
20667350	57344
33887846	36866
4406438	1081348
36655130	4295000065
8629130	3221229568
46634330	671088768
52064246	4362108928
55227782	1610612992
20756450	1610612992
49103858	1610613248
12616598	671088768
9313742	1610613248
43989842	37376
27011594	150995072
11618030	1610613248
4367558	1073778688
44301854	1610613248
62153606	1074823168
6564602	1073745921
42874310	4362076161
940610	134217857
57924434	4295004160
62415722	2147488256
30076634	4362076161
2268362	1610613248
13260386	167936
19368110	57344
67046654	1610613248
40374002	32802
927974	1074823168
67957094	1073741860
28928378	97
67499930	2147553280
56699714	32802
20851706	1610613248
59177342	32833
69623426	1610613248
10881578	1610612992
70701374	83886081
62135786	1098907648
39676754	2147487746
65890298	671088768
13646	1081348
17971022	16777282
75316106	1610613248
18173198	150995072
21966266	67633216
40859354	1114116
396614	1610613248
29619794	16781313
56521838	1074823168
5017178	83886081
34591898	4311744513
23546414	134283265
15500198	4294971393
6958586	150994945
6209174	1610612992
24972338	67141664
43136426	671088768
70376078	1073745921
69911138	1610613248
21272906	1610613248
732278	67141633
26235614	6442455040
44328746	4099
52708358	2147520512
18499466	1085440
47336762	1610613248
28813358	67141633
10924346	1085440
5330810	671088768
19811990	1073745921
60496022	36865
70264946	1610613248
58018070	2147520512
52946498	36865
144542	4295000065
7536602	1085440
54475778	671088768
70249394	4362108928
30777770	83886081
52060682	37120
19885214	32833
49371482	1610613248
465626	1056772
68456378	1081348
36020738	2147488000
70128218	671088768
52941962	3221291008
32519270	1073778688
25633946	1610613248
6696794	83886081
5491190	2148012032
20847818	4395630592
11529254	1085440
65348246	1074008064
43159754	3221229568
52198382	2147745808
44178734	1073778688
67949966	1073741890
12269594	36928
66664658	1073778688
3103634	2147749888
63620030	1610613248
12990170	134283265
73950122	70
75445382	83918848
38873882	4130
36505442	7
72020378	36865
5312018	1074270208
70592510	671088768
58772018	2147524608
31413134	800
39668006	67108929
68141126	671088768
67290302	8425472
5838194	83886081
50899790	1073774593
8835518	4295000320
52209398	1081345
38570942	1140883456
77512502	36865
3343718	1610612992
25129154	2147487760
38602694	67112962
26800346	141312
357410	83886081
45326018	1610613248
15848174	1085440
64435862	1115136
76431638	1140883456
14549582	671088644
11745686	1610613248
19150706	2147488256
44882462	1073778688
33683078	83886081
25946930	36866
1677062	1610612992
54614126	134254592
33967874	150994945
37193294	1081345
57791594	37120
52798754	1085440
32744126	2281705472
40454678	2147520512
73277822	16814080
55629542	1107329024
2203238	4362108928
4962098	36865
71607278	1073778688
1121726	4102
2821754	1085440
26045750	83886081
53624954	1610613248
70983902	134217860
16535054	134545408
14860946	1610612992
17337278	3221356544
38231714	1073774656
256322	1610612992
67644434	671088768
26606594	1610613248
16762826	4102
36084242	1073778688
23210102	671088768
81410222	671088768
73675046	671088768
37339742	200
61782626	201326593
76751750	4362076161
1135334	6442483712
41839130	36865
56774882	5368741888
23518874	150994945
5681054	57344
46626878	36928
7561550	671088896
13803734	2147520512
54640694	36865
49408742	8425472
63430166	83886081
52324742	1073778688
43631822	37376
59723282	1074823168
19600742	16781313
57053846	671088644
17715386	4362076161
37107434	83918848
38238518	1074823168
48279602	671088768
5255966	1610613248
32549726	4328554496
2746262	1610613248
19168850	150994945
29350550	32802
12907550	671088641
32704922	2148012032
63550046	2147520512
4412594	4362080256
77382578	83886081
68077622	4362076161
33030866	32833
66544130	1610613248
40261574	1140883456
23271662	135184
326306	1610612992
79521302	5435817984
3444158	4102
53625278	4362080256
39249074	196610
27386138	8437760
42353966	2147488256
7058378	4362108928
44592482	16809985
26941934	1610613248
33896270	32864
36111458	4295000065
66006938	1073762304
70921370	1610613248
60475286	67141633
44152166	603980032
55930862	2147520512
60632102	1073745921
34013882	1140883456
64845074	67141633
71984414	1610613248
46518014	16783360
14719682	57344
35120342	1081348
47324126	671088768
8642090	2147520512
1768754	1610613248
60925646	4130
8312582	36865
29029790	38
13734398	671088768
40835702	67141633
23928086	1085440
70783994	36865
59325410	2148007952
59320226	4311744513
59905694	4311744513
2958158	16781314
75695186	4311744513
52865498	671088768
58205018	135299072
43109210	67141633
37847774	671088768
78815954	4311744513
61482602	1081345
23412926	1610612992
58991690	37376
9662690	1090519041
23314430	36880
6055598	36865
52506506	5368713216
17324642	671092736
24861854	36865
57397610	1610613248
63712694	1610613248
74636030	16809986
30110978	4106
57720962	1610613248
51079934	32802
47478674	1610613248
71404454	1140850689
58949246	4311744513
78955274	1085440
2962694	1073778688
22675178	2147487760
6263282	4295004160
24585482	561152
59793590	37376
27237422	201326593
53310674	1081348
32783330	32802
4541546	1610612992
58843622	2147553280
2438786	1610613248
64273538	37376
65566946	1073778688
49973150	1610613248
59302406	1610613248
27074774	67108929
10021034	2147520512
44082830	1610613248
41413070	67375104
25002470	1610613248
4697066	4099
51533210	1146880
49175462	4106
17836562	1610613248
35728166	1610613248
67365470	800
80583050	3221229568
1665722	1610612992
81236882	1073778688
76306898	4362108928
36800282	4311744513
3519326	266241
10329158	2148007940
81303302	4362080256
16029614	1610612992
79077746	2147487745
838874	1610613248
51704606	3221356544
61263902	671092736
31687886	5435817984
72214130	4311744513
639614	8392706
30137546	1081346
28623170	1610612992
41792474	1085440
63779762	83918848
53666102	524322
78696074	4328554496
68385746	1610613248
10111106	553648384
34954778	1610612992
3800234	5435817984
46655066	32834
45689546	1090535424
1565930	3221229568
13755134	150994945
59756006	16809985
26901758	57344
2891090	2147520512
34532606	4311744513
30050714	8437760
20452214	1610613248
8208902	67125249
38233982	37376
26852510	2147520512
42377942	2147520512
10049546	1610612992
15263030	8425472
48531026	1081408
63257474	2147520512
41282498	1074266176
14069414	150994945
28885286	1610613248
39690362	1610613248
40154654	134217734
16717466	36865
66404486	1610613248
68975426	2147487760
37352054	196610
4095074	671088644
49101914	1074823168
13246778	67
50334410	2147487745
58164194	671092736
50432582	4362108928
70076378	17301568
75932030	1085440
2177966	1081345
38594	135299072
66259334	3221356544
57267686	1610613248
54950114	37376
33365882	37376
54740486	2147487745
47801702	671088768
27200486	1073778688
31907234	36896
15397166	1610612992
38969462	4362108928
53027174	67112961
57598490	1610612992
52450130	98
33050954	4311744513
49091222	1073778688
19519742	150994945
66101870	1610613248
64753706	4311744513
55096886	1073873408
24809042	37376
38518454	5435817984
68490398	3221229568
81596198	1074823168
65447390	524322
23407742	36865
12354482	671088641
22490498	671088644
22459070	671088644
66779030	1610613248
64753382	36865
24479534	1212416
23043890	2148012032
59731058	2147520512
40429406	1610613248
1574354	1610613248
18910622	2147520512
55499942	4296048640
31455578	57344
31178882	800
62883254	671088768
76566098	4129
16143014	4362108928
51073130	36866
47916074	671088768
72511238	135680
64115426	17301568
25501430	1610613248
59644226	1081348
869978	1610613248
36549182	4311744513
25967666	4106
14485430	1074020352
5623382	150994945
27628814	671350784
1597682	524802
39180710	5402263552
96590	4226
64293950	67141633
23411306	4295524352
46719542	2147520512
7068746	2147487745
21281654	1610612992
30222110	2148012032
7780574	4362076161
12932822	1610612992
34923674	4099
38859950	1074823168
41237786	67141633
12621782	671088768
39015794	16814080
15272102	1610613248
72951878	4295004160
66380510	150994945
41518046	16809985
5482118	16777282
40533734	671088768
66317006	528386
12884870	671088641
8118830	671088644
6417506	1610613248
1220870	1085440
11023490	65570
19075862	33824
37704890	1610613248
4704518	100663297
80008922	3221229568
27022934	150995072
39070226	4311744513
22275362	561152
21605654	135299072
3183662	4311744513
76355498	327696
63624242	1610613248
2259614	36865
2381438	1073745922
10083242	4362076161
32342690	4362108928
20421434	4294971393
12490238	2147520512
39101978	1081345
24030470	2147520512
66224990	4295000320
80352362	5368741888
29352494	4311744513
10541054	4130
17258870	83886081
45523334	2214592514
65627858	134218753
4070774	276824576
3934694	1610613248
13127546	83886081
57260234	671088768
49066598	32802
45537914	1610613248
48885158	1610613248
19964270	32833
77726990	1082163200
70272074	1085440
42679262	32802
43406642	1074823168
61009562	1140883456
37417178	4311744513
59586554	1140883456
48790550	57344
60607802	4106
66389906	36865
62730650	1610613248
27404282	67141634
78292370	33652736
79183694	1073741830
1085438	4294971394
3659618	1081345
43266674	1610613248
63644330	1610612992
51491414	2148012032
25962482	1610612992
30016694	1073778688
54142382	2147487746
79932782	1082163200
37906094	16781313
73725914	4295004160
57847322	2134016
71820146	3221229568
27514442	36865
3727982	1610613248
49066274	1610613248
47099918	16809985
45550874	36865
72799922	1081348
66378566	67109380
33216194	2147520512
52492574	671088768
11614466	2148012032
13621970	2147553280
21147518	16809985
2781254	4295000065
30641042	2134016
78776102	2148012032
1420778	1073778688
45054830	36865
50978198	32833
54164414	1610613248
56872082	671088768
61813730	671088768
1484606	1115136
41586734	1610613248
13192346	2147487746
14796146	671088768
56194274	2147549185
33281966	1081348
38351594	1081348
45026966	8392736
73323182	2148007952
52526	8425472
30872054	2129921
79819706	1073778688
30508202	75497473
58094858	1610613248
3489518	2147520512
66990602	67108897
36414074	150994945
12021086	4362108928
17844662	2147520512
17684930	139280
66406106	8392706
51518306	1082163200
7570298	561152
43524902	1610612992
6010238	1610613248
54080174	1610613248
57845378	2147520512
81321122	1081348
26772482	1610613248
79879970	2147487746
4365938	327696
55081334	1610613248
42898610	1081348
76892690	101711872
48241370	36866
5446802	1610613248
68578202	36865
24779234	4362076161
60643766	36865
67737422	1081348
57624410	4362338304
67962602	671088768
52484474	1610613248
1135658	134254592
7133546	1073778688
52128398	1610613248
1025822	17301568
1332326	4296048640
64590734	36865
25337162	4362092544
44947262	1149239296
25865606	201326593
17645726	671092736
80443406	536907776
49500758	32802
1011566	1610613248
53022638	3221356544
51337514	1610613248
8233526	67141633
19279982	36865
74983358	1610613248
25974470	1085440
24722534	2148012032
50022074	1610613248
41919806	671092736
70321322	1610613248
16708718	4102
62449418	1073774593
35965658	2147487760
63274646	4395630592
30984482	4311744513
50694374	36865
64139078	17301568
40635794	1610612992
1306406	1610613248
42610574	1610612992
73637462	1074270208
63609338	67108929
68669246	1085440
49099322	2147520512
7731650	4362076161
70267538	4130
3261422	1610613248
44647238	1081345
15031370	75497473
54161498	1610612992
23387006	1610613248
80977034	671088644
45282278	671092736
38911466	2147520512
51688082	671088768
335054	135266432
32946302	49664
31415726	800
79683950	1610612992
8503742	2147520512
63662798	1085440
57389834	36865
35703218	800
42855518	2147520512
80482934	36865
38257634	4353
23688650	83886081
6505958	2129921
7359374	1073745921
79178834	2147487760
54430094	671088644
26087546	1048582
796106	1610613248
3910070	7
17102378	1610613248
66186434	1610612992
43571558	1073766400
47765738	1081348
78303062	1081345
47722970	1081345
35719418	2147520512
53998850	1081348
66398006	36865
57060326	1090519041
57723230	1049604
49727882	536903684
16477706	135266308
25021262	2117632
19829162	150994945
73456994	16912384
80929406	1048582
47652014	1610612992
259238	67112961
39362150	268435588
52814954	67141633
73674398	4864
64275806	1073774593
40843802	1610613248
26777342	36865
36381998	5435817984
2871002	1610613248
39262358	4362108928
58683566	36865
35368850	1610613248
48313622	163856
33174074	2147487746
49884374	1085440
1697150	2147483682
67341170	1610613248
35310206	671092736
53716970	1073778688
61480658	37120
64638038	150995072
57947438	2147520512
20267534	1107296512
61825394	1610613248
20429210	1146880
4449854	1610612740
81078770	1610613248
28978598	671092736
8676434	4362076161
9048062	150994945
63000542	3221225474
12464966	1610613248
40807190	4295004160
38305910	1610612992
22799270	2148012032
41275694	36865
61895378	2147487746
1152830	16781313
17434154	1610613248
50973338	1610613248
61683482	67108929
46563374	536871680
5949974	2147520512
51144734	28672
13726298	1146880
20750618	1610613248
3303866	1081345
21313730	16809986
6447962	1073745921
19856378	150994945
62949350	1610612992
29964530	671088768
18175466	36865
49374398	67141633
36918866	4311744513
56902214	1610613248
50445218	53248
30250622	67141634
55830098	671088768
42143366	1610612992
5261798	2148012032
53965478	67112961
42158270	1140883456
75126566	2147487760
44244830	3221229568
80196842	1085440
8402006	1610613248
8101982	1081348
44576606	671088768
37419446	786496
23822138	1073778688
12949994	537919492
52097618	1610613248
4351034	67141633
7742342	1610613248
2226566	1610613248
54919982	2147520512
46798922	1610613248
40414178	37376
60817754	1610613248
3700766	8425472
61595354	1073778688
51883130	1610612992
8815754	36866
60512222	3221356544
10026866	67108960
81452666	8425472
68963114	1610613248
30035162	4099
15976154	167936
41286710	671092736
46474598	1085440
42659174	1090551808
30959534	57344
80156018	36880
1482662	1610613248
25615802	201326593
17424758	8421377
21028934	4395630592
36336962	1081348
78757958	4311744513
63758378	134479876
39043658	1073778688
66405134	1081345
68793662	53248
23538314	2147520512
34597730	134250497
39364418	671088768
45263810	150994945
34010966	36865
65929502	4311744513
5681702	1610613248
40826630	671092736
60309074	561152
72405614	5368709121
62938334	557120
53488226	1610613248
57060650	2147520512
51609674	1610613248
23701610	1610613248
55257914	8425472
21881054	134217857
22639538	75497473
5103038	67141633
33162734	4295000065
37379594	196610
24730310	24580
76696022	4362076161
35964686	2281705472
20470034	32834
1809902	134225921
31707002	4311744513
41587382	28672
6609962	67133440
58660886	671088768
18687386	3221229568
55756874	134254592
1342370	8425472
75319346	1073774593
76740734	4311744513
51738950	6442455040
11973458	35
45406694	8425472
78251870	3221229568
69874850	33591296
16162778	1610612992
5271194	1085440
78328010	671088768
35902154	1073745921
178238	1048582
61359482	1085440
18303446	671088768
47291078	2147520512
414434	1610613248
69104702	53248
66710990	1081345
4370474	67109889
56680274	2147549186
5110490	2621504
16020218	671088768
79208642	5368713216
61936202	671092736
28733006	32864
78640022	16814080
4315394	4129
64226234	561152
3857258	1610613248
25921658	1081348
63282422	36866
19133858	37376
33825314	4295000320
46718894	1074008064
32665718	1107296257
12435158	671092736
23944610	36865
17534270	4362108928
11741150	32833
75619046	3221229568
859934	4362076161
20329418	1610613248
18798518	83886081
39377054	7516192768
11276210	6442451008
31882610	67141633
1063406	536903936
21342890	4362076161
4610882	2147520512
36620138	1074823168
58506338	1610613248
59877830	671088768
72245234	1610613248
22738034	36865
64431326	4362108928
2528210	134250500
4107386	1085440
59605670	33882112
54816950	4362108928
37859114	671088644
57332810	671088768
22780478	1610613248
56964746	2147745793
63666038	1081856
70692626	671088644
26579054	1610613248
29175914	1610613248
8641766	4295000068
49529270	1085440
697286	67113024
20882486	37120
69105674	671088896
68386718	17301568
39353078	671088768
48602306	4311744513
67427678	167936
73965350	75530240
9001082	45056
18333902	32802
67195046	1081345
47538938	1085440
31029842	2147520512
24750722	24580
78549626	1073774593
76109906	1107329024
16363982	3221229568
50711222	1073745921
16939730	671092736
3518678	4295491648
5315582	2147520512
40069442	67108932
52281974	32833
19229762	134283265
55617878	1081348
67172366	1610613248
81589718	8388642
60251402	536903936
32288906	1610612992
66189350	16809985
38204174	36865
52713866	2147487746
64029890	1610613248
35449202	1610613248
16467662	135266308
441002	1610612992
38208710	1085440
76467602	1610613248
19543718	1610612992
14688254	1610613248
78247982	1610612992
33453362	4362076161
61352354	1610613248
23243150	671088768
18861050	1074823168
9094070	134217985
39007370	4362076161
12900098	1085440
38937710	36865
78023450	4395630592
32867246	1074823168
33125798	1610612992
51328118	1610613248
28146242	1610612992
23447594	3221229568
61516946	2147524608
36046334	671088644
29459414	4311744513
7983074	135184
48161018	561152
44013818	1610613248
73053290	1073766400
52825322	2147487745
8068934	4130
79697234	4295000320
52049990	4295000320
52767002	5368709121
8125958	1610613248
39959606	1085440
69665546	1610613248
23656898	671088644
42535406	1610613248
15846878	1085440
33421286	671088768
26723558	2147520512
67149038	1610612992
36186302	150995072
73036766	67141633
60966794	557120
14193830	4362141696
9231446	16814080
41438342	671088768
61266494	36865
6788162	16809985
41949614	524353
40765394	1610613248
2486414	2147520512
10451630	24577
32008322	36865
44835806	45056
31056734	150994945
5683970	1085440
61556474	1074823168
59628998	4099
33239198	4362108928
81361946	34607104
69335714	4311744513
58962854	1610613248
54595010	1610613248
43295834	2148007952
34447070	3221229568
22045970	671088641
67921778	17301568
58345634	1610613248
4124558	69648
19450406	1610613248
52730066	3221356544
62486354	671088768
124130	67141633
52664294	1073745921
32788838	557120
39232550	1610612992
14348378	17334272
76958786	4226
49809206	4311744513
49466090	1610612992
49153754	1610613248
416054	1610613248
25291478	1610612992
29381978	1081345
54047126	4353
1356950	2147487760
49610918	4362076161
67526822	4362108928
12428354	1081348
31120886	1073778688
18909326	4429185025
77607110	83886081
14852522	4311744513
53439950	1610612992
56750906	4295102464
63563330	2147520512
79728662	4362108928
78149810	1073746432
48854702	2621444
28431362	5435817984
11026730	1610612992
5810654	201326593
5006810	1610613248
22899710	2147520512
4507850	17301568
52306274	3221229568
60456494	4295000065
10913978	8392736
77754206	1610613248
49890530	1610612992
43950962	1610612992
47924822	524354
24812282	67375104
41738366	4362076161
4696094	1610613248
11845154	4295065600
22038194	1074823168
52660406	266496
73760258	1081345
11187434	1081348
51250682	36865
11375030	327681
3137654	1081345
7894622	4362108928
63499178	1610613248
73948826	4362108928
56078606	37120
16661414	1081345
21311462	4295229441
81427718	2147520512
43822658	2147520512
1052390	1085440
61951430	2147520512
73866206	1610612992
970418	67141633
19017866	150994945
15661550	2147520512
68229254	18874369
3674522	1610612992
29605862	1085440
52433606	1090519041
44932682	67145728
55509338	1085440
38626670	2147520512
5545622	2147520512
77426642	67
62283530	1073778688
79113386	37120
23284298	150995072
46178462	1107329024
24973634	1610613248
80485202	38912
35944922	65793
44288570	4099
3022958	4130
38791262	37376
49371158	1610613248
2676278	1085440
5689802	24580
22044998	137216
39079622	4362108928
7152014	1085440
50661326	16814080
8425334	17301568
45647102	1610612992
36226802	1610612992
44366330	671088768
2321498	137216
50909510	53248
11823122	1610613248
58525778	2818572288
5396258	557057
24735494	1085440
18655958	150994945
78520466	671088768
48567962	671121408
46876358	1082163200
31129634	1081348
76986002	5435817984
13067282	53248
57091106	1610612992
58178450	1610613248
657110	3221229568
6018014	16809985
66153710	1610613248
6308318	134217733
35804630	1073872897
20911322	28672
73171550	2248146944
8515406	65539
15593510	3221229568
50704418	1081348
50449430	671088768
68349458	528386
79498946	1610612992
61200074	2147520512
29332406	17301568
42405806	36866
37977374	1081348
1960886	134217794
75291158	102400
30844190	33536
49616102	2148012032
9163730	134254592
17707934	134250497
30815354	671092736
77419190	83918848
617582	2148663296
33706406	2147520512
27630758	83886081
66267758	2147516418
4097990	36865
38688878	37120
57983402	1140883456
50117330	32802
2616986	2147487745
77657654	16777984
59580074	67133440
28678574	2147749888
26541470	1610612992
25793678	16781313
61108706	16912384
49727234	2147487746
43374890	1610612992
18224714	83886081
57174698	28672
34220594	2147520512
62529770	36865
2025362	2147520512
44753834	1085440
50070026	75497473
206426	1610612992
20185238	1610613248
80435306	2147520512
53387138	1081348
21916046	16809985
7840190	36865
6903830	16912384
76411874	53248
34974218	1610612992
81325334	16801792
9171830	1610613248
65058914	76
57408626	536872964
29203454	1610613248
61003082	4102
36377786	4295000065
1489466	1610613248
71824682	536903936
78793598	36865
66089234	2147520512
52630274	1085440
9274214	1610613248
69319514	16809985
7967198	2147520512
54706790	1610613248
33636098	1090519041
30505934	4226
59098610	3221229568
2226890	1610613248
15611006	8421377
57139058	4295000320
40645514	671088768
48697238	1085440
54867494	17301568
8658614	561152
9436214	57344
29714726	1610613248
59098934	1610613248
12854738	671088644
40002050	536870946
5550806	83886081
74172386	37376
5652866	2147618816
6857174	524548
1459658	1610613248
38437778	37376
10884494	83918848
33291686	36866
71613758	1081348
48636326	4303388672
64048358	1085440
27668666	671088768
44328098	32833
66159866	536875520
13439882	1050628
74229086	1085440
13457702	671088644
43877738	2082
5945762	32802
25252598	36865
51301550	1073746176
2567414	671088768
73301474	32833
45690194	4311744513
49892150	75497473
35882390	1081348
26571602	37376
64605962	5435817984
32275946	4362108928
29424746	671088641
63826742	1610612992
74900090	1610613248
46649882	3221229568
19650314	299008
63984530	32833
7280966	2147520512
9625430	524353
17891318	1081345
1427906	2147487746
33478958	2214625280
36419258	1610613248
47812070	671092736
52839578	536875520
68239946	4362108928
1690670	4362076161
70716602	1610613248
78592718	1610613248
32403278	16809985
29982350	5435817984
76271258	67141633
50350610	4102
6385754	1085440
57476342	1610613248
71307578	83886081
70045598	4311744513
14901446	671088768
17609114	1073778688
6284990	36866
11800442	671088768
663914	1610613248
42478382	671088768
64396982	5368709121
7191866	561152
37697438	268568576
23690	16812032
19828514	2147520512
22133450	671088768
72985574	134254592
39236114	1610613248
80001146	1610612992
80737922	1610612992
25083794	1610613248
25808582	150995072
49502054	196610
64224290	1610612992
57258614	4362076224
48872522	67112961
10278290	2148012032
39149930	557120
1374770	2147483714
69141314	3221229568
30805310	671088768
45198038	1610612992
53955110	1073778688
3666098	671088768
64193186	83886081
16330286	1081348
41473010	3221229568
40441718	37120
5463650	16809985
81129962	1140883456
47569718	1081348
13957634	1610613248
75160910	1081348
41552714	2147520512
1666370	67108869
6086378	57344
59715182	1610613248
29414054	1610612992
24898790	4296048640
61639742	4311744513
78064598	532544
50891366	786433
63504362	2147647488
55697906	2147483666
11312498	167936
22954466	1081345
70429538	1610613248
36385238	1610613248
20948582	1610613248
35806250	2147488256
71675642	2147618816
879698	2147520512
68149874	4311744513
78122	1610613248
25754798	36866
12905606	671088768
53732198	36865
1734734	65541
33884930	671092736
28099586	75497473
60654458	1073741830
54009542	83886081
7005566	671088768
11831870	1610613248
32847482	83918848
4834766	1610613248
43529438	33849344
10507682	4353
19648694	16777250
77592854	5368713216
43815206	4130
24035654	1610613248
58859822	2148007952
26152670	2147553280
15062474	134217860
19254386	1085440
16921910	67633216
73939754	100696064
32263310	1074282496
41022974	1610612992
61662746	3221356544
48816470	2148073472
73530218	37120
34032350	4295000065
67667762	2621504
72383582	16809985
32928158	36866
47565830	67141633
11355914	67141633
32081870	2147520512
69192830	1610613248
25501106	1081348
26149106	1048836
51905162	1610613248
37351406	196610
19034066	1073778688
22774970	1074270208
63568514	1610613248
72013250	201326624
31525238	1610613248
43020758	671088768
53016806	671088768
7310126	1085440
21264806	1140850689
35450822	2147520512
46411742	83918848
77367026	1081348
2211986	2134016
76185074	1610612992
34737050	671092736
12665846	671088644
10317494	360448
76770866	33587456
74070002	1140883456
53588990	67112961
7847318	2148012032
17834942	4311744513
66011798	1610613248
49369214	135266308
20096138	577
69205466	1081856
45428078	1085440
51253598	4395630592
42454406	1610613248
10015850	16809985
72367382	24580
13410074	67141633
65161946	524353
39590246	4362076161
15676130	1610613248
62105654	2147520512
6199130	2147520512
62845022	1610613248
43929254	37376
58821914	2147524608
45583274	671088768
5633102	67141633
68315114	57344
39746090	1081348
32975786	4295000065
32684186	1610613248
46408178	2147553280
80855534	1073778688
23051342	1610613248
66087614	1610613248
24978494	24577
39202094	1073778688
65258822	1610613248
45599150	2147520512
2351630	36865
76642238	4311744513
27823538	16779520
13086074	1610613248
18508214	1085440
38503874	1073778688
61852610	16781313
70527386	671088768
22272770	4362108928
10852418	1090519041
66196478	671088768
63018362	67
40695086	1610613248
41610710	1610613248
71245046	3221229568
45460802	150994945
8332346	1081348
65047898	2148073472
80266502	4362108928
52421618	37120
21934838	4311744513
78573278	1141374976
13846178	1610613248
20256518	2684358656
60994658	1610613248
42756050	1610613248
6047822	2148012032
78299822	5435817984
12308798	671088896
75228950	3221229568
73889858	1081345
54304706	150994945
54871058	37120
31291310	4362108928
16289462	1610613248
46615862	4311744513
55662266	1081345
33538574	4362108928
45357446	671092736
28075934	1610612992
12245618	1610613248
5141594	32833
75394838	536907776
78802346	2134016
12146474	40961
24241718	36866
408278	4362108928
23392838	2164264960
22629818	36896
75509210	1610613248
79616234	1610612992
50350286	134221825
22597094	1085440
32970602	150994945
23816954	1073774593
77474	150995072
9014042	1610613248
32987774	150994945
4352330	4295000576
80221466	36865
58262042	671088644
59868110	201326593
53889986	671088768
19135478	83886081
78000122	1610613248
31445858	1610613248
426422	1610612992
56513738	2147520512
53603246	1073746176
79307786	135184
39162242	16809985
74915642	2147520512
24891338	53248
1421750	1081348
56790758	671088768
53737706	83918848
49590506	1610613248
77376746	1610612992
12722222	2147520512
288074	1081348
30428822	4295294976
34033322	671092736
17022350	1085440
16386662	36865
44233166	33536
58595114	134283265
17056370	2129921
42080834	671088644
21245366	1085440
40273886	1073774593
12810026	4295000065
33189302	137216
25783634	5368741888
81109226	37376
19328582	16809985
64764074	1610613248
16701590	67141633
31487330	17301568
41425382	1610613248
52456286	2181070848
74853110	1610613248
31283210	32833
41176226	2147487760
25821542	1085440
38709290	16912384
13262006	1610612992
65980370	16781313
2680490	4362076161
2603054	4311744513
60534578	1610612992
60727034	671088644
73803350	1207961600
71341598	24580
13863350	67158016
2637398	134250497
24641534	1081348
60834926	57344
253082	36865
71582978	1073778688
8365394	2147520512
51336218	5435817984
57544706	2147484674
51040406	1610613248
794162	1610612992
35108030	36865
50258918	1610613248
31959074	2147520512
9255098	36865
38728082	67112962
37915814	65554
17703074	671088768
33983102	36865
11744066	17301568
16855166	67141633
8523182	37376
61052654	2147483682
74846306	671088768
60520322	1074270208
60908474	4311744513
71300774	2363392
37539326	2147520512
28405118	4311744513
69745898	1610613248
20879246	671088768
55460414	524353
43475654	2148012032
54823430	1610613248
47529866	1610613248
35339366	1073774593
75429506	4362108928
50338298	1610613248
43614650	2134016
80712326	2147520512
77791142	117440512
26569010	32802
617906	1085440
26866766	32802
72804458	1081348
52301414	67141633
80704874	2147520512
57517166	1074823168
1459010	268502016
5483090	2148012032
10825202	67141633
68140478	1610613248
69323078	4362076161
69015602	28672
34269194	1610612992
15188834	1074823168
43382342	671088644
8470046	1610613248
51068270	2147581952
28138790	163841
61052978	32833
33358430	1081348
68835134	1073778688
78172166	1073746432
7789970	1610612740
47020538	671088768
78482882	1073742592
24642506	2147520512
39685826	2147520512
39624914	69648
62372954	37120
68503034	36865
67525526	135266308
80550650	32773
81194762	36865
52562558	67141633
43937030	2147520512
26681762	37376
54188390	1073746176
60758786	1048610
30825722	1074823168
44611274	671088768
61232150	4362076161
189254	2147520512
79774994	4362080256
4079522	4295004160
23924846	35
63542594	800
59142026	1610613248
33184766	800
6589226	1610613248
80352686	150994945
25441490	1174405120
35134922	671092736
43593266	1610613248
54731090	67112961
74301338	2147520512
54298874	134283265
736814	2147520512
25483610	32802
68850038	4311744513
47570042	67108867
33992822	1610613248
30231182	1610612992
15167774	36865
26356790	53248
36811946	37376
46811234	536903684
28236962	36865
19594910	2147520512
61578506	4362108928
74681066	1074823168
76742354	1073745921
28589798	1081348
79962266	2147520512
84278	8400896
10824230	4329570304
135470	67141633
80504966	327681
72306146	2147487760
21447866	66564
17611382	1610612992
79981706	1073746176
27455798	4395630592
51008330	36865
24524894	671088641
30752498	1610613248
74078426	36866
18712658	134250497
23521142	524293
55153262	331776
75634598	1610613248
10115642	17334272
26797754	1081348
38235278	1082163200
43997942	1073778688
72138314	1081345
36206390	671088768
25127534	1610613248
47025722	1610613248
28831178	1074270208
74850518	53248
1657622	4311744513
36219350	671088768
47759582	528385
66242486	4102
2248598	524354
39482030	167936
36502526	67141696
37392230	671088768
33890762	671088768
3521918	4429185028
65343710	67141696
69333446	1074823168
60908798	16912384
20192690	4295004160
24832046	4362108928
49509182	1074266624
50766950	4362108928
1945982	16809985
17458778	1610613248
17617862	90112
15872798	57344
47152082	1081345
15680666	1610612992
64881686	1610613248
68542238	671088768
42306014	1610613248
57670094	1081348
37560710	671092736
59879774	1085440
43558922	32840
40679858	4130
12171746	36866
66590462	36865
19338302	1610612992
56555858	1082163200
62770826	1610612992
15825170	8425472
61800770	201326593
29571518	1350565888
32239658	8425472
62836274	1146880
81371666	577
74978498	37376
52797782	1073745921
75332630	2147520512
28199702	32864
29479826	2147520512
65585090	671088768
10117586	4311744513
15925286	4362108928
62479226	1085440
51063410	36865
16487426	134217733
6748310	67141633
41572478	67141696
80322230	1610613248
24087494	65570
48060902	671088644
63933986	2148073472
5553398	8392705
26908886	2147487745
41528090	1610613248
48255302	1610613248
79393970	5435817984
42241214	671088768
72597098	36896
57346418	671088768
3119186	1610613248
30512738	83886081
43186322	67141633
26755634	671088644
286454	135266308
69405698	1074270208
7305266	6146
36187274	4311744513
10516430	1074270208
47269370	524354
41350862	2147520512
11519858	67145728
42897962	3221356544
496406	36865
68925854	3221229568
43836266	1610613248
81259562	36866
48626930	1610613248
37380566	196610
63169346	2147811328
69223610	1610613248
18014762	1610613248
41414042	3221229568
25758686	37376
9280046	4311744513
3815462	2147520512
12160406	4328554496
885206	671088896
74023346	1610613248
6743774	67141633
62089778	2147487760
27591878	1610612992
43450058	1610612992
23788442	1610613248
31520054	1085440
74213858	1073778688
20215370	83918848
26184746	4311744513
70490450	671088644
37650458	1610612992
24559562	2147495936
4645226	4429185025
43074218	671088768
11776466	36865
65198882	2147553280
12863810	671088644
48499598	1610613248
39167102	4311744513
2884286	1610612992
75039410	671088768
37110350	4610
50198330	2701131776
32844890	1081345
80167034	1081348
7211954	1140850689
1957322	57344
8222834	1610613248
61256450	150995072
8046578	134217858
4300166	1610613248
34197266	537919492
20220554	1074823168
58204694	1610613248
3313586	2684358656
3892574	67108867
10993358	1085440
71301422	5368713216
25653710	196610
37630370	2147581952
3382922	2701131776
15754862	671088644
30040022	24832
12709262	36865
33334130	8425472
38082350	1085440
41568266	4295000065
36426710	8392736
57461762	201326593
15711446	1610613248
21910862	67108930
4071098	2155876352
1519598	4362108928
32539358	36865
76893338	1610612992
12715094	16809985
31984346	4295004160
63561062	1610612992
73043894	16809985
77490146	1074790404
31010402	1610613248
70487534	1074823168
70559138	1081348
53591582	1610613248
961346	134217733
27949250	3221229568
14923802	70
16623830	2147553280
66232766	2147520512
356438	167936
75018350	1081345
38499014	196610
6503690	2101504
30850022	671088644
81462386	2147487746
34517378	4295000065
26596874	4295000065
39753866	1074823168
38468234	66576
39747062	800
38043470	671088768
27680978	83886081
52140062	1073745921
43111154	37376
36261146	1081345
40377890	1107329024
47950418	1073778688
60512870	671092736
28925462	324
69600422	67141696
48753614	16842768
17932142	1073745921
47449838	327696
43581926	4362076161
32620034	1610613248
46611002	1610612992
77637566	671088768
80565878	671088768
74107910	2147520512
44366654	2097217
43427054	671088768
59606318	98305
51575006	37376
6638474	4362108928
63115562	1610613248
28258346	4362108928
22291886	2147520512
80469974	1610613248
38178254	4362108928
14999294	1610613248
16974074	1082130688
3670634	32833
63434702	327696
45507458	1081345
39170342	2147520512
20107154	4295000320
38145854	671088768
10279586	1610613248
36630182	1073778688
45233354	1610613248
56912582	2147487760
36879986	671088644
19457534	2147520512
59788730	1610613248
32295386	36865
68787506	1073746432
28554158	2147495936
64503902	83886081
74308466	1081348
2243738	1610613248
40043198	4362076161
80137550	4294971456
38511650	1610613248
21660410	577
56295038	671088644
15782402	53248
50047670	1610613248
56718830	4099
16702238	32833
25613534	1146880
28187390	1140883456
76714814	40961
15424382	524354
24097214	67112962
79890338	1610613248
12000998	1085440
61596650	1610612992
10387478	2147520512
1601570	522
68480030	67145728
31507094	134479873
16372406	4362108928
13104542	57344
64532090	1610613248
63718526	8425472
66334178	83918848
4432682	1610613248
28366238	1610613248
1362458	524354
36782462	37376
42293702	36865
32839058	327681
7562846	1610613248
14155598	262
58843946	671088644
15858542	4102
8235794	577
29020718	1074823168
77879594	671088768
67048274	1073905664
54638102	28672
25777802	201326593
46323938	67141633
31194434	67112961
76677554	2147520512
2327330	671088644
66123578	4295004160
32875670	1610613248
66443366	8421408
72942158	671092736
46493390	1610612992
3458414	1610612992
47643590	4311744513
25885370	1610613248
52896602	2147520512
4645550	2148012032
61463162	2146304
5978486	1074823168
74447138	2147520512
26120918	4311744513
11155682	17334272
41302910	57344
11084402	1075839040
74133182	67141633
70735070	33793
35254802	17039361
30356570	8392705
7505498	201326593
39190106	16781313
30251270	1082130433
26300090	4328587264
47500706	3221356544
4701602	1082134528
31131578	4362076161
53354090	1610613248
3249434	1610613248
75877598	1610613248
42675374	2147553280
46226738	36865
19201898	20512
28791974	4311744513
58762622	1610613248
25338458	67109121
34114970	524354
1266230	2147520512
75112958	83886081
57652598	1610613248
17785370	83918848
67901366	1610613248
34897430	4395630592
26592338	1610613248
79368050	1081348
40899530	2147553280
1679006	1610613248
62107598	3221229568
26359382	32771
34184306	4311744513
7220054	1610613248
37778114	1610613248
42238946	2147495936
44215994	671088768
74367758	4362108928
34347602	4295000320
49507886	135266308
73745030	1610612992
1751258	2147520512
68277206	36866
67589678	33587201
37314794	1081348
74334062	1085440
9192890	4102
65754542	557120
39965114	150995072
77294774	135266308
60532310	36866
20775242	331776
1545842	4226
34649894	16809985
47447570	1610612992
20499194	5368709121
22462958	1085440
39050786	57344
9777710	1610613248
28290746	4295004160
81261182	2147520512
18190370	671088768
765326	150994945
31396286	800
1438274	1610613248
28731062	1610613248
17576066	1081345
69335390	37376
46576658	4295004160
19857026	150994945
70956038	134217860
5119562	67108929
17138018	1090519041
74556002	32833
5997926	561152
46762634	4106
55837874	1073742084
5446478	83886081
79495058	4102
51633326	4311744513
32078306	36865
41192102	33591296
20067950	24577
32338154	4328521729
16301774	1073775104
69635090	4294971393
37114886	671088768
43545314	1074823168
29112734	1610612992
23601818	4294971393
52430690	1082163200
3809306	1610613248
636050	36896
19127054	1073750528
9890462	4295000065
11300186	1073778688
55835930	1610613248
58465514	1183744
48891962	83918848
50987270	5435817984
52311782	1073745921
38392742	671092736
2253134	1081345
39473930	36865
2487062	67141633
49862018	4099
79589018	3221229568
24712166	524608
18897986	1085440
62818454	4362108928
56628110	1140854784
35685722	5435817984
62525882	2147749888
33645494	4130
7815566	528386
75048158	37376
55871570	671092736
51196250	1073746432
64585226	1081348
5065130	6146
23489390	1073938432
40362014	2147520512
12821366	67141633
18238970	36866
34637582	1140850689
27575354	671088896
18105806	327696
64490942	17301568
57951650	20481
37740854	4362108928
60901346	2147483666
28370126	4311744513
37481978	32834
74658062	327681
65810	4362076161
201566	66050
20462258	4311744513
14276126	4295004160
34262714	2147487746
45211646	1610613248
12693386	20481
56538686	2147553280
6867542	1085440
31779902	36866
53502806	67142144
67283498	32773
81699230	1081345
38994410	1107329024
14880062	1081856
27415946	67
26485418	1610613248
20584730	4311744513
51839714	1610613248
23287538	671088768
1610318	8425472
1522190	1082163200
22874438	1073905664
66809810	1073774593
79230350	1610613248
1659890	1610612992
78280058	1610613248
10180442	16809985
58416590	327696
59170538	1074823168
10306478	1085440
79354442	5385486336
6439214	2147520512
8875046	36865
112790	134250497
65197262	331776
39495314	1610613248
13275938	4311744513
43300046	671088768
5750714	67145728
8422418	134217888
31823966	2134016
46437986	536903936
55481150	1610613248
53492762	1610612992
77177162	2147483682
69045734	67141696
42621590	17334272
7913414	393217
28914122	671088641
44200442	2147520512
3041750	57344
26764706	671088896
34240034	1610613248
29894870	2147520512
41176550	1048836
58018394	1610613248
56323550	2147520512
16030262	1073774596
67261790	1174405120
71610518	33587456
50488634	4362076161
62821694	4226
8138	1610613248
57873242	36866
8225102	1610613248
61236686	1610612992
31879370	16781313
80495894	2147520512
45706718	1074823168
70116230	4311744513
37716554	1610613248
35614766	1610613248
80717186	1074008064
67092014	671088768
52288778	1610613248
61402898	36865
68775194	4362108928
49297610	1610613248
24225194	1073774593
12648674	2147520512
41706938	36865
24576734	2147520512
72429266	4295000320
22537478	561152
47960786	671092736
81358706	2147520512
68825090	16809986
11002754	1073745921
80991290	1081345
57213254	17301568
17858918	1085440
33153662	201326593
14359394	2147520512
11784566	4311744513
65711774	537919492
14949074	1058
18819902	16809985
12144854	1610613248
35039990	2147618816
31407302	800
67521638	1073774593
22193390	671088644
37252262	1140883456
10637282	1610612992
3662210	327681
3796022	1610612992
56192330	671088768
37379918	196610
45538562	4362076161
23251250	1610613248
51457718	36865
65781434	16814080
65819018	1610613248
36528770	36865
36443882	2147520512
37532198	1074270208
43043762	2147778560
69115718	671088768
1237718	1115136
53540066	671088644
78129398	53248
38220050	36865
63907418	1610613248
6021578	150994945
17538482	67109632
33982454	1610613248
58572758	24580
21494198	37120
6782978	201326593
79168142	36865
63267842	1085440
11763830	137216
56440190	2147487745
29175266	1610613248
31690802	2147487760
43436450	2148007938
41222882	1610612992
38402786	1610613248
39251342	2147520512
1835174	671088768
80272334	1610612992
37305722	327681
137090	134250497
57836954	671088644
27140222	5368741888
1553942	16777732
12853766	1610613248
21248282	1085440
29172998	4162
33249242	37376
6793346	16809985
58416914	1610613248
52334138	32802
46754534	1610613248
68781026	4294971393
76450430	33344
50843738	17301568
78481586	2164264960
42956930	2147520512
42344570	67141633
14849930	83886081
27254	83886081
43128650	2147520512
69954230	4311744513
56405198	2147487746
57340262	671088768
39742202	671088768
69463370	1081348
45623450	4362108928
38648702	196610
57206774	671088768
55033706	687865856
68688038	2101504
49343618	4295000320
18900254	1081348
53316830	553648132
81178562	671088768
65765558	1081348
77751614	1081348
36174314	4362076161
68965706	4362076161
41615246	671088768
62083946	67108929
4207826	137216
78379850	67112962
67440314	1073746432
1968338	134742017
77867606	28672
8307722	134254592
10585442	83918848
91406	134250497
75938834	1073808384
43117958	167936
31218086	1140883456
6450230	1610612992
45360038	2181070848
19695674	671088644
44788502	1073766400
431606	1610612992
10403030	528386
2215226	1610612992
12011690	4362076161
23097026	1610613248
27982946	4362076161
39247130	1081856
68880818	2147520512
30160550	2148007952
58133738	1610613248
34510574	5435817984
38129006	4362092544
129962	67141633
44353694	2214596608
62789294	557568
47798138	1140883456
45467282	1610612992
4432034	1610613248
58911014	2148012032
47544770	37120
57921842	1610613248
52376906	1085440
5228426	4295000128
51396158	2147487746
22612646	16781313
31120562	2147520512
34381298	1081348
14207762	4295000065
26024690	2148007952
67602314	33587201
80353010	150995072
431282	2147487746
61424930	561152
40344194	1085440
61927130	1610613248
41026862	1610612992
65173610	37120
25274630	32802
15722786	1610613248
53552054	5368741888
43328882	4362076224
77817386	1085440
36317522	1610612992
54545762	2147487745
40129058	1610613248
66465398	150994945
30001142	1610612992
12856034	1085440
13333934	1081348
49668266	1610613248
68906090	1074823168
63139214	800
348014	1085440
75931706	24580
29090054	2147549186
51447350	1073778688
79143518	2147520512
46814474	1610613248
7984046	4311744513
204482	671088644
11821826	1610613248
67478870	36865
19338950	4362076161
58803122	2147524608
71141366	1074823168
67866050	1085440
21685358	65554
54636158	671088768
1377362	134254592
1922654	2147516418
1872758	671088768
14293622	671088768
40780298	4362076161
29073854	36865
19901090	150994945
54203618	5435817984
12642194	2625536
75441170	536870918
53837498	2147520512
12891998	671088768
74851166	557120
6602186	36865
36915302	1081348
24406310	150995072
34022954	4295000065
7886846	2155905024
77854970	35
54452126	1081348
66440774	536871680
48904922	2625536
19980470	327696
11921294	2147483682
29991422	4295000576
42005990	671092736
64065530	2181070848
4333214	2147520512
62598134	4295262208
56787518	1610612992
19330526	1610613248
38991494	2147520512
15874094	2148007952
1962830	1085440
5844350	671088768
35634854	1610613248
55341506	1081345
51898034	83918848
29490194	200
1429202	557120
17099138	67141633
62837894	1610612992
74702450	671088768
27986186	201326593
41166182	17301568
16664330	1610613248
78621554	800
13468718	67108929
38340578	671088768
335702	16809985
63817994	74
17520662	28672
18905438	1074008064
59051954	37120
77530322	98320
68790422	2147520512
18699698	83886081
80167358	1073746432
37442126	1074003969
49546118	1074266114
1256186	1610613248
42116150	16809986
37066286	37376
19947746	4130
62268950	1610613248
5215142	134217734
70236110	671088641
8109758	1073778688
50590370	1081345
21455318	4311744513
36190190	36865
75131426	1073778688
32061782	4296048640
50395646	163841
81583562	4106
42044222	557120
52014674	1081345
66823418	1610613248
8116886	1085440
10967438	36865
80074370	3221356544
70636574	1610613248
14633822	1085440
27693938	1610613248
59102498	1081348
16051646	1610613248
40248614	1610613248
3098774	167936
34906502	4311744513
32833874	331776
18065306	16777250
1219574	50
5975246	1610613248
53764274	135299072
69036338	1610612992
57247598	1610612992
77437982	1074266176
4837682	1073778688
58944710	134217731
36066746	1074270208
41787614	3221229568
3486926	98305
62198642	6442483712
22319102	16809985
26037002	524322
448130	671088768
11682182	134479873
39679346	4295004160
38652590	16809986
56432090	83918848
8970302	561152
23919662	150994945
36791534	1081348
40349702	16781313
13706210	83886081
15968054	36865
79866038	2147778560
63701030	671088641
53499242	671088644
42749894	671088768
20692946	4362108928
63006050	1074823168
67257254	1082134528
77979386	1073746432
13617758	2147618816
39285038	4295000065
8751278	2101504
68844854	1074270208
56071154	528386
23932622	1085440
19059338	1610613248
64117370	201326593
54651062	1610613248
53240366	536872964
63275942	67141633
270902	36866
5465918	1610613248
6271706	36865
18016058	4311744513
48417950	4296048640
54266474	36865
75993266	66064
10837514	1073745921
12752678	1610613248
51012218	16781314
53951222	16781344
10408862	17301568
68269106	28672
10689446	37376
42611870	36880
68233790	1085440
75622286	525344
41745170	1074823168
35623190	1610613248
41336930	17301568
21821762	16809985
43606226	671088768
23215610	16809985
45281630	671088768
63759350	134218753
1522838	57344
2602730	1610613248
45681770	1085440
1746398	671092736
12080054	16809985
18094790	2147520512
46535834	671092736
20979686	16809985
34009670	1610613248
35191298	1081345
2010782	32833
27951518	1610612992
33755654	1107296257
39316466	1081348
4678922	36865
9239870	2147488256
32091914	4295000320
53818058	1082138624
73673426	1073745921
40182842	2147520512
5771126	2101249
15738662	83886081
69693086	4362076161
38692118	1081348
16292702	1085440
80871734	1610612992
14520746	553650176
75848438	1610613248
29210582	1074823168
15551390	8425472
31857986	671092736
2193194	4362108928
44976422	671088768
41822606	1107329024
42104162	1610613248
79812902	3221229568
72035282	35
11972162	4294967361
43901390	36865
43106618	36866
76395350	16912384
18626150	150994945
10806086	1610613248
56861714	2147520512
56686430	671088768
39720170	671088768
437762	671088768
31421882	1610612992
59627054	536872964
45597854	1073746176
80359166	1610613248
57542762	1073778688
36515810	1074823168
72634682	2147520512
68150198	3221229568
71732342	4311744513
15948938	2147487746
27804422	201326593
38473094	2147487760
68204630	4378853376
26761790	16912384
28226594	1610613248
21381446	101711872
17949962	40961
81343154	2147618816
31499318	67145728
20080910	1146880
37557470	2147549185
45214238	135170
12107594	671088644
49928114	83886081
30293066	4362076161
54317018	1073778688
44182946	671088768
66150470	1610613248
64533386	671088768
39385154	16777282
68700026	671088644
69094658	73
3112058	4395630592
40369466	4311744513
11573318	134250497
30312182	1081348
3305810	40961
27619418	671088644
6978026	1610613248
61608638	1610613248
971390	2134016
66728810	1610613248
38198990	1610613248
58109762	1085440
54208478	36866
61921298	1085440
43413122	32802
58299302	1610613248
2824346	1085440
57437462	1085440
37768394	1081348
26952626	557120
45170498	1610613248
989858	2147483666
23157938	1610612992
519086	1610613248
37724006	1610613248
3354734	4295000576
61733378	1610613248
14448170	1610612992
60412754	1081345
32022578	1140850689
77176190	1610613248
75255194	2147553280
44080886	2147549185
40346462	2147520512
8716934	1081348
36176258	1610612992
29875106	32802
5577698	2147520512
44705234	1074298880
47719730	36896
23549654	75497473
4761542	1610613248
16444010	4362076161
2274194	1081348
45017570	1610613248
39614546	1610613248
17462018	24580
79184666	2147520512
19176950	4102
47729774	2147520512
11679266	536903936
5247542	57344
19647398	1610612992
21072674	201326593
71794874	2147520512
38624078	4362076161
27014834	201326593
67598102	33587201
2438462	1610612992
56650142	1081345
36795422	4311744513
53523866	1074823168
526214	134250500
60006782	2155876352
39522530	36865
53220602	1073872900
17257250	2147749888
2679518	1610613248
33290390	134283265
38318870	327696
52869710	1074823168
58843298	32833
52820462	8425472
49796570	1610613248
74816498	150994945
58199510	2164260880
15897746	577
11494910	1610613248
9056162	2147487746
42884354	67141633
31256966	4395630592
78044510	134217860
1032302	327696
27019370	150995072
24751046	1074823168
41068658	1073746432
9184790	167936
30822482	3221229568
71614406	17301568
53679710	4311744513
12444554	671092736
18998102	2147520512
51629438	4362108928
23852594	1610613248
32496266	1610612992
59544110	1073778688
57328598	1140854784
24477590	67141633
16290758	1085440
80382170	1610612992
33333482	2147520512
15145094	24640
30018314	1081348
79493762	36865
40913786	2147520512
5687210	2148012032
80052986	1081348
654518	2147520512
5638286	83886081
23616074	37376
63049142	1610613248
62064506	4610
21210374	2248146944
77823866	32833
67121174	1610612992
14135510	36865
71653934	1610613248
18804674	134217762
37900586	2147520512
58556558	2181070848
107930	150994945
17150654	1140883456
12777950	1610613248
32262338	536871680
27161930	1081348
45257654	671088768
35473826	3221229568
61896350	67108929
73425566	53248
26869682	141312
7499990	65793
7297490	1081348
63181982	1073745921
23620610	36866
78915746	4311744513
38385290	2147487746
49657574	1610613248
71376590	524354
36928910	16814080
7144562	1081348
15752918	1610612992
44661494	16814080
34877018	4311744513
37216622	1610613248
48014570	1074823168
75421730	4311744513
50522006	17301568
70252958	1610613248
78034142	1610613248
13761290	536870918
57152990	522
15091958	1610613248
19387874	36880
49788146	1610613248
56135630	1085440
37182602	1610612992
27489494	17303552
49330982	4353
54493274	16777221
22191770	67158016
23309246	67108867
25195898	16781313
75552950	557568
75573038	3221229568
26329574	36865
65519318	524353
40978262	671088768
43920506	4362108928
74532026	196610
31920518	1081348
71109614	1073778688
8009642	8437760
54056522	2147520512
38780894	671088768
78389894	2134016
37053650	4295000065
47190962	671088768
64234982	4362108928
73636166	36865
77565962	1048612
23612834	2147520512
76820114	167936
73400294	671088768
45477650	671088768
4671146	1074823168
43352534	37120
68037770	4362108928
55769186	1610612992
63986150	16777219
54687998	2147520512
56861066	1610613248
40593350	1610613248
13273346	2148012032
5413430	1085440
9010802	2147520512
37539650	1610613248
1693586	36896
10253666	36865
44629742	2147487745
65877338	2147520512
2694422	1085440
52212962	671092736
69811994	67141633
45507134	1610613248
71793578	4311777280
72532298	5435817984
66277802	1073745924
78835394	6509559808
26341562	1073746176
32325842	36880
56165762	1073774593
12451034	671092736
78941666	4395630592
15786290	1610613248
37325162	134217864
25286294	4294971393
65139914	83918848
31789298	1610613248
24437738	1350565888
41226122	2147553280
29474318	1610612992
11328374	1610613248
11389934	37120
3255590	4099
2564498	134217733
37421714	16908290
76360358	36865
57335726	1073762304
35731730	2129921
68555846	671088768
52644206	671088768
5659022	1610612992
31383650	800
44153138	671088768
2297198	2147520512
39585710	37376
55430606	36866
38325350	36928
396938	1082134528
8901290	4311744513
55590986	1610613248
12539810	671088768
7850234	67141633
67075490	36865
36525854	36865
12976886	5368741888
3959966	1610613248
50372642	2164264960
22150622	671088644
1120754	75501568
3700442	1073778688
42297590	36865
79264370	4328554496
78873950	5368741888
22087442	67141633
1441514	70
54664346	4130
48425078	1610613248
37367606	196610
28729442	3221229568
43391738	1610612992
468866	3221229568
127370	67141633
4904102	1081345
9119018	557120
32033594	536907776
45039278	2147520512
36186626	1115136
18155378	1610613248
37351730	196610
651278	524322
14618	1610612992
2676926	150994945
28311158	1073774593
73039682	1610612992
55730954	67141633
4104794	37376
76419002	1610613248
37464158	53248
35462810	671088768
2224946	1058
27763274	1140883456
76398266	36880
45319538	1610612992
79706954	2189426688
68726594	1610613248
55896842	1610613248
81647066	1610613248
39230606	36896
40143638	537133060
1750934	538972160
76997990	36865
28969850	671088641
8466482	32833
44626502	36865
53212826	4102
58710134	671088768
75945638	34635776
65954774	37376
25055930	73732
15342734	1610612992
73494902	1085440
54926138	1074823168
52831478	16781314
69061934	1081348
27123698	2147520512
4105118	4362108928
788006	4362108928
29510606	4130
43143554	53248
2015642	1610613248
40381454	1074270208
42094442	1610613248
14453678	2180
23560670	4362076161
79119218	37376
47959814	1610613248
70768766	2147520512
22014866	671088644
43614002	1610612992
40066202	2101250
67530710	83918848
10906526	1610613248
35830226	2147520512
3563066	134218753
55038566	37120
73449542	4295004160
2058734	57344
48061226	1082163200
4517570	68608
19767278	57344
52822406	671088644
63553610	1610613248
49595042	36865
28367534	1081348
18641054	4295000065
20301554	37376
28095698	4429185028
27829046	4295000320
23286890	2147520512
46583138	25167872
7490	135299072
28268390	36866
32368610	327696
22328498	672137216
28695746	1081600
61999058	1610613248
81132230	36865
38205146	1081348
51550706	16814080
1509878	1610613248
60038534	1610612992
21426158	2148012032
37281422	671088768
60898430	4296048640
55419266	1081348
3298682	3221229568
59416454	2147520512
71719706	2147520512
25826726	5368741888
46802486	4362076161
75256490	1085440
56180990	1610613248
6994550	1212416
20197550	36865
35209118	83918848
52100210	4362108928
41835566	671088896
4339694	1610613248
39289574	4294967299
24244634	1090519041
40242458	4295000065
37792694	671088644
12776330	1074823168
9442370	4311744513
46307414	1610613248
8164190	1610613248
73317026	327681
61534442	32833
52499702	17301568
52370750	40961
66798470	1610612992
48039194	4311744513
61666310	32833
635402	4311744513
12871262	1610612992
20183294	4130
47571662	1610612992
69054806	1073746432
82658	1082134528
1093214	1073746176
31410218	800
70124006	1140883456
49752830	1085440
30825398	557120
66564218	16809985
80286266	3221229568
38853146	4295000065
62627942	671088644
28379846	201326593
79568606	4311744513
945794	16814080
62193458	4362076161
35573618	4395630592
32820590	4311744513
69670406	2147487746
11589842	1074823168
24477266	2147487760
31087838	1610613248
7624730	36865
28895006	3221225488
9630614	134250497
37267490	4295000065
43690790	8388641
59790674	8392960
46214750	135266308
2588150	1610612992
44761934	67141633
23237318	671088768
15900662	83886081
52946174	524864
76373966	1074823168
63542	2336
40600154	36865
37831250	37120
31356434	1146880
24393674	1610613248
5812598	83886081
67145150	4311744513
8035886	135266308
683030	1081345
32062106	57344
44197526	671088768
24364190	1610613248
73965998	4311744513
3762650	671088768
3438974	2147520512
67324646	2147520512
52081742	1610613248
11612522	36865
68205278	1081345
8365718	3221229568
80364026	1610613248
74547902	2147520512
9805574	1610613248
41190482	20481
3722474	196610
13171934	40961
71117714	1610613248
45215858	16781313
45379154	201326593
40030886	671088896
41166830	1610613248
48731906	1610613248
3820322	4102
27099398	671088644
33976946	32834
68179682	150994945
70486238	1085440
71788070	2147520512
66690902	2147487746
51105530	1107329024
14684366	1610612992
685298	1610613248
3108494	561152
8840378	1049604
71715818	4362108928
27942770	528448
19047350	3221229568
22313594	3221229568
25365026	2147483682
1475210	4102
22889342	1073778688
79031090	1073745921
47212022	196610
57228158	671088768
25514714	4362108928
1005410	1610613248
32438918	671088768
38985014	8392705
45205814	1610612992
35030918	671088768
70967054	36865
47619614	1610613248
29413082	36865
577730	4362108928
32702006	671092736
43424462	1082163200
62406650	2147520512
12456866	671092736
73769978	36865
46678394	1610613248
51213422	32802
528806	1610613248
44224742	671088768
4676978	36866
23610566	1174405120
1000874	2147520512
47526950	671088768
30871406	1073874944
19345754	2147520512
41378402	4362076161
27576650	671088768
157502	4295000065
15581846	1081345
26172434	6509559808
78794570	1610613248
27369614	671088644
21667214	150994945
46298342	1610612992
52693778	671088644
52707062	67108929
5866058	2147549185
45583922	671088768
47327366	16781313
57730358	36866
42352670	67141633
38886194	36865
63267518	67633216
42174470	37376
64353242	524354
56737946	4328554496
68188106	3221258240
183098	150994945
16152086	17302528
44680610	1074823168
36065126	1082134528
13246130	2818572288
62339258	1081345
5795102	561152
29831042	201326593
25392242	32774
68853602	150994945
14941622	1073745921
45586838	4362076161
39839726	33281
8409782	1081348
57269630	671088768
39341090	135266308
45074	327696
69959090	17334272
50519414	671088644
23422646	1610613248
81719642	1610613248
12118286	561152
58421126	1610613248
52840226	1610612992
626654	36896
30221462	201326593
64318898	1085440
8759702	16785409
20195606	201326593
48254978	1610613248
50933810	2147553280
53663186	4362076161
1128854	1610613248
27986834	36865
59074310	5435817984
53627222	36865
48967778	1073774593
70082210	2147520512
66686042	2147520512
24185990	6442455040
78451454	1074823168
35786162	1610613248
7326002	1610613248
36744554	671088768
34394258	8392736
2536634	2166358016
3929834	16810496
40111238	1610613248
36082946	1074823168
56521514	36865
47794250	53248
19062902	524354
18446330	1610613248
13177118	16809985
63551018	200704
15375134	4311744513
45539210	18874432
36797042	671088768
10250426	2147811328
25073102	37376
43228766	671088768
27816086	16779520
609482	4294967361
31786058	1610613248
74689166	1610613248
16473170	38
69938030	1610613248
22022966	2147520512
48849842	1081345
26839226	671088768
929918	16809985
17020730	32833
4612502	1610613248
48727694	4303388672
53920442	36865
24728042	2147487746
27202106	561152
26549246	1085440
57858338	1610613248
57582290	36865
22916558	2147520512
22535210	36865
16427810	135266308
19177274	67633153
46581518	1610613248
72151274	32834
20924930	33281
13133702	671088644
50011058	671088768
74410526	536872964
24786686	1610613248
722558	1610613248
41242970	67141640
32314826	1610613248
5241062	1610613248
10966466	1610613248
77294450	1610613248
28183502	1610613248
26842790	1610613248
12703106	671088768
50463362	4295131136
37342982	24580
42192938	4311744513
26444270	671088641
5040182	1610612992
63344954	1610613248
969122	671088768
72323966	671088768
12586142	4311744513
76414142	1610613248
66199394	150994945
16000130	67141633
47804294	36865
5376818	196610
23012462	17334272
42194234	67109890
49783610	4362108928
25266206	4362108928
2994122	1610612992
33459518	327696
61214978	33591296
23341970	2621444
5200562	1610613248
69192182	671088768
47463446	4362108928
63607394	67108929
58236122	671088768
51303818	1081348
69774086	1081348
13527686	553648132
12343142	201326593
3386162	2147487760
25605110	1610613248
1056602	524322
47365274	32802
31948706	66564
27307730	1610613248
10390394	1073778688
34601618	17301568
60779522	1610613248
20640134	57344
62619194	1085440
13790126	83918848
1799534	36865
47305334	671088768
20975798	1610612992
14847338	16809986
2296226	4113
4870082	1081348
31466918	671088768
12471122	671088768
50858642	1081348
46192394	1610613248
959078	17301568
7884254	4311744513
17452622	1610612992
629570	1610613248
40475090	2147520512
56608346	2147520512
34009346	134742017
38673326	2147549185
65093258	37376
2397638	1610612992
14599154	2148564992
12823958	1610613248
30170	4362076161
21113822	17334272
5898782	1073774593
59753414	1610613248
40294298	4362076161
79186610	536903936
949358	2147614736
20496926	2625536
64994438	67141633
43064822	1081345
34984586	1610613248
62134490	1074823168
53737058	1610613248
75460610	8421632
17770466	37376
23602142	67141633
24898466	67141633
77327822	1073745921
41548502	1610613248
80016050	36865
16677938	37120
34726358	67141640
3286370	1610613248
52323770	1610612992
71956874	4362108928
55011998	4099
217118	134217734
11936522	16809985
50829158	1610613248
45332822	4311777280
111170	67141633
56648198	16809985
4391534	1610613248
53809310	98
57372014	7
10665470	1610612992
57986642	2147524608
10514486	2147491842
50305898	1073745921
43194746	1085440
72612650	1610613248
33848642	1610613248
1632026	150994945
38498690	294913
6016394	3221229568
39734750	134217734
51343022	671088644
12664226	671088644
13328750	1610613248
45298154	67141633
64729406	4328554496
68029022	537919492
44323886	269488128
80635538	4362108928
15290894	4295000065
4416482	17301568
79011650	1610613248
55588718	4295004160
20488826	134217793
24400478	150995072
48789254	36865
63211790	2164264960
32718854	1610613248
73985114	4311744513
739730	1610613248
11759942	1140850689
1399718	1610613248
27985862	16809985
30507878	75497473
72402698	150994945
77173922	299008
46672238	671092736
75508886	1074823168
5570894	1610613248
15104918	4161
51304790	17301568
34723442	1610613248
20147978	2147520512
49049102	3221356544
21977930	1610613248
36261470	1081345
68170934	70
47553518	2148012032
17321078	1085440
2329922	36865
199298	4295004160
43074542	196610
41717630	4395630592
38840186	1107329024
68445686	65553
6042314	4130
61877558	16781313
18532190	4295000065
9542162	561152
77542634	36865
73469306	1081345
14642894	1610613248
29474966	65553
26219414	603980032
54116462	1073745921
24046670	1610613248
17099786	1140883456
49585646	2148012032
65124362	17301568
17411474	4311744513
29346338	1082134528
6198482	2134016
58414646	4295000065
70994	4295000065
10399790	4294971393
67432214	1082134528
29612666	4099
59392154	3221258240
57622466	8392705
77902274	2147520512
65617490	2147520512
65953154	1610613248
54492302	36865
43212242	1073766400
70758074	1073746432
79231646	2147487745
18853922	4362108928
2266742	67112961
50901086	1073750020
23311190	671088644
39902582	2147520512
60802850	671088768
39328130	1610613248
60487598	2148012032
74454590	1073774593
74695970	57344
38364230	1073746432
35325110	36866
10455194	4362076161
65573426	327681
56677358	671088768
58730870	2147618816
70980014	671088768
81180506	16826368
67217078	4295004160
61423310	1073778688
52632542	5368713216
19979498	4226
66901826	1610612992
39442826	2147520512
69904010	4362076161
25442462	557057
15061178	331776
56980298	1073762304
44509538	671088644
79110470	5435817984
30139490	2621504
81428690	1610613248
42425894	1610613248
1147322	2147520512
18401618	4362108928
14762450	150994945
62212574	1610612740
43655798	1610613248
70572746	16814080
58548782	327681
48696914	687865856
869330	36865
62828498	1610613248
42126842	299008
59634830	37376
478586	327696
12139994	2147520512
12971702	67141633
45619886	36865
38766962	33591296
55308782	2148073472
76212614	1140850689
56105822	36865
19636382	1107329024
3365750	2147520512
6083138	16781313
1990694	67633216
1715618	1089536
65969030	4328554496
27456770	4362076161
42236030	1610613248
70444766	266
1509230	65601
40208114	2147520512
64256042	1073762304
24127670	201326593
77289266	5368741888
50548898	134217733
144218	1610613248
58898054	17334272
50667482	167772161
42501062	137216
75191690	3221749760
53256242	671088644
43087826	671092736
4954322	4362076161
5688830	2147520512
54097994	16814080
19364870	67108870
20030366	1074823168
65076734	1610612992
51303170	2147520512
24429962	67112961
30038402	36865
19021754	150994945
32159954	671088644
58433438	1049092
77896118	2684358656
39123686	4295000065
43072274	1146880
52602086	2147487746
8238710	134250497
80271362	1610613248
76282922	37376
22278926	536871172
11553230	1610613248
69070034	4311744513
36247862	4295000065
56712350	2147520512
54382466	2147520512
65305802	134250497
52220738	67141633
57914390	2129921
143570	4295000128
24983678	1081345
51544226	4353
1153154	83886081
16413230	671088768
15312602	83886081
61005350	100696064
47980226	67108929
49323530	671088768
6138218	67141633
59359754	1081345
9947162	1085440
80340050	3221229568
52550246	1073746048
70599962	671088768
79582862	671088644
38822366	53248
13237706	2134016
20285354	327696
36756866	32833
26736842	2147520512
5818754	1085440
